param,value,seed,frame,time_ns,rmsd
MTDheight,0.05,10,0,0.5000,6.201249
MTDheight,0.05,10,1,1.0000,5.322879
MTDheight,0.05,10,2,1.5000,4.387401
MTDheight,0.05,10,3,2.0000,3.840474
MTDheight,0.05,10,4,2.5000,3.213230
MTDheight,0.05,10,5,3.0000,2.849490
MTDheight,0.05,10,6,3.5000,2.375869
MTDheight,0.05,10,7,4.0000,1.939206
MTDheight,0.05,10,8,4.5000,1.613592
MTDheight,0.05,10,9,5.0000,1.227440
MTDheight,0.05,10,10,5.5000,1.062867
MTDheight,0.05,10,11,6.0000,0.765973
MTDheight,0.05,10,12,6.5000,0.539852
MTDheight,0.05,10,13,7.0000,0.406063
MTDheight,0.05,10,14,7.5000,0.248537
MTDheight,0.05,10,15,8.0000,0.200377
MTDheight,0.05,10,16,8.5000,0.152182
MTDheight,0.05,10,17,9.0000,0.177106
MTDheight,0.05,10,18,9.5000,0.127802
MTDheight,0.05,10,19,10.0000,0.121918
MTDheight,0.05,10,20,10.5000,0.113790
MTDheight,0.05,10,21,11.0000,0.115368
MTDheight,0.05,10,22,11.5000,0.108883
MTDheight,0.05,10,23,12.0000,0.111802
MTDheight,0.05,10,24,12.5000,0.106994
MTDheight,0.05,10,25,13.0000,0.099483
MTDheight,0.05,10,26,13.5000,0.095168
MTDheight,0.05,10,27,14.0000,0.104113
MTDheight,0.05,10,28,14.5000,0.110042
MTDheight,0.05,10,29,15.0000,0.105246
MTDheight,0.05,10,30,15.5000,0.101532
MTDheight,0.05,10,31,16.0000,0.102552
MTDheight,0.05,10,32,16.5000,0.096661
MTDheight,0.05,10,33,17.0000,0.102949
MTDheight,0.05,10,34,17.5000,0.103880
MTDheight,0.05,10,35,18.0000,0.098098
MTDheight,0.05,10,36,18.5000,0.099653
MTDheight,0.05,10,37,19.0000,0.090431
MTDheight,0.05,10,38,19.5000,0.098592
MTDheight,0.05,10,39,20.0000,0.093678
MTDheight,0.05,10,40,20.5000,0.095924
MTDheight,0.05,10,41,21.0000,0.096723
MTDheight,0.05,10,42,21.5000,0.089801
MTDheight,0.05,10,43,22.0000,0.082230
MTDheight,0.05,10,44,22.5000,0.081349
MTDheight,0.05,10,45,23.0000,0.074370
MTDheight,0.05,10,46,23.5000,0.074534
MTDheight,0.05,10,47,24.0000,0.071521
MTDheight,0.05,10,48,24.5000,0.071882
MTDheight,0.05,10,49,25.0000,0.074385
MTDheight,0.05,10,50,25.5000,0.077323
MTDheight,0.05,10,51,26.0000,0.072888
MTDheight,0.05,10,52,26.5000,0.077675
MTDheight,0.05,10,53,27.0000,0.078737
MTDheight,0.05,10,54,27.5000,0.068248
MTDheight,0.05,10,55,28.0000,0.062498
MTDheight,0.05,10,56,28.5000,0.062686
MTDheight,0.05,10,57,29.0000,0.067048
MTDheight,0.05,10,58,29.5000,0.065866
MTDheight,0.05,10,59,30.0000,0.067357
MTDheight,0.05,10,60,30.5000,0.064937
MTDheight,0.05,10,61,31.0000,0.058380
MTDheight,0.05,10,62,31.5000,0.056801
MTDheight,0.05,10,63,32.0000,0.057145
MTDheight,0.05,10,64,32.5000,0.057860
MTDheight,0.05,10,65,33.0000,0.058598
MTDheight,0.05,10,66,33.5000,0.057867
MTDheight,0.05,10,67,34.0000,0.057248
MTDheight,0.05,10,68,34.5000,0.054134
MTDheight,0.05,10,69,35.0000,0.060819
MTDheight,0.05,10,70,35.5000,0.059166
MTDheight,0.05,10,71,36.0000,0.055010
MTDheight,0.05,10,72,36.5000,0.056360
MTDheight,0.05,10,73,37.0000,0.057928
MTDheight,0.05,10,74,37.5000,0.064355
MTDheight,0.05,10,75,38.0000,0.062430
MTDheight,0.05,10,76,38.5000,0.061109
MTDheight,0.05,10,77,39.0000,0.062514
MTDheight,0.05,10,78,39.5000,0.059318
MTDheight,0.05,10,79,40.0000,0.060617
MTDheight,0.05,10,80,40.5000,0.060371
MTDheight,0.05,10,81,41.0000,0.061737
MTDheight,0.05,10,82,41.5000,0.057602
MTDheight,0.05,10,83,42.0000,0.054754
MTDheight,0.05,10,84,42.5000,0.055387
MTDheight,0.05,10,85,43.0000,0.055110
MTDheight,0.05,10,86,43.5000,0.056212
MTDheight,0.05,10,87,44.0000,0.048200
MTDheight,0.05,10,88,44.5000,0.047871
MTDheight,0.05,10,89,45.0000,0.046201
MTDheight,0.05,10,90,45.5000,0.047863
MTDheight,0.05,10,91,46.0000,0.046575
MTDheight,0.05,10,92,46.5000,0.046045
MTDheight,0.05,10,93,47.0000,0.044307
MTDheight,0.05,10,94,47.5000,0.043460
MTDheight,0.05,10,95,48.0000,0.043562
MTDheight,0.05,10,96,48.5000,0.042598
MTDheight,0.05,10,97,49.0000,0.042481
MTDheight,0.05,10,98,49.5000,0.041267
MTDheight,0.05,10,99,50.0000,0.043787
MTDheight,0.05,20,0,0.5000,6.406608
MTDheight,0.05,20,1,1.0000,5.131294
MTDheight,0.05,20,2,1.5000,4.697889
MTDheight,0.05,20,3,2.0000,4.046724
MTDheight,0.05,20,4,2.5000,3.461429
MTDheight,0.05,20,5,3.0000,2.861546
MTDheight,0.05,20,6,3.5000,2.324411
MTDheight,0.05,20,7,4.0000,2.094952
MTDheight,0.05,20,8,4.5000,1.786360
MTDheight,0.05,20,9,5.0000,1.506641
MTDheight,0.05,20,10,5.5000,1.211391
MTDheight,0.05,20,11,6.0000,1.011398
MTDheight,0.05,20,12,6.5000,0.799025
MTDheight,0.05,20,13,7.0000,0.687858
MTDheight,0.05,20,14,7.5000,0.469565
MTDheight,0.05,20,15,8.0000,0.321161
MTDheight,0.05,20,16,8.5000,0.194459
MTDheight,0.05,20,17,9.0000,0.147323
MTDheight,0.05,20,18,9.5000,0.125838
MTDheight,0.05,20,19,10.0000,0.104205
MTDheight,0.05,20,20,10.5000,0.096475
MTDheight,0.05,20,21,11.0000,0.082747
MTDheight,0.05,20,22,11.5000,0.081256
MTDheight,0.05,20,23,12.0000,0.081056
MTDheight,0.05,20,24,12.5000,0.078528
MTDheight,0.05,20,25,13.0000,0.074420
MTDheight,0.05,20,26,13.5000,0.071658
MTDheight,0.05,20,27,14.0000,0.071255
MTDheight,0.05,20,28,14.5000,0.069967
MTDheight,0.05,20,29,15.0000,0.068052
MTDheight,0.05,20,30,15.5000,0.065759
MTDheight,0.05,20,31,16.0000,0.065064
MTDheight,0.05,20,32,16.5000,0.063649
MTDheight,0.05,20,33,17.0000,0.062171
MTDheight,0.05,20,34,17.5000,0.061272
MTDheight,0.05,20,35,18.0000,0.059555
MTDheight,0.05,20,36,18.5000,0.060480
MTDheight,0.05,20,37,19.0000,0.059494
MTDheight,0.05,20,38,19.5000,0.059901
MTDheight,0.05,20,39,20.0000,0.059924
MTDheight,0.05,20,40,20.5000,0.057801
MTDheight,0.05,20,41,21.0000,0.058649
MTDheight,0.05,20,42,21.5000,0.057059
MTDheight,0.05,20,43,22.0000,0.057718
MTDheight,0.05,20,44,22.5000,0.056466
MTDheight,0.05,20,45,23.0000,0.062785
MTDheight,0.05,20,46,23.5000,0.057085
MTDheight,0.05,20,47,24.0000,0.053368
MTDheight,0.05,20,48,24.5000,0.053791
MTDheight,0.05,20,49,25.0000,0.053494
MTDheight,0.05,20,50,25.5000,0.051815
MTDheight,0.05,20,51,26.0000,0.056743
MTDheight,0.05,20,52,26.5000,0.058955
MTDheight,0.05,20,53,27.0000,0.058137
MTDheight,0.05,20,54,27.5000,0.060397
MTDheight,0.05,20,55,28.0000,0.060998
MTDheight,0.05,20,56,28.5000,0.057238
MTDheight,0.05,20,57,29.0000,0.050453
MTDheight,0.05,20,58,29.5000,0.050122
MTDheight,0.05,20,59,30.0000,0.053426
MTDheight,0.05,20,60,30.5000,0.051941
MTDheight,0.05,20,61,31.0000,0.056042
MTDheight,0.05,20,62,31.5000,0.055226
MTDheight,0.05,20,63,32.0000,0.052845
MTDheight,0.05,20,64,32.5000,0.054851
MTDheight,0.05,20,65,33.0000,0.058387
MTDheight,0.05,20,66,33.5000,0.057689
MTDheight,0.05,20,67,34.0000,0.056577
MTDheight,0.05,20,68,34.5000,0.055571
MTDheight,0.05,20,69,35.0000,0.056396
MTDheight,0.05,20,70,35.5000,0.060529
MTDheight,0.05,20,71,36.0000,0.058149
MTDheight,0.05,20,72,36.5000,0.056430
MTDheight,0.05,20,73,37.0000,0.060100
MTDheight,0.05,20,74,37.5000,0.063249
MTDheight,0.05,20,75,38.0000,0.061797
MTDheight,0.05,20,76,38.5000,0.063172
MTDheight,0.05,20,77,39.0000,0.059506
MTDheight,0.05,20,78,39.5000,0.057514
MTDheight,0.05,20,79,40.0000,0.056883
MTDheight,0.05,20,80,40.5000,0.056183
MTDheight,0.05,20,81,41.0000,0.056943
MTDheight,0.05,20,82,41.5000,0.052833
MTDheight,0.05,20,83,42.0000,0.051693
MTDheight,0.05,20,84,42.5000,0.050728
MTDheight,0.05,20,85,43.0000,0.049654
MTDheight,0.05,20,86,43.5000,0.046623
MTDheight,0.05,20,87,44.0000,0.044684
MTDheight,0.05,20,88,44.5000,0.044906
MTDheight,0.05,20,89,45.0000,0.043423
MTDheight,0.05,20,90,45.5000,0.038344
MTDheight,0.05,20,91,46.0000,0.039999
MTDheight,0.05,20,92,46.5000,0.038856
MTDheight,0.05,20,93,47.0000,0.038122
MTDheight,0.05,20,94,47.5000,0.038073
MTDheight,0.05,20,95,48.0000,0.038043
MTDheight,0.05,20,96,48.5000,0.038598
MTDheight,0.05,20,97,49.0000,0.038974
MTDheight,0.05,20,98,49.5000,0.038385
MTDheight,0.05,20,99,50.0000,0.042079
MTDheight,0.05,30,0,0.5000,6.166260
MTDheight,0.05,30,1,1.0000,4.966118
MTDheight,0.05,30,2,1.5000,4.458901
MTDheight,0.05,30,3,2.0000,3.732649
MTDheight,0.05,30,4,2.5000,3.255491
MTDheight,0.05,30,5,3.0000,2.777171
MTDheight,0.05,30,6,3.5000,2.353511
MTDheight,0.05,30,7,4.0000,2.092548
MTDheight,0.05,30,8,4.5000,1.643095
MTDheight,0.05,30,9,5.0000,1.458816
MTDheight,0.05,30,10,5.5000,1.197092
MTDheight,0.05,30,11,6.0000,1.001459
MTDheight,0.05,30,12,6.5000,0.781344
MTDheight,0.05,30,13,7.0000,0.536785
MTDheight,0.05,30,14,7.5000,0.404513
MTDheight,0.05,30,15,8.0000,0.245578
MTDheight,0.05,30,16,8.5000,0.236794
MTDheight,0.05,30,17,9.0000,0.221734
MTDheight,0.05,30,18,9.5000,0.158252
MTDheight,0.05,30,19,10.0000,0.140075
MTDheight,0.05,30,20,10.5000,0.123793
MTDheight,0.05,30,21,11.0000,0.113626
MTDheight,0.05,30,22,11.5000,0.103747
MTDheight,0.05,30,23,12.0000,0.092016
MTDheight,0.05,30,24,12.5000,0.080657
MTDheight,0.05,30,25,13.0000,0.072997
MTDheight,0.05,30,26,13.5000,0.074772
MTDheight,0.05,30,27,14.0000,0.072620
MTDheight,0.05,30,28,14.5000,0.073690
MTDheight,0.05,30,29,15.0000,0.067550
MTDheight,0.05,30,30,15.5000,0.068152
MTDheight,0.05,30,31,16.0000,0.066873
MTDheight,0.05,30,32,16.5000,0.071479
MTDheight,0.05,30,33,17.0000,0.077494
MTDheight,0.05,30,34,17.5000,0.072823
MTDheight,0.05,30,35,18.0000,0.070365
MTDheight,0.05,30,36,18.5000,0.065383
MTDheight,0.05,30,37,19.0000,0.060620
MTDheight,0.05,30,38,19.5000,0.059897
MTDheight,0.05,30,39,20.0000,0.059514
MTDheight,0.05,30,40,20.5000,0.056432
MTDheight,0.05,30,41,21.0000,0.055192
MTDheight,0.05,30,42,21.5000,0.055357
MTDheight,0.05,30,43,22.0000,0.055112
MTDheight,0.05,30,44,22.5000,0.059803
MTDheight,0.05,30,45,23.0000,0.056158
MTDheight,0.05,30,46,23.5000,0.064009
MTDheight,0.05,30,47,24.0000,0.066394
MTDheight,0.05,30,48,24.5000,0.066360
MTDheight,0.05,30,49,25.0000,0.066925
MTDheight,0.05,30,50,25.5000,0.065655
MTDheight,0.05,30,51,26.0000,0.066837
MTDheight,0.05,30,52,26.5000,0.065011
MTDheight,0.05,30,53,27.0000,0.059063
MTDheight,0.05,30,54,27.5000,0.056860
MTDheight,0.05,30,55,28.0000,0.058728
MTDheight,0.05,30,56,28.5000,0.060388
MTDheight,0.05,30,57,29.0000,0.055270
MTDheight,0.05,30,58,29.5000,0.051010
MTDheight,0.05,30,59,30.0000,0.053382
MTDheight,0.05,30,60,30.5000,0.053269
MTDheight,0.05,30,61,31.0000,0.053415
MTDheight,0.05,30,62,31.5000,0.052273
MTDheight,0.05,30,63,32.0000,0.051451
MTDheight,0.05,30,64,32.5000,0.049130
MTDheight,0.05,30,65,33.0000,0.049205
MTDheight,0.05,30,66,33.5000,0.049978
MTDheight,0.05,30,67,34.0000,0.046933
MTDheight,0.05,30,68,34.5000,0.043498
MTDheight,0.05,30,69,35.0000,0.044786
MTDheight,0.05,30,70,35.5000,0.044189
MTDheight,0.05,30,71,36.0000,0.043444
MTDheight,0.05,30,72,36.5000,0.041719
MTDheight,0.05,30,73,37.0000,0.043642
MTDheight,0.05,30,74,37.5000,0.042685
MTDheight,0.05,30,75,38.0000,0.045005
MTDheight,0.05,30,76,38.5000,0.047849
MTDheight,0.05,30,77,39.0000,0.049739
MTDheight,0.05,30,78,39.5000,0.047475
MTDheight,0.05,30,79,40.0000,0.045673
MTDheight,0.05,30,80,40.5000,0.046593
MTDheight,0.05,30,81,41.0000,0.043714
MTDheight,0.05,30,82,41.5000,0.045927
MTDheight,0.05,30,83,42.0000,0.045660
MTDheight,0.05,30,84,42.5000,0.048597
MTDheight,0.05,30,85,43.0000,0.047869
MTDheight,0.05,30,86,43.5000,0.044106
MTDheight,0.05,30,87,44.0000,0.044202
MTDheight,0.05,30,88,44.5000,0.045357
MTDheight,0.05,30,89,45.0000,0.043350
MTDheight,0.05,30,90,45.5000,0.043394
MTDheight,0.05,30,91,46.0000,0.044444
MTDheight,0.05,30,92,46.5000,0.047005
MTDheight,0.05,30,93,47.0000,0.043875
MTDheight,0.05,30,94,47.5000,0.043960
MTDheight,0.05,30,95,48.0000,0.045092
MTDheight,0.05,30,96,48.5000,0.052404
MTDheight,0.05,30,97,49.0000,0.050447
MTDheight,0.05,30,98,49.5000,0.049037
MTDheight,0.05,30,99,50.0000,0.044804
MTDheight,0.05,40,0,0.5000,6.443328
MTDheight,0.05,40,1,1.0000,5.351391
MTDheight,0.05,40,2,1.5000,4.605778
MTDheight,0.05,40,3,2.0000,4.101948
MTDheight,0.05,40,4,2.5000,3.604595
MTDheight,0.05,40,5,3.0000,3.104202
MTDheight,0.05,40,6,3.5000,2.564937
MTDheight,0.05,40,7,4.0000,1.927596
MTDheight,0.05,40,8,4.5000,1.674690
MTDheight,0.05,40,9,5.0000,1.290148
MTDheight,0.05,40,10,5.5000,1.080167
MTDheight,0.05,40,11,6.0000,0.848223
MTDheight,0.05,40,12,6.5000,0.689672
MTDheight,0.05,40,13,7.0000,0.514378
MTDheight,0.05,40,14,7.5000,0.394497
MTDheight,0.05,40,15,8.0000,0.265480
MTDheight,0.05,40,16,8.5000,0.234559
MTDheight,0.05,40,17,9.0000,0.141389
MTDheight,0.05,40,18,9.5000,0.108627
MTDheight,0.05,40,19,10.0000,0.086721
MTDheight,0.05,40,20,10.5000,0.085256
MTDheight,0.05,40,21,11.0000,0.084944
MTDheight,0.05,40,22,11.5000,0.083016
MTDheight,0.05,40,23,12.0000,0.081658
MTDheight,0.05,40,24,12.5000,0.079077
MTDheight,0.05,40,25,13.0000,0.081177
MTDheight,0.05,40,26,13.5000,0.085757
MTDheight,0.05,40,27,14.0000,0.086586
MTDheight,0.05,40,28,14.5000,0.081878
MTDheight,0.05,40,29,15.0000,0.080548
MTDheight,0.05,40,30,15.5000,0.073532
MTDheight,0.05,40,31,16.0000,0.072645
MTDheight,0.05,40,32,16.5000,0.070060
MTDheight,0.05,40,33,17.0000,0.072779
MTDheight,0.05,40,34,17.5000,0.069033
MTDheight,0.05,40,35,18.0000,0.063921
MTDheight,0.05,40,36,18.5000,0.063485
MTDheight,0.05,40,37,19.0000,0.060514
MTDheight,0.05,40,38,19.5000,0.058365
MTDheight,0.05,40,39,20.0000,0.057108
MTDheight,0.05,40,40,20.5000,0.056946
MTDheight,0.05,40,41,21.0000,0.057571
MTDheight,0.05,40,42,21.5000,0.057118
MTDheight,0.05,40,43,22.0000,0.056076
MTDheight,0.05,40,44,22.5000,0.054761
MTDheight,0.05,40,45,23.0000,0.055737
MTDheight,0.05,40,46,23.5000,0.054992
MTDheight,0.05,40,47,24.0000,0.053675
MTDheight,0.05,40,48,24.5000,0.052888
MTDheight,0.05,40,49,25.0000,0.051838
MTDheight,0.05,40,50,25.5000,0.051185
MTDheight,0.05,40,51,26.0000,0.053367
MTDheight,0.05,40,52,26.5000,0.052863
MTDheight,0.05,40,53,27.0000,0.053911
MTDheight,0.05,40,54,27.5000,0.050537
MTDheight,0.05,40,55,28.0000,0.050365
MTDheight,0.05,40,56,28.5000,0.051668
MTDheight,0.05,40,57,29.0000,0.049547
MTDheight,0.05,40,58,29.5000,0.047957
MTDheight,0.05,40,59,30.0000,0.047261
MTDheight,0.05,40,60,30.5000,0.047067
MTDheight,0.05,40,61,31.0000,0.046574
MTDheight,0.05,40,62,31.5000,0.046275
MTDheight,0.05,40,63,32.0000,0.046559
MTDheight,0.05,40,64,32.5000,0.046252
MTDheight,0.05,40,65,33.0000,0.045293
MTDheight,0.05,40,66,33.5000,0.046057
MTDheight,0.05,40,67,34.0000,0.045752
MTDheight,0.05,40,68,34.5000,0.047545
MTDheight,0.05,40,69,35.0000,0.048492
MTDheight,0.05,40,70,35.5000,0.047549
MTDheight,0.05,40,71,36.0000,0.046316
MTDheight,0.05,40,72,36.5000,0.045679
MTDheight,0.05,40,73,37.0000,0.044037
MTDheight,0.05,40,74,37.5000,0.042598
MTDheight,0.05,40,75,38.0000,0.043157
MTDheight,0.05,40,76,38.5000,0.043234
MTDheight,0.05,40,77,39.0000,0.051256
MTDheight,0.05,40,78,39.5000,0.052821
MTDheight,0.05,40,79,40.0000,0.047528
MTDheight,0.05,40,80,40.5000,0.047509
MTDheight,0.05,40,81,41.0000,0.047752
MTDheight,0.05,40,82,41.5000,0.046319
MTDheight,0.05,40,83,42.0000,0.049795
MTDheight,0.05,40,84,42.5000,0.048772
MTDheight,0.05,40,85,43.0000,0.049059
MTDheight,0.05,40,86,43.5000,0.049710
MTDheight,0.05,40,87,44.0000,0.049273
MTDheight,0.05,40,88,44.5000,0.047658
MTDheight,0.05,40,89,45.0000,0.045466
MTDheight,0.05,40,90,45.5000,0.044497
MTDheight,0.05,40,91,46.0000,0.043119
MTDheight,0.05,40,92,46.5000,0.042137
MTDheight,0.05,40,93,47.0000,0.040596
MTDheight,0.05,40,94,47.5000,0.038721
MTDheight,0.05,40,95,48.0000,0.038978
MTDheight,0.05,40,96,48.5000,0.038307
MTDheight,0.05,40,97,49.0000,0.037593
MTDheight,0.05,40,98,49.5000,0.038961
MTDheight,0.05,40,99,50.0000,0.038363
MTDheight,0.05,50,0,0.5000,6.404493
MTDheight,0.05,50,1,1.0000,5.065629
MTDheight,0.05,50,2,1.5000,4.607456
MTDheight,0.05,50,3,2.0000,3.931537
MTDheight,0.05,50,4,2.5000,3.106330
MTDheight,0.05,50,5,3.0000,2.652688
MTDheight,0.05,50,6,3.5000,2.331672
MTDheight,0.05,50,7,4.0000,2.020743
MTDheight,0.05,50,8,4.5000,1.588687
MTDheight,0.05,50,9,5.0000,1.364973
MTDheight,0.05,50,10,5.5000,1.187727
MTDheight,0.05,50,11,6.0000,0.903876
MTDheight,0.05,50,12,6.5000,0.713016
MTDheight,0.05,50,13,7.0000,0.545492
MTDheight,0.05,50,14,7.5000,0.440164
MTDheight,0.05,50,15,8.0000,0.272285
MTDheight,0.05,50,16,8.5000,0.146157
MTDheight,0.05,50,17,9.0000,0.129275
MTDheight,0.05,50,18,9.5000,0.104446
MTDheight,0.05,50,19,10.0000,0.091737
MTDheight,0.05,50,20,10.5000,0.087814
MTDheight,0.05,50,21,11.0000,0.080704
MTDheight,0.05,50,22,11.5000,0.074596
MTDheight,0.05,50,23,12.0000,0.072577
MTDheight,0.05,50,24,12.5000,0.073507
MTDheight,0.05,50,25,13.0000,0.070630
MTDheight,0.05,50,26,13.5000,0.067587
MTDheight,0.05,50,27,14.0000,0.068566
MTDheight,0.05,50,28,14.5000,0.071606
MTDheight,0.05,50,29,15.0000,0.070036
MTDheight,0.05,50,30,15.5000,0.072965
MTDheight,0.05,50,31,16.0000,0.075769
MTDheight,0.05,50,32,16.5000,0.075674
MTDheight,0.05,50,33,17.0000,0.070268
MTDheight,0.05,50,34,17.5000,0.068983
MTDheight,0.05,50,35,18.0000,0.066768
MTDheight,0.05,50,36,18.5000,0.060479
MTDheight,0.05,50,37,19.0000,0.062649
MTDheight,0.05,50,38,19.5000,0.061997
MTDheight,0.05,50,39,20.0000,0.058796
MTDheight,0.05,50,40,20.5000,0.058019
MTDheight,0.05,50,41,21.0000,0.059179
MTDheight,0.05,50,42,21.5000,0.057975
MTDheight,0.05,50,43,22.0000,0.058936
MTDheight,0.05,50,44,22.5000,0.060389
MTDheight,0.05,50,45,23.0000,0.058025
MTDheight,0.05,50,46,23.5000,0.057981
MTDheight,0.05,50,47,24.0000,0.062121
MTDheight,0.05,50,48,24.5000,0.059251
MTDheight,0.05,50,49,25.0000,0.055899
MTDheight,0.05,50,50,25.5000,0.058444
MTDheight,0.05,50,51,26.0000,0.059507
MTDheight,0.05,50,52,26.5000,0.059671
MTDheight,0.05,50,53,27.0000,0.057364
MTDheight,0.05,50,54,27.5000,0.049029
MTDheight,0.05,50,55,28.0000,0.049525
MTDheight,0.05,50,56,28.5000,0.047892
MTDheight,0.05,50,57,29.0000,0.047207
MTDheight,0.05,50,58,29.5000,0.044550
MTDheight,0.05,50,59,30.0000,0.045245
MTDheight,0.05,50,60,30.5000,0.047776
MTDheight,0.05,50,61,31.0000,0.045702
MTDheight,0.05,50,62,31.5000,0.046552
MTDheight,0.05,50,63,32.0000,0.045844
MTDheight,0.05,50,64,32.5000,0.045096
MTDheight,0.05,50,65,33.0000,0.043862
MTDheight,0.05,50,66,33.5000,0.043431
MTDheight,0.05,50,67,34.0000,0.044296
MTDheight,0.05,50,68,34.5000,0.044666
MTDheight,0.05,50,69,35.0000,0.043360
MTDheight,0.05,50,70,35.5000,0.044923
MTDheight,0.05,50,71,36.0000,0.043956
MTDheight,0.05,50,72,36.5000,0.044099
MTDheight,0.05,50,73,37.0000,0.043650
MTDheight,0.05,50,74,37.5000,0.044587
MTDheight,0.05,50,75,38.0000,0.044883
MTDheight,0.05,50,76,38.5000,0.043776
MTDheight,0.05,50,77,39.0000,0.043523
MTDheight,0.05,50,78,39.5000,0.042135
MTDheight,0.05,50,79,40.0000,0.041984
MTDheight,0.05,50,80,40.5000,0.042437
MTDheight,0.05,50,81,41.0000,0.041124
MTDheight,0.05,50,82,41.5000,0.039795
MTDheight,0.05,50,83,42.0000,0.039140
MTDheight,0.05,50,84,42.5000,0.039057
MTDheight,0.05,50,85,43.0000,0.038620
MTDheight,0.05,50,86,43.5000,0.038398
MTDheight,0.05,50,87,44.0000,0.038027
MTDheight,0.05,50,88,44.5000,0.037886
MTDheight,0.05,50,89,45.0000,0.038630
MTDheight,0.05,50,90,45.5000,0.038277
MTDheight,0.05,50,91,46.0000,0.038312
MTDheight,0.05,50,92,46.5000,0.038209
MTDheight,0.05,50,93,47.0000,0.038360
MTDheight,0.05,50,94,47.5000,0.038680
MTDheight,0.05,50,95,48.0000,0.038762
MTDheight,0.05,50,96,48.5000,0.039639
MTDheight,0.05,50,97,49.0000,0.038864
MTDheight,0.05,50,98,49.5000,0.038090
MTDheight,0.05,50,99,50.0000,0.038834
MTDheight,0.1,10,0,0.5000,6.349924
MTDheight,0.1,10,1,1.0000,4.738527
MTDheight,0.1,10,2,1.5000,4.150482
MTDheight,0.1,10,3,2.0000,3.474417
MTDheight,0.1,10,4,2.5000,2.726836
MTDheight,0.1,10,5,3.0000,2.137713
MTDheight,0.1,10,6,3.5000,1.650428
MTDheight,0.1,10,7,4.0000,1.276159
MTDheight,0.1,10,8,4.5000,0.941888
MTDheight,0.1,10,9,5.0000,0.659740
MTDheight,0.1,10,10,5.5000,0.510757
MTDheight,0.1,10,11,6.0000,0.326530
MTDheight,0.1,10,12,6.5000,0.193082
MTDheight,0.1,10,13,7.0000,0.133537
MTDheight,0.1,10,14,7.5000,0.112639
MTDheight,0.1,10,15,8.0000,0.100145
MTDheight,0.1,10,16,8.5000,0.100814
MTDheight,0.1,10,17,9.0000,0.102278
MTDheight,0.1,10,18,9.5000,0.095366
MTDheight,0.1,10,19,10.0000,0.099873
MTDheight,0.1,10,20,10.5000,0.107577
MTDheight,0.1,10,21,11.0000,0.112859
MTDheight,0.1,10,22,11.5000,0.106574
MTDheight,0.1,10,23,12.0000,0.102760
MTDheight,0.1,10,24,12.5000,0.098624
MTDheight,0.1,10,25,13.0000,0.089693
MTDheight,0.1,10,26,13.5000,0.096508
MTDheight,0.1,10,27,14.0000,0.124207
MTDheight,0.1,10,28,14.5000,0.118328
MTDheight,0.1,10,29,15.0000,0.121762
MTDheight,0.1,10,30,15.5000,0.105933
MTDheight,0.1,10,31,16.0000,0.109635
MTDheight,0.1,10,32,16.5000,0.109796
MTDheight,0.1,10,33,17.0000,0.113976
MTDheight,0.1,10,34,17.5000,0.085024
MTDheight,0.1,10,35,18.0000,0.088726
MTDheight,0.1,10,36,18.5000,0.089468
MTDheight,0.1,10,37,19.0000,0.090757
MTDheight,0.1,10,38,19.5000,0.095045
MTDheight,0.1,10,39,20.0000,0.096241
MTDheight,0.1,10,40,20.5000,0.087826
MTDheight,0.1,10,41,21.0000,0.080193
MTDheight,0.1,10,42,21.5000,0.069457
MTDheight,0.1,10,43,22.0000,0.065604
MTDheight,0.1,10,44,22.5000,0.063840
MTDheight,0.1,10,45,23.0000,0.062013
MTDheight,0.1,10,46,23.5000,0.061990
MTDheight,0.1,10,47,24.0000,0.067688
MTDheight,0.1,10,48,24.5000,0.068448
MTDheight,0.1,10,49,25.0000,0.066367
MTDheight,0.1,10,50,25.5000,0.061727
MTDheight,0.1,10,51,26.0000,0.059345
MTDheight,0.1,10,52,26.5000,0.053602
MTDheight,0.1,10,53,27.0000,0.052606
MTDheight,0.1,10,54,27.5000,0.052222
MTDheight,0.1,10,55,28.0000,0.052650
MTDheight,0.1,10,56,28.5000,0.052921
MTDheight,0.1,10,57,29.0000,0.051266
MTDheight,0.1,10,58,29.5000,0.049827
MTDheight,0.1,10,59,30.0000,0.049229
MTDheight,0.1,10,60,30.5000,0.048695
MTDheight,0.1,10,61,31.0000,0.048305
MTDheight,0.1,10,62,31.5000,0.048610
MTDheight,0.1,10,63,32.0000,0.049034
MTDheight,0.1,10,64,32.5000,0.047341
MTDheight,0.1,10,65,33.0000,0.047350
MTDheight,0.1,10,66,33.5000,0.047701
MTDheight,0.1,10,67,34.0000,0.045950
MTDheight,0.1,10,68,34.5000,0.045859
MTDheight,0.1,10,69,35.0000,0.045625
MTDheight,0.1,10,70,35.5000,0.045604
MTDheight,0.1,10,71,36.0000,0.046721
MTDheight,0.1,10,72,36.5000,0.047769
MTDheight,0.1,10,73,37.0000,0.048772
MTDheight,0.1,10,74,37.5000,0.049459
MTDheight,0.1,10,75,38.0000,0.050747
MTDheight,0.1,10,76,38.5000,0.049778
MTDheight,0.1,10,77,39.0000,0.049295
MTDheight,0.1,10,78,39.5000,0.049267
MTDheight,0.1,10,79,40.0000,0.048081
MTDheight,0.1,10,80,40.5000,0.047795
MTDheight,0.1,10,81,41.0000,0.048133
MTDheight,0.1,10,82,41.5000,0.048112
MTDheight,0.1,10,83,42.0000,0.045979
MTDheight,0.1,10,84,42.5000,0.044880
MTDheight,0.1,10,85,43.0000,0.045603
MTDheight,0.1,10,86,43.5000,0.045839
MTDheight,0.1,10,87,44.0000,0.047082
MTDheight,0.1,10,88,44.5000,0.044746
MTDheight,0.1,10,89,45.0000,0.041689
MTDheight,0.1,10,90,45.5000,0.040620
MTDheight,0.1,10,91,46.0000,0.040784
MTDheight,0.1,10,92,46.5000,0.040991
MTDheight,0.1,10,93,47.0000,0.040719
MTDheight,0.1,10,94,47.5000,0.039299
MTDheight,0.1,10,95,48.0000,0.040276
MTDheight,0.1,10,96,48.5000,0.038559
MTDheight,0.1,10,97,49.0000,0.039275
MTDheight,0.1,10,98,49.5000,0.038371
MTDheight,0.1,10,99,50.0000,0.038337
MTDheight,0.1,20,0,0.5000,6.488278
MTDheight,0.1,20,1,1.0000,5.086850
MTDheight,0.1,20,2,1.5000,4.237282
MTDheight,0.1,20,3,2.0000,3.524210
MTDheight,0.1,20,4,2.5000,2.683737
MTDheight,0.1,20,5,3.0000,2.294438
MTDheight,0.1,20,6,3.5000,1.803757
MTDheight,0.1,20,7,4.0000,1.375514
MTDheight,0.1,20,8,4.5000,0.951029
MTDheight,0.1,20,9,5.0000,0.726857
MTDheight,0.1,20,10,5.5000,0.556535
MTDheight,0.1,20,11,6.0000,0.347031
MTDheight,0.1,20,12,6.5000,0.254043
MTDheight,0.1,20,13,7.0000,0.171369
MTDheight,0.1,20,14,7.5000,0.190137
MTDheight,0.1,20,15,8.0000,0.188561
MTDheight,0.1,20,16,8.5000,0.165865
MTDheight,0.1,20,17,9.0000,0.167127
MTDheight,0.1,20,18,9.5000,0.153485
MTDheight,0.1,20,19,10.0000,0.147137
MTDheight,0.1,20,20,10.5000,0.144203
MTDheight,0.1,20,21,11.0000,0.147236
MTDheight,0.1,20,22,11.5000,0.137728
MTDheight,0.1,20,23,12.0000,0.128013
MTDheight,0.1,20,24,12.5000,0.119115
MTDheight,0.1,20,25,13.0000,0.115846
MTDheight,0.1,20,26,13.5000,0.111968
MTDheight,0.1,20,27,14.0000,0.119779
MTDheight,0.1,20,28,14.5000,0.124945
MTDheight,0.1,20,29,15.0000,0.130609
MTDheight,0.1,20,30,15.5000,0.123104
MTDheight,0.1,20,31,16.0000,0.122080
MTDheight,0.1,20,32,16.5000,0.111491
MTDheight,0.1,20,33,17.0000,0.114084
MTDheight,0.1,20,34,17.5000,0.100180
MTDheight,0.1,20,35,18.0000,0.097000
MTDheight,0.1,20,36,18.5000,0.101667
MTDheight,0.1,20,37,19.0000,0.104427
MTDheight,0.1,20,38,19.5000,0.100252
MTDheight,0.1,20,39,20.0000,0.102744
MTDheight,0.1,20,40,20.5000,0.097469
MTDheight,0.1,20,41,21.0000,0.083626
MTDheight,0.1,20,42,21.5000,0.075924
MTDheight,0.1,20,43,22.0000,0.086509
MTDheight,0.1,20,44,22.5000,0.095149
MTDheight,0.1,20,45,23.0000,0.089724
MTDheight,0.1,20,46,23.5000,0.093004
MTDheight,0.1,20,47,24.0000,0.087620
MTDheight,0.1,20,48,24.5000,0.079478
MTDheight,0.1,20,49,25.0000,0.077603
MTDheight,0.1,20,50,25.5000,0.076363
MTDheight,0.1,20,51,26.0000,0.069782
MTDheight,0.1,20,52,26.5000,0.070137
MTDheight,0.1,20,53,27.0000,0.065890
MTDheight,0.1,20,54,27.5000,0.068467
MTDheight,0.1,20,55,28.0000,0.060421
MTDheight,0.1,20,56,28.5000,0.061293
MTDheight,0.1,20,57,29.0000,0.063472
MTDheight,0.1,20,58,29.5000,0.062866
MTDheight,0.1,20,59,30.0000,0.065829
MTDheight,0.1,20,60,30.5000,0.063992
MTDheight,0.1,20,61,31.0000,0.061431
MTDheight,0.1,20,62,31.5000,0.058135
MTDheight,0.1,20,63,32.0000,0.056109
MTDheight,0.1,20,64,32.5000,0.052953
MTDheight,0.1,20,65,33.0000,0.050596
MTDheight,0.1,20,66,33.5000,0.047428
MTDheight,0.1,20,67,34.0000,0.048031
MTDheight,0.1,20,68,34.5000,0.045456
MTDheight,0.1,20,69,35.0000,0.045645
MTDheight,0.1,20,70,35.5000,0.044791
MTDheight,0.1,20,71,36.0000,0.045070
MTDheight,0.1,20,72,36.5000,0.044253
MTDheight,0.1,20,73,37.0000,0.043712
MTDheight,0.1,20,74,37.5000,0.043697
MTDheight,0.1,20,75,38.0000,0.044746
MTDheight,0.1,20,76,38.5000,0.044895
MTDheight,0.1,20,77,39.0000,0.044659
MTDheight,0.1,20,78,39.5000,0.043595
MTDheight,0.1,20,79,40.0000,0.043027
MTDheight,0.1,20,80,40.5000,0.043178
MTDheight,0.1,20,81,41.0000,0.040968
MTDheight,0.1,20,82,41.5000,0.040806
MTDheight,0.1,20,83,42.0000,0.040443
MTDheight,0.1,20,84,42.5000,0.039912
MTDheight,0.1,20,85,43.0000,0.039951
MTDheight,0.1,20,86,43.5000,0.039752
MTDheight,0.1,20,87,44.0000,0.039288
MTDheight,0.1,20,88,44.5000,0.039832
MTDheight,0.1,20,89,45.0000,0.039415
MTDheight,0.1,20,90,45.5000,0.038542
MTDheight,0.1,20,91,46.0000,0.039860
MTDheight,0.1,20,92,46.5000,0.037740
MTDheight,0.1,20,93,47.0000,0.037653
MTDheight,0.1,20,94,47.5000,0.037316
MTDheight,0.1,20,95,48.0000,0.036920
MTDheight,0.1,20,96,48.5000,0.036965
MTDheight,0.1,20,97,49.0000,0.038265
MTDheight,0.1,20,98,49.5000,0.038653
MTDheight,0.1,20,99,50.0000,0.037253
MTDheight,0.1,30,0,0.5000,5.895137
MTDheight,0.1,30,1,1.0000,4.546362
MTDheight,0.1,30,2,1.5000,3.990809
MTDheight,0.1,30,3,2.0000,3.212780
MTDheight,0.1,30,4,2.5000,2.670591
MTDheight,0.1,30,5,3.0000,2.280788
MTDheight,0.1,30,6,3.5000,1.790282
MTDheight,0.1,30,7,4.0000,1.381139
MTDheight,0.1,30,8,4.5000,1.072135
MTDheight,0.1,30,9,5.0000,0.729506
MTDheight,0.1,30,10,5.5000,0.511016
MTDheight,0.1,30,11,6.0000,0.444259
MTDheight,0.1,30,12,6.5000,0.169976
MTDheight,0.1,30,13,7.0000,0.114517
MTDheight,0.1,30,14,7.5000,0.096217
MTDheight,0.1,30,15,8.0000,0.092457
MTDheight,0.1,30,16,8.5000,0.088702
MTDheight,0.1,30,17,9.0000,0.086909
MTDheight,0.1,30,18,9.5000,0.083048
MTDheight,0.1,30,19,10.0000,0.081035
MTDheight,0.1,30,20,10.5000,0.077422
MTDheight,0.1,30,21,11.0000,0.075662
MTDheight,0.1,30,22,11.5000,0.073647
MTDheight,0.1,30,23,12.0000,0.079528
MTDheight,0.1,30,24,12.5000,0.071534
MTDheight,0.1,30,25,13.0000,0.067873
MTDheight,0.1,30,26,13.5000,0.076142
MTDheight,0.1,30,27,14.0000,0.067872
MTDheight,0.1,30,28,14.5000,0.069696
MTDheight,0.1,30,29,15.0000,0.064432
MTDheight,0.1,30,30,15.5000,0.068015
MTDheight,0.1,30,31,16.0000,0.069767
MTDheight,0.1,30,32,16.5000,0.070732
MTDheight,0.1,30,33,17.0000,0.066649
MTDheight,0.1,30,34,17.5000,0.069528
MTDheight,0.1,30,35,18.0000,0.071523
MTDheight,0.1,30,36,18.5000,0.065545
MTDheight,0.1,30,37,19.0000,0.064530
MTDheight,0.1,30,38,19.5000,0.061949
MTDheight,0.1,30,39,20.0000,0.060254
MTDheight,0.1,30,40,20.5000,0.058044
MTDheight,0.1,30,41,21.0000,0.055069
MTDheight,0.1,30,42,21.5000,0.053669
MTDheight,0.1,30,43,22.0000,0.053097
MTDheight,0.1,30,44,22.5000,0.053783
MTDheight,0.1,30,45,23.0000,0.057531
MTDheight,0.1,30,46,23.5000,0.056454
MTDheight,0.1,30,47,24.0000,0.059658
MTDheight,0.1,30,48,24.5000,0.060106
MTDheight,0.1,30,49,25.0000,0.066011
MTDheight,0.1,30,50,25.5000,0.071670
MTDheight,0.1,30,51,26.0000,0.070003
MTDheight,0.1,30,52,26.5000,0.066810
MTDheight,0.1,30,53,27.0000,0.064622
MTDheight,0.1,30,54,27.5000,0.061376
MTDheight,0.1,30,55,28.0000,0.062780
MTDheight,0.1,30,56,28.5000,0.062078
MTDheight,0.1,30,57,29.0000,0.059389
MTDheight,0.1,30,58,29.5000,0.056806
MTDheight,0.1,30,59,30.0000,0.053844
MTDheight,0.1,30,60,30.5000,0.051558
MTDheight,0.1,30,61,31.0000,0.053336
MTDheight,0.1,30,62,31.5000,0.050362
MTDheight,0.1,30,63,32.0000,0.050156
MTDheight,0.1,30,64,32.5000,0.057308
MTDheight,0.1,30,65,33.0000,0.057550
MTDheight,0.1,30,66,33.5000,0.058361
MTDheight,0.1,30,67,34.0000,0.064830
MTDheight,0.1,30,68,34.5000,0.061865
MTDheight,0.1,30,69,35.0000,0.059199
MTDheight,0.1,30,70,35.5000,0.057239
MTDheight,0.1,30,71,36.0000,0.055171
MTDheight,0.1,30,72,36.5000,0.052039
MTDheight,0.1,30,73,37.0000,0.052208
MTDheight,0.1,30,74,37.5000,0.051276
MTDheight,0.1,30,75,38.0000,0.054273
MTDheight,0.1,30,76,38.5000,0.053778
MTDheight,0.1,30,77,39.0000,0.052987
MTDheight,0.1,30,78,39.5000,0.053349
MTDheight,0.1,30,79,40.0000,0.053833
MTDheight,0.1,30,80,40.5000,0.050174
MTDheight,0.1,30,81,41.0000,0.052267
MTDheight,0.1,30,82,41.5000,0.050726
MTDheight,0.1,30,83,42.0000,0.047267
MTDheight,0.1,30,84,42.5000,0.047260
MTDheight,0.1,30,85,43.0000,0.046893
MTDheight,0.1,30,86,43.5000,0.045246
MTDheight,0.1,30,87,44.0000,0.046369
MTDheight,0.1,30,88,44.5000,0.048326
MTDheight,0.1,30,89,45.0000,0.048267
MTDheight,0.1,30,90,45.5000,0.049750
MTDheight,0.1,30,91,46.0000,0.048094
MTDheight,0.1,30,92,46.5000,0.044990
MTDheight,0.1,30,93,47.0000,0.043774
MTDheight,0.1,30,94,47.5000,0.042144
MTDheight,0.1,30,95,48.0000,0.042212
MTDheight,0.1,30,96,48.5000,0.040642
MTDheight,0.1,30,97,49.0000,0.040145
MTDheight,0.1,30,98,49.5000,0.040149
MTDheight,0.1,30,99,50.0000,0.039212
MTDheight,0.1,40,0,0.5000,5.905062
MTDheight,0.1,40,1,1.0000,4.763929
MTDheight,0.1,40,2,1.5000,4.148737
MTDheight,0.1,40,3,2.0000,3.453802
MTDheight,0.1,40,4,2.5000,2.937141
MTDheight,0.1,40,5,3.0000,2.273177
MTDheight,0.1,40,6,3.5000,1.676326
MTDheight,0.1,40,7,4.0000,1.334437
MTDheight,0.1,40,8,4.5000,0.922793
MTDheight,0.1,40,9,5.0000,0.577646
MTDheight,0.1,40,10,5.5000,0.353047
MTDheight,0.1,40,11,6.0000,0.214194
MTDheight,0.1,40,12,6.5000,0.133954
MTDheight,0.1,40,13,7.0000,0.126425
MTDheight,0.1,40,14,7.5000,0.141085
MTDheight,0.1,40,15,8.0000,0.134449
MTDheight,0.1,40,16,8.5000,0.129335
MTDheight,0.1,40,17,9.0000,0.121449
MTDheight,0.1,40,18,9.5000,0.114067
MTDheight,0.1,40,19,10.0000,0.109040
MTDheight,0.1,40,20,10.5000,0.096537
MTDheight,0.1,40,21,11.0000,0.093009
MTDheight,0.1,40,22,11.5000,0.096289
MTDheight,0.1,40,23,12.0000,0.079998
MTDheight,0.1,40,24,12.5000,0.079688
MTDheight,0.1,40,25,13.0000,0.077603
MTDheight,0.1,40,26,13.5000,0.084360
MTDheight,0.1,40,27,14.0000,0.082188
MTDheight,0.1,40,28,14.5000,0.078441
MTDheight,0.1,40,29,15.0000,0.088562
MTDheight,0.1,40,30,15.5000,0.084124
MTDheight,0.1,40,31,16.0000,0.076013
MTDheight,0.1,40,32,16.5000,0.076037
MTDheight,0.1,40,33,17.0000,0.076313
MTDheight,0.1,40,34,17.5000,0.076600
MTDheight,0.1,40,35,18.0000,0.073542
MTDheight,0.1,40,36,18.5000,0.063708
MTDheight,0.1,40,37,19.0000,0.063382
MTDheight,0.1,40,38,19.5000,0.064569
MTDheight,0.1,40,39,20.0000,0.065662
MTDheight,0.1,40,40,20.5000,0.068077
MTDheight,0.1,40,41,21.0000,0.071479
MTDheight,0.1,40,42,21.5000,0.074433
MTDheight,0.1,40,43,22.0000,0.069937
MTDheight,0.1,40,44,22.5000,0.062537
MTDheight,0.1,40,45,23.0000,0.067771
MTDheight,0.1,40,46,23.5000,0.065830
MTDheight,0.1,40,47,24.0000,0.075810
MTDheight,0.1,40,48,24.5000,0.075171
MTDheight,0.1,40,49,25.0000,0.075084
MTDheight,0.1,40,50,25.5000,0.073972
MTDheight,0.1,40,51,26.0000,0.070604
MTDheight,0.1,40,52,26.5000,0.070487
MTDheight,0.1,40,53,27.0000,0.066373
MTDheight,0.1,40,54,27.5000,0.066659
MTDheight,0.1,40,55,28.0000,0.060659
MTDheight,0.1,40,56,28.5000,0.061054
MTDheight,0.1,40,57,29.0000,0.060519
MTDheight,0.1,40,58,29.5000,0.056048
MTDheight,0.1,40,59,30.0000,0.050416
MTDheight,0.1,40,60,30.5000,0.051742
MTDheight,0.1,40,61,31.0000,0.053356
MTDheight,0.1,40,62,31.5000,0.054931
MTDheight,0.1,40,63,32.0000,0.053883
MTDheight,0.1,40,64,32.5000,0.052365
MTDheight,0.1,40,65,33.0000,0.051003
MTDheight,0.1,40,66,33.5000,0.051278
MTDheight,0.1,40,67,34.0000,0.050023
MTDheight,0.1,40,68,34.5000,0.050368
MTDheight,0.1,40,69,35.0000,0.052328
MTDheight,0.1,40,70,35.5000,0.050942
MTDheight,0.1,40,71,36.0000,0.048974
MTDheight,0.1,40,72,36.5000,0.049047
MTDheight,0.1,40,73,37.0000,0.048858
MTDheight,0.1,40,74,37.5000,0.048220
MTDheight,0.1,40,75,38.0000,0.051451
MTDheight,0.1,40,76,38.5000,0.048437
MTDheight,0.1,40,77,39.0000,0.054176
MTDheight,0.1,40,78,39.5000,0.059740
MTDheight,0.1,40,79,40.0000,0.059646
MTDheight,0.1,40,80,40.5000,0.056991
MTDheight,0.1,40,81,41.0000,0.056778
MTDheight,0.1,40,82,41.5000,0.054464
MTDheight,0.1,40,83,42.0000,0.056394
MTDheight,0.1,40,84,42.5000,0.054187
MTDheight,0.1,40,85,43.0000,0.052372
MTDheight,0.1,40,86,43.5000,0.055101
MTDheight,0.1,40,87,44.0000,0.057262
MTDheight,0.1,40,88,44.5000,0.053372
MTDheight,0.1,40,89,45.0000,0.051951
MTDheight,0.1,40,90,45.5000,0.050867
MTDheight,0.1,40,91,46.0000,0.047398
MTDheight,0.1,40,92,46.5000,0.046368
MTDheight,0.1,40,93,47.0000,0.044617
MTDheight,0.1,40,94,47.5000,0.043460
MTDheight,0.1,40,95,48.0000,0.047109
MTDheight,0.1,40,96,48.5000,0.044214
MTDheight,0.1,40,97,49.0000,0.045285
MTDheight,0.1,40,98,49.5000,0.045174
MTDheight,0.1,40,99,50.0000,0.043038
MTDheight,0.1,50,0,0.5000,6.014540
MTDheight,0.1,50,1,1.0000,4.836548
MTDheight,0.1,50,2,1.5000,3.964637
MTDheight,0.1,50,3,2.0000,3.556836
MTDheight,0.1,50,4,2.5000,2.669524
MTDheight,0.1,50,5,3.0000,2.111326
MTDheight,0.1,50,6,3.5000,1.641525
MTDheight,0.1,50,7,4.0000,1.228524
MTDheight,0.1,50,8,4.5000,1.035927
MTDheight,0.1,50,9,5.0000,0.713916
MTDheight,0.1,50,10,5.5000,0.430056
MTDheight,0.1,50,11,6.0000,0.366124
MTDheight,0.1,50,12,6.5000,0.116659
MTDheight,0.1,50,13,7.0000,0.103688
MTDheight,0.1,50,14,7.5000,0.101260
MTDheight,0.1,50,15,8.0000,0.092861
MTDheight,0.1,50,16,8.5000,0.100905
MTDheight,0.1,50,17,9.0000,0.096613
MTDheight,0.1,50,18,9.5000,0.104902
MTDheight,0.1,50,19,10.0000,0.106314
MTDheight,0.1,50,20,10.5000,0.100468
MTDheight,0.1,50,21,11.0000,0.106562
MTDheight,0.1,50,22,11.5000,0.106245
MTDheight,0.1,50,23,12.0000,0.110586
MTDheight,0.1,50,24,12.5000,0.107202
MTDheight,0.1,50,25,13.0000,0.098240
MTDheight,0.1,50,26,13.5000,0.093527
MTDheight,0.1,50,27,14.0000,0.106544
MTDheight,0.1,50,28,14.5000,0.104206
MTDheight,0.1,50,29,15.0000,0.098709
MTDheight,0.1,50,30,15.5000,0.100820
MTDheight,0.1,50,31,16.0000,0.094355
MTDheight,0.1,50,32,16.5000,0.090768
MTDheight,0.1,50,33,17.0000,0.086599
MTDheight,0.1,50,34,17.5000,0.086117
MTDheight,0.1,50,35,18.0000,0.090462
MTDheight,0.1,50,36,18.5000,0.084802
MTDheight,0.1,50,37,19.0000,0.087605
MTDheight,0.1,50,38,19.5000,0.089158
MTDheight,0.1,50,39,20.0000,0.083675
MTDheight,0.1,50,40,20.5000,0.081218
MTDheight,0.1,50,41,21.0000,0.078380
MTDheight,0.1,50,42,21.5000,0.074485
MTDheight,0.1,50,43,22.0000,0.071206
MTDheight,0.1,50,44,22.5000,0.063840
MTDheight,0.1,50,45,23.0000,0.060239
MTDheight,0.1,50,46,23.5000,0.065783
MTDheight,0.1,50,47,24.0000,0.072898
MTDheight,0.1,50,48,24.5000,0.068330
MTDheight,0.1,50,49,25.0000,0.065505
MTDheight,0.1,50,50,25.5000,0.068588
MTDheight,0.1,50,51,26.0000,0.069647
MTDheight,0.1,50,52,26.5000,0.068829
MTDheight,0.1,50,53,27.0000,0.063522
MTDheight,0.1,50,54,27.5000,0.067376
MTDheight,0.1,50,55,28.0000,0.070942
MTDheight,0.1,50,56,28.5000,0.073101
MTDheight,0.1,50,57,29.0000,0.072144
MTDheight,0.1,50,58,29.5000,0.068283
MTDheight,0.1,50,59,30.0000,0.073672
MTDheight,0.1,50,60,30.5000,0.071760
MTDheight,0.1,50,61,31.0000,0.070875
MTDheight,0.1,50,62,31.5000,0.068754
MTDheight,0.1,50,63,32.0000,0.062344
MTDheight,0.1,50,64,32.5000,0.060449
MTDheight,0.1,50,65,33.0000,0.058669
MTDheight,0.1,50,66,33.5000,0.057401
MTDheight,0.1,50,67,34.0000,0.055503
MTDheight,0.1,50,68,34.5000,0.050958
MTDheight,0.1,50,69,35.0000,0.051361
MTDheight,0.1,50,70,35.5000,0.054325
MTDheight,0.1,50,71,36.0000,0.050898
MTDheight,0.1,50,72,36.5000,0.048284
MTDheight,0.1,50,73,37.0000,0.047531
MTDheight,0.1,50,74,37.5000,0.049434
MTDheight,0.1,50,75,38.0000,0.049453
MTDheight,0.1,50,76,38.5000,0.049739
MTDheight,0.1,50,77,39.0000,0.047776
MTDheight,0.1,50,78,39.5000,0.043470
MTDheight,0.1,50,79,40.0000,0.043343
MTDheight,0.1,50,80,40.5000,0.042190
MTDheight,0.1,50,81,41.0000,0.041000
MTDheight,0.1,50,82,41.5000,0.040747
MTDheight,0.1,50,83,42.0000,0.040669
MTDheight,0.1,50,84,42.5000,0.039480
MTDheight,0.1,50,85,43.0000,0.039363
MTDheight,0.1,50,86,43.5000,0.038543
MTDheight,0.1,50,87,44.0000,0.038635
MTDheight,0.1,50,88,44.5000,0.038760
MTDheight,0.1,50,89,45.0000,0.038054
MTDheight,0.1,50,90,45.5000,0.038079
MTDheight,0.1,50,91,46.0000,0.038176
MTDheight,0.1,50,92,46.5000,0.037850
MTDheight,0.1,50,93,47.0000,0.037391
MTDheight,0.1,50,94,47.5000,0.037008
MTDheight,0.1,50,95,48.0000,0.036900
MTDheight,0.1,50,96,48.5000,0.036822
MTDheight,0.1,50,97,49.0000,0.036644
MTDheight,0.1,50,98,49.5000,0.036890
MTDheight,0.1,50,99,50.0000,0.039816
MTDheight,0.5,10,0,0.5000,5.482511
MTDheight,0.5,10,1,1.0000,3.498032
MTDheight,0.5,10,2,1.5000,2.516570
MTDheight,0.5,10,3,2.0000,1.490737
MTDheight,0.5,10,4,2.5000,0.635340
MTDheight,0.5,10,5,3.0000,0.303642
MTDheight,0.5,10,6,3.5000,0.149947
MTDheight,0.5,10,7,4.0000,0.136001
MTDheight,0.5,10,8,4.5000,0.131370
MTDheight,0.5,10,9,5.0000,0.120404
MTDheight,0.5,10,10,5.5000,0.117273
MTDheight,0.5,10,11,6.0000,0.113127
MTDheight,0.5,10,12,6.5000,0.105237
MTDheight,0.5,10,13,7.0000,0.100225
MTDheight,0.5,10,14,7.5000,0.101096
MTDheight,0.5,10,15,8.0000,0.094791
MTDheight,0.5,10,16,8.5000,0.090293
MTDheight,0.5,10,17,9.0000,0.093863
MTDheight,0.5,10,18,9.5000,0.092056
MTDheight,0.5,10,19,10.0000,0.085740
MTDheight,0.5,10,20,10.5000,0.083737
MTDheight,0.5,10,21,11.0000,0.082642
MTDheight,0.5,10,22,11.5000,0.081527
MTDheight,0.5,10,23,12.0000,0.079736
MTDheight,0.5,10,24,12.5000,0.075458
MTDheight,0.5,10,25,13.0000,0.074634
MTDheight,0.5,10,26,13.5000,0.073642
MTDheight,0.5,10,27,14.0000,0.072872
MTDheight,0.5,10,28,14.5000,0.072472
MTDheight,0.5,10,29,15.0000,0.071402
MTDheight,0.5,10,30,15.5000,0.070331
MTDheight,0.5,10,31,16.0000,0.069413
MTDheight,0.5,10,32,16.5000,0.070352
MTDheight,0.5,10,33,17.0000,0.071409
MTDheight,0.5,10,34,17.5000,0.067552
MTDheight,0.5,10,35,18.0000,0.074169
MTDheight,0.5,10,36,18.5000,0.076405
MTDheight,0.5,10,37,19.0000,0.074626
MTDheight,0.5,10,38,19.5000,0.067633
MTDheight,0.5,10,39,20.0000,0.082253
MTDheight,0.5,10,40,20.5000,0.084077
MTDheight,0.5,10,41,21.0000,0.084192
MTDheight,0.5,10,42,21.5000,0.095511
MTDheight,0.5,10,43,22.0000,0.089083
MTDheight,0.5,10,44,22.5000,0.096287
MTDheight,0.5,10,45,23.0000,0.096899
MTDheight,0.5,10,46,23.5000,0.097663
MTDheight,0.5,10,47,24.0000,0.098718
MTDheight,0.5,10,48,24.5000,0.100342
MTDheight,0.5,10,49,25.0000,0.094667
MTDheight,0.5,10,50,25.5000,0.090611
MTDheight,0.5,10,51,26.0000,0.092377
MTDheight,0.5,10,52,26.5000,0.096177
MTDheight,0.5,10,53,27.0000,0.093596
MTDheight,0.5,10,54,27.5000,0.085708
MTDheight,0.5,10,55,28.0000,0.083368
MTDheight,0.5,10,56,28.5000,0.089641
MTDheight,0.5,10,57,29.0000,0.084853
MTDheight,0.5,10,58,29.5000,0.089181
MTDheight,0.5,10,59,30.0000,0.088260
MTDheight,0.5,10,60,30.5000,0.085696
MTDheight,0.5,10,61,31.0000,0.083461
MTDheight,0.5,10,62,31.5000,0.083714
MTDheight,0.5,10,63,32.0000,0.081737
MTDheight,0.5,10,64,32.5000,0.072489
MTDheight,0.5,10,65,33.0000,0.069321
MTDheight,0.5,10,66,33.5000,0.068822
MTDheight,0.5,10,67,34.0000,0.069525
MTDheight,0.5,10,68,34.5000,0.070081
MTDheight,0.5,10,69,35.0000,0.066770
MTDheight,0.5,10,70,35.5000,0.064173
MTDheight,0.5,10,71,36.0000,0.062148
MTDheight,0.5,10,72,36.5000,0.066460
MTDheight,0.5,10,73,37.0000,0.065929
MTDheight,0.5,10,74,37.5000,0.068396
MTDheight,0.5,10,75,38.0000,0.062581
MTDheight,0.5,10,76,38.5000,0.062267
MTDheight,0.5,10,77,39.0000,0.059911
MTDheight,0.5,10,78,39.5000,0.055138
MTDheight,0.5,10,79,40.0000,0.054377
MTDheight,0.5,10,80,40.5000,0.052403
MTDheight,0.5,10,81,41.0000,0.051932
MTDheight,0.5,10,82,41.5000,0.055646
MTDheight,0.5,10,83,42.0000,0.057208
MTDheight,0.5,10,84,42.5000,0.056483
MTDheight,0.5,10,85,43.0000,0.055396
MTDheight,0.5,10,86,43.5000,0.054705
MTDheight,0.5,10,87,44.0000,0.052907
MTDheight,0.5,10,88,44.5000,0.053420
MTDheight,0.5,10,89,45.0000,0.056389
MTDheight,0.5,10,90,45.5000,0.055063
MTDheight,0.5,10,91,46.0000,0.054236
MTDheight,0.5,10,92,46.5000,0.055406
MTDheight,0.5,10,93,47.0000,0.054884
MTDheight,0.5,10,94,47.5000,0.058232
MTDheight,0.5,10,95,48.0000,0.057311
MTDheight,0.5,10,96,48.5000,0.053341
MTDheight,0.5,10,97,49.0000,0.051061
MTDheight,0.5,10,98,49.5000,0.049558
MTDheight,0.5,10,99,50.0000,0.048443
MTDheight,0.5,20,0,0.5000,4.951281
MTDheight,0.5,20,1,1.0000,3.467525
MTDheight,0.5,20,2,1.5000,2.469552
MTDheight,0.5,20,3,2.0000,1.597726
MTDheight,0.5,20,4,2.5000,0.666105
MTDheight,0.5,20,5,3.0000,0.345812
MTDheight,0.5,20,6,3.5000,0.149811
MTDheight,0.5,20,7,4.0000,0.154199
MTDheight,0.5,20,8,4.5000,0.125553
MTDheight,0.5,20,9,5.0000,0.120671
MTDheight,0.5,20,10,5.5000,0.127395
MTDheight,0.5,20,11,6.0000,0.109164
MTDheight,0.5,20,12,6.5000,0.105521
MTDheight,0.5,20,13,7.0000,0.103723
MTDheight,0.5,20,14,7.5000,0.115623
MTDheight,0.5,20,15,8.0000,0.120603
MTDheight,0.5,20,16,8.5000,0.114445
MTDheight,0.5,20,17,9.0000,0.110676
MTDheight,0.5,20,18,9.5000,0.109357
MTDheight,0.5,20,19,10.0000,0.085395
MTDheight,0.5,20,20,10.5000,0.086019
MTDheight,0.5,20,21,11.0000,0.083204
MTDheight,0.5,20,22,11.5000,0.082311
MTDheight,0.5,20,23,12.0000,0.080955
MTDheight,0.5,20,24,12.5000,0.087208
MTDheight,0.5,20,25,13.0000,0.084765
MTDheight,0.5,20,26,13.5000,0.080648
MTDheight,0.5,20,27,14.0000,0.081586
MTDheight,0.5,20,28,14.5000,0.079368
MTDheight,0.5,20,29,15.0000,0.078086
MTDheight,0.5,20,30,15.5000,0.077196
MTDheight,0.5,20,31,16.0000,0.076033
MTDheight,0.5,20,32,16.5000,0.073841
MTDheight,0.5,20,33,17.0000,0.070765
MTDheight,0.5,20,34,17.5000,0.069729
MTDheight,0.5,20,35,18.0000,0.069207
MTDheight,0.5,20,36,18.5000,0.068880
MTDheight,0.5,20,37,19.0000,0.067067
MTDheight,0.5,20,38,19.5000,0.066450
MTDheight,0.5,20,39,20.0000,0.066415
MTDheight,0.5,20,40,20.5000,0.065542
MTDheight,0.5,20,41,21.0000,0.065152
MTDheight,0.5,20,42,21.5000,0.066317
MTDheight,0.5,20,43,22.0000,0.063947
MTDheight,0.5,20,44,22.5000,0.063382
MTDheight,0.5,20,45,23.0000,0.062333
MTDheight,0.5,20,46,23.5000,0.061972
MTDheight,0.5,20,47,24.0000,0.059220
MTDheight,0.5,20,48,24.5000,0.058478
MTDheight,0.5,20,49,25.0000,0.058572
MTDheight,0.5,20,50,25.5000,0.057414
MTDheight,0.5,20,51,26.0000,0.057361
MTDheight,0.5,20,52,26.5000,0.056375
MTDheight,0.5,20,53,27.0000,0.056343
MTDheight,0.5,20,54,27.5000,0.056039
MTDheight,0.5,20,55,28.0000,0.054617
MTDheight,0.5,20,56,28.5000,0.054062
MTDheight,0.5,20,57,29.0000,0.053703
MTDheight,0.5,20,58,29.5000,0.053134
MTDheight,0.5,20,59,30.0000,0.053158
MTDheight,0.5,20,60,30.5000,0.053046
MTDheight,0.5,20,61,31.0000,0.053243
MTDheight,0.5,20,62,31.5000,0.053207
MTDheight,0.5,20,63,32.0000,0.053039
MTDheight,0.5,20,64,32.5000,0.052552
MTDheight,0.5,20,65,33.0000,0.051657
MTDheight,0.5,20,66,33.5000,0.050705
MTDheight,0.5,20,67,34.0000,0.052260
MTDheight,0.5,20,68,34.5000,0.052212
MTDheight,0.5,20,69,35.0000,0.051032
MTDheight,0.5,20,70,35.5000,0.049924
MTDheight,0.5,20,71,36.0000,0.049866
MTDheight,0.5,20,72,36.5000,0.051499
MTDheight,0.5,20,73,37.0000,0.051431
MTDheight,0.5,20,74,37.5000,0.050667
MTDheight,0.5,20,75,38.0000,0.052198
MTDheight,0.5,20,76,38.5000,0.052015
MTDheight,0.5,20,77,39.0000,0.053674
MTDheight,0.5,20,78,39.5000,0.054197
MTDheight,0.5,20,79,40.0000,0.052815
MTDheight,0.5,20,80,40.5000,0.052002
MTDheight,0.5,20,81,41.0000,0.049390
MTDheight,0.5,20,82,41.5000,0.050231
MTDheight,0.5,20,83,42.0000,0.051826
MTDheight,0.5,20,84,42.5000,0.048853
MTDheight,0.5,20,85,43.0000,0.050587
MTDheight,0.5,20,86,43.5000,0.049740
MTDheight,0.5,20,87,44.0000,0.047770
MTDheight,0.5,20,88,44.5000,0.046818
MTDheight,0.5,20,89,45.0000,0.045034
MTDheight,0.5,20,90,45.5000,0.044586
MTDheight,0.5,20,91,46.0000,0.042864
MTDheight,0.5,20,92,46.5000,0.043423
MTDheight,0.5,20,93,47.0000,0.044093
MTDheight,0.5,20,94,47.5000,0.047277
MTDheight,0.5,20,95,48.0000,0.047340
MTDheight,0.5,20,96,48.5000,0.049096
MTDheight,0.5,20,97,49.0000,0.049317
MTDheight,0.5,20,98,49.5000,0.047902
MTDheight,0.5,20,99,50.0000,0.046951
MTDheight,0.5,30,0,0.5000,5.003449
MTDheight,0.5,30,1,1.0000,3.511157
MTDheight,0.5,30,2,1.5000,2.294961
MTDheight,0.5,30,3,2.0000,1.339359
MTDheight,0.5,30,4,2.5000,0.741052
MTDheight,0.5,30,5,3.0000,0.348678
MTDheight,0.5,30,6,3.5000,0.301165
MTDheight,0.5,30,7,4.0000,0.278447
MTDheight,0.5,30,8,4.5000,0.275841
MTDheight,0.5,30,9,5.0000,0.214901
MTDheight,0.5,30,10,5.5000,0.183071
MTDheight,0.5,30,11,6.0000,0.171189
MTDheight,0.5,30,12,6.5000,0.186876
MTDheight,0.5,30,13,7.0000,0.194930
MTDheight,0.5,30,14,7.5000,0.186497
MTDheight,0.5,30,15,8.0000,0.158522
MTDheight,0.5,30,16,8.5000,0.125811
MTDheight,0.5,30,17,9.0000,0.125150
MTDheight,0.5,30,18,9.5000,0.113051
MTDheight,0.5,30,19,10.0000,0.106038
MTDheight,0.5,30,20,10.5000,0.094541
MTDheight,0.5,30,21,11.0000,0.083910
MTDheight,0.5,30,22,11.5000,0.082861
MTDheight,0.5,30,23,12.0000,0.081684
MTDheight,0.5,30,24,12.5000,0.085954
MTDheight,0.5,30,25,13.0000,0.088862
MTDheight,0.5,30,26,13.5000,0.096414
MTDheight,0.5,30,27,14.0000,0.101465
MTDheight,0.5,30,28,14.5000,0.102467
MTDheight,0.5,30,29,15.0000,0.095932
MTDheight,0.5,30,30,15.5000,0.098902
MTDheight,0.5,30,31,16.0000,0.090803
MTDheight,0.5,30,32,16.5000,0.086517
MTDheight,0.5,30,33,17.0000,0.089348
MTDheight,0.5,30,34,17.5000,0.088264
MTDheight,0.5,30,35,18.0000,0.072248
MTDheight,0.5,30,36,18.5000,0.066637
MTDheight,0.5,30,37,19.0000,0.063773
MTDheight,0.5,30,38,19.5000,0.065257
MTDheight,0.5,30,39,20.0000,0.064044
MTDheight,0.5,30,40,20.5000,0.061148
MTDheight,0.5,30,41,21.0000,0.059324
MTDheight,0.5,30,42,21.5000,0.060493
MTDheight,0.5,30,43,22.0000,0.056193
MTDheight,0.5,30,44,22.5000,0.056312
MTDheight,0.5,30,45,23.0000,0.055360
MTDheight,0.5,30,46,23.5000,0.056674
MTDheight,0.5,30,47,24.0000,0.058499
MTDheight,0.5,30,48,24.5000,0.057761
MTDheight,0.5,30,49,25.0000,0.058100
MTDheight,0.5,30,50,25.5000,0.054764
MTDheight,0.5,30,51,26.0000,0.055284
MTDheight,0.5,30,52,26.5000,0.055293
MTDheight,0.5,30,53,27.0000,0.057025
MTDheight,0.5,30,54,27.5000,0.061583
MTDheight,0.5,30,55,28.0000,0.059531
MTDheight,0.5,30,56,28.5000,0.059888
MTDheight,0.5,30,57,29.0000,0.059572
MTDheight,0.5,30,58,29.5000,0.059173
MTDheight,0.5,30,59,30.0000,0.053773
MTDheight,0.5,30,60,30.5000,0.052096
MTDheight,0.5,30,61,31.0000,0.051428
MTDheight,0.5,30,62,31.5000,0.052455
MTDheight,0.5,30,63,32.0000,0.056144
MTDheight,0.5,30,64,32.5000,0.054512
MTDheight,0.5,30,65,33.0000,0.052707
MTDheight,0.5,30,66,33.5000,0.052100
MTDheight,0.5,30,67,34.0000,0.049237
MTDheight,0.5,30,68,34.5000,0.050387
MTDheight,0.5,30,69,35.0000,0.048268
MTDheight,0.5,30,70,35.5000,0.046817
MTDheight,0.5,30,71,36.0000,0.049111
MTDheight,0.5,30,72,36.5000,0.048359
MTDheight,0.5,30,73,37.0000,0.048214
MTDheight,0.5,30,74,37.5000,0.047041
MTDheight,0.5,30,75,38.0000,0.045680
MTDheight,0.5,30,76,38.5000,0.044620
MTDheight,0.5,30,77,39.0000,0.045160
MTDheight,0.5,30,78,39.5000,0.043963
MTDheight,0.5,30,79,40.0000,0.044000
MTDheight,0.5,30,80,40.5000,0.043960
MTDheight,0.5,30,81,41.0000,0.044365
MTDheight,0.5,30,82,41.5000,0.043764
MTDheight,0.5,30,83,42.0000,0.042719
MTDheight,0.5,30,84,42.5000,0.042836
MTDheight,0.5,30,85,43.0000,0.042528
MTDheight,0.5,30,86,43.5000,0.041759
MTDheight,0.5,30,87,44.0000,0.042814
MTDheight,0.5,30,88,44.5000,0.043636
MTDheight,0.5,30,89,45.0000,0.042119
MTDheight,0.5,30,90,45.5000,0.041560
MTDheight,0.5,30,91,46.0000,0.041266
MTDheight,0.5,30,92,46.5000,0.041301
MTDheight,0.5,30,93,47.0000,0.041271
MTDheight,0.5,30,94,47.5000,0.040634
MTDheight,0.5,30,95,48.0000,0.040250
MTDheight,0.5,30,96,48.5000,0.040512
MTDheight,0.5,30,97,49.0000,0.040514
MTDheight,0.5,30,98,49.5000,0.040242
MTDheight,0.5,30,99,50.0000,0.040205
MTDheight,0.5,40,0,0.5000,4.786699
MTDheight,0.5,40,1,1.0000,3.584273
MTDheight,0.5,40,2,1.5000,2.291679
MTDheight,0.5,40,3,2.0000,1.318649
MTDheight,0.5,40,4,2.5000,0.721239
MTDheight,0.5,40,5,3.0000,0.285042
MTDheight,0.5,40,6,3.5000,0.197497
MTDheight,0.5,40,7,4.0000,0.155215
MTDheight,0.5,40,8,4.5000,0.132838
MTDheight,0.5,40,9,5.0000,0.124761
MTDheight,0.5,40,10,5.5000,0.135578
MTDheight,0.5,40,11,6.0000,0.119761
MTDheight,0.5,40,12,6.5000,0.115822
MTDheight,0.5,40,13,7.0000,0.119690
MTDheight,0.5,40,14,7.5000,0.114956
MTDheight,0.5,40,15,8.0000,0.119135
MTDheight,0.5,40,16,8.5000,0.134821
MTDheight,0.5,40,17,9.0000,0.123424
MTDheight,0.5,40,18,9.5000,0.108712
MTDheight,0.5,40,19,10.0000,0.107357
MTDheight,0.5,40,20,10.5000,0.100186
MTDheight,0.5,40,21,11.0000,0.098674
MTDheight,0.5,40,22,11.5000,0.103842
MTDheight,0.5,40,23,12.0000,0.096291
MTDheight,0.5,40,24,12.5000,0.085463
MTDheight,0.5,40,25,13.0000,0.102298
MTDheight,0.5,40,26,13.5000,0.098001
MTDheight,0.5,40,27,14.0000,0.102722
MTDheight,0.5,40,28,14.5000,0.099787
MTDheight,0.5,40,29,15.0000,0.096209
MTDheight,0.5,40,30,15.5000,0.091529
MTDheight,0.5,40,31,16.0000,0.089728
MTDheight,0.5,40,32,16.5000,0.091336
MTDheight,0.5,40,33,17.0000,0.091062
MTDheight,0.5,40,34,17.5000,0.083314
MTDheight,0.5,40,35,18.0000,0.087164
MTDheight,0.5,40,36,18.5000,0.080476
MTDheight,0.5,40,37,19.0000,0.077775
MTDheight,0.5,40,38,19.5000,0.072483
MTDheight,0.5,40,39,20.0000,0.068208
MTDheight,0.5,40,40,20.5000,0.068176
MTDheight,0.5,40,41,21.0000,0.064934
MTDheight,0.5,40,42,21.5000,0.067312
MTDheight,0.5,40,43,22.0000,0.069669
MTDheight,0.5,40,44,22.5000,0.069364
MTDheight,0.5,40,45,23.0000,0.072401
MTDheight,0.5,40,46,23.5000,0.069869
MTDheight,0.5,40,47,24.0000,0.073369
MTDheight,0.5,40,48,24.5000,0.069809
MTDheight,0.5,40,49,25.0000,0.073038
MTDheight,0.5,40,50,25.5000,0.067264
MTDheight,0.5,40,51,26.0000,0.067429
MTDheight,0.5,40,52,26.5000,0.070580
MTDheight,0.5,40,53,27.0000,0.068332
MTDheight,0.5,40,54,27.5000,0.072571
MTDheight,0.5,40,55,28.0000,0.083885
MTDheight,0.5,40,56,28.5000,0.095161
MTDheight,0.5,40,57,29.0000,0.092172
MTDheight,0.5,40,58,29.5000,0.097844
MTDheight,0.5,40,59,30.0000,0.093161
MTDheight,0.5,40,60,30.5000,0.089084
MTDheight,0.5,40,61,31.0000,0.090863
MTDheight,0.5,40,62,31.5000,0.086014
MTDheight,0.5,40,63,32.0000,0.088857
MTDheight,0.5,40,64,32.5000,0.087782
MTDheight,0.5,40,65,33.0000,0.085079
MTDheight,0.5,40,66,33.5000,0.089080
MTDheight,0.5,40,67,34.0000,0.086923
MTDheight,0.5,40,68,34.5000,0.088804
MTDheight,0.5,40,69,35.0000,0.085404
MTDheight,0.5,40,70,35.5000,0.084952
MTDheight,0.5,40,71,36.0000,0.083253
MTDheight,0.5,40,72,36.5000,0.080394
MTDheight,0.5,40,73,37.0000,0.080537
MTDheight,0.5,40,74,37.5000,0.081702
MTDheight,0.5,40,75,38.0000,0.082787
MTDheight,0.5,40,76,38.5000,0.077470
MTDheight,0.5,40,77,39.0000,0.081861
MTDheight,0.5,40,78,39.5000,0.081126
MTDheight,0.5,40,79,40.0000,0.081662
MTDheight,0.5,40,80,40.5000,0.080480
MTDheight,0.5,40,81,41.0000,0.081613
MTDheight,0.5,40,82,41.5000,0.078695
MTDheight,0.5,40,83,42.0000,0.080523
MTDheight,0.5,40,84,42.5000,0.081183
MTDheight,0.5,40,85,43.0000,0.077683
MTDheight,0.5,40,86,43.5000,0.071245
MTDheight,0.5,40,87,44.0000,0.067720
MTDheight,0.5,40,88,44.5000,0.066510
MTDheight,0.5,40,89,45.0000,0.064354
MTDheight,0.5,40,90,45.5000,0.062228
MTDheight,0.5,40,91,46.0000,0.065204
MTDheight,0.5,40,92,46.5000,0.063396
MTDheight,0.5,40,93,47.0000,0.065061
MTDheight,0.5,40,94,47.5000,0.064399
MTDheight,0.5,40,95,48.0000,0.063000
MTDheight,0.5,40,96,48.5000,0.063342
MTDheight,0.5,40,97,49.0000,0.063341
MTDheight,0.5,40,98,49.5000,0.062273
MTDheight,0.5,40,99,50.0000,0.060242
MTDheight,0.5,50,0,0.5000,5.065421
MTDheight,0.5,50,1,1.0000,3.500697
MTDheight,0.5,50,2,1.5000,2.327331
MTDheight,0.5,50,3,2.0000,1.365292
MTDheight,0.5,50,4,2.5000,0.747976
MTDheight,0.5,50,5,3.0000,0.398074
MTDheight,0.5,50,6,3.5000,0.210162
MTDheight,0.5,50,7,4.0000,0.204160
MTDheight,0.5,50,8,4.5000,0.190711
MTDheight,0.5,50,9,5.0000,0.137687
MTDheight,0.5,50,10,5.5000,0.185656
MTDheight,0.5,50,11,6.0000,0.167376
MTDheight,0.5,50,12,6.5000,0.176966
MTDheight,0.5,50,13,7.0000,0.165313
MTDheight,0.5,50,14,7.5000,0.145564
MTDheight,0.5,50,15,8.0000,0.155517
MTDheight,0.5,50,16,8.5000,0.167835
MTDheight,0.5,50,17,9.0000,0.160655
MTDheight,0.5,50,18,9.5000,0.150636
MTDheight,0.5,50,19,10.0000,0.119098
MTDheight,0.5,50,20,10.5000,0.123872
MTDheight,0.5,50,21,11.0000,0.118651
MTDheight,0.5,50,22,11.5000,0.132451
MTDheight,0.5,50,23,12.0000,0.118007
MTDheight,0.5,50,24,12.5000,0.108164
MTDheight,0.5,50,25,13.0000,0.096465
MTDheight,0.5,50,26,13.5000,0.091616
MTDheight,0.5,50,27,14.0000,0.085874
MTDheight,0.5,50,28,14.5000,0.076480
MTDheight,0.5,50,29,15.0000,0.083240
MTDheight,0.5,50,30,15.5000,0.075508
MTDheight,0.5,50,31,16.0000,0.075864
MTDheight,0.5,50,32,16.5000,0.079221
MTDheight,0.5,50,33,17.0000,0.074367
MTDheight,0.5,50,34,17.5000,0.065581
MTDheight,0.5,50,35,18.0000,0.070508
MTDheight,0.5,50,36,18.5000,0.074431
MTDheight,0.5,50,37,19.0000,0.072490
MTDheight,0.5,50,38,19.5000,0.066944
MTDheight,0.5,50,39,20.0000,0.063798
MTDheight,0.5,50,40,20.5000,0.060517
MTDheight,0.5,50,41,21.0000,0.059060
MTDheight,0.5,50,42,21.5000,0.058424
MTDheight,0.5,50,43,22.0000,0.057147
MTDheight,0.5,50,44,22.5000,0.056401
MTDheight,0.5,50,45,23.0000,0.056474
MTDheight,0.5,50,46,23.5000,0.055887
MTDheight,0.5,50,47,24.0000,0.054866
MTDheight,0.5,50,48,24.5000,0.053810
MTDheight,0.5,50,49,25.0000,0.053628
MTDheight,0.5,50,50,25.5000,0.053533
MTDheight,0.5,50,51,26.0000,0.053182
MTDheight,0.5,50,52,26.5000,0.058792
MTDheight,0.5,50,53,27.0000,0.055233
MTDheight,0.5,50,54,27.5000,0.055149
MTDheight,0.5,50,55,28.0000,0.056719
MTDheight,0.5,50,56,28.5000,0.058974
MTDheight,0.5,50,57,29.0000,0.056388
MTDheight,0.5,50,58,29.5000,0.059236
MTDheight,0.5,50,59,30.0000,0.060598
MTDheight,0.5,50,60,30.5000,0.059371
MTDheight,0.5,50,61,31.0000,0.059760
MTDheight,0.5,50,62,31.5000,0.064096
MTDheight,0.5,50,63,32.0000,0.066674
MTDheight,0.5,50,64,32.5000,0.062420
MTDheight,0.5,50,65,33.0000,0.060148
MTDheight,0.5,50,66,33.5000,0.058778
MTDheight,0.5,50,67,34.0000,0.061070
MTDheight,0.5,50,68,34.5000,0.059885
MTDheight,0.5,50,69,35.0000,0.057879
MTDheight,0.5,50,70,35.5000,0.058981
MTDheight,0.5,50,71,36.0000,0.060537
MTDheight,0.5,50,72,36.5000,0.059967
MTDheight,0.5,50,73,37.0000,0.055758
MTDheight,0.5,50,74,37.5000,0.056295
MTDheight,0.5,50,75,38.0000,0.056858
MTDheight,0.5,50,76,38.5000,0.055878
MTDheight,0.5,50,77,39.0000,0.057915
MTDheight,0.5,50,78,39.5000,0.057737
MTDheight,0.5,50,79,40.0000,0.058155
MTDheight,0.5,50,80,40.5000,0.054752
MTDheight,0.5,50,81,41.0000,0.057030
MTDheight,0.5,50,82,41.5000,0.058134
MTDheight,0.5,50,83,42.0000,0.055289
MTDheight,0.5,50,84,42.5000,0.057602
MTDheight,0.5,50,85,43.0000,0.060828
MTDheight,0.5,50,86,43.5000,0.062182
MTDheight,0.5,50,87,44.0000,0.062182
MTDheight,0.5,50,88,44.5000,0.065430
MTDheight,0.5,50,89,45.0000,0.064880
MTDheight,0.5,50,90,45.5000,0.061508
MTDheight,0.5,50,91,46.0000,0.060375
MTDheight,0.5,50,92,46.5000,0.058471
MTDheight,0.5,50,93,47.0000,0.060385
MTDheight,0.5,50,94,47.5000,0.058953
MTDheight,0.5,50,95,48.0000,0.058953
MTDheight,0.5,50,96,48.5000,0.058670
MTDheight,0.5,50,97,49.0000,0.061385
MTDheight,0.5,50,98,49.5000,0.061061
MTDheight,0.5,50,99,50.0000,0.058439
MTDheight,1.0,10,0,0.5000,4.340309
MTDheight,1.0,10,1,1.0000,2.745172
MTDheight,1.0,10,2,1.5000,1.582234
MTDheight,1.0,10,3,2.0000,0.523752
MTDheight,1.0,10,4,2.5000,0.245469
MTDheight,1.0,10,5,3.0000,0.228649
MTDheight,1.0,10,6,3.5000,0.216919
MTDheight,1.0,10,7,4.0000,0.216541
MTDheight,1.0,10,8,4.5000,0.186192
MTDheight,1.0,10,9,5.0000,0.201900
MTDheight,1.0,10,10,5.5000,0.200742
MTDheight,1.0,10,11,6.0000,0.214065
MTDheight,1.0,10,12,6.5000,0.185021
MTDheight,1.0,10,13,7.0000,0.179800
MTDheight,1.0,10,14,7.5000,0.154220
MTDheight,1.0,10,15,8.0000,0.155191
MTDheight,1.0,10,16,8.5000,0.179230
MTDheight,1.0,10,17,9.0000,0.171054
MTDheight,1.0,10,18,9.5000,0.181344
MTDheight,1.0,10,19,10.0000,0.170989
MTDheight,1.0,10,20,10.5000,0.159737
MTDheight,1.0,10,21,11.0000,0.148681
MTDheight,1.0,10,22,11.5000,0.150391
MTDheight,1.0,10,23,12.0000,0.159283
MTDheight,1.0,10,24,12.5000,0.159874
MTDheight,1.0,10,25,13.0000,0.153507
MTDheight,1.0,10,26,13.5000,0.135981
MTDheight,1.0,10,27,14.0000,0.141416
MTDheight,1.0,10,28,14.5000,0.143148
MTDheight,1.0,10,29,15.0000,0.138053
MTDheight,1.0,10,30,15.5000,0.138565
MTDheight,1.0,10,31,16.0000,0.131424
MTDheight,1.0,10,32,16.5000,0.133215
MTDheight,1.0,10,33,17.0000,0.127983
MTDheight,1.0,10,34,17.5000,0.129095
MTDheight,1.0,10,35,18.0000,0.132748
MTDheight,1.0,10,36,18.5000,0.126308
MTDheight,1.0,10,37,19.0000,0.115703
MTDheight,1.0,10,38,19.5000,0.111218
MTDheight,1.0,10,39,20.0000,0.108318
MTDheight,1.0,10,40,20.5000,0.110464
MTDheight,1.0,10,41,21.0000,0.105528
MTDheight,1.0,10,42,21.5000,0.108894
MTDheight,1.0,10,43,22.0000,0.108981
MTDheight,1.0,10,44,22.5000,0.101436
MTDheight,1.0,10,45,23.0000,0.100060
MTDheight,1.0,10,46,23.5000,0.094343
MTDheight,1.0,10,47,24.0000,0.093600
MTDheight,1.0,10,48,24.5000,0.093423
MTDheight,1.0,10,49,25.0000,0.090114
MTDheight,1.0,10,50,25.5000,0.090346
MTDheight,1.0,10,51,26.0000,0.083520
MTDheight,1.0,10,52,26.5000,0.087807
MTDheight,1.0,10,53,27.0000,0.085144
MTDheight,1.0,10,54,27.5000,0.085174
MTDheight,1.0,10,55,28.0000,0.084195
MTDheight,1.0,10,56,28.5000,0.087736
MTDheight,1.0,10,57,29.0000,0.084854
MTDheight,1.0,10,58,29.5000,0.088595
MTDheight,1.0,10,59,30.0000,0.087188
MTDheight,1.0,10,60,30.5000,0.089893
MTDheight,1.0,10,61,31.0000,0.088895
MTDheight,1.0,10,62,31.5000,0.084084
MTDheight,1.0,10,63,32.0000,0.076357
MTDheight,1.0,10,64,32.5000,0.084093
MTDheight,1.0,10,65,33.0000,0.083317
MTDheight,1.0,10,66,33.5000,0.084692
MTDheight,1.0,10,67,34.0000,0.089262
MTDheight,1.0,10,68,34.5000,0.084571
MTDheight,1.0,10,69,35.0000,0.083907
MTDheight,1.0,10,70,35.5000,0.078423
MTDheight,1.0,10,71,36.0000,0.079017
MTDheight,1.0,10,72,36.5000,0.078080
MTDheight,1.0,10,73,37.0000,0.088289
MTDheight,1.0,10,74,37.5000,0.083665
MTDheight,1.0,10,75,38.0000,0.082078
MTDheight,1.0,10,76,38.5000,0.079177
MTDheight,1.0,10,77,39.0000,0.082064
MTDheight,1.0,10,78,39.5000,0.077702
MTDheight,1.0,10,79,40.0000,0.082553
MTDheight,1.0,10,80,40.5000,0.078901
MTDheight,1.0,10,81,41.0000,0.076089
MTDheight,1.0,10,82,41.5000,0.076925
MTDheight,1.0,10,83,42.0000,0.078825
MTDheight,1.0,10,84,42.5000,0.076061
MTDheight,1.0,10,85,43.0000,0.074641
MTDheight,1.0,10,86,43.5000,0.079062
MTDheight,1.0,10,87,44.0000,0.077944
MTDheight,1.0,10,88,44.5000,0.080543
MTDheight,1.0,10,89,45.0000,0.081558
MTDheight,1.0,10,90,45.5000,0.083940
MTDheight,1.0,10,91,46.0000,0.083805
MTDheight,1.0,10,92,46.5000,0.079709
MTDheight,1.0,10,93,47.0000,0.084647
MTDheight,1.0,10,94,47.5000,0.086932
MTDheight,1.0,10,95,48.0000,0.086619
MTDheight,1.0,10,96,48.5000,0.082727
MTDheight,1.0,10,97,49.0000,0.080101
MTDheight,1.0,10,98,49.5000,0.077995
MTDheight,1.0,10,99,50.0000,0.083170
MTDheight,1.0,20,0,0.5000,4.555892
MTDheight,1.0,20,1,1.0000,2.755036
MTDheight,1.0,20,2,1.5000,1.480595
MTDheight,1.0,20,3,2.0000,0.466139
MTDheight,1.0,20,4,2.5000,0.189680
MTDheight,1.0,20,5,3.0000,0.155829
MTDheight,1.0,20,6,3.5000,0.154904
MTDheight,1.0,20,7,4.0000,0.168569
MTDheight,1.0,20,8,4.5000,0.207148
MTDheight,1.0,20,9,5.0000,0.223394
MTDheight,1.0,20,10,5.5000,0.183593
MTDheight,1.0,20,11,6.0000,0.154440
MTDheight,1.0,20,12,6.5000,0.140876
MTDheight,1.0,20,13,7.0000,0.136824
MTDheight,1.0,20,14,7.5000,0.126115
MTDheight,1.0,20,15,8.0000,0.123385
MTDheight,1.0,20,16,8.5000,0.116561
MTDheight,1.0,20,17,9.0000,0.092463
MTDheight,1.0,20,18,9.5000,0.098203
MTDheight,1.0,20,19,10.0000,0.094914
MTDheight,1.0,20,20,10.5000,0.082677
MTDheight,1.0,20,21,11.0000,0.079411
MTDheight,1.0,20,22,11.5000,0.078119
MTDheight,1.0,20,23,12.0000,0.076636
MTDheight,1.0,20,24,12.5000,0.074896
MTDheight,1.0,20,25,13.0000,0.080922
MTDheight,1.0,20,26,13.5000,0.084344
MTDheight,1.0,20,27,14.0000,0.084195
MTDheight,1.0,20,28,14.5000,0.076085
MTDheight,1.0,20,29,15.0000,0.080381
MTDheight,1.0,20,30,15.5000,0.073833
MTDheight,1.0,20,31,16.0000,0.071736
MTDheight,1.0,20,32,16.5000,0.069221
MTDheight,1.0,20,33,17.0000,0.067612
MTDheight,1.0,20,34,17.5000,0.067688
MTDheight,1.0,20,35,18.0000,0.067660
MTDheight,1.0,20,36,18.5000,0.068097
MTDheight,1.0,20,37,19.0000,0.065188
MTDheight,1.0,20,38,19.5000,0.063706
MTDheight,1.0,20,39,20.0000,0.063702
MTDheight,1.0,20,40,20.5000,0.063351
MTDheight,1.0,20,41,21.0000,0.062331
MTDheight,1.0,20,42,21.5000,0.062593
MTDheight,1.0,20,43,22.0000,0.061430
MTDheight,1.0,20,44,22.5000,0.062101
MTDheight,1.0,20,45,23.0000,0.062678
MTDheight,1.0,20,46,23.5000,0.063315
MTDheight,1.0,20,47,24.0000,0.062125
MTDheight,1.0,20,48,24.5000,0.063532
MTDheight,1.0,20,49,25.0000,0.063811
MTDheight,1.0,20,50,25.5000,0.064091
MTDheight,1.0,20,51,26.0000,0.057168
MTDheight,1.0,20,52,26.5000,0.059140
MTDheight,1.0,20,53,27.0000,0.060027
MTDheight,1.0,20,54,27.5000,0.054991
MTDheight,1.0,20,55,28.0000,0.054486
MTDheight,1.0,20,56,28.5000,0.054571
MTDheight,1.0,20,57,29.0000,0.054768
MTDheight,1.0,20,58,29.5000,0.056397
MTDheight,1.0,20,59,30.0000,0.056374
MTDheight,1.0,20,60,30.5000,0.055555
MTDheight,1.0,20,61,31.0000,0.054227
MTDheight,1.0,20,62,31.5000,0.054341
MTDheight,1.0,20,63,32.0000,0.052921
MTDheight,1.0,20,64,32.5000,0.051730
MTDheight,1.0,20,65,33.0000,0.051775
MTDheight,1.0,20,66,33.5000,0.052895
MTDheight,1.0,20,67,34.0000,0.053751
MTDheight,1.0,20,68,34.5000,0.053415
MTDheight,1.0,20,69,35.0000,0.051910
MTDheight,1.0,20,70,35.5000,0.050875
MTDheight,1.0,20,71,36.0000,0.050606
MTDheight,1.0,20,72,36.5000,0.049795
MTDheight,1.0,20,73,37.0000,0.049571
MTDheight,1.0,20,74,37.5000,0.049820
MTDheight,1.0,20,75,38.0000,0.049334
MTDheight,1.0,20,76,38.5000,0.049198
MTDheight,1.0,20,77,39.0000,0.049290
MTDheight,1.0,20,78,39.5000,0.049334
MTDheight,1.0,20,79,40.0000,0.049416
MTDheight,1.0,20,80,40.5000,0.049468
MTDheight,1.0,20,81,41.0000,0.048479
MTDheight,1.0,20,82,41.5000,0.048737
MTDheight,1.0,20,83,42.0000,0.048202
MTDheight,1.0,20,84,42.5000,0.047933
MTDheight,1.0,20,85,43.0000,0.047888
MTDheight,1.0,20,86,43.5000,0.048281
MTDheight,1.0,20,87,44.0000,0.048059
MTDheight,1.0,20,88,44.5000,0.049579
MTDheight,1.0,20,89,45.0000,0.049176
MTDheight,1.0,20,90,45.5000,0.048716
MTDheight,1.0,20,91,46.0000,0.048667
MTDheight,1.0,20,92,46.5000,0.047283
MTDheight,1.0,20,93,47.0000,0.046309
MTDheight,1.0,20,94,47.5000,0.046082
MTDheight,1.0,20,95,48.0000,0.045667
MTDheight,1.0,20,96,48.5000,0.045228
MTDheight,1.0,20,97,49.0000,0.045348
MTDheight,1.0,20,98,49.5000,0.044952
MTDheight,1.0,20,99,50.0000,0.044254
MTDheight,1.0,30,0,0.5000,4.324066
MTDheight,1.0,30,1,1.0000,2.963387
MTDheight,1.0,30,2,1.5000,1.531372
MTDheight,1.0,30,3,2.0000,0.529327
MTDheight,1.0,30,4,2.5000,0.186168
MTDheight,1.0,30,5,3.0000,0.148913
MTDheight,1.0,30,6,3.5000,0.140436
MTDheight,1.0,30,7,4.0000,0.129299
MTDheight,1.0,30,8,4.5000,0.120305
MTDheight,1.0,30,9,5.0000,0.114472
MTDheight,1.0,30,10,5.5000,0.120730
MTDheight,1.0,30,11,6.0000,0.113699
MTDheight,1.0,30,12,6.5000,0.125750
MTDheight,1.0,30,13,7.0000,0.135023
MTDheight,1.0,30,14,7.5000,0.132816
MTDheight,1.0,30,15,8.0000,0.132296
MTDheight,1.0,30,16,8.5000,0.114922
MTDheight,1.0,30,17,9.0000,0.101724
MTDheight,1.0,30,18,9.5000,0.108538
MTDheight,1.0,30,19,10.0000,0.113271
MTDheight,1.0,30,20,10.5000,0.105026
MTDheight,1.0,30,21,11.0000,0.103377
MTDheight,1.0,30,22,11.5000,0.122653
MTDheight,1.0,30,23,12.0000,0.142826
MTDheight,1.0,30,24,12.5000,0.141037
MTDheight,1.0,30,25,13.0000,0.146268
MTDheight,1.0,30,26,13.5000,0.138310
MTDheight,1.0,30,27,14.0000,0.128065
MTDheight,1.0,30,28,14.5000,0.128839
MTDheight,1.0,30,29,15.0000,0.122112
MTDheight,1.0,30,30,15.5000,0.139863
MTDheight,1.0,30,31,16.0000,0.127581
MTDheight,1.0,30,32,16.5000,0.126204
MTDheight,1.0,30,33,17.0000,0.123633
MTDheight,1.0,30,34,17.5000,0.119654
MTDheight,1.0,30,35,18.0000,0.124810
MTDheight,1.0,30,36,18.5000,0.123085
MTDheight,1.0,30,37,19.0000,0.128276
MTDheight,1.0,30,38,19.5000,0.126092
MTDheight,1.0,30,39,20.0000,0.117133
MTDheight,1.0,30,40,20.5000,0.111296
MTDheight,1.0,30,41,21.0000,0.106056
MTDheight,1.0,30,42,21.5000,0.103182
MTDheight,1.0,30,43,22.0000,0.104910
MTDheight,1.0,30,44,22.5000,0.093988
MTDheight,1.0,30,45,23.0000,0.093977
MTDheight,1.0,30,46,23.5000,0.088778
MTDheight,1.0,30,47,24.0000,0.082162
MTDheight,1.0,30,48,24.5000,0.076165
MTDheight,1.0,30,49,25.0000,0.075201
MTDheight,1.0,30,50,25.5000,0.081259
MTDheight,1.0,30,51,26.0000,0.078713
MTDheight,1.0,30,52,26.5000,0.073777
MTDheight,1.0,30,53,27.0000,0.071095
MTDheight,1.0,30,54,27.5000,0.068862
MTDheight,1.0,30,55,28.0000,0.067083
MTDheight,1.0,30,56,28.5000,0.062972
MTDheight,1.0,30,57,29.0000,0.062259
MTDheight,1.0,30,58,29.5000,0.062527
MTDheight,1.0,30,59,30.0000,0.065253
MTDheight,1.0,30,60,30.5000,0.068122
MTDheight,1.0,30,61,31.0000,0.063015
MTDheight,1.0,30,62,31.5000,0.063659
MTDheight,1.0,30,63,32.0000,0.057925
MTDheight,1.0,30,64,32.5000,0.055324
MTDheight,1.0,30,65,33.0000,0.052351
MTDheight,1.0,30,66,33.5000,0.050905
MTDheight,1.0,30,67,34.0000,0.050440
MTDheight,1.0,30,68,34.5000,0.050690
MTDheight,1.0,30,69,35.0000,0.049452
MTDheight,1.0,30,70,35.5000,0.049512
MTDheight,1.0,30,71,36.0000,0.048890
MTDheight,1.0,30,72,36.5000,0.048308
MTDheight,1.0,30,73,37.0000,0.048486
MTDheight,1.0,30,74,37.5000,0.047994
MTDheight,1.0,30,75,38.0000,0.048195
MTDheight,1.0,30,76,38.5000,0.048273
MTDheight,1.0,30,77,39.0000,0.048946
MTDheight,1.0,30,78,39.5000,0.050092
MTDheight,1.0,30,79,40.0000,0.048776
MTDheight,1.0,30,80,40.5000,0.047792
MTDheight,1.0,30,81,41.0000,0.048678
MTDheight,1.0,30,82,41.5000,0.048421
MTDheight,1.0,30,83,42.0000,0.048394
MTDheight,1.0,30,84,42.5000,0.047178
MTDheight,1.0,30,85,43.0000,0.045965
MTDheight,1.0,30,86,43.5000,0.045734
MTDheight,1.0,30,87,44.0000,0.047105
MTDheight,1.0,30,88,44.5000,0.046635
MTDheight,1.0,30,89,45.0000,0.045261
MTDheight,1.0,30,90,45.5000,0.046050
MTDheight,1.0,30,91,46.0000,0.044860
MTDheight,1.0,30,92,46.5000,0.044225
MTDheight,1.0,30,93,47.0000,0.044661
MTDheight,1.0,30,94,47.5000,0.044077
MTDheight,1.0,30,95,48.0000,0.043747
MTDheight,1.0,30,96,48.5000,0.044359
MTDheight,1.0,30,97,49.0000,0.043866
MTDheight,1.0,30,98,49.5000,0.043573
MTDheight,1.0,30,99,50.0000,0.043250
MTDheight,1.0,40,0,0.5000,4.592809
MTDheight,1.0,40,1,1.0000,2.721629
MTDheight,1.0,40,2,1.5000,1.706545
MTDheight,1.0,40,3,2.0000,0.692798
MTDheight,1.0,40,4,2.5000,0.271269
MTDheight,1.0,40,5,3.0000,0.174368
MTDheight,1.0,40,6,3.5000,0.139683
MTDheight,1.0,40,7,4.0000,0.131888
MTDheight,1.0,40,8,4.5000,0.133085
MTDheight,1.0,40,9,5.0000,0.138806
MTDheight,1.0,40,10,5.5000,0.151935
MTDheight,1.0,40,11,6.0000,0.148365
MTDheight,1.0,40,12,6.5000,0.163601
MTDheight,1.0,40,13,7.0000,0.163168
MTDheight,1.0,40,14,7.5000,0.173440
MTDheight,1.0,40,15,8.0000,0.159156
MTDheight,1.0,40,16,8.5000,0.135270
MTDheight,1.0,40,17,9.0000,0.133007
MTDheight,1.0,40,18,9.5000,0.121520
MTDheight,1.0,40,19,10.0000,0.126820
MTDheight,1.0,40,20,10.5000,0.122131
MTDheight,1.0,40,21,11.0000,0.140406
MTDheight,1.0,40,22,11.5000,0.137115
MTDheight,1.0,40,23,12.0000,0.143628
MTDheight,1.0,40,24,12.5000,0.138313
MTDheight,1.0,40,25,13.0000,0.117784
MTDheight,1.0,40,26,13.5000,0.108312
MTDheight,1.0,40,27,14.0000,0.106026
MTDheight,1.0,40,28,14.5000,0.104763
MTDheight,1.0,40,29,15.0000,0.093537
MTDheight,1.0,40,30,15.5000,0.090686
MTDheight,1.0,40,31,16.0000,0.092762
MTDheight,1.0,40,32,16.5000,0.096364
MTDheight,1.0,40,33,17.0000,0.101369
MTDheight,1.0,40,34,17.5000,0.106043
MTDheight,1.0,40,35,18.0000,0.101177
MTDheight,1.0,40,36,18.5000,0.087343
MTDheight,1.0,40,37,19.0000,0.081066
MTDheight,1.0,40,38,19.5000,0.080708
MTDheight,1.0,40,39,20.0000,0.083508
MTDheight,1.0,40,40,20.5000,0.077509
MTDheight,1.0,40,41,21.0000,0.076822
MTDheight,1.0,40,42,21.5000,0.068597
MTDheight,1.0,40,43,22.0000,0.069191
MTDheight,1.0,40,44,22.5000,0.069430
MTDheight,1.0,40,45,23.0000,0.067424
MTDheight,1.0,40,46,23.5000,0.067125
MTDheight,1.0,40,47,24.0000,0.067389
MTDheight,1.0,40,48,24.5000,0.065956
MTDheight,1.0,40,49,25.0000,0.062974
MTDheight,1.0,40,50,25.5000,0.060112
MTDheight,1.0,40,51,26.0000,0.058859
MTDheight,1.0,40,52,26.5000,0.059440
MTDheight,1.0,40,53,27.0000,0.058354
MTDheight,1.0,40,54,27.5000,0.057131
MTDheight,1.0,40,55,28.0000,0.056356
MTDheight,1.0,40,56,28.5000,0.056193
MTDheight,1.0,40,57,29.0000,0.054446
MTDheight,1.0,40,58,29.5000,0.053968
MTDheight,1.0,40,59,30.0000,0.054073
MTDheight,1.0,40,60,30.5000,0.053059
MTDheight,1.0,40,61,31.0000,0.054273
MTDheight,1.0,40,62,31.5000,0.052827
MTDheight,1.0,40,63,32.0000,0.051852
MTDheight,1.0,40,64,32.5000,0.052702
MTDheight,1.0,40,65,33.0000,0.052570
MTDheight,1.0,40,66,33.5000,0.052472
MTDheight,1.0,40,67,34.0000,0.051711
MTDheight,1.0,40,68,34.5000,0.051817
MTDheight,1.0,40,69,35.0000,0.051175
MTDheight,1.0,40,70,35.5000,0.050046
MTDheight,1.0,40,71,36.0000,0.050652
MTDheight,1.0,40,72,36.5000,0.053715
MTDheight,1.0,40,73,37.0000,0.053215
MTDheight,1.0,40,74,37.5000,0.053603
MTDheight,1.0,40,75,38.0000,0.050330
MTDheight,1.0,40,76,38.5000,0.049398
MTDheight,1.0,40,77,39.0000,0.048662
MTDheight,1.0,40,78,39.5000,0.051703
MTDheight,1.0,40,79,40.0000,0.051764
MTDheight,1.0,40,80,40.5000,0.052552
MTDheight,1.0,40,81,41.0000,0.051640
MTDheight,1.0,40,82,41.5000,0.050492
MTDheight,1.0,40,83,42.0000,0.052485
MTDheight,1.0,40,84,42.5000,0.051610
MTDheight,1.0,40,85,43.0000,0.051789
MTDheight,1.0,40,86,43.5000,0.053350
MTDheight,1.0,40,87,44.0000,0.053390
MTDheight,1.0,40,88,44.5000,0.052351
MTDheight,1.0,40,89,45.0000,0.050277
MTDheight,1.0,40,90,45.5000,0.048975
MTDheight,1.0,40,91,46.0000,0.048559
MTDheight,1.0,40,92,46.5000,0.046752
MTDheight,1.0,40,93,47.0000,0.046982
MTDheight,1.0,40,94,47.5000,0.047482
MTDheight,1.0,40,95,48.0000,0.046712
MTDheight,1.0,40,96,48.5000,0.049140
MTDheight,1.0,40,97,49.0000,0.047711
MTDheight,1.0,40,98,49.5000,0.046238
MTDheight,1.0,40,99,50.0000,0.045893
MTDheight,1.0,50,0,0.5000,4.317128
MTDheight,1.0,50,1,1.0000,2.669647
MTDheight,1.0,50,2,1.5000,1.364373
MTDheight,1.0,50,3,2.0000,0.759984
MTDheight,1.0,50,4,2.5000,0.294373
MTDheight,1.0,50,5,3.0000,0.154527
MTDheight,1.0,50,6,3.5000,0.154063
MTDheight,1.0,50,7,4.0000,0.131942
MTDheight,1.0,50,8,4.5000,0.131399
MTDheight,1.0,50,9,5.0000,0.155899
MTDheight,1.0,50,10,5.5000,0.141937
MTDheight,1.0,50,11,6.0000,0.138491
MTDheight,1.0,50,12,6.5000,0.119373
MTDheight,1.0,50,13,7.0000,0.118161
MTDheight,1.0,50,14,7.5000,0.118774
MTDheight,1.0,50,15,8.0000,0.114457
MTDheight,1.0,50,16,8.5000,0.112080
MTDheight,1.0,50,17,9.0000,0.116921
MTDheight,1.0,50,18,9.5000,0.109274
MTDheight,1.0,50,19,10.0000,0.104477
MTDheight,1.0,50,20,10.5000,0.110046
MTDheight,1.0,50,21,11.0000,0.104129
MTDheight,1.0,50,22,11.5000,0.099302
MTDheight,1.0,50,23,12.0000,0.099928
MTDheight,1.0,50,24,12.5000,0.098176
MTDheight,1.0,50,25,13.0000,0.092397
MTDheight,1.0,50,26,13.5000,0.093381
MTDheight,1.0,50,27,14.0000,0.088545
MTDheight,1.0,50,28,14.5000,0.085221
MTDheight,1.0,50,29,15.0000,0.078101
MTDheight,1.0,50,30,15.5000,0.079422
MTDheight,1.0,50,31,16.0000,0.075401
MTDheight,1.0,50,32,16.5000,0.073858
MTDheight,1.0,50,33,17.0000,0.070376
MTDheight,1.0,50,34,17.5000,0.070523
MTDheight,1.0,50,35,18.0000,0.071470
MTDheight,1.0,50,36,18.5000,0.067939
MTDheight,1.0,50,37,19.0000,0.067377
MTDheight,1.0,50,38,19.5000,0.066135
MTDheight,1.0,50,39,20.0000,0.065075
MTDheight,1.0,50,40,20.5000,0.063296
MTDheight,1.0,50,41,21.0000,0.062289
MTDheight,1.0,50,42,21.5000,0.061751
MTDheight,1.0,50,43,22.0000,0.060872
MTDheight,1.0,50,44,22.5000,0.061136
MTDheight,1.0,50,45,23.0000,0.061766
MTDheight,1.0,50,46,23.5000,0.060480
MTDheight,1.0,50,47,24.0000,0.060524
MTDheight,1.0,50,48,24.5000,0.059984
MTDheight,1.0,50,49,25.0000,0.060070
MTDheight,1.0,50,50,25.5000,0.060438
MTDheight,1.0,50,51,26.0000,0.059958
MTDheight,1.0,50,52,26.5000,0.060209
MTDheight,1.0,50,53,27.0000,0.060239
MTDheight,1.0,50,54,27.5000,0.058215
MTDheight,1.0,50,55,28.0000,0.058690
MTDheight,1.0,50,56,28.5000,0.057989
MTDheight,1.0,50,57,29.0000,0.057558
MTDheight,1.0,50,58,29.5000,0.057720
MTDheight,1.0,50,59,30.0000,0.059425
MTDheight,1.0,50,60,30.5000,0.058458
MTDheight,1.0,50,61,31.0000,0.058639
MTDheight,1.0,50,62,31.5000,0.057955
MTDheight,1.0,50,63,32.0000,0.058234
MTDheight,1.0,50,64,32.5000,0.058412
MTDheight,1.0,50,65,33.0000,0.058298
MTDheight,1.0,50,66,33.5000,0.058311
MTDheight,1.0,50,67,34.0000,0.056949
MTDheight,1.0,50,68,34.5000,0.056172
MTDheight,1.0,50,69,35.0000,0.055330
MTDheight,1.0,50,70,35.5000,0.054467
MTDheight,1.0,50,71,36.0000,0.053323
MTDheight,1.0,50,72,36.5000,0.053557
MTDheight,1.0,50,73,37.0000,0.053252
MTDheight,1.0,50,74,37.5000,0.052859
MTDheight,1.0,50,75,38.0000,0.052967
MTDheight,1.0,50,76,38.5000,0.052382
MTDheight,1.0,50,77,39.0000,0.052042
MTDheight,1.0,50,78,39.5000,0.052604
MTDheight,1.0,50,79,40.0000,0.052693
MTDheight,1.0,50,80,40.5000,0.052025
MTDheight,1.0,50,81,41.0000,0.051602
MTDheight,1.0,50,82,41.5000,0.051882
MTDheight,1.0,50,83,42.0000,0.052895
MTDheight,1.0,50,84,42.5000,0.054589
MTDheight,1.0,50,85,43.0000,0.054220
MTDheight,1.0,50,86,43.5000,0.058140
MTDheight,1.0,50,87,44.0000,0.064046
MTDheight,1.0,50,88,44.5000,0.063006
MTDheight,1.0,50,89,45.0000,0.062123
MTDheight,1.0,50,90,45.5000,0.061098
MTDheight,1.0,50,91,46.0000,0.062674
MTDheight,1.0,50,92,46.5000,0.061358
MTDheight,1.0,50,93,47.0000,0.061187
MTDheight,1.0,50,94,47.5000,0.059255
MTDheight,1.0,50,95,48.0000,0.060639
MTDheight,1.0,50,96,48.5000,0.059909
MTDheight,1.0,50,97,49.0000,0.058218
MTDheight,1.0,50,98,49.5000,0.060958
MTDheight,1.0,50,99,50.0000,0.058698
MTDheight,2.0,10,0,0.5000,3.363328
MTDheight,2.0,10,1,1.0000,1.948326
MTDheight,2.0,10,2,1.5000,0.741529
MTDheight,2.0,10,3,2.0000,0.240080
MTDheight,2.0,10,4,2.5000,0.194696
MTDheight,2.0,10,5,3.0000,0.178561
MTDheight,2.0,10,6,3.5000,0.146064
MTDheight,2.0,10,7,4.0000,0.131901
MTDheight,2.0,10,8,4.5000,0.130865
MTDheight,2.0,10,9,5.0000,0.129643
MTDheight,2.0,10,10,5.5000,0.146557
MTDheight,2.0,10,11,6.0000,0.146070
MTDheight,2.0,10,12,6.5000,0.126066
MTDheight,2.0,10,13,7.0000,0.112543
MTDheight,2.0,10,14,7.5000,0.105784
MTDheight,2.0,10,15,8.0000,0.104777
MTDheight,2.0,10,16,8.5000,0.104079
MTDheight,2.0,10,17,9.0000,0.102346
MTDheight,2.0,10,18,9.5000,0.095277
MTDheight,2.0,10,19,10.0000,0.089417
MTDheight,2.0,10,20,10.5000,0.093448
MTDheight,2.0,10,21,11.0000,0.088857
MTDheight,2.0,10,22,11.5000,0.088283
MTDheight,2.0,10,23,12.0000,0.086551
MTDheight,2.0,10,24,12.5000,0.085621
MTDheight,2.0,10,25,13.0000,0.083350
MTDheight,2.0,10,26,13.5000,0.079221
MTDheight,2.0,10,27,14.0000,0.079229
MTDheight,2.0,10,28,14.5000,0.084227
MTDheight,2.0,10,29,15.0000,0.079983
MTDheight,2.0,10,30,15.5000,0.075003
MTDheight,2.0,10,31,16.0000,0.073315
MTDheight,2.0,10,32,16.5000,0.073651
MTDheight,2.0,10,33,17.0000,0.071655
MTDheight,2.0,10,34,17.5000,0.070872
MTDheight,2.0,10,35,18.0000,0.071158
MTDheight,2.0,10,36,18.5000,0.074757
MTDheight,2.0,10,37,19.0000,0.075998
MTDheight,2.0,10,38,19.5000,0.080928
MTDheight,2.0,10,39,20.0000,0.086707
MTDheight,2.0,10,40,20.5000,0.093728
MTDheight,2.0,10,41,21.0000,0.088917
MTDheight,2.0,10,42,21.5000,0.084478
MTDheight,2.0,10,43,22.0000,0.079995
MTDheight,2.0,10,44,22.5000,0.080469
MTDheight,2.0,10,45,23.0000,0.077839
MTDheight,2.0,10,46,23.5000,0.075172
MTDheight,2.0,10,47,24.0000,0.070453
MTDheight,2.0,10,48,24.5000,0.074033
MTDheight,2.0,10,49,25.0000,0.070526
MTDheight,2.0,10,50,25.5000,0.070912
MTDheight,2.0,10,51,26.0000,0.073587
MTDheight,2.0,10,52,26.5000,0.082927
MTDheight,2.0,10,53,27.0000,0.072867
MTDheight,2.0,10,54,27.5000,0.074718
MTDheight,2.0,10,55,28.0000,0.075905
MTDheight,2.0,10,56,28.5000,0.072807
MTDheight,2.0,10,57,29.0000,0.073026
MTDheight,2.0,10,58,29.5000,0.071339
MTDheight,2.0,10,59,30.0000,0.069768
MTDheight,2.0,10,60,30.5000,0.069517
MTDheight,2.0,10,61,31.0000,0.069811
MTDheight,2.0,10,62,31.5000,0.064597
MTDheight,2.0,10,63,32.0000,0.063500
MTDheight,2.0,10,64,32.5000,0.065732
MTDheight,2.0,10,65,33.0000,0.064571
MTDheight,2.0,10,66,33.5000,0.064059
MTDheight,2.0,10,67,34.0000,0.062386
MTDheight,2.0,10,68,34.5000,0.066649
MTDheight,2.0,10,69,35.0000,0.065564
MTDheight,2.0,10,70,35.5000,0.066153
MTDheight,2.0,10,71,36.0000,0.063543
MTDheight,2.0,10,72,36.5000,0.064001
MTDheight,2.0,10,73,37.0000,0.063306
MTDheight,2.0,10,74,37.5000,0.063698
MTDheight,2.0,10,75,38.0000,0.064189
MTDheight,2.0,10,76,38.5000,0.063685
MTDheight,2.0,10,77,39.0000,0.062767
MTDheight,2.0,10,78,39.5000,0.064916
MTDheight,2.0,10,79,40.0000,0.065209
MTDheight,2.0,10,80,40.5000,0.064776
MTDheight,2.0,10,81,41.0000,0.062717
MTDheight,2.0,10,82,41.5000,0.058679
MTDheight,2.0,10,83,42.0000,0.060374
MTDheight,2.0,10,84,42.5000,0.059465
MTDheight,2.0,10,85,43.0000,0.058764
MTDheight,2.0,10,86,43.5000,0.057469
MTDheight,2.0,10,87,44.0000,0.057027
MTDheight,2.0,10,88,44.5000,0.059345
MTDheight,2.0,10,89,45.0000,0.060174
MTDheight,2.0,10,90,45.5000,0.058735
MTDheight,2.0,10,91,46.0000,0.058865
MTDheight,2.0,10,92,46.5000,0.058137
MTDheight,2.0,10,93,47.0000,0.058827
MTDheight,2.0,10,94,47.5000,0.062035
MTDheight,2.0,10,95,48.0000,0.061891
MTDheight,2.0,10,96,48.5000,0.061044
MTDheight,2.0,10,97,49.0000,0.062594
MTDheight,2.0,10,98,49.5000,0.059744
MTDheight,2.0,10,99,50.0000,0.060413
MTDheight,2.0,20,0,0.5000,3.889311
MTDheight,2.0,20,1,1.0000,1.723135
MTDheight,2.0,20,2,1.5000,0.614711
MTDheight,2.0,20,3,2.0000,0.207086
MTDheight,2.0,20,4,2.5000,0.211259
MTDheight,2.0,20,5,3.0000,0.203726
MTDheight,2.0,20,6,3.5000,0.183548
MTDheight,2.0,20,7,4.0000,0.181704
MTDheight,2.0,20,8,4.5000,0.157041
MTDheight,2.0,20,9,5.0000,0.174709
MTDheight,2.0,20,10,5.5000,0.147955
MTDheight,2.0,20,11,6.0000,0.147389
MTDheight,2.0,20,12,6.5000,0.139638
MTDheight,2.0,20,13,7.0000,0.146008
MTDheight,2.0,20,14,7.5000,0.108305
MTDheight,2.0,20,15,8.0000,0.111436
MTDheight,2.0,20,16,8.5000,0.113001
MTDheight,2.0,20,17,9.0000,0.110008
MTDheight,2.0,20,18,9.5000,0.102748
MTDheight,2.0,20,19,10.0000,0.094512
MTDheight,2.0,20,20,10.5000,0.094472
MTDheight,2.0,20,21,11.0000,0.092760
MTDheight,2.0,20,22,11.5000,0.093810
MTDheight,2.0,20,23,12.0000,0.091311
MTDheight,2.0,20,24,12.5000,0.087686
MTDheight,2.0,20,25,13.0000,0.087522
MTDheight,2.0,20,26,13.5000,0.085471
MTDheight,2.0,20,27,14.0000,0.083991
MTDheight,2.0,20,28,14.5000,0.080997
MTDheight,2.0,20,29,15.0000,0.079241
MTDheight,2.0,20,30,15.5000,0.077875
MTDheight,2.0,20,31,16.0000,0.076209
MTDheight,2.0,20,32,16.5000,0.074320
MTDheight,2.0,20,33,17.0000,0.076966
MTDheight,2.0,20,34,17.5000,0.074925
MTDheight,2.0,20,35,18.0000,0.071932
MTDheight,2.0,20,36,18.5000,0.070213
MTDheight,2.0,20,37,19.0000,0.070971
MTDheight,2.0,20,38,19.5000,0.071121
MTDheight,2.0,20,39,20.0000,0.071857
MTDheight,2.0,20,40,20.5000,0.078743
MTDheight,2.0,20,41,21.0000,0.072132
MTDheight,2.0,20,42,21.5000,0.070162
MTDheight,2.0,20,43,22.0000,0.073656
MTDheight,2.0,20,44,22.5000,0.069496
MTDheight,2.0,20,45,23.0000,0.076767
MTDheight,2.0,20,46,23.5000,0.077710
MTDheight,2.0,20,47,24.0000,0.079763
MTDheight,2.0,20,48,24.5000,0.074793
MTDheight,2.0,20,49,25.0000,0.067735
MTDheight,2.0,20,50,25.5000,0.068371
MTDheight,2.0,20,51,26.0000,0.070043
MTDheight,2.0,20,52,26.5000,0.071356
MTDheight,2.0,20,53,27.0000,0.070857
MTDheight,2.0,20,54,27.5000,0.069237
MTDheight,2.0,20,55,28.0000,0.068713
MTDheight,2.0,20,56,28.5000,0.068727
MTDheight,2.0,20,57,29.0000,0.065526
MTDheight,2.0,20,58,29.5000,0.063167
MTDheight,2.0,20,59,30.0000,0.061691
MTDheight,2.0,20,60,30.5000,0.060288
MTDheight,2.0,20,61,31.0000,0.063824
MTDheight,2.0,20,62,31.5000,0.061624
MTDheight,2.0,20,63,32.0000,0.063684
MTDheight,2.0,20,64,32.5000,0.061534
MTDheight,2.0,20,65,33.0000,0.064510
MTDheight,2.0,20,66,33.5000,0.065687
MTDheight,2.0,20,67,34.0000,0.059183
MTDheight,2.0,20,68,34.5000,0.060366
MTDheight,2.0,20,69,35.0000,0.060223
MTDheight,2.0,20,70,35.5000,0.063141
MTDheight,2.0,20,71,36.0000,0.062926
MTDheight,2.0,20,72,36.5000,0.063418
MTDheight,2.0,20,73,37.0000,0.063501
MTDheight,2.0,20,74,37.5000,0.068843
MTDheight,2.0,20,75,38.0000,0.069832
MTDheight,2.0,20,76,38.5000,0.067165
MTDheight,2.0,20,77,39.0000,0.067271
MTDheight,2.0,20,78,39.5000,0.067337
MTDheight,2.0,20,79,40.0000,0.071306
MTDheight,2.0,20,80,40.5000,0.065862
MTDheight,2.0,20,81,41.0000,0.063676
MTDheight,2.0,20,82,41.5000,0.062553
MTDheight,2.0,20,83,42.0000,0.062546
MTDheight,2.0,20,84,42.5000,0.064806
MTDheight,2.0,20,85,43.0000,0.064737
MTDheight,2.0,20,86,43.5000,0.068515
MTDheight,2.0,20,87,44.0000,0.067979
MTDheight,2.0,20,88,44.5000,0.068150
MTDheight,2.0,20,89,45.0000,0.064550
MTDheight,2.0,20,90,45.5000,0.062399
MTDheight,2.0,20,91,46.0000,0.064048
MTDheight,2.0,20,92,46.5000,0.065179
MTDheight,2.0,20,93,47.0000,0.065422
MTDheight,2.0,20,94,47.5000,0.064950
MTDheight,2.0,20,95,48.0000,0.062155
MTDheight,2.0,20,96,48.5000,0.060645
MTDheight,2.0,20,97,49.0000,0.060457
MTDheight,2.0,20,98,49.5000,0.060430
MTDheight,2.0,20,99,50.0000,0.058518
MTDheight,2.0,30,0,0.5000,3.834859
MTDheight,2.0,30,1,1.0000,1.616829
MTDheight,2.0,30,2,1.5000,0.640575
MTDheight,2.0,30,3,2.0000,0.245286
MTDheight,2.0,30,4,2.5000,0.186206
MTDheight,2.0,30,5,3.0000,0.164184
MTDheight,2.0,30,6,3.5000,0.151777
MTDheight,2.0,30,7,4.0000,0.146721
MTDheight,2.0,30,8,4.5000,0.136182
MTDheight,2.0,30,9,5.0000,0.126628
MTDheight,2.0,30,10,5.5000,0.147596
MTDheight,2.0,30,11,6.0000,0.128611
MTDheight,2.0,30,12,6.5000,0.126901
MTDheight,2.0,30,13,7.0000,0.109912
MTDheight,2.0,30,14,7.5000,0.118280
MTDheight,2.0,30,15,8.0000,0.103193
MTDheight,2.0,30,16,8.5000,0.100253
MTDheight,2.0,30,17,9.0000,0.099341
MTDheight,2.0,30,18,9.5000,0.097657
MTDheight,2.0,30,19,10.0000,0.096424
MTDheight,2.0,30,20,10.5000,0.094126
MTDheight,2.0,30,21,11.0000,0.092774
MTDheight,2.0,30,22,11.5000,0.089098
MTDheight,2.0,30,23,12.0000,0.087977
MTDheight,2.0,30,24,12.5000,0.087263
MTDheight,2.0,30,25,13.0000,0.095871
MTDheight,2.0,30,26,13.5000,0.101472
MTDheight,2.0,30,27,14.0000,0.104329
MTDheight,2.0,30,28,14.5000,0.093101
MTDheight,2.0,30,29,15.0000,0.091555
MTDheight,2.0,30,30,15.5000,0.087210
MTDheight,2.0,30,31,16.0000,0.083303
MTDheight,2.0,30,32,16.5000,0.078392
MTDheight,2.0,30,33,17.0000,0.075496
MTDheight,2.0,30,34,17.5000,0.073103
MTDheight,2.0,30,35,18.0000,0.071604
MTDheight,2.0,30,36,18.5000,0.069864
MTDheight,2.0,30,37,19.0000,0.069923
MTDheight,2.0,30,38,19.5000,0.068907
MTDheight,2.0,30,39,20.0000,0.067876
MTDheight,2.0,30,40,20.5000,0.066537
MTDheight,2.0,30,41,21.0000,0.064644
MTDheight,2.0,30,42,21.5000,0.064076
MTDheight,2.0,30,43,22.0000,0.064099
MTDheight,2.0,30,44,22.5000,0.064943
MTDheight,2.0,30,45,23.0000,0.063231
MTDheight,2.0,30,46,23.5000,0.061851
MTDheight,2.0,30,47,24.0000,0.063134
MTDheight,2.0,30,48,24.5000,0.063361
MTDheight,2.0,30,49,25.0000,0.065573
MTDheight,2.0,30,50,25.5000,0.065796
MTDheight,2.0,30,51,26.0000,0.061199
MTDheight,2.0,30,52,26.5000,0.061592
MTDheight,2.0,30,53,27.0000,0.063248
MTDheight,2.0,30,54,27.5000,0.063301
MTDheight,2.0,30,55,28.0000,0.065152
MTDheight,2.0,30,56,28.5000,0.064549
MTDheight,2.0,30,57,29.0000,0.064513
MTDheight,2.0,30,58,29.5000,0.062315
MTDheight,2.0,30,59,30.0000,0.059999
MTDheight,2.0,30,60,30.5000,0.057586
MTDheight,2.0,30,61,31.0000,0.058480
MTDheight,2.0,30,62,31.5000,0.058561
MTDheight,2.0,30,63,32.0000,0.060611
MTDheight,2.0,30,64,32.5000,0.060244
MTDheight,2.0,30,65,33.0000,0.059839
MTDheight,2.0,30,66,33.5000,0.061469
MTDheight,2.0,30,67,34.0000,0.061799
MTDheight,2.0,30,68,34.5000,0.060355
MTDheight,2.0,30,69,35.0000,0.058765
MTDheight,2.0,30,70,35.5000,0.058924
MTDheight,2.0,30,71,36.0000,0.057875
MTDheight,2.0,30,72,36.5000,0.056556
MTDheight,2.0,30,73,37.0000,0.056280
MTDheight,2.0,30,74,37.5000,0.055800
MTDheight,2.0,30,75,38.0000,0.055725
MTDheight,2.0,30,76,38.5000,0.055434
MTDheight,2.0,30,77,39.0000,0.054706
MTDheight,2.0,30,78,39.5000,0.056237
MTDheight,2.0,30,79,40.0000,0.056749
MTDheight,2.0,30,80,40.5000,0.054908
MTDheight,2.0,30,81,41.0000,0.055733
MTDheight,2.0,30,82,41.5000,0.055136
MTDheight,2.0,30,83,42.0000,0.054797
MTDheight,2.0,30,84,42.5000,0.054560
MTDheight,2.0,30,85,43.0000,0.052778
MTDheight,2.0,30,86,43.5000,0.052795
MTDheight,2.0,30,87,44.0000,0.050936
MTDheight,2.0,30,88,44.5000,0.050259
MTDheight,2.0,30,89,45.0000,0.050341
MTDheight,2.0,30,90,45.5000,0.050270
MTDheight,2.0,30,91,46.0000,0.050928
MTDheight,2.0,30,92,46.5000,0.051032
MTDheight,2.0,30,93,47.0000,0.050170
MTDheight,2.0,30,94,47.5000,0.049817
MTDheight,2.0,30,95,48.0000,0.049770
MTDheight,2.0,30,96,48.5000,0.049757
MTDheight,2.0,30,97,49.0000,0.049765
MTDheight,2.0,30,98,49.5000,0.050004
MTDheight,2.0,30,99,50.0000,0.049484
MTDheight,2.0,40,0,0.5000,3.375726
MTDheight,2.0,40,1,1.0000,1.584708
MTDheight,2.0,40,2,1.5000,0.539729
MTDheight,2.0,40,3,2.0000,0.273336
MTDheight,2.0,40,4,2.5000,0.181153
MTDheight,2.0,40,5,3.0000,0.210392
MTDheight,2.0,40,6,3.5000,0.172458
MTDheight,2.0,40,7,4.0000,0.148572
MTDheight,2.0,40,8,4.5000,0.129960
MTDheight,2.0,40,9,5.0000,0.119492
MTDheight,2.0,40,10,5.5000,0.134432
MTDheight,2.0,40,11,6.0000,0.136627
MTDheight,2.0,40,12,6.5000,0.116511
MTDheight,2.0,40,13,7.0000,0.105947
MTDheight,2.0,40,14,7.5000,0.112794
MTDheight,2.0,40,15,8.0000,0.122758
MTDheight,2.0,40,16,8.5000,0.111789
MTDheight,2.0,40,17,9.0000,0.114610
MTDheight,2.0,40,18,9.5000,0.116085
MTDheight,2.0,40,19,10.0000,0.108885
MTDheight,2.0,40,20,10.5000,0.112488
MTDheight,2.0,40,21,11.0000,0.116848
MTDheight,2.0,40,22,11.5000,0.112093
MTDheight,2.0,40,23,12.0000,0.106302
MTDheight,2.0,40,24,12.5000,0.095480
MTDheight,2.0,40,25,13.0000,0.097353
MTDheight,2.0,40,26,13.5000,0.100235
MTDheight,2.0,40,27,14.0000,0.095921
MTDheight,2.0,40,28,14.5000,0.092772
MTDheight,2.0,40,29,15.0000,0.092220
MTDheight,2.0,40,30,15.5000,0.086003
MTDheight,2.0,40,31,16.0000,0.089659
MTDheight,2.0,40,32,16.5000,0.090025
MTDheight,2.0,40,33,17.0000,0.086211
MTDheight,2.0,40,34,17.5000,0.090104
MTDheight,2.0,40,35,18.0000,0.104180
MTDheight,2.0,40,36,18.5000,0.096999
MTDheight,2.0,40,37,19.0000,0.082480
MTDheight,2.0,40,38,19.5000,0.091714
MTDheight,2.0,40,39,20.0000,0.086430
MTDheight,2.0,40,40,20.5000,0.081767
MTDheight,2.0,40,41,21.0000,0.106810
MTDheight,2.0,40,42,21.5000,0.111163
MTDheight,2.0,40,43,22.0000,0.116478
MTDheight,2.0,40,44,22.5000,0.118140
MTDheight,2.0,40,45,23.0000,0.115567
MTDheight,2.0,40,46,23.5000,0.114131
MTDheight,2.0,40,47,24.0000,0.114753
MTDheight,2.0,40,48,24.5000,0.109581
MTDheight,2.0,40,49,25.0000,0.109448
MTDheight,2.0,40,50,25.5000,0.101718
MTDheight,2.0,40,51,26.0000,0.100983
MTDheight,2.0,40,52,26.5000,0.115737
MTDheight,2.0,40,53,27.0000,0.110525
MTDheight,2.0,40,54,27.5000,0.106729
MTDheight,2.0,40,55,28.0000,0.108503
MTDheight,2.0,40,56,28.5000,0.102839
MTDheight,2.0,40,57,29.0000,0.110142
MTDheight,2.0,40,58,29.5000,0.104543
MTDheight,2.0,40,59,30.0000,0.099181
MTDheight,2.0,40,60,30.5000,0.099492
MTDheight,2.0,40,61,31.0000,0.096703
MTDheight,2.0,40,62,31.5000,0.103806
MTDheight,2.0,40,63,32.0000,0.099906
MTDheight,2.0,40,64,32.5000,0.101285
MTDheight,2.0,40,65,33.0000,0.103069
MTDheight,2.0,40,66,33.5000,0.108241
MTDheight,2.0,40,67,34.0000,0.105633
MTDheight,2.0,40,68,34.5000,0.097377
MTDheight,2.0,40,69,35.0000,0.090480
MTDheight,2.0,40,70,35.5000,0.093411
MTDheight,2.0,40,71,36.0000,0.089144
MTDheight,2.0,40,72,36.5000,0.094103
MTDheight,2.0,40,73,37.0000,0.095412
MTDheight,2.0,40,74,37.5000,0.093457
MTDheight,2.0,40,75,38.0000,0.091881
MTDheight,2.0,40,76,38.5000,0.086419
MTDheight,2.0,40,77,39.0000,0.087109
MTDheight,2.0,40,78,39.5000,0.088044
MTDheight,2.0,40,79,40.0000,0.084587
MTDheight,2.0,40,80,40.5000,0.075013
MTDheight,2.0,40,81,41.0000,0.073942
MTDheight,2.0,40,82,41.5000,0.076017
MTDheight,2.0,40,83,42.0000,0.071824
MTDheight,2.0,40,84,42.5000,0.069593
MTDheight,2.0,40,85,43.0000,0.073138
MTDheight,2.0,40,86,43.5000,0.081408
MTDheight,2.0,40,87,44.0000,0.080457
MTDheight,2.0,40,88,44.5000,0.079816
MTDheight,2.0,40,89,45.0000,0.076261
MTDheight,2.0,40,90,45.5000,0.077599
MTDheight,2.0,40,91,46.0000,0.074100
MTDheight,2.0,40,92,46.5000,0.071943
MTDheight,2.0,40,93,47.0000,0.071838
MTDheight,2.0,40,94,47.5000,0.069990
MTDheight,2.0,40,95,48.0000,0.064165
MTDheight,2.0,40,96,48.5000,0.061874
MTDheight,2.0,40,97,49.0000,0.063557
MTDheight,2.0,40,98,49.5000,0.062141
MTDheight,2.0,40,99,50.0000,0.060700
MTDheight,2.0,50,0,0.5000,3.728732
MTDheight,2.0,50,1,1.0000,1.619432
MTDheight,2.0,50,2,1.5000,0.660562
MTDheight,2.0,50,3,2.0000,0.225146
MTDheight,2.0,50,4,2.5000,0.204827
MTDheight,2.0,50,5,3.0000,0.217033
MTDheight,2.0,50,6,3.5000,0.160467
MTDheight,2.0,50,7,4.0000,0.141678
MTDheight,2.0,50,8,4.5000,0.128732
MTDheight,2.0,50,9,5.0000,0.119831
MTDheight,2.0,50,10,5.5000,0.119035
MTDheight,2.0,50,11,6.0000,0.112148
MTDheight,2.0,50,12,6.5000,0.108367
MTDheight,2.0,50,13,7.0000,0.107722
MTDheight,2.0,50,14,7.5000,0.119086
MTDheight,2.0,50,15,8.0000,0.110025
MTDheight,2.0,50,16,8.5000,0.111737
MTDheight,2.0,50,17,9.0000,0.098894
MTDheight,2.0,50,18,9.5000,0.097967
MTDheight,2.0,50,19,10.0000,0.102076
MTDheight,2.0,50,20,10.5000,0.099811
MTDheight,2.0,50,21,11.0000,0.100619
MTDheight,2.0,50,22,11.5000,0.096310
MTDheight,2.0,50,23,12.0000,0.098069
MTDheight,2.0,50,24,12.5000,0.108619
MTDheight,2.0,50,25,13.0000,0.095187
MTDheight,2.0,50,26,13.5000,0.090715
MTDheight,2.0,50,27,14.0000,0.087942
MTDheight,2.0,50,28,14.5000,0.091173
MTDheight,2.0,50,29,15.0000,0.095828
MTDheight,2.0,50,30,15.5000,0.095097
MTDheight,2.0,50,31,16.0000,0.094231
MTDheight,2.0,50,32,16.5000,0.084540
MTDheight,2.0,50,33,17.0000,0.082535
MTDheight,2.0,50,34,17.5000,0.081401
MTDheight,2.0,50,35,18.0000,0.080088
MTDheight,2.0,50,36,18.5000,0.081080
MTDheight,2.0,50,37,19.0000,0.081514
MTDheight,2.0,50,38,19.5000,0.084464
MTDheight,2.0,50,39,20.0000,0.077766
MTDheight,2.0,50,40,20.5000,0.076974
MTDheight,2.0,50,41,21.0000,0.075514
MTDheight,2.0,50,42,21.5000,0.076003
MTDheight,2.0,50,43,22.0000,0.076571
MTDheight,2.0,50,44,22.5000,0.078404
MTDheight,2.0,50,45,23.0000,0.075914
MTDheight,2.0,50,46,23.5000,0.076016
MTDheight,2.0,50,47,24.0000,0.080068
MTDheight,2.0,50,48,24.5000,0.082233
MTDheight,2.0,50,49,25.0000,0.082654
MTDheight,2.0,50,50,25.5000,0.077079
MTDheight,2.0,50,51,26.0000,0.072835
MTDheight,2.0,50,52,26.5000,0.068646
MTDheight,2.0,50,53,27.0000,0.077110
MTDheight,2.0,50,54,27.5000,0.075304
MTDheight,2.0,50,55,28.0000,0.071672
MTDheight,2.0,50,56,28.5000,0.070740
MTDheight,2.0,50,57,29.0000,0.076544
MTDheight,2.0,50,58,29.5000,0.068363
MTDheight,2.0,50,59,30.0000,0.067530
MTDheight,2.0,50,60,30.5000,0.066973
MTDheight,2.0,50,61,31.0000,0.063146
MTDheight,2.0,50,62,31.5000,0.063181
MTDheight,2.0,50,63,32.0000,0.063953
MTDheight,2.0,50,64,32.5000,0.060757
MTDheight,2.0,50,65,33.0000,0.062001
MTDheight,2.0,50,66,33.5000,0.060655
MTDheight,2.0,50,67,34.0000,0.059340
MTDheight,2.0,50,68,34.5000,0.060506
MTDheight,2.0,50,69,35.0000,0.062114
MTDheight,2.0,50,70,35.5000,0.063036
MTDheight,2.0,50,71,36.0000,0.059767
MTDheight,2.0,50,72,36.5000,0.056499
MTDheight,2.0,50,73,37.0000,0.057216
MTDheight,2.0,50,74,37.5000,0.056356
MTDheight,2.0,50,75,38.0000,0.055283
MTDheight,2.0,50,76,38.5000,0.055188
MTDheight,2.0,50,77,39.0000,0.053033
MTDheight,2.0,50,78,39.5000,0.053623
MTDheight,2.0,50,79,40.0000,0.052076
MTDheight,2.0,50,80,40.5000,0.051139
MTDheight,2.0,50,81,41.0000,0.051160
MTDheight,2.0,50,82,41.5000,0.052399
MTDheight,2.0,50,83,42.0000,0.052916
MTDheight,2.0,50,84,42.5000,0.052658
MTDheight,2.0,50,85,43.0000,0.055545
MTDheight,2.0,50,86,43.5000,0.055392
MTDheight,2.0,50,87,44.0000,0.052202
MTDheight,2.0,50,88,44.5000,0.051206
MTDheight,2.0,50,89,45.0000,0.050864
MTDheight,2.0,50,90,45.5000,0.050522
MTDheight,2.0,50,91,46.0000,0.049093
MTDheight,2.0,50,92,46.5000,0.048424
MTDheight,2.0,50,93,47.0000,0.047609
MTDheight,2.0,50,94,47.5000,0.049351
MTDheight,2.0,50,95,48.0000,0.050181
MTDheight,2.0,50,96,48.5000,0.049988
MTDheight,2.0,50,97,49.0000,0.050799
MTDheight,2.0,50,98,49.5000,0.049500
MTDheight,2.0,50,99,50.0000,0.050203
MTDheight,4.0,10,0,0.5000,2.332657
MTDheight,4.0,10,1,1.0000,0.709056
MTDheight,4.0,10,2,1.5000,0.308401
MTDheight,4.0,10,3,2.0000,0.219497
MTDheight,4.0,10,4,2.5000,0.208287
MTDheight,4.0,10,5,3.0000,0.256205
MTDheight,4.0,10,6,3.5000,0.265118
MTDheight,4.0,10,7,4.0000,0.321829
MTDheight,4.0,10,8,4.5000,0.321742
MTDheight,4.0,10,9,5.0000,0.304941
MTDheight,4.0,10,10,5.5000,0.347279
MTDheight,4.0,10,11,6.0000,0.353357
MTDheight,4.0,10,12,6.5000,0.250547
MTDheight,4.0,10,13,7.0000,0.251960
MTDheight,4.0,10,14,7.5000,0.243527
MTDheight,4.0,10,15,8.0000,0.270456
MTDheight,4.0,10,16,8.5000,0.255449
MTDheight,4.0,10,17,9.0000,0.232333
MTDheight,4.0,10,18,9.5000,0.248971
MTDheight,4.0,10,19,10.0000,0.263467
MTDheight,4.0,10,20,10.5000,0.259738
MTDheight,4.0,10,21,11.0000,0.239333
MTDheight,4.0,10,22,11.5000,0.225945
MTDheight,4.0,10,23,12.0000,0.196420
MTDheight,4.0,10,24,12.5000,0.181338
MTDheight,4.0,10,25,13.0000,0.175989
MTDheight,4.0,10,26,13.5000,0.177132
MTDheight,4.0,10,27,14.0000,0.180143
MTDheight,4.0,10,28,14.5000,0.178674
MTDheight,4.0,10,29,15.0000,0.158514
MTDheight,4.0,10,30,15.5000,0.158852
MTDheight,4.0,10,31,16.0000,0.148024
MTDheight,4.0,10,32,16.5000,0.155014
MTDheight,4.0,10,33,17.0000,0.153686
MTDheight,4.0,10,34,17.5000,0.156234
MTDheight,4.0,10,35,18.0000,0.153902
MTDheight,4.0,10,36,18.5000,0.132683
MTDheight,4.0,10,37,19.0000,0.133487
MTDheight,4.0,10,38,19.5000,0.154940
MTDheight,4.0,10,39,20.0000,0.162589
MTDheight,4.0,10,40,20.5000,0.160344
MTDheight,4.0,10,41,21.0000,0.151911
MTDheight,4.0,10,42,21.5000,0.157516
MTDheight,4.0,10,43,22.0000,0.144231
MTDheight,4.0,10,44,22.5000,0.142760
MTDheight,4.0,10,45,23.0000,0.138332
MTDheight,4.0,10,46,23.5000,0.131234
MTDheight,4.0,10,47,24.0000,0.128659
MTDheight,4.0,10,48,24.5000,0.135475
MTDheight,4.0,10,49,25.0000,0.137287
MTDheight,4.0,10,50,25.5000,0.136497
MTDheight,4.0,10,51,26.0000,0.135415
MTDheight,4.0,10,52,26.5000,0.130663
MTDheight,4.0,10,53,27.0000,0.126881
MTDheight,4.0,10,54,27.5000,0.129105
MTDheight,4.0,10,55,28.0000,0.127356
MTDheight,4.0,10,56,28.5000,0.134005
MTDheight,4.0,10,57,29.0000,0.129490
MTDheight,4.0,10,58,29.5000,0.129093
MTDheight,4.0,10,59,30.0000,0.131973
MTDheight,4.0,10,60,30.5000,0.126553
MTDheight,4.0,10,61,31.0000,0.124678
MTDheight,4.0,10,62,31.5000,0.124867
MTDheight,4.0,10,63,32.0000,0.126388
MTDheight,4.0,10,64,32.5000,0.120873
MTDheight,4.0,10,65,33.0000,0.121538
MTDheight,4.0,10,66,33.5000,0.122263
MTDheight,4.0,10,67,34.0000,0.120871
MTDheight,4.0,10,68,34.5000,0.122132
MTDheight,4.0,10,69,35.0000,0.121911
MTDheight,4.0,10,70,35.5000,0.120959
MTDheight,4.0,10,71,36.0000,0.111746
MTDheight,4.0,10,72,36.5000,0.110077
MTDheight,4.0,10,73,37.0000,0.108706
MTDheight,4.0,10,74,37.5000,0.113021
MTDheight,4.0,10,75,38.0000,0.113620
MTDheight,4.0,10,76,38.5000,0.114251
MTDheight,4.0,10,77,39.0000,0.111315
MTDheight,4.0,10,78,39.5000,0.114850
MTDheight,4.0,10,79,40.0000,0.118211
MTDheight,4.0,10,80,40.5000,0.121381
MTDheight,4.0,10,81,41.0000,0.117540
MTDheight,4.0,10,82,41.5000,0.111756
MTDheight,4.0,10,83,42.0000,0.107287
MTDheight,4.0,10,84,42.5000,0.107164
MTDheight,4.0,10,85,43.0000,0.106493
MTDheight,4.0,10,86,43.5000,0.104042
MTDheight,4.0,10,87,44.0000,0.102396
MTDheight,4.0,10,88,44.5000,0.099896
MTDheight,4.0,10,89,45.0000,0.097955
MTDheight,4.0,10,90,45.5000,0.096432
MTDheight,4.0,10,91,46.0000,0.104145
MTDheight,4.0,10,92,46.5000,0.104838
MTDheight,4.0,10,93,47.0000,0.100480
MTDheight,4.0,10,94,47.5000,0.099718
MTDheight,4.0,10,95,48.0000,0.097462
MTDheight,4.0,10,96,48.5000,0.097097
MTDheight,4.0,10,97,49.0000,0.098343
MTDheight,4.0,10,98,49.5000,0.101028
MTDheight,4.0,10,99,50.0000,0.096624
MTDheight,4.0,20,0,0.5000,2.398588
MTDheight,4.0,20,1,1.0000,0.933437
MTDheight,4.0,20,2,1.5000,0.355133
MTDheight,4.0,20,3,2.0000,0.212387
MTDheight,4.0,20,4,2.5000,0.190383
MTDheight,4.0,20,5,3.0000,0.168063
MTDheight,4.0,20,6,3.5000,0.178616
MTDheight,4.0,20,7,4.0000,0.151623
MTDheight,4.0,20,8,4.5000,0.160471
MTDheight,4.0,20,9,5.0000,0.165713
MTDheight,4.0,20,10,5.5000,0.140438
MTDheight,4.0,20,11,6.0000,0.161609
MTDheight,4.0,20,12,6.5000,0.176644
MTDheight,4.0,20,13,7.0000,0.202346
MTDheight,4.0,20,14,7.5000,0.189851
MTDheight,4.0,20,15,8.0000,0.176533
MTDheight,4.0,20,16,8.5000,0.175056
MTDheight,4.0,20,17,9.0000,0.181675
MTDheight,4.0,20,18,9.5000,0.168295
MTDheight,4.0,20,19,10.0000,0.183094
MTDheight,4.0,20,20,10.5000,0.174390
MTDheight,4.0,20,21,11.0000,0.156801
MTDheight,4.0,20,22,11.5000,0.141875
MTDheight,4.0,20,23,12.0000,0.141012
MTDheight,4.0,20,24,12.5000,0.123292
MTDheight,4.0,20,25,13.0000,0.102552
MTDheight,4.0,20,26,13.5000,0.097997
MTDheight,4.0,20,27,14.0000,0.091957
MTDheight,4.0,20,28,14.5000,0.099145
MTDheight,4.0,20,29,15.0000,0.096224
MTDheight,4.0,20,30,15.5000,0.099247
MTDheight,4.0,20,31,16.0000,0.103638
MTDheight,4.0,20,32,16.5000,0.107478
MTDheight,4.0,20,33,17.0000,0.101259
MTDheight,4.0,20,34,17.5000,0.105463
MTDheight,4.0,20,35,18.0000,0.103854
MTDheight,4.0,20,36,18.5000,0.101444
MTDheight,4.0,20,37,19.0000,0.108167
MTDheight,4.0,20,38,19.5000,0.106367
MTDheight,4.0,20,39,20.0000,0.105497
MTDheight,4.0,20,40,20.5000,0.107476
MTDheight,4.0,20,41,21.0000,0.106678
MTDheight,4.0,20,42,21.5000,0.109828
MTDheight,4.0,20,43,22.0000,0.108577
MTDheight,4.0,20,44,22.5000,0.109625
MTDheight,4.0,20,45,23.0000,0.112257
MTDheight,4.0,20,46,23.5000,0.112209
MTDheight,4.0,20,47,24.0000,0.116801
MTDheight,4.0,20,48,24.5000,0.114186
MTDheight,4.0,20,49,25.0000,0.121696
MTDheight,4.0,20,50,25.5000,0.122571
MTDheight,4.0,20,51,26.0000,0.124846
MTDheight,4.0,20,52,26.5000,0.128597
MTDheight,4.0,20,53,27.0000,0.121592
MTDheight,4.0,20,54,27.5000,0.122228
MTDheight,4.0,20,55,28.0000,0.124217
MTDheight,4.0,20,56,28.5000,0.126273
MTDheight,4.0,20,57,29.0000,0.124047
MTDheight,4.0,20,58,29.5000,0.119167
MTDheight,4.0,20,59,30.0000,0.113554
MTDheight,4.0,20,60,30.5000,0.116401
MTDheight,4.0,20,61,31.0000,0.119495
MTDheight,4.0,20,62,31.5000,0.115401
MTDheight,4.0,20,63,32.0000,0.114977
MTDheight,4.0,20,64,32.5000,0.115936
MTDheight,4.0,20,65,33.0000,0.126170
MTDheight,4.0,20,66,33.5000,0.125642
MTDheight,4.0,20,67,34.0000,0.117636
MTDheight,4.0,20,68,34.5000,0.118255
MTDheight,4.0,20,69,35.0000,0.123817
MTDheight,4.0,20,70,35.5000,0.121121
MTDheight,4.0,20,71,36.0000,0.120944
MTDheight,4.0,20,72,36.5000,0.118706
MTDheight,4.0,20,73,37.0000,0.120559
MTDheight,4.0,20,74,37.5000,0.122246
MTDheight,4.0,20,75,38.0000,0.120667
MTDheight,4.0,20,76,38.5000,0.123109
MTDheight,4.0,20,77,39.0000,0.119404
MTDheight,4.0,20,78,39.5000,0.119727
MTDheight,4.0,20,79,40.0000,0.121697
MTDheight,4.0,20,80,40.5000,0.117157
MTDheight,4.0,20,81,41.0000,0.114810
MTDheight,4.0,20,82,41.5000,0.118168
MTDheight,4.0,20,83,42.0000,0.117406
MTDheight,4.0,20,84,42.5000,0.116137
MTDheight,4.0,20,85,43.0000,0.116165
MTDheight,4.0,20,86,43.5000,0.117716
MTDheight,4.0,20,87,44.0000,0.115889
MTDheight,4.0,20,88,44.5000,0.114192
MTDheight,4.0,20,89,45.0000,0.111263
MTDheight,4.0,20,90,45.5000,0.106110
MTDheight,4.0,20,91,46.0000,0.105269
MTDheight,4.0,20,92,46.5000,0.102000
MTDheight,4.0,20,93,47.0000,0.102099
MTDheight,4.0,20,94,47.5000,0.098081
MTDheight,4.0,20,95,48.0000,0.097933
MTDheight,4.0,20,96,48.5000,0.095637
MTDheight,4.0,20,97,49.0000,0.098954
MTDheight,4.0,20,98,49.5000,0.092503
MTDheight,4.0,20,99,50.0000,0.092954
MTDheight,4.0,30,0,0.5000,2.300823
MTDheight,4.0,30,1,1.0000,0.918102
MTDheight,4.0,30,2,1.5000,0.259418
MTDheight,4.0,30,3,2.0000,0.210302
MTDheight,4.0,30,4,2.5000,0.173768
MTDheight,4.0,30,5,3.0000,0.166722
MTDheight,4.0,30,6,3.5000,0.155416
MTDheight,4.0,30,7,4.0000,0.149631
MTDheight,4.0,30,8,4.5000,0.135748
MTDheight,4.0,30,9,5.0000,0.126408
MTDheight,4.0,30,10,5.5000,0.123927
MTDheight,4.0,30,11,6.0000,0.123383
MTDheight,4.0,30,12,6.5000,0.121163
MTDheight,4.0,30,13,7.0000,0.112008
MTDheight,4.0,30,14,7.5000,0.134095
MTDheight,4.0,30,15,8.0000,0.133399
MTDheight,4.0,30,16,8.5000,0.116270
MTDheight,4.0,30,17,9.0000,0.105862
MTDheight,4.0,30,18,9.5000,0.106460
MTDheight,4.0,30,19,10.0000,0.097366
MTDheight,4.0,30,20,10.5000,0.098888
MTDheight,4.0,30,21,11.0000,0.102687
MTDheight,4.0,30,22,11.5000,0.096755
MTDheight,4.0,30,23,12.0000,0.100203
MTDheight,4.0,30,24,12.5000,0.096176
MTDheight,4.0,30,25,13.0000,0.101785
MTDheight,4.0,30,26,13.5000,0.104054
MTDheight,4.0,30,27,14.0000,0.105601
MTDheight,4.0,30,28,14.5000,0.098940
MTDheight,4.0,30,29,15.0000,0.113921
MTDheight,4.0,30,30,15.5000,0.112947
MTDheight,4.0,30,31,16.0000,0.103110
MTDheight,4.0,30,32,16.5000,0.102258
MTDheight,4.0,30,33,17.0000,0.096641
MTDheight,4.0,30,34,17.5000,0.083676
MTDheight,4.0,30,35,18.0000,0.079017
MTDheight,4.0,30,36,18.5000,0.076922
MTDheight,4.0,30,37,19.0000,0.082103
MTDheight,4.0,30,38,19.5000,0.079202
MTDheight,4.0,30,39,20.0000,0.077284
MTDheight,4.0,30,40,20.5000,0.075790
MTDheight,4.0,30,41,21.0000,0.076278
MTDheight,4.0,30,42,21.5000,0.072851
MTDheight,4.0,30,43,22.0000,0.072271
MTDheight,4.0,30,44,22.5000,0.071499
MTDheight,4.0,30,45,23.0000,0.070892
MTDheight,4.0,30,46,23.5000,0.070362
MTDheight,4.0,30,47,24.0000,0.069120
MTDheight,4.0,30,48,24.5000,0.069131
MTDheight,4.0,30,49,25.0000,0.070020
MTDheight,4.0,30,50,25.5000,0.070591
MTDheight,4.0,30,51,26.0000,0.069588
MTDheight,4.0,30,52,26.5000,0.066391
MTDheight,4.0,30,53,27.0000,0.065908
MTDheight,4.0,30,54,27.5000,0.065397
MTDheight,4.0,30,55,28.0000,0.065488
MTDheight,4.0,30,56,28.5000,0.064966
MTDheight,4.0,30,57,29.0000,0.065954
MTDheight,4.0,30,58,29.5000,0.065171
MTDheight,4.0,30,59,30.0000,0.064180
MTDheight,4.0,30,60,30.5000,0.063433
MTDheight,4.0,30,61,31.0000,0.063020
MTDheight,4.0,30,62,31.5000,0.062159
MTDheight,4.0,30,63,32.0000,0.061837
MTDheight,4.0,30,64,32.5000,0.061411
MTDheight,4.0,30,65,33.0000,0.060788
MTDheight,4.0,30,66,33.5000,0.060817
MTDheight,4.0,30,67,34.0000,0.060562
MTDheight,4.0,30,68,34.5000,0.060075
MTDheight,4.0,30,69,35.0000,0.060081
MTDheight,4.0,30,70,35.5000,0.059938
MTDheight,4.0,30,71,36.0000,0.059845
MTDheight,4.0,30,72,36.5000,0.059720
MTDheight,4.0,30,73,37.0000,0.059747
MTDheight,4.0,30,74,37.5000,0.059509
MTDheight,4.0,30,75,38.0000,0.058699
MTDheight,4.0,30,76,38.5000,0.058640
MTDheight,4.0,30,77,39.0000,0.058025
MTDheight,4.0,30,78,39.5000,0.057698
MTDheight,4.0,30,79,40.0000,0.057426
MTDheight,4.0,30,80,40.5000,0.057197
MTDheight,4.0,30,81,41.0000,0.057132
MTDheight,4.0,30,82,41.5000,0.056737
MTDheight,4.0,30,83,42.0000,0.056708
MTDheight,4.0,30,84,42.5000,0.056775
MTDheight,4.0,30,85,43.0000,0.056710
MTDheight,4.0,30,86,43.5000,0.057186
MTDheight,4.0,30,87,44.0000,0.057233
MTDheight,4.0,30,88,44.5000,0.056520
MTDheight,4.0,30,89,45.0000,0.056167
MTDheight,4.0,30,90,45.5000,0.056307
MTDheight,4.0,30,91,46.0000,0.055904
MTDheight,4.0,30,92,46.5000,0.055558
MTDheight,4.0,30,93,47.0000,0.055061
MTDheight,4.0,30,94,47.5000,0.054798
MTDheight,4.0,30,95,48.0000,0.054520
MTDheight,4.0,30,96,48.5000,0.054258
MTDheight,4.0,30,97,49.0000,0.054287
MTDheight,4.0,30,98,49.5000,0.053922
MTDheight,4.0,30,99,50.0000,0.053872
MTDheight,4.0,40,0,0.5000,2.307036
MTDheight,4.0,40,1,1.0000,0.632409
MTDheight,4.0,40,2,1.5000,0.475539
MTDheight,4.0,40,3,2.0000,0.216395
MTDheight,4.0,40,4,2.5000,0.202093
MTDheight,4.0,40,5,3.0000,0.181220
MTDheight,4.0,40,6,3.5000,0.164016
MTDheight,4.0,40,7,4.0000,0.168116
MTDheight,4.0,40,8,4.5000,0.166007
MTDheight,4.0,40,9,5.0000,0.158419
MTDheight,4.0,40,10,5.5000,0.132842
MTDheight,4.0,40,11,6.0000,0.121761
MTDheight,4.0,40,12,6.5000,0.119733
MTDheight,4.0,40,13,7.0000,0.117420
MTDheight,4.0,40,14,7.5000,0.124223
MTDheight,4.0,40,15,8.0000,0.121067
MTDheight,4.0,40,16,8.5000,0.117245
MTDheight,4.0,40,17,9.0000,0.118235
MTDheight,4.0,40,18,9.5000,0.107820
MTDheight,4.0,40,19,10.0000,0.102019
MTDheight,4.0,40,20,10.5000,0.099543
MTDheight,4.0,40,21,11.0000,0.098717
MTDheight,4.0,40,22,11.5000,0.098389
MTDheight,4.0,40,23,12.0000,0.095303
MTDheight,4.0,40,24,12.5000,0.096170
MTDheight,4.0,40,25,13.0000,0.098499
MTDheight,4.0,40,26,13.5000,0.097004
MTDheight,4.0,40,27,14.0000,0.093496
MTDheight,4.0,40,28,14.5000,0.096323
MTDheight,4.0,40,29,15.0000,0.097295
MTDheight,4.0,40,30,15.5000,0.094289
MTDheight,4.0,40,31,16.0000,0.104074
MTDheight,4.0,40,32,16.5000,0.099887
MTDheight,4.0,40,33,17.0000,0.098234
MTDheight,4.0,40,34,17.5000,0.115302
MTDheight,4.0,40,35,18.0000,0.113931
MTDheight,4.0,40,36,18.5000,0.111635
MTDheight,4.0,40,37,19.0000,0.105700
MTDheight,4.0,40,38,19.5000,0.101326
MTDheight,4.0,40,39,20.0000,0.103449
MTDheight,4.0,40,40,20.5000,0.115201
MTDheight,4.0,40,41,21.0000,0.115880
MTDheight,4.0,40,42,21.5000,0.122047
MTDheight,4.0,40,43,22.0000,0.126618
MTDheight,4.0,40,44,22.5000,0.131422
MTDheight,4.0,40,45,23.0000,0.126938
MTDheight,4.0,40,46,23.5000,0.129548
MTDheight,4.0,40,47,24.0000,0.127537
MTDheight,4.0,40,48,24.5000,0.124803
MTDheight,4.0,40,49,25.0000,0.122809
MTDheight,4.0,40,50,25.5000,0.128645
MTDheight,4.0,40,51,26.0000,0.131129
MTDheight,4.0,40,52,26.5000,0.128738
MTDheight,4.0,40,53,27.0000,0.129797
MTDheight,4.0,40,54,27.5000,0.142064
MTDheight,4.0,40,55,28.0000,0.144301
MTDheight,4.0,40,56,28.5000,0.138901
MTDheight,4.0,40,57,29.0000,0.141174
MTDheight,4.0,40,58,29.5000,0.140363
MTDheight,4.0,40,59,30.0000,0.149235
MTDheight,4.0,40,60,30.5000,0.144255
MTDheight,4.0,40,61,31.0000,0.147819
MTDheight,4.0,40,62,31.5000,0.147536
MTDheight,4.0,40,63,32.0000,0.146956
MTDheight,4.0,40,64,32.5000,0.150694
MTDheight,4.0,40,65,33.0000,0.149636
MTDheight,4.0,40,66,33.5000,0.154649
MTDheight,4.0,40,67,34.0000,0.166389
MTDheight,4.0,40,68,34.5000,0.166489
MTDheight,4.0,40,69,35.0000,0.167224
MTDheight,4.0,40,70,35.5000,0.164015
MTDheight,4.0,40,71,36.0000,0.163104
MTDheight,4.0,40,72,36.5000,0.161373
MTDheight,4.0,40,73,37.0000,0.164298
MTDheight,4.0,40,74,37.5000,0.162382
MTDheight,4.0,40,75,38.0000,0.165557
MTDheight,4.0,40,76,38.5000,0.166143
MTDheight,4.0,40,77,39.0000,0.166338
MTDheight,4.0,40,78,39.5000,0.167530
MTDheight,4.0,40,79,40.0000,0.163411
MTDheight,4.0,40,80,40.5000,0.159870
MTDheight,4.0,40,81,41.0000,0.156993
MTDheight,4.0,40,82,41.5000,0.153460
MTDheight,4.0,40,83,42.0000,0.152113
MTDheight,4.0,40,84,42.5000,0.149301
MTDheight,4.0,40,85,43.0000,0.144729
MTDheight,4.0,40,86,43.5000,0.144531
MTDheight,4.0,40,87,44.0000,0.147953
MTDheight,4.0,40,88,44.5000,0.151662
MTDheight,4.0,40,89,45.0000,0.151557
MTDheight,4.0,40,90,45.5000,0.147576
MTDheight,4.0,40,91,46.0000,0.149146
MTDheight,4.0,40,92,46.5000,0.148866
MTDheight,4.0,40,93,47.0000,0.145668
MTDheight,4.0,40,94,47.5000,0.142871
MTDheight,4.0,40,95,48.0000,0.137856
MTDheight,4.0,40,96,48.5000,0.137514
MTDheight,4.0,40,97,49.0000,0.136828
MTDheight,4.0,40,98,49.5000,0.139491
MTDheight,4.0,40,99,50.0000,0.137499
MTDheight,4.0,50,0,0.5000,2.829609
MTDheight,4.0,50,1,1.0000,1.232297
MTDheight,4.0,50,2,1.5000,0.338865
MTDheight,4.0,50,3,2.0000,0.371715
MTDheight,4.0,50,4,2.5000,0.315003
MTDheight,4.0,50,5,3.0000,0.204328
MTDheight,4.0,50,6,3.5000,0.202851
MTDheight,4.0,50,7,4.0000,0.183571
MTDheight,4.0,50,8,4.5000,0.159645
MTDheight,4.0,50,9,5.0000,0.143530
MTDheight,4.0,50,10,5.5000,0.139937
MTDheight,4.0,50,11,6.0000,0.135608
MTDheight,4.0,50,12,6.5000,0.133280
MTDheight,4.0,50,13,7.0000,0.127530
MTDheight,4.0,50,14,7.5000,0.124795
MTDheight,4.0,50,15,8.0000,0.113338
MTDheight,4.0,50,16,8.5000,0.108916
MTDheight,4.0,50,17,9.0000,0.109891
MTDheight,4.0,50,18,9.5000,0.106860
MTDheight,4.0,50,19,10.0000,0.105576
MTDheight,4.0,50,20,10.5000,0.109608
MTDheight,4.0,50,21,11.0000,0.108704
MTDheight,4.0,50,22,11.5000,0.106289
MTDheight,4.0,50,23,12.0000,0.098799
MTDheight,4.0,50,24,12.5000,0.092205
MTDheight,4.0,50,25,13.0000,0.093171
MTDheight,4.0,50,26,13.5000,0.096775
MTDheight,4.0,50,27,14.0000,0.103893
MTDheight,4.0,50,28,14.5000,0.106041
MTDheight,4.0,50,29,15.0000,0.104819
MTDheight,4.0,50,30,15.5000,0.111322
MTDheight,4.0,50,31,16.0000,0.099632
MTDheight,4.0,50,32,16.5000,0.103675
MTDheight,4.0,50,33,17.0000,0.092699
MTDheight,4.0,50,34,17.5000,0.090363
MTDheight,4.0,50,35,18.0000,0.088874
MTDheight,4.0,50,36,18.5000,0.091599
MTDheight,4.0,50,37,19.0000,0.090434
MTDheight,4.0,50,38,19.5000,0.093239
MTDheight,4.0,50,39,20.0000,0.091884
MTDheight,4.0,50,40,20.5000,0.092438
MTDheight,4.0,50,41,21.0000,0.093127
MTDheight,4.0,50,42,21.5000,0.088615
MTDheight,4.0,50,43,22.0000,0.087964
MTDheight,4.0,50,44,22.5000,0.083575
MTDheight,4.0,50,45,23.0000,0.081913
MTDheight,4.0,50,46,23.5000,0.083665
MTDheight,4.0,50,47,24.0000,0.083068
MTDheight,4.0,50,48,24.5000,0.083861
MTDheight,4.0,50,49,25.0000,0.081437
MTDheight,4.0,50,50,25.5000,0.081419
MTDheight,4.0,50,51,26.0000,0.080865
MTDheight,4.0,50,52,26.5000,0.082081
MTDheight,4.0,50,53,27.0000,0.081371
MTDheight,4.0,50,54,27.5000,0.088255
MTDheight,4.0,50,55,28.0000,0.086877
MTDheight,4.0,50,56,28.5000,0.075368
MTDheight,4.0,50,57,29.0000,0.072265
MTDheight,4.0,50,58,29.5000,0.071290
MTDheight,4.0,50,59,30.0000,0.071106
MTDheight,4.0,50,60,30.5000,0.069623
MTDheight,4.0,50,61,31.0000,0.071113
MTDheight,4.0,50,62,31.5000,0.073142
MTDheight,4.0,50,63,32.0000,0.074130
MTDheight,4.0,50,64,32.5000,0.073026
MTDheight,4.0,50,65,33.0000,0.072811
MTDheight,4.0,50,66,33.5000,0.067829
MTDheight,4.0,50,67,34.0000,0.067515
MTDheight,4.0,50,68,34.5000,0.068260
MTDheight,4.0,50,69,35.0000,0.065855
MTDheight,4.0,50,70,35.5000,0.064497
MTDheight,4.0,50,71,36.0000,0.067272
MTDheight,4.0,50,72,36.5000,0.066262
MTDheight,4.0,50,73,37.0000,0.062146
MTDheight,4.0,50,74,37.5000,0.061546
MTDheight,4.0,50,75,38.0000,0.060804
MTDheight,4.0,50,76,38.5000,0.062053
MTDheight,4.0,50,77,39.0000,0.063161
MTDheight,4.0,50,78,39.5000,0.064819
MTDheight,4.0,50,79,40.0000,0.065954
MTDheight,4.0,50,80,40.5000,0.064883
MTDheight,4.0,50,81,41.0000,0.062721
MTDheight,4.0,50,82,41.5000,0.062291
MTDheight,4.0,50,83,42.0000,0.062953
MTDheight,4.0,50,84,42.5000,0.062495
MTDheight,4.0,50,85,43.0000,0.068603
MTDheight,4.0,50,86,43.5000,0.069685
MTDheight,4.0,50,87,44.0000,0.068844
MTDheight,4.0,50,88,44.5000,0.068536
MTDheight,4.0,50,89,45.0000,0.064242
MTDheight,4.0,50,90,45.5000,0.062752
MTDheight,4.0,50,91,46.0000,0.060610
MTDheight,4.0,50,92,46.5000,0.059811
MTDheight,4.0,50,93,47.0000,0.059379
MTDheight,4.0,50,94,47.5000,0.060536
MTDheight,4.0,50,95,48.0000,0.061274
MTDheight,4.0,50,96,48.5000,0.064145
MTDheight,4.0,50,97,49.0000,0.062879
MTDheight,4.0,50,98,49.5000,0.060791
MTDheight,4.0,50,99,50.0000,0.059724
MTDnewhill,1000,10,0,0.5000,6.377398
MTDnewhill,1000,10,1,1.0000,5.008938
MTDnewhill,1000,10,2,1.5000,4.000548
MTDnewhill,1000,10,3,2.0000,3.428856
MTDnewhill,1000,10,4,2.5000,2.874081
MTDnewhill,1000,10,5,3.0000,2.368051
MTDnewhill,1000,10,6,3.5000,1.699785
MTDnewhill,1000,10,7,4.0000,1.353459
MTDnewhill,1000,10,8,4.5000,0.959945
MTDnewhill,1000,10,9,5.0000,0.728019
MTDnewhill,1000,10,10,5.5000,0.437156
MTDnewhill,1000,10,11,6.0000,0.222660
MTDnewhill,1000,10,12,6.5000,0.153387
MTDnewhill,1000,10,13,7.0000,0.094884
MTDnewhill,1000,10,14,7.5000,0.094781
MTDnewhill,1000,10,15,8.0000,0.090074
MTDnewhill,1000,10,16,8.5000,0.084297
MTDnewhill,1000,10,17,9.0000,0.083828
MTDnewhill,1000,10,18,9.5000,0.079775
MTDnewhill,1000,10,19,10.0000,0.078785
MTDnewhill,1000,10,20,10.5000,0.078056
MTDnewhill,1000,10,21,11.0000,0.080090
MTDnewhill,1000,10,22,11.5000,0.078619
MTDnewhill,1000,10,23,12.0000,0.080966
MTDnewhill,1000,10,24,12.5000,0.075392
MTDnewhill,1000,10,25,13.0000,0.080014
MTDnewhill,1000,10,26,13.5000,0.073711
MTDnewhill,1000,10,27,14.0000,0.074445
MTDnewhill,1000,10,28,14.5000,0.073834
MTDnewhill,1000,10,29,15.0000,0.074289
MTDnewhill,1000,10,30,15.5000,0.073800
MTDnewhill,1000,10,31,16.0000,0.073526
MTDnewhill,1000,10,32,16.5000,0.071608
MTDnewhill,1000,10,33,17.0000,0.067044
MTDnewhill,1000,10,34,17.5000,0.069159
MTDnewhill,1000,10,35,18.0000,0.074213
MTDnewhill,1000,10,36,18.5000,0.070666
MTDnewhill,1000,10,37,19.0000,0.066134
MTDnewhill,1000,10,38,19.5000,0.068191
MTDnewhill,1000,10,39,20.0000,0.068421
MTDnewhill,1000,10,40,20.5000,0.068743
MTDnewhill,1000,10,41,21.0000,0.068777
MTDnewhill,1000,10,42,21.5000,0.068492
MTDnewhill,1000,10,43,22.0000,0.067244
MTDnewhill,1000,10,44,22.5000,0.070171
MTDnewhill,1000,10,45,23.0000,0.072372
MTDnewhill,1000,10,46,23.5000,0.072278
MTDnewhill,1000,10,47,24.0000,0.071747
MTDnewhill,1000,10,48,24.5000,0.068670
MTDnewhill,1000,10,49,25.0000,0.071267
MTDnewhill,1000,10,50,25.5000,0.070197
MTDnewhill,1000,10,51,26.0000,0.066387
MTDnewhill,1000,10,52,26.5000,0.068383
MTDnewhill,1000,10,53,27.0000,0.065040
MTDnewhill,1000,10,54,27.5000,0.065919
MTDnewhill,1000,10,55,28.0000,0.072751
MTDnewhill,1000,10,56,28.5000,0.075377
MTDnewhill,1000,10,57,29.0000,0.075515
MTDnewhill,1000,10,58,29.5000,0.076683
MTDnewhill,1000,10,59,30.0000,0.071227
MTDnewhill,1000,10,60,30.5000,0.072257
MTDnewhill,1000,10,61,31.0000,0.074858
MTDnewhill,1000,10,62,31.5000,0.073713
MTDnewhill,1000,10,63,32.0000,0.069620
MTDnewhill,1000,10,64,32.5000,0.068544
MTDnewhill,1000,10,65,33.0000,0.066480
MTDnewhill,1000,10,66,33.5000,0.066050
MTDnewhill,1000,10,67,34.0000,0.068131
MTDnewhill,1000,10,68,34.5000,0.069139
MTDnewhill,1000,10,69,35.0000,0.069943
MTDnewhill,1000,10,70,35.5000,0.071760
MTDnewhill,1000,10,71,36.0000,0.065491
MTDnewhill,1000,10,72,36.5000,0.065724
MTDnewhill,1000,10,73,37.0000,0.068881
MTDnewhill,1000,10,74,37.5000,0.065863
MTDnewhill,1000,10,75,38.0000,0.068498
MTDnewhill,1000,10,76,38.5000,0.072395
MTDnewhill,1000,10,77,39.0000,0.066401
MTDnewhill,1000,10,78,39.5000,0.071513
MTDnewhill,1000,10,79,40.0000,0.071479
MTDnewhill,1000,10,80,40.5000,0.074036
MTDnewhill,1000,10,81,41.0000,0.076993
MTDnewhill,1000,10,82,41.5000,0.076422
MTDnewhill,1000,10,83,42.0000,0.073369
MTDnewhill,1000,10,84,42.5000,0.074564
MTDnewhill,1000,10,85,43.0000,0.072145
MTDnewhill,1000,10,86,43.5000,0.069351
MTDnewhill,1000,10,87,44.0000,0.068854
MTDnewhill,1000,10,88,44.5000,0.066584
MTDnewhill,1000,10,89,45.0000,0.066218
MTDnewhill,1000,10,90,45.5000,0.066862
MTDnewhill,1000,10,91,46.0000,0.066412
MTDnewhill,1000,10,92,46.5000,0.065186
MTDnewhill,1000,10,93,47.0000,0.064408
MTDnewhill,1000,10,94,47.5000,0.060757
MTDnewhill,1000,10,95,48.0000,0.058230
MTDnewhill,1000,10,96,48.5000,0.060281
MTDnewhill,1000,10,97,49.0000,0.063267
MTDnewhill,1000,10,98,49.5000,0.063262
MTDnewhill,1000,10,99,50.0000,0.063706
MTDnewhill,1000,20,0,0.5000,6.148500
MTDnewhill,1000,20,1,1.0000,4.958041
MTDnewhill,1000,20,2,1.5000,4.047420
MTDnewhill,1000,20,3,2.0000,3.197535
MTDnewhill,1000,20,4,2.5000,2.655379
MTDnewhill,1000,20,5,3.0000,2.294625
MTDnewhill,1000,20,6,3.5000,1.822413
MTDnewhill,1000,20,7,4.0000,1.304195
MTDnewhill,1000,20,8,4.5000,0.919464
MTDnewhill,1000,20,9,5.0000,0.624840
MTDnewhill,1000,20,10,5.5000,0.370696
MTDnewhill,1000,20,11,6.0000,0.253316
MTDnewhill,1000,20,12,6.5000,0.148455
MTDnewhill,1000,20,13,7.0000,0.104016
MTDnewhill,1000,20,14,7.5000,0.099690
MTDnewhill,1000,20,15,8.0000,0.093771
MTDnewhill,1000,20,16,8.5000,0.109386
MTDnewhill,1000,20,17,9.0000,0.101157
MTDnewhill,1000,20,18,9.5000,0.096411
MTDnewhill,1000,20,19,10.0000,0.099395
MTDnewhill,1000,20,20,10.5000,0.093628
MTDnewhill,1000,20,21,11.0000,0.084516
MTDnewhill,1000,20,22,11.5000,0.086108
MTDnewhill,1000,20,23,12.0000,0.079524
MTDnewhill,1000,20,24,12.5000,0.085190
MTDnewhill,1000,20,25,13.0000,0.081579
MTDnewhill,1000,20,26,13.5000,0.075682
MTDnewhill,1000,20,27,14.0000,0.075988
MTDnewhill,1000,20,28,14.5000,0.074030
MTDnewhill,1000,20,29,15.0000,0.067709
MTDnewhill,1000,20,30,15.5000,0.066413
MTDnewhill,1000,20,31,16.0000,0.061962
MTDnewhill,1000,20,32,16.5000,0.060696
MTDnewhill,1000,20,33,17.0000,0.061189
MTDnewhill,1000,20,34,17.5000,0.058680
MTDnewhill,1000,20,35,18.0000,0.057976
MTDnewhill,1000,20,36,18.5000,0.056799
MTDnewhill,1000,20,37,19.0000,0.055648
MTDnewhill,1000,20,38,19.5000,0.055824
MTDnewhill,1000,20,39,20.0000,0.054803
MTDnewhill,1000,20,40,20.5000,0.054782
MTDnewhill,1000,20,41,21.0000,0.055633
MTDnewhill,1000,20,42,21.5000,0.052657
MTDnewhill,1000,20,43,22.0000,0.052217
MTDnewhill,1000,20,44,22.5000,0.051496
MTDnewhill,1000,20,45,23.0000,0.051444
MTDnewhill,1000,20,46,23.5000,0.050618
MTDnewhill,1000,20,47,24.0000,0.055707
MTDnewhill,1000,20,48,24.5000,0.052826
MTDnewhill,1000,20,49,25.0000,0.052011
MTDnewhill,1000,20,50,25.5000,0.051371
MTDnewhill,1000,20,51,26.0000,0.048507
MTDnewhill,1000,20,52,26.5000,0.050211
MTDnewhill,1000,20,53,27.0000,0.048718
MTDnewhill,1000,20,54,27.5000,0.047512
MTDnewhill,1000,20,55,28.0000,0.047340
MTDnewhill,1000,20,56,28.5000,0.046615
MTDnewhill,1000,20,57,29.0000,0.046819
MTDnewhill,1000,20,58,29.5000,0.046349
MTDnewhill,1000,20,59,30.0000,0.046060
MTDnewhill,1000,20,60,30.5000,0.045540
MTDnewhill,1000,20,61,31.0000,0.045861
MTDnewhill,1000,20,62,31.5000,0.045551
MTDnewhill,1000,20,63,32.0000,0.045468
MTDnewhill,1000,20,64,32.5000,0.045447
MTDnewhill,1000,20,65,33.0000,0.047018
MTDnewhill,1000,20,66,33.5000,0.047142
MTDnewhill,1000,20,67,34.0000,0.045062
MTDnewhill,1000,20,68,34.5000,0.044754
MTDnewhill,1000,20,69,35.0000,0.044741
MTDnewhill,1000,20,70,35.5000,0.043882
MTDnewhill,1000,20,71,36.0000,0.043349
MTDnewhill,1000,20,72,36.5000,0.042964
MTDnewhill,1000,20,73,37.0000,0.043223
MTDnewhill,1000,20,74,37.5000,0.044138
MTDnewhill,1000,20,75,38.0000,0.045090
MTDnewhill,1000,20,76,38.5000,0.043876
MTDnewhill,1000,20,77,39.0000,0.045361
MTDnewhill,1000,20,78,39.5000,0.046233
MTDnewhill,1000,20,79,40.0000,0.044605
MTDnewhill,1000,20,80,40.5000,0.042033
MTDnewhill,1000,20,81,41.0000,0.042315
MTDnewhill,1000,20,82,41.5000,0.041990
MTDnewhill,1000,20,83,42.0000,0.040972
MTDnewhill,1000,20,84,42.5000,0.041015
MTDnewhill,1000,20,85,43.0000,0.041668
MTDnewhill,1000,20,86,43.5000,0.040626
MTDnewhill,1000,20,87,44.0000,0.040333
MTDnewhill,1000,20,88,44.5000,0.040092
MTDnewhill,1000,20,89,45.0000,0.039103
MTDnewhill,1000,20,90,45.5000,0.039686
MTDnewhill,1000,20,91,46.0000,0.039618
MTDnewhill,1000,20,92,46.5000,0.039619
MTDnewhill,1000,20,93,47.0000,0.038668
MTDnewhill,1000,20,94,47.5000,0.038105
MTDnewhill,1000,20,95,48.0000,0.037684
MTDnewhill,1000,20,96,48.5000,0.037683
MTDnewhill,1000,20,97,49.0000,0.039222
MTDnewhill,1000,20,98,49.5000,0.038572
MTDnewhill,1000,20,99,50.0000,0.037961
MTDnewhill,1000,30,0,0.5000,6.116942
MTDnewhill,1000,30,1,1.0000,5.008317
MTDnewhill,1000,30,2,1.5000,4.101623
MTDnewhill,1000,30,3,2.0000,3.307532
MTDnewhill,1000,30,4,2.5000,2.713800
MTDnewhill,1000,30,5,3.0000,2.315618
MTDnewhill,1000,30,6,3.5000,1.672318
MTDnewhill,1000,30,7,4.0000,1.269932
MTDnewhill,1000,30,8,4.5000,0.947688
MTDnewhill,1000,30,9,5.0000,0.752696
MTDnewhill,1000,30,10,5.5000,0.550803
MTDnewhill,1000,30,11,6.0000,0.359008
MTDnewhill,1000,30,12,6.5000,0.248649
MTDnewhill,1000,30,13,7.0000,0.128241
MTDnewhill,1000,30,14,7.5000,0.119403
MTDnewhill,1000,30,15,8.0000,0.098681
MTDnewhill,1000,30,16,8.5000,0.089838
MTDnewhill,1000,30,17,9.0000,0.091826
MTDnewhill,1000,30,18,9.5000,0.093711
MTDnewhill,1000,30,19,10.0000,0.094325
MTDnewhill,1000,30,20,10.5000,0.094867
MTDnewhill,1000,30,21,11.0000,0.092427
MTDnewhill,1000,30,22,11.5000,0.082802
MTDnewhill,1000,30,23,12.0000,0.078077
MTDnewhill,1000,30,24,12.5000,0.078291
MTDnewhill,1000,30,25,13.0000,0.076192
MTDnewhill,1000,30,26,13.5000,0.076056
MTDnewhill,1000,30,27,14.0000,0.072153
MTDnewhill,1000,30,28,14.5000,0.072445
MTDnewhill,1000,30,29,15.0000,0.070195
MTDnewhill,1000,30,30,15.5000,0.066803
MTDnewhill,1000,30,31,16.0000,0.064538
MTDnewhill,1000,30,32,16.5000,0.063812
MTDnewhill,1000,30,33,17.0000,0.064840
MTDnewhill,1000,30,34,17.5000,0.064367
MTDnewhill,1000,30,35,18.0000,0.061664
MTDnewhill,1000,30,36,18.5000,0.059193
MTDnewhill,1000,30,37,19.0000,0.058176
MTDnewhill,1000,30,38,19.5000,0.058560
MTDnewhill,1000,30,39,20.0000,0.057706
MTDnewhill,1000,30,40,20.5000,0.057931
MTDnewhill,1000,30,41,21.0000,0.056533
MTDnewhill,1000,30,42,21.5000,0.055890
MTDnewhill,1000,30,43,22.0000,0.053969
MTDnewhill,1000,30,44,22.5000,0.052519
MTDnewhill,1000,30,45,23.0000,0.051305
MTDnewhill,1000,30,46,23.5000,0.050195
MTDnewhill,1000,30,47,24.0000,0.049680
MTDnewhill,1000,30,48,24.5000,0.048702
MTDnewhill,1000,30,49,25.0000,0.048508
MTDnewhill,1000,30,50,25.5000,0.047945
MTDnewhill,1000,30,51,26.0000,0.047203
MTDnewhill,1000,30,52,26.5000,0.046640
MTDnewhill,1000,30,53,27.0000,0.046752
MTDnewhill,1000,30,54,27.5000,0.046099
MTDnewhill,1000,30,55,28.0000,0.047155
MTDnewhill,1000,30,56,28.5000,0.047411
MTDnewhill,1000,30,57,29.0000,0.048962
MTDnewhill,1000,30,58,29.5000,0.047587
MTDnewhill,1000,30,59,30.0000,0.046571
MTDnewhill,1000,30,60,30.5000,0.046343
MTDnewhill,1000,30,61,31.0000,0.048129
MTDnewhill,1000,30,62,31.5000,0.044903
MTDnewhill,1000,30,63,32.0000,0.044124
MTDnewhill,1000,30,64,32.5000,0.043865
MTDnewhill,1000,30,65,33.0000,0.044442
MTDnewhill,1000,30,66,33.5000,0.043521
MTDnewhill,1000,30,67,34.0000,0.044277
MTDnewhill,1000,30,68,34.5000,0.045899
MTDnewhill,1000,30,69,35.0000,0.046136
MTDnewhill,1000,30,70,35.5000,0.045946
MTDnewhill,1000,30,71,36.0000,0.044766
MTDnewhill,1000,30,72,36.5000,0.045572
MTDnewhill,1000,30,73,37.0000,0.043828
MTDnewhill,1000,30,74,37.5000,0.043955
MTDnewhill,1000,30,75,38.0000,0.043464
MTDnewhill,1000,30,76,38.5000,0.044476
MTDnewhill,1000,30,77,39.0000,0.043430
MTDnewhill,1000,30,78,39.5000,0.045382
MTDnewhill,1000,30,79,40.0000,0.043007
MTDnewhill,1000,30,80,40.5000,0.042766
MTDnewhill,1000,30,81,41.0000,0.042177
MTDnewhill,1000,30,82,41.5000,0.042129
MTDnewhill,1000,30,83,42.0000,0.041878
MTDnewhill,1000,30,84,42.5000,0.042524
MTDnewhill,1000,30,85,43.0000,0.042347
MTDnewhill,1000,30,86,43.5000,0.043387
MTDnewhill,1000,30,87,44.0000,0.043727
MTDnewhill,1000,30,88,44.5000,0.045397
MTDnewhill,1000,30,89,45.0000,0.043216
MTDnewhill,1000,30,90,45.5000,0.046351
MTDnewhill,1000,30,91,46.0000,0.046410
MTDnewhill,1000,30,92,46.5000,0.045787
MTDnewhill,1000,30,93,47.0000,0.045232
MTDnewhill,1000,30,94,47.5000,0.044948
MTDnewhill,1000,30,95,48.0000,0.043651
MTDnewhill,1000,30,96,48.5000,0.042536
MTDnewhill,1000,30,97,49.0000,0.041511
MTDnewhill,1000,30,98,49.5000,0.042549
MTDnewhill,1000,30,99,50.0000,0.044234
MTDnewhill,1000,40,0,0.5000,6.092902
MTDnewhill,1000,40,1,1.0000,4.951878
MTDnewhill,1000,40,2,1.5000,4.239408
MTDnewhill,1000,40,3,2.0000,3.532346
MTDnewhill,1000,40,4,2.5000,2.863183
MTDnewhill,1000,40,5,3.0000,2.262809
MTDnewhill,1000,40,6,3.5000,1.718825
MTDnewhill,1000,40,7,4.0000,1.392862
MTDnewhill,1000,40,8,4.5000,0.980592
MTDnewhill,1000,40,9,5.0000,0.593926
MTDnewhill,1000,40,10,5.5000,0.351952
MTDnewhill,1000,40,11,6.0000,0.242787
MTDnewhill,1000,40,12,6.5000,0.125392
MTDnewhill,1000,40,13,7.0000,0.093797
MTDnewhill,1000,40,14,7.5000,0.090044
MTDnewhill,1000,40,15,8.0000,0.088649
MTDnewhill,1000,40,16,8.5000,0.094698
MTDnewhill,1000,40,17,9.0000,0.097309
MTDnewhill,1000,40,18,9.5000,0.106605
MTDnewhill,1000,40,19,10.0000,0.087609
MTDnewhill,1000,40,20,10.5000,0.090404
MTDnewhill,1000,40,21,11.0000,0.083034
MTDnewhill,1000,40,22,11.5000,0.087547
MTDnewhill,1000,40,23,12.0000,0.070850
MTDnewhill,1000,40,24,12.5000,0.073124
MTDnewhill,1000,40,25,13.0000,0.069182
MTDnewhill,1000,40,26,13.5000,0.072918
MTDnewhill,1000,40,27,14.0000,0.067876
MTDnewhill,1000,40,28,14.5000,0.066546
MTDnewhill,1000,40,29,15.0000,0.068818
MTDnewhill,1000,40,30,15.5000,0.071215
MTDnewhill,1000,40,31,16.0000,0.074334
MTDnewhill,1000,40,32,16.5000,0.076175
MTDnewhill,1000,40,33,17.0000,0.075556
MTDnewhill,1000,40,34,17.5000,0.076349
MTDnewhill,1000,40,35,18.0000,0.082469
MTDnewhill,1000,40,36,18.5000,0.065312
MTDnewhill,1000,40,37,19.0000,0.065442
MTDnewhill,1000,40,38,19.5000,0.060170
MTDnewhill,1000,40,39,20.0000,0.059183
MTDnewhill,1000,40,40,20.5000,0.059014
MTDnewhill,1000,40,41,21.0000,0.058301
MTDnewhill,1000,40,42,21.5000,0.055213
MTDnewhill,1000,40,43,22.0000,0.055281
MTDnewhill,1000,40,44,22.5000,0.053889
MTDnewhill,1000,40,45,23.0000,0.053412
MTDnewhill,1000,40,46,23.5000,0.053585
MTDnewhill,1000,40,47,24.0000,0.053692
MTDnewhill,1000,40,48,24.5000,0.053025
MTDnewhill,1000,40,49,25.0000,0.052872
MTDnewhill,1000,40,50,25.5000,0.053181
MTDnewhill,1000,40,51,26.0000,0.053830
MTDnewhill,1000,40,52,26.5000,0.051875
MTDnewhill,1000,40,53,27.0000,0.050541
MTDnewhill,1000,40,54,27.5000,0.049208
MTDnewhill,1000,40,55,28.0000,0.048173
MTDnewhill,1000,40,56,28.5000,0.049121
MTDnewhill,1000,40,57,29.0000,0.047915
MTDnewhill,1000,40,58,29.5000,0.046941
MTDnewhill,1000,40,59,30.0000,0.046631
MTDnewhill,1000,40,60,30.5000,0.046313
MTDnewhill,1000,40,61,31.0000,0.045556
MTDnewhill,1000,40,62,31.5000,0.045169
MTDnewhill,1000,40,63,32.0000,0.044241
MTDnewhill,1000,40,64,32.5000,0.044150
MTDnewhill,1000,40,65,33.0000,0.043932
MTDnewhill,1000,40,66,33.5000,0.044607
MTDnewhill,1000,40,67,34.0000,0.045402
MTDnewhill,1000,40,68,34.5000,0.042749
MTDnewhill,1000,40,69,35.0000,0.042713
MTDnewhill,1000,40,70,35.5000,0.042164
MTDnewhill,1000,40,71,36.0000,0.041731
MTDnewhill,1000,40,72,36.5000,0.041892
MTDnewhill,1000,40,73,37.0000,0.042459
MTDnewhill,1000,40,74,37.5000,0.041461
MTDnewhill,1000,40,75,38.0000,0.040871
MTDnewhill,1000,40,76,38.5000,0.040752
MTDnewhill,1000,40,77,39.0000,0.040512
MTDnewhill,1000,40,78,39.5000,0.041314
MTDnewhill,1000,40,79,40.0000,0.040517
MTDnewhill,1000,40,80,40.5000,0.039368
MTDnewhill,1000,40,81,41.0000,0.039083
MTDnewhill,1000,40,82,41.5000,0.039424
MTDnewhill,1000,40,83,42.0000,0.039705
MTDnewhill,1000,40,84,42.5000,0.038921
MTDnewhill,1000,40,85,43.0000,0.038011
MTDnewhill,1000,40,86,43.5000,0.037754
MTDnewhill,1000,40,87,44.0000,0.037688
MTDnewhill,1000,40,88,44.5000,0.037421
MTDnewhill,1000,40,89,45.0000,0.037420
MTDnewhill,1000,40,90,45.5000,0.037465
MTDnewhill,1000,40,91,46.0000,0.037322
MTDnewhill,1000,40,92,46.5000,0.037149
MTDnewhill,1000,40,93,47.0000,0.036993
MTDnewhill,1000,40,94,47.5000,0.036004
MTDnewhill,1000,40,95,48.0000,0.035852
MTDnewhill,1000,40,96,48.5000,0.035765
MTDnewhill,1000,40,97,49.0000,0.035920
MTDnewhill,1000,40,98,49.5000,0.035413
MTDnewhill,1000,40,99,50.0000,0.035259
MTDnewhill,1000,50,0,0.5000,6.280088
MTDnewhill,1000,50,1,1.0000,4.915961
MTDnewhill,1000,50,2,1.5000,3.880375
MTDnewhill,1000,50,3,2.0000,3.230498
MTDnewhill,1000,50,4,2.5000,2.488649
MTDnewhill,1000,50,5,3.0000,1.993161
MTDnewhill,1000,50,6,3.5000,1.580057
MTDnewhill,1000,50,7,4.0000,1.284910
MTDnewhill,1000,50,8,4.5000,1.015758
MTDnewhill,1000,50,9,5.0000,0.719425
MTDnewhill,1000,50,10,5.5000,0.574417
MTDnewhill,1000,50,11,6.0000,0.331274
MTDnewhill,1000,50,12,6.5000,0.137966
MTDnewhill,1000,50,13,7.0000,0.097432
MTDnewhill,1000,50,14,7.5000,0.093727
MTDnewhill,1000,50,15,8.0000,0.086834
MTDnewhill,1000,50,16,8.5000,0.084077
MTDnewhill,1000,50,17,9.0000,0.081900
MTDnewhill,1000,50,18,9.5000,0.080104
MTDnewhill,1000,50,19,10.0000,0.076201
MTDnewhill,1000,50,20,10.5000,0.075404
MTDnewhill,1000,50,21,11.0000,0.073974
MTDnewhill,1000,50,22,11.5000,0.072360
MTDnewhill,1000,50,23,12.0000,0.074457
MTDnewhill,1000,50,24,12.5000,0.078116
MTDnewhill,1000,50,25,13.0000,0.081425
MTDnewhill,1000,50,26,13.5000,0.076818
MTDnewhill,1000,50,27,14.0000,0.072916
MTDnewhill,1000,50,28,14.5000,0.075149
MTDnewhill,1000,50,29,15.0000,0.074241
MTDnewhill,1000,50,30,15.5000,0.072547
MTDnewhill,1000,50,31,16.0000,0.074727
MTDnewhill,1000,50,32,16.5000,0.065131
MTDnewhill,1000,50,33,17.0000,0.061823
MTDnewhill,1000,50,34,17.5000,0.061120
MTDnewhill,1000,50,35,18.0000,0.059314
MTDnewhill,1000,50,36,18.5000,0.058333
MTDnewhill,1000,50,37,19.0000,0.065522
MTDnewhill,1000,50,38,19.5000,0.062801
MTDnewhill,1000,50,39,20.0000,0.057853
MTDnewhill,1000,50,40,20.5000,0.054683
MTDnewhill,1000,50,41,21.0000,0.055274
MTDnewhill,1000,50,42,21.5000,0.054115
MTDnewhill,1000,50,43,22.0000,0.052079
MTDnewhill,1000,50,44,22.5000,0.051851
MTDnewhill,1000,50,45,23.0000,0.053218
MTDnewhill,1000,50,46,23.5000,0.052572
MTDnewhill,1000,50,47,24.0000,0.051654
MTDnewhill,1000,50,48,24.5000,0.057863
MTDnewhill,1000,50,49,25.0000,0.054659
MTDnewhill,1000,50,50,25.5000,0.052988
MTDnewhill,1000,50,51,26.0000,0.053732
MTDnewhill,1000,50,52,26.5000,0.059258
MTDnewhill,1000,50,53,27.0000,0.059608
MTDnewhill,1000,50,54,27.5000,0.058312
MTDnewhill,1000,50,55,28.0000,0.059445
MTDnewhill,1000,50,56,28.5000,0.057781
MTDnewhill,1000,50,57,29.0000,0.057092
MTDnewhill,1000,50,58,29.5000,0.054142
MTDnewhill,1000,50,59,30.0000,0.051305
MTDnewhill,1000,50,60,30.5000,0.053320
MTDnewhill,1000,50,61,31.0000,0.058090
MTDnewhill,1000,50,62,31.5000,0.057719
MTDnewhill,1000,50,63,32.0000,0.055218
MTDnewhill,1000,50,64,32.5000,0.051770
MTDnewhill,1000,50,65,33.0000,0.051503
MTDnewhill,1000,50,66,33.5000,0.051662
MTDnewhill,1000,50,67,34.0000,0.050935
MTDnewhill,1000,50,68,34.5000,0.052697
MTDnewhill,1000,50,69,35.0000,0.051062
MTDnewhill,1000,50,70,35.5000,0.054644
MTDnewhill,1000,50,71,36.0000,0.056779
MTDnewhill,1000,50,72,36.5000,0.052700
MTDnewhill,1000,50,73,37.0000,0.050466
MTDnewhill,1000,50,74,37.5000,0.048575
MTDnewhill,1000,50,75,38.0000,0.050058
MTDnewhill,1000,50,76,38.5000,0.051147
MTDnewhill,1000,50,77,39.0000,0.051596
MTDnewhill,1000,50,78,39.5000,0.049872
MTDnewhill,1000,50,79,40.0000,0.048231
MTDnewhill,1000,50,80,40.5000,0.046113
MTDnewhill,1000,50,81,41.0000,0.046306
MTDnewhill,1000,50,82,41.5000,0.046379
MTDnewhill,1000,50,83,42.0000,0.045733
MTDnewhill,1000,50,84,42.5000,0.044359
MTDnewhill,1000,50,85,43.0000,0.050165
MTDnewhill,1000,50,86,43.5000,0.050272
MTDnewhill,1000,50,87,44.0000,0.051654
MTDnewhill,1000,50,88,44.5000,0.053936
MTDnewhill,1000,50,89,45.0000,0.052068
MTDnewhill,1000,50,90,45.5000,0.051605
MTDnewhill,1000,50,91,46.0000,0.050691
MTDnewhill,1000,50,92,46.5000,0.050373
MTDnewhill,1000,50,93,47.0000,0.050014
MTDnewhill,1000,50,94,47.5000,0.047727
MTDnewhill,1000,50,95,48.0000,0.046197
MTDnewhill,1000,50,96,48.5000,0.047918
MTDnewhill,1000,50,97,49.0000,0.048371
MTDnewhill,1000,50,98,49.5000,0.046646
MTDnewhill,1000,50,99,50.0000,0.046658
MTDnewhill,100,10,0,0.5000,4.563851
MTDnewhill,100,10,1,1.0000,2.891755
MTDnewhill,100,10,2,1.5000,1.448504
MTDnewhill,100,10,3,2.0000,0.536343
MTDnewhill,100,10,4,2.5000,0.253450
MTDnewhill,100,10,5,3.0000,0.190535
MTDnewhill,100,10,6,3.5000,0.174866
MTDnewhill,100,10,7,4.0000,0.138077
MTDnewhill,100,10,8,4.5000,0.145819
MTDnewhill,100,10,9,5.0000,0.163455
MTDnewhill,100,10,10,5.5000,0.176590
MTDnewhill,100,10,11,6.0000,0.164766
MTDnewhill,100,10,12,6.5000,0.180584
MTDnewhill,100,10,13,7.0000,0.175538
MTDnewhill,100,10,14,7.5000,0.139067
MTDnewhill,100,10,15,8.0000,0.131701
MTDnewhill,100,10,16,8.5000,0.110740
MTDnewhill,100,10,17,9.0000,0.104481
MTDnewhill,100,10,18,9.5000,0.090701
MTDnewhill,100,10,19,10.0000,0.083657
MTDnewhill,100,10,20,10.5000,0.080052
MTDnewhill,100,10,21,11.0000,0.076862
MTDnewhill,100,10,22,11.5000,0.072965
MTDnewhill,100,10,23,12.0000,0.078342
MTDnewhill,100,10,24,12.5000,0.069072
MTDnewhill,100,10,25,13.0000,0.068351
MTDnewhill,100,10,26,13.5000,0.066423
MTDnewhill,100,10,27,14.0000,0.067012
MTDnewhill,100,10,28,14.5000,0.066382
MTDnewhill,100,10,29,15.0000,0.065336
MTDnewhill,100,10,30,15.5000,0.061514
MTDnewhill,100,10,31,16.0000,0.059979
MTDnewhill,100,10,32,16.5000,0.059686
MTDnewhill,100,10,33,17.0000,0.064101
MTDnewhill,100,10,34,17.5000,0.061583
MTDnewhill,100,10,35,18.0000,0.059717
MTDnewhill,100,10,36,18.5000,0.060221
MTDnewhill,100,10,37,19.0000,0.058078
MTDnewhill,100,10,38,19.5000,0.063845
MTDnewhill,100,10,39,20.0000,0.060450
MTDnewhill,100,10,40,20.5000,0.059061
MTDnewhill,100,10,41,21.0000,0.056953
MTDnewhill,100,10,42,21.5000,0.055076
MTDnewhill,100,10,43,22.0000,0.054308
MTDnewhill,100,10,44,22.5000,0.053111
MTDnewhill,100,10,45,23.0000,0.052039
MTDnewhill,100,10,46,23.5000,0.052223
MTDnewhill,100,10,47,24.0000,0.051867
MTDnewhill,100,10,48,24.5000,0.051601
MTDnewhill,100,10,49,25.0000,0.050390
MTDnewhill,100,10,50,25.5000,0.050436
MTDnewhill,100,10,51,26.0000,0.050156
MTDnewhill,100,10,52,26.5000,0.050291
MTDnewhill,100,10,53,27.0000,0.049410
MTDnewhill,100,10,54,27.5000,0.049185
MTDnewhill,100,10,55,28.0000,0.048697
MTDnewhill,100,10,56,28.5000,0.050664
MTDnewhill,100,10,57,29.0000,0.050054
MTDnewhill,100,10,58,29.5000,0.049360
MTDnewhill,100,10,59,30.0000,0.047228
MTDnewhill,100,10,60,30.5000,0.046686
MTDnewhill,100,10,61,31.0000,0.046275
MTDnewhill,100,10,62,31.5000,0.045672
MTDnewhill,100,10,63,32.0000,0.045685
MTDnewhill,100,10,64,32.5000,0.044732
MTDnewhill,100,10,65,33.0000,0.044408
MTDnewhill,100,10,66,33.5000,0.044775
MTDnewhill,100,10,67,34.0000,0.043824
MTDnewhill,100,10,68,34.5000,0.043341
MTDnewhill,100,10,69,35.0000,0.043524
MTDnewhill,100,10,70,35.5000,0.043461
MTDnewhill,100,10,71,36.0000,0.043085
MTDnewhill,100,10,72,36.5000,0.043420
MTDnewhill,100,10,73,37.0000,0.043386
MTDnewhill,100,10,74,37.5000,0.043571
MTDnewhill,100,10,75,38.0000,0.043782
MTDnewhill,100,10,76,38.5000,0.043745
MTDnewhill,100,10,77,39.0000,0.043529
MTDnewhill,100,10,78,39.5000,0.043612
MTDnewhill,100,10,79,40.0000,0.042951
MTDnewhill,100,10,80,40.5000,0.043540
MTDnewhill,100,10,81,41.0000,0.043836
MTDnewhill,100,10,82,41.5000,0.043431
MTDnewhill,100,10,83,42.0000,0.044022
MTDnewhill,100,10,84,42.5000,0.043044
MTDnewhill,100,10,85,43.0000,0.044634
MTDnewhill,100,10,86,43.5000,0.043470
MTDnewhill,100,10,87,44.0000,0.043507
MTDnewhill,100,10,88,44.5000,0.044207
MTDnewhill,100,10,89,45.0000,0.043533
MTDnewhill,100,10,90,45.5000,0.041757
MTDnewhill,100,10,91,46.0000,0.041183
MTDnewhill,100,10,92,46.5000,0.040404
MTDnewhill,100,10,93,47.0000,0.040889
MTDnewhill,100,10,94,47.5000,0.039380
MTDnewhill,100,10,95,48.0000,0.038979
MTDnewhill,100,10,96,48.5000,0.038707
MTDnewhill,100,10,97,49.0000,0.038985
MTDnewhill,100,10,98,49.5000,0.038560
MTDnewhill,100,10,99,50.0000,0.039539
MTDnewhill,100,20,0,0.5000,4.466300
MTDnewhill,100,20,1,1.0000,2.912211
MTDnewhill,100,20,2,1.5000,1.191727
MTDnewhill,100,20,3,2.0000,0.628537
MTDnewhill,100,20,4,2.5000,0.199999
MTDnewhill,100,20,5,3.0000,0.175303
MTDnewhill,100,20,6,3.5000,0.160834
MTDnewhill,100,20,7,4.0000,0.153081
MTDnewhill,100,20,8,4.5000,0.142974
MTDnewhill,100,20,9,5.0000,0.127971
MTDnewhill,100,20,10,5.5000,0.126213
MTDnewhill,100,20,11,6.0000,0.122101
MTDnewhill,100,20,12,6.5000,0.106909
MTDnewhill,100,20,13,7.0000,0.104818
MTDnewhill,100,20,14,7.5000,0.101555
MTDnewhill,100,20,15,8.0000,0.084015
MTDnewhill,100,20,16,8.5000,0.087197
MTDnewhill,100,20,17,9.0000,0.099085
MTDnewhill,100,20,18,9.5000,0.129061
MTDnewhill,100,20,19,10.0000,0.122922
MTDnewhill,100,20,20,10.5000,0.104810
MTDnewhill,100,20,21,11.0000,0.086572
MTDnewhill,100,20,22,11.5000,0.079546
MTDnewhill,100,20,23,12.0000,0.075676
MTDnewhill,100,20,24,12.5000,0.068988
MTDnewhill,100,20,25,13.0000,0.068075
MTDnewhill,100,20,26,13.5000,0.066501
MTDnewhill,100,20,27,14.0000,0.064818
MTDnewhill,100,20,28,14.5000,0.062459
MTDnewhill,100,20,29,15.0000,0.061036
MTDnewhill,100,20,30,15.5000,0.059424
MTDnewhill,100,20,31,16.0000,0.060332
MTDnewhill,100,20,32,16.5000,0.059535
MTDnewhill,100,20,33,17.0000,0.056048
MTDnewhill,100,20,34,17.5000,0.055159
MTDnewhill,100,20,35,18.0000,0.055163
MTDnewhill,100,20,36,18.5000,0.055410
MTDnewhill,100,20,37,19.0000,0.059482
MTDnewhill,100,20,38,19.5000,0.064438
MTDnewhill,100,20,39,20.0000,0.061842
MTDnewhill,100,20,40,20.5000,0.063338
MTDnewhill,100,20,41,21.0000,0.064624
MTDnewhill,100,20,42,21.5000,0.061934
MTDnewhill,100,20,43,22.0000,0.061619
MTDnewhill,100,20,44,22.5000,0.063047
MTDnewhill,100,20,45,23.0000,0.060020
MTDnewhill,100,20,46,23.5000,0.055493
MTDnewhill,100,20,47,24.0000,0.056787
MTDnewhill,100,20,48,24.5000,0.054115
MTDnewhill,100,20,49,25.0000,0.056450
MTDnewhill,100,20,50,25.5000,0.054807
MTDnewhill,100,20,51,26.0000,0.051110
MTDnewhill,100,20,52,26.5000,0.054370
MTDnewhill,100,20,53,27.0000,0.056042
MTDnewhill,100,20,54,27.5000,0.052617
MTDnewhill,100,20,55,28.0000,0.049743
MTDnewhill,100,20,56,28.5000,0.050373
MTDnewhill,100,20,57,29.0000,0.048871
MTDnewhill,100,20,58,29.5000,0.046158
MTDnewhill,100,20,59,30.0000,0.046094
MTDnewhill,100,20,60,30.5000,0.045292
MTDnewhill,100,20,61,31.0000,0.044958
MTDnewhill,100,20,62,31.5000,0.046416
MTDnewhill,100,20,63,32.0000,0.046773
MTDnewhill,100,20,64,32.5000,0.045789
MTDnewhill,100,20,65,33.0000,0.044547
MTDnewhill,100,20,66,33.5000,0.044473
MTDnewhill,100,20,67,34.0000,0.044361
MTDnewhill,100,20,68,34.5000,0.044947
MTDnewhill,100,20,69,35.0000,0.043666
MTDnewhill,100,20,70,35.5000,0.043444
MTDnewhill,100,20,71,36.0000,0.044351
MTDnewhill,100,20,72,36.5000,0.043873
MTDnewhill,100,20,73,37.0000,0.043327
MTDnewhill,100,20,74,37.5000,0.042675
MTDnewhill,100,20,75,38.0000,0.042836
MTDnewhill,100,20,76,38.5000,0.043222
MTDnewhill,100,20,77,39.0000,0.044042
MTDnewhill,100,20,78,39.5000,0.042449
MTDnewhill,100,20,79,40.0000,0.041757
MTDnewhill,100,20,80,40.5000,0.041874
MTDnewhill,100,20,81,41.0000,0.041715
MTDnewhill,100,20,82,41.5000,0.041706
MTDnewhill,100,20,83,42.0000,0.040532
MTDnewhill,100,20,84,42.5000,0.040898
MTDnewhill,100,20,85,43.0000,0.039966
MTDnewhill,100,20,86,43.5000,0.039916
MTDnewhill,100,20,87,44.0000,0.040784
MTDnewhill,100,20,88,44.5000,0.040258
MTDnewhill,100,20,89,45.0000,0.039786
MTDnewhill,100,20,90,45.5000,0.039563
MTDnewhill,100,20,91,46.0000,0.040226
MTDnewhill,100,20,92,46.5000,0.039569
MTDnewhill,100,20,93,47.0000,0.038051
MTDnewhill,100,20,94,47.5000,0.038528
MTDnewhill,100,20,95,48.0000,0.041995
MTDnewhill,100,20,96,48.5000,0.040674
MTDnewhill,100,20,97,49.0000,0.041163
MTDnewhill,100,20,98,49.5000,0.039879
MTDnewhill,100,20,99,50.0000,0.038139
MTDnewhill,100,30,0,0.5000,4.132723
MTDnewhill,100,30,1,1.0000,2.542730
MTDnewhill,100,30,2,1.5000,1.313319
MTDnewhill,100,30,3,2.0000,0.568958
MTDnewhill,100,30,4,2.5000,0.174548
MTDnewhill,100,30,5,3.0000,0.174736
MTDnewhill,100,30,6,3.5000,0.165258
MTDnewhill,100,30,7,4.0000,0.204175
MTDnewhill,100,30,8,4.5000,0.245718
MTDnewhill,100,30,9,5.0000,0.214010
MTDnewhill,100,30,10,5.5000,0.209272
MTDnewhill,100,30,11,6.0000,0.200435
MTDnewhill,100,30,12,6.5000,0.200444
MTDnewhill,100,30,13,7.0000,0.186748
MTDnewhill,100,30,14,7.5000,0.171694
MTDnewhill,100,30,15,8.0000,0.145169
MTDnewhill,100,30,16,8.5000,0.115800
MTDnewhill,100,30,17,9.0000,0.112724
MTDnewhill,100,30,18,9.5000,0.104439
MTDnewhill,100,30,19,10.0000,0.097391
MTDnewhill,100,30,20,10.5000,0.110157
MTDnewhill,100,30,21,11.0000,0.112993
MTDnewhill,100,30,22,11.5000,0.118703
MTDnewhill,100,30,23,12.0000,0.112762
MTDnewhill,100,30,24,12.5000,0.107389
MTDnewhill,100,30,25,13.0000,0.105076
MTDnewhill,100,30,26,13.5000,0.113650
MTDnewhill,100,30,27,14.0000,0.110374
MTDnewhill,100,30,28,14.5000,0.113062
MTDnewhill,100,30,29,15.0000,0.106186
MTDnewhill,100,30,30,15.5000,0.109993
MTDnewhill,100,30,31,16.0000,0.100150
MTDnewhill,100,30,32,16.5000,0.100617
MTDnewhill,100,30,33,17.0000,0.102482
MTDnewhill,100,30,34,17.5000,0.097285
MTDnewhill,100,30,35,18.0000,0.088068
MTDnewhill,100,30,36,18.5000,0.099409
MTDnewhill,100,30,37,19.0000,0.096537
MTDnewhill,100,30,38,19.5000,0.094731
MTDnewhill,100,30,39,20.0000,0.088949
MTDnewhill,100,30,40,20.5000,0.083821
MTDnewhill,100,30,41,21.0000,0.084132
MTDnewhill,100,30,42,21.5000,0.076308
MTDnewhill,100,30,43,22.0000,0.072063
MTDnewhill,100,30,44,22.5000,0.078813
MTDnewhill,100,30,45,23.0000,0.073478
MTDnewhill,100,30,46,23.5000,0.073448
MTDnewhill,100,30,47,24.0000,0.081554
MTDnewhill,100,30,48,24.5000,0.089187
MTDnewhill,100,30,49,25.0000,0.088930
MTDnewhill,100,30,50,25.5000,0.086137
MTDnewhill,100,30,51,26.0000,0.080981
MTDnewhill,100,30,52,26.5000,0.076017
MTDnewhill,100,30,53,27.0000,0.070887
MTDnewhill,100,30,54,27.5000,0.069649
MTDnewhill,100,30,55,28.0000,0.071664
MTDnewhill,100,30,56,28.5000,0.070782
MTDnewhill,100,30,57,29.0000,0.069111
MTDnewhill,100,30,58,29.5000,0.063115
MTDnewhill,100,30,59,30.0000,0.059953
MTDnewhill,100,30,60,30.5000,0.054309
MTDnewhill,100,30,61,31.0000,0.056322
MTDnewhill,100,30,62,31.5000,0.053097
MTDnewhill,100,30,63,32.0000,0.056603
MTDnewhill,100,30,64,32.5000,0.055977
MTDnewhill,100,30,65,33.0000,0.054246
MTDnewhill,100,30,66,33.5000,0.049275
MTDnewhill,100,30,67,34.0000,0.047777
MTDnewhill,100,30,68,34.5000,0.049932
MTDnewhill,100,30,69,35.0000,0.051311
MTDnewhill,100,30,70,35.5000,0.050497
MTDnewhill,100,30,71,36.0000,0.048959
MTDnewhill,100,30,72,36.5000,0.049606
MTDnewhill,100,30,73,37.0000,0.050744
MTDnewhill,100,30,74,37.5000,0.053873
MTDnewhill,100,30,75,38.0000,0.052900
MTDnewhill,100,30,76,38.5000,0.050339
MTDnewhill,100,30,77,39.0000,0.050762
MTDnewhill,100,30,78,39.5000,0.050632
MTDnewhill,100,30,79,40.0000,0.048492
MTDnewhill,100,30,80,40.5000,0.046861
MTDnewhill,100,30,81,41.0000,0.045153
MTDnewhill,100,30,82,41.5000,0.045985
MTDnewhill,100,30,83,42.0000,0.046297
MTDnewhill,100,30,84,42.5000,0.045388
MTDnewhill,100,30,85,43.0000,0.043621
MTDnewhill,100,30,86,43.5000,0.041739
MTDnewhill,100,30,87,44.0000,0.045661
MTDnewhill,100,30,88,44.5000,0.049236
MTDnewhill,100,30,89,45.0000,0.049431
MTDnewhill,100,30,90,45.5000,0.049820
MTDnewhill,100,30,91,46.0000,0.048413
MTDnewhill,100,30,92,46.5000,0.049152
MTDnewhill,100,30,93,47.0000,0.045887
MTDnewhill,100,30,94,47.5000,0.045173
MTDnewhill,100,30,95,48.0000,0.045480
MTDnewhill,100,30,96,48.5000,0.043310
MTDnewhill,100,30,97,49.0000,0.042187
MTDnewhill,100,30,98,49.5000,0.044250
MTDnewhill,100,30,99,50.0000,0.043341
MTDnewhill,100,40,0,0.5000,4.258110
MTDnewhill,100,40,1,1.0000,2.607093
MTDnewhill,100,40,2,1.5000,1.389894
MTDnewhill,100,40,3,2.0000,0.665121
MTDnewhill,100,40,4,2.5000,0.317389
MTDnewhill,100,40,5,3.0000,0.295547
MTDnewhill,100,40,6,3.5000,0.239194
MTDnewhill,100,40,7,4.0000,0.220472
MTDnewhill,100,40,8,4.5000,0.161227
MTDnewhill,100,40,9,5.0000,0.142864
MTDnewhill,100,40,10,5.5000,0.157015
MTDnewhill,100,40,11,6.0000,0.130103
MTDnewhill,100,40,12,6.5000,0.119647
MTDnewhill,100,40,13,7.0000,0.110058
MTDnewhill,100,40,14,7.5000,0.130146
MTDnewhill,100,40,15,8.0000,0.125682
MTDnewhill,100,40,16,8.5000,0.139145
MTDnewhill,100,40,17,9.0000,0.149049
MTDnewhill,100,40,18,9.5000,0.127227
MTDnewhill,100,40,19,10.0000,0.129345
MTDnewhill,100,40,20,10.5000,0.132531
MTDnewhill,100,40,21,11.0000,0.133486
MTDnewhill,100,40,22,11.5000,0.142028
MTDnewhill,100,40,23,12.0000,0.137277
MTDnewhill,100,40,24,12.5000,0.131007
MTDnewhill,100,40,25,13.0000,0.109888
MTDnewhill,100,40,26,13.5000,0.096430
MTDnewhill,100,40,27,14.0000,0.106595
MTDnewhill,100,40,28,14.5000,0.108401
MTDnewhill,100,40,29,15.0000,0.104670
MTDnewhill,100,40,30,15.5000,0.106098
MTDnewhill,100,40,31,16.0000,0.116008
MTDnewhill,100,40,32,16.5000,0.111643
MTDnewhill,100,40,33,17.0000,0.102482
MTDnewhill,100,40,34,17.5000,0.093901
MTDnewhill,100,40,35,18.0000,0.091816
MTDnewhill,100,40,36,18.5000,0.091476
MTDnewhill,100,40,37,19.0000,0.096283
MTDnewhill,100,40,38,19.5000,0.097286
MTDnewhill,100,40,39,20.0000,0.090745
MTDnewhill,100,40,40,20.5000,0.092761
MTDnewhill,100,40,41,21.0000,0.086267
MTDnewhill,100,40,42,21.5000,0.077692
MTDnewhill,100,40,43,22.0000,0.090366
MTDnewhill,100,40,44,22.5000,0.086654
MTDnewhill,100,40,45,23.0000,0.088795
MTDnewhill,100,40,46,23.5000,0.098829
MTDnewhill,100,40,47,24.0000,0.102647
MTDnewhill,100,40,48,24.5000,0.095526
MTDnewhill,100,40,49,25.0000,0.093327
MTDnewhill,100,40,50,25.5000,0.079755
MTDnewhill,100,40,51,26.0000,0.076335
MTDnewhill,100,40,52,26.5000,0.076587
MTDnewhill,100,40,53,27.0000,0.075324
MTDnewhill,100,40,54,27.5000,0.073694
MTDnewhill,100,40,55,28.0000,0.071576
MTDnewhill,100,40,56,28.5000,0.065674
MTDnewhill,100,40,57,29.0000,0.062994
MTDnewhill,100,40,58,29.5000,0.054029
MTDnewhill,100,40,59,30.0000,0.053533
MTDnewhill,100,40,60,30.5000,0.055295
MTDnewhill,100,40,61,31.0000,0.053187
MTDnewhill,100,40,62,31.5000,0.051076
MTDnewhill,100,40,63,32.0000,0.051600
MTDnewhill,100,40,64,32.5000,0.050209
MTDnewhill,100,40,65,33.0000,0.049390
MTDnewhill,100,40,66,33.5000,0.048692
MTDnewhill,100,40,67,34.0000,0.049533
MTDnewhill,100,40,68,34.5000,0.050765
MTDnewhill,100,40,69,35.0000,0.050790
MTDnewhill,100,40,70,35.5000,0.049692
MTDnewhill,100,40,71,36.0000,0.051823
MTDnewhill,100,40,72,36.5000,0.052347
MTDnewhill,100,40,73,37.0000,0.051744
MTDnewhill,100,40,74,37.5000,0.050935
MTDnewhill,100,40,75,38.0000,0.047770
MTDnewhill,100,40,76,38.5000,0.046487
MTDnewhill,100,40,77,39.0000,0.050068
MTDnewhill,100,40,78,39.5000,0.047779
MTDnewhill,100,40,79,40.0000,0.046891
MTDnewhill,100,40,80,40.5000,0.045510
MTDnewhill,100,40,81,41.0000,0.043469
MTDnewhill,100,40,82,41.5000,0.042880
MTDnewhill,100,40,83,42.0000,0.039872
MTDnewhill,100,40,84,42.5000,0.040376
MTDnewhill,100,40,85,43.0000,0.039771
MTDnewhill,100,40,86,43.5000,0.041361
MTDnewhill,100,40,87,44.0000,0.041205
MTDnewhill,100,40,88,44.5000,0.043531
MTDnewhill,100,40,89,45.0000,0.041976
MTDnewhill,100,40,90,45.5000,0.043932
MTDnewhill,100,40,91,46.0000,0.042929
MTDnewhill,100,40,92,46.5000,0.044295
MTDnewhill,100,40,93,47.0000,0.044214
MTDnewhill,100,40,94,47.5000,0.043505
MTDnewhill,100,40,95,48.0000,0.047271
MTDnewhill,100,40,96,48.5000,0.045062
MTDnewhill,100,40,97,49.0000,0.046799
MTDnewhill,100,40,98,49.5000,0.045106
MTDnewhill,100,40,99,50.0000,0.045019
MTDnewhill,100,50,0,0.5000,4.354203
MTDnewhill,100,50,1,1.0000,2.583118
MTDnewhill,100,50,2,1.5000,1.297412
MTDnewhill,100,50,3,2.0000,0.554039
MTDnewhill,100,50,4,2.5000,0.218194
MTDnewhill,100,50,5,3.0000,0.164375
MTDnewhill,100,50,6,3.5000,0.164401
MTDnewhill,100,50,7,4.0000,0.135356
MTDnewhill,100,50,8,4.5000,0.120221
MTDnewhill,100,50,9,5.0000,0.113633
MTDnewhill,100,50,10,5.5000,0.121819
MTDnewhill,100,50,11,6.0000,0.110102
MTDnewhill,100,50,12,6.5000,0.107211
MTDnewhill,100,50,13,7.0000,0.098980
MTDnewhill,100,50,14,7.5000,0.103947
MTDnewhill,100,50,15,8.0000,0.096624
MTDnewhill,100,50,16,8.5000,0.091751
MTDnewhill,100,50,17,9.0000,0.089789
MTDnewhill,100,50,18,9.5000,0.090748
MTDnewhill,100,50,19,10.0000,0.085799
MTDnewhill,100,50,20,10.5000,0.078070
MTDnewhill,100,50,21,11.0000,0.082978
MTDnewhill,100,50,22,11.5000,0.082695
MTDnewhill,100,50,23,12.0000,0.073110
MTDnewhill,100,50,24,12.5000,0.074315
MTDnewhill,100,50,25,13.0000,0.071315
MTDnewhill,100,50,26,13.5000,0.073691
MTDnewhill,100,50,27,14.0000,0.070617
MTDnewhill,100,50,28,14.5000,0.087211
MTDnewhill,100,50,29,15.0000,0.087394
MTDnewhill,100,50,30,15.5000,0.089383
MTDnewhill,100,50,31,16.0000,0.092896
MTDnewhill,100,50,32,16.5000,0.097027
MTDnewhill,100,50,33,17.0000,0.095581
MTDnewhill,100,50,34,17.5000,0.085644
MTDnewhill,100,50,35,18.0000,0.079878
MTDnewhill,100,50,36,18.5000,0.093295
MTDnewhill,100,50,37,19.0000,0.093978
MTDnewhill,100,50,38,19.5000,0.086844
MTDnewhill,100,50,39,20.0000,0.086810
MTDnewhill,100,50,40,20.5000,0.079083
MTDnewhill,100,50,41,21.0000,0.078315
MTDnewhill,100,50,42,21.5000,0.078061
MTDnewhill,100,50,43,22.0000,0.069997
MTDnewhill,100,50,44,22.5000,0.075450
MTDnewhill,100,50,45,23.0000,0.088254
MTDnewhill,100,50,46,23.5000,0.087647
MTDnewhill,100,50,47,24.0000,0.086862
MTDnewhill,100,50,48,24.5000,0.078611
MTDnewhill,100,50,49,25.0000,0.083435
MTDnewhill,100,50,50,25.5000,0.084596
MTDnewhill,100,50,51,26.0000,0.085707
MTDnewhill,100,50,52,26.5000,0.081049
MTDnewhill,100,50,53,27.0000,0.094950
MTDnewhill,100,50,54,27.5000,0.091769
MTDnewhill,100,50,55,28.0000,0.091732
MTDnewhill,100,50,56,28.5000,0.091833
MTDnewhill,100,50,57,29.0000,0.102732
MTDnewhill,100,50,58,29.5000,0.097833
MTDnewhill,100,50,59,30.0000,0.094285
MTDnewhill,100,50,60,30.5000,0.088877
MTDnewhill,100,50,61,31.0000,0.088135
MTDnewhill,100,50,62,31.5000,0.084042
MTDnewhill,100,50,63,32.0000,0.081465
MTDnewhill,100,50,64,32.5000,0.076534
MTDnewhill,100,50,65,33.0000,0.073840
MTDnewhill,100,50,66,33.5000,0.073045
MTDnewhill,100,50,67,34.0000,0.068603
MTDnewhill,100,50,68,34.5000,0.070707
MTDnewhill,100,50,69,35.0000,0.074352
MTDnewhill,100,50,70,35.5000,0.068105
MTDnewhill,100,50,71,36.0000,0.068406
MTDnewhill,100,50,72,36.5000,0.063615
MTDnewhill,100,50,73,37.0000,0.062386
MTDnewhill,100,50,74,37.5000,0.063694
MTDnewhill,100,50,75,38.0000,0.063236
MTDnewhill,100,50,76,38.5000,0.063420
MTDnewhill,100,50,77,39.0000,0.054564
MTDnewhill,100,50,78,39.5000,0.051616
MTDnewhill,100,50,79,40.0000,0.051529
MTDnewhill,100,50,80,40.5000,0.049782
MTDnewhill,100,50,81,41.0000,0.051214
MTDnewhill,100,50,82,41.5000,0.052859
MTDnewhill,100,50,83,42.0000,0.056574
MTDnewhill,100,50,84,42.5000,0.053978
MTDnewhill,100,50,85,43.0000,0.055145
MTDnewhill,100,50,86,43.5000,0.056568
MTDnewhill,100,50,87,44.0000,0.058550
MTDnewhill,100,50,88,44.5000,0.059093
MTDnewhill,100,50,89,45.0000,0.057784
MTDnewhill,100,50,90,45.5000,0.058058
MTDnewhill,100,50,91,46.0000,0.054061
MTDnewhill,100,50,92,46.5000,0.054624
MTDnewhill,100,50,93,47.0000,0.055873
MTDnewhill,100,50,94,47.5000,0.052704
MTDnewhill,100,50,95,48.0000,0.049882
MTDnewhill,100,50,96,48.5000,0.049568
MTDnewhill,100,50,97,49.0000,0.048494
MTDnewhill,100,50,98,49.5000,0.049175
MTDnewhill,100,50,99,50.0000,0.048574
MTDnewhill,2000,10,0,0.5000,6.542570
MTDnewhill,2000,10,1,1.0000,5.208595
MTDnewhill,2000,10,2,1.5000,4.675350
MTDnewhill,2000,10,3,2.0000,4.011947
MTDnewhill,2000,10,4,2.5000,3.372115
MTDnewhill,2000,10,5,3.0000,2.923584
MTDnewhill,2000,10,6,3.5000,2.482938
MTDnewhill,2000,10,7,4.0000,2.097957
MTDnewhill,2000,10,8,4.5000,1.654774
MTDnewhill,2000,10,9,5.0000,1.407470
MTDnewhill,2000,10,10,5.5000,0.997293
MTDnewhill,2000,10,11,6.0000,0.771454
MTDnewhill,2000,10,12,6.5000,0.563191
MTDnewhill,2000,10,13,7.0000,0.445278
MTDnewhill,2000,10,14,7.5000,0.277471
MTDnewhill,2000,10,15,8.0000,0.204584
MTDnewhill,2000,10,16,8.5000,0.138399
MTDnewhill,2000,10,17,9.0000,0.115451
MTDnewhill,2000,10,18,9.5000,0.092275
MTDnewhill,2000,10,19,10.0000,0.083207
MTDnewhill,2000,10,20,10.5000,0.075817
MTDnewhill,2000,10,21,11.0000,0.073866
MTDnewhill,2000,10,22,11.5000,0.072132
MTDnewhill,2000,10,23,12.0000,0.071887
MTDnewhill,2000,10,24,12.5000,0.070980
MTDnewhill,2000,10,25,13.0000,0.068593
MTDnewhill,2000,10,26,13.5000,0.065599
MTDnewhill,2000,10,27,14.0000,0.064658
MTDnewhill,2000,10,28,14.5000,0.064020
MTDnewhill,2000,10,29,15.0000,0.062402
MTDnewhill,2000,10,30,15.5000,0.062110
MTDnewhill,2000,10,31,16.0000,0.059703
MTDnewhill,2000,10,32,16.5000,0.059351
MTDnewhill,2000,10,33,17.0000,0.060039
MTDnewhill,2000,10,34,17.5000,0.064072
MTDnewhill,2000,10,35,18.0000,0.061303
MTDnewhill,2000,10,36,18.5000,0.061418
MTDnewhill,2000,10,37,19.0000,0.063957
MTDnewhill,2000,10,38,19.5000,0.063391
MTDnewhill,2000,10,39,20.0000,0.058164
MTDnewhill,2000,10,40,20.5000,0.060421
MTDnewhill,2000,10,41,21.0000,0.058999
MTDnewhill,2000,10,42,21.5000,0.057088
MTDnewhill,2000,10,43,22.0000,0.054309
MTDnewhill,2000,10,44,22.5000,0.053823
MTDnewhill,2000,10,45,23.0000,0.053244
MTDnewhill,2000,10,46,23.5000,0.053753
MTDnewhill,2000,10,47,24.0000,0.054537
MTDnewhill,2000,10,48,24.5000,0.054565
MTDnewhill,2000,10,49,25.0000,0.051345
MTDnewhill,2000,10,50,25.5000,0.051790
MTDnewhill,2000,10,51,26.0000,0.054518
MTDnewhill,2000,10,52,26.5000,0.053609
MTDnewhill,2000,10,53,27.0000,0.051499
MTDnewhill,2000,10,54,27.5000,0.050708
MTDnewhill,2000,10,55,28.0000,0.050656
MTDnewhill,2000,10,56,28.5000,0.048183
MTDnewhill,2000,10,57,29.0000,0.047189
MTDnewhill,2000,10,58,29.5000,0.046643
MTDnewhill,2000,10,59,30.0000,0.046672
MTDnewhill,2000,10,60,30.5000,0.046850
MTDnewhill,2000,10,61,31.0000,0.045991
MTDnewhill,2000,10,62,31.5000,0.045211
MTDnewhill,2000,10,63,32.0000,0.045051
MTDnewhill,2000,10,64,32.5000,0.043895
MTDnewhill,2000,10,65,33.0000,0.044556
MTDnewhill,2000,10,66,33.5000,0.043694
MTDnewhill,2000,10,67,34.0000,0.042608
MTDnewhill,2000,10,68,34.5000,0.042439
MTDnewhill,2000,10,69,35.0000,0.042200
MTDnewhill,2000,10,70,35.5000,0.042018
MTDnewhill,2000,10,71,36.0000,0.041478
MTDnewhill,2000,10,72,36.5000,0.041515
MTDnewhill,2000,10,73,37.0000,0.042079
MTDnewhill,2000,10,74,37.5000,0.041896
MTDnewhill,2000,10,75,38.0000,0.043602
MTDnewhill,2000,10,76,38.5000,0.044188
MTDnewhill,2000,10,77,39.0000,0.043601
MTDnewhill,2000,10,78,39.5000,0.044637
MTDnewhill,2000,10,79,40.0000,0.046299
MTDnewhill,2000,10,80,40.5000,0.041885
MTDnewhill,2000,10,81,41.0000,0.041054
MTDnewhill,2000,10,82,41.5000,0.042021
MTDnewhill,2000,10,83,42.0000,0.041655
MTDnewhill,2000,10,84,42.5000,0.040822
MTDnewhill,2000,10,85,43.0000,0.038867
MTDnewhill,2000,10,86,43.5000,0.038383
MTDnewhill,2000,10,87,44.0000,0.038533
MTDnewhill,2000,10,88,44.5000,0.038150
MTDnewhill,2000,10,89,45.0000,0.038735
MTDnewhill,2000,10,90,45.5000,0.040017
MTDnewhill,2000,10,91,46.0000,0.038716
MTDnewhill,2000,10,92,46.5000,0.040175
MTDnewhill,2000,10,93,47.0000,0.039659
MTDnewhill,2000,10,94,47.5000,0.039095
MTDnewhill,2000,10,95,48.0000,0.038440
MTDnewhill,2000,10,96,48.5000,0.038228
MTDnewhill,2000,10,97,49.0000,0.038610
MTDnewhill,2000,10,98,49.5000,0.037756
MTDnewhill,2000,10,99,50.0000,0.037048
MTDnewhill,2000,20,0,0.5000,6.156884
MTDnewhill,2000,20,1,1.0000,5.403124
MTDnewhill,2000,20,2,1.5000,4.785781
MTDnewhill,2000,20,3,2.0000,4.064369
MTDnewhill,2000,20,4,2.5000,3.697239
MTDnewhill,2000,20,5,3.0000,3.100030
MTDnewhill,2000,20,6,3.5000,2.510890
MTDnewhill,2000,20,7,4.0000,2.197651
MTDnewhill,2000,20,8,4.5000,1.764864
MTDnewhill,2000,20,9,5.0000,1.431415
MTDnewhill,2000,20,10,5.5000,1.087622
MTDnewhill,2000,20,11,6.0000,0.791390
MTDnewhill,2000,20,12,6.5000,0.685633
MTDnewhill,2000,20,13,7.0000,0.457540
MTDnewhill,2000,20,14,7.5000,0.351452
MTDnewhill,2000,20,15,8.0000,0.247309
MTDnewhill,2000,20,16,8.5000,0.193501
MTDnewhill,2000,20,17,9.0000,0.121113
MTDnewhill,2000,20,18,9.5000,0.128691
MTDnewhill,2000,20,19,10.0000,0.129741
MTDnewhill,2000,20,20,10.5000,0.111691
MTDnewhill,2000,20,21,11.0000,0.094465
MTDnewhill,2000,20,22,11.5000,0.094672
MTDnewhill,2000,20,23,12.0000,0.087502
MTDnewhill,2000,20,24,12.5000,0.087656
MTDnewhill,2000,20,25,13.0000,0.088457
MTDnewhill,2000,20,26,13.5000,0.094843
MTDnewhill,2000,20,27,14.0000,0.094217
MTDnewhill,2000,20,28,14.5000,0.091005
MTDnewhill,2000,20,29,15.0000,0.088344
MTDnewhill,2000,20,30,15.5000,0.088532
MTDnewhill,2000,20,31,16.0000,0.083757
MTDnewhill,2000,20,32,16.5000,0.082314
MTDnewhill,2000,20,33,17.0000,0.083797
MTDnewhill,2000,20,34,17.5000,0.083576
MTDnewhill,2000,20,35,18.0000,0.080984
MTDnewhill,2000,20,36,18.5000,0.082184
MTDnewhill,2000,20,37,19.0000,0.078181
MTDnewhill,2000,20,38,19.5000,0.076537
MTDnewhill,2000,20,39,20.0000,0.085095
MTDnewhill,2000,20,40,20.5000,0.087425
MTDnewhill,2000,20,41,21.0000,0.084917
MTDnewhill,2000,20,42,21.5000,0.087841
MTDnewhill,2000,20,43,22.0000,0.091129
MTDnewhill,2000,20,44,22.5000,0.089731
MTDnewhill,2000,20,45,23.0000,0.072981
MTDnewhill,2000,20,46,23.5000,0.072878
MTDnewhill,2000,20,47,24.0000,0.076298
MTDnewhill,2000,20,48,24.5000,0.072610
MTDnewhill,2000,20,49,25.0000,0.077560
MTDnewhill,2000,20,50,25.5000,0.074998
MTDnewhill,2000,20,51,26.0000,0.069957
MTDnewhill,2000,20,52,26.5000,0.073373
MTDnewhill,2000,20,53,27.0000,0.068821
MTDnewhill,2000,20,54,27.5000,0.069403
MTDnewhill,2000,20,55,28.0000,0.068431
MTDnewhill,2000,20,56,28.5000,0.068680
MTDnewhill,2000,20,57,29.0000,0.069688
MTDnewhill,2000,20,58,29.5000,0.069898
MTDnewhill,2000,20,59,30.0000,0.073034
MTDnewhill,2000,20,60,30.5000,0.073318
MTDnewhill,2000,20,61,31.0000,0.076229
MTDnewhill,2000,20,62,31.5000,0.075335
MTDnewhill,2000,20,63,32.0000,0.080588
MTDnewhill,2000,20,64,32.5000,0.071892
MTDnewhill,2000,20,65,33.0000,0.071688
MTDnewhill,2000,20,66,33.5000,0.072249
MTDnewhill,2000,20,67,34.0000,0.070857
MTDnewhill,2000,20,68,34.5000,0.072205
MTDnewhill,2000,20,69,35.0000,0.064859
MTDnewhill,2000,20,70,35.5000,0.062044
MTDnewhill,2000,20,71,36.0000,0.061046
MTDnewhill,2000,20,72,36.5000,0.063254
MTDnewhill,2000,20,73,37.0000,0.060860
MTDnewhill,2000,20,74,37.5000,0.062384
MTDnewhill,2000,20,75,38.0000,0.058707
MTDnewhill,2000,20,76,38.5000,0.066767
MTDnewhill,2000,20,77,39.0000,0.068038
MTDnewhill,2000,20,78,39.5000,0.071909
MTDnewhill,2000,20,79,40.0000,0.069476
MTDnewhill,2000,20,80,40.5000,0.066635
MTDnewhill,2000,20,81,41.0000,0.063942
MTDnewhill,2000,20,82,41.5000,0.059566
MTDnewhill,2000,20,83,42.0000,0.060068
MTDnewhill,2000,20,84,42.5000,0.057931
MTDnewhill,2000,20,85,43.0000,0.056605
MTDnewhill,2000,20,86,43.5000,0.057132
MTDnewhill,2000,20,87,44.0000,0.060188
MTDnewhill,2000,20,88,44.5000,0.059628
MTDnewhill,2000,20,89,45.0000,0.060459
MTDnewhill,2000,20,90,45.5000,0.060681
MTDnewhill,2000,20,91,46.0000,0.054022
MTDnewhill,2000,20,92,46.5000,0.055740
MTDnewhill,2000,20,93,47.0000,0.057319
MTDnewhill,2000,20,94,47.5000,0.055321
MTDnewhill,2000,20,95,48.0000,0.057455
MTDnewhill,2000,20,96,48.5000,0.055017
MTDnewhill,2000,20,97,49.0000,0.052984
MTDnewhill,2000,20,98,49.5000,0.048934
MTDnewhill,2000,20,99,50.0000,0.047683
MTDnewhill,2000,30,0,0.5000,6.394983
MTDnewhill,2000,30,1,1.0000,5.213356
MTDnewhill,2000,30,2,1.5000,4.671503
MTDnewhill,2000,30,3,2.0000,3.795696
MTDnewhill,2000,30,4,2.5000,3.389157
MTDnewhill,2000,30,5,3.0000,3.045948
MTDnewhill,2000,30,6,3.5000,2.488713
MTDnewhill,2000,30,7,4.0000,1.981095
MTDnewhill,2000,30,8,4.5000,1.521484
MTDnewhill,2000,30,9,5.0000,1.305749
MTDnewhill,2000,30,10,5.5000,1.102740
MTDnewhill,2000,30,11,6.0000,0.904270
MTDnewhill,2000,30,12,6.5000,0.606478
MTDnewhill,2000,30,13,7.0000,0.442308
MTDnewhill,2000,30,14,7.5000,0.378715
MTDnewhill,2000,30,15,8.0000,0.282922
MTDnewhill,2000,30,16,8.5000,0.219636
MTDnewhill,2000,30,17,9.0000,0.201327
MTDnewhill,2000,30,18,9.5000,0.190139
MTDnewhill,2000,30,19,10.0000,0.174942
MTDnewhill,2000,30,20,10.5000,0.179866
MTDnewhill,2000,30,21,11.0000,0.176092
MTDnewhill,2000,30,22,11.5000,0.178383
MTDnewhill,2000,30,23,12.0000,0.167211
MTDnewhill,2000,30,24,12.5000,0.165532
MTDnewhill,2000,30,25,13.0000,0.155421
MTDnewhill,2000,30,26,13.5000,0.149235
MTDnewhill,2000,30,27,14.0000,0.142502
MTDnewhill,2000,30,28,14.5000,0.119729
MTDnewhill,2000,30,29,15.0000,0.120941
MTDnewhill,2000,30,30,15.5000,0.127875
MTDnewhill,2000,30,31,16.0000,0.122032
MTDnewhill,2000,30,32,16.5000,0.116745
MTDnewhill,2000,30,33,17.0000,0.114697
MTDnewhill,2000,30,34,17.5000,0.116477
MTDnewhill,2000,30,35,18.0000,0.112851
MTDnewhill,2000,30,36,18.5000,0.113955
MTDnewhill,2000,30,37,19.0000,0.116234
MTDnewhill,2000,30,38,19.5000,0.111828
MTDnewhill,2000,30,39,20.0000,0.111823
MTDnewhill,2000,30,40,20.5000,0.109717
MTDnewhill,2000,30,41,21.0000,0.110035
MTDnewhill,2000,30,42,21.5000,0.099354
MTDnewhill,2000,30,43,22.0000,0.100137
MTDnewhill,2000,30,44,22.5000,0.097166
MTDnewhill,2000,30,45,23.0000,0.091903
MTDnewhill,2000,30,46,23.5000,0.089897
MTDnewhill,2000,30,47,24.0000,0.089026
MTDnewhill,2000,30,48,24.5000,0.093938
MTDnewhill,2000,30,49,25.0000,0.090905
MTDnewhill,2000,30,50,25.5000,0.086462
MTDnewhill,2000,30,51,26.0000,0.089888
MTDnewhill,2000,30,52,26.5000,0.087887
MTDnewhill,2000,30,53,27.0000,0.081706
MTDnewhill,2000,30,54,27.5000,0.076617
MTDnewhill,2000,30,55,28.0000,0.077954
MTDnewhill,2000,30,56,28.5000,0.072148
MTDnewhill,2000,30,57,29.0000,0.070877
MTDnewhill,2000,30,58,29.5000,0.073939
MTDnewhill,2000,30,59,30.0000,0.080905
MTDnewhill,2000,30,60,30.5000,0.085271
MTDnewhill,2000,30,61,31.0000,0.083376
MTDnewhill,2000,30,62,31.5000,0.080062
MTDnewhill,2000,30,63,32.0000,0.081262
MTDnewhill,2000,30,64,32.5000,0.077604
MTDnewhill,2000,30,65,33.0000,0.077225
MTDnewhill,2000,30,66,33.5000,0.080048
MTDnewhill,2000,30,67,34.0000,0.079882
MTDnewhill,2000,30,68,34.5000,0.083096
MTDnewhill,2000,30,69,35.0000,0.077320
MTDnewhill,2000,30,70,35.5000,0.081820
MTDnewhill,2000,30,71,36.0000,0.076362
MTDnewhill,2000,30,72,36.5000,0.080364
MTDnewhill,2000,30,73,37.0000,0.080375
MTDnewhill,2000,30,74,37.5000,0.076049
MTDnewhill,2000,30,75,38.0000,0.074152
MTDnewhill,2000,30,76,38.5000,0.082329
MTDnewhill,2000,30,77,39.0000,0.085536
MTDnewhill,2000,30,78,39.5000,0.086529
MTDnewhill,2000,30,79,40.0000,0.083067
MTDnewhill,2000,30,80,40.5000,0.082596
MTDnewhill,2000,30,81,41.0000,0.076812
MTDnewhill,2000,30,82,41.5000,0.077305
MTDnewhill,2000,30,83,42.0000,0.072534
MTDnewhill,2000,30,84,42.5000,0.071431
MTDnewhill,2000,30,85,43.0000,0.070098
MTDnewhill,2000,30,86,43.5000,0.070145
MTDnewhill,2000,30,87,44.0000,0.069943
MTDnewhill,2000,30,88,44.5000,0.075496
MTDnewhill,2000,30,89,45.0000,0.071801
MTDnewhill,2000,30,90,45.5000,0.074291
MTDnewhill,2000,30,91,46.0000,0.074956
MTDnewhill,2000,30,92,46.5000,0.075632
MTDnewhill,2000,30,93,47.0000,0.075758
MTDnewhill,2000,30,94,47.5000,0.077653
MTDnewhill,2000,30,95,48.0000,0.076686
MTDnewhill,2000,30,96,48.5000,0.077797
MTDnewhill,2000,30,97,49.0000,0.077127
MTDnewhill,2000,30,98,49.5000,0.081533
MTDnewhill,2000,30,99,50.0000,0.083036
MTDnewhill,2000,40,0,0.5000,5.987861
MTDnewhill,2000,40,1,1.0000,5.040609
MTDnewhill,2000,40,2,1.5000,4.508432
MTDnewhill,2000,40,3,2.0000,3.641617
MTDnewhill,2000,40,4,2.5000,3.212405
MTDnewhill,2000,40,5,3.0000,2.788879
MTDnewhill,2000,40,6,3.5000,2.518542
MTDnewhill,2000,40,7,4.0000,2.188251
MTDnewhill,2000,40,8,4.5000,1.970064
MTDnewhill,2000,40,9,5.0000,1.552379
MTDnewhill,2000,40,10,5.5000,1.165811
MTDnewhill,2000,40,11,6.0000,0.990073
MTDnewhill,2000,40,12,6.5000,0.890545
MTDnewhill,2000,40,13,7.0000,0.619932
MTDnewhill,2000,40,14,7.5000,0.490525
MTDnewhill,2000,40,15,8.0000,0.316255
MTDnewhill,2000,40,16,8.5000,0.217334
MTDnewhill,2000,40,17,9.0000,0.156676
MTDnewhill,2000,40,18,9.5000,0.143124
MTDnewhill,2000,40,19,10.0000,0.127272
MTDnewhill,2000,40,20,10.5000,0.126894
MTDnewhill,2000,40,21,11.0000,0.123700
MTDnewhill,2000,40,22,11.5000,0.122673
MTDnewhill,2000,40,23,12.0000,0.112216
MTDnewhill,2000,40,24,12.5000,0.106076
MTDnewhill,2000,40,25,13.0000,0.101384
MTDnewhill,2000,40,26,13.5000,0.101586
MTDnewhill,2000,40,27,14.0000,0.091205
MTDnewhill,2000,40,28,14.5000,0.073927
MTDnewhill,2000,40,29,15.0000,0.072322
MTDnewhill,2000,40,30,15.5000,0.075328
MTDnewhill,2000,40,31,16.0000,0.078310
MTDnewhill,2000,40,32,16.5000,0.076430
MTDnewhill,2000,40,33,17.0000,0.075231
MTDnewhill,2000,40,34,17.5000,0.079215
MTDnewhill,2000,40,35,18.0000,0.077573
MTDnewhill,2000,40,36,18.5000,0.084610
MTDnewhill,2000,40,37,19.0000,0.081682
MTDnewhill,2000,40,38,19.5000,0.080729
MTDnewhill,2000,40,39,20.0000,0.071719
MTDnewhill,2000,40,40,20.5000,0.070540
MTDnewhill,2000,40,41,21.0000,0.069856
MTDnewhill,2000,40,42,21.5000,0.065013
MTDnewhill,2000,40,43,22.0000,0.062692
MTDnewhill,2000,40,44,22.5000,0.058098
MTDnewhill,2000,40,45,23.0000,0.057159
MTDnewhill,2000,40,46,23.5000,0.054238
MTDnewhill,2000,40,47,24.0000,0.052437
MTDnewhill,2000,40,48,24.5000,0.051926
MTDnewhill,2000,40,49,25.0000,0.051043
MTDnewhill,2000,40,50,25.5000,0.052437
MTDnewhill,2000,40,51,26.0000,0.053472
MTDnewhill,2000,40,52,26.5000,0.051636
MTDnewhill,2000,40,53,27.0000,0.050060
MTDnewhill,2000,40,54,27.5000,0.049758
MTDnewhill,2000,40,55,28.0000,0.051395
MTDnewhill,2000,40,56,28.5000,0.052499
MTDnewhill,2000,40,57,29.0000,0.051521
MTDnewhill,2000,40,58,29.5000,0.050413
MTDnewhill,2000,40,59,30.0000,0.049149
MTDnewhill,2000,40,60,30.5000,0.051618
MTDnewhill,2000,40,61,31.0000,0.052589
MTDnewhill,2000,40,62,31.5000,0.054941
MTDnewhill,2000,40,63,32.0000,0.053629
MTDnewhill,2000,40,64,32.5000,0.050120
MTDnewhill,2000,40,65,33.0000,0.048845
MTDnewhill,2000,40,66,33.5000,0.048587
MTDnewhill,2000,40,67,34.0000,0.049831
MTDnewhill,2000,40,68,34.5000,0.051721
MTDnewhill,2000,40,69,35.0000,0.052506
MTDnewhill,2000,40,70,35.5000,0.053345
MTDnewhill,2000,40,71,36.0000,0.053796
MTDnewhill,2000,40,72,36.5000,0.053501
MTDnewhill,2000,40,73,37.0000,0.050669
MTDnewhill,2000,40,74,37.5000,0.050444
MTDnewhill,2000,40,75,38.0000,0.049064
MTDnewhill,2000,40,76,38.5000,0.049406
MTDnewhill,2000,40,77,39.0000,0.045575
MTDnewhill,2000,40,78,39.5000,0.043973
MTDnewhill,2000,40,79,40.0000,0.043296
MTDnewhill,2000,40,80,40.5000,0.043424
MTDnewhill,2000,40,81,41.0000,0.043021
MTDnewhill,2000,40,82,41.5000,0.042645
MTDnewhill,2000,40,83,42.0000,0.042531
MTDnewhill,2000,40,84,42.5000,0.044311
MTDnewhill,2000,40,85,43.0000,0.045527
MTDnewhill,2000,40,86,43.5000,0.045200
MTDnewhill,2000,40,87,44.0000,0.043853
MTDnewhill,2000,40,88,44.5000,0.044049
MTDnewhill,2000,40,89,45.0000,0.042070
MTDnewhill,2000,40,90,45.5000,0.042728
MTDnewhill,2000,40,91,46.0000,0.041800
MTDnewhill,2000,40,92,46.5000,0.042135
MTDnewhill,2000,40,93,47.0000,0.041637
MTDnewhill,2000,40,94,47.5000,0.041214
MTDnewhill,2000,40,95,48.0000,0.042279
MTDnewhill,2000,40,96,48.5000,0.042214
MTDnewhill,2000,40,97,49.0000,0.041964
MTDnewhill,2000,40,98,49.5000,0.043264
MTDnewhill,2000,40,99,50.0000,0.042926
MTDnewhill,2000,50,0,0.5000,6.075410
MTDnewhill,2000,50,1,1.0000,5.437697
MTDnewhill,2000,50,2,1.5000,4.791486
MTDnewhill,2000,50,3,2.0000,4.046071
MTDnewhill,2000,50,4,2.5000,3.075877
MTDnewhill,2000,50,5,3.0000,2.738054
MTDnewhill,2000,50,6,3.5000,2.385359
MTDnewhill,2000,50,7,4.0000,2.105739
MTDnewhill,2000,50,8,4.5000,1.692430
MTDnewhill,2000,50,9,5.0000,1.376100
MTDnewhill,2000,50,10,5.5000,1.117456
MTDnewhill,2000,50,11,6.0000,0.870930
MTDnewhill,2000,50,12,6.5000,0.603495
MTDnewhill,2000,50,13,7.0000,0.487394
MTDnewhill,2000,50,14,7.5000,0.354966
MTDnewhill,2000,50,15,8.0000,0.267078
MTDnewhill,2000,50,16,8.5000,0.199544
MTDnewhill,2000,50,17,9.0000,0.185655
MTDnewhill,2000,50,18,9.5000,0.182909
MTDnewhill,2000,50,19,10.0000,0.166296
MTDnewhill,2000,50,20,10.5000,0.150709
MTDnewhill,2000,50,21,11.0000,0.145579
MTDnewhill,2000,50,22,11.5000,0.145876
MTDnewhill,2000,50,23,12.0000,0.138047
MTDnewhill,2000,50,24,12.5000,0.129654
MTDnewhill,2000,50,25,13.0000,0.135436
MTDnewhill,2000,50,26,13.5000,0.133625
MTDnewhill,2000,50,27,14.0000,0.136553
MTDnewhill,2000,50,28,14.5000,0.134548
MTDnewhill,2000,50,29,15.0000,0.128575
MTDnewhill,2000,50,30,15.5000,0.127159
MTDnewhill,2000,50,31,16.0000,0.101371
MTDnewhill,2000,50,32,16.5000,0.108811
MTDnewhill,2000,50,33,17.0000,0.104420
MTDnewhill,2000,50,34,17.5000,0.109489
MTDnewhill,2000,50,35,18.0000,0.108264
MTDnewhill,2000,50,36,18.5000,0.108645
MTDnewhill,2000,50,37,19.0000,0.109839
MTDnewhill,2000,50,38,19.5000,0.104630
MTDnewhill,2000,50,39,20.0000,0.104420
MTDnewhill,2000,50,40,20.5000,0.104942
MTDnewhill,2000,50,41,21.0000,0.104990
MTDnewhill,2000,50,42,21.5000,0.089735
MTDnewhill,2000,50,43,22.0000,0.085070
MTDnewhill,2000,50,44,22.5000,0.079801
MTDnewhill,2000,50,45,23.0000,0.083292
MTDnewhill,2000,50,46,23.5000,0.085663
MTDnewhill,2000,50,47,24.0000,0.101176
MTDnewhill,2000,50,48,24.5000,0.089701
MTDnewhill,2000,50,49,25.0000,0.086430
MTDnewhill,2000,50,50,25.5000,0.082809
MTDnewhill,2000,50,51,26.0000,0.084407
MTDnewhill,2000,50,52,26.5000,0.080413
MTDnewhill,2000,50,53,27.0000,0.077668
MTDnewhill,2000,50,54,27.5000,0.069042
MTDnewhill,2000,50,55,28.0000,0.066644
MTDnewhill,2000,50,56,28.5000,0.067599
MTDnewhill,2000,50,57,29.0000,0.064904
MTDnewhill,2000,50,58,29.5000,0.066382
MTDnewhill,2000,50,59,30.0000,0.062165
MTDnewhill,2000,50,60,30.5000,0.060621
MTDnewhill,2000,50,61,31.0000,0.050566
MTDnewhill,2000,50,62,31.5000,0.047477
MTDnewhill,2000,50,63,32.0000,0.046032
MTDnewhill,2000,50,64,32.5000,0.045813
MTDnewhill,2000,50,65,33.0000,0.045859
MTDnewhill,2000,50,66,33.5000,0.045675
MTDnewhill,2000,50,67,34.0000,0.045331
MTDnewhill,2000,50,68,34.5000,0.045367
MTDnewhill,2000,50,69,35.0000,0.045569
MTDnewhill,2000,50,70,35.5000,0.044971
MTDnewhill,2000,50,71,36.0000,0.045052
MTDnewhill,2000,50,72,36.5000,0.045328
MTDnewhill,2000,50,73,37.0000,0.045305
MTDnewhill,2000,50,74,37.5000,0.047932
MTDnewhill,2000,50,75,38.0000,0.049204
MTDnewhill,2000,50,76,38.5000,0.047535
MTDnewhill,2000,50,77,39.0000,0.047223
MTDnewhill,2000,50,78,39.5000,0.044981
MTDnewhill,2000,50,79,40.0000,0.043072
MTDnewhill,2000,50,80,40.5000,0.042485
MTDnewhill,2000,50,81,41.0000,0.042088
MTDnewhill,2000,50,82,41.5000,0.041985
MTDnewhill,2000,50,83,42.0000,0.041796
MTDnewhill,2000,50,84,42.5000,0.042534
MTDnewhill,2000,50,85,43.0000,0.041769
MTDnewhill,2000,50,86,43.5000,0.041707
MTDnewhill,2000,50,87,44.0000,0.041428
MTDnewhill,2000,50,88,44.5000,0.040828
MTDnewhill,2000,50,89,45.0000,0.040522
MTDnewhill,2000,50,90,45.5000,0.040295
MTDnewhill,2000,50,91,46.0000,0.040418
MTDnewhill,2000,50,92,46.5000,0.040605
MTDnewhill,2000,50,93,47.0000,0.039827
MTDnewhill,2000,50,94,47.5000,0.040159
MTDnewhill,2000,50,95,48.0000,0.039928
MTDnewhill,2000,50,96,48.5000,0.039881
MTDnewhill,2000,50,97,49.0000,0.040049
MTDnewhill,2000,50,98,49.5000,0.040019
MTDnewhill,2000,50,99,50.0000,0.039763
MTDnewhill,4000,10,0,0.5000,6.655251
MTDnewhill,4000,10,1,1.0000,5.596828
MTDnewhill,4000,10,2,1.5000,4.705513
MTDnewhill,4000,10,3,2.0000,4.176810
MTDnewhill,4000,10,4,2.5000,3.634801
MTDnewhill,4000,10,5,3.0000,3.112418
MTDnewhill,4000,10,6,3.5000,2.649775
MTDnewhill,4000,10,7,4.0000,2.471956
MTDnewhill,4000,10,8,4.5000,2.225802
MTDnewhill,4000,10,9,5.0000,1.892003
MTDnewhill,4000,10,10,5.5000,1.476889
MTDnewhill,4000,10,11,6.0000,1.311726
MTDnewhill,4000,10,12,6.5000,1.131860
MTDnewhill,4000,10,13,7.0000,0.991488
MTDnewhill,4000,10,14,7.5000,0.802537
MTDnewhill,4000,10,15,8.0000,0.625356
MTDnewhill,4000,10,16,8.5000,0.558673
MTDnewhill,4000,10,17,9.0000,0.405056
MTDnewhill,4000,10,18,9.5000,0.308665
MTDnewhill,4000,10,19,10.0000,0.260966
MTDnewhill,4000,10,20,10.5000,0.200289
MTDnewhill,4000,10,21,11.0000,0.136863
MTDnewhill,4000,10,22,11.5000,0.116446
MTDnewhill,4000,10,23,12.0000,0.103110
MTDnewhill,4000,10,24,12.5000,0.094120
MTDnewhill,4000,10,25,13.0000,0.097497
MTDnewhill,4000,10,26,13.5000,0.092973
MTDnewhill,4000,10,27,14.0000,0.091578
MTDnewhill,4000,10,28,14.5000,0.087862
MTDnewhill,4000,10,29,15.0000,0.081850
MTDnewhill,4000,10,30,15.5000,0.073920
MTDnewhill,4000,10,31,16.0000,0.073436
MTDnewhill,4000,10,32,16.5000,0.066626
MTDnewhill,4000,10,33,17.0000,0.064205
MTDnewhill,4000,10,34,17.5000,0.065312
MTDnewhill,4000,10,35,18.0000,0.066477
MTDnewhill,4000,10,36,18.5000,0.063707
MTDnewhill,4000,10,37,19.0000,0.064430
MTDnewhill,4000,10,38,19.5000,0.063859
MTDnewhill,4000,10,39,20.0000,0.068004
MTDnewhill,4000,10,40,20.5000,0.070805
MTDnewhill,4000,10,41,21.0000,0.071017
MTDnewhill,4000,10,42,21.5000,0.067353
MTDnewhill,4000,10,43,22.0000,0.066829
MTDnewhill,4000,10,44,22.5000,0.065822
MTDnewhill,4000,10,45,23.0000,0.059951
MTDnewhill,4000,10,46,23.5000,0.058516
MTDnewhill,4000,10,47,24.0000,0.056034
MTDnewhill,4000,10,48,24.5000,0.054844
MTDnewhill,4000,10,49,25.0000,0.055773
MTDnewhill,4000,10,50,25.5000,0.056972
MTDnewhill,4000,10,51,26.0000,0.054159
MTDnewhill,4000,10,52,26.5000,0.053716
MTDnewhill,4000,10,53,27.0000,0.051930
MTDnewhill,4000,10,54,27.5000,0.051382
MTDnewhill,4000,10,55,28.0000,0.051321
MTDnewhill,4000,10,56,28.5000,0.049965
MTDnewhill,4000,10,57,29.0000,0.050004
MTDnewhill,4000,10,58,29.5000,0.050851
MTDnewhill,4000,10,59,30.0000,0.048534
MTDnewhill,4000,10,60,30.5000,0.048353
MTDnewhill,4000,10,61,31.0000,0.047947
MTDnewhill,4000,10,62,31.5000,0.047829
MTDnewhill,4000,10,63,32.0000,0.047610
MTDnewhill,4000,10,64,32.5000,0.047322
MTDnewhill,4000,10,65,33.0000,0.048398
MTDnewhill,4000,10,66,33.5000,0.048227
MTDnewhill,4000,10,67,34.0000,0.050442
MTDnewhill,4000,10,68,34.5000,0.048559
MTDnewhill,4000,10,69,35.0000,0.050463
MTDnewhill,4000,10,70,35.5000,0.048649
MTDnewhill,4000,10,71,36.0000,0.045740
MTDnewhill,4000,10,72,36.5000,0.045160
MTDnewhill,4000,10,73,37.0000,0.044530
MTDnewhill,4000,10,74,37.5000,0.044089
MTDnewhill,4000,10,75,38.0000,0.044222
MTDnewhill,4000,10,76,38.5000,0.043990
MTDnewhill,4000,10,77,39.0000,0.044119
MTDnewhill,4000,10,78,39.5000,0.044151
MTDnewhill,4000,10,79,40.0000,0.044054
MTDnewhill,4000,10,80,40.5000,0.044568
MTDnewhill,4000,10,81,41.0000,0.044195
MTDnewhill,4000,10,82,41.5000,0.044059
MTDnewhill,4000,10,83,42.0000,0.044459
MTDnewhill,4000,10,84,42.5000,0.042653
MTDnewhill,4000,10,85,43.0000,0.046048
MTDnewhill,4000,10,86,43.5000,0.046164
MTDnewhill,4000,10,87,44.0000,0.047847
MTDnewhill,4000,10,88,44.5000,0.048021
MTDnewhill,4000,10,89,45.0000,0.047673
MTDnewhill,4000,10,90,45.5000,0.043789
MTDnewhill,4000,10,91,46.0000,0.041818
MTDnewhill,4000,10,92,46.5000,0.040600
MTDnewhill,4000,10,93,47.0000,0.041570
MTDnewhill,4000,10,94,47.5000,0.040799
MTDnewhill,4000,10,95,48.0000,0.039771
MTDnewhill,4000,10,96,48.5000,0.039225
MTDnewhill,4000,10,97,49.0000,0.039568
MTDnewhill,4000,10,98,49.5000,0.039341
MTDnewhill,4000,10,99,50.0000,0.039076
MTDnewhill,4000,20,0,0.5000,6.546378
MTDnewhill,4000,20,1,1.0000,5.259358
MTDnewhill,4000,20,2,1.5000,4.473892
MTDnewhill,4000,20,3,2.0000,4.098006
MTDnewhill,4000,20,4,2.5000,3.470897
MTDnewhill,4000,20,5,3.0000,3.211290
MTDnewhill,4000,20,6,3.5000,2.938352
MTDnewhill,4000,20,7,4.0000,2.446569
MTDnewhill,4000,20,8,4.5000,2.016004
MTDnewhill,4000,20,9,5.0000,1.672306
MTDnewhill,4000,20,10,5.5000,1.501952
MTDnewhill,4000,20,11,6.0000,1.365346
MTDnewhill,4000,20,12,6.5000,1.124193
MTDnewhill,4000,20,13,7.0000,0.968910
MTDnewhill,4000,20,14,7.5000,0.754058
MTDnewhill,4000,20,15,8.0000,0.628674
MTDnewhill,4000,20,16,8.5000,0.490935
MTDnewhill,4000,20,17,9.0000,0.374208
MTDnewhill,4000,20,18,9.5000,0.229980
MTDnewhill,4000,20,19,10.0000,0.170939
MTDnewhill,4000,20,20,10.5000,0.153668
MTDnewhill,4000,20,21,11.0000,0.150847
MTDnewhill,4000,20,22,11.5000,0.119959
MTDnewhill,4000,20,23,12.0000,0.091383
MTDnewhill,4000,20,24,12.5000,0.080437
MTDnewhill,4000,20,25,13.0000,0.074728
MTDnewhill,4000,20,26,13.5000,0.077723
MTDnewhill,4000,20,27,14.0000,0.078905
MTDnewhill,4000,20,28,14.5000,0.075127
MTDnewhill,4000,20,29,15.0000,0.073831
MTDnewhill,4000,20,30,15.5000,0.071791
MTDnewhill,4000,20,31,16.0000,0.068770
MTDnewhill,4000,20,32,16.5000,0.068955
MTDnewhill,4000,20,33,17.0000,0.065538
MTDnewhill,4000,20,34,17.5000,0.066512
MTDnewhill,4000,20,35,18.0000,0.068178
MTDnewhill,4000,20,36,18.5000,0.065211
MTDnewhill,4000,20,37,19.0000,0.064261
MTDnewhill,4000,20,38,19.5000,0.063765
MTDnewhill,4000,20,39,20.0000,0.063507
MTDnewhill,4000,20,40,20.5000,0.063030
MTDnewhill,4000,20,41,21.0000,0.062456
MTDnewhill,4000,20,42,21.5000,0.062763
MTDnewhill,4000,20,43,22.0000,0.060861
MTDnewhill,4000,20,44,22.5000,0.060087
MTDnewhill,4000,20,45,23.0000,0.063142
MTDnewhill,4000,20,46,23.5000,0.061156
MTDnewhill,4000,20,47,24.0000,0.061966
MTDnewhill,4000,20,48,24.5000,0.060978
MTDnewhill,4000,20,49,25.0000,0.059137
MTDnewhill,4000,20,50,25.5000,0.058635
MTDnewhill,4000,20,51,26.0000,0.058627
MTDnewhill,4000,20,52,26.5000,0.057077
MTDnewhill,4000,20,53,27.0000,0.054371
MTDnewhill,4000,20,54,27.5000,0.056883
MTDnewhill,4000,20,55,28.0000,0.057372
MTDnewhill,4000,20,56,28.5000,0.057047
MTDnewhill,4000,20,57,29.0000,0.056200
MTDnewhill,4000,20,58,29.5000,0.053906
MTDnewhill,4000,20,59,30.0000,0.055829
MTDnewhill,4000,20,60,30.5000,0.062449
MTDnewhill,4000,20,61,31.0000,0.066211
MTDnewhill,4000,20,62,31.5000,0.062095
MTDnewhill,4000,20,63,32.0000,0.060274
MTDnewhill,4000,20,64,32.5000,0.059397
MTDnewhill,4000,20,65,33.0000,0.059017
MTDnewhill,4000,20,66,33.5000,0.059639
MTDnewhill,4000,20,67,34.0000,0.061315
MTDnewhill,4000,20,68,34.5000,0.059980
MTDnewhill,4000,20,69,35.0000,0.061065
MTDnewhill,4000,20,70,35.5000,0.063327
MTDnewhill,4000,20,71,36.0000,0.064435
MTDnewhill,4000,20,72,36.5000,0.064665
MTDnewhill,4000,20,73,37.0000,0.062751
MTDnewhill,4000,20,74,37.5000,0.062810
MTDnewhill,4000,20,75,38.0000,0.062568
MTDnewhill,4000,20,76,38.5000,0.068221
MTDnewhill,4000,20,77,39.0000,0.070455
MTDnewhill,4000,20,78,39.5000,0.073201
MTDnewhill,4000,20,79,40.0000,0.069123
MTDnewhill,4000,20,80,40.5000,0.067909
MTDnewhill,4000,20,81,41.0000,0.065028
MTDnewhill,4000,20,82,41.5000,0.061855
MTDnewhill,4000,20,83,42.0000,0.062059
MTDnewhill,4000,20,84,42.5000,0.059061
MTDnewhill,4000,20,85,43.0000,0.059300
MTDnewhill,4000,20,86,43.5000,0.060180
MTDnewhill,4000,20,87,44.0000,0.061224
MTDnewhill,4000,20,88,44.5000,0.058550
MTDnewhill,4000,20,89,45.0000,0.056687
MTDnewhill,4000,20,90,45.5000,0.063227
MTDnewhill,4000,20,91,46.0000,0.062871
MTDnewhill,4000,20,92,46.5000,0.064208
MTDnewhill,4000,20,93,47.0000,0.064281
MTDnewhill,4000,20,94,47.5000,0.062934
MTDnewhill,4000,20,95,48.0000,0.061647
MTDnewhill,4000,20,96,48.5000,0.057748
MTDnewhill,4000,20,97,49.0000,0.058783
MTDnewhill,4000,20,98,49.5000,0.057609
MTDnewhill,4000,20,99,50.0000,0.057027
MTDnewhill,4000,30,0,0.5000,6.221691
MTDnewhill,4000,30,1,1.0000,5.435920
MTDnewhill,4000,30,2,1.5000,4.598122
MTDnewhill,4000,30,3,2.0000,4.249447
MTDnewhill,4000,30,4,2.5000,3.495952
MTDnewhill,4000,30,5,3.0000,3.015376
MTDnewhill,4000,30,6,3.5000,2.776060
MTDnewhill,4000,30,7,4.0000,2.370223
MTDnewhill,4000,30,8,4.5000,1.976245
MTDnewhill,4000,30,9,5.0000,1.733585
MTDnewhill,4000,30,10,5.5000,1.544953
MTDnewhill,4000,30,11,6.0000,1.326688
MTDnewhill,4000,30,12,6.5000,1.210951
MTDnewhill,4000,30,13,7.0000,1.079262
MTDnewhill,4000,30,14,7.5000,0.896205
MTDnewhill,4000,30,15,8.0000,0.745698
MTDnewhill,4000,30,16,8.5000,0.662706
MTDnewhill,4000,30,17,9.0000,0.508422
MTDnewhill,4000,30,18,9.5000,0.454098
MTDnewhill,4000,30,19,10.0000,0.331737
MTDnewhill,4000,30,20,10.5000,0.254867
MTDnewhill,4000,30,21,11.0000,0.208393
MTDnewhill,4000,30,22,11.5000,0.210578
MTDnewhill,4000,30,23,12.0000,0.196008
MTDnewhill,4000,30,24,12.5000,0.183268
MTDnewhill,4000,30,25,13.0000,0.165756
MTDnewhill,4000,30,26,13.5000,0.151386
MTDnewhill,4000,30,27,14.0000,0.152994
MTDnewhill,4000,30,28,14.5000,0.132950
MTDnewhill,4000,30,29,15.0000,0.134867
MTDnewhill,4000,30,30,15.5000,0.132256
MTDnewhill,4000,30,31,16.0000,0.136119
MTDnewhill,4000,30,32,16.5000,0.131985
MTDnewhill,4000,30,33,17.0000,0.136041
MTDnewhill,4000,30,34,17.5000,0.142664
MTDnewhill,4000,30,35,18.0000,0.132201
MTDnewhill,4000,30,36,18.5000,0.135700
MTDnewhill,4000,30,37,19.0000,0.133910
MTDnewhill,4000,30,38,19.5000,0.134840
MTDnewhill,4000,30,39,20.0000,0.129261
MTDnewhill,4000,30,40,20.5000,0.123120
MTDnewhill,4000,30,41,21.0000,0.117469
MTDnewhill,4000,30,42,21.5000,0.113674
MTDnewhill,4000,30,43,22.0000,0.103978
MTDnewhill,4000,30,44,22.5000,0.099775
MTDnewhill,4000,30,45,23.0000,0.110931
MTDnewhill,4000,30,46,23.5000,0.112077
MTDnewhill,4000,30,47,24.0000,0.111412
MTDnewhill,4000,30,48,24.5000,0.108737
MTDnewhill,4000,30,49,25.0000,0.103459
MTDnewhill,4000,30,50,25.5000,0.108966
MTDnewhill,4000,30,51,26.0000,0.102973
MTDnewhill,4000,30,52,26.5000,0.097936
MTDnewhill,4000,30,53,27.0000,0.095431
MTDnewhill,4000,30,54,27.5000,0.089567
MTDnewhill,4000,30,55,28.0000,0.095051
MTDnewhill,4000,30,56,28.5000,0.094347
MTDnewhill,4000,30,57,29.0000,0.088812
MTDnewhill,4000,30,58,29.5000,0.086178
MTDnewhill,4000,30,59,30.0000,0.083819
MTDnewhill,4000,30,60,30.5000,0.084808
MTDnewhill,4000,30,61,31.0000,0.076655
MTDnewhill,4000,30,62,31.5000,0.080853
MTDnewhill,4000,30,63,32.0000,0.083057
MTDnewhill,4000,30,64,32.5000,0.079286
MTDnewhill,4000,30,65,33.0000,0.077679
MTDnewhill,4000,30,66,33.5000,0.075475
MTDnewhill,4000,30,67,34.0000,0.072822
MTDnewhill,4000,30,68,34.5000,0.067289
MTDnewhill,4000,30,69,35.0000,0.062972
MTDnewhill,4000,30,70,35.5000,0.060352
MTDnewhill,4000,30,71,36.0000,0.057205
MTDnewhill,4000,30,72,36.5000,0.057192
MTDnewhill,4000,30,73,37.0000,0.060465
MTDnewhill,4000,30,74,37.5000,0.060800
MTDnewhill,4000,30,75,38.0000,0.055507
MTDnewhill,4000,30,76,38.5000,0.053690
MTDnewhill,4000,30,77,39.0000,0.050221
MTDnewhill,4000,30,78,39.5000,0.049065
MTDnewhill,4000,30,79,40.0000,0.050239
MTDnewhill,4000,30,80,40.5000,0.051493
MTDnewhill,4000,30,81,41.0000,0.052712
MTDnewhill,4000,30,82,41.5000,0.051168
MTDnewhill,4000,30,83,42.0000,0.050036
MTDnewhill,4000,30,84,42.5000,0.053396
MTDnewhill,4000,30,85,43.0000,0.051206
MTDnewhill,4000,30,86,43.5000,0.048305
MTDnewhill,4000,30,87,44.0000,0.049140
MTDnewhill,4000,30,88,44.5000,0.048546
MTDnewhill,4000,30,89,45.0000,0.051580
MTDnewhill,4000,30,90,45.5000,0.052336
MTDnewhill,4000,30,91,46.0000,0.053127
MTDnewhill,4000,30,92,46.5000,0.052669
MTDnewhill,4000,30,93,47.0000,0.048329
MTDnewhill,4000,30,94,47.5000,0.047115
MTDnewhill,4000,30,95,48.0000,0.044704
MTDnewhill,4000,30,96,48.5000,0.045307
MTDnewhill,4000,30,97,49.0000,0.044362
MTDnewhill,4000,30,98,49.5000,0.042628
MTDnewhill,4000,30,99,50.0000,0.043324
MTDnewhill,4000,40,0,0.5000,6.470727
MTDnewhill,4000,40,1,1.0000,5.480610
MTDnewhill,4000,40,2,1.5000,4.559522
MTDnewhill,4000,40,3,2.0000,4.072812
MTDnewhill,4000,40,4,2.5000,3.614193
MTDnewhill,4000,40,5,3.0000,3.387093
MTDnewhill,4000,40,6,3.5000,2.857695
MTDnewhill,4000,40,7,4.0000,2.535429
MTDnewhill,4000,40,8,4.5000,2.246368
MTDnewhill,4000,40,9,5.0000,1.990337
MTDnewhill,4000,40,10,5.5000,1.774933
MTDnewhill,4000,40,11,6.0000,1.492434
MTDnewhill,4000,40,12,6.5000,1.298123
MTDnewhill,4000,40,13,7.0000,0.956783
MTDnewhill,4000,40,14,7.5000,0.743717
MTDnewhill,4000,40,15,8.0000,0.645001
MTDnewhill,4000,40,16,8.5000,0.610859
MTDnewhill,4000,40,17,9.0000,0.495709
MTDnewhill,4000,40,18,9.5000,0.389323
MTDnewhill,4000,40,19,10.0000,0.303603
MTDnewhill,4000,40,20,10.5000,0.218424
MTDnewhill,4000,40,21,11.0000,0.166578
MTDnewhill,4000,40,22,11.5000,0.113323
MTDnewhill,4000,40,23,12.0000,0.104740
MTDnewhill,4000,40,24,12.5000,0.087526
MTDnewhill,4000,40,25,13.0000,0.083205
MTDnewhill,4000,40,26,13.5000,0.079520
MTDnewhill,4000,40,27,14.0000,0.075144
MTDnewhill,4000,40,28,14.5000,0.074103
MTDnewhill,4000,40,29,15.0000,0.070349
MTDnewhill,4000,40,30,15.5000,0.067412
MTDnewhill,4000,40,31,16.0000,0.065933
MTDnewhill,4000,40,32,16.5000,0.064890
MTDnewhill,4000,40,33,17.0000,0.066327
MTDnewhill,4000,40,34,17.5000,0.064833
MTDnewhill,4000,40,35,18.0000,0.060294
MTDnewhill,4000,40,36,18.5000,0.058474
MTDnewhill,4000,40,37,19.0000,0.058468
MTDnewhill,4000,40,38,19.5000,0.058450
MTDnewhill,4000,40,39,20.0000,0.062170
MTDnewhill,4000,40,40,20.5000,0.065883
MTDnewhill,4000,40,41,21.0000,0.059819
MTDnewhill,4000,40,42,21.5000,0.061514
MTDnewhill,4000,40,43,22.0000,0.063519
MTDnewhill,4000,40,44,22.5000,0.065573
MTDnewhill,4000,40,45,23.0000,0.067828
MTDnewhill,4000,40,46,23.5000,0.069788
MTDnewhill,4000,40,47,24.0000,0.060066
MTDnewhill,4000,40,48,24.5000,0.062723
MTDnewhill,4000,40,49,25.0000,0.062788
MTDnewhill,4000,40,50,25.5000,0.062257
MTDnewhill,4000,40,51,26.0000,0.066249
MTDnewhill,4000,40,52,26.5000,0.062827
MTDnewhill,4000,40,53,27.0000,0.063266
MTDnewhill,4000,40,54,27.5000,0.062110
MTDnewhill,4000,40,55,28.0000,0.061904
MTDnewhill,4000,40,56,28.5000,0.068198
MTDnewhill,4000,40,57,29.0000,0.078056
MTDnewhill,4000,40,58,29.5000,0.083205
MTDnewhill,4000,40,59,30.0000,0.086714
MTDnewhill,4000,40,60,30.5000,0.084595
MTDnewhill,4000,40,61,31.0000,0.084835
MTDnewhill,4000,40,62,31.5000,0.085790
MTDnewhill,4000,40,63,32.0000,0.080366
MTDnewhill,4000,40,64,32.5000,0.080009
MTDnewhill,4000,40,65,33.0000,0.080548
MTDnewhill,4000,40,66,33.5000,0.075639
MTDnewhill,4000,40,67,34.0000,0.074992
MTDnewhill,4000,40,68,34.5000,0.070365
MTDnewhill,4000,40,69,35.0000,0.067034
MTDnewhill,4000,40,70,35.5000,0.067290
MTDnewhill,4000,40,71,36.0000,0.068960
MTDnewhill,4000,40,72,36.5000,0.068519
MTDnewhill,4000,40,73,37.0000,0.067222
MTDnewhill,4000,40,74,37.5000,0.065053
MTDnewhill,4000,40,75,38.0000,0.065503
MTDnewhill,4000,40,76,38.5000,0.069819
MTDnewhill,4000,40,77,39.0000,0.071207
MTDnewhill,4000,40,78,39.5000,0.070211
MTDnewhill,4000,40,79,40.0000,0.076344
MTDnewhill,4000,40,80,40.5000,0.081393
MTDnewhill,4000,40,81,41.0000,0.081541
MTDnewhill,4000,40,82,41.5000,0.077287
MTDnewhill,4000,40,83,42.0000,0.073573
MTDnewhill,4000,40,84,42.5000,0.074933
MTDnewhill,4000,40,85,43.0000,0.076621
MTDnewhill,4000,40,86,43.5000,0.078087
MTDnewhill,4000,40,87,44.0000,0.080836
MTDnewhill,4000,40,88,44.5000,0.078568
MTDnewhill,4000,40,89,45.0000,0.070538
MTDnewhill,4000,40,90,45.5000,0.070363
MTDnewhill,4000,40,91,46.0000,0.071407
MTDnewhill,4000,40,92,46.5000,0.069555
MTDnewhill,4000,40,93,47.0000,0.068633
MTDnewhill,4000,40,94,47.5000,0.070389
MTDnewhill,4000,40,95,48.0000,0.068451
MTDnewhill,4000,40,96,48.5000,0.071786
MTDnewhill,4000,40,97,49.0000,0.074226
MTDnewhill,4000,40,98,49.5000,0.071736
MTDnewhill,4000,40,99,50.0000,0.068244
MTDnewhill,4000,50,0,0.5000,5.963641
MTDnewhill,4000,50,1,1.0000,5.363199
MTDnewhill,4000,50,2,1.5000,5.028133
MTDnewhill,4000,50,3,2.0000,4.338874
MTDnewhill,4000,50,4,2.5000,3.670947
MTDnewhill,4000,50,5,3.0000,3.131599
MTDnewhill,4000,50,6,3.5000,2.794839
MTDnewhill,4000,50,7,4.0000,2.543282
MTDnewhill,4000,50,8,4.5000,2.200034
MTDnewhill,4000,50,9,5.0000,2.040410
MTDnewhill,4000,50,10,5.5000,1.659798
MTDnewhill,4000,50,11,6.0000,1.458353
MTDnewhill,4000,50,12,6.5000,1.150915
MTDnewhill,4000,50,13,7.0000,1.040672
MTDnewhill,4000,50,14,7.5000,0.877917
MTDnewhill,4000,50,15,8.0000,0.737449
MTDnewhill,4000,50,16,8.5000,0.578188
MTDnewhill,4000,50,17,9.0000,0.514256
MTDnewhill,4000,50,18,9.5000,0.420011
MTDnewhill,4000,50,19,10.0000,0.356224
MTDnewhill,4000,50,20,10.5000,0.244019
MTDnewhill,4000,50,21,11.0000,0.226863
MTDnewhill,4000,50,22,11.5000,0.181319
MTDnewhill,4000,50,23,12.0000,0.162428
MTDnewhill,4000,50,24,12.5000,0.108444
MTDnewhill,4000,50,25,13.0000,0.097801
MTDnewhill,4000,50,26,13.5000,0.082404
MTDnewhill,4000,50,27,14.0000,0.074720
MTDnewhill,4000,50,28,14.5000,0.074741
MTDnewhill,4000,50,29,15.0000,0.073276
MTDnewhill,4000,50,30,15.5000,0.074306
MTDnewhill,4000,50,31,16.0000,0.073733
MTDnewhill,4000,50,32,16.5000,0.072872
MTDnewhill,4000,50,33,17.0000,0.074707
MTDnewhill,4000,50,34,17.5000,0.074098
MTDnewhill,4000,50,35,18.0000,0.064321
MTDnewhill,4000,50,36,18.5000,0.062341
MTDnewhill,4000,50,37,19.0000,0.064747
MTDnewhill,4000,50,38,19.5000,0.062140
MTDnewhill,4000,50,39,20.0000,0.063878
MTDnewhill,4000,50,40,20.5000,0.065211
MTDnewhill,4000,50,41,21.0000,0.061982
MTDnewhill,4000,50,42,21.5000,0.062651
MTDnewhill,4000,50,43,22.0000,0.060693
MTDnewhill,4000,50,44,22.5000,0.061047
MTDnewhill,4000,50,45,23.0000,0.058044
MTDnewhill,4000,50,46,23.5000,0.054742
MTDnewhill,4000,50,47,24.0000,0.054706
MTDnewhill,4000,50,48,24.5000,0.054123
MTDnewhill,4000,50,49,25.0000,0.050933
MTDnewhill,4000,50,50,25.5000,0.051814
MTDnewhill,4000,50,51,26.0000,0.052101
MTDnewhill,4000,50,52,26.5000,0.054740
MTDnewhill,4000,50,53,27.0000,0.054231
MTDnewhill,4000,50,54,27.5000,0.055968
MTDnewhill,4000,50,55,28.0000,0.056763
MTDnewhill,4000,50,56,28.5000,0.057710
MTDnewhill,4000,50,57,29.0000,0.055878
MTDnewhill,4000,50,58,29.5000,0.055842
MTDnewhill,4000,50,59,30.0000,0.058253
MTDnewhill,4000,50,60,30.5000,0.058221
MTDnewhill,4000,50,61,31.0000,0.060854
MTDnewhill,4000,50,62,31.5000,0.055012
MTDnewhill,4000,50,63,32.0000,0.048790
MTDnewhill,4000,50,64,32.5000,0.049193
MTDnewhill,4000,50,65,33.0000,0.048080
MTDnewhill,4000,50,66,33.5000,0.046525
MTDnewhill,4000,50,67,34.0000,0.048180
MTDnewhill,4000,50,68,34.5000,0.048868
MTDnewhill,4000,50,69,35.0000,0.048500
MTDnewhill,4000,50,70,35.5000,0.047882
MTDnewhill,4000,50,71,36.0000,0.051424
MTDnewhill,4000,50,72,36.5000,0.053369
MTDnewhill,4000,50,73,37.0000,0.050837
MTDnewhill,4000,50,74,37.5000,0.050672
MTDnewhill,4000,50,75,38.0000,0.050434
MTDnewhill,4000,50,76,38.5000,0.050099
MTDnewhill,4000,50,77,39.0000,0.051012
MTDnewhill,4000,50,78,39.5000,0.049405
MTDnewhill,4000,50,79,40.0000,0.049009
MTDnewhill,4000,50,80,40.5000,0.049471
MTDnewhill,4000,50,81,41.0000,0.048382
MTDnewhill,4000,50,82,41.5000,0.049483
MTDnewhill,4000,50,83,42.0000,0.044398
MTDnewhill,4000,50,84,42.5000,0.044807
MTDnewhill,4000,50,85,43.0000,0.044990
MTDnewhill,4000,50,86,43.5000,0.045108
MTDnewhill,4000,50,87,44.0000,0.045819
MTDnewhill,4000,50,88,44.5000,0.046008
MTDnewhill,4000,50,89,45.0000,0.045497
MTDnewhill,4000,50,90,45.5000,0.045556
MTDnewhill,4000,50,91,46.0000,0.046045
MTDnewhill,4000,50,92,46.5000,0.044517
MTDnewhill,4000,50,93,47.0000,0.043395
MTDnewhill,4000,50,94,47.5000,0.044845
MTDnewhill,4000,50,95,48.0000,0.045527
MTDnewhill,4000,50,96,48.5000,0.047439
MTDnewhill,4000,50,97,49.0000,0.049821
MTDnewhill,4000,50,98,49.5000,0.049360
MTDnewhill,4000,50,99,50.0000,0.049496
MTDnewhill,500,10,0,0.5000,5.765603
MTDnewhill,500,10,1,1.0000,4.451385
MTDnewhill,500,10,2,1.5000,3.190527
MTDnewhill,500,10,3,2.0000,2.551687
MTDnewhill,500,10,4,2.5000,2.016070
MTDnewhill,500,10,5,3.0000,1.407956
MTDnewhill,500,10,6,3.5000,0.802871
MTDnewhill,500,10,7,4.0000,0.454629
MTDnewhill,500,10,8,4.5000,0.245718
MTDnewhill,500,10,9,5.0000,0.118028
MTDnewhill,500,10,10,5.5000,0.104099
MTDnewhill,500,10,11,6.0000,0.099905
MTDnewhill,500,10,12,6.5000,0.102308
MTDnewhill,500,10,13,7.0000,0.097058
MTDnewhill,500,10,14,7.5000,0.100705
MTDnewhill,500,10,15,8.0000,0.091451
MTDnewhill,500,10,16,8.5000,0.087992
MTDnewhill,500,10,17,9.0000,0.088900
MTDnewhill,500,10,18,9.5000,0.082079
MTDnewhill,500,10,19,10.0000,0.078866
MTDnewhill,500,10,20,10.5000,0.078082
MTDnewhill,500,10,21,11.0000,0.079319
MTDnewhill,500,10,22,11.5000,0.075371
MTDnewhill,500,10,23,12.0000,0.073925
MTDnewhill,500,10,24,12.5000,0.072258
MTDnewhill,500,10,25,13.0000,0.072714
MTDnewhill,500,10,26,13.5000,0.072037
MTDnewhill,500,10,27,14.0000,0.071830
MTDnewhill,500,10,28,14.5000,0.071201
MTDnewhill,500,10,29,15.0000,0.071399
MTDnewhill,500,10,30,15.5000,0.064788
MTDnewhill,500,10,31,16.0000,0.064363
MTDnewhill,500,10,32,16.5000,0.066933
MTDnewhill,500,10,33,17.0000,0.064258
MTDnewhill,500,10,34,17.5000,0.062985
MTDnewhill,500,10,35,18.0000,0.062007
MTDnewhill,500,10,36,18.5000,0.062122
MTDnewhill,500,10,37,19.0000,0.061331
MTDnewhill,500,10,38,19.5000,0.061233
MTDnewhill,500,10,39,20.0000,0.058743
MTDnewhill,500,10,40,20.5000,0.057334
MTDnewhill,500,10,41,21.0000,0.056956
MTDnewhill,500,10,42,21.5000,0.056210
MTDnewhill,500,10,43,22.0000,0.056333
MTDnewhill,500,10,44,22.5000,0.057770
MTDnewhill,500,10,45,23.0000,0.057199
MTDnewhill,500,10,46,23.5000,0.057340
MTDnewhill,500,10,47,24.0000,0.055521
MTDnewhill,500,10,48,24.5000,0.054049
MTDnewhill,500,10,49,25.0000,0.053200
MTDnewhill,500,10,50,25.5000,0.052437
MTDnewhill,500,10,51,26.0000,0.052081
MTDnewhill,500,10,52,26.5000,0.051462
MTDnewhill,500,10,53,27.0000,0.051171
MTDnewhill,500,10,54,27.5000,0.051632
MTDnewhill,500,10,55,28.0000,0.051989
MTDnewhill,500,10,56,28.5000,0.053702
MTDnewhill,500,10,57,29.0000,0.050574
MTDnewhill,500,10,58,29.5000,0.049760
MTDnewhill,500,10,59,30.0000,0.049277
MTDnewhill,500,10,60,30.5000,0.048809
MTDnewhill,500,10,61,31.0000,0.047953
MTDnewhill,500,10,62,31.5000,0.048281
MTDnewhill,500,10,63,32.0000,0.048518
MTDnewhill,500,10,64,32.5000,0.048220
MTDnewhill,500,10,65,33.0000,0.047679
MTDnewhill,500,10,66,33.5000,0.047045
MTDnewhill,500,10,67,34.0000,0.052204
MTDnewhill,500,10,68,34.5000,0.054029
MTDnewhill,500,10,69,35.0000,0.053467
MTDnewhill,500,10,70,35.5000,0.049259
MTDnewhill,500,10,71,36.0000,0.048264
MTDnewhill,500,10,72,36.5000,0.049365
MTDnewhill,500,10,73,37.0000,0.049571
MTDnewhill,500,10,74,37.5000,0.051071
MTDnewhill,500,10,75,38.0000,0.053888
MTDnewhill,500,10,76,38.5000,0.053560
MTDnewhill,500,10,77,39.0000,0.053617
MTDnewhill,500,10,78,39.5000,0.052064
MTDnewhill,500,10,79,40.0000,0.052589
MTDnewhill,500,10,80,40.5000,0.051847
MTDnewhill,500,10,81,41.0000,0.053162
MTDnewhill,500,10,82,41.5000,0.056026
MTDnewhill,500,10,83,42.0000,0.052171
MTDnewhill,500,10,84,42.5000,0.050220
MTDnewhill,500,10,85,43.0000,0.051706
MTDnewhill,500,10,86,43.5000,0.048103
MTDnewhill,500,10,87,44.0000,0.046437
MTDnewhill,500,10,88,44.5000,0.048699
MTDnewhill,500,10,89,45.0000,0.045938
MTDnewhill,500,10,90,45.5000,0.042512
MTDnewhill,500,10,91,46.0000,0.041566
MTDnewhill,500,10,92,46.5000,0.041767
MTDnewhill,500,10,93,47.0000,0.041735
MTDnewhill,500,10,94,47.5000,0.042089
MTDnewhill,500,10,95,48.0000,0.042393
MTDnewhill,500,10,96,48.5000,0.041231
MTDnewhill,500,10,97,49.0000,0.040188
MTDnewhill,500,10,98,49.5000,0.040009
MTDnewhill,500,10,99,50.0000,0.041056
MTDnewhill,500,20,0,0.5000,5.678346
MTDnewhill,500,20,1,1.0000,4.513524
MTDnewhill,500,20,2,1.5000,3.429241
MTDnewhill,500,20,3,2.0000,2.579507
MTDnewhill,500,20,4,2.5000,1.980552
MTDnewhill,500,20,5,3.0000,1.397412
MTDnewhill,500,20,6,3.5000,0.834860
MTDnewhill,500,20,7,4.0000,0.485096
MTDnewhill,500,20,8,4.5000,0.238370
MTDnewhill,500,20,9,5.0000,0.147955
MTDnewhill,500,20,10,5.5000,0.132888
MTDnewhill,500,20,11,6.0000,0.130464
MTDnewhill,500,20,12,6.5000,0.118448
MTDnewhill,500,20,13,7.0000,0.115677
MTDnewhill,500,20,14,7.5000,0.110793
MTDnewhill,500,20,15,8.0000,0.094011
MTDnewhill,500,20,16,8.5000,0.088475
MTDnewhill,500,20,17,9.0000,0.084384
MTDnewhill,500,20,18,9.5000,0.083495
MTDnewhill,500,20,19,10.0000,0.081041
MTDnewhill,500,20,20,10.5000,0.084218
MTDnewhill,500,20,21,11.0000,0.084259
MTDnewhill,500,20,22,11.5000,0.081992
MTDnewhill,500,20,23,12.0000,0.083546
MTDnewhill,500,20,24,12.5000,0.082540
MTDnewhill,500,20,25,13.0000,0.079975
MTDnewhill,500,20,26,13.5000,0.081935
MTDnewhill,500,20,27,14.0000,0.074385
MTDnewhill,500,20,28,14.5000,0.073944
MTDnewhill,500,20,29,15.0000,0.064680
MTDnewhill,500,20,30,15.5000,0.064637
MTDnewhill,500,20,31,16.0000,0.061792
MTDnewhill,500,20,32,16.5000,0.061610
MTDnewhill,500,20,33,17.0000,0.059679
MTDnewhill,500,20,34,17.5000,0.059470
MTDnewhill,500,20,35,18.0000,0.058295
MTDnewhill,500,20,36,18.5000,0.057679
MTDnewhill,500,20,37,19.0000,0.056987
MTDnewhill,500,20,38,19.5000,0.056053
MTDnewhill,500,20,39,20.0000,0.054585
MTDnewhill,500,20,40,20.5000,0.053527
MTDnewhill,500,20,41,21.0000,0.052756
MTDnewhill,500,20,42,21.5000,0.052092
MTDnewhill,500,20,43,22.0000,0.051832
MTDnewhill,500,20,44,22.5000,0.052405
MTDnewhill,500,20,45,23.0000,0.051408
MTDnewhill,500,20,46,23.5000,0.051355
MTDnewhill,500,20,47,24.0000,0.050738
MTDnewhill,500,20,48,24.5000,0.050175
MTDnewhill,500,20,49,25.0000,0.050738
MTDnewhill,500,20,50,25.5000,0.049595
MTDnewhill,500,20,51,26.0000,0.049353
MTDnewhill,500,20,52,26.5000,0.048389
MTDnewhill,500,20,53,27.0000,0.048422
MTDnewhill,500,20,54,27.5000,0.047744
MTDnewhill,500,20,55,28.0000,0.047406
MTDnewhill,500,20,56,28.5000,0.046539
MTDnewhill,500,20,57,29.0000,0.046274
MTDnewhill,500,20,58,29.5000,0.045577
MTDnewhill,500,20,59,30.0000,0.044394
MTDnewhill,500,20,60,30.5000,0.045504
MTDnewhill,500,20,61,31.0000,0.043646
MTDnewhill,500,20,62,31.5000,0.042767
MTDnewhill,500,20,63,32.0000,0.043153
MTDnewhill,500,20,64,32.5000,0.042253
MTDnewhill,500,20,65,33.0000,0.041938
MTDnewhill,500,20,66,33.5000,0.042523
MTDnewhill,500,20,67,34.0000,0.041957
MTDnewhill,500,20,68,34.5000,0.041279
MTDnewhill,500,20,69,35.0000,0.042028
MTDnewhill,500,20,70,35.5000,0.041208
MTDnewhill,500,20,71,36.0000,0.041011
MTDnewhill,500,20,72,36.5000,0.040585
MTDnewhill,500,20,73,37.0000,0.043353
MTDnewhill,500,20,74,37.5000,0.044827
MTDnewhill,500,20,75,38.0000,0.041097
MTDnewhill,500,20,76,38.5000,0.041461
MTDnewhill,500,20,77,39.0000,0.040838
MTDnewhill,500,20,78,39.5000,0.043883
MTDnewhill,500,20,79,40.0000,0.039755
MTDnewhill,500,20,80,40.5000,0.039846
MTDnewhill,500,20,81,41.0000,0.039462
MTDnewhill,500,20,82,41.5000,0.038084
MTDnewhill,500,20,83,42.0000,0.037131
MTDnewhill,500,20,84,42.5000,0.036743
MTDnewhill,500,20,85,43.0000,0.036518
MTDnewhill,500,20,86,43.5000,0.036358
MTDnewhill,500,20,87,44.0000,0.036106
MTDnewhill,500,20,88,44.5000,0.037747
MTDnewhill,500,20,89,45.0000,0.037524
MTDnewhill,500,20,90,45.5000,0.036006
MTDnewhill,500,20,91,46.0000,0.035764
MTDnewhill,500,20,92,46.5000,0.038337
MTDnewhill,500,20,93,47.0000,0.039538
MTDnewhill,500,20,94,47.5000,0.040093
MTDnewhill,500,20,95,48.0000,0.039898
MTDnewhill,500,20,96,48.5000,0.039529
MTDnewhill,500,20,97,49.0000,0.042533
MTDnewhill,500,20,98,49.5000,0.042662
MTDnewhill,500,20,99,50.0000,0.041489
MTDnewhill,500,30,0,0.5000,5.774580
MTDnewhill,500,30,1,1.0000,4.501320
MTDnewhill,500,30,2,1.5000,3.336059
MTDnewhill,500,30,3,2.0000,2.561441
MTDnewhill,500,30,4,2.5000,1.922690
MTDnewhill,500,30,5,3.0000,1.372526
MTDnewhill,500,30,6,3.5000,0.892696
MTDnewhill,500,30,7,4.0000,0.588752
MTDnewhill,500,30,8,4.5000,0.409071
MTDnewhill,500,30,9,5.0000,0.322205
MTDnewhill,500,30,10,5.5000,0.311801
MTDnewhill,500,30,11,6.0000,0.325621
MTDnewhill,500,30,12,6.5000,0.320730
MTDnewhill,500,30,13,7.0000,0.300929
MTDnewhill,500,30,14,7.5000,0.287937
MTDnewhill,500,30,15,8.0000,0.297689
MTDnewhill,500,30,16,8.5000,0.271278
MTDnewhill,500,30,17,9.0000,0.264880
MTDnewhill,500,30,18,9.5000,0.231393
MTDnewhill,500,30,19,10.0000,0.223940
MTDnewhill,500,30,20,10.5000,0.218837
MTDnewhill,500,30,21,11.0000,0.196183
MTDnewhill,500,30,22,11.5000,0.185546
MTDnewhill,500,30,23,12.0000,0.192434
MTDnewhill,500,30,24,12.5000,0.200078
MTDnewhill,500,30,25,13.0000,0.193549
MTDnewhill,500,30,26,13.5000,0.200294
MTDnewhill,500,30,27,14.0000,0.197915
MTDnewhill,500,30,28,14.5000,0.203950
MTDnewhill,500,30,29,15.0000,0.223250
MTDnewhill,500,30,30,15.5000,0.217586
MTDnewhill,500,30,31,16.0000,0.203070
MTDnewhill,500,30,32,16.5000,0.216224
MTDnewhill,500,30,33,17.0000,0.214462
MTDnewhill,500,30,34,17.5000,0.208268
MTDnewhill,500,30,35,18.0000,0.204051
MTDnewhill,500,30,36,18.5000,0.194491
MTDnewhill,500,30,37,19.0000,0.179545
MTDnewhill,500,30,38,19.5000,0.170882
MTDnewhill,500,30,39,20.0000,0.173184
MTDnewhill,500,30,40,20.5000,0.158870
MTDnewhill,500,30,41,21.0000,0.150215
MTDnewhill,500,30,42,21.5000,0.154044
MTDnewhill,500,30,43,22.0000,0.140751
MTDnewhill,500,30,44,22.5000,0.137967
MTDnewhill,500,30,45,23.0000,0.132343
MTDnewhill,500,30,46,23.5000,0.137181
MTDnewhill,500,30,47,24.0000,0.140975
MTDnewhill,500,30,48,24.5000,0.122609
MTDnewhill,500,30,49,25.0000,0.131721
MTDnewhill,500,30,50,25.5000,0.140185
MTDnewhill,500,30,51,26.0000,0.135337
MTDnewhill,500,30,52,26.5000,0.143312
MTDnewhill,500,30,53,27.0000,0.144698
MTDnewhill,500,30,54,27.5000,0.139439
MTDnewhill,500,30,55,28.0000,0.131209
MTDnewhill,500,30,56,28.5000,0.127353
MTDnewhill,500,30,57,29.0000,0.121722
MTDnewhill,500,30,58,29.5000,0.122043
MTDnewhill,500,30,59,30.0000,0.122277
MTDnewhill,500,30,60,30.5000,0.116483
MTDnewhill,500,30,61,31.0000,0.118134
MTDnewhill,500,30,62,31.5000,0.115848
MTDnewhill,500,30,63,32.0000,0.105634
MTDnewhill,500,30,64,32.5000,0.103126
MTDnewhill,500,30,65,33.0000,0.106139
MTDnewhill,500,30,66,33.5000,0.104595
MTDnewhill,500,30,67,34.0000,0.099742
MTDnewhill,500,30,68,34.5000,0.095557
MTDnewhill,500,30,69,35.0000,0.095228
MTDnewhill,500,30,70,35.5000,0.094804
MTDnewhill,500,30,71,36.0000,0.096730
MTDnewhill,500,30,72,36.5000,0.093768
MTDnewhill,500,30,73,37.0000,0.090090
MTDnewhill,500,30,74,37.5000,0.087464
MTDnewhill,500,30,75,38.0000,0.094632
MTDnewhill,500,30,76,38.5000,0.096959
MTDnewhill,500,30,77,39.0000,0.091854
MTDnewhill,500,30,78,39.5000,0.088794
MTDnewhill,500,30,79,40.0000,0.087600
MTDnewhill,500,30,80,40.5000,0.085580
MTDnewhill,500,30,81,41.0000,0.085688
MTDnewhill,500,30,82,41.5000,0.088746
MTDnewhill,500,30,83,42.0000,0.089290
MTDnewhill,500,30,84,42.5000,0.089767
MTDnewhill,500,30,85,43.0000,0.085410
MTDnewhill,500,30,86,43.5000,0.079319
MTDnewhill,500,30,87,44.0000,0.078833
MTDnewhill,500,30,88,44.5000,0.084358
MTDnewhill,500,30,89,45.0000,0.081508
MTDnewhill,500,30,90,45.5000,0.081415
MTDnewhill,500,30,91,46.0000,0.077083
MTDnewhill,500,30,92,46.5000,0.077300
MTDnewhill,500,30,93,47.0000,0.074565
MTDnewhill,500,30,94,47.5000,0.073859
MTDnewhill,500,30,95,48.0000,0.073900
MTDnewhill,500,30,96,48.5000,0.074087
MTDnewhill,500,30,97,49.0000,0.072644
MTDnewhill,500,30,98,49.5000,0.070985
MTDnewhill,500,30,99,50.0000,0.070043
MTDnewhill,500,40,0,0.5000,5.476965
MTDnewhill,500,40,1,1.0000,4.458001
MTDnewhill,500,40,2,1.5000,3.447822
MTDnewhill,500,40,3,2.0000,2.660153
MTDnewhill,500,40,4,2.5000,1.843623
MTDnewhill,500,40,5,3.0000,1.404788
MTDnewhill,500,40,6,3.5000,0.876446
MTDnewhill,500,40,7,4.0000,0.384381
MTDnewhill,500,40,8,4.5000,0.215127
MTDnewhill,500,40,9,5.0000,0.150067
MTDnewhill,500,40,10,5.5000,0.145791
MTDnewhill,500,40,11,6.0000,0.137461
MTDnewhill,500,40,12,6.5000,0.122757
MTDnewhill,500,40,13,7.0000,0.139661
MTDnewhill,500,40,14,7.5000,0.144722
MTDnewhill,500,40,15,8.0000,0.140949
MTDnewhill,500,40,16,8.5000,0.126976
MTDnewhill,500,40,17,9.0000,0.138365
MTDnewhill,500,40,18,9.5000,0.121200
MTDnewhill,500,40,19,10.0000,0.118408
MTDnewhill,500,40,20,10.5000,0.114834
MTDnewhill,500,40,21,11.0000,0.121912
MTDnewhill,500,40,22,11.5000,0.114097
MTDnewhill,500,40,23,12.0000,0.124901
MTDnewhill,500,40,24,12.5000,0.106594
MTDnewhill,500,40,25,13.0000,0.101134
MTDnewhill,500,40,26,13.5000,0.098046
MTDnewhill,500,40,27,14.0000,0.085391
MTDnewhill,500,40,28,14.5000,0.078176
MTDnewhill,500,40,29,15.0000,0.077365
MTDnewhill,500,40,30,15.5000,0.068193
MTDnewhill,500,40,31,16.0000,0.068192
MTDnewhill,500,40,32,16.5000,0.068682
MTDnewhill,500,40,33,17.0000,0.067133
MTDnewhill,500,40,34,17.5000,0.060869
MTDnewhill,500,40,35,18.0000,0.057868
MTDnewhill,500,40,36,18.5000,0.056485
MTDnewhill,500,40,37,19.0000,0.063112
MTDnewhill,500,40,38,19.5000,0.059554
MTDnewhill,500,40,39,20.0000,0.060593
MTDnewhill,500,40,40,20.5000,0.061788
MTDnewhill,500,40,41,21.0000,0.057019
MTDnewhill,500,40,42,21.5000,0.056516
MTDnewhill,500,40,43,22.0000,0.058360
MTDnewhill,500,40,44,22.5000,0.056162
MTDnewhill,500,40,45,23.0000,0.056751
MTDnewhill,500,40,46,23.5000,0.057867
MTDnewhill,500,40,47,24.0000,0.060006
MTDnewhill,500,40,48,24.5000,0.058254
MTDnewhill,500,40,49,25.0000,0.058249
MTDnewhill,500,40,50,25.5000,0.058566
MTDnewhill,500,40,51,26.0000,0.056589
MTDnewhill,500,40,52,26.5000,0.055471
MTDnewhill,500,40,53,27.0000,0.055484
MTDnewhill,500,40,54,27.5000,0.054047
MTDnewhill,500,40,55,28.0000,0.053133
MTDnewhill,500,40,56,28.5000,0.053183
MTDnewhill,500,40,57,29.0000,0.050054
MTDnewhill,500,40,58,29.5000,0.052197
MTDnewhill,500,40,59,30.0000,0.050222
MTDnewhill,500,40,60,30.5000,0.048575
MTDnewhill,500,40,61,31.0000,0.047581
MTDnewhill,500,40,62,31.5000,0.046958
MTDnewhill,500,40,63,32.0000,0.045618
MTDnewhill,500,40,64,32.5000,0.045446
MTDnewhill,500,40,65,33.0000,0.043927
MTDnewhill,500,40,66,33.5000,0.046778
MTDnewhill,500,40,67,34.0000,0.046700
MTDnewhill,500,40,68,34.5000,0.045489
MTDnewhill,500,40,69,35.0000,0.043844
MTDnewhill,500,40,70,35.5000,0.043587
MTDnewhill,500,40,71,36.0000,0.042630
MTDnewhill,500,40,72,36.5000,0.042285
MTDnewhill,500,40,73,37.0000,0.042713
MTDnewhill,500,40,74,37.5000,0.041741
MTDnewhill,500,40,75,38.0000,0.042419
MTDnewhill,500,40,76,38.5000,0.042086
MTDnewhill,500,40,77,39.0000,0.040743
MTDnewhill,500,40,78,39.5000,0.040848
MTDnewhill,500,40,79,40.0000,0.042047
MTDnewhill,500,40,80,40.5000,0.043199
MTDnewhill,500,40,81,41.0000,0.044651
MTDnewhill,500,40,82,41.5000,0.045508
MTDnewhill,500,40,83,42.0000,0.044556
MTDnewhill,500,40,84,42.5000,0.044970
MTDnewhill,500,40,85,43.0000,0.043469
MTDnewhill,500,40,86,43.5000,0.042342
MTDnewhill,500,40,87,44.0000,0.042995
MTDnewhill,500,40,88,44.5000,0.041777
MTDnewhill,500,40,89,45.0000,0.041262
MTDnewhill,500,40,90,45.5000,0.041566
MTDnewhill,500,40,91,46.0000,0.045247
MTDnewhill,500,40,92,46.5000,0.046306
MTDnewhill,500,40,93,47.0000,0.049231
MTDnewhill,500,40,94,47.5000,0.049368
MTDnewhill,500,40,95,48.0000,0.048511
MTDnewhill,500,40,96,48.5000,0.048113
MTDnewhill,500,40,97,49.0000,0.044927
MTDnewhill,500,40,98,49.5000,0.043985
MTDnewhill,500,40,99,50.0000,0.044126
MTDnewhill,500,50,0,0.5000,6.047804
MTDnewhill,500,50,1,1.0000,4.392494
MTDnewhill,500,50,2,1.5000,3.288649
MTDnewhill,500,50,3,2.0000,2.830435
MTDnewhill,500,50,4,2.5000,2.012467
MTDnewhill,500,50,5,3.0000,1.407934
MTDnewhill,500,50,6,3.5000,0.873416
MTDnewhill,500,50,7,4.0000,0.531616
MTDnewhill,500,50,8,4.5000,0.175528
MTDnewhill,500,50,9,5.0000,0.162287
MTDnewhill,500,50,10,5.5000,0.146542
MTDnewhill,500,50,11,6.0000,0.114126
MTDnewhill,500,50,12,6.5000,0.104529
MTDnewhill,500,50,13,7.0000,0.096543
MTDnewhill,500,50,14,7.5000,0.087429
MTDnewhill,500,50,15,8.0000,0.084241
MTDnewhill,500,50,16,8.5000,0.081675
MTDnewhill,500,50,17,9.0000,0.080684
MTDnewhill,500,50,18,9.5000,0.079902
MTDnewhill,500,50,19,10.0000,0.075184
MTDnewhill,500,50,20,10.5000,0.072841
MTDnewhill,500,50,21,11.0000,0.073224
MTDnewhill,500,50,22,11.5000,0.070771
MTDnewhill,500,50,23,12.0000,0.068664
MTDnewhill,500,50,24,12.5000,0.067256
MTDnewhill,500,50,25,13.0000,0.074211
MTDnewhill,500,50,26,13.5000,0.077754
MTDnewhill,500,50,27,14.0000,0.070273
MTDnewhill,500,50,28,14.5000,0.065726
MTDnewhill,500,50,29,15.0000,0.067618
MTDnewhill,500,50,30,15.5000,0.066913
MTDnewhill,500,50,31,16.0000,0.066663
MTDnewhill,500,50,32,16.5000,0.064071
MTDnewhill,500,50,33,17.0000,0.060026
MTDnewhill,500,50,34,17.5000,0.060847
MTDnewhill,500,50,35,18.0000,0.059903
MTDnewhill,500,50,36,18.5000,0.058345
MTDnewhill,500,50,37,19.0000,0.057674
MTDnewhill,500,50,38,19.5000,0.057632
MTDnewhill,500,50,39,20.0000,0.055535
MTDnewhill,500,50,40,20.5000,0.054547
MTDnewhill,500,50,41,21.0000,0.053623
MTDnewhill,500,50,42,21.5000,0.053735
MTDnewhill,500,50,43,22.0000,0.052450
MTDnewhill,500,50,44,22.5000,0.052241
MTDnewhill,500,50,45,23.0000,0.051955
MTDnewhill,500,50,46,23.5000,0.051254
MTDnewhill,500,50,47,24.0000,0.050420
MTDnewhill,500,50,48,24.5000,0.049548
MTDnewhill,500,50,49,25.0000,0.052031
MTDnewhill,500,50,50,25.5000,0.050496
MTDnewhill,500,50,51,26.0000,0.049893
MTDnewhill,500,50,52,26.5000,0.051665
MTDnewhill,500,50,53,27.0000,0.050970
MTDnewhill,500,50,54,27.5000,0.048688
MTDnewhill,500,50,55,28.0000,0.049216
MTDnewhill,500,50,56,28.5000,0.049183
MTDnewhill,500,50,57,29.0000,0.049756
MTDnewhill,500,50,58,29.5000,0.050064
MTDnewhill,500,50,59,30.0000,0.050615
MTDnewhill,500,50,60,30.5000,0.050268
MTDnewhill,500,50,61,31.0000,0.051237
MTDnewhill,500,50,62,31.5000,0.046770
MTDnewhill,500,50,63,32.0000,0.046769
MTDnewhill,500,50,64,32.5000,0.047403
MTDnewhill,500,50,65,33.0000,0.049682
MTDnewhill,500,50,66,33.5000,0.048089
MTDnewhill,500,50,67,34.0000,0.045337
MTDnewhill,500,50,68,34.5000,0.045576
MTDnewhill,500,50,69,35.0000,0.048960
MTDnewhill,500,50,70,35.5000,0.045911
MTDnewhill,500,50,71,36.0000,0.042786
MTDnewhill,500,50,72,36.5000,0.044617
MTDnewhill,500,50,73,37.0000,0.041450
MTDnewhill,500,50,74,37.5000,0.042527
MTDnewhill,500,50,75,38.0000,0.045672
MTDnewhill,500,50,76,38.5000,0.046423
MTDnewhill,500,50,77,39.0000,0.046834
MTDnewhill,500,50,78,39.5000,0.044649
MTDnewhill,500,50,79,40.0000,0.044207
MTDnewhill,500,50,80,40.5000,0.042914
MTDnewhill,500,50,81,41.0000,0.044358
MTDnewhill,500,50,82,41.5000,0.043044
MTDnewhill,500,50,83,42.0000,0.042981
MTDnewhill,500,50,84,42.5000,0.043667
MTDnewhill,500,50,85,43.0000,0.042933
MTDnewhill,500,50,86,43.5000,0.043360
MTDnewhill,500,50,87,44.0000,0.043399
MTDnewhill,500,50,88,44.5000,0.042811
MTDnewhill,500,50,89,45.0000,0.044414
MTDnewhill,500,50,90,45.5000,0.043292
MTDnewhill,500,50,91,46.0000,0.041803
MTDnewhill,500,50,92,46.5000,0.042096
MTDnewhill,500,50,93,47.0000,0.044181
MTDnewhill,500,50,94,47.5000,0.043147
MTDnewhill,500,50,95,48.0000,0.040294
MTDnewhill,500,50,96,48.5000,0.041554
MTDnewhill,500,50,97,49.0000,0.041888
MTDnewhill,500,50,98,49.5000,0.042202
MTDnewhill,500,50,99,50.0000,0.043885
MTDnewhill,50,10,0,0.5000,3.756927
MTDnewhill,50,10,1,1.0000,1.791012
MTDnewhill,50,10,2,1.5000,0.612017
MTDnewhill,50,10,3,2.0000,0.198320
MTDnewhill,50,10,4,2.5000,0.155744
MTDnewhill,50,10,5,3.0000,0.154763
MTDnewhill,50,10,6,3.5000,0.154625
MTDnewhill,50,10,7,4.0000,0.149469
MTDnewhill,50,10,8,4.5000,0.128497
MTDnewhill,50,10,9,5.0000,0.158129
MTDnewhill,50,10,10,5.5000,0.170842
MTDnewhill,50,10,11,6.0000,0.175219
MTDnewhill,50,10,12,6.5000,0.168549
MTDnewhill,50,10,13,7.0000,0.178828
MTDnewhill,50,10,14,7.5000,0.184999
MTDnewhill,50,10,15,8.0000,0.184928
MTDnewhill,50,10,16,8.5000,0.160874
MTDnewhill,50,10,17,9.0000,0.153029
MTDnewhill,50,10,18,9.5000,0.146554
MTDnewhill,50,10,19,10.0000,0.134448
MTDnewhill,50,10,20,10.5000,0.127454
MTDnewhill,50,10,21,11.0000,0.113154
MTDnewhill,50,10,22,11.5000,0.102953
MTDnewhill,50,10,23,12.0000,0.098086
MTDnewhill,50,10,24,12.5000,0.094384
MTDnewhill,50,10,25,13.0000,0.084755
MTDnewhill,50,10,26,13.5000,0.091060
MTDnewhill,50,10,27,14.0000,0.093043
MTDnewhill,50,10,28,14.5000,0.087789
MTDnewhill,50,10,29,15.0000,0.066344
MTDnewhill,50,10,30,15.5000,0.066794
MTDnewhill,50,10,31,16.0000,0.067024
MTDnewhill,50,10,32,16.5000,0.070363
MTDnewhill,50,10,33,17.0000,0.090337
MTDnewhill,50,10,34,17.5000,0.080775
MTDnewhill,50,10,35,18.0000,0.073040
MTDnewhill,50,10,36,18.5000,0.072863
MTDnewhill,50,10,37,19.0000,0.071505
MTDnewhill,50,10,38,19.5000,0.081923
MTDnewhill,50,10,39,20.0000,0.084753
MTDnewhill,50,10,40,20.5000,0.073011
MTDnewhill,50,10,41,21.0000,0.067212
MTDnewhill,50,10,42,21.5000,0.071182
MTDnewhill,50,10,43,22.0000,0.071185
MTDnewhill,50,10,44,22.5000,0.070831
MTDnewhill,50,10,45,23.0000,0.066372
MTDnewhill,50,10,46,23.5000,0.064990
MTDnewhill,50,10,47,24.0000,0.063078
MTDnewhill,50,10,48,24.5000,0.056792
MTDnewhill,50,10,49,25.0000,0.057584
MTDnewhill,50,10,50,25.5000,0.053911
MTDnewhill,50,10,51,26.0000,0.054055
MTDnewhill,50,10,52,26.5000,0.055581
MTDnewhill,50,10,53,27.0000,0.052490
MTDnewhill,50,10,54,27.5000,0.047564
MTDnewhill,50,10,55,28.0000,0.046004
MTDnewhill,50,10,56,28.5000,0.049793
MTDnewhill,50,10,57,29.0000,0.051509
MTDnewhill,50,10,58,29.5000,0.051300
MTDnewhill,50,10,59,30.0000,0.052196
MTDnewhill,50,10,60,30.5000,0.050715
MTDnewhill,50,10,61,31.0000,0.050830
MTDnewhill,50,10,62,31.5000,0.048212
MTDnewhill,50,10,63,32.0000,0.053667
MTDnewhill,50,10,64,32.5000,0.053526
MTDnewhill,50,10,65,33.0000,0.051697
MTDnewhill,50,10,66,33.5000,0.053664
MTDnewhill,50,10,67,34.0000,0.051097
MTDnewhill,50,10,68,34.5000,0.051589
MTDnewhill,50,10,69,35.0000,0.050810
MTDnewhill,50,10,70,35.5000,0.056124
MTDnewhill,50,10,71,36.0000,0.059183
MTDnewhill,50,10,72,36.5000,0.056569
MTDnewhill,50,10,73,37.0000,0.054240
MTDnewhill,50,10,74,37.5000,0.051225
MTDnewhill,50,10,75,38.0000,0.049474
MTDnewhill,50,10,76,38.5000,0.049948
MTDnewhill,50,10,77,39.0000,0.053263
MTDnewhill,50,10,78,39.5000,0.056699
MTDnewhill,50,10,79,40.0000,0.058144
MTDnewhill,50,10,80,40.5000,0.059448
MTDnewhill,50,10,81,41.0000,0.055958
MTDnewhill,50,10,82,41.5000,0.056164
MTDnewhill,50,10,83,42.0000,0.057068
MTDnewhill,50,10,84,42.5000,0.055801
MTDnewhill,50,10,85,43.0000,0.057940
MTDnewhill,50,10,86,43.5000,0.053866
MTDnewhill,50,10,87,44.0000,0.049967
MTDnewhill,50,10,88,44.5000,0.053079
MTDnewhill,50,10,89,45.0000,0.056241
MTDnewhill,50,10,90,45.5000,0.053008
MTDnewhill,50,10,91,46.0000,0.053632
MTDnewhill,50,10,92,46.5000,0.061810
MTDnewhill,50,10,93,47.0000,0.060072
MTDnewhill,50,10,94,47.5000,0.056251
MTDnewhill,50,10,95,48.0000,0.054229
MTDnewhill,50,10,96,48.5000,0.053326
MTDnewhill,50,10,97,49.0000,0.052144
MTDnewhill,50,10,98,49.5000,0.051930
MTDnewhill,50,10,99,50.0000,0.048225
MTDnewhill,50,20,0,0.5000,3.495988
MTDnewhill,50,20,1,1.0000,1.991511
MTDnewhill,50,20,2,1.5000,0.849463
MTDnewhill,50,20,3,2.0000,0.276125
MTDnewhill,50,20,4,2.5000,0.186509
MTDnewhill,50,20,5,3.0000,0.187873
MTDnewhill,50,20,6,3.5000,0.229960
MTDnewhill,50,20,7,4.0000,0.205242
MTDnewhill,50,20,8,4.5000,0.190643
MTDnewhill,50,20,9,5.0000,0.197345
MTDnewhill,50,20,10,5.5000,0.194517
MTDnewhill,50,20,11,6.0000,0.185374
MTDnewhill,50,20,12,6.5000,0.183085
MTDnewhill,50,20,13,7.0000,0.186849
MTDnewhill,50,20,14,7.5000,0.202359
MTDnewhill,50,20,15,8.0000,0.163433
MTDnewhill,50,20,16,8.5000,0.167814
MTDnewhill,50,20,17,9.0000,0.163415
MTDnewhill,50,20,18,9.5000,0.150905
MTDnewhill,50,20,19,10.0000,0.142951
MTDnewhill,50,20,20,10.5000,0.130550
MTDnewhill,50,20,21,11.0000,0.143994
MTDnewhill,50,20,22,11.5000,0.142087
MTDnewhill,50,20,23,12.0000,0.134222
MTDnewhill,50,20,24,12.5000,0.152958
MTDnewhill,50,20,25,13.0000,0.128878
MTDnewhill,50,20,26,13.5000,0.118063
MTDnewhill,50,20,27,14.0000,0.112687
MTDnewhill,50,20,28,14.5000,0.122897
MTDnewhill,50,20,29,15.0000,0.117456
MTDnewhill,50,20,30,15.5000,0.097454
MTDnewhill,50,20,31,16.0000,0.094058
MTDnewhill,50,20,32,16.5000,0.083062
MTDnewhill,50,20,33,17.0000,0.082664
MTDnewhill,50,20,34,17.5000,0.078338
MTDnewhill,50,20,35,18.0000,0.079604
MTDnewhill,50,20,36,18.5000,0.092310
MTDnewhill,50,20,37,19.0000,0.084494
MTDnewhill,50,20,38,19.5000,0.086220
MTDnewhill,50,20,39,20.0000,0.090746
MTDnewhill,50,20,40,20.5000,0.090525
MTDnewhill,50,20,41,21.0000,0.068597
MTDnewhill,50,20,42,21.5000,0.070051
MTDnewhill,50,20,43,22.0000,0.069866
MTDnewhill,50,20,44,22.5000,0.067496
MTDnewhill,50,20,45,23.0000,0.065283
MTDnewhill,50,20,46,23.5000,0.060898
MTDnewhill,50,20,47,24.0000,0.060995
MTDnewhill,50,20,48,24.5000,0.062318
MTDnewhill,50,20,49,25.0000,0.063164
MTDnewhill,50,20,50,25.5000,0.061410
MTDnewhill,50,20,51,26.0000,0.062250
MTDnewhill,50,20,52,26.5000,0.060391
MTDnewhill,50,20,53,27.0000,0.063150
MTDnewhill,50,20,54,27.5000,0.059923
MTDnewhill,50,20,55,28.0000,0.057830
MTDnewhill,50,20,56,28.5000,0.057382
MTDnewhill,50,20,57,29.0000,0.056046
MTDnewhill,50,20,58,29.5000,0.055483
MTDnewhill,50,20,59,30.0000,0.054911
MTDnewhill,50,20,60,30.5000,0.054888
MTDnewhill,50,20,61,31.0000,0.053050
MTDnewhill,50,20,62,31.5000,0.053133
MTDnewhill,50,20,63,32.0000,0.050309
MTDnewhill,50,20,64,32.5000,0.049956
MTDnewhill,50,20,65,33.0000,0.048007
MTDnewhill,50,20,66,33.5000,0.047438
MTDnewhill,50,20,67,34.0000,0.047432
MTDnewhill,50,20,68,34.5000,0.048454
MTDnewhill,50,20,69,35.0000,0.048347
MTDnewhill,50,20,70,35.5000,0.047807
MTDnewhill,50,20,71,36.0000,0.047150
MTDnewhill,50,20,72,36.5000,0.046253
MTDnewhill,50,20,73,37.0000,0.045693
MTDnewhill,50,20,74,37.5000,0.045118
MTDnewhill,50,20,75,38.0000,0.044777
MTDnewhill,50,20,76,38.5000,0.045228
MTDnewhill,50,20,77,39.0000,0.046335
MTDnewhill,50,20,78,39.5000,0.046514
MTDnewhill,50,20,79,40.0000,0.046883
MTDnewhill,50,20,80,40.5000,0.045792
MTDnewhill,50,20,81,41.0000,0.045821
MTDnewhill,50,20,82,41.5000,0.045834
MTDnewhill,50,20,83,42.0000,0.046422
MTDnewhill,50,20,84,42.5000,0.045246
MTDnewhill,50,20,85,43.0000,0.044748
MTDnewhill,50,20,86,43.5000,0.043766
MTDnewhill,50,20,87,44.0000,0.044155
MTDnewhill,50,20,88,44.5000,0.042006
MTDnewhill,50,20,89,45.0000,0.043341
MTDnewhill,50,20,90,45.5000,0.043506
MTDnewhill,50,20,91,46.0000,0.042708
MTDnewhill,50,20,92,46.5000,0.044422
MTDnewhill,50,20,93,47.0000,0.045207
MTDnewhill,50,20,94,47.5000,0.045814
MTDnewhill,50,20,95,48.0000,0.046553
MTDnewhill,50,20,96,48.5000,0.047521
MTDnewhill,50,20,97,49.0000,0.045184
MTDnewhill,50,20,98,49.5000,0.044647
MTDnewhill,50,20,99,50.0000,0.044436
MTDnewhill,50,30,0,0.5000,3.500931
MTDnewhill,50,30,1,1.0000,1.728919
MTDnewhill,50,30,2,1.5000,0.529282
MTDnewhill,50,30,3,2.0000,0.238709
MTDnewhill,50,30,4,2.5000,0.171623
MTDnewhill,50,30,5,3.0000,0.157844
MTDnewhill,50,30,6,3.5000,0.156571
MTDnewhill,50,30,7,4.0000,0.204977
MTDnewhill,50,30,8,4.5000,0.139654
MTDnewhill,50,30,9,5.0000,0.118703
MTDnewhill,50,30,10,5.5000,0.123079
MTDnewhill,50,30,11,6.0000,0.127585
MTDnewhill,50,30,12,6.5000,0.110407
MTDnewhill,50,30,13,7.0000,0.112667
MTDnewhill,50,30,14,7.5000,0.118146
MTDnewhill,50,30,15,8.0000,0.095498
MTDnewhill,50,30,16,8.5000,0.096344
MTDnewhill,50,30,17,9.0000,0.095836
MTDnewhill,50,30,18,9.5000,0.094668
MTDnewhill,50,30,19,10.0000,0.084245
MTDnewhill,50,30,20,10.5000,0.077525
MTDnewhill,50,30,21,11.0000,0.074593
MTDnewhill,50,30,22,11.5000,0.072620
MTDnewhill,50,30,23,12.0000,0.070312
MTDnewhill,50,30,24,12.5000,0.069577
MTDnewhill,50,30,25,13.0000,0.069036
MTDnewhill,50,30,26,13.5000,0.067496
MTDnewhill,50,30,27,14.0000,0.066281
MTDnewhill,50,30,28,14.5000,0.067436
MTDnewhill,50,30,29,15.0000,0.067258
MTDnewhill,50,30,30,15.5000,0.066506
MTDnewhill,50,30,31,16.0000,0.064694
MTDnewhill,50,30,32,16.5000,0.060910
MTDnewhill,50,30,33,17.0000,0.059878
MTDnewhill,50,30,34,17.5000,0.059671
MTDnewhill,50,30,35,18.0000,0.060173
MTDnewhill,50,30,36,18.5000,0.061869
MTDnewhill,50,30,37,19.0000,0.058137
MTDnewhill,50,30,38,19.5000,0.059474
MTDnewhill,50,30,39,20.0000,0.060934
MTDnewhill,50,30,40,20.5000,0.059297
MTDnewhill,50,30,41,21.0000,0.057944
MTDnewhill,50,30,42,21.5000,0.057576
MTDnewhill,50,30,43,22.0000,0.057076
MTDnewhill,50,30,44,22.5000,0.056834
MTDnewhill,50,30,45,23.0000,0.057949
MTDnewhill,50,30,46,23.5000,0.061766
MTDnewhill,50,30,47,24.0000,0.062069
MTDnewhill,50,30,48,24.5000,0.065007
MTDnewhill,50,30,49,25.0000,0.062764
MTDnewhill,50,30,50,25.5000,0.059653
MTDnewhill,50,30,51,26.0000,0.060498
MTDnewhill,50,30,52,26.5000,0.061554
MTDnewhill,50,30,53,27.0000,0.057585
MTDnewhill,50,30,54,27.5000,0.052382
MTDnewhill,50,30,55,28.0000,0.050876
MTDnewhill,50,30,56,28.5000,0.049679
MTDnewhill,50,30,57,29.0000,0.049963
MTDnewhill,50,30,58,29.5000,0.047684
MTDnewhill,50,30,59,30.0000,0.047061
MTDnewhill,50,30,60,30.5000,0.048380
MTDnewhill,50,30,61,31.0000,0.049577
MTDnewhill,50,30,62,31.5000,0.047539
MTDnewhill,50,30,63,32.0000,0.047325
MTDnewhill,50,30,64,32.5000,0.047529
MTDnewhill,50,30,65,33.0000,0.048867
MTDnewhill,50,30,66,33.5000,0.049490
MTDnewhill,50,30,67,34.0000,0.049813
MTDnewhill,50,30,68,34.5000,0.050169
MTDnewhill,50,30,69,35.0000,0.051422
MTDnewhill,50,30,70,35.5000,0.052673
MTDnewhill,50,30,71,36.0000,0.056350
MTDnewhill,50,30,72,36.5000,0.056852
MTDnewhill,50,30,73,37.0000,0.059888
MTDnewhill,50,30,74,37.5000,0.057117
MTDnewhill,50,30,75,38.0000,0.057564
MTDnewhill,50,30,76,38.5000,0.057396
MTDnewhill,50,30,77,39.0000,0.055767
MTDnewhill,50,30,78,39.5000,0.056388
MTDnewhill,50,30,79,40.0000,0.055221
MTDnewhill,50,30,80,40.5000,0.056037
MTDnewhill,50,30,81,41.0000,0.058494
MTDnewhill,50,30,82,41.5000,0.060370
MTDnewhill,50,30,83,42.0000,0.063312
MTDnewhill,50,30,84,42.5000,0.057705
MTDnewhill,50,30,85,43.0000,0.058172
MTDnewhill,50,30,86,43.5000,0.059578
MTDnewhill,50,30,87,44.0000,0.057498
MTDnewhill,50,30,88,44.5000,0.055147
MTDnewhill,50,30,89,45.0000,0.054081
MTDnewhill,50,30,90,45.5000,0.053567
MTDnewhill,50,30,91,46.0000,0.055410
MTDnewhill,50,30,92,46.5000,0.055226
MTDnewhill,50,30,93,47.0000,0.051168
MTDnewhill,50,30,94,47.5000,0.054932
MTDnewhill,50,30,95,48.0000,0.051938
MTDnewhill,50,30,96,48.5000,0.050911
MTDnewhill,50,30,97,49.0000,0.051406
MTDnewhill,50,30,98,49.5000,0.052763
MTDnewhill,50,30,99,50.0000,0.052703
MTDnewhill,50,40,0,0.5000,3.358612
MTDnewhill,50,40,1,1.0000,1.611396
MTDnewhill,50,40,2,1.5000,0.549001
MTDnewhill,50,40,3,2.0000,0.188601
MTDnewhill,50,40,4,2.5000,0.146788
MTDnewhill,50,40,5,3.0000,0.135004
MTDnewhill,50,40,6,3.5000,0.124177
MTDnewhill,50,40,7,4.0000,0.118671
MTDnewhill,50,40,8,4.5000,0.122607
MTDnewhill,50,40,9,5.0000,0.106241
MTDnewhill,50,40,10,5.5000,0.103682
MTDnewhill,50,40,11,6.0000,0.117916
MTDnewhill,50,40,12,6.5000,0.109144
MTDnewhill,50,40,13,7.0000,0.106671
MTDnewhill,50,40,14,7.5000,0.095211
MTDnewhill,50,40,15,8.0000,0.091200
MTDnewhill,50,40,16,8.5000,0.096462
MTDnewhill,50,40,17,9.0000,0.093367
MTDnewhill,50,40,18,9.5000,0.091412
MTDnewhill,50,40,19,10.0000,0.078673
MTDnewhill,50,40,20,10.5000,0.076970
MTDnewhill,50,40,21,11.0000,0.074405
MTDnewhill,50,40,22,11.5000,0.073646
MTDnewhill,50,40,23,12.0000,0.072043
MTDnewhill,50,40,24,12.5000,0.070417
MTDnewhill,50,40,25,13.0000,0.070248
MTDnewhill,50,40,26,13.5000,0.072473
MTDnewhill,50,40,27,14.0000,0.071386
MTDnewhill,50,40,28,14.5000,0.072015
MTDnewhill,50,40,29,15.0000,0.070885
MTDnewhill,50,40,30,15.5000,0.067889
MTDnewhill,50,40,31,16.0000,0.065776
MTDnewhill,50,40,32,16.5000,0.063951
MTDnewhill,50,40,33,17.0000,0.062036
MTDnewhill,50,40,34,17.5000,0.061345
MTDnewhill,50,40,35,18.0000,0.062390
MTDnewhill,50,40,36,18.5000,0.061607
MTDnewhill,50,40,37,19.0000,0.060587
MTDnewhill,50,40,38,19.5000,0.061503
MTDnewhill,50,40,39,20.0000,0.059794
MTDnewhill,50,40,40,20.5000,0.060021
MTDnewhill,50,40,41,21.0000,0.059217
MTDnewhill,50,40,42,21.5000,0.059143
MTDnewhill,50,40,43,22.0000,0.056623
MTDnewhill,50,40,44,22.5000,0.055873
MTDnewhill,50,40,45,23.0000,0.055799
MTDnewhill,50,40,46,23.5000,0.055090
MTDnewhill,50,40,47,24.0000,0.055197
MTDnewhill,50,40,48,24.5000,0.053519
MTDnewhill,50,40,49,25.0000,0.053722
MTDnewhill,50,40,50,25.5000,0.051563
MTDnewhill,50,40,51,26.0000,0.051535
MTDnewhill,50,40,52,26.5000,0.052695
MTDnewhill,50,40,53,27.0000,0.053628
MTDnewhill,50,40,54,27.5000,0.053808
MTDnewhill,50,40,55,28.0000,0.053857
MTDnewhill,50,40,56,28.5000,0.055862
MTDnewhill,50,40,57,29.0000,0.056654
MTDnewhill,50,40,58,29.5000,0.057621
MTDnewhill,50,40,59,30.0000,0.057943
MTDnewhill,50,40,60,30.5000,0.059141
MTDnewhill,50,40,61,31.0000,0.060427
MTDnewhill,50,40,62,31.5000,0.058227
MTDnewhill,50,40,63,32.0000,0.057411
MTDnewhill,50,40,64,32.5000,0.058084
MTDnewhill,50,40,65,33.0000,0.057311
MTDnewhill,50,40,66,33.5000,0.059478
MTDnewhill,50,40,67,34.0000,0.060338
MTDnewhill,50,40,68,34.5000,0.058993
MTDnewhill,50,40,69,35.0000,0.061432
MTDnewhill,50,40,70,35.5000,0.062466
MTDnewhill,50,40,71,36.0000,0.062797
MTDnewhill,50,40,72,36.5000,0.064306
MTDnewhill,50,40,73,37.0000,0.066901
MTDnewhill,50,40,74,37.5000,0.064686
MTDnewhill,50,40,75,38.0000,0.063348
MTDnewhill,50,40,76,38.5000,0.061530
MTDnewhill,50,40,77,39.0000,0.065179
MTDnewhill,50,40,78,39.5000,0.062150
MTDnewhill,50,40,79,40.0000,0.058967
MTDnewhill,50,40,80,40.5000,0.056063
MTDnewhill,50,40,81,41.0000,0.058501
MTDnewhill,50,40,82,41.5000,0.056930
MTDnewhill,50,40,83,42.0000,0.054688
MTDnewhill,50,40,84,42.5000,0.052280
MTDnewhill,50,40,85,43.0000,0.058008
MTDnewhill,50,40,86,43.5000,0.057960
MTDnewhill,50,40,87,44.0000,0.060420
MTDnewhill,50,40,88,44.5000,0.062010
MTDnewhill,50,40,89,45.0000,0.059916
MTDnewhill,50,40,90,45.5000,0.060774
MTDnewhill,50,40,91,46.0000,0.058340
MTDnewhill,50,40,92,46.5000,0.060680
MTDnewhill,50,40,93,47.0000,0.059119
MTDnewhill,50,40,94,47.5000,0.058519
MTDnewhill,50,40,95,48.0000,0.065966
MTDnewhill,50,40,96,48.5000,0.065873
MTDnewhill,50,40,97,49.0000,0.066212
MTDnewhill,50,40,98,49.5000,0.065025
MTDnewhill,50,40,99,50.0000,0.066374
MTDnewhill,50,50,0,0.5000,3.656273
MTDnewhill,50,50,1,1.0000,1.793958
MTDnewhill,50,50,2,1.5000,0.724328
MTDnewhill,50,50,3,2.0000,0.258146
MTDnewhill,50,50,4,2.5000,0.204000
MTDnewhill,50,50,5,3.0000,0.165974
MTDnewhill,50,50,6,3.5000,0.153763
MTDnewhill,50,50,7,4.0000,0.135739
MTDnewhill,50,50,8,4.5000,0.131324
MTDnewhill,50,50,9,5.0000,0.125840
MTDnewhill,50,50,10,5.5000,0.115346
MTDnewhill,50,50,11,6.0000,0.111612
MTDnewhill,50,50,12,6.5000,0.116431
MTDnewhill,50,50,13,7.0000,0.101951
MTDnewhill,50,50,14,7.5000,0.097109
MTDnewhill,50,50,15,8.0000,0.095535
MTDnewhill,50,50,16,8.5000,0.093038
MTDnewhill,50,50,17,9.0000,0.093972
MTDnewhill,50,50,18,9.5000,0.090789
MTDnewhill,50,50,19,10.0000,0.087994
MTDnewhill,50,50,20,10.5000,0.089513
MTDnewhill,50,50,21,11.0000,0.102825
MTDnewhill,50,50,22,11.5000,0.094721
MTDnewhill,50,50,23,12.0000,0.088741
MTDnewhill,50,50,24,12.5000,0.106070
MTDnewhill,50,50,25,13.0000,0.107949
MTDnewhill,50,50,26,13.5000,0.107668
MTDnewhill,50,50,27,14.0000,0.113373
MTDnewhill,50,50,28,14.5000,0.097132
MTDnewhill,50,50,29,15.0000,0.103621
MTDnewhill,50,50,30,15.5000,0.094116
MTDnewhill,50,50,31,16.0000,0.093251
MTDnewhill,50,50,32,16.5000,0.085810
MTDnewhill,50,50,33,17.0000,0.089024
MTDnewhill,50,50,34,17.5000,0.092771
MTDnewhill,50,50,35,18.0000,0.093512
MTDnewhill,50,50,36,18.5000,0.093049
MTDnewhill,50,50,37,19.0000,0.086087
MTDnewhill,50,50,38,19.5000,0.079427
MTDnewhill,50,50,39,20.0000,0.083176
MTDnewhill,50,50,40,20.5000,0.080511
MTDnewhill,50,50,41,21.0000,0.082847
MTDnewhill,50,50,42,21.5000,0.076838
MTDnewhill,50,50,43,22.0000,0.076951
MTDnewhill,50,50,44,22.5000,0.080938
MTDnewhill,50,50,45,23.0000,0.075890
MTDnewhill,50,50,46,23.5000,0.072524
MTDnewhill,50,50,47,24.0000,0.065834
MTDnewhill,50,50,48,24.5000,0.063074
MTDnewhill,50,50,49,25.0000,0.065056
MTDnewhill,50,50,50,25.5000,0.061091
MTDnewhill,50,50,51,26.0000,0.061918
MTDnewhill,50,50,52,26.5000,0.061054
MTDnewhill,50,50,53,27.0000,0.059720
MTDnewhill,50,50,54,27.5000,0.060940
MTDnewhill,50,50,55,28.0000,0.060751
MTDnewhill,50,50,56,28.5000,0.056791
MTDnewhill,50,50,57,29.0000,0.054272
MTDnewhill,50,50,58,29.5000,0.056408
MTDnewhill,50,50,59,30.0000,0.059347
MTDnewhill,50,50,60,30.5000,0.059773
MTDnewhill,50,50,61,31.0000,0.058836
MTDnewhill,50,50,62,31.5000,0.055348
MTDnewhill,50,50,63,32.0000,0.057955
MTDnewhill,50,50,64,32.5000,0.054525
MTDnewhill,50,50,65,33.0000,0.057330
MTDnewhill,50,50,66,33.5000,0.055318
MTDnewhill,50,50,67,34.0000,0.057591
MTDnewhill,50,50,68,34.5000,0.057301
MTDnewhill,50,50,69,35.0000,0.054172
MTDnewhill,50,50,70,35.5000,0.055678
MTDnewhill,50,50,71,36.0000,0.056605
MTDnewhill,50,50,72,36.5000,0.056075
MTDnewhill,50,50,73,37.0000,0.055752
MTDnewhill,50,50,74,37.5000,0.054987
MTDnewhill,50,50,75,38.0000,0.051617
MTDnewhill,50,50,76,38.5000,0.052737
MTDnewhill,50,50,77,39.0000,0.050951
MTDnewhill,50,50,78,39.5000,0.046765
MTDnewhill,50,50,79,40.0000,0.048623
MTDnewhill,50,50,80,40.5000,0.048873
MTDnewhill,50,50,81,41.0000,0.047108
MTDnewhill,50,50,82,41.5000,0.047835
MTDnewhill,50,50,83,42.0000,0.046362
MTDnewhill,50,50,84,42.5000,0.045890
MTDnewhill,50,50,85,43.0000,0.044046
MTDnewhill,50,50,86,43.5000,0.044797
MTDnewhill,50,50,87,44.0000,0.042870
MTDnewhill,50,50,88,44.5000,0.042248
MTDnewhill,50,50,89,45.0000,0.042733
MTDnewhill,50,50,90,45.5000,0.043194
MTDnewhill,50,50,91,46.0000,0.043274
MTDnewhill,50,50,92,46.5000,0.044256
MTDnewhill,50,50,93,47.0000,0.042354
MTDnewhill,50,50,94,47.5000,0.042853
MTDnewhill,50,50,95,48.0000,0.042227
MTDnewhill,50,50,96,48.5000,0.041494
MTDnewhill,50,50,97,49.0000,0.042493
MTDnewhill,50,50,98,49.5000,0.041989
MTDnewhill,50,50,99,50.0000,0.041898
MTDtemp,10000,10,0,0.5000,6.152039
MTDtemp,10000,10,1,1.0000,4.857318
MTDtemp,10000,10,2,1.5000,4.185818
MTDtemp,10000,10,3,2.0000,3.385087
MTDtemp,10000,10,4,2.5000,2.484344
MTDtemp,10000,10,5,3.0000,2.016050
MTDtemp,10000,10,6,3.5000,1.548057
MTDtemp,10000,10,7,4.0000,1.226755
MTDtemp,10000,10,8,4.5000,0.883968
MTDtemp,10000,10,9,5.0000,0.518906
MTDtemp,10000,10,10,5.5000,0.342914
MTDtemp,10000,10,11,6.0000,0.156313
MTDtemp,10000,10,12,6.5000,0.115796
MTDtemp,10000,10,13,7.0000,0.105923
MTDtemp,10000,10,14,7.5000,0.097518
MTDtemp,10000,10,15,8.0000,0.093196
MTDtemp,10000,10,16,8.5000,0.086793
MTDtemp,10000,10,17,9.0000,0.083235
MTDtemp,10000,10,18,9.5000,0.085263
MTDtemp,10000,10,19,10.0000,0.088812
MTDtemp,10000,10,20,10.5000,0.077557
MTDtemp,10000,10,21,11.0000,0.079327
MTDtemp,10000,10,22,11.5000,0.078149
MTDtemp,10000,10,23,12.0000,0.078053
MTDtemp,10000,10,24,12.5000,0.074876
MTDtemp,10000,10,25,13.0000,0.078409
MTDtemp,10000,10,26,13.5000,0.079213
MTDtemp,10000,10,27,14.0000,0.084337
MTDtemp,10000,10,28,14.5000,0.077775
MTDtemp,10000,10,29,15.0000,0.081208
MTDtemp,10000,10,30,15.5000,0.078012
MTDtemp,10000,10,31,16.0000,0.083417
MTDtemp,10000,10,32,16.5000,0.089371
MTDtemp,10000,10,33,17.0000,0.087736
MTDtemp,10000,10,34,17.5000,0.095992
MTDtemp,10000,10,35,18.0000,0.102991
MTDtemp,10000,10,36,18.5000,0.079132
MTDtemp,10000,10,37,19.0000,0.078682
MTDtemp,10000,10,38,19.5000,0.079619
MTDtemp,10000,10,39,20.0000,0.067131
MTDtemp,10000,10,40,20.5000,0.070866
MTDtemp,10000,10,41,21.0000,0.076387
MTDtemp,10000,10,42,21.5000,0.072643
MTDtemp,10000,10,43,22.0000,0.074204
MTDtemp,10000,10,44,22.5000,0.076794
MTDtemp,10000,10,45,23.0000,0.077659
MTDtemp,10000,10,46,23.5000,0.075980
MTDtemp,10000,10,47,24.0000,0.073633
MTDtemp,10000,10,48,24.5000,0.075131
MTDtemp,10000,10,49,25.0000,0.071101
MTDtemp,10000,10,50,25.5000,0.067733
MTDtemp,10000,10,51,26.0000,0.063746
MTDtemp,10000,10,52,26.5000,0.061979
MTDtemp,10000,10,53,27.0000,0.051530
MTDtemp,10000,10,54,27.5000,0.052361
MTDtemp,10000,10,55,28.0000,0.052727
MTDtemp,10000,10,56,28.5000,0.055588
MTDtemp,10000,10,57,29.0000,0.052531
MTDtemp,10000,10,58,29.5000,0.055194
MTDtemp,10000,10,59,30.0000,0.059290
MTDtemp,10000,10,60,30.5000,0.062573
MTDtemp,10000,10,61,31.0000,0.061047
MTDtemp,10000,10,62,31.5000,0.060349
MTDtemp,10000,10,63,32.0000,0.064991
MTDtemp,10000,10,64,32.5000,0.060496
MTDtemp,10000,10,65,33.0000,0.055518
MTDtemp,10000,10,66,33.5000,0.049744
MTDtemp,10000,10,67,34.0000,0.052383
MTDtemp,10000,10,68,34.5000,0.054549
MTDtemp,10000,10,69,35.0000,0.053082
MTDtemp,10000,10,70,35.5000,0.055495
MTDtemp,10000,10,71,36.0000,0.054182
MTDtemp,10000,10,72,36.5000,0.053618
MTDtemp,10000,10,73,37.0000,0.052828
MTDtemp,10000,10,74,37.5000,0.055415
MTDtemp,10000,10,75,38.0000,0.057068
MTDtemp,10000,10,76,38.5000,0.056903
MTDtemp,10000,10,77,39.0000,0.051619
MTDtemp,10000,10,78,39.5000,0.050391
MTDtemp,10000,10,79,40.0000,0.053727
MTDtemp,10000,10,80,40.5000,0.051693
MTDtemp,10000,10,81,41.0000,0.053244
MTDtemp,10000,10,82,41.5000,0.054066
MTDtemp,10000,10,83,42.0000,0.050830
MTDtemp,10000,10,84,42.5000,0.054237
MTDtemp,10000,10,85,43.0000,0.052767
MTDtemp,10000,10,86,43.5000,0.050742
MTDtemp,10000,10,87,44.0000,0.051339
MTDtemp,10000,10,88,44.5000,0.050228
MTDtemp,10000,10,89,45.0000,0.043560
MTDtemp,10000,10,90,45.5000,0.041709
MTDtemp,10000,10,91,46.0000,0.041975
MTDtemp,10000,10,92,46.5000,0.041558
MTDtemp,10000,10,93,47.0000,0.040344
MTDtemp,10000,10,94,47.5000,0.041358
MTDtemp,10000,10,95,48.0000,0.039006
MTDtemp,10000,10,96,48.5000,0.037504
MTDtemp,10000,10,97,49.0000,0.036621
MTDtemp,10000,10,98,49.5000,0.036716
MTDtemp,10000,10,99,50.0000,0.036085
MTDtemp,10000,20,0,0.5000,6.357683
MTDtemp,10000,20,1,1.0000,5.055627
MTDtemp,10000,20,2,1.5000,3.813529
MTDtemp,10000,20,3,2.0000,3.339981
MTDtemp,10000,20,4,2.5000,2.588455
MTDtemp,10000,20,5,3.0000,2.102392
MTDtemp,10000,20,6,3.5000,1.653921
MTDtemp,10000,20,7,4.0000,1.313600
MTDtemp,10000,20,8,4.5000,0.975898
MTDtemp,10000,20,9,5.0000,0.703342
MTDtemp,10000,20,10,5.5000,0.479055
MTDtemp,10000,20,11,6.0000,0.262736
MTDtemp,10000,20,12,6.5000,0.194859
MTDtemp,10000,20,13,7.0000,0.185157
MTDtemp,10000,20,14,7.5000,0.175644
MTDtemp,10000,20,15,8.0000,0.177312
MTDtemp,10000,20,16,8.5000,0.181536
MTDtemp,10000,20,17,9.0000,0.153606
MTDtemp,10000,20,18,9.5000,0.167278
MTDtemp,10000,20,19,10.0000,0.167126
MTDtemp,10000,20,20,10.5000,0.151652
MTDtemp,10000,20,21,11.0000,0.160130
MTDtemp,10000,20,22,11.5000,0.162079
MTDtemp,10000,20,23,12.0000,0.164542
MTDtemp,10000,20,24,12.5000,0.171797
MTDtemp,10000,20,25,13.0000,0.176660
MTDtemp,10000,20,26,13.5000,0.184597
MTDtemp,10000,20,27,14.0000,0.189341
MTDtemp,10000,20,28,14.5000,0.170610
MTDtemp,10000,20,29,15.0000,0.165428
MTDtemp,10000,20,30,15.5000,0.166652
MTDtemp,10000,20,31,16.0000,0.162878
MTDtemp,10000,20,32,16.5000,0.160625
MTDtemp,10000,20,33,17.0000,0.146943
MTDtemp,10000,20,34,17.5000,0.143477
MTDtemp,10000,20,35,18.0000,0.139556
MTDtemp,10000,20,36,18.5000,0.132723
MTDtemp,10000,20,37,19.0000,0.128211
MTDtemp,10000,20,38,19.5000,0.129208
MTDtemp,10000,20,39,20.0000,0.134506
MTDtemp,10000,20,40,20.5000,0.127488
MTDtemp,10000,20,41,21.0000,0.118605
MTDtemp,10000,20,42,21.5000,0.121390
MTDtemp,10000,20,43,22.0000,0.125112
MTDtemp,10000,20,44,22.5000,0.129859
MTDtemp,10000,20,45,23.0000,0.120186
MTDtemp,10000,20,46,23.5000,0.118907
MTDtemp,10000,20,47,24.0000,0.123776
MTDtemp,10000,20,48,24.5000,0.124052
MTDtemp,10000,20,49,25.0000,0.119082
MTDtemp,10000,20,50,25.5000,0.118349
MTDtemp,10000,20,51,26.0000,0.113284
MTDtemp,10000,20,52,26.5000,0.106428
MTDtemp,10000,20,53,27.0000,0.104660
MTDtemp,10000,20,54,27.5000,0.106342
MTDtemp,10000,20,55,28.0000,0.109675
MTDtemp,10000,20,56,28.5000,0.113674
MTDtemp,10000,20,57,29.0000,0.110132
MTDtemp,10000,20,58,29.5000,0.105589
MTDtemp,10000,20,59,30.0000,0.106231
MTDtemp,10000,20,60,30.5000,0.098853
MTDtemp,10000,20,61,31.0000,0.101719
MTDtemp,10000,20,62,31.5000,0.096379
MTDtemp,10000,20,63,32.0000,0.093002
MTDtemp,10000,20,64,32.5000,0.092569
MTDtemp,10000,20,65,33.0000,0.094109
MTDtemp,10000,20,66,33.5000,0.097334
MTDtemp,10000,20,67,34.0000,0.096249
MTDtemp,10000,20,68,34.5000,0.095037
MTDtemp,10000,20,69,35.0000,0.092976
MTDtemp,10000,20,70,35.5000,0.089154
MTDtemp,10000,20,71,36.0000,0.088415
MTDtemp,10000,20,72,36.5000,0.092569
MTDtemp,10000,20,73,37.0000,0.092722
MTDtemp,10000,20,74,37.5000,0.094586
MTDtemp,10000,20,75,38.0000,0.093131
MTDtemp,10000,20,76,38.5000,0.090908
MTDtemp,10000,20,77,39.0000,0.090944
MTDtemp,10000,20,78,39.5000,0.090135
MTDtemp,10000,20,79,40.0000,0.087646
MTDtemp,10000,20,80,40.5000,0.088026
MTDtemp,10000,20,81,41.0000,0.085798
MTDtemp,10000,20,82,41.5000,0.087088
MTDtemp,10000,20,83,42.0000,0.086333
MTDtemp,10000,20,84,42.5000,0.081716
MTDtemp,10000,20,85,43.0000,0.083550
MTDtemp,10000,20,86,43.5000,0.083284
MTDtemp,10000,20,87,44.0000,0.083894
MTDtemp,10000,20,88,44.5000,0.074918
MTDtemp,10000,20,89,45.0000,0.074990
MTDtemp,10000,20,90,45.5000,0.073364
MTDtemp,10000,20,91,46.0000,0.072597
MTDtemp,10000,20,92,46.5000,0.071007
MTDtemp,10000,20,93,47.0000,0.067875
MTDtemp,10000,20,94,47.5000,0.064467
MTDtemp,10000,20,95,48.0000,0.065662
MTDtemp,10000,20,96,48.5000,0.065212
MTDtemp,10000,20,97,49.0000,0.066173
MTDtemp,10000,20,98,49.5000,0.067730
MTDtemp,10000,20,99,50.0000,0.067215
MTDtemp,10000,30,0,0.5000,5.885170
MTDtemp,10000,30,1,1.0000,4.650881
MTDtemp,10000,30,2,1.5000,4.056611
MTDtemp,10000,30,3,2.0000,3.369317
MTDtemp,10000,30,4,2.5000,2.690463
MTDtemp,10000,30,5,3.0000,2.172709
MTDtemp,10000,30,6,3.5000,1.693599
MTDtemp,10000,30,7,4.0000,1.290561
MTDtemp,10000,30,8,4.5000,0.996403
MTDtemp,10000,30,9,5.0000,0.740640
MTDtemp,10000,30,10,5.5000,0.467395
MTDtemp,10000,30,11,6.0000,0.351741
MTDtemp,10000,30,12,6.5000,0.158598
MTDtemp,10000,30,13,7.0000,0.139562
MTDtemp,10000,30,14,7.5000,0.142706
MTDtemp,10000,30,15,8.0000,0.151953
MTDtemp,10000,30,16,8.5000,0.128447
MTDtemp,10000,30,17,9.0000,0.130714
MTDtemp,10000,30,18,9.5000,0.129294
MTDtemp,10000,30,19,10.0000,0.110692
MTDtemp,10000,30,20,10.5000,0.101873
MTDtemp,10000,30,21,11.0000,0.098229
MTDtemp,10000,30,22,11.5000,0.097065
MTDtemp,10000,30,23,12.0000,0.086647
MTDtemp,10000,30,24,12.5000,0.089248
MTDtemp,10000,30,25,13.0000,0.085646
MTDtemp,10000,30,26,13.5000,0.088301
MTDtemp,10000,30,27,14.0000,0.079607
MTDtemp,10000,30,28,14.5000,0.080346
MTDtemp,10000,30,29,15.0000,0.070536
MTDtemp,10000,30,30,15.5000,0.067784
MTDtemp,10000,30,31,16.0000,0.064532
MTDtemp,10000,30,32,16.5000,0.061671
MTDtemp,10000,30,33,17.0000,0.068466
MTDtemp,10000,30,34,17.5000,0.066166
MTDtemp,10000,30,35,18.0000,0.070766
MTDtemp,10000,30,36,18.5000,0.077858
MTDtemp,10000,30,37,19.0000,0.085490
MTDtemp,10000,30,38,19.5000,0.079168
MTDtemp,10000,30,39,20.0000,0.075955
MTDtemp,10000,30,40,20.5000,0.074368
MTDtemp,10000,30,41,21.0000,0.076011
MTDtemp,10000,30,42,21.5000,0.075659
MTDtemp,10000,30,43,22.0000,0.073186
MTDtemp,10000,30,44,22.5000,0.072414
MTDtemp,10000,30,45,23.0000,0.072861
MTDtemp,10000,30,46,23.5000,0.066260
MTDtemp,10000,30,47,24.0000,0.068470
MTDtemp,10000,30,48,24.5000,0.065372
MTDtemp,10000,30,49,25.0000,0.059423
MTDtemp,10000,30,50,25.5000,0.054854
MTDtemp,10000,30,51,26.0000,0.056311
MTDtemp,10000,30,52,26.5000,0.055124
MTDtemp,10000,30,53,27.0000,0.054833
MTDtemp,10000,30,54,27.5000,0.055432
MTDtemp,10000,30,55,28.0000,0.052645
MTDtemp,10000,30,56,28.5000,0.052724
MTDtemp,10000,30,57,29.0000,0.051454
MTDtemp,10000,30,58,29.5000,0.058595
MTDtemp,10000,30,59,30.0000,0.057551
MTDtemp,10000,30,60,30.5000,0.051893
MTDtemp,10000,30,61,31.0000,0.058912
MTDtemp,10000,30,62,31.5000,0.056890
MTDtemp,10000,30,63,32.0000,0.054584
MTDtemp,10000,30,64,32.5000,0.052204
MTDtemp,10000,30,65,33.0000,0.049437
MTDtemp,10000,30,66,33.5000,0.054677
MTDtemp,10000,30,67,34.0000,0.051026
MTDtemp,10000,30,68,34.5000,0.056896
MTDtemp,10000,30,69,35.0000,0.057569
MTDtemp,10000,30,70,35.5000,0.055487
MTDtemp,10000,30,71,36.0000,0.052646
MTDtemp,10000,30,72,36.5000,0.052092
MTDtemp,10000,30,73,37.0000,0.053900
MTDtemp,10000,30,74,37.5000,0.049884
MTDtemp,10000,30,75,38.0000,0.057968
MTDtemp,10000,30,76,38.5000,0.061387
MTDtemp,10000,30,77,39.0000,0.058129
MTDtemp,10000,30,78,39.5000,0.058454
MTDtemp,10000,30,79,40.0000,0.058811
MTDtemp,10000,30,80,40.5000,0.059610
MTDtemp,10000,30,81,41.0000,0.059972
MTDtemp,10000,30,82,41.5000,0.061202
MTDtemp,10000,30,83,42.0000,0.062219
MTDtemp,10000,30,84,42.5000,0.062017
MTDtemp,10000,30,85,43.0000,0.059091
MTDtemp,10000,30,86,43.5000,0.058912
MTDtemp,10000,30,87,44.0000,0.057751
MTDtemp,10000,30,88,44.5000,0.061454
MTDtemp,10000,30,89,45.0000,0.062038
MTDtemp,10000,30,90,45.5000,0.064064
MTDtemp,10000,30,91,46.0000,0.066496
MTDtemp,10000,30,92,46.5000,0.065424
MTDtemp,10000,30,93,47.0000,0.060167
MTDtemp,10000,30,94,47.5000,0.061853
MTDtemp,10000,30,95,48.0000,0.060653
MTDtemp,10000,30,96,48.5000,0.063407
MTDtemp,10000,30,97,49.0000,0.062926
MTDtemp,10000,30,98,49.5000,0.065159
MTDtemp,10000,30,99,50.0000,0.059761
MTDtemp,10000,40,0,0.5000,5.651547
MTDtemp,10000,40,1,1.0000,4.684894
MTDtemp,10000,40,2,1.5000,3.938569
MTDtemp,10000,40,3,2.0000,3.339480
MTDtemp,10000,40,4,2.5000,2.566190
MTDtemp,10000,40,5,3.0000,1.937661
MTDtemp,10000,40,6,3.5000,1.519038
MTDtemp,10000,40,7,4.0000,1.255470
MTDtemp,10000,40,8,4.5000,0.922641
MTDtemp,10000,40,9,5.0000,0.668505
MTDtemp,10000,40,10,5.5000,0.406317
MTDtemp,10000,40,11,6.0000,0.189077
MTDtemp,10000,40,12,6.5000,0.103679
MTDtemp,10000,40,13,7.0000,0.091329
MTDtemp,10000,40,14,7.5000,0.095677
MTDtemp,10000,40,15,8.0000,0.114139
MTDtemp,10000,40,16,8.5000,0.108320
MTDtemp,10000,40,17,9.0000,0.104452
MTDtemp,10000,40,18,9.5000,0.088162
MTDtemp,10000,40,19,10.0000,0.091509
MTDtemp,10000,40,20,10.5000,0.087903
MTDtemp,10000,40,21,11.0000,0.081092
MTDtemp,10000,40,22,11.5000,0.072476
MTDtemp,10000,40,23,12.0000,0.076950
MTDtemp,10000,40,24,12.5000,0.073580
MTDtemp,10000,40,25,13.0000,0.075539
MTDtemp,10000,40,26,13.5000,0.073270
MTDtemp,10000,40,27,14.0000,0.066277
MTDtemp,10000,40,28,14.5000,0.065223
MTDtemp,10000,40,29,15.0000,0.064502
MTDtemp,10000,40,30,15.5000,0.062776
MTDtemp,10000,40,31,16.0000,0.063364
MTDtemp,10000,40,32,16.5000,0.062152
MTDtemp,10000,40,33,17.0000,0.060516
MTDtemp,10000,40,34,17.5000,0.059272
MTDtemp,10000,40,35,18.0000,0.062067
MTDtemp,10000,40,36,18.5000,0.058920
MTDtemp,10000,40,37,19.0000,0.064812
MTDtemp,10000,40,38,19.5000,0.067972
MTDtemp,10000,40,39,20.0000,0.067511
MTDtemp,10000,40,40,20.5000,0.068003
MTDtemp,10000,40,41,21.0000,0.072988
MTDtemp,10000,40,42,21.5000,0.069878
MTDtemp,10000,40,43,22.0000,0.069973
MTDtemp,10000,40,44,22.5000,0.079539
MTDtemp,10000,40,45,23.0000,0.073090
MTDtemp,10000,40,46,23.5000,0.078181
MTDtemp,10000,40,47,24.0000,0.075342
MTDtemp,10000,40,48,24.5000,0.073941
MTDtemp,10000,40,49,25.0000,0.066789
MTDtemp,10000,40,50,25.5000,0.064627
MTDtemp,10000,40,51,26.0000,0.064112
MTDtemp,10000,40,52,26.5000,0.068011
MTDtemp,10000,40,53,27.0000,0.065749
MTDtemp,10000,40,54,27.5000,0.061228
MTDtemp,10000,40,55,28.0000,0.057975
MTDtemp,10000,40,56,28.5000,0.051943
MTDtemp,10000,40,57,29.0000,0.050028
MTDtemp,10000,40,58,29.5000,0.050460
MTDtemp,10000,40,59,30.0000,0.046525
MTDtemp,10000,40,60,30.5000,0.045816
MTDtemp,10000,40,61,31.0000,0.045440
MTDtemp,10000,40,62,31.5000,0.045205
MTDtemp,10000,40,63,32.0000,0.044936
MTDtemp,10000,40,64,32.5000,0.044797
MTDtemp,10000,40,65,33.0000,0.044596
MTDtemp,10000,40,66,33.5000,0.046861
MTDtemp,10000,40,67,34.0000,0.051592
MTDtemp,10000,40,68,34.5000,0.055006
MTDtemp,10000,40,69,35.0000,0.051444
MTDtemp,10000,40,70,35.5000,0.051340
MTDtemp,10000,40,71,36.0000,0.049923
MTDtemp,10000,40,72,36.5000,0.049139
MTDtemp,10000,40,73,37.0000,0.048632
MTDtemp,10000,40,74,37.5000,0.049324
MTDtemp,10000,40,75,38.0000,0.052478
MTDtemp,10000,40,76,38.5000,0.053787
MTDtemp,10000,40,77,39.0000,0.050781
MTDtemp,10000,40,78,39.5000,0.048675
MTDtemp,10000,40,79,40.0000,0.050795
MTDtemp,10000,40,80,40.5000,0.052683
MTDtemp,10000,40,81,41.0000,0.050233
MTDtemp,10000,40,82,41.5000,0.050502
MTDtemp,10000,40,83,42.0000,0.049463
MTDtemp,10000,40,84,42.5000,0.048577
MTDtemp,10000,40,85,43.0000,0.049388
MTDtemp,10000,40,86,43.5000,0.050536
MTDtemp,10000,40,87,44.0000,0.051398
MTDtemp,10000,40,88,44.5000,0.053402
MTDtemp,10000,40,89,45.0000,0.056258
MTDtemp,10000,40,90,45.5000,0.057267
MTDtemp,10000,40,91,46.0000,0.059898
MTDtemp,10000,40,92,46.5000,0.060465
MTDtemp,10000,40,93,47.0000,0.063337
MTDtemp,10000,40,94,47.5000,0.065257
MTDtemp,10000,40,95,48.0000,0.064149
MTDtemp,10000,40,96,48.5000,0.063448
MTDtemp,10000,40,97,49.0000,0.062803
MTDtemp,10000,40,98,49.5000,0.066727
MTDtemp,10000,40,99,50.0000,0.067836
MTDtemp,10000,50,0,0.5000,5.815988
MTDtemp,10000,50,1,1.0000,4.826303
MTDtemp,10000,50,2,1.5000,4.207947
MTDtemp,10000,50,3,2.0000,3.458399
MTDtemp,10000,50,4,2.5000,2.652955
MTDtemp,10000,50,5,3.0000,2.153923
MTDtemp,10000,50,6,3.5000,1.642596
MTDtemp,10000,50,7,4.0000,1.269673
MTDtemp,10000,50,8,4.5000,0.825573
MTDtemp,10000,50,9,5.0000,0.557076
MTDtemp,10000,50,10,5.5000,0.350117
MTDtemp,10000,50,11,6.0000,0.230119
MTDtemp,10000,50,12,6.5000,0.131706
MTDtemp,10000,50,13,7.0000,0.124379
MTDtemp,10000,50,14,7.5000,0.114556
MTDtemp,10000,50,15,8.0000,0.104726
MTDtemp,10000,50,16,8.5000,0.096734
MTDtemp,10000,50,17,9.0000,0.096189
MTDtemp,10000,50,18,9.5000,0.088328
MTDtemp,10000,50,19,10.0000,0.084913
MTDtemp,10000,50,20,10.5000,0.078481
MTDtemp,10000,50,21,11.0000,0.078030
MTDtemp,10000,50,22,11.5000,0.071655
MTDtemp,10000,50,23,12.0000,0.068920
MTDtemp,10000,50,24,12.5000,0.067435
MTDtemp,10000,50,25,13.0000,0.067364
MTDtemp,10000,50,26,13.5000,0.066634
MTDtemp,10000,50,27,14.0000,0.066162
MTDtemp,10000,50,28,14.5000,0.067566
MTDtemp,10000,50,29,15.0000,0.068446
MTDtemp,10000,50,30,15.5000,0.065404
MTDtemp,10000,50,31,16.0000,0.067940
MTDtemp,10000,50,32,16.5000,0.064896
MTDtemp,10000,50,33,17.0000,0.061263
MTDtemp,10000,50,34,17.5000,0.056965
MTDtemp,10000,50,35,18.0000,0.061440
MTDtemp,10000,50,36,18.5000,0.059575
MTDtemp,10000,50,37,19.0000,0.059483
MTDtemp,10000,50,38,19.5000,0.061733
MTDtemp,10000,50,39,20.0000,0.061896
MTDtemp,10000,50,40,20.5000,0.058693
MTDtemp,10000,50,41,21.0000,0.056130
MTDtemp,10000,50,42,21.5000,0.054819
MTDtemp,10000,50,43,22.0000,0.053711
MTDtemp,10000,50,44,22.5000,0.053669
MTDtemp,10000,50,45,23.0000,0.051926
MTDtemp,10000,50,46,23.5000,0.051487
MTDtemp,10000,50,47,24.0000,0.052055
MTDtemp,10000,50,48,24.5000,0.050972
MTDtemp,10000,50,49,25.0000,0.051253
MTDtemp,10000,50,50,25.5000,0.051659
MTDtemp,10000,50,51,26.0000,0.052376
MTDtemp,10000,50,52,26.5000,0.051657
MTDtemp,10000,50,53,27.0000,0.053649
MTDtemp,10000,50,54,27.5000,0.049539
MTDtemp,10000,50,55,28.0000,0.051888
MTDtemp,10000,50,56,28.5000,0.052167
MTDtemp,10000,50,57,29.0000,0.049615
MTDtemp,10000,50,58,29.5000,0.049227
MTDtemp,10000,50,59,30.0000,0.048793
MTDtemp,10000,50,60,30.5000,0.049321
MTDtemp,10000,50,61,31.0000,0.050097
MTDtemp,10000,50,62,31.5000,0.049010
MTDtemp,10000,50,63,32.0000,0.051396
MTDtemp,10000,50,64,32.5000,0.052387
MTDtemp,10000,50,65,33.0000,0.054182
MTDtemp,10000,50,66,33.5000,0.051547
MTDtemp,10000,50,67,34.0000,0.054526
MTDtemp,10000,50,68,34.5000,0.056185
MTDtemp,10000,50,69,35.0000,0.057592
MTDtemp,10000,50,70,35.5000,0.051935
MTDtemp,10000,50,71,36.0000,0.047012
MTDtemp,10000,50,72,36.5000,0.047135
MTDtemp,10000,50,73,37.0000,0.047873
MTDtemp,10000,50,74,37.5000,0.047845
MTDtemp,10000,50,75,38.0000,0.049498
MTDtemp,10000,50,76,38.5000,0.051530
MTDtemp,10000,50,77,39.0000,0.053427
MTDtemp,10000,50,78,39.5000,0.052422
MTDtemp,10000,50,79,40.0000,0.051833
MTDtemp,10000,50,80,40.5000,0.051827
MTDtemp,10000,50,81,41.0000,0.052933
MTDtemp,10000,50,82,41.5000,0.052397
MTDtemp,10000,50,83,42.0000,0.053063
MTDtemp,10000,50,84,42.5000,0.055526
MTDtemp,10000,50,85,43.0000,0.057462
MTDtemp,10000,50,86,43.5000,0.059833
MTDtemp,10000,50,87,44.0000,0.060244
MTDtemp,10000,50,88,44.5000,0.057733
MTDtemp,10000,50,89,45.0000,0.059375
MTDtemp,10000,50,90,45.5000,0.056729
MTDtemp,10000,50,91,46.0000,0.047196
MTDtemp,10000,50,92,46.5000,0.045398
MTDtemp,10000,50,93,47.0000,0.043773
MTDtemp,10000,50,94,47.5000,0.041105
MTDtemp,10000,50,95,48.0000,0.040497
MTDtemp,10000,50,96,48.5000,0.039296
MTDtemp,10000,50,97,49.0000,0.038813
MTDtemp,10000,50,98,49.5000,0.038402
MTDtemp,10000,50,99,50.0000,0.038134
MTDtemp,1000,10,0,0.5000,6.537140
MTDtemp,1000,10,1,1.0000,5.188510
MTDtemp,1000,10,2,1.5000,4.544890
MTDtemp,1000,10,3,2.0000,3.701543
MTDtemp,1000,10,4,2.5000,2.821159
MTDtemp,1000,10,5,3.0000,2.115114
MTDtemp,1000,10,6,3.5000,1.786239
MTDtemp,1000,10,7,4.0000,1.425168
MTDtemp,1000,10,8,4.5000,1.102830
MTDtemp,1000,10,9,5.0000,0.766213
MTDtemp,1000,10,10,5.5000,0.542955
MTDtemp,1000,10,11,6.0000,0.385830
MTDtemp,1000,10,12,6.5000,0.247709
MTDtemp,1000,10,13,7.0000,0.126355
MTDtemp,1000,10,14,7.5000,0.110604
MTDtemp,1000,10,15,8.0000,0.095004
MTDtemp,1000,10,16,8.5000,0.087640
MTDtemp,1000,10,17,9.0000,0.085786
MTDtemp,1000,10,18,9.5000,0.083949
MTDtemp,1000,10,19,10.0000,0.081938
MTDtemp,1000,10,20,10.5000,0.079705
MTDtemp,1000,10,21,11.0000,0.077194
MTDtemp,1000,10,22,11.5000,0.073351
MTDtemp,1000,10,23,12.0000,0.073942
MTDtemp,1000,10,24,12.5000,0.074220
MTDtemp,1000,10,25,13.0000,0.072062
MTDtemp,1000,10,26,13.5000,0.068390
MTDtemp,1000,10,27,14.0000,0.067607
MTDtemp,1000,10,28,14.5000,0.068890
MTDtemp,1000,10,29,15.0000,0.067042
MTDtemp,1000,10,30,15.5000,0.066469
MTDtemp,1000,10,31,16.0000,0.066094
MTDtemp,1000,10,32,16.5000,0.063049
MTDtemp,1000,10,33,17.0000,0.062121
MTDtemp,1000,10,34,17.5000,0.062019
MTDtemp,1000,10,35,18.0000,0.058643
MTDtemp,1000,10,36,18.5000,0.057632
MTDtemp,1000,10,37,19.0000,0.057577
MTDtemp,1000,10,38,19.5000,0.057444
MTDtemp,1000,10,39,20.0000,0.057789
MTDtemp,1000,10,40,20.5000,0.058176
MTDtemp,1000,10,41,21.0000,0.057685
MTDtemp,1000,10,42,21.5000,0.057955
MTDtemp,1000,10,43,22.0000,0.055738
MTDtemp,1000,10,44,22.5000,0.059533
MTDtemp,1000,10,45,23.0000,0.061896
MTDtemp,1000,10,46,23.5000,0.057568
MTDtemp,1000,10,47,24.0000,0.054624
MTDtemp,1000,10,48,24.5000,0.053832
MTDtemp,1000,10,49,25.0000,0.055214
MTDtemp,1000,10,50,25.5000,0.054230
MTDtemp,1000,10,51,26.0000,0.051210
MTDtemp,1000,10,52,26.5000,0.050542
MTDtemp,1000,10,53,27.0000,0.051139
MTDtemp,1000,10,54,27.5000,0.053261
MTDtemp,1000,10,55,28.0000,0.053692
MTDtemp,1000,10,56,28.5000,0.057040
MTDtemp,1000,10,57,29.0000,0.055419
MTDtemp,1000,10,58,29.5000,0.056673
MTDtemp,1000,10,59,30.0000,0.055086
MTDtemp,1000,10,60,30.5000,0.055987
MTDtemp,1000,10,61,31.0000,0.054350
MTDtemp,1000,10,62,31.5000,0.051871
MTDtemp,1000,10,63,32.0000,0.050859
MTDtemp,1000,10,64,32.5000,0.052573
MTDtemp,1000,10,65,33.0000,0.050993
MTDtemp,1000,10,66,33.5000,0.049545
MTDtemp,1000,10,67,34.0000,0.049447
MTDtemp,1000,10,68,34.5000,0.048644
MTDtemp,1000,10,69,35.0000,0.049752
MTDtemp,1000,10,70,35.5000,0.048139
MTDtemp,1000,10,71,36.0000,0.046787
MTDtemp,1000,10,72,36.5000,0.049473
MTDtemp,1000,10,73,37.0000,0.048396
MTDtemp,1000,10,74,37.5000,0.048447
MTDtemp,1000,10,75,38.0000,0.049392
MTDtemp,1000,10,76,38.5000,0.047322
MTDtemp,1000,10,77,39.0000,0.046359
MTDtemp,1000,10,78,39.5000,0.049606
MTDtemp,1000,10,79,40.0000,0.047714
MTDtemp,1000,10,80,40.5000,0.050267
MTDtemp,1000,10,81,41.0000,0.049161
MTDtemp,1000,10,82,41.5000,0.054997
MTDtemp,1000,10,83,42.0000,0.065336
MTDtemp,1000,10,84,42.5000,0.064919
MTDtemp,1000,10,85,43.0000,0.062211
MTDtemp,1000,10,86,43.5000,0.058462
MTDtemp,1000,10,87,44.0000,0.055847
MTDtemp,1000,10,88,44.5000,0.055410
MTDtemp,1000,10,89,45.0000,0.054260
MTDtemp,1000,10,90,45.5000,0.053828
MTDtemp,1000,10,91,46.0000,0.058210
MTDtemp,1000,10,92,46.5000,0.059600
MTDtemp,1000,10,93,47.0000,0.060040
MTDtemp,1000,10,94,47.5000,0.059339
MTDtemp,1000,10,95,48.0000,0.058592
MTDtemp,1000,10,96,48.5000,0.059062
MTDtemp,1000,10,97,49.0000,0.057556
MTDtemp,1000,10,98,49.5000,0.056609
MTDtemp,1000,10,99,50.0000,0.052346
MTDtemp,1000,20,0,0.5000,6.190246
MTDtemp,1000,20,1,1.0000,4.971227
MTDtemp,1000,20,2,1.5000,4.214213
MTDtemp,1000,20,3,2.0000,3.565671
MTDtemp,1000,20,4,2.5000,3.120931
MTDtemp,1000,20,5,3.0000,2.457537
MTDtemp,1000,20,6,3.5000,1.948312
MTDtemp,1000,20,7,4.0000,1.518764
MTDtemp,1000,20,8,4.5000,1.189217
MTDtemp,1000,20,9,5.0000,0.896844
MTDtemp,1000,20,10,5.5000,0.630116
MTDtemp,1000,20,11,6.0000,0.424269
MTDtemp,1000,20,12,6.5000,0.224647
MTDtemp,1000,20,13,7.0000,0.146760
MTDtemp,1000,20,14,7.5000,0.166973
MTDtemp,1000,20,15,8.0000,0.134649
MTDtemp,1000,20,16,8.5000,0.126170
MTDtemp,1000,20,17,9.0000,0.126980
MTDtemp,1000,20,18,9.5000,0.115864
MTDtemp,1000,20,19,10.0000,0.130236
MTDtemp,1000,20,20,10.5000,0.137221
MTDtemp,1000,20,21,11.0000,0.137854
MTDtemp,1000,20,22,11.5000,0.132503
MTDtemp,1000,20,23,12.0000,0.125736
MTDtemp,1000,20,24,12.5000,0.138243
MTDtemp,1000,20,25,13.0000,0.144484
MTDtemp,1000,20,26,13.5000,0.147386
MTDtemp,1000,20,27,14.0000,0.155710
MTDtemp,1000,20,28,14.5000,0.154351
MTDtemp,1000,20,29,15.0000,0.143470
MTDtemp,1000,20,30,15.5000,0.139093
MTDtemp,1000,20,31,16.0000,0.139112
MTDtemp,1000,20,32,16.5000,0.140928
MTDtemp,1000,20,33,17.0000,0.130679
MTDtemp,1000,20,34,17.5000,0.116633
MTDtemp,1000,20,35,18.0000,0.118286
MTDtemp,1000,20,36,18.5000,0.107620
MTDtemp,1000,20,37,19.0000,0.110462
MTDtemp,1000,20,38,19.5000,0.103366
MTDtemp,1000,20,39,20.0000,0.099477
MTDtemp,1000,20,40,20.5000,0.099880
MTDtemp,1000,20,41,21.0000,0.087601
MTDtemp,1000,20,42,21.5000,0.087723
MTDtemp,1000,20,43,22.0000,0.087870
MTDtemp,1000,20,44,22.5000,0.085961
MTDtemp,1000,20,45,23.0000,0.086264
MTDtemp,1000,20,46,23.5000,0.084778
MTDtemp,1000,20,47,24.0000,0.088533
MTDtemp,1000,20,48,24.5000,0.084340
MTDtemp,1000,20,49,25.0000,0.088503
MTDtemp,1000,20,50,25.5000,0.091461
MTDtemp,1000,20,51,26.0000,0.076772
MTDtemp,1000,20,52,26.5000,0.079497
MTDtemp,1000,20,53,27.0000,0.088776
MTDtemp,1000,20,54,27.5000,0.091706
MTDtemp,1000,20,55,28.0000,0.083863
MTDtemp,1000,20,56,28.5000,0.086443
MTDtemp,1000,20,57,29.0000,0.093210
MTDtemp,1000,20,58,29.5000,0.097175
MTDtemp,1000,20,59,30.0000,0.095598
MTDtemp,1000,20,60,30.5000,0.091208
MTDtemp,1000,20,61,31.0000,0.080511
MTDtemp,1000,20,62,31.5000,0.080005
MTDtemp,1000,20,63,32.0000,0.085522
MTDtemp,1000,20,64,32.5000,0.084716
MTDtemp,1000,20,65,33.0000,0.082133
MTDtemp,1000,20,66,33.5000,0.084947
MTDtemp,1000,20,67,34.0000,0.084898
MTDtemp,1000,20,68,34.5000,0.080679
MTDtemp,1000,20,69,35.0000,0.076847
MTDtemp,1000,20,70,35.5000,0.073686
MTDtemp,1000,20,71,36.0000,0.071508
MTDtemp,1000,20,72,36.5000,0.073005
MTDtemp,1000,20,73,37.0000,0.070928
MTDtemp,1000,20,74,37.5000,0.072277
MTDtemp,1000,20,75,38.0000,0.072976
MTDtemp,1000,20,76,38.5000,0.070901
MTDtemp,1000,20,77,39.0000,0.074442
MTDtemp,1000,20,78,39.5000,0.075633
MTDtemp,1000,20,79,40.0000,0.070836
MTDtemp,1000,20,80,40.5000,0.063696
MTDtemp,1000,20,81,41.0000,0.062130
MTDtemp,1000,20,82,41.5000,0.065622
MTDtemp,1000,20,83,42.0000,0.067626
MTDtemp,1000,20,84,42.5000,0.066242
MTDtemp,1000,20,85,43.0000,0.062115
MTDtemp,1000,20,86,43.5000,0.061614
MTDtemp,1000,20,87,44.0000,0.063766
MTDtemp,1000,20,88,44.5000,0.056934
MTDtemp,1000,20,89,45.0000,0.055889
MTDtemp,1000,20,90,45.5000,0.050393
MTDtemp,1000,20,91,46.0000,0.050121
MTDtemp,1000,20,92,46.5000,0.044866
MTDtemp,1000,20,93,47.0000,0.046331
MTDtemp,1000,20,94,47.5000,0.048609
MTDtemp,1000,20,95,48.0000,0.051086
MTDtemp,1000,20,96,48.5000,0.053808
MTDtemp,1000,20,97,49.0000,0.048416
MTDtemp,1000,20,98,49.5000,0.046794
MTDtemp,1000,20,99,50.0000,0.044151
MTDtemp,1000,30,0,0.5000,6.038885
MTDtemp,1000,30,1,1.0000,4.777726
MTDtemp,1000,30,2,1.5000,4.032500
MTDtemp,1000,30,3,2.0000,3.401061
MTDtemp,1000,30,4,2.5000,2.840667
MTDtemp,1000,30,5,3.0000,2.302766
MTDtemp,1000,30,6,3.5000,1.895667
MTDtemp,1000,30,7,4.0000,1.364457
MTDtemp,1000,30,8,4.5000,0.998700
MTDtemp,1000,30,9,5.0000,0.791914
MTDtemp,1000,30,10,5.5000,0.539688
MTDtemp,1000,30,11,6.0000,0.412391
MTDtemp,1000,30,12,6.5000,0.288442
MTDtemp,1000,30,13,7.0000,0.205554
MTDtemp,1000,30,14,7.5000,0.101769
MTDtemp,1000,30,15,8.0000,0.090244
MTDtemp,1000,30,16,8.5000,0.088460
MTDtemp,1000,30,17,9.0000,0.082671
MTDtemp,1000,30,18,9.5000,0.080816
MTDtemp,1000,30,19,10.0000,0.078477
MTDtemp,1000,30,20,10.5000,0.078135
MTDtemp,1000,30,21,11.0000,0.075709
MTDtemp,1000,30,22,11.5000,0.074439
MTDtemp,1000,30,23,12.0000,0.073900
MTDtemp,1000,30,24,12.5000,0.075478
MTDtemp,1000,30,25,13.0000,0.070692
MTDtemp,1000,30,26,13.5000,0.069732
MTDtemp,1000,30,27,14.0000,0.068318
MTDtemp,1000,30,28,14.5000,0.066422
MTDtemp,1000,30,29,15.0000,0.067341
MTDtemp,1000,30,30,15.5000,0.064432
MTDtemp,1000,30,31,16.0000,0.062021
MTDtemp,1000,30,32,16.5000,0.061927
MTDtemp,1000,30,33,17.0000,0.061943
MTDtemp,1000,30,34,17.5000,0.060705
MTDtemp,1000,30,35,18.0000,0.059140
MTDtemp,1000,30,36,18.5000,0.059624
MTDtemp,1000,30,37,19.0000,0.057634
MTDtemp,1000,30,38,19.5000,0.057414
MTDtemp,1000,30,39,20.0000,0.056338
MTDtemp,1000,30,40,20.5000,0.055192
MTDtemp,1000,30,41,21.0000,0.053270
MTDtemp,1000,30,42,21.5000,0.052763
MTDtemp,1000,30,43,22.0000,0.052136
MTDtemp,1000,30,44,22.5000,0.053858
MTDtemp,1000,30,45,23.0000,0.052145
MTDtemp,1000,30,46,23.5000,0.051403
MTDtemp,1000,30,47,24.0000,0.050958
MTDtemp,1000,30,48,24.5000,0.050734
MTDtemp,1000,30,49,25.0000,0.050072
MTDtemp,1000,30,50,25.5000,0.049320
MTDtemp,1000,30,51,26.0000,0.048715
MTDtemp,1000,30,52,26.5000,0.047696
MTDtemp,1000,30,53,27.0000,0.048403
MTDtemp,1000,30,54,27.5000,0.049671
MTDtemp,1000,30,55,28.0000,0.048313
MTDtemp,1000,30,56,28.5000,0.048197
MTDtemp,1000,30,57,29.0000,0.048042
MTDtemp,1000,30,58,29.5000,0.048122
MTDtemp,1000,30,59,30.0000,0.048236
MTDtemp,1000,30,60,30.5000,0.048699
MTDtemp,1000,30,61,31.0000,0.050988
MTDtemp,1000,30,62,31.5000,0.052813
MTDtemp,1000,30,63,32.0000,0.055284
MTDtemp,1000,30,64,32.5000,0.053814
MTDtemp,1000,30,65,33.0000,0.051281
MTDtemp,1000,30,66,33.5000,0.046675
MTDtemp,1000,30,67,34.0000,0.046828
MTDtemp,1000,30,68,34.5000,0.046564
MTDtemp,1000,30,69,35.0000,0.043396
MTDtemp,1000,30,70,35.5000,0.044033
MTDtemp,1000,30,71,36.0000,0.043213
MTDtemp,1000,30,72,36.5000,0.043243
MTDtemp,1000,30,73,37.0000,0.042231
MTDtemp,1000,30,74,37.5000,0.041210
MTDtemp,1000,30,75,38.0000,0.041232
MTDtemp,1000,30,76,38.5000,0.041557
MTDtemp,1000,30,77,39.0000,0.040308
MTDtemp,1000,30,78,39.5000,0.039894
MTDtemp,1000,30,79,40.0000,0.039446
MTDtemp,1000,30,80,40.5000,0.038709
MTDtemp,1000,30,81,41.0000,0.038435
MTDtemp,1000,30,82,41.5000,0.037875
MTDtemp,1000,30,83,42.0000,0.038175
MTDtemp,1000,30,84,42.5000,0.038344
MTDtemp,1000,30,85,43.0000,0.039752
MTDtemp,1000,30,86,43.5000,0.038296
MTDtemp,1000,30,87,44.0000,0.037906
MTDtemp,1000,30,88,44.5000,0.038037
MTDtemp,1000,30,89,45.0000,0.036739
MTDtemp,1000,30,90,45.5000,0.036462
MTDtemp,1000,30,91,46.0000,0.036531
MTDtemp,1000,30,92,46.5000,0.037939
MTDtemp,1000,30,93,47.0000,0.038409
MTDtemp,1000,30,94,47.5000,0.038509
MTDtemp,1000,30,95,48.0000,0.038956
MTDtemp,1000,30,96,48.5000,0.038242
MTDtemp,1000,30,97,49.0000,0.038120
MTDtemp,1000,30,98,49.5000,0.037621
MTDtemp,1000,30,99,50.0000,0.039346
MTDtemp,1000,40,0,0.5000,5.763715
MTDtemp,1000,40,1,1.0000,4.828919
MTDtemp,1000,40,2,1.5000,4.034870
MTDtemp,1000,40,3,2.0000,3.533893
MTDtemp,1000,40,4,2.5000,2.869743
MTDtemp,1000,40,5,3.0000,2.389452
MTDtemp,1000,40,6,3.5000,1.885995
MTDtemp,1000,40,7,4.0000,1.498070
MTDtemp,1000,40,8,4.5000,1.070404
MTDtemp,1000,40,9,5.0000,0.814681
MTDtemp,1000,40,10,5.5000,0.521949
MTDtemp,1000,40,11,6.0000,0.392895
MTDtemp,1000,40,12,6.5000,0.302196
MTDtemp,1000,40,13,7.0000,0.273556
MTDtemp,1000,40,14,7.5000,0.160634
MTDtemp,1000,40,15,8.0000,0.143678
MTDtemp,1000,40,16,8.5000,0.123310
MTDtemp,1000,40,17,9.0000,0.118297
MTDtemp,1000,40,18,9.5000,0.122089
MTDtemp,1000,40,19,10.0000,0.126255
MTDtemp,1000,40,20,10.5000,0.118400
MTDtemp,1000,40,21,11.0000,0.118136
MTDtemp,1000,40,22,11.5000,0.112847
MTDtemp,1000,40,23,12.0000,0.110587
MTDtemp,1000,40,24,12.5000,0.128904
MTDtemp,1000,40,25,13.0000,0.124890
MTDtemp,1000,40,26,13.5000,0.120405
MTDtemp,1000,40,27,14.0000,0.133060
MTDtemp,1000,40,28,14.5000,0.139783
MTDtemp,1000,40,29,15.0000,0.130235
MTDtemp,1000,40,30,15.5000,0.129663
MTDtemp,1000,40,31,16.0000,0.126856
MTDtemp,1000,40,32,16.5000,0.129222
MTDtemp,1000,40,33,17.0000,0.127830
MTDtemp,1000,40,34,17.5000,0.135164
MTDtemp,1000,40,35,18.0000,0.130575
MTDtemp,1000,40,36,18.5000,0.144878
MTDtemp,1000,40,37,19.0000,0.148504
MTDtemp,1000,40,38,19.5000,0.152834
MTDtemp,1000,40,39,20.0000,0.138081
MTDtemp,1000,40,40,20.5000,0.136137
MTDtemp,1000,40,41,21.0000,0.130341
MTDtemp,1000,40,42,21.5000,0.127306
MTDtemp,1000,40,43,22.0000,0.129917
MTDtemp,1000,40,44,22.5000,0.124457
MTDtemp,1000,40,45,23.0000,0.120790
MTDtemp,1000,40,46,23.5000,0.119665
MTDtemp,1000,40,47,24.0000,0.116402
MTDtemp,1000,40,48,24.5000,0.110335
MTDtemp,1000,40,49,25.0000,0.113770
MTDtemp,1000,40,50,25.5000,0.111690
MTDtemp,1000,40,51,26.0000,0.108456
MTDtemp,1000,40,52,26.5000,0.106370
MTDtemp,1000,40,53,27.0000,0.102858
MTDtemp,1000,40,54,27.5000,0.094554
MTDtemp,1000,40,55,28.0000,0.098019
MTDtemp,1000,40,56,28.5000,0.100287
MTDtemp,1000,40,57,29.0000,0.100689
MTDtemp,1000,40,58,29.5000,0.098070
MTDtemp,1000,40,59,30.0000,0.088635
MTDtemp,1000,40,60,30.5000,0.088149
MTDtemp,1000,40,61,31.0000,0.089891
MTDtemp,1000,40,62,31.5000,0.089403
MTDtemp,1000,40,63,32.0000,0.083872
MTDtemp,1000,40,64,32.5000,0.086690
MTDtemp,1000,40,65,33.0000,0.079547
MTDtemp,1000,40,66,33.5000,0.088575
MTDtemp,1000,40,67,34.0000,0.097855
MTDtemp,1000,40,68,34.5000,0.094641
MTDtemp,1000,40,69,35.0000,0.096341
MTDtemp,1000,40,70,35.5000,0.097849
MTDtemp,1000,40,71,36.0000,0.093900
MTDtemp,1000,40,72,36.5000,0.092847
MTDtemp,1000,40,73,37.0000,0.090604
MTDtemp,1000,40,74,37.5000,0.089089
MTDtemp,1000,40,75,38.0000,0.092071
MTDtemp,1000,40,76,38.5000,0.088758
MTDtemp,1000,40,77,39.0000,0.096743
MTDtemp,1000,40,78,39.5000,0.097009
MTDtemp,1000,40,79,40.0000,0.087670
MTDtemp,1000,40,80,40.5000,0.086866
MTDtemp,1000,40,81,41.0000,0.083542
MTDtemp,1000,40,82,41.5000,0.080959
MTDtemp,1000,40,83,42.0000,0.077956
MTDtemp,1000,40,84,42.5000,0.074591
MTDtemp,1000,40,85,43.0000,0.075862
MTDtemp,1000,40,86,43.5000,0.072845
MTDtemp,1000,40,87,44.0000,0.071615
MTDtemp,1000,40,88,44.5000,0.073361
MTDtemp,1000,40,89,45.0000,0.071579
MTDtemp,1000,40,90,45.5000,0.070956
MTDtemp,1000,40,91,46.0000,0.071928
MTDtemp,1000,40,92,46.5000,0.073414
MTDtemp,1000,40,93,47.0000,0.073867
MTDtemp,1000,40,94,47.5000,0.069467
MTDtemp,1000,40,95,48.0000,0.071184
MTDtemp,1000,40,96,48.5000,0.069899
MTDtemp,1000,40,97,49.0000,0.071205
MTDtemp,1000,40,98,49.5000,0.072697
MTDtemp,1000,40,99,50.0000,0.077609
MTDtemp,1000,50,0,0.5000,6.188585
MTDtemp,1000,50,1,1.0000,5.257267
MTDtemp,1000,50,2,1.5000,4.119194
MTDtemp,1000,50,3,2.0000,3.533488
MTDtemp,1000,50,4,2.5000,3.034255
MTDtemp,1000,50,5,3.0000,2.261942
MTDtemp,1000,50,6,3.5000,1.841386
MTDtemp,1000,50,7,4.0000,1.358940
MTDtemp,1000,50,8,4.5000,1.057768
MTDtemp,1000,50,9,5.0000,0.709353
MTDtemp,1000,50,10,5.5000,0.489964
MTDtemp,1000,50,11,6.0000,0.364911
MTDtemp,1000,50,12,6.5000,0.259250
MTDtemp,1000,50,13,7.0000,0.178419
MTDtemp,1000,50,14,7.5000,0.137193
MTDtemp,1000,50,15,8.0000,0.131208
MTDtemp,1000,50,16,8.5000,0.124890
MTDtemp,1000,50,17,9.0000,0.122121
MTDtemp,1000,50,18,9.5000,0.117658
MTDtemp,1000,50,19,10.0000,0.106391
MTDtemp,1000,50,20,10.5000,0.088602
MTDtemp,1000,50,21,11.0000,0.091312
MTDtemp,1000,50,22,11.5000,0.096772
MTDtemp,1000,50,23,12.0000,0.091211
MTDtemp,1000,50,24,12.5000,0.087099
MTDtemp,1000,50,25,13.0000,0.089335
MTDtemp,1000,50,26,13.5000,0.094096
MTDtemp,1000,50,27,14.0000,0.097464
MTDtemp,1000,50,28,14.5000,0.098508
MTDtemp,1000,50,29,15.0000,0.087213
MTDtemp,1000,50,30,15.5000,0.084039
MTDtemp,1000,50,31,16.0000,0.084448
MTDtemp,1000,50,32,16.5000,0.081878
MTDtemp,1000,50,33,17.0000,0.072887
MTDtemp,1000,50,34,17.5000,0.070774
MTDtemp,1000,50,35,18.0000,0.069003
MTDtemp,1000,50,36,18.5000,0.071537
MTDtemp,1000,50,37,19.0000,0.071050
MTDtemp,1000,50,38,19.5000,0.074088
MTDtemp,1000,50,39,20.0000,0.072310
MTDtemp,1000,50,40,20.5000,0.066938
MTDtemp,1000,50,41,21.0000,0.065417
MTDtemp,1000,50,42,21.5000,0.063518
MTDtemp,1000,50,43,22.0000,0.066250
MTDtemp,1000,50,44,22.5000,0.071861
MTDtemp,1000,50,45,23.0000,0.070043
MTDtemp,1000,50,46,23.5000,0.068157
MTDtemp,1000,50,47,24.0000,0.067054
MTDtemp,1000,50,48,24.5000,0.062206
MTDtemp,1000,50,49,25.0000,0.059958
MTDtemp,1000,50,50,25.5000,0.060020
MTDtemp,1000,50,51,26.0000,0.056749
MTDtemp,1000,50,52,26.5000,0.055900
MTDtemp,1000,50,53,27.0000,0.057941
MTDtemp,1000,50,54,27.5000,0.055232
MTDtemp,1000,50,55,28.0000,0.053021
MTDtemp,1000,50,56,28.5000,0.054037
MTDtemp,1000,50,57,29.0000,0.052774
MTDtemp,1000,50,58,29.5000,0.049658
MTDtemp,1000,50,59,30.0000,0.050092
MTDtemp,1000,50,60,30.5000,0.050568
MTDtemp,1000,50,61,31.0000,0.049834
MTDtemp,1000,50,62,31.5000,0.049341
MTDtemp,1000,50,63,32.0000,0.048607
MTDtemp,1000,50,64,32.5000,0.049645
MTDtemp,1000,50,65,33.0000,0.050114
MTDtemp,1000,50,66,33.5000,0.049562
MTDtemp,1000,50,67,34.0000,0.052941
MTDtemp,1000,50,68,34.5000,0.052637
MTDtemp,1000,50,69,35.0000,0.052828
MTDtemp,1000,50,70,35.5000,0.052833
MTDtemp,1000,50,71,36.0000,0.054107
MTDtemp,1000,50,72,36.5000,0.055077
MTDtemp,1000,50,73,37.0000,0.054268
MTDtemp,1000,50,74,37.5000,0.058550
MTDtemp,1000,50,75,38.0000,0.060602
MTDtemp,1000,50,76,38.5000,0.062424
MTDtemp,1000,50,77,39.0000,0.061116
MTDtemp,1000,50,78,39.5000,0.059353
MTDtemp,1000,50,79,40.0000,0.058384
MTDtemp,1000,50,80,40.5000,0.058339
MTDtemp,1000,50,81,41.0000,0.057538
MTDtemp,1000,50,82,41.5000,0.056570
MTDtemp,1000,50,83,42.0000,0.054620
MTDtemp,1000,50,84,42.5000,0.052025
MTDtemp,1000,50,85,43.0000,0.057116
MTDtemp,1000,50,86,43.5000,0.055479
MTDtemp,1000,50,87,44.0000,0.055752
MTDtemp,1000,50,88,44.5000,0.054865
MTDtemp,1000,50,89,45.0000,0.053534
MTDtemp,1000,50,90,45.5000,0.056893
MTDtemp,1000,50,91,46.0000,0.054075
MTDtemp,1000,50,92,46.5000,0.052759
MTDtemp,1000,50,93,47.0000,0.052040
MTDtemp,1000,50,94,47.5000,0.052426
MTDtemp,1000,50,95,48.0000,0.055943
MTDtemp,1000,50,96,48.5000,0.059938
MTDtemp,1000,50,97,49.0000,0.060702
MTDtemp,1000,50,98,49.5000,0.059018
MTDtemp,1000,50,99,50.0000,0.061401
MTDtemp,100,10,0,0.5000,6.244791
MTDtemp,100,10,1,1.0000,5.348013
MTDtemp,100,10,2,1.5000,4.629203
MTDtemp,100,10,3,2.0000,4.254077
MTDtemp,100,10,4,2.5000,3.613949
MTDtemp,100,10,5,3.0000,3.132662
MTDtemp,100,10,6,3.5000,2.784453
MTDtemp,100,10,7,4.0000,2.451652
MTDtemp,100,10,8,4.5000,2.193330
MTDtemp,100,10,9,5.0000,1.845962
MTDtemp,100,10,10,5.5000,1.686118
MTDtemp,100,10,11,6.0000,1.521960
MTDtemp,100,10,12,6.5000,1.176056
MTDtemp,100,10,13,7.0000,0.976920
MTDtemp,100,10,14,7.5000,0.837476
MTDtemp,100,10,15,8.0000,0.634582
MTDtemp,100,10,16,8.5000,0.574309
MTDtemp,100,10,17,9.0000,0.485170
MTDtemp,100,10,18,9.5000,0.366984
MTDtemp,100,10,19,10.0000,0.262273
MTDtemp,100,10,20,10.5000,0.246460
MTDtemp,100,10,21,11.0000,0.139908
MTDtemp,100,10,22,11.5000,0.117349
MTDtemp,100,10,23,12.0000,0.093853
MTDtemp,100,10,24,12.5000,0.080249
MTDtemp,100,10,25,13.0000,0.075569
MTDtemp,100,10,26,13.5000,0.073484
MTDtemp,100,10,27,14.0000,0.074749
MTDtemp,100,10,28,14.5000,0.073309
MTDtemp,100,10,29,15.0000,0.070991
MTDtemp,100,10,30,15.5000,0.070515
MTDtemp,100,10,31,16.0000,0.070592
MTDtemp,100,10,32,16.5000,0.070252
MTDtemp,100,10,33,17.0000,0.067740
MTDtemp,100,10,34,17.5000,0.063925
MTDtemp,100,10,35,18.0000,0.060692
MTDtemp,100,10,36,18.5000,0.059719
MTDtemp,100,10,37,19.0000,0.058772
MTDtemp,100,10,38,19.5000,0.057153
MTDtemp,100,10,39,20.0000,0.055942
MTDtemp,100,10,40,20.5000,0.056251
MTDtemp,100,10,41,21.0000,0.054758
MTDtemp,100,10,42,21.5000,0.053827
MTDtemp,100,10,43,22.0000,0.053310
MTDtemp,100,10,44,22.5000,0.053345
MTDtemp,100,10,45,23.0000,0.054113
MTDtemp,100,10,46,23.5000,0.054134
MTDtemp,100,10,47,24.0000,0.053087
MTDtemp,100,10,48,24.5000,0.053172
MTDtemp,100,10,49,25.0000,0.052650
MTDtemp,100,10,50,25.5000,0.050457
MTDtemp,100,10,51,26.0000,0.052212
MTDtemp,100,10,52,26.5000,0.050836
MTDtemp,100,10,53,27.0000,0.050653
MTDtemp,100,10,54,27.5000,0.049364
MTDtemp,100,10,55,28.0000,0.048601
MTDtemp,100,10,56,28.5000,0.049461
MTDtemp,100,10,57,29.0000,0.049291
MTDtemp,100,10,58,29.5000,0.048554
MTDtemp,100,10,59,30.0000,0.049899
MTDtemp,100,10,60,30.5000,0.049570
MTDtemp,100,10,61,31.0000,0.051378
MTDtemp,100,10,62,31.5000,0.055318
MTDtemp,100,10,63,32.0000,0.058899
MTDtemp,100,10,64,32.5000,0.060591
MTDtemp,100,10,65,33.0000,0.062131
MTDtemp,100,10,66,33.5000,0.065817
MTDtemp,100,10,67,34.0000,0.065919
MTDtemp,100,10,68,34.5000,0.065202
MTDtemp,100,10,69,35.0000,0.067941
MTDtemp,100,10,70,35.5000,0.064573
MTDtemp,100,10,71,36.0000,0.064653
MTDtemp,100,10,72,36.5000,0.062379
MTDtemp,100,10,73,37.0000,0.060190
MTDtemp,100,10,74,37.5000,0.061104
MTDtemp,100,10,75,38.0000,0.063049
MTDtemp,100,10,76,38.5000,0.062523
MTDtemp,100,10,77,39.0000,0.065568
MTDtemp,100,10,78,39.5000,0.065338
MTDtemp,100,10,79,40.0000,0.063342
MTDtemp,100,10,80,40.5000,0.062502
MTDtemp,100,10,81,41.0000,0.063825
MTDtemp,100,10,82,41.5000,0.065725
MTDtemp,100,10,83,42.0000,0.064216
MTDtemp,100,10,84,42.5000,0.060727
MTDtemp,100,10,85,43.0000,0.060949
MTDtemp,100,10,86,43.5000,0.062211
MTDtemp,100,10,87,44.0000,0.061596
MTDtemp,100,10,88,44.5000,0.066416
MTDtemp,100,10,89,45.0000,0.064397
MTDtemp,100,10,90,45.5000,0.058790
MTDtemp,100,10,91,46.0000,0.058349
MTDtemp,100,10,92,46.5000,0.057222
MTDtemp,100,10,93,47.0000,0.055030
MTDtemp,100,10,94,47.5000,0.056792
MTDtemp,100,10,95,48.0000,0.050991
MTDtemp,100,10,96,48.5000,0.047663
MTDtemp,100,10,97,49.0000,0.044181
MTDtemp,100,10,98,49.5000,0.043184
MTDtemp,100,10,99,50.0000,0.046129
MTDtemp,100,20,0,0.5000,6.506147
MTDtemp,100,20,1,1.0000,5.340339
MTDtemp,100,20,2,1.5000,4.735043
MTDtemp,100,20,3,2.0000,4.158908
MTDtemp,100,20,4,2.5000,3.483892
MTDtemp,100,20,5,3.0000,3.147118
MTDtemp,100,20,6,3.5000,2.765944
MTDtemp,100,20,7,4.0000,2.445548
MTDtemp,100,20,8,4.5000,2.020190
MTDtemp,100,20,9,5.0000,1.841104
MTDtemp,100,20,10,5.5000,1.689090
MTDtemp,100,20,11,6.0000,1.500851
MTDtemp,100,20,12,6.5000,1.274983
MTDtemp,100,20,13,7.0000,1.058052
MTDtemp,100,20,14,7.5000,0.896296
MTDtemp,100,20,15,8.0000,0.827088
MTDtemp,100,20,16,8.5000,0.750471
MTDtemp,100,20,17,9.0000,0.546174
MTDtemp,100,20,18,9.5000,0.499639
MTDtemp,100,20,19,10.0000,0.415079
MTDtemp,100,20,20,10.5000,0.317800
MTDtemp,100,20,21,11.0000,0.264806
MTDtemp,100,20,22,11.5000,0.219916
MTDtemp,100,20,23,12.0000,0.174807
MTDtemp,100,20,24,12.5000,0.116736
MTDtemp,100,20,25,13.0000,0.121364
MTDtemp,100,20,26,13.5000,0.088554
MTDtemp,100,20,27,14.0000,0.081865
MTDtemp,100,20,28,14.5000,0.080399
MTDtemp,100,20,29,15.0000,0.081258
MTDtemp,100,20,30,15.5000,0.078158
MTDtemp,100,20,31,16.0000,0.074182
MTDtemp,100,20,32,16.5000,0.072168
MTDtemp,100,20,33,17.0000,0.069020
MTDtemp,100,20,34,17.5000,0.068399
MTDtemp,100,20,35,18.0000,0.066208
MTDtemp,100,20,36,18.5000,0.065976
MTDtemp,100,20,37,19.0000,0.063283
MTDtemp,100,20,38,19.5000,0.060610
MTDtemp,100,20,39,20.0000,0.058862
MTDtemp,100,20,40,20.5000,0.056748
MTDtemp,100,20,41,21.0000,0.055413
MTDtemp,100,20,42,21.5000,0.055098
MTDtemp,100,20,43,22.0000,0.054148
MTDtemp,100,20,44,22.5000,0.053804
MTDtemp,100,20,45,23.0000,0.053088
MTDtemp,100,20,46,23.5000,0.052875
MTDtemp,100,20,47,24.0000,0.053328
MTDtemp,100,20,48,24.5000,0.052966
MTDtemp,100,20,49,25.0000,0.054300
MTDtemp,100,20,50,25.5000,0.055475
MTDtemp,100,20,51,26.0000,0.052525
MTDtemp,100,20,52,26.5000,0.051790
MTDtemp,100,20,53,27.0000,0.052116
MTDtemp,100,20,54,27.5000,0.050219
MTDtemp,100,20,55,28.0000,0.049715
MTDtemp,100,20,56,28.5000,0.049570
MTDtemp,100,20,57,29.0000,0.049212
MTDtemp,100,20,58,29.5000,0.048868
MTDtemp,100,20,59,30.0000,0.048040
MTDtemp,100,20,60,30.5000,0.047695
MTDtemp,100,20,61,31.0000,0.047778
MTDtemp,100,20,62,31.5000,0.046605
MTDtemp,100,20,63,32.0000,0.046795
MTDtemp,100,20,64,32.5000,0.046886
MTDtemp,100,20,65,33.0000,0.049632
MTDtemp,100,20,66,33.5000,0.049176
MTDtemp,100,20,67,34.0000,0.048069
MTDtemp,100,20,68,34.5000,0.047153
MTDtemp,100,20,69,35.0000,0.046518
MTDtemp,100,20,70,35.5000,0.046912
MTDtemp,100,20,71,36.0000,0.045458
MTDtemp,100,20,72,36.5000,0.044480
MTDtemp,100,20,73,37.0000,0.044175
MTDtemp,100,20,74,37.5000,0.045259
MTDtemp,100,20,75,38.0000,0.047600
MTDtemp,100,20,76,38.5000,0.047110
MTDtemp,100,20,77,39.0000,0.045836
MTDtemp,100,20,78,39.5000,0.044518
MTDtemp,100,20,79,40.0000,0.046409
MTDtemp,100,20,80,40.5000,0.048501
MTDtemp,100,20,81,41.0000,0.051515
MTDtemp,100,20,82,41.5000,0.049338
MTDtemp,100,20,83,42.0000,0.048377
MTDtemp,100,20,84,42.5000,0.045731
MTDtemp,100,20,85,43.0000,0.042025
MTDtemp,100,20,86,43.5000,0.042717
MTDtemp,100,20,87,44.0000,0.041486
MTDtemp,100,20,88,44.5000,0.040599
MTDtemp,100,20,89,45.0000,0.039122
MTDtemp,100,20,90,45.5000,0.039149
MTDtemp,100,20,91,46.0000,0.044749
MTDtemp,100,20,92,46.5000,0.043380
MTDtemp,100,20,93,47.0000,0.042449
MTDtemp,100,20,94,47.5000,0.041351
MTDtemp,100,20,95,48.0000,0.041708
MTDtemp,100,20,96,48.5000,0.042960
MTDtemp,100,20,97,49.0000,0.043215
MTDtemp,100,20,98,49.5000,0.040395
MTDtemp,100,20,99,50.0000,0.040424
MTDtemp,100,30,0,0.5000,6.323302
MTDtemp,100,30,1,1.0000,5.443954
MTDtemp,100,30,2,1.5000,4.633223
MTDtemp,100,30,3,2.0000,3.796314
MTDtemp,100,30,4,2.5000,3.366035
MTDtemp,100,30,5,3.0000,2.970589
MTDtemp,100,30,6,3.5000,2.596096
MTDtemp,100,30,7,4.0000,2.307397
MTDtemp,100,30,8,4.5000,2.067655
MTDtemp,100,30,9,5.0000,1.758753
MTDtemp,100,30,10,5.5000,1.594901
MTDtemp,100,30,11,6.0000,1.365904
MTDtemp,100,30,12,6.5000,1.171099
MTDtemp,100,30,13,7.0000,1.006893
MTDtemp,100,30,14,7.5000,0.923069
MTDtemp,100,30,15,8.0000,0.749156
MTDtemp,100,30,16,8.5000,0.693897
MTDtemp,100,30,17,9.0000,0.587907
MTDtemp,100,30,18,9.5000,0.435255
MTDtemp,100,30,19,10.0000,0.368094
MTDtemp,100,30,20,10.5000,0.342844
MTDtemp,100,30,21,11.0000,0.271245
MTDtemp,100,30,22,11.5000,0.211060
MTDtemp,100,30,23,12.0000,0.145063
MTDtemp,100,30,24,12.5000,0.121815
MTDtemp,100,30,25,13.0000,0.117477
MTDtemp,100,30,26,13.5000,0.110668
MTDtemp,100,30,27,14.0000,0.099856
MTDtemp,100,30,28,14.5000,0.092251
MTDtemp,100,30,29,15.0000,0.090127
MTDtemp,100,30,30,15.5000,0.085835
MTDtemp,100,30,31,16.0000,0.082465
MTDtemp,100,30,32,16.5000,0.078952
MTDtemp,100,30,33,17.0000,0.079791
MTDtemp,100,30,34,17.5000,0.076252
MTDtemp,100,30,35,18.0000,0.073704
MTDtemp,100,30,36,18.5000,0.075317
MTDtemp,100,30,37,19.0000,0.081391
MTDtemp,100,30,38,19.5000,0.084698
MTDtemp,100,30,39,20.0000,0.077858
MTDtemp,100,30,40,20.5000,0.067074
MTDtemp,100,30,41,21.0000,0.061757
MTDtemp,100,30,42,21.5000,0.059982
MTDtemp,100,30,43,22.0000,0.059051
MTDtemp,100,30,44,22.5000,0.062873
MTDtemp,100,30,45,23.0000,0.065655
MTDtemp,100,30,46,23.5000,0.064919
MTDtemp,100,30,47,24.0000,0.064694
MTDtemp,100,30,48,24.5000,0.064371
MTDtemp,100,30,49,25.0000,0.060113
MTDtemp,100,30,50,25.5000,0.059196
MTDtemp,100,30,51,26.0000,0.061732
MTDtemp,100,30,52,26.5000,0.062209
MTDtemp,100,30,53,27.0000,0.060337
MTDtemp,100,30,54,27.5000,0.057895
MTDtemp,100,30,55,28.0000,0.062780
MTDtemp,100,30,56,28.5000,0.059514
MTDtemp,100,30,57,29.0000,0.058760
MTDtemp,100,30,58,29.5000,0.060394
MTDtemp,100,30,59,30.0000,0.061045
MTDtemp,100,30,60,30.5000,0.057778
MTDtemp,100,30,61,31.0000,0.059361
MTDtemp,100,30,62,31.5000,0.058376
MTDtemp,100,30,63,32.0000,0.059539
MTDtemp,100,30,64,32.5000,0.058855
MTDtemp,100,30,65,33.0000,0.061030
MTDtemp,100,30,66,33.5000,0.058021
MTDtemp,100,30,67,34.0000,0.057193
MTDtemp,100,30,68,34.5000,0.055811
MTDtemp,100,30,69,35.0000,0.052038
MTDtemp,100,30,70,35.5000,0.050142
MTDtemp,100,30,71,36.0000,0.049310
MTDtemp,100,30,72,36.5000,0.049825
MTDtemp,100,30,73,37.0000,0.047300
MTDtemp,100,30,74,37.5000,0.048748
MTDtemp,100,30,75,38.0000,0.048428
MTDtemp,100,30,76,38.5000,0.052861
MTDtemp,100,30,77,39.0000,0.055888
MTDtemp,100,30,78,39.5000,0.056458
MTDtemp,100,30,79,40.0000,0.058627
MTDtemp,100,30,80,40.5000,0.055934
MTDtemp,100,30,81,41.0000,0.054846
MTDtemp,100,30,82,41.5000,0.049076
MTDtemp,100,30,83,42.0000,0.049074
MTDtemp,100,30,84,42.5000,0.050347
MTDtemp,100,30,85,43.0000,0.049978
MTDtemp,100,30,86,43.5000,0.047851
MTDtemp,100,30,87,44.0000,0.047190
MTDtemp,100,30,88,44.5000,0.052009
MTDtemp,100,30,89,45.0000,0.053356
MTDtemp,100,30,90,45.5000,0.050923
MTDtemp,100,30,91,46.0000,0.048985
MTDtemp,100,30,92,46.5000,0.049087
MTDtemp,100,30,93,47.0000,0.048687
MTDtemp,100,30,94,47.5000,0.047794
MTDtemp,100,30,95,48.0000,0.048312
MTDtemp,100,30,96,48.5000,0.046174
MTDtemp,100,30,97,49.0000,0.043234
MTDtemp,100,30,98,49.5000,0.043630
MTDtemp,100,30,99,50.0000,0.043062
MTDtemp,100,40,0,0.5000,6.363560
MTDtemp,100,40,1,1.0000,5.525410
MTDtemp,100,40,2,1.5000,4.721605
MTDtemp,100,40,3,2.0000,4.390555
MTDtemp,100,40,4,2.5000,3.949931
MTDtemp,100,40,5,3.0000,3.334127
MTDtemp,100,40,6,3.5000,2.858128
MTDtemp,100,40,7,4.0000,2.421975
MTDtemp,100,40,8,4.5000,2.227387
MTDtemp,100,40,9,5.0000,1.915031
MTDtemp,100,40,10,5.5000,1.703532
MTDtemp,100,40,11,6.0000,1.553220
MTDtemp,100,40,12,6.5000,1.336677
MTDtemp,100,40,13,7.0000,1.106028
MTDtemp,100,40,14,7.5000,1.041660
MTDtemp,100,40,15,8.0000,0.948587
MTDtemp,100,40,16,8.5000,0.716654
MTDtemp,100,40,17,9.0000,0.640088
MTDtemp,100,40,18,9.5000,0.555443
MTDtemp,100,40,19,10.0000,0.508001
MTDtemp,100,40,20,10.5000,0.385762
MTDtemp,100,40,21,11.0000,0.338232
MTDtemp,100,40,22,11.5000,0.287704
MTDtemp,100,40,23,12.0000,0.230396
MTDtemp,100,40,24,12.5000,0.204496
MTDtemp,100,40,25,13.0000,0.133687
MTDtemp,100,40,26,13.5000,0.109922
MTDtemp,100,40,27,14.0000,0.096290
MTDtemp,100,40,28,14.5000,0.093217
MTDtemp,100,40,29,15.0000,0.088472
MTDtemp,100,40,30,15.5000,0.083113
MTDtemp,100,40,31,16.0000,0.081500
MTDtemp,100,40,32,16.5000,0.081299
MTDtemp,100,40,33,17.0000,0.077646
MTDtemp,100,40,34,17.5000,0.078634
MTDtemp,100,40,35,18.0000,0.076327
MTDtemp,100,40,36,18.5000,0.068338
MTDtemp,100,40,37,19.0000,0.067752
MTDtemp,100,40,38,19.5000,0.064520
MTDtemp,100,40,39,20.0000,0.070119
MTDtemp,100,40,40,20.5000,0.066738
MTDtemp,100,40,41,21.0000,0.067547
MTDtemp,100,40,42,21.5000,0.065612
MTDtemp,100,40,43,22.0000,0.062540
MTDtemp,100,40,44,22.5000,0.061326
MTDtemp,100,40,45,23.0000,0.060015
MTDtemp,100,40,46,23.5000,0.063039
MTDtemp,100,40,47,24.0000,0.067815
MTDtemp,100,40,48,24.5000,0.063990
MTDtemp,100,40,49,25.0000,0.066713
MTDtemp,100,40,50,25.5000,0.067817
MTDtemp,100,40,51,26.0000,0.066560
MTDtemp,100,40,52,26.5000,0.060836
MTDtemp,100,40,53,27.0000,0.063495
MTDtemp,100,40,54,27.5000,0.061194
MTDtemp,100,40,55,28.0000,0.062936
MTDtemp,100,40,56,28.5000,0.062294
MTDtemp,100,40,57,29.0000,0.064927
MTDtemp,100,40,58,29.5000,0.063264
MTDtemp,100,40,59,30.0000,0.059032
MTDtemp,100,40,60,30.5000,0.058561
MTDtemp,100,40,61,31.0000,0.061198
MTDtemp,100,40,62,31.5000,0.062119
MTDtemp,100,40,63,32.0000,0.058612
MTDtemp,100,40,64,32.5000,0.060799
MTDtemp,100,40,65,33.0000,0.058016
MTDtemp,100,40,66,33.5000,0.056551
MTDtemp,100,40,67,34.0000,0.053123
MTDtemp,100,40,68,34.5000,0.052762
MTDtemp,100,40,69,35.0000,0.052711
MTDtemp,100,40,70,35.5000,0.050414
MTDtemp,100,40,71,36.0000,0.048078
MTDtemp,100,40,72,36.5000,0.045858
MTDtemp,100,40,73,37.0000,0.044377
MTDtemp,100,40,74,37.5000,0.043952
MTDtemp,100,40,75,38.0000,0.043379
MTDtemp,100,40,76,38.5000,0.043109
MTDtemp,100,40,77,39.0000,0.042994
MTDtemp,100,40,78,39.5000,0.043488
MTDtemp,100,40,79,40.0000,0.042364
MTDtemp,100,40,80,40.5000,0.042013
MTDtemp,100,40,81,41.0000,0.041797
MTDtemp,100,40,82,41.5000,0.041583
MTDtemp,100,40,83,42.0000,0.041007
MTDtemp,100,40,84,42.5000,0.040350
MTDtemp,100,40,85,43.0000,0.040596
MTDtemp,100,40,86,43.5000,0.042093
MTDtemp,100,40,87,44.0000,0.041287
MTDtemp,100,40,88,44.5000,0.041259
MTDtemp,100,40,89,45.0000,0.040295
MTDtemp,100,40,90,45.5000,0.039271
MTDtemp,100,40,91,46.0000,0.038855
MTDtemp,100,40,92,46.5000,0.039542
MTDtemp,100,40,93,47.0000,0.038845
MTDtemp,100,40,94,47.5000,0.038872
MTDtemp,100,40,95,48.0000,0.040426
MTDtemp,100,40,96,48.5000,0.039476
MTDtemp,100,40,97,49.0000,0.038750
MTDtemp,100,40,98,49.5000,0.038174
MTDtemp,100,40,99,50.0000,0.037581
MTDtemp,100,50,0,0.5000,6.092696
MTDtemp,100,50,1,1.0000,5.102638
MTDtemp,100,50,2,1.5000,4.557245
MTDtemp,100,50,3,2.0000,3.715502
MTDtemp,100,50,4,2.5000,3.280090
MTDtemp,100,50,5,3.0000,2.785170
MTDtemp,100,50,6,3.5000,2.419360
MTDtemp,100,50,7,4.0000,2.236276
MTDtemp,100,50,8,4.5000,1.996844
MTDtemp,100,50,9,5.0000,1.745925
MTDtemp,100,50,10,5.5000,1.598290
MTDtemp,100,50,11,6.0000,1.478354
MTDtemp,100,50,12,6.5000,1.249092
MTDtemp,100,50,13,7.0000,1.064623
MTDtemp,100,50,14,7.5000,0.981976
MTDtemp,100,50,15,8.0000,0.840510
MTDtemp,100,50,16,8.5000,0.690478
MTDtemp,100,50,17,9.0000,0.545635
MTDtemp,100,50,18,9.5000,0.481383
MTDtemp,100,50,19,10.0000,0.403296
MTDtemp,100,50,20,10.5000,0.338135
MTDtemp,100,50,21,11.0000,0.213122
MTDtemp,100,50,22,11.5000,0.168435
MTDtemp,100,50,23,12.0000,0.138562
MTDtemp,100,50,24,12.5000,0.129688
MTDtemp,100,50,25,13.0000,0.101032
MTDtemp,100,50,26,13.5000,0.103314
MTDtemp,100,50,27,14.0000,0.088438
MTDtemp,100,50,28,14.5000,0.084173
MTDtemp,100,50,29,15.0000,0.086719
MTDtemp,100,50,30,15.5000,0.088703
MTDtemp,100,50,31,16.0000,0.084216
MTDtemp,100,50,32,16.5000,0.076347
MTDtemp,100,50,33,17.0000,0.073618
MTDtemp,100,50,34,17.5000,0.073264
MTDtemp,100,50,35,18.0000,0.069462
MTDtemp,100,50,36,18.5000,0.070018
MTDtemp,100,50,37,19.0000,0.074788
MTDtemp,100,50,38,19.5000,0.068647
MTDtemp,100,50,39,20.0000,0.065808
MTDtemp,100,50,40,20.5000,0.066533
MTDtemp,100,50,41,21.0000,0.067656
MTDtemp,100,50,42,21.5000,0.065785
MTDtemp,100,50,43,22.0000,0.063703
MTDtemp,100,50,44,22.5000,0.062188
MTDtemp,100,50,45,23.0000,0.063661
MTDtemp,100,50,46,23.5000,0.064639
MTDtemp,100,50,47,24.0000,0.063649
MTDtemp,100,50,48,24.5000,0.062153
MTDtemp,100,50,49,25.0000,0.063670
MTDtemp,100,50,50,25.5000,0.063721
MTDtemp,100,50,51,26.0000,0.062650
MTDtemp,100,50,52,26.5000,0.063404
MTDtemp,100,50,53,27.0000,0.062427
MTDtemp,100,50,54,27.5000,0.065314
MTDtemp,100,50,55,28.0000,0.063229
MTDtemp,100,50,56,28.5000,0.059613
MTDtemp,100,50,57,29.0000,0.060987
MTDtemp,100,50,58,29.5000,0.060914
MTDtemp,100,50,59,30.0000,0.065220
MTDtemp,100,50,60,30.5000,0.066157
MTDtemp,100,50,61,31.0000,0.065086
MTDtemp,100,50,62,31.5000,0.065595
MTDtemp,100,50,63,32.0000,0.066752
MTDtemp,100,50,64,32.5000,0.067983
MTDtemp,100,50,65,33.0000,0.066196
MTDtemp,100,50,66,33.5000,0.065558
MTDtemp,100,50,67,34.0000,0.064238
MTDtemp,100,50,68,34.5000,0.065336
MTDtemp,100,50,69,35.0000,0.066125
MTDtemp,100,50,70,35.5000,0.064097
MTDtemp,100,50,71,36.0000,0.057501
MTDtemp,100,50,72,36.5000,0.049731
MTDtemp,100,50,73,37.0000,0.052485
MTDtemp,100,50,74,37.5000,0.049799
MTDtemp,100,50,75,38.0000,0.049613
MTDtemp,100,50,76,38.5000,0.051245
MTDtemp,100,50,77,39.0000,0.049277
MTDtemp,100,50,78,39.5000,0.048778
MTDtemp,100,50,79,40.0000,0.049697
MTDtemp,100,50,80,40.5000,0.048903
MTDtemp,100,50,81,41.0000,0.048582
MTDtemp,100,50,82,41.5000,0.047968
MTDtemp,100,50,83,42.0000,0.048756
MTDtemp,100,50,84,42.5000,0.047098
MTDtemp,100,50,85,43.0000,0.047658
MTDtemp,100,50,86,43.5000,0.047798
MTDtemp,100,50,87,44.0000,0.050730
MTDtemp,100,50,88,44.5000,0.053103
MTDtemp,100,50,89,45.0000,0.052028
MTDtemp,100,50,90,45.5000,0.050819
MTDtemp,100,50,91,46.0000,0.050256
MTDtemp,100,50,92,46.5000,0.050195
MTDtemp,100,50,93,47.0000,0.050676
MTDtemp,100,50,94,47.5000,0.051123
MTDtemp,100,50,95,48.0000,0.052104
MTDtemp,100,50,96,48.5000,0.052574
MTDtemp,100,50,97,49.0000,0.053892
MTDtemp,100,50,98,49.5000,0.051160
MTDtemp,100,50,99,50.0000,0.051682
MTDtemp,3000,10,0,0.5000,6.347437
MTDtemp,3000,10,1,1.0000,5.016923
MTDtemp,3000,10,2,1.5000,4.252095
MTDtemp,3000,10,3,2.0000,3.412630
MTDtemp,3000,10,4,2.5000,2.759100
MTDtemp,3000,10,5,3.0000,2.223343
MTDtemp,3000,10,6,3.5000,1.718346
MTDtemp,3000,10,7,4.0000,1.415306
MTDtemp,3000,10,8,4.5000,1.068344
MTDtemp,3000,10,9,5.0000,0.714070
MTDtemp,3000,10,10,5.5000,0.471143
MTDtemp,3000,10,11,6.0000,0.279408
MTDtemp,3000,10,12,6.5000,0.172241
MTDtemp,3000,10,13,7.0000,0.141366
MTDtemp,3000,10,14,7.5000,0.136778
MTDtemp,3000,10,15,8.0000,0.131657
MTDtemp,3000,10,16,8.5000,0.138275
MTDtemp,3000,10,17,9.0000,0.148166
MTDtemp,3000,10,18,9.5000,0.121221
MTDtemp,3000,10,19,10.0000,0.110246
MTDtemp,3000,10,20,10.5000,0.101947
MTDtemp,3000,10,21,11.0000,0.098979
MTDtemp,3000,10,22,11.5000,0.088767
MTDtemp,3000,10,23,12.0000,0.084358
MTDtemp,3000,10,24,12.5000,0.095173
MTDtemp,3000,10,25,13.0000,0.100500
MTDtemp,3000,10,26,13.5000,0.096079
MTDtemp,3000,10,27,14.0000,0.089918
MTDtemp,3000,10,28,14.5000,0.088882
MTDtemp,3000,10,29,15.0000,0.082332
MTDtemp,3000,10,30,15.5000,0.079253
MTDtemp,3000,10,31,16.0000,0.077558
MTDtemp,3000,10,32,16.5000,0.076645
MTDtemp,3000,10,33,17.0000,0.081097
MTDtemp,3000,10,34,17.5000,0.080845
MTDtemp,3000,10,35,18.0000,0.086002
MTDtemp,3000,10,36,18.5000,0.085417
MTDtemp,3000,10,37,19.0000,0.088154
MTDtemp,3000,10,38,19.5000,0.088920
MTDtemp,3000,10,39,20.0000,0.082979
MTDtemp,3000,10,40,20.5000,0.082759
MTDtemp,3000,10,41,21.0000,0.072640
MTDtemp,3000,10,42,21.5000,0.072341
MTDtemp,3000,10,43,22.0000,0.067348
MTDtemp,3000,10,44,22.5000,0.067460
MTDtemp,3000,10,45,23.0000,0.065593
MTDtemp,3000,10,46,23.5000,0.059677
MTDtemp,3000,10,47,24.0000,0.059505
MTDtemp,3000,10,48,24.5000,0.061278
MTDtemp,3000,10,49,25.0000,0.065449
MTDtemp,3000,10,50,25.5000,0.060502
MTDtemp,3000,10,51,26.0000,0.058602
MTDtemp,3000,10,52,26.5000,0.061859
MTDtemp,3000,10,53,27.0000,0.066098
MTDtemp,3000,10,54,27.5000,0.061108
MTDtemp,3000,10,55,28.0000,0.060942
MTDtemp,3000,10,56,28.5000,0.063885
MTDtemp,3000,10,57,29.0000,0.064904
MTDtemp,3000,10,58,29.5000,0.059089
MTDtemp,3000,10,59,30.0000,0.066299
MTDtemp,3000,10,60,30.5000,0.063706
MTDtemp,3000,10,61,31.0000,0.063026
MTDtemp,3000,10,62,31.5000,0.063072
MTDtemp,3000,10,63,32.0000,0.061968
MTDtemp,3000,10,64,32.5000,0.061557
MTDtemp,3000,10,65,33.0000,0.063300
MTDtemp,3000,10,66,33.5000,0.062951
MTDtemp,3000,10,67,34.0000,0.055215
MTDtemp,3000,10,68,34.5000,0.057069
MTDtemp,3000,10,69,35.0000,0.056091
MTDtemp,3000,10,70,35.5000,0.051462
MTDtemp,3000,10,71,36.0000,0.047710
MTDtemp,3000,10,72,36.5000,0.046570
MTDtemp,3000,10,73,37.0000,0.046189
MTDtemp,3000,10,74,37.5000,0.044269
MTDtemp,3000,10,75,38.0000,0.043428
MTDtemp,3000,10,76,38.5000,0.042553
MTDtemp,3000,10,77,39.0000,0.042761
MTDtemp,3000,10,78,39.5000,0.041870
MTDtemp,3000,10,79,40.0000,0.041647
MTDtemp,3000,10,80,40.5000,0.040829
MTDtemp,3000,10,81,41.0000,0.040627
MTDtemp,3000,10,82,41.5000,0.040411
MTDtemp,3000,10,83,42.0000,0.039809
MTDtemp,3000,10,84,42.5000,0.039551
MTDtemp,3000,10,85,43.0000,0.039433
MTDtemp,3000,10,86,43.5000,0.039259
MTDtemp,3000,10,87,44.0000,0.040088
MTDtemp,3000,10,88,44.5000,0.039608
MTDtemp,3000,10,89,45.0000,0.039902
MTDtemp,3000,10,90,45.5000,0.039460
MTDtemp,3000,10,91,46.0000,0.038740
MTDtemp,3000,10,92,46.5000,0.038521
MTDtemp,3000,10,93,47.0000,0.038118
MTDtemp,3000,10,94,47.5000,0.038024
MTDtemp,3000,10,95,48.0000,0.038052
MTDtemp,3000,10,96,48.5000,0.037481
MTDtemp,3000,10,97,49.0000,0.038041
MTDtemp,3000,10,98,49.5000,0.037959
MTDtemp,3000,10,99,50.0000,0.037997
MTDtemp,3000,20,0,0.5000,6.326612
MTDtemp,3000,20,1,1.0000,4.884104
MTDtemp,3000,20,2,1.5000,3.889974
MTDtemp,3000,20,3,2.0000,3.205926
MTDtemp,3000,20,4,2.5000,2.651459
MTDtemp,3000,20,5,3.0000,2.176704
MTDtemp,3000,20,6,3.5000,1.697017
MTDtemp,3000,20,7,4.0000,1.192251
MTDtemp,3000,20,8,4.5000,0.916827
MTDtemp,3000,20,9,5.0000,0.626234
MTDtemp,3000,20,10,5.5000,0.466555
MTDtemp,3000,20,11,6.0000,0.345056
MTDtemp,3000,20,12,6.5000,0.165003
MTDtemp,3000,20,13,7.0000,0.099740
MTDtemp,3000,20,14,7.5000,0.094112
MTDtemp,3000,20,15,8.0000,0.089526
MTDtemp,3000,20,16,8.5000,0.090670
MTDtemp,3000,20,17,9.0000,0.091864
MTDtemp,3000,20,18,9.5000,0.094653
MTDtemp,3000,20,19,10.0000,0.095291
MTDtemp,3000,20,20,10.5000,0.083737
MTDtemp,3000,20,21,11.0000,0.083309
MTDtemp,3000,20,22,11.5000,0.089084
MTDtemp,3000,20,23,12.0000,0.081450
MTDtemp,3000,20,24,12.5000,0.070987
MTDtemp,3000,20,25,13.0000,0.068733
MTDtemp,3000,20,26,13.5000,0.068877
MTDtemp,3000,20,27,14.0000,0.067397
MTDtemp,3000,20,28,14.5000,0.068803
MTDtemp,3000,20,29,15.0000,0.071797
MTDtemp,3000,20,30,15.5000,0.064454
MTDtemp,3000,20,31,16.0000,0.064751
MTDtemp,3000,20,32,16.5000,0.063956
MTDtemp,3000,20,33,17.0000,0.061155
MTDtemp,3000,20,34,17.5000,0.060834
MTDtemp,3000,20,35,18.0000,0.063364
MTDtemp,3000,20,36,18.5000,0.061130
MTDtemp,3000,20,37,19.0000,0.065508
MTDtemp,3000,20,38,19.5000,0.065592
MTDtemp,3000,20,39,20.0000,0.062287
MTDtemp,3000,20,40,20.5000,0.063819
MTDtemp,3000,20,41,21.0000,0.065937
MTDtemp,3000,20,42,21.5000,0.067035
MTDtemp,3000,20,43,22.0000,0.066876
MTDtemp,3000,20,44,22.5000,0.069908
MTDtemp,3000,20,45,23.0000,0.072162
MTDtemp,3000,20,46,23.5000,0.070425
MTDtemp,3000,20,47,24.0000,0.071953
MTDtemp,3000,20,48,24.5000,0.073097
MTDtemp,3000,20,49,25.0000,0.067999
MTDtemp,3000,20,50,25.5000,0.066778
MTDtemp,3000,20,51,26.0000,0.074162
MTDtemp,3000,20,52,26.5000,0.076606
MTDtemp,3000,20,53,27.0000,0.074320
MTDtemp,3000,20,54,27.5000,0.072303
MTDtemp,3000,20,55,28.0000,0.072676
MTDtemp,3000,20,56,28.5000,0.072551
MTDtemp,3000,20,57,29.0000,0.071446
MTDtemp,3000,20,58,29.5000,0.067743
MTDtemp,3000,20,59,30.0000,0.072485
MTDtemp,3000,20,60,30.5000,0.076879
MTDtemp,3000,20,61,31.0000,0.081579
MTDtemp,3000,20,62,31.5000,0.080719
MTDtemp,3000,20,63,32.0000,0.092023
MTDtemp,3000,20,64,32.5000,0.089780
MTDtemp,3000,20,65,33.0000,0.093980
MTDtemp,3000,20,66,33.5000,0.097940
MTDtemp,3000,20,67,34.0000,0.101870
MTDtemp,3000,20,68,34.5000,0.100161
MTDtemp,3000,20,69,35.0000,0.099272
MTDtemp,3000,20,70,35.5000,0.099663
MTDtemp,3000,20,71,36.0000,0.098134
MTDtemp,3000,20,72,36.5000,0.103229
MTDtemp,3000,20,73,37.0000,0.101130
MTDtemp,3000,20,74,37.5000,0.100542
MTDtemp,3000,20,75,38.0000,0.102270
MTDtemp,3000,20,76,38.5000,0.102645
MTDtemp,3000,20,77,39.0000,0.098637
MTDtemp,3000,20,78,39.5000,0.093942
MTDtemp,3000,20,79,40.0000,0.092818
MTDtemp,3000,20,80,40.5000,0.090289
MTDtemp,3000,20,81,41.0000,0.089533
MTDtemp,3000,20,82,41.5000,0.085374
MTDtemp,3000,20,83,42.0000,0.083289
MTDtemp,3000,20,84,42.5000,0.088480
MTDtemp,3000,20,85,43.0000,0.087992
MTDtemp,3000,20,86,43.5000,0.087192
MTDtemp,3000,20,87,44.0000,0.084780
MTDtemp,3000,20,88,44.5000,0.082417
MTDtemp,3000,20,89,45.0000,0.080536
MTDtemp,3000,20,90,45.5000,0.080558
MTDtemp,3000,20,91,46.0000,0.082895
MTDtemp,3000,20,92,46.5000,0.087143
MTDtemp,3000,20,93,47.0000,0.084082
MTDtemp,3000,20,94,47.5000,0.082895
MTDtemp,3000,20,95,48.0000,0.086030
MTDtemp,3000,20,96,48.5000,0.083341
MTDtemp,3000,20,97,49.0000,0.073524
MTDtemp,3000,20,98,49.5000,0.070096
MTDtemp,3000,20,99,50.0000,0.068903
MTDtemp,3000,30,0,0.5000,5.920856
MTDtemp,3000,30,1,1.0000,4.730861
MTDtemp,3000,30,2,1.5000,3.976786
MTDtemp,3000,30,3,2.0000,3.418843
MTDtemp,3000,30,4,2.5000,2.672577
MTDtemp,3000,30,5,3.0000,2.196156
MTDtemp,3000,30,6,3.5000,1.758488
MTDtemp,3000,30,7,4.0000,1.338034
MTDtemp,3000,30,8,4.5000,0.964649
MTDtemp,3000,30,9,5.0000,0.659374
MTDtemp,3000,30,10,5.5000,0.512705
MTDtemp,3000,30,11,6.0000,0.286441
MTDtemp,3000,30,12,6.5000,0.126854
MTDtemp,3000,30,13,7.0000,0.103548
MTDtemp,3000,30,14,7.5000,0.111890
MTDtemp,3000,30,15,8.0000,0.112017
MTDtemp,3000,30,16,8.5000,0.103935
MTDtemp,3000,30,17,9.0000,0.106551
MTDtemp,3000,30,18,9.5000,0.104086
MTDtemp,3000,30,19,10.0000,0.102177
MTDtemp,3000,30,20,10.5000,0.093901
MTDtemp,3000,30,21,11.0000,0.118664
MTDtemp,3000,30,22,11.5000,0.116264
MTDtemp,3000,30,23,12.0000,0.114806
MTDtemp,3000,30,24,12.5000,0.115126
MTDtemp,3000,30,25,13.0000,0.123644
MTDtemp,3000,30,26,13.5000,0.122275
MTDtemp,3000,30,27,14.0000,0.117927
MTDtemp,3000,30,28,14.5000,0.113303
MTDtemp,3000,30,29,15.0000,0.105108
MTDtemp,3000,30,30,15.5000,0.097829
MTDtemp,3000,30,31,16.0000,0.088751
MTDtemp,3000,30,32,16.5000,0.081699
MTDtemp,3000,30,33,17.0000,0.081855
MTDtemp,3000,30,34,17.5000,0.082053
MTDtemp,3000,30,35,18.0000,0.084478
MTDtemp,3000,30,36,18.5000,0.087607
MTDtemp,3000,30,37,19.0000,0.085510
MTDtemp,3000,30,38,19.5000,0.070278
MTDtemp,3000,30,39,20.0000,0.068834
MTDtemp,3000,30,40,20.5000,0.068222
MTDtemp,3000,30,41,21.0000,0.062487
MTDtemp,3000,30,42,21.5000,0.061283
MTDtemp,3000,30,43,22.0000,0.062543
MTDtemp,3000,30,44,22.5000,0.061411
MTDtemp,3000,30,45,23.0000,0.058503
MTDtemp,3000,30,46,23.5000,0.061480
MTDtemp,3000,30,47,24.0000,0.054791
MTDtemp,3000,30,48,24.5000,0.052692
MTDtemp,3000,30,49,25.0000,0.052127
MTDtemp,3000,30,50,25.5000,0.052896
MTDtemp,3000,30,51,26.0000,0.051299
MTDtemp,3000,30,52,26.5000,0.048997
MTDtemp,3000,30,53,27.0000,0.047881
MTDtemp,3000,30,54,27.5000,0.046987
MTDtemp,3000,30,55,28.0000,0.049709
MTDtemp,3000,30,56,28.5000,0.053000
MTDtemp,3000,30,57,29.0000,0.049847
MTDtemp,3000,30,58,29.5000,0.049502
MTDtemp,3000,30,59,30.0000,0.050602
MTDtemp,3000,30,60,30.5000,0.050657
MTDtemp,3000,30,61,31.0000,0.047524
MTDtemp,3000,30,62,31.5000,0.045810
MTDtemp,3000,30,63,32.0000,0.045288
MTDtemp,3000,30,64,32.5000,0.046117
MTDtemp,3000,30,65,33.0000,0.047936
MTDtemp,3000,30,66,33.5000,0.047047
MTDtemp,3000,30,67,34.0000,0.047028
MTDtemp,3000,30,68,34.5000,0.048951
MTDtemp,3000,30,69,35.0000,0.048899
MTDtemp,3000,30,70,35.5000,0.048348
MTDtemp,3000,30,71,36.0000,0.047062
MTDtemp,3000,30,72,36.5000,0.048769
MTDtemp,3000,30,73,37.0000,0.047205
MTDtemp,3000,30,74,37.5000,0.050390
MTDtemp,3000,30,75,38.0000,0.047008
MTDtemp,3000,30,76,38.5000,0.047097
MTDtemp,3000,30,77,39.0000,0.049307
MTDtemp,3000,30,78,39.5000,0.051274
MTDtemp,3000,30,79,40.0000,0.050074
MTDtemp,3000,30,80,40.5000,0.048136
MTDtemp,3000,30,81,41.0000,0.046532
MTDtemp,3000,30,82,41.5000,0.043141
MTDtemp,3000,30,83,42.0000,0.041307
MTDtemp,3000,30,84,42.5000,0.041935
MTDtemp,3000,30,85,43.0000,0.041193
MTDtemp,3000,30,86,43.5000,0.039866
MTDtemp,3000,30,87,44.0000,0.040193
MTDtemp,3000,30,88,44.5000,0.041471
MTDtemp,3000,30,89,45.0000,0.040713
MTDtemp,3000,30,90,45.5000,0.038814
MTDtemp,3000,30,91,46.0000,0.039413
MTDtemp,3000,30,92,46.5000,0.038574
MTDtemp,3000,30,93,47.0000,0.037719
MTDtemp,3000,30,94,47.5000,0.037037
MTDtemp,3000,30,95,48.0000,0.037141
MTDtemp,3000,30,96,48.5000,0.036481
MTDtemp,3000,30,97,49.0000,0.035798
MTDtemp,3000,30,98,49.5000,0.035582
MTDtemp,3000,30,99,50.0000,0.035395
MTDtemp,3000,40,0,0.5000,6.321505
MTDtemp,3000,40,1,1.0000,4.912208
MTDtemp,3000,40,2,1.5000,4.276390
MTDtemp,3000,40,3,2.0000,3.488171
MTDtemp,3000,40,4,2.5000,2.757678
MTDtemp,3000,40,5,3.0000,2.092443
MTDtemp,3000,40,6,3.5000,1.701494
MTDtemp,3000,40,7,4.0000,1.303387
MTDtemp,3000,40,8,4.5000,0.996738
MTDtemp,3000,40,9,5.0000,0.674136
MTDtemp,3000,40,10,5.5000,0.454769
MTDtemp,3000,40,11,6.0000,0.250495
MTDtemp,3000,40,12,6.5000,0.165935
MTDtemp,3000,40,13,7.0000,0.108855
MTDtemp,3000,40,14,7.5000,0.096543
MTDtemp,3000,40,15,8.0000,0.090091
MTDtemp,3000,40,16,8.5000,0.091419
MTDtemp,3000,40,17,9.0000,0.085576
MTDtemp,3000,40,18,9.5000,0.083128
MTDtemp,3000,40,19,10.0000,0.102098
MTDtemp,3000,40,20,10.5000,0.092166
MTDtemp,3000,40,21,11.0000,0.093026
MTDtemp,3000,40,22,11.5000,0.083862
MTDtemp,3000,40,23,12.0000,0.088686
MTDtemp,3000,40,24,12.5000,0.087678
MTDtemp,3000,40,25,13.0000,0.106602
MTDtemp,3000,40,26,13.5000,0.108356
MTDtemp,3000,40,27,14.0000,0.113895
MTDtemp,3000,40,28,14.5000,0.094082
MTDtemp,3000,40,29,15.0000,0.090237
MTDtemp,3000,40,30,15.5000,0.087435
MTDtemp,3000,40,31,16.0000,0.078182
MTDtemp,3000,40,32,16.5000,0.076419
MTDtemp,3000,40,33,17.0000,0.073004
MTDtemp,3000,40,34,17.5000,0.078455
MTDtemp,3000,40,35,18.0000,0.080691
MTDtemp,3000,40,36,18.5000,0.076912
MTDtemp,3000,40,37,19.0000,0.075069
MTDtemp,3000,40,38,19.5000,0.070767
MTDtemp,3000,40,39,20.0000,0.071523
MTDtemp,3000,40,40,20.5000,0.069284
MTDtemp,3000,40,41,21.0000,0.066872
MTDtemp,3000,40,42,21.5000,0.067261
MTDtemp,3000,40,43,22.0000,0.067541
MTDtemp,3000,40,44,22.5000,0.073175
MTDtemp,3000,40,45,23.0000,0.069255
MTDtemp,3000,40,46,23.5000,0.066198
MTDtemp,3000,40,47,24.0000,0.068531
MTDtemp,3000,40,48,24.5000,0.066900
MTDtemp,3000,40,49,25.0000,0.068295
MTDtemp,3000,40,50,25.5000,0.065089
MTDtemp,3000,40,51,26.0000,0.063418
MTDtemp,3000,40,52,26.5000,0.060421
MTDtemp,3000,40,53,27.0000,0.071734
MTDtemp,3000,40,54,27.5000,0.071389
MTDtemp,3000,40,55,28.0000,0.075843
MTDtemp,3000,40,56,28.5000,0.077304
MTDtemp,3000,40,57,29.0000,0.077659
MTDtemp,3000,40,58,29.5000,0.072987
MTDtemp,3000,40,59,30.0000,0.064640
MTDtemp,3000,40,60,30.5000,0.063801
MTDtemp,3000,40,61,31.0000,0.060154
MTDtemp,3000,40,62,31.5000,0.056370
MTDtemp,3000,40,63,32.0000,0.061599
MTDtemp,3000,40,64,32.5000,0.060240
MTDtemp,3000,40,65,33.0000,0.052543
MTDtemp,3000,40,66,33.5000,0.051176
MTDtemp,3000,40,67,34.0000,0.052173
MTDtemp,3000,40,68,34.5000,0.055570
MTDtemp,3000,40,69,35.0000,0.056231
MTDtemp,3000,40,70,35.5000,0.056695
MTDtemp,3000,40,71,36.0000,0.062245
MTDtemp,3000,40,72,36.5000,0.060567
MTDtemp,3000,40,73,37.0000,0.059269
MTDtemp,3000,40,74,37.5000,0.057058
MTDtemp,3000,40,75,38.0000,0.059902
MTDtemp,3000,40,76,38.5000,0.068376
MTDtemp,3000,40,77,39.0000,0.068942
MTDtemp,3000,40,78,39.5000,0.071444
MTDtemp,3000,40,79,40.0000,0.073958
MTDtemp,3000,40,80,40.5000,0.071054
MTDtemp,3000,40,81,41.0000,0.068806
MTDtemp,3000,40,82,41.5000,0.068016
MTDtemp,3000,40,83,42.0000,0.067133
MTDtemp,3000,40,84,42.5000,0.066433
MTDtemp,3000,40,85,43.0000,0.071242
MTDtemp,3000,40,86,43.5000,0.070385
MTDtemp,3000,40,87,44.0000,0.068597
MTDtemp,3000,40,88,44.5000,0.067418
MTDtemp,3000,40,89,45.0000,0.068055
MTDtemp,3000,40,90,45.5000,0.063357
MTDtemp,3000,40,91,46.0000,0.059334
MTDtemp,3000,40,92,46.5000,0.058555
MTDtemp,3000,40,93,47.0000,0.057504
MTDtemp,3000,40,94,47.5000,0.055981
MTDtemp,3000,40,95,48.0000,0.056346
MTDtemp,3000,40,96,48.5000,0.056560
MTDtemp,3000,40,97,49.0000,0.053296
MTDtemp,3000,40,98,49.5000,0.054222
MTDtemp,3000,40,99,50.0000,0.052484
MTDtemp,3000,50,0,0.5000,5.851851
MTDtemp,3000,50,1,1.0000,4.536382
MTDtemp,3000,50,2,1.5000,3.820320
MTDtemp,3000,50,3,2.0000,3.326362
MTDtemp,3000,50,4,2.5000,2.461377
MTDtemp,3000,50,5,3.0000,2.109014
MTDtemp,3000,50,6,3.5000,1.650693
MTDtemp,3000,50,7,4.0000,1.232506
MTDtemp,3000,50,8,4.5000,0.953943
MTDtemp,3000,50,9,5.0000,0.634337
MTDtemp,3000,50,10,5.5000,0.482307
MTDtemp,3000,50,11,6.0000,0.235569
MTDtemp,3000,50,12,6.5000,0.137490
MTDtemp,3000,50,13,7.0000,0.112614
MTDtemp,3000,50,14,7.5000,0.111744
MTDtemp,3000,50,15,8.0000,0.107737
MTDtemp,3000,50,16,8.5000,0.114951
MTDtemp,3000,50,17,9.0000,0.119582
MTDtemp,3000,50,18,9.5000,0.118032
MTDtemp,3000,50,19,10.0000,0.106407
MTDtemp,3000,50,20,10.5000,0.090381
MTDtemp,3000,50,21,11.0000,0.104078
MTDtemp,3000,50,22,11.5000,0.091849
MTDtemp,3000,50,23,12.0000,0.090569
MTDtemp,3000,50,24,12.5000,0.085380
MTDtemp,3000,50,25,13.0000,0.066960
MTDtemp,3000,50,26,13.5000,0.066717
MTDtemp,3000,50,27,14.0000,0.064997
MTDtemp,3000,50,28,14.5000,0.070565
MTDtemp,3000,50,29,15.0000,0.069209
MTDtemp,3000,50,30,15.5000,0.062596
MTDtemp,3000,50,31,16.0000,0.060285
MTDtemp,3000,50,32,16.5000,0.058985
MTDtemp,3000,50,33,17.0000,0.058358
MTDtemp,3000,50,34,17.5000,0.058902
MTDtemp,3000,50,35,18.0000,0.058004
MTDtemp,3000,50,36,18.5000,0.058812
MTDtemp,3000,50,37,19.0000,0.057775
MTDtemp,3000,50,38,19.5000,0.056383
MTDtemp,3000,50,39,20.0000,0.055418
MTDtemp,3000,50,40,20.5000,0.056051
MTDtemp,3000,50,41,21.0000,0.057441
MTDtemp,3000,50,42,21.5000,0.056164
MTDtemp,3000,50,43,22.0000,0.056347
MTDtemp,3000,50,44,22.5000,0.053353
MTDtemp,3000,50,45,23.0000,0.055500
MTDtemp,3000,50,46,23.5000,0.055150
MTDtemp,3000,50,47,24.0000,0.054723
MTDtemp,3000,50,48,24.5000,0.053183
MTDtemp,3000,50,49,25.0000,0.049760
MTDtemp,3000,50,50,25.5000,0.047993
MTDtemp,3000,50,51,26.0000,0.047453
MTDtemp,3000,50,52,26.5000,0.047196
MTDtemp,3000,50,53,27.0000,0.047787
MTDtemp,3000,50,54,27.5000,0.047887
MTDtemp,3000,50,55,28.0000,0.047175
MTDtemp,3000,50,56,28.5000,0.047133
MTDtemp,3000,50,57,29.0000,0.046845
MTDtemp,3000,50,58,29.5000,0.046218
MTDtemp,3000,50,59,30.0000,0.047972
MTDtemp,3000,50,60,30.5000,0.048603
MTDtemp,3000,50,61,31.0000,0.046574
MTDtemp,3000,50,62,31.5000,0.045767
MTDtemp,3000,50,63,32.0000,0.045515
MTDtemp,3000,50,64,32.5000,0.044341
MTDtemp,3000,50,65,33.0000,0.043915
MTDtemp,3000,50,66,33.5000,0.043568
MTDtemp,3000,50,67,34.0000,0.044222
MTDtemp,3000,50,68,34.5000,0.043375
MTDtemp,3000,50,69,35.0000,0.045423
MTDtemp,3000,50,70,35.5000,0.043827
MTDtemp,3000,50,71,36.0000,0.047117
MTDtemp,3000,50,72,36.5000,0.045304
MTDtemp,3000,50,73,37.0000,0.044135
MTDtemp,3000,50,74,37.5000,0.043413
MTDtemp,3000,50,75,38.0000,0.044084
MTDtemp,3000,50,76,38.5000,0.041820
MTDtemp,3000,50,77,39.0000,0.041065
MTDtemp,3000,50,78,39.5000,0.040649
MTDtemp,3000,50,79,40.0000,0.040220
MTDtemp,3000,50,80,40.5000,0.040044
MTDtemp,3000,50,81,41.0000,0.039870
MTDtemp,3000,50,82,41.5000,0.040114
MTDtemp,3000,50,83,42.0000,0.039705
MTDtemp,3000,50,84,42.5000,0.039916
MTDtemp,3000,50,85,43.0000,0.039238
MTDtemp,3000,50,86,43.5000,0.039178
MTDtemp,3000,50,87,44.0000,0.039927
MTDtemp,3000,50,88,44.5000,0.039443
MTDtemp,3000,50,89,45.0000,0.039559
MTDtemp,3000,50,90,45.5000,0.039951
MTDtemp,3000,50,91,46.0000,0.038009
MTDtemp,3000,50,92,46.5000,0.038106
MTDtemp,3000,50,93,47.0000,0.037776
MTDtemp,3000,50,94,47.5000,0.037952
MTDtemp,3000,50,95,48.0000,0.038059
MTDtemp,3000,50,96,48.5000,0.038582
MTDtemp,3000,50,97,49.0000,0.038778
MTDtemp,3000,50,98,49.5000,0.038797
MTDtemp,3000,50,99,50.0000,0.039055
MTDtemp,500,10,0,0.5000,5.939593
MTDtemp,500,10,1,1.0000,4.866459
MTDtemp,500,10,2,1.5000,4.064482
MTDtemp,500,10,3,2.0000,3.651063
MTDtemp,500,10,4,2.5000,2.869519
MTDtemp,500,10,5,3.0000,2.286488
MTDtemp,500,10,6,3.5000,1.918861
MTDtemp,500,10,7,4.0000,1.532173
MTDtemp,500,10,8,4.5000,1.233644
MTDtemp,500,10,9,5.0000,1.024836
MTDtemp,500,10,10,5.5000,0.753391
MTDtemp,500,10,11,6.0000,0.622126
MTDtemp,500,10,12,6.5000,0.550851
MTDtemp,500,10,13,7.0000,0.359386
MTDtemp,500,10,14,7.5000,0.286999
MTDtemp,500,10,15,8.0000,0.199451
MTDtemp,500,10,16,8.5000,0.216862
MTDtemp,500,10,17,9.0000,0.159297
MTDtemp,500,10,18,9.5000,0.146605
MTDtemp,500,10,19,10.0000,0.130063
MTDtemp,500,10,20,10.5000,0.134467
MTDtemp,500,10,21,11.0000,0.122795
MTDtemp,500,10,22,11.5000,0.120357
MTDtemp,500,10,23,12.0000,0.110829
MTDtemp,500,10,24,12.5000,0.122526
MTDtemp,500,10,25,13.0000,0.117259
MTDtemp,500,10,26,13.5000,0.112654
MTDtemp,500,10,27,14.0000,0.115084
MTDtemp,500,10,28,14.5000,0.113453
MTDtemp,500,10,29,15.0000,0.115245
MTDtemp,500,10,30,15.5000,0.123028
MTDtemp,500,10,31,16.0000,0.121160
MTDtemp,500,10,32,16.5000,0.121412
MTDtemp,500,10,33,17.0000,0.133918
MTDtemp,500,10,34,17.5000,0.126540
MTDtemp,500,10,35,18.0000,0.146692
MTDtemp,500,10,36,18.5000,0.152495
MTDtemp,500,10,37,19.0000,0.146348
MTDtemp,500,10,38,19.5000,0.145383
MTDtemp,500,10,39,20.0000,0.158712
MTDtemp,500,10,40,20.5000,0.165484
MTDtemp,500,10,41,21.0000,0.163892
MTDtemp,500,10,42,21.5000,0.156095
MTDtemp,500,10,43,22.0000,0.148738
MTDtemp,500,10,44,22.5000,0.146160
MTDtemp,500,10,45,23.0000,0.151261
MTDtemp,500,10,46,23.5000,0.151564
MTDtemp,500,10,47,24.0000,0.140494
MTDtemp,500,10,48,24.5000,0.133709
MTDtemp,500,10,49,25.0000,0.132361
MTDtemp,500,10,50,25.5000,0.134812
MTDtemp,500,10,51,26.0000,0.129670
MTDtemp,500,10,52,26.5000,0.128117
MTDtemp,500,10,53,27.0000,0.125502
MTDtemp,500,10,54,27.5000,0.126298
MTDtemp,500,10,55,28.0000,0.122767
MTDtemp,500,10,56,28.5000,0.121156
MTDtemp,500,10,57,29.0000,0.128365
MTDtemp,500,10,58,29.5000,0.125191
MTDtemp,500,10,59,30.0000,0.124190
MTDtemp,500,10,60,30.5000,0.116033
MTDtemp,500,10,61,31.0000,0.110309
MTDtemp,500,10,62,31.5000,0.106516
MTDtemp,500,10,63,32.0000,0.106639
MTDtemp,500,10,64,32.5000,0.104128
MTDtemp,500,10,65,33.0000,0.096749
MTDtemp,500,10,66,33.5000,0.087748
MTDtemp,500,10,67,34.0000,0.091321
MTDtemp,500,10,68,34.5000,0.090397
MTDtemp,500,10,69,35.0000,0.092609
MTDtemp,500,10,70,35.5000,0.092607
MTDtemp,500,10,71,36.0000,0.088343
MTDtemp,500,10,72,36.5000,0.091101
MTDtemp,500,10,73,37.0000,0.088392
MTDtemp,500,10,74,37.5000,0.084398
MTDtemp,500,10,75,38.0000,0.081755
MTDtemp,500,10,76,38.5000,0.085607
MTDtemp,500,10,77,39.0000,0.087432
MTDtemp,500,10,78,39.5000,0.089789
MTDtemp,500,10,79,40.0000,0.083363
MTDtemp,500,10,80,40.5000,0.081854
MTDtemp,500,10,81,41.0000,0.076600
MTDtemp,500,10,82,41.5000,0.073405
MTDtemp,500,10,83,42.0000,0.069653
MTDtemp,500,10,84,42.5000,0.066650
MTDtemp,500,10,85,43.0000,0.071171
MTDtemp,500,10,86,43.5000,0.070847
MTDtemp,500,10,87,44.0000,0.069082
MTDtemp,500,10,88,44.5000,0.065864
MTDtemp,500,10,89,45.0000,0.070207
MTDtemp,500,10,90,45.5000,0.072408
MTDtemp,500,10,91,46.0000,0.068930
MTDtemp,500,10,92,46.5000,0.064981
MTDtemp,500,10,93,47.0000,0.072378
MTDtemp,500,10,94,47.5000,0.075861
MTDtemp,500,10,95,48.0000,0.075760
MTDtemp,500,10,96,48.5000,0.076012
MTDtemp,500,10,97,49.0000,0.076663
MTDtemp,500,10,98,49.5000,0.079757
MTDtemp,500,10,99,50.0000,0.076505
MTDtemp,500,20,0,0.5000,6.349153
MTDtemp,500,20,1,1.0000,5.005794
MTDtemp,500,20,2,1.5000,4.083811
MTDtemp,500,20,3,2.0000,3.515421
MTDtemp,500,20,4,2.5000,2.915655
MTDtemp,500,20,5,3.0000,2.434520
MTDtemp,500,20,6,3.5000,2.045165
MTDtemp,500,20,7,4.0000,1.639071
MTDtemp,500,20,8,4.5000,1.354720
MTDtemp,500,20,9,5.0000,1.078496
MTDtemp,500,20,10,5.5000,0.859564
MTDtemp,500,20,11,6.0000,0.635180
MTDtemp,500,20,12,6.5000,0.447944
MTDtemp,500,20,13,7.0000,0.272405
MTDtemp,500,20,14,7.5000,0.161664
MTDtemp,500,20,15,8.0000,0.104932
MTDtemp,500,20,16,8.5000,0.107067
MTDtemp,500,20,17,9.0000,0.102825
MTDtemp,500,20,18,9.5000,0.101046
MTDtemp,500,20,19,10.0000,0.095201
MTDtemp,500,20,20,10.5000,0.087745
MTDtemp,500,20,21,11.0000,0.084996
MTDtemp,500,20,22,11.5000,0.079971
MTDtemp,500,20,23,12.0000,0.074392
MTDtemp,500,20,24,12.5000,0.074127
MTDtemp,500,20,25,13.0000,0.080811
MTDtemp,500,20,26,13.5000,0.076080
MTDtemp,500,20,27,14.0000,0.074209
MTDtemp,500,20,28,14.5000,0.074805
MTDtemp,500,20,29,15.0000,0.073942
MTDtemp,500,20,30,15.5000,0.075318
MTDtemp,500,20,31,16.0000,0.075066
MTDtemp,500,20,32,16.5000,0.078818
MTDtemp,500,20,33,17.0000,0.089057
MTDtemp,500,20,34,17.5000,0.096778
MTDtemp,500,20,35,18.0000,0.096898
MTDtemp,500,20,36,18.5000,0.099368
MTDtemp,500,20,37,19.0000,0.102356
MTDtemp,500,20,38,19.5000,0.102500
MTDtemp,500,20,39,20.0000,0.099155
MTDtemp,500,20,40,20.5000,0.104235
MTDtemp,500,20,41,21.0000,0.096694
MTDtemp,500,20,42,21.5000,0.093939
MTDtemp,500,20,43,22.0000,0.092074
MTDtemp,500,20,44,22.5000,0.092200
MTDtemp,500,20,45,23.0000,0.087063
MTDtemp,500,20,46,23.5000,0.089428
MTDtemp,500,20,47,24.0000,0.084732
MTDtemp,500,20,48,24.5000,0.083750
MTDtemp,500,20,49,25.0000,0.088198
MTDtemp,500,20,50,25.5000,0.084579
MTDtemp,500,20,51,26.0000,0.087284
MTDtemp,500,20,52,26.5000,0.087384
MTDtemp,500,20,53,27.0000,0.083207
MTDtemp,500,20,54,27.5000,0.079369
MTDtemp,500,20,55,28.0000,0.087042
MTDtemp,500,20,56,28.5000,0.086459
MTDtemp,500,20,57,29.0000,0.084591
MTDtemp,500,20,58,29.5000,0.088358
MTDtemp,500,20,59,30.0000,0.093772
MTDtemp,500,20,60,30.5000,0.102006
MTDtemp,500,20,61,31.0000,0.103993
MTDtemp,500,20,62,31.5000,0.102044
MTDtemp,500,20,63,32.0000,0.099593
MTDtemp,500,20,64,32.5000,0.095041
MTDtemp,500,20,65,33.0000,0.098093
MTDtemp,500,20,66,33.5000,0.094315
MTDtemp,500,20,67,34.0000,0.087975
MTDtemp,500,20,68,34.5000,0.086132
MTDtemp,500,20,69,35.0000,0.083210
MTDtemp,500,20,70,35.5000,0.085150
MTDtemp,500,20,71,36.0000,0.083163
MTDtemp,500,20,72,36.5000,0.084897
MTDtemp,500,20,73,37.0000,0.089102
MTDtemp,500,20,74,37.5000,0.093670
MTDtemp,500,20,75,38.0000,0.090431
MTDtemp,500,20,76,38.5000,0.085316
MTDtemp,500,20,77,39.0000,0.078719
MTDtemp,500,20,78,39.5000,0.075807
MTDtemp,500,20,79,40.0000,0.071472
MTDtemp,500,20,80,40.5000,0.072883
MTDtemp,500,20,81,41.0000,0.070503
MTDtemp,500,20,82,41.5000,0.071445
MTDtemp,500,20,83,42.0000,0.073384
MTDtemp,500,20,84,42.5000,0.074060
MTDtemp,500,20,85,43.0000,0.074779
MTDtemp,500,20,86,43.5000,0.077905
MTDtemp,500,20,87,44.0000,0.075125
MTDtemp,500,20,88,44.5000,0.081101
MTDtemp,500,20,89,45.0000,0.078555
MTDtemp,500,20,90,45.5000,0.083788
MTDtemp,500,20,91,46.0000,0.082092
MTDtemp,500,20,92,46.5000,0.079730
MTDtemp,500,20,93,47.0000,0.079712
MTDtemp,500,20,94,47.5000,0.077702
MTDtemp,500,20,95,48.0000,0.074917
MTDtemp,500,20,96,48.5000,0.076114
MTDtemp,500,20,97,49.0000,0.075720
MTDtemp,500,20,98,49.5000,0.073795
MTDtemp,500,20,99,50.0000,0.069670
MTDtemp,500,30,0,0.5000,5.882318
MTDtemp,500,30,1,1.0000,4.946210
MTDtemp,500,30,2,1.5000,4.183494
MTDtemp,500,30,3,2.0000,3.538153
MTDtemp,500,30,4,2.5000,3.024333
MTDtemp,500,30,5,3.0000,2.402642
MTDtemp,500,30,6,3.5000,2.109923
MTDtemp,500,30,7,4.0000,1.615921
MTDtemp,500,30,8,4.5000,1.398065
MTDtemp,500,30,9,5.0000,1.037038
MTDtemp,500,30,10,5.5000,0.876794
MTDtemp,500,30,11,6.0000,0.695238
MTDtemp,500,30,12,6.5000,0.441867
MTDtemp,500,30,13,7.0000,0.365523
MTDtemp,500,30,14,7.5000,0.256625
MTDtemp,500,30,15,8.0000,0.126512
MTDtemp,500,30,16,8.5000,0.117296
MTDtemp,500,30,17,9.0000,0.095918
MTDtemp,500,30,18,9.5000,0.093144
MTDtemp,500,30,19,10.0000,0.089777
MTDtemp,500,30,20,10.5000,0.093711
MTDtemp,500,30,21,11.0000,0.094085
MTDtemp,500,30,22,11.5000,0.094775
MTDtemp,500,30,23,12.0000,0.092769
MTDtemp,500,30,24,12.5000,0.091861
MTDtemp,500,30,25,13.0000,0.090765
MTDtemp,500,30,26,13.5000,0.093569
MTDtemp,500,30,27,14.0000,0.094676
MTDtemp,500,30,28,14.5000,0.087681
MTDtemp,500,30,29,15.0000,0.081550
MTDtemp,500,30,30,15.5000,0.077572
MTDtemp,500,30,31,16.0000,0.072095
MTDtemp,500,30,32,16.5000,0.073753
MTDtemp,500,30,33,17.0000,0.075280
MTDtemp,500,30,34,17.5000,0.081145
MTDtemp,500,30,35,18.0000,0.080366
MTDtemp,500,30,36,18.5000,0.089550
MTDtemp,500,30,37,19.0000,0.092399
MTDtemp,500,30,38,19.5000,0.099988
MTDtemp,500,30,39,20.0000,0.093447
MTDtemp,500,30,40,20.5000,0.100167
MTDtemp,500,30,41,21.0000,0.101113
MTDtemp,500,30,42,21.5000,0.104680
MTDtemp,500,30,43,22.0000,0.100323
MTDtemp,500,30,44,22.5000,0.087334
MTDtemp,500,30,45,23.0000,0.079112
MTDtemp,500,30,46,23.5000,0.082274
MTDtemp,500,30,47,24.0000,0.083325
MTDtemp,500,30,48,24.5000,0.073929
MTDtemp,500,30,49,25.0000,0.072615
MTDtemp,500,30,50,25.5000,0.070152
MTDtemp,500,30,51,26.0000,0.073041
MTDtemp,500,30,52,26.5000,0.070833
MTDtemp,500,30,53,27.0000,0.066332
MTDtemp,500,30,54,27.5000,0.066767
MTDtemp,500,30,55,28.0000,0.064385
MTDtemp,500,30,56,28.5000,0.059516
MTDtemp,500,30,57,29.0000,0.057204
MTDtemp,500,30,58,29.5000,0.060599
MTDtemp,500,30,59,30.0000,0.059322
MTDtemp,500,30,60,30.5000,0.057679
MTDtemp,500,30,61,31.0000,0.054296
MTDtemp,500,30,62,31.5000,0.065315
MTDtemp,500,30,63,32.0000,0.062146
MTDtemp,500,30,64,32.5000,0.060536
MTDtemp,500,30,65,33.0000,0.063040
MTDtemp,500,30,66,33.5000,0.063278
MTDtemp,500,30,67,34.0000,0.066301
MTDtemp,500,30,68,34.5000,0.065925
MTDtemp,500,30,69,35.0000,0.061429
MTDtemp,500,30,70,35.5000,0.060563
MTDtemp,500,30,71,36.0000,0.059786
MTDtemp,500,30,72,36.5000,0.062102
MTDtemp,500,30,73,37.0000,0.056217
MTDtemp,500,30,74,37.5000,0.057185
MTDtemp,500,30,75,38.0000,0.056104
MTDtemp,500,30,76,38.5000,0.057485
MTDtemp,500,30,77,39.0000,0.058966
MTDtemp,500,30,78,39.5000,0.058306
MTDtemp,500,30,79,40.0000,0.055792
MTDtemp,500,30,80,40.5000,0.053574
MTDtemp,500,30,81,41.0000,0.050633
MTDtemp,500,30,82,41.5000,0.047556
MTDtemp,500,30,83,42.0000,0.044451
MTDtemp,500,30,84,42.5000,0.044345
MTDtemp,500,30,85,43.0000,0.042514
MTDtemp,500,30,86,43.5000,0.041037
MTDtemp,500,30,87,44.0000,0.041355
MTDtemp,500,30,88,44.5000,0.043346
MTDtemp,500,30,89,45.0000,0.039363
MTDtemp,500,30,90,45.5000,0.039207
MTDtemp,500,30,91,46.0000,0.038932
MTDtemp,500,30,92,46.5000,0.038185
MTDtemp,500,30,93,47.0000,0.037564
MTDtemp,500,30,94,47.5000,0.037124
MTDtemp,500,30,95,48.0000,0.036744
MTDtemp,500,30,96,48.5000,0.036732
MTDtemp,500,30,97,49.0000,0.036398
MTDtemp,500,30,98,49.5000,0.036067
MTDtemp,500,30,99,50.0000,0.035945
MTDtemp,500,40,0,0.5000,6.179206
MTDtemp,500,40,1,1.0000,4.987076
MTDtemp,500,40,2,1.5000,4.347194
MTDtemp,500,40,3,2.0000,3.544562
MTDtemp,500,40,4,2.5000,2.950168
MTDtemp,500,40,5,3.0000,2.599922
MTDtemp,500,40,6,3.5000,2.251946
MTDtemp,500,40,7,4.0000,1.713436
MTDtemp,500,40,8,4.5000,1.443266
MTDtemp,500,40,9,5.0000,1.026864
MTDtemp,500,40,10,5.5000,0.718843
MTDtemp,500,40,11,6.0000,0.608291
MTDtemp,500,40,12,6.5000,0.429868
MTDtemp,500,40,13,7.0000,0.289156
MTDtemp,500,40,14,7.5000,0.182288
MTDtemp,500,40,15,8.0000,0.161878
MTDtemp,500,40,16,8.5000,0.137303
MTDtemp,500,40,17,9.0000,0.102314
MTDtemp,500,40,18,9.5000,0.099778
MTDtemp,500,40,19,10.0000,0.095761
MTDtemp,500,40,20,10.5000,0.108865
MTDtemp,500,40,21,11.0000,0.104412
MTDtemp,500,40,22,11.5000,0.094620
MTDtemp,500,40,23,12.0000,0.083365
MTDtemp,500,40,24,12.5000,0.074981
MTDtemp,500,40,25,13.0000,0.071001
MTDtemp,500,40,26,13.5000,0.070406
MTDtemp,500,40,27,14.0000,0.069733
MTDtemp,500,40,28,14.5000,0.068928
MTDtemp,500,40,29,15.0000,0.067855
MTDtemp,500,40,30,15.5000,0.067719
MTDtemp,500,40,31,16.0000,0.067841
MTDtemp,500,40,32,16.5000,0.064123
MTDtemp,500,40,33,17.0000,0.064237
MTDtemp,500,40,34,17.5000,0.062148
MTDtemp,500,40,35,18.0000,0.062461
MTDtemp,500,40,36,18.5000,0.060891
MTDtemp,500,40,37,19.0000,0.061091
MTDtemp,500,40,38,19.5000,0.059899
MTDtemp,500,40,39,20.0000,0.059092
MTDtemp,500,40,40,20.5000,0.058105
MTDtemp,500,40,41,21.0000,0.058410
MTDtemp,500,40,42,21.5000,0.056455
MTDtemp,500,40,43,22.0000,0.056231
MTDtemp,500,40,44,22.5000,0.054771
MTDtemp,500,40,45,23.0000,0.054621
MTDtemp,500,40,46,23.5000,0.055423
MTDtemp,500,40,47,24.0000,0.055408
MTDtemp,500,40,48,24.5000,0.054703
MTDtemp,500,40,49,25.0000,0.052873
MTDtemp,500,40,50,25.5000,0.053274
MTDtemp,500,40,51,26.0000,0.053366
MTDtemp,500,40,52,26.5000,0.054792
MTDtemp,500,40,53,27.0000,0.052862
MTDtemp,500,40,54,27.5000,0.052055
MTDtemp,500,40,55,28.0000,0.050740
MTDtemp,500,40,56,28.5000,0.050268
MTDtemp,500,40,57,29.0000,0.049894
MTDtemp,500,40,58,29.5000,0.050780
MTDtemp,500,40,59,30.0000,0.049587
MTDtemp,500,40,60,30.5000,0.048599
MTDtemp,500,40,61,31.0000,0.047590
MTDtemp,500,40,62,31.5000,0.046818
MTDtemp,500,40,63,32.0000,0.046659
MTDtemp,500,40,64,32.5000,0.046267
MTDtemp,500,40,65,33.0000,0.044815
MTDtemp,500,40,66,33.5000,0.044239
MTDtemp,500,40,67,34.0000,0.043727
MTDtemp,500,40,68,34.5000,0.043663
MTDtemp,500,40,69,35.0000,0.042704
MTDtemp,500,40,70,35.5000,0.043104
MTDtemp,500,40,71,36.0000,0.042729
MTDtemp,500,40,72,36.5000,0.042659
MTDtemp,500,40,73,37.0000,0.042271
MTDtemp,500,40,74,37.5000,0.044068
MTDtemp,500,40,75,38.0000,0.045262
MTDtemp,500,40,76,38.5000,0.043024
MTDtemp,500,40,77,39.0000,0.049942
MTDtemp,500,40,78,39.5000,0.053762
MTDtemp,500,40,79,40.0000,0.053315
MTDtemp,500,40,80,40.5000,0.050380
MTDtemp,500,40,81,41.0000,0.047551
MTDtemp,500,40,82,41.5000,0.045054
MTDtemp,500,40,83,42.0000,0.042683
MTDtemp,500,40,84,42.5000,0.041518
MTDtemp,500,40,85,43.0000,0.041502
MTDtemp,500,40,86,43.5000,0.041694
MTDtemp,500,40,87,44.0000,0.040549
MTDtemp,500,40,88,44.5000,0.042233
MTDtemp,500,40,89,45.0000,0.041675
MTDtemp,500,40,90,45.5000,0.039358
MTDtemp,500,40,91,46.0000,0.038862
MTDtemp,500,40,92,46.5000,0.040864
MTDtemp,500,40,93,47.0000,0.041768
MTDtemp,500,40,94,47.5000,0.040682
MTDtemp,500,40,95,48.0000,0.042734
MTDtemp,500,40,96,48.5000,0.043545
MTDtemp,500,40,97,49.0000,0.044542
MTDtemp,500,40,98,49.5000,0.045119
MTDtemp,500,40,99,50.0000,0.043587
MTDtemp,500,50,0,0.5000,6.251327
MTDtemp,500,50,1,1.0000,5.194687
MTDtemp,500,50,2,1.5000,4.181115
MTDtemp,500,50,3,2.0000,3.678793
MTDtemp,500,50,4,2.5000,2.993505
MTDtemp,500,50,5,3.0000,2.460948
MTDtemp,500,50,6,3.5000,1.936023
MTDtemp,500,50,7,4.0000,1.527708
MTDtemp,500,50,8,4.5000,1.225930
MTDtemp,500,50,9,5.0000,1.052340
MTDtemp,500,50,10,5.5000,0.814670
MTDtemp,500,50,11,6.0000,0.566565
MTDtemp,500,50,12,6.5000,0.452964
MTDtemp,500,50,13,7.0000,0.242864
MTDtemp,500,50,14,7.5000,0.163549
MTDtemp,500,50,15,8.0000,0.104286
MTDtemp,500,50,16,8.5000,0.097229
MTDtemp,500,50,17,9.0000,0.093443
MTDtemp,500,50,18,9.5000,0.101921
MTDtemp,500,50,19,10.0000,0.102092
MTDtemp,500,50,20,10.5000,0.097494
MTDtemp,500,50,21,11.0000,0.097718
MTDtemp,500,50,22,11.5000,0.096169
MTDtemp,500,50,23,12.0000,0.092604
MTDtemp,500,50,24,12.5000,0.090730
MTDtemp,500,50,25,13.0000,0.086955
MTDtemp,500,50,26,13.5000,0.085600
MTDtemp,500,50,27,14.0000,0.089375
MTDtemp,500,50,28,14.5000,0.088438
MTDtemp,500,50,29,15.0000,0.082326
MTDtemp,500,50,30,15.5000,0.080541
MTDtemp,500,50,31,16.0000,0.071744
MTDtemp,500,50,32,16.5000,0.073673
MTDtemp,500,50,33,17.0000,0.075663
MTDtemp,500,50,34,17.5000,0.069298
MTDtemp,500,50,35,18.0000,0.072095
MTDtemp,500,50,36,18.5000,0.070701
MTDtemp,500,50,37,19.0000,0.071539
MTDtemp,500,50,38,19.5000,0.066012
MTDtemp,500,50,39,20.0000,0.065981
MTDtemp,500,50,40,20.5000,0.066315
MTDtemp,500,50,41,21.0000,0.062806
MTDtemp,500,50,42,21.5000,0.063546
MTDtemp,500,50,43,22.0000,0.065150
MTDtemp,500,50,44,22.5000,0.065228
MTDtemp,500,50,45,23.0000,0.080418
MTDtemp,500,50,46,23.5000,0.078293
MTDtemp,500,50,47,24.0000,0.083457
MTDtemp,500,50,48,24.5000,0.077463
MTDtemp,500,50,49,25.0000,0.074812
MTDtemp,500,50,50,25.5000,0.073503
MTDtemp,500,50,51,26.0000,0.066849
MTDtemp,500,50,52,26.5000,0.063287
MTDtemp,500,50,53,27.0000,0.068030
MTDtemp,500,50,54,27.5000,0.078240
MTDtemp,500,50,55,28.0000,0.073616
MTDtemp,500,50,56,28.5000,0.079047
MTDtemp,500,50,57,29.0000,0.083268
MTDtemp,500,50,58,29.5000,0.078780
MTDtemp,500,50,59,30.0000,0.075189
MTDtemp,500,50,60,30.5000,0.070413
MTDtemp,500,50,61,31.0000,0.062437
MTDtemp,500,50,62,31.5000,0.064542
MTDtemp,500,50,63,32.0000,0.060483
MTDtemp,500,50,64,32.5000,0.059002
MTDtemp,500,50,65,33.0000,0.057468
MTDtemp,500,50,66,33.5000,0.063318
MTDtemp,500,50,67,34.0000,0.061169
MTDtemp,500,50,68,34.5000,0.065733
MTDtemp,500,50,69,35.0000,0.070281
MTDtemp,500,50,70,35.5000,0.070286
MTDtemp,500,50,71,36.0000,0.067734
MTDtemp,500,50,72,36.5000,0.062225
MTDtemp,500,50,73,37.0000,0.062371
MTDtemp,500,50,74,37.5000,0.061277
MTDtemp,500,50,75,38.0000,0.061713
MTDtemp,500,50,76,38.5000,0.060183
MTDtemp,500,50,77,39.0000,0.058473
MTDtemp,500,50,78,39.5000,0.060518
MTDtemp,500,50,79,40.0000,0.058206
MTDtemp,500,50,80,40.5000,0.058009
MTDtemp,500,50,81,41.0000,0.056792
MTDtemp,500,50,82,41.5000,0.062278
MTDtemp,500,50,83,42.0000,0.063411
MTDtemp,500,50,84,42.5000,0.060841
MTDtemp,500,50,85,43.0000,0.062192
MTDtemp,500,50,86,43.5000,0.059092
MTDtemp,500,50,87,44.0000,0.057662
MTDtemp,500,50,88,44.5000,0.058719
MTDtemp,500,50,89,45.0000,0.055589
MTDtemp,500,50,90,45.5000,0.057542
MTDtemp,500,50,91,46.0000,0.060179
MTDtemp,500,50,92,46.5000,0.062206
MTDtemp,500,50,93,47.0000,0.059817
MTDtemp,500,50,94,47.5000,0.056799
MTDtemp,500,50,95,48.0000,0.056608
MTDtemp,500,50,96,48.5000,0.057388
MTDtemp,500,50,97,49.0000,0.061436
MTDtemp,500,50,98,49.5000,0.058715
MTDtemp,500,50,99,50.0000,0.058703
MTDtemp,6000,10,0,0.5000,6.174342
MTDtemp,6000,10,1,1.0000,4.911925
MTDtemp,6000,10,2,1.5000,3.986647
MTDtemp,6000,10,3,2.0000,3.348822
MTDtemp,6000,10,4,2.5000,2.520468
MTDtemp,6000,10,5,3.0000,2.039871
MTDtemp,6000,10,6,3.5000,1.620326
MTDtemp,6000,10,7,4.0000,1.171221
MTDtemp,6000,10,8,4.5000,0.812321
MTDtemp,6000,10,9,5.0000,0.579424
MTDtemp,6000,10,10,5.5000,0.297821
MTDtemp,6000,10,11,6.0000,0.123594
MTDtemp,6000,10,12,6.5000,0.108292
MTDtemp,6000,10,13,7.0000,0.099561
MTDtemp,6000,10,14,7.5000,0.093030
MTDtemp,6000,10,15,8.0000,0.093884
MTDtemp,6000,10,16,8.5000,0.094439
MTDtemp,6000,10,17,9.0000,0.092537
MTDtemp,6000,10,18,9.5000,0.082747
MTDtemp,6000,10,19,10.0000,0.080298
MTDtemp,6000,10,20,10.5000,0.081925
MTDtemp,6000,10,21,11.0000,0.079353
MTDtemp,6000,10,22,11.5000,0.076791
MTDtemp,6000,10,23,12.0000,0.076285
MTDtemp,6000,10,24,12.5000,0.072988
MTDtemp,6000,10,25,13.0000,0.070604
MTDtemp,6000,10,26,13.5000,0.067389
MTDtemp,6000,10,27,14.0000,0.066741
MTDtemp,6000,10,28,14.5000,0.064109
MTDtemp,6000,10,29,15.0000,0.065324
MTDtemp,6000,10,30,15.5000,0.065555
MTDtemp,6000,10,31,16.0000,0.067755
MTDtemp,6000,10,32,16.5000,0.068015
MTDtemp,6000,10,33,17.0000,0.070937
MTDtemp,6000,10,34,17.5000,0.080402
MTDtemp,6000,10,35,18.0000,0.088909
MTDtemp,6000,10,36,18.5000,0.076567
MTDtemp,6000,10,37,19.0000,0.077316
MTDtemp,6000,10,38,19.5000,0.071362
MTDtemp,6000,10,39,20.0000,0.068320
MTDtemp,6000,10,40,20.5000,0.068386
MTDtemp,6000,10,41,21.0000,0.065757
MTDtemp,6000,10,42,21.5000,0.063351
MTDtemp,6000,10,43,22.0000,0.055766
MTDtemp,6000,10,44,22.5000,0.054865
MTDtemp,6000,10,45,23.0000,0.052656
MTDtemp,6000,10,46,23.5000,0.053078
MTDtemp,6000,10,47,24.0000,0.052215
MTDtemp,6000,10,48,24.5000,0.050107
MTDtemp,6000,10,49,25.0000,0.049676
MTDtemp,6000,10,50,25.5000,0.049588
MTDtemp,6000,10,51,26.0000,0.050504
MTDtemp,6000,10,52,26.5000,0.050733
MTDtemp,6000,10,53,27.0000,0.049776
MTDtemp,6000,10,54,27.5000,0.049627
MTDtemp,6000,10,55,28.0000,0.050184
MTDtemp,6000,10,56,28.5000,0.048217
MTDtemp,6000,10,57,29.0000,0.048523
MTDtemp,6000,10,58,29.5000,0.047603
MTDtemp,6000,10,59,30.0000,0.047695
MTDtemp,6000,10,60,30.5000,0.046846
MTDtemp,6000,10,61,31.0000,0.047021
MTDtemp,6000,10,62,31.5000,0.045781
MTDtemp,6000,10,63,32.0000,0.046838
MTDtemp,6000,10,64,32.5000,0.047476
MTDtemp,6000,10,65,33.0000,0.045311
MTDtemp,6000,10,66,33.5000,0.045266
MTDtemp,6000,10,67,34.0000,0.044996
MTDtemp,6000,10,68,34.5000,0.044667
MTDtemp,6000,10,69,35.0000,0.044169
MTDtemp,6000,10,70,35.5000,0.044262
MTDtemp,6000,10,71,36.0000,0.043571
MTDtemp,6000,10,72,36.5000,0.046475
MTDtemp,6000,10,73,37.0000,0.046499
MTDtemp,6000,10,74,37.5000,0.045232
MTDtemp,6000,10,75,38.0000,0.044530
MTDtemp,6000,10,76,38.5000,0.045150
MTDtemp,6000,10,77,39.0000,0.043517
MTDtemp,6000,10,78,39.5000,0.043426
MTDtemp,6000,10,79,40.0000,0.042390
MTDtemp,6000,10,80,40.5000,0.042196
MTDtemp,6000,10,81,41.0000,0.046446
MTDtemp,6000,10,82,41.5000,0.045928
MTDtemp,6000,10,83,42.0000,0.046600
MTDtemp,6000,10,84,42.5000,0.047526
MTDtemp,6000,10,85,43.0000,0.048524
MTDtemp,6000,10,86,43.5000,0.048162
MTDtemp,6000,10,87,44.0000,0.048937
MTDtemp,6000,10,88,44.5000,0.048877
MTDtemp,6000,10,89,45.0000,0.049684
MTDtemp,6000,10,90,45.5000,0.048035
MTDtemp,6000,10,91,46.0000,0.051251
MTDtemp,6000,10,92,46.5000,0.049757
MTDtemp,6000,10,93,47.0000,0.049820
MTDtemp,6000,10,94,47.5000,0.048595
MTDtemp,6000,10,95,48.0000,0.048483
MTDtemp,6000,10,96,48.5000,0.053586
MTDtemp,6000,10,97,49.0000,0.054732
MTDtemp,6000,10,98,49.5000,0.053948
MTDtemp,6000,10,99,50.0000,0.054329
MTDtemp,6000,20,0,0.5000,5.650938
MTDtemp,6000,20,1,1.0000,4.724062
MTDtemp,6000,20,2,1.5000,4.052112
MTDtemp,6000,20,3,2.0000,3.361050
MTDtemp,6000,20,4,2.5000,2.638305
MTDtemp,6000,20,5,3.0000,2.157745
MTDtemp,6000,20,6,3.5000,1.692420
MTDtemp,6000,20,7,4.0000,1.310789
MTDtemp,6000,20,8,4.5000,0.915655
MTDtemp,6000,20,9,5.0000,0.593015
MTDtemp,6000,20,10,5.5000,0.490035
MTDtemp,6000,20,11,6.0000,0.294262
MTDtemp,6000,20,12,6.5000,0.174618
MTDtemp,6000,20,13,7.0000,0.150716
MTDtemp,6000,20,14,7.5000,0.150958
MTDtemp,6000,20,15,8.0000,0.152438
MTDtemp,6000,20,16,8.5000,0.154270
MTDtemp,6000,20,17,9.0000,0.164002
MTDtemp,6000,20,18,9.5000,0.169882
MTDtemp,6000,20,19,10.0000,0.168497
MTDtemp,6000,20,20,10.5000,0.165021
MTDtemp,6000,20,21,11.0000,0.151761
MTDtemp,6000,20,22,11.5000,0.147261
MTDtemp,6000,20,23,12.0000,0.119672
MTDtemp,6000,20,24,12.5000,0.113568
MTDtemp,6000,20,25,13.0000,0.105788
MTDtemp,6000,20,26,13.5000,0.115712
MTDtemp,6000,20,27,14.0000,0.119597
MTDtemp,6000,20,28,14.5000,0.110703
MTDtemp,6000,20,29,15.0000,0.112264
MTDtemp,6000,20,30,15.5000,0.117906
MTDtemp,6000,20,31,16.0000,0.116582
MTDtemp,6000,20,32,16.5000,0.116943
MTDtemp,6000,20,33,17.0000,0.123245
MTDtemp,6000,20,34,17.5000,0.122296
MTDtemp,6000,20,35,18.0000,0.124139
MTDtemp,6000,20,36,18.5000,0.123379
MTDtemp,6000,20,37,19.0000,0.119129
MTDtemp,6000,20,38,19.5000,0.115760
MTDtemp,6000,20,39,20.0000,0.120543
MTDtemp,6000,20,40,20.5000,0.121694
MTDtemp,6000,20,41,21.0000,0.118235
MTDtemp,6000,20,42,21.5000,0.119838
MTDtemp,6000,20,43,22.0000,0.110103
MTDtemp,6000,20,44,22.5000,0.105476
MTDtemp,6000,20,45,23.0000,0.094709
MTDtemp,6000,20,46,23.5000,0.089979
MTDtemp,6000,20,47,24.0000,0.093089
MTDtemp,6000,20,48,24.5000,0.087793
MTDtemp,6000,20,49,25.0000,0.085765
MTDtemp,6000,20,50,25.5000,0.088592
MTDtemp,6000,20,51,26.0000,0.079746
MTDtemp,6000,20,52,26.5000,0.072182
MTDtemp,6000,20,53,27.0000,0.072236
MTDtemp,6000,20,54,27.5000,0.073765
MTDtemp,6000,20,55,28.0000,0.066437
MTDtemp,6000,20,56,28.5000,0.063975
MTDtemp,6000,20,57,29.0000,0.065702
MTDtemp,6000,20,58,29.5000,0.066548
MTDtemp,6000,20,59,30.0000,0.070160
MTDtemp,6000,20,60,30.5000,0.068566
MTDtemp,6000,20,61,31.0000,0.067196
MTDtemp,6000,20,62,31.5000,0.072430
MTDtemp,6000,20,63,32.0000,0.073534
MTDtemp,6000,20,64,32.5000,0.071817
MTDtemp,6000,20,65,33.0000,0.072763
MTDtemp,6000,20,66,33.5000,0.072334
MTDtemp,6000,20,67,34.0000,0.071370
MTDtemp,6000,20,68,34.5000,0.072131
MTDtemp,6000,20,69,35.0000,0.071226
MTDtemp,6000,20,70,35.5000,0.072658
MTDtemp,6000,20,71,36.0000,0.075323
MTDtemp,6000,20,72,36.5000,0.078598
MTDtemp,6000,20,73,37.0000,0.072436
MTDtemp,6000,20,74,37.5000,0.073063
MTDtemp,6000,20,75,38.0000,0.075339
MTDtemp,6000,20,76,38.5000,0.072631
MTDtemp,6000,20,77,39.0000,0.070775
MTDtemp,6000,20,78,39.5000,0.072680
MTDtemp,6000,20,79,40.0000,0.069288
MTDtemp,6000,20,80,40.5000,0.073347
MTDtemp,6000,20,81,41.0000,0.076027
MTDtemp,6000,20,82,41.5000,0.073352
MTDtemp,6000,20,83,42.0000,0.070609
MTDtemp,6000,20,84,42.5000,0.067283
MTDtemp,6000,20,85,43.0000,0.065683
MTDtemp,6000,20,86,43.5000,0.065198
MTDtemp,6000,20,87,44.0000,0.063501
MTDtemp,6000,20,88,44.5000,0.056670
MTDtemp,6000,20,89,45.0000,0.057364
MTDtemp,6000,20,90,45.5000,0.053027
MTDtemp,6000,20,91,46.0000,0.049844
MTDtemp,6000,20,92,46.5000,0.051144
MTDtemp,6000,20,93,47.0000,0.051245
MTDtemp,6000,20,94,47.5000,0.053135
MTDtemp,6000,20,95,48.0000,0.052541
MTDtemp,6000,20,96,48.5000,0.053270
MTDtemp,6000,20,97,49.0000,0.049933
MTDtemp,6000,20,98,49.5000,0.047635
MTDtemp,6000,20,99,50.0000,0.046143
MTDtemp,6000,30,0,0.5000,6.007072
MTDtemp,6000,30,1,1.0000,5.006895
MTDtemp,6000,30,2,1.5000,4.040671
MTDtemp,6000,30,3,2.0000,3.395461
MTDtemp,6000,30,4,2.5000,2.598754
MTDtemp,6000,30,5,3.0000,2.121802
MTDtemp,6000,30,6,3.5000,1.667557
MTDtemp,6000,30,7,4.0000,1.307666
MTDtemp,6000,30,8,4.5000,1.008046
MTDtemp,6000,30,9,5.0000,0.571381
MTDtemp,6000,30,10,5.5000,0.398341
MTDtemp,6000,30,11,6.0000,0.207881
MTDtemp,6000,30,12,6.5000,0.139930
MTDtemp,6000,30,13,7.0000,0.103683
MTDtemp,6000,30,14,7.5000,0.102466
MTDtemp,6000,30,15,8.0000,0.096405
MTDtemp,6000,30,16,8.5000,0.097615
MTDtemp,6000,30,17,9.0000,0.088667
MTDtemp,6000,30,18,9.5000,0.082551
MTDtemp,6000,30,19,10.0000,0.083171
MTDtemp,6000,30,20,10.5000,0.081205
MTDtemp,6000,30,21,11.0000,0.078839
MTDtemp,6000,30,22,11.5000,0.077764
MTDtemp,6000,30,23,12.0000,0.075692
MTDtemp,6000,30,24,12.5000,0.074770
MTDtemp,6000,30,25,13.0000,0.075994
MTDtemp,6000,30,26,13.5000,0.076379
MTDtemp,6000,30,27,14.0000,0.076695
MTDtemp,6000,30,28,14.5000,0.072347
MTDtemp,6000,30,29,15.0000,0.071456
MTDtemp,6000,30,30,15.5000,0.070562
MTDtemp,6000,30,31,16.0000,0.071011
MTDtemp,6000,30,32,16.5000,0.071854
MTDtemp,6000,30,33,17.0000,0.068889
MTDtemp,6000,30,34,17.5000,0.071921
MTDtemp,6000,30,35,18.0000,0.068408
MTDtemp,6000,30,36,18.5000,0.063438
MTDtemp,6000,30,37,19.0000,0.062339
MTDtemp,6000,30,38,19.5000,0.061761
MTDtemp,6000,30,39,20.0000,0.060677
MTDtemp,6000,30,40,20.5000,0.061559
MTDtemp,6000,30,41,21.0000,0.061406
MTDtemp,6000,30,42,21.5000,0.062667
MTDtemp,6000,30,43,22.0000,0.063602
MTDtemp,6000,30,44,22.5000,0.067301
MTDtemp,6000,30,45,23.0000,0.063146
MTDtemp,6000,30,46,23.5000,0.064263
MTDtemp,6000,30,47,24.0000,0.063918
MTDtemp,6000,30,48,24.5000,0.061510
MTDtemp,6000,30,49,25.0000,0.059409
MTDtemp,6000,30,50,25.5000,0.057661
MTDtemp,6000,30,51,26.0000,0.055550
MTDtemp,6000,30,52,26.5000,0.054369
MTDtemp,6000,30,53,27.0000,0.053443
MTDtemp,6000,30,54,27.5000,0.052988
MTDtemp,6000,30,55,28.0000,0.052631
MTDtemp,6000,30,56,28.5000,0.052297
MTDtemp,6000,30,57,29.0000,0.052326
MTDtemp,6000,30,58,29.5000,0.052725
MTDtemp,6000,30,59,30.0000,0.051736
MTDtemp,6000,30,60,30.5000,0.050513
MTDtemp,6000,30,61,31.0000,0.050882
MTDtemp,6000,30,62,31.5000,0.050620
MTDtemp,6000,30,63,32.0000,0.050487
MTDtemp,6000,30,64,32.5000,0.049815
MTDtemp,6000,30,65,33.0000,0.050830
MTDtemp,6000,30,66,33.5000,0.049469
MTDtemp,6000,30,67,34.0000,0.048844
MTDtemp,6000,30,68,34.5000,0.048574
MTDtemp,6000,30,69,35.0000,0.048472
MTDtemp,6000,30,70,35.5000,0.048592
MTDtemp,6000,30,71,36.0000,0.048447
MTDtemp,6000,30,72,36.5000,0.047258
MTDtemp,6000,30,73,37.0000,0.047566
MTDtemp,6000,30,74,37.5000,0.047287
MTDtemp,6000,30,75,38.0000,0.046793
MTDtemp,6000,30,76,38.5000,0.046050
MTDtemp,6000,30,77,39.0000,0.046289
MTDtemp,6000,30,78,39.5000,0.046822
MTDtemp,6000,30,79,40.0000,0.046170
MTDtemp,6000,30,80,40.5000,0.045512
MTDtemp,6000,30,81,41.0000,0.045863
MTDtemp,6000,30,82,41.5000,0.045285
MTDtemp,6000,30,83,42.0000,0.045079
MTDtemp,6000,30,84,42.5000,0.045243
MTDtemp,6000,30,85,43.0000,0.045320
MTDtemp,6000,30,86,43.5000,0.044874
MTDtemp,6000,30,87,44.0000,0.045023
MTDtemp,6000,30,88,44.5000,0.045070
MTDtemp,6000,30,89,45.0000,0.044499
MTDtemp,6000,30,90,45.5000,0.044048
MTDtemp,6000,30,91,46.0000,0.043312
MTDtemp,6000,30,92,46.5000,0.043180
MTDtemp,6000,30,93,47.0000,0.043479
MTDtemp,6000,30,94,47.5000,0.043395
MTDtemp,6000,30,95,48.0000,0.042663
MTDtemp,6000,30,96,48.5000,0.042562
MTDtemp,6000,30,97,49.0000,0.042671
MTDtemp,6000,30,98,49.5000,0.043440
MTDtemp,6000,30,99,50.0000,0.043033
MTDtemp,6000,40,0,0.5000,5.922895
MTDtemp,6000,40,1,1.0000,4.958712
MTDtemp,6000,40,2,1.5000,4.297050
MTDtemp,6000,40,3,2.0000,3.735789
MTDtemp,6000,40,4,2.5000,2.994544
MTDtemp,6000,40,5,3.0000,2.171179
MTDtemp,6000,40,6,3.5000,1.675868
MTDtemp,6000,40,7,4.0000,1.278203
MTDtemp,6000,40,8,4.5000,0.983806
MTDtemp,6000,40,9,5.0000,0.746827
MTDtemp,6000,40,10,5.5000,0.419378
MTDtemp,6000,40,11,6.0000,0.264478
MTDtemp,6000,40,12,6.5000,0.191812
MTDtemp,6000,40,13,7.0000,0.178609
MTDtemp,6000,40,14,7.5000,0.161453
MTDtemp,6000,40,15,8.0000,0.167145
MTDtemp,6000,40,16,8.5000,0.163495
MTDtemp,6000,40,17,9.0000,0.153720
MTDtemp,6000,40,18,9.5000,0.141668
MTDtemp,6000,40,19,10.0000,0.136951
MTDtemp,6000,40,20,10.5000,0.123034
MTDtemp,6000,40,21,11.0000,0.129949
MTDtemp,6000,40,22,11.5000,0.130698
MTDtemp,6000,40,23,12.0000,0.134191
MTDtemp,6000,40,24,12.5000,0.117879
MTDtemp,6000,40,25,13.0000,0.112709
MTDtemp,6000,40,26,13.5000,0.095474
MTDtemp,6000,40,27,14.0000,0.093983
MTDtemp,6000,40,28,14.5000,0.096746
MTDtemp,6000,40,29,15.0000,0.114320
MTDtemp,6000,40,30,15.5000,0.111003
MTDtemp,6000,40,31,16.0000,0.098985
MTDtemp,6000,40,32,16.5000,0.106234
MTDtemp,6000,40,33,17.0000,0.116198
MTDtemp,6000,40,34,17.5000,0.113610
MTDtemp,6000,40,35,18.0000,0.092468
MTDtemp,6000,40,36,18.5000,0.093169
MTDtemp,6000,40,37,19.0000,0.105978
MTDtemp,6000,40,38,19.5000,0.096460
MTDtemp,6000,40,39,20.0000,0.096740
MTDtemp,6000,40,40,20.5000,0.096747
MTDtemp,6000,40,41,21.0000,0.086422
MTDtemp,6000,40,42,21.5000,0.092584
MTDtemp,6000,40,43,22.0000,0.085424
MTDtemp,6000,40,44,22.5000,0.080500
MTDtemp,6000,40,45,23.0000,0.074751
MTDtemp,6000,40,46,23.5000,0.074017
MTDtemp,6000,40,47,24.0000,0.074414
MTDtemp,6000,40,48,24.5000,0.069764
MTDtemp,6000,40,49,25.0000,0.073787
MTDtemp,6000,40,50,25.5000,0.070216
MTDtemp,6000,40,51,26.0000,0.069325
MTDtemp,6000,40,52,26.5000,0.071149
MTDtemp,6000,40,53,27.0000,0.069157
MTDtemp,6000,40,54,27.5000,0.071857
MTDtemp,6000,40,55,28.0000,0.073713
MTDtemp,6000,40,56,28.5000,0.075436
MTDtemp,6000,40,57,29.0000,0.071726
MTDtemp,6000,40,58,29.5000,0.073844
MTDtemp,6000,40,59,30.0000,0.070401
MTDtemp,6000,40,60,30.5000,0.076910
MTDtemp,6000,40,61,31.0000,0.079028
MTDtemp,6000,40,62,31.5000,0.071991
MTDtemp,6000,40,63,32.0000,0.072151
MTDtemp,6000,40,64,32.5000,0.070182
MTDtemp,6000,40,65,33.0000,0.071902
MTDtemp,6000,40,66,33.5000,0.071660
MTDtemp,6000,40,67,34.0000,0.065294
MTDtemp,6000,40,68,34.5000,0.064548
MTDtemp,6000,40,69,35.0000,0.062242
MTDtemp,6000,40,70,35.5000,0.061606
MTDtemp,6000,40,71,36.0000,0.062859
MTDtemp,6000,40,72,36.5000,0.062686
MTDtemp,6000,40,73,37.0000,0.058785
MTDtemp,6000,40,74,37.5000,0.057985
MTDtemp,6000,40,75,38.0000,0.055498
MTDtemp,6000,40,76,38.5000,0.053541
MTDtemp,6000,40,77,39.0000,0.053709
MTDtemp,6000,40,78,39.5000,0.057170
MTDtemp,6000,40,79,40.0000,0.055203
MTDtemp,6000,40,80,40.5000,0.052169
MTDtemp,6000,40,81,41.0000,0.049870
MTDtemp,6000,40,82,41.5000,0.049843
MTDtemp,6000,40,83,42.0000,0.048976
MTDtemp,6000,40,84,42.5000,0.047882
MTDtemp,6000,40,85,43.0000,0.047234
MTDtemp,6000,40,86,43.5000,0.047406
MTDtemp,6000,40,87,44.0000,0.048461
MTDtemp,6000,40,88,44.5000,0.047422
MTDtemp,6000,40,89,45.0000,0.046793
MTDtemp,6000,40,90,45.5000,0.045946
MTDtemp,6000,40,91,46.0000,0.045056
MTDtemp,6000,40,92,46.5000,0.043928
MTDtemp,6000,40,93,47.0000,0.043285
MTDtemp,6000,40,94,47.5000,0.042558
MTDtemp,6000,40,95,48.0000,0.042654
MTDtemp,6000,40,96,48.5000,0.042321
MTDtemp,6000,40,97,49.0000,0.042170
MTDtemp,6000,40,98,49.5000,0.041512
MTDtemp,6000,40,99,50.0000,0.040741
MTDtemp,6000,50,0,0.5000,6.267223
MTDtemp,6000,50,1,1.0000,4.957146
MTDtemp,6000,50,2,1.5000,4.086197
MTDtemp,6000,50,3,2.0000,3.231546
MTDtemp,6000,50,4,2.5000,2.557091
MTDtemp,6000,50,5,3.0000,1.931555
MTDtemp,6000,50,6,3.5000,1.514564
MTDtemp,6000,50,7,4.0000,1.176949
MTDtemp,6000,50,8,4.5000,0.870430
MTDtemp,6000,50,9,5.0000,0.529358
MTDtemp,6000,50,10,5.5000,0.373510
MTDtemp,6000,50,11,6.0000,0.259149
MTDtemp,6000,50,12,6.5000,0.244482
MTDtemp,6000,50,13,7.0000,0.221951
MTDtemp,6000,50,14,7.5000,0.234541
MTDtemp,6000,50,15,8.0000,0.215582
MTDtemp,6000,50,16,8.5000,0.212738
MTDtemp,6000,50,17,9.0000,0.201882
MTDtemp,6000,50,18,9.5000,0.217169
MTDtemp,6000,50,19,10.0000,0.203340
MTDtemp,6000,50,20,10.5000,0.193976
MTDtemp,6000,50,21,11.0000,0.179489
MTDtemp,6000,50,22,11.5000,0.171298
MTDtemp,6000,50,23,12.0000,0.156531
MTDtemp,6000,50,24,12.5000,0.158765
MTDtemp,6000,50,25,13.0000,0.156850
MTDtemp,6000,50,26,13.5000,0.150625
MTDtemp,6000,50,27,14.0000,0.148296
MTDtemp,6000,50,28,14.5000,0.145483
MTDtemp,6000,50,29,15.0000,0.135093
MTDtemp,6000,50,30,15.5000,0.119810
MTDtemp,6000,50,31,16.0000,0.120081
MTDtemp,6000,50,32,16.5000,0.117445
MTDtemp,6000,50,33,17.0000,0.112860
MTDtemp,6000,50,34,17.5000,0.104100
MTDtemp,6000,50,35,18.0000,0.105953
MTDtemp,6000,50,36,18.5000,0.110905
MTDtemp,6000,50,37,19.0000,0.107738
MTDtemp,6000,50,38,19.5000,0.119186
MTDtemp,6000,50,39,20.0000,0.115120
MTDtemp,6000,50,40,20.5000,0.096825
MTDtemp,6000,50,41,21.0000,0.087178
MTDtemp,6000,50,42,21.5000,0.084742
MTDtemp,6000,50,43,22.0000,0.084154
MTDtemp,6000,50,44,22.5000,0.093804
MTDtemp,6000,50,45,23.0000,0.094063
MTDtemp,6000,50,46,23.5000,0.094175
MTDtemp,6000,50,47,24.0000,0.096479
MTDtemp,6000,50,48,24.5000,0.093338
MTDtemp,6000,50,49,25.0000,0.088766
MTDtemp,6000,50,50,25.5000,0.100570
MTDtemp,6000,50,51,26.0000,0.100859
MTDtemp,6000,50,52,26.5000,0.102531
MTDtemp,6000,50,53,27.0000,0.114099
MTDtemp,6000,50,54,27.5000,0.114985
MTDtemp,6000,50,55,28.0000,0.106567
MTDtemp,6000,50,56,28.5000,0.115495
MTDtemp,6000,50,57,29.0000,0.114256
MTDtemp,6000,50,58,29.5000,0.112311
MTDtemp,6000,50,59,30.0000,0.112494
MTDtemp,6000,50,60,30.5000,0.102537
MTDtemp,6000,50,61,31.0000,0.098346
MTDtemp,6000,50,62,31.5000,0.102949
MTDtemp,6000,50,63,32.0000,0.101778
MTDtemp,6000,50,64,32.5000,0.101491
MTDtemp,6000,50,65,33.0000,0.100836
MTDtemp,6000,50,66,33.5000,0.094740
MTDtemp,6000,50,67,34.0000,0.092939
MTDtemp,6000,50,68,34.5000,0.090995
MTDtemp,6000,50,69,35.0000,0.094676
MTDtemp,6000,50,70,35.5000,0.097105
MTDtemp,6000,50,71,36.0000,0.098663
MTDtemp,6000,50,72,36.5000,0.101592
MTDtemp,6000,50,73,37.0000,0.100916
MTDtemp,6000,50,74,37.5000,0.104678
MTDtemp,6000,50,75,38.0000,0.106365
MTDtemp,6000,50,76,38.5000,0.105828
MTDtemp,6000,50,77,39.0000,0.100923
MTDtemp,6000,50,78,39.5000,0.106463
MTDtemp,6000,50,79,40.0000,0.104238
MTDtemp,6000,50,80,40.5000,0.098308
MTDtemp,6000,50,81,41.0000,0.101151
MTDtemp,6000,50,82,41.5000,0.100813
MTDtemp,6000,50,83,42.0000,0.098561
MTDtemp,6000,50,84,42.5000,0.099045
MTDtemp,6000,50,85,43.0000,0.103509
MTDtemp,6000,50,86,43.5000,0.102252
MTDtemp,6000,50,87,44.0000,0.101904
MTDtemp,6000,50,88,44.5000,0.100002
MTDtemp,6000,50,89,45.0000,0.099603
MTDtemp,6000,50,90,45.5000,0.099666
MTDtemp,6000,50,91,46.0000,0.096397
MTDtemp,6000,50,92,46.5000,0.095159
MTDtemp,6000,50,93,47.0000,0.093243
MTDtemp,6000,50,94,47.5000,0.096113
MTDtemp,6000,50,95,48.0000,0.095970
MTDtemp,6000,50,96,48.5000,0.094012
MTDtemp,6000,50,97,49.0000,0.090821
MTDtemp,6000,50,98,49.5000,0.088947
MTDtemp,6000,50,99,50.0000,0.092520
MTDwidth,0.5,10,0,0.5000,6.506043
MTDwidth,0.5,10,1,1.0000,5.258060
MTDwidth,0.5,10,2,1.5000,4.581961
MTDwidth,0.5,10,3,2.0000,4.280982
MTDwidth,0.5,10,4,2.5000,3.889257
MTDwidth,0.5,10,5,3.0000,3.507325
MTDwidth,0.5,10,6,3.5000,3.110314
MTDwidth,0.5,10,7,4.0000,2.785984
MTDwidth,0.5,10,8,4.5000,2.549582
MTDwidth,0.5,10,9,5.0000,2.233174
MTDwidth,0.5,10,10,5.5000,2.004840
MTDwidth,0.5,10,11,6.0000,1.769282
MTDwidth,0.5,10,12,6.5000,1.636801
MTDwidth,0.5,10,13,7.0000,1.325832
MTDwidth,0.5,10,14,7.5000,1.113594
MTDwidth,0.5,10,15,8.0000,1.101152
MTDwidth,0.5,10,16,8.5000,1.068946
MTDwidth,0.5,10,17,9.0000,0.896734
MTDwidth,0.5,10,18,9.5000,0.789486
MTDwidth,0.5,10,19,10.0000,0.657787
MTDwidth,0.5,10,20,10.5000,0.536719
MTDwidth,0.5,10,21,11.0000,0.417657
MTDwidth,0.5,10,22,11.5000,0.308092
MTDwidth,0.5,10,23,12.0000,0.270532
MTDwidth,0.5,10,24,12.5000,0.237323
MTDwidth,0.5,10,25,13.0000,0.177022
MTDwidth,0.5,10,26,13.5000,0.215435
MTDwidth,0.5,10,27,14.0000,0.151143
MTDwidth,0.5,10,28,14.5000,0.141395
MTDwidth,0.5,10,29,15.0000,0.147441
MTDwidth,0.5,10,30,15.5000,0.130840
MTDwidth,0.5,10,31,16.0000,0.118284
MTDwidth,0.5,10,32,16.5000,0.110936
MTDwidth,0.5,10,33,17.0000,0.105107
MTDwidth,0.5,10,34,17.5000,0.097301
MTDwidth,0.5,10,35,18.0000,0.091964
MTDwidth,0.5,10,36,18.5000,0.082541
MTDwidth,0.5,10,37,19.0000,0.077388
MTDwidth,0.5,10,38,19.5000,0.077203
MTDwidth,0.5,10,39,20.0000,0.074751
MTDwidth,0.5,10,40,20.5000,0.075339
MTDwidth,0.5,10,41,21.0000,0.074317
MTDwidth,0.5,10,42,21.5000,0.073370
MTDwidth,0.5,10,43,22.0000,0.072179
MTDwidth,0.5,10,44,22.5000,0.072404
MTDwidth,0.5,10,45,23.0000,0.073282
MTDwidth,0.5,10,46,23.5000,0.072831
MTDwidth,0.5,10,47,24.0000,0.071352
MTDwidth,0.5,10,48,24.5000,0.069893
MTDwidth,0.5,10,49,25.0000,0.068992
MTDwidth,0.5,10,50,25.5000,0.068163
MTDwidth,0.5,10,51,26.0000,0.068828
MTDwidth,0.5,10,52,26.5000,0.069301
MTDwidth,0.5,10,53,27.0000,0.068335
MTDwidth,0.5,10,54,27.5000,0.067663
MTDwidth,0.5,10,55,28.0000,0.067811
MTDwidth,0.5,10,56,28.5000,0.067399
MTDwidth,0.5,10,57,29.0000,0.066818
MTDwidth,0.5,10,58,29.5000,0.066805
MTDwidth,0.5,10,59,30.0000,0.066656
MTDwidth,0.5,10,60,30.5000,0.066487
MTDwidth,0.5,10,61,31.0000,0.065638
MTDwidth,0.5,10,62,31.5000,0.064648
MTDwidth,0.5,10,63,32.0000,0.065674
MTDwidth,0.5,10,64,32.5000,0.065274
MTDwidth,0.5,10,65,33.0000,0.065403
MTDwidth,0.5,10,66,33.5000,0.066372
MTDwidth,0.5,10,67,34.0000,0.065602
MTDwidth,0.5,10,68,34.5000,0.065380
MTDwidth,0.5,10,69,35.0000,0.066111
MTDwidth,0.5,10,70,35.5000,0.065065
MTDwidth,0.5,10,71,36.0000,0.067222
MTDwidth,0.5,10,72,36.5000,0.067443
MTDwidth,0.5,10,73,37.0000,0.066639
MTDwidth,0.5,10,74,37.5000,0.068546
MTDwidth,0.5,10,75,38.0000,0.070653
MTDwidth,0.5,10,76,38.5000,0.072556
MTDwidth,0.5,10,77,39.0000,0.071173
MTDwidth,0.5,10,78,39.5000,0.073083
MTDwidth,0.5,10,79,40.0000,0.073678
MTDwidth,0.5,10,80,40.5000,0.072342
MTDwidth,0.5,10,81,41.0000,0.075269
MTDwidth,0.5,10,82,41.5000,0.076461
MTDwidth,0.5,10,83,42.0000,0.077049
MTDwidth,0.5,10,84,42.5000,0.073108
MTDwidth,0.5,10,85,43.0000,0.071359
MTDwidth,0.5,10,86,43.5000,0.070715
MTDwidth,0.5,10,87,44.0000,0.072315
MTDwidth,0.5,10,88,44.5000,0.071194
MTDwidth,0.5,10,89,45.0000,0.069807
MTDwidth,0.5,10,90,45.5000,0.074238
MTDwidth,0.5,10,91,46.0000,0.072203
MTDwidth,0.5,10,92,46.5000,0.071950
MTDwidth,0.5,10,93,47.0000,0.069653
MTDwidth,0.5,10,94,47.5000,0.071841
MTDwidth,0.5,10,95,48.0000,0.071225
MTDwidth,0.5,10,96,48.5000,0.072235
MTDwidth,0.5,10,97,49.0000,0.072796
MTDwidth,0.5,10,98,49.5000,0.073876
MTDwidth,0.5,10,99,50.0000,0.077738
MTDwidth,0.5,20,0,0.5000,6.318033
MTDwidth,0.5,20,1,1.0000,5.257937
MTDwidth,0.5,20,2,1.5000,4.554737
MTDwidth,0.5,20,3,2.0000,4.125777
MTDwidth,0.5,20,4,2.5000,3.523353
MTDwidth,0.5,20,5,3.0000,3.317908
MTDwidth,0.5,20,6,3.5000,2.961900
MTDwidth,0.5,20,7,4.0000,2.703150
MTDwidth,0.5,20,8,4.5000,2.479362
MTDwidth,0.5,20,9,5.0000,2.119131
MTDwidth,0.5,20,10,5.5000,1.914797
MTDwidth,0.5,20,11,6.0000,1.707442
MTDwidth,0.5,20,12,6.5000,1.516462
MTDwidth,0.5,20,13,7.0000,1.396378
MTDwidth,0.5,20,14,7.5000,1.157415
MTDwidth,0.5,20,15,8.0000,1.097468
MTDwidth,0.5,20,16,8.5000,0.967939
MTDwidth,0.5,20,17,9.0000,0.795431
MTDwidth,0.5,20,18,9.5000,0.732866
MTDwidth,0.5,20,19,10.0000,0.630701
MTDwidth,0.5,20,20,10.5000,0.557986
MTDwidth,0.5,20,21,11.0000,0.462163
MTDwidth,0.5,20,22,11.5000,0.381845
MTDwidth,0.5,20,23,12.0000,0.342371
MTDwidth,0.5,20,24,12.5000,0.294825
MTDwidth,0.5,20,25,13.0000,0.230436
MTDwidth,0.5,20,26,13.5000,0.187847
MTDwidth,0.5,20,27,14.0000,0.162253
MTDwidth,0.5,20,28,14.5000,0.174500
MTDwidth,0.5,20,29,15.0000,0.166504
MTDwidth,0.5,20,30,15.5000,0.173310
MTDwidth,0.5,20,31,16.0000,0.138765
MTDwidth,0.5,20,32,16.5000,0.128555
MTDwidth,0.5,20,33,17.0000,0.116621
MTDwidth,0.5,20,34,17.5000,0.112634
MTDwidth,0.5,20,35,18.0000,0.112397
MTDwidth,0.5,20,36,18.5000,0.113106
MTDwidth,0.5,20,37,19.0000,0.107298
MTDwidth,0.5,20,38,19.5000,0.106327
MTDwidth,0.5,20,39,20.0000,0.109296
MTDwidth,0.5,20,40,20.5000,0.103322
MTDwidth,0.5,20,41,21.0000,0.099950
MTDwidth,0.5,20,42,21.5000,0.097977
MTDwidth,0.5,20,43,22.0000,0.094282
MTDwidth,0.5,20,44,22.5000,0.097314
MTDwidth,0.5,20,45,23.0000,0.095238
MTDwidth,0.5,20,46,23.5000,0.094590
MTDwidth,0.5,20,47,24.0000,0.090053
MTDwidth,0.5,20,48,24.5000,0.089731
MTDwidth,0.5,20,49,25.0000,0.089508
MTDwidth,0.5,20,50,25.5000,0.090990
MTDwidth,0.5,20,51,26.0000,0.088839
MTDwidth,0.5,20,52,26.5000,0.095865
MTDwidth,0.5,20,53,27.0000,0.098737
MTDwidth,0.5,20,54,27.5000,0.095832
MTDwidth,0.5,20,55,28.0000,0.095533
MTDwidth,0.5,20,56,28.5000,0.093322
MTDwidth,0.5,20,57,29.0000,0.093483
MTDwidth,0.5,20,58,29.5000,0.091431
MTDwidth,0.5,20,59,30.0000,0.090808
MTDwidth,0.5,20,60,30.5000,0.090309
MTDwidth,0.5,20,61,31.0000,0.091025
MTDwidth,0.5,20,62,31.5000,0.090173
MTDwidth,0.5,20,63,32.0000,0.090034
MTDwidth,0.5,20,64,32.5000,0.087366
MTDwidth,0.5,20,65,33.0000,0.088961
MTDwidth,0.5,20,66,33.5000,0.092946
MTDwidth,0.5,20,67,34.0000,0.093431
MTDwidth,0.5,20,68,34.5000,0.093984
MTDwidth,0.5,20,69,35.0000,0.093665
MTDwidth,0.5,20,70,35.5000,0.097944
MTDwidth,0.5,20,71,36.0000,0.094094
MTDwidth,0.5,20,72,36.5000,0.093923
MTDwidth,0.5,20,73,37.0000,0.090483
MTDwidth,0.5,20,74,37.5000,0.087681
MTDwidth,0.5,20,75,38.0000,0.085101
MTDwidth,0.5,20,76,38.5000,0.088763
MTDwidth,0.5,20,77,39.0000,0.088311
MTDwidth,0.5,20,78,39.5000,0.087903
MTDwidth,0.5,20,79,40.0000,0.090741
MTDwidth,0.5,20,80,40.5000,0.089316
MTDwidth,0.5,20,81,41.0000,0.087298
MTDwidth,0.5,20,82,41.5000,0.090495
MTDwidth,0.5,20,83,42.0000,0.090793
MTDwidth,0.5,20,84,42.5000,0.091619
MTDwidth,0.5,20,85,43.0000,0.097978
MTDwidth,0.5,20,86,43.5000,0.097727
MTDwidth,0.5,20,87,44.0000,0.095778
MTDwidth,0.5,20,88,44.5000,0.094411
MTDwidth,0.5,20,89,45.0000,0.094340
MTDwidth,0.5,20,90,45.5000,0.094362
MTDwidth,0.5,20,91,46.0000,0.098345
MTDwidth,0.5,20,92,46.5000,0.095822
MTDwidth,0.5,20,93,47.0000,0.093599
MTDwidth,0.5,20,94,47.5000,0.095201
MTDwidth,0.5,20,95,48.0000,0.095819
MTDwidth,0.5,20,96,48.5000,0.094185
MTDwidth,0.5,20,97,49.0000,0.090035
MTDwidth,0.5,20,98,49.5000,0.088271
MTDwidth,0.5,20,99,50.0000,0.090292
MTDwidth,0.5,30,0,0.5000,6.394689
MTDwidth,0.5,30,1,1.0000,5.139203
MTDwidth,0.5,30,2,1.5000,4.416443
MTDwidth,0.5,30,3,2.0000,4.029216
MTDwidth,0.5,30,4,2.5000,3.579895
MTDwidth,0.5,30,5,3.0000,3.321324
MTDwidth,0.5,30,6,3.5000,2.803387
MTDwidth,0.5,30,7,4.0000,2.503505
MTDwidth,0.5,30,8,4.5000,2.137212
MTDwidth,0.5,30,9,5.0000,1.827444
MTDwidth,0.5,30,10,5.5000,1.744197
MTDwidth,0.5,30,11,6.0000,1.585214
MTDwidth,0.5,30,12,6.5000,1.433541
MTDwidth,0.5,30,13,7.0000,1.196342
MTDwidth,0.5,30,14,7.5000,1.053652
MTDwidth,0.5,30,15,8.0000,0.889997
MTDwidth,0.5,30,16,8.5000,0.798202
MTDwidth,0.5,30,17,9.0000,0.647570
MTDwidth,0.5,30,18,9.5000,0.584590
MTDwidth,0.5,30,19,10.0000,0.487313
MTDwidth,0.5,30,20,10.5000,0.417084
MTDwidth,0.5,30,21,11.0000,0.312698
MTDwidth,0.5,30,22,11.5000,0.262113
MTDwidth,0.5,30,23,12.0000,0.261029
MTDwidth,0.5,30,24,12.5000,0.272239
MTDwidth,0.5,30,25,13.0000,0.281664
MTDwidth,0.5,30,26,13.5000,0.245929
MTDwidth,0.5,30,27,14.0000,0.242348
MTDwidth,0.5,30,28,14.5000,0.195129
MTDwidth,0.5,30,29,15.0000,0.175479
MTDwidth,0.5,30,30,15.5000,0.173950
MTDwidth,0.5,30,31,16.0000,0.171234
MTDwidth,0.5,30,32,16.5000,0.177200
MTDwidth,0.5,30,33,17.0000,0.169358
MTDwidth,0.5,30,34,17.5000,0.168772
MTDwidth,0.5,30,35,18.0000,0.166578
MTDwidth,0.5,30,36,18.5000,0.158909
MTDwidth,0.5,30,37,19.0000,0.162748
MTDwidth,0.5,30,38,19.5000,0.165377
MTDwidth,0.5,30,39,20.0000,0.162578
MTDwidth,0.5,30,40,20.5000,0.154302
MTDwidth,0.5,30,41,21.0000,0.159770
MTDwidth,0.5,30,42,21.5000,0.158608
MTDwidth,0.5,30,43,22.0000,0.147844
MTDwidth,0.5,30,44,22.5000,0.155370
MTDwidth,0.5,30,45,23.0000,0.148072
MTDwidth,0.5,30,46,23.5000,0.144810
MTDwidth,0.5,30,47,24.0000,0.145121
MTDwidth,0.5,30,48,24.5000,0.140128
MTDwidth,0.5,30,49,25.0000,0.143597
MTDwidth,0.5,30,50,25.5000,0.145865
MTDwidth,0.5,30,51,26.0000,0.145564
MTDwidth,0.5,30,52,26.5000,0.151375
MTDwidth,0.5,30,53,27.0000,0.151872
MTDwidth,0.5,30,54,27.5000,0.150643
MTDwidth,0.5,30,55,28.0000,0.144510
MTDwidth,0.5,30,56,28.5000,0.143874
MTDwidth,0.5,30,57,29.0000,0.146322
MTDwidth,0.5,30,58,29.5000,0.144819
MTDwidth,0.5,30,59,30.0000,0.139253
MTDwidth,0.5,30,60,30.5000,0.138274
MTDwidth,0.5,30,61,31.0000,0.134590
MTDwidth,0.5,30,62,31.5000,0.131817
MTDwidth,0.5,30,63,32.0000,0.134255
MTDwidth,0.5,30,64,32.5000,0.129507
MTDwidth,0.5,30,65,33.0000,0.130332
MTDwidth,0.5,30,66,33.5000,0.135704
MTDwidth,0.5,30,67,34.0000,0.129048
MTDwidth,0.5,30,68,34.5000,0.123295
MTDwidth,0.5,30,69,35.0000,0.121495
MTDwidth,0.5,30,70,35.5000,0.119806
MTDwidth,0.5,30,71,36.0000,0.118841
MTDwidth,0.5,30,72,36.5000,0.116731
MTDwidth,0.5,30,73,37.0000,0.113001
MTDwidth,0.5,30,74,37.5000,0.114110
MTDwidth,0.5,30,75,38.0000,0.117114
MTDwidth,0.5,30,76,38.5000,0.112659
MTDwidth,0.5,30,77,39.0000,0.110600
MTDwidth,0.5,30,78,39.5000,0.111171
MTDwidth,0.5,30,79,40.0000,0.108284
MTDwidth,0.5,30,80,40.5000,0.109981
MTDwidth,0.5,30,81,41.0000,0.103184
MTDwidth,0.5,30,82,41.5000,0.099655
MTDwidth,0.5,30,83,42.0000,0.097361
MTDwidth,0.5,30,84,42.5000,0.100201
MTDwidth,0.5,30,85,43.0000,0.094596
MTDwidth,0.5,30,86,43.5000,0.093082
MTDwidth,0.5,30,87,44.0000,0.092167
MTDwidth,0.5,30,88,44.5000,0.090842
MTDwidth,0.5,30,89,45.0000,0.088676
MTDwidth,0.5,30,90,45.5000,0.093697
MTDwidth,0.5,30,91,46.0000,0.092820
MTDwidth,0.5,30,92,46.5000,0.086632
MTDwidth,0.5,30,93,47.0000,0.087163
MTDwidth,0.5,30,94,47.5000,0.085248
MTDwidth,0.5,30,95,48.0000,0.083939
MTDwidth,0.5,30,96,48.5000,0.083016
MTDwidth,0.5,30,97,49.0000,0.083137
MTDwidth,0.5,30,98,49.5000,0.081898
MTDwidth,0.5,30,99,50.0000,0.078632
MTDwidth,0.5,40,0,0.5000,6.040329
MTDwidth,0.5,40,1,1.0000,5.150255
MTDwidth,0.5,40,2,1.5000,4.583423
MTDwidth,0.5,40,3,2.0000,4.366785
MTDwidth,0.5,40,4,2.5000,3.740792
MTDwidth,0.5,40,5,3.0000,3.337299
MTDwidth,0.5,40,6,3.5000,2.973997
MTDwidth,0.5,40,7,4.0000,2.667679
MTDwidth,0.5,40,8,4.5000,2.512879
MTDwidth,0.5,40,9,5.0000,2.338814
MTDwidth,0.5,40,10,5.5000,2.021377
MTDwidth,0.5,40,11,6.0000,1.829965
MTDwidth,0.5,40,12,6.5000,1.600215
MTDwidth,0.5,40,13,7.0000,1.441778
MTDwidth,0.5,40,14,7.5000,1.264716
MTDwidth,0.5,40,15,8.0000,1.120655
MTDwidth,0.5,40,16,8.5000,0.977193
MTDwidth,0.5,40,17,9.0000,0.869269
MTDwidth,0.5,40,18,9.5000,0.797259
MTDwidth,0.5,40,19,10.0000,0.715188
MTDwidth,0.5,40,20,10.5000,0.600551
MTDwidth,0.5,40,21,11.0000,0.548045
MTDwidth,0.5,40,22,11.5000,0.475825
MTDwidth,0.5,40,23,12.0000,0.426678
MTDwidth,0.5,40,24,12.5000,0.337061
MTDwidth,0.5,40,25,13.0000,0.320868
MTDwidth,0.5,40,26,13.5000,0.293602
MTDwidth,0.5,40,27,14.0000,0.236776
MTDwidth,0.5,40,28,14.5000,0.199658
MTDwidth,0.5,40,29,15.0000,0.179416
MTDwidth,0.5,40,30,15.5000,0.137009
MTDwidth,0.5,40,31,16.0000,0.117228
MTDwidth,0.5,40,32,16.5000,0.109242
MTDwidth,0.5,40,33,17.0000,0.101316
MTDwidth,0.5,40,34,17.5000,0.103062
MTDwidth,0.5,40,35,18.0000,0.094032
MTDwidth,0.5,40,36,18.5000,0.097327
MTDwidth,0.5,40,37,19.0000,0.097763
MTDwidth,0.5,40,38,19.5000,0.092743
MTDwidth,0.5,40,39,20.0000,0.088269
MTDwidth,0.5,40,40,20.5000,0.087106
MTDwidth,0.5,40,41,21.0000,0.084030
MTDwidth,0.5,40,42,21.5000,0.084350
MTDwidth,0.5,40,43,22.0000,0.083617
MTDwidth,0.5,40,44,22.5000,0.083615
MTDwidth,0.5,40,45,23.0000,0.082914
MTDwidth,0.5,40,46,23.5000,0.082764
MTDwidth,0.5,40,47,24.0000,0.080464
MTDwidth,0.5,40,48,24.5000,0.079324
MTDwidth,0.5,40,49,25.0000,0.080160
MTDwidth,0.5,40,50,25.5000,0.078403
MTDwidth,0.5,40,51,26.0000,0.078270
MTDwidth,0.5,40,52,26.5000,0.077091
MTDwidth,0.5,40,53,27.0000,0.076440
MTDwidth,0.5,40,54,27.5000,0.075912
MTDwidth,0.5,40,55,28.0000,0.076384
MTDwidth,0.5,40,56,28.5000,0.073954
MTDwidth,0.5,40,57,29.0000,0.073964
MTDwidth,0.5,40,58,29.5000,0.073579
MTDwidth,0.5,40,59,30.0000,0.073216
MTDwidth,0.5,40,60,30.5000,0.072336
MTDwidth,0.5,40,61,31.0000,0.071805
MTDwidth,0.5,40,62,31.5000,0.071642
MTDwidth,0.5,40,63,32.0000,0.070511
MTDwidth,0.5,40,64,32.5000,0.071154
MTDwidth,0.5,40,65,33.0000,0.071431
MTDwidth,0.5,40,66,33.5000,0.071328
MTDwidth,0.5,40,67,34.0000,0.071549
MTDwidth,0.5,40,68,34.5000,0.071789
MTDwidth,0.5,40,69,35.0000,0.071288
MTDwidth,0.5,40,70,35.5000,0.070585
MTDwidth,0.5,40,71,36.0000,0.070085
MTDwidth,0.5,40,72,36.5000,0.070381
MTDwidth,0.5,40,73,37.0000,0.069925
MTDwidth,0.5,40,74,37.5000,0.070151
MTDwidth,0.5,40,75,38.0000,0.071268
MTDwidth,0.5,40,76,38.5000,0.069949
MTDwidth,0.5,40,77,39.0000,0.070088
MTDwidth,0.5,40,78,39.5000,0.069773
MTDwidth,0.5,40,79,40.0000,0.069694
MTDwidth,0.5,40,80,40.5000,0.068760
MTDwidth,0.5,40,81,41.0000,0.068603
MTDwidth,0.5,40,82,41.5000,0.068817
MTDwidth,0.5,40,83,42.0000,0.069011
MTDwidth,0.5,40,84,42.5000,0.069398
MTDwidth,0.5,40,85,43.0000,0.070037
MTDwidth,0.5,40,86,43.5000,0.070573
MTDwidth,0.5,40,87,44.0000,0.070285
MTDwidth,0.5,40,88,44.5000,0.071084
MTDwidth,0.5,40,89,45.0000,0.070954
MTDwidth,0.5,40,90,45.5000,0.071341
MTDwidth,0.5,40,91,46.0000,0.070782
MTDwidth,0.5,40,92,46.5000,0.070595
MTDwidth,0.5,40,93,47.0000,0.069927
MTDwidth,0.5,40,94,47.5000,0.069844
MTDwidth,0.5,40,95,48.0000,0.070448
MTDwidth,0.5,40,96,48.5000,0.070930
MTDwidth,0.5,40,97,49.0000,0.071394
MTDwidth,0.5,40,98,49.5000,0.071428
MTDwidth,0.5,40,99,50.0000,0.071016
MTDwidth,0.5,50,0,0.5000,6.345737
MTDwidth,0.5,50,1,1.0000,5.773371
MTDwidth,0.5,50,2,1.5000,4.917935
MTDwidth,0.5,50,3,2.0000,4.472517
MTDwidth,0.5,50,4,2.5000,4.048825
MTDwidth,0.5,50,5,3.0000,3.624698
MTDwidth,0.5,50,6,3.5000,3.230769
MTDwidth,0.5,50,7,4.0000,2.953382
MTDwidth,0.5,50,8,4.5000,2.645299
MTDwidth,0.5,50,9,5.0000,2.365534
MTDwidth,0.5,50,10,5.5000,2.180933
MTDwidth,0.5,50,11,6.0000,1.999495
MTDwidth,0.5,50,12,6.5000,1.699579
MTDwidth,0.5,50,13,7.0000,1.652759
MTDwidth,0.5,50,14,7.5000,1.422524
MTDwidth,0.5,50,15,8.0000,1.297019
MTDwidth,0.5,50,16,8.5000,1.233005
MTDwidth,0.5,50,17,9.0000,1.100982
MTDwidth,0.5,50,18,9.5000,1.004769
MTDwidth,0.5,50,19,10.0000,0.770276
MTDwidth,0.5,50,20,10.5000,0.654398
MTDwidth,0.5,50,21,11.0000,0.592721
MTDwidth,0.5,50,22,11.5000,0.550549
MTDwidth,0.5,50,23,12.0000,0.474550
MTDwidth,0.5,50,24,12.5000,0.429399
MTDwidth,0.5,50,25,13.0000,0.396610
MTDwidth,0.5,50,26,13.5000,0.390650
MTDwidth,0.5,50,27,14.0000,0.326161
MTDwidth,0.5,50,28,14.5000,0.243983
MTDwidth,0.5,50,29,15.0000,0.233426
MTDwidth,0.5,50,30,15.5000,0.168409
MTDwidth,0.5,50,31,16.0000,0.174295
MTDwidth,0.5,50,32,16.5000,0.172384
MTDwidth,0.5,50,33,17.0000,0.160576
MTDwidth,0.5,50,34,17.5000,0.162600
MTDwidth,0.5,50,35,18.0000,0.150809
MTDwidth,0.5,50,36,18.5000,0.138083
MTDwidth,0.5,50,37,19.0000,0.123838
MTDwidth,0.5,50,38,19.5000,0.126230
MTDwidth,0.5,50,39,20.0000,0.121563
MTDwidth,0.5,50,40,20.5000,0.120523
MTDwidth,0.5,50,41,21.0000,0.122353
MTDwidth,0.5,50,42,21.5000,0.113208
MTDwidth,0.5,50,43,22.0000,0.111689
MTDwidth,0.5,50,44,22.5000,0.113731
MTDwidth,0.5,50,45,23.0000,0.108260
MTDwidth,0.5,50,46,23.5000,0.105465
MTDwidth,0.5,50,47,24.0000,0.107050
MTDwidth,0.5,50,48,24.5000,0.105859
MTDwidth,0.5,50,49,25.0000,0.099067
MTDwidth,0.5,50,50,25.5000,0.095939
MTDwidth,0.5,50,51,26.0000,0.094297
MTDwidth,0.5,50,52,26.5000,0.094288
MTDwidth,0.5,50,53,27.0000,0.093808
MTDwidth,0.5,50,54,27.5000,0.091468
MTDwidth,0.5,50,55,28.0000,0.088144
MTDwidth,0.5,50,56,28.5000,0.087882
MTDwidth,0.5,50,57,29.0000,0.087072
MTDwidth,0.5,50,58,29.5000,0.087867
MTDwidth,0.5,50,59,30.0000,0.088843
MTDwidth,0.5,50,60,30.5000,0.091507
MTDwidth,0.5,50,61,31.0000,0.092829
MTDwidth,0.5,50,62,31.5000,0.095657
MTDwidth,0.5,50,63,32.0000,0.097623
MTDwidth,0.5,50,64,32.5000,0.099563
MTDwidth,0.5,50,65,33.0000,0.099437
MTDwidth,0.5,50,66,33.5000,0.095957
MTDwidth,0.5,50,67,34.0000,0.094454
MTDwidth,0.5,50,68,34.5000,0.094400
MTDwidth,0.5,50,69,35.0000,0.096591
MTDwidth,0.5,50,70,35.5000,0.097248
MTDwidth,0.5,50,71,36.0000,0.093981
MTDwidth,0.5,50,72,36.5000,0.094374
MTDwidth,0.5,50,73,37.0000,0.093282
MTDwidth,0.5,50,74,37.5000,0.092748
MTDwidth,0.5,50,75,38.0000,0.093985
MTDwidth,0.5,50,76,38.5000,0.090949
MTDwidth,0.5,50,77,39.0000,0.090543
MTDwidth,0.5,50,78,39.5000,0.088744
MTDwidth,0.5,50,79,40.0000,0.089181
MTDwidth,0.5,50,80,40.5000,0.088953
MTDwidth,0.5,50,81,41.0000,0.087833
MTDwidth,0.5,50,82,41.5000,0.088671
MTDwidth,0.5,50,83,42.0000,0.090495
MTDwidth,0.5,50,84,42.5000,0.089173
MTDwidth,0.5,50,85,43.0000,0.089454
MTDwidth,0.5,50,86,43.5000,0.089998
MTDwidth,0.5,50,87,44.0000,0.090456
MTDwidth,0.5,50,88,44.5000,0.091627
MTDwidth,0.5,50,89,45.0000,0.091874
MTDwidth,0.5,50,90,45.5000,0.090731
MTDwidth,0.5,50,91,46.0000,0.089747
MTDwidth,0.5,50,92,46.5000,0.088192
MTDwidth,0.5,50,93,47.0000,0.087547
MTDwidth,0.5,50,94,47.5000,0.088163
MTDwidth,0.5,50,95,48.0000,0.088558
MTDwidth,0.5,50,96,48.5000,0.089861
MTDwidth,0.5,50,97,49.0000,0.090037
MTDwidth,0.5,50,98,49.5000,0.090421
MTDwidth,0.5,50,99,50.0000,0.089942
MTDwidth,10,10,0,0.5000,4.618868
MTDwidth,10,10,1,1.0000,2.278416
MTDwidth,10,10,2,1.5000,0.915137
MTDwidth,10,10,3,2.0000,0.349326
MTDwidth,10,10,4,2.5000,0.218322
MTDwidth,10,10,5,3.0000,0.188215
MTDwidth,10,10,6,3.5000,0.166282
MTDwidth,10,10,7,4.0000,0.153288
MTDwidth,10,10,8,4.5000,0.154259
MTDwidth,10,10,9,5.0000,0.141697
MTDwidth,10,10,10,5.5000,0.165780
MTDwidth,10,10,11,6.0000,0.153639
MTDwidth,10,10,12,6.5000,0.143387
MTDwidth,10,10,13,7.0000,0.135676
MTDwidth,10,10,14,7.5000,0.132815
MTDwidth,10,10,15,8.0000,0.125558
MTDwidth,10,10,16,8.5000,0.124262
MTDwidth,10,10,17,9.0000,0.118165
MTDwidth,10,10,18,9.5000,0.103007
MTDwidth,10,10,19,10.0000,0.102846
MTDwidth,10,10,20,10.5000,0.096193
MTDwidth,10,10,21,11.0000,0.093235
MTDwidth,10,10,22,11.5000,0.088024
MTDwidth,10,10,23,12.0000,0.087800
MTDwidth,10,10,24,12.5000,0.087881
MTDwidth,10,10,25,13.0000,0.089592
MTDwidth,10,10,26,13.5000,0.089721
MTDwidth,10,10,27,14.0000,0.091957
MTDwidth,10,10,28,14.5000,0.084279
MTDwidth,10,10,29,15.0000,0.077067
MTDwidth,10,10,30,15.5000,0.076323
MTDwidth,10,10,31,16.0000,0.073413
MTDwidth,10,10,32,16.5000,0.075245
MTDwidth,10,10,33,17.0000,0.083587
MTDwidth,10,10,34,17.5000,0.080455
MTDwidth,10,10,35,18.0000,0.077915
MTDwidth,10,10,36,18.5000,0.074106
MTDwidth,10,10,37,19.0000,0.065776
MTDwidth,10,10,38,19.5000,0.062478
MTDwidth,10,10,39,20.0000,0.062127
MTDwidth,10,10,40,20.5000,0.061557
MTDwidth,10,10,41,21.0000,0.061476
MTDwidth,10,10,42,21.5000,0.060877
MTDwidth,10,10,43,22.0000,0.060152
MTDwidth,10,10,44,22.5000,0.058773
MTDwidth,10,10,45,23.0000,0.058044
MTDwidth,10,10,46,23.5000,0.057358
MTDwidth,10,10,47,24.0000,0.056320
MTDwidth,10,10,48,24.5000,0.056100
MTDwidth,10,10,49,25.0000,0.056211
MTDwidth,10,10,50,25.5000,0.053895
MTDwidth,10,10,51,26.0000,0.054563
MTDwidth,10,10,52,26.5000,0.053701
MTDwidth,10,10,53,27.0000,0.052264
MTDwidth,10,10,54,27.5000,0.051284
MTDwidth,10,10,55,28.0000,0.050441
MTDwidth,10,10,56,28.5000,0.049982
MTDwidth,10,10,57,29.0000,0.050525
MTDwidth,10,10,58,29.5000,0.049289
MTDwidth,10,10,59,30.0000,0.048785
MTDwidth,10,10,60,30.5000,0.048136
MTDwidth,10,10,61,31.0000,0.046096
MTDwidth,10,10,62,31.5000,0.045443
MTDwidth,10,10,63,32.0000,0.045268
MTDwidth,10,10,64,32.5000,0.044142
MTDwidth,10,10,65,33.0000,0.043908
MTDwidth,10,10,66,33.5000,0.043972
MTDwidth,10,10,67,34.0000,0.044366
MTDwidth,10,10,68,34.5000,0.044006
MTDwidth,10,10,69,35.0000,0.043699
MTDwidth,10,10,70,35.5000,0.043650
MTDwidth,10,10,71,36.0000,0.042380
MTDwidth,10,10,72,36.5000,0.044539
MTDwidth,10,10,73,37.0000,0.043797
MTDwidth,10,10,74,37.5000,0.042383
MTDwidth,10,10,75,38.0000,0.042416
MTDwidth,10,10,76,38.5000,0.041815
MTDwidth,10,10,77,39.0000,0.040606
MTDwidth,10,10,78,39.5000,0.040328
MTDwidth,10,10,79,40.0000,0.040286
MTDwidth,10,10,80,40.5000,0.039685
MTDwidth,10,10,81,41.0000,0.039409
MTDwidth,10,10,82,41.5000,0.039344
MTDwidth,10,10,83,42.0000,0.039105
MTDwidth,10,10,84,42.5000,0.038906
MTDwidth,10,10,85,43.0000,0.038412
MTDwidth,10,10,86,43.5000,0.038244
MTDwidth,10,10,87,44.0000,0.038203
MTDwidth,10,10,88,44.5000,0.037883
MTDwidth,10,10,89,45.0000,0.038208
MTDwidth,10,10,90,45.5000,0.037121
MTDwidth,10,10,91,46.0000,0.036674
MTDwidth,10,10,92,46.5000,0.036604
MTDwidth,10,10,93,47.0000,0.036900
MTDwidth,10,10,94,47.5000,0.037239
MTDwidth,10,10,95,48.0000,0.038017
MTDwidth,10,10,96,48.5000,0.037028
MTDwidth,10,10,97,49.0000,0.036590
MTDwidth,10,10,98,49.5000,0.036692
MTDwidth,10,10,99,50.0000,0.036343
MTDwidth,10,20,0,0.5000,4.882154
MTDwidth,10,20,1,1.0000,2.300838
MTDwidth,10,20,2,1.5000,1.035889
MTDwidth,10,20,3,2.0000,0.411985
MTDwidth,10,20,4,2.5000,0.198516
MTDwidth,10,20,5,3.0000,0.169390
MTDwidth,10,20,6,3.5000,0.137695
MTDwidth,10,20,7,4.0000,0.153188
MTDwidth,10,20,8,4.5000,0.119475
MTDwidth,10,20,9,5.0000,0.120260
MTDwidth,10,20,10,5.5000,0.113293
MTDwidth,10,20,11,6.0000,0.107220
MTDwidth,10,20,12,6.5000,0.103810
MTDwidth,10,20,13,7.0000,0.099791
MTDwidth,10,20,14,7.5000,0.096146
MTDwidth,10,20,15,8.0000,0.094070
MTDwidth,10,20,16,8.5000,0.091735
MTDwidth,10,20,17,9.0000,0.085111
MTDwidth,10,20,18,9.5000,0.083218
MTDwidth,10,20,19,10.0000,0.078842
MTDwidth,10,20,20,10.5000,0.080256
MTDwidth,10,20,21,11.0000,0.074665
MTDwidth,10,20,22,11.5000,0.072545
MTDwidth,10,20,23,12.0000,0.070721
MTDwidth,10,20,24,12.5000,0.068892
MTDwidth,10,20,25,13.0000,0.079357
MTDwidth,10,20,26,13.5000,0.073612
MTDwidth,10,20,27,14.0000,0.070341
MTDwidth,10,20,28,14.5000,0.065567
MTDwidth,10,20,29,15.0000,0.067679
MTDwidth,10,20,30,15.5000,0.069142
MTDwidth,10,20,31,16.0000,0.074310
MTDwidth,10,20,32,16.5000,0.078520
MTDwidth,10,20,33,17.0000,0.081672
MTDwidth,10,20,34,17.5000,0.094107
MTDwidth,10,20,35,18.0000,0.085760
MTDwidth,10,20,36,18.5000,0.085566
MTDwidth,10,20,37,19.0000,0.079125
MTDwidth,10,20,38,19.5000,0.071404
MTDwidth,10,20,39,20.0000,0.069199
MTDwidth,10,20,40,20.5000,0.064644
MTDwidth,10,20,41,21.0000,0.064890
MTDwidth,10,20,42,21.5000,0.065292
MTDwidth,10,20,43,22.0000,0.063696
MTDwidth,10,20,44,22.5000,0.067818
MTDwidth,10,20,45,23.0000,0.072652
MTDwidth,10,20,46,23.5000,0.068204
MTDwidth,10,20,47,24.0000,0.061954
MTDwidth,10,20,48,24.5000,0.057927
MTDwidth,10,20,49,25.0000,0.057016
MTDwidth,10,20,50,25.5000,0.057977
MTDwidth,10,20,51,26.0000,0.058197
MTDwidth,10,20,52,26.5000,0.055393
MTDwidth,10,20,53,27.0000,0.051436
MTDwidth,10,20,54,27.5000,0.048201
MTDwidth,10,20,55,28.0000,0.048075
MTDwidth,10,20,56,28.5000,0.047285
MTDwidth,10,20,57,29.0000,0.046024
MTDwidth,10,20,58,29.5000,0.046839
MTDwidth,10,20,59,30.0000,0.045698
MTDwidth,10,20,60,30.5000,0.046833
MTDwidth,10,20,61,31.0000,0.047596
MTDwidth,10,20,62,31.5000,0.047535
MTDwidth,10,20,63,32.0000,0.048600
MTDwidth,10,20,64,32.5000,0.045313
MTDwidth,10,20,65,33.0000,0.045171
MTDwidth,10,20,66,33.5000,0.046590
MTDwidth,10,20,67,34.0000,0.045087
MTDwidth,10,20,68,34.5000,0.043997
MTDwidth,10,20,69,35.0000,0.042693
MTDwidth,10,20,70,35.5000,0.040447
MTDwidth,10,20,71,36.0000,0.040053
MTDwidth,10,20,72,36.5000,0.041341
MTDwidth,10,20,73,37.0000,0.042691
MTDwidth,10,20,74,37.5000,0.043143
MTDwidth,10,20,75,38.0000,0.041764
MTDwidth,10,20,76,38.5000,0.040997
MTDwidth,10,20,77,39.0000,0.039651
MTDwidth,10,20,78,39.5000,0.043619
MTDwidth,10,20,79,40.0000,0.043247
MTDwidth,10,20,80,40.5000,0.044562
MTDwidth,10,20,81,41.0000,0.041451
MTDwidth,10,20,82,41.5000,0.041396
MTDwidth,10,20,83,42.0000,0.040311
MTDwidth,10,20,84,42.5000,0.039604
MTDwidth,10,20,85,43.0000,0.038724
MTDwidth,10,20,86,43.5000,0.039064
MTDwidth,10,20,87,44.0000,0.039066
MTDwidth,10,20,88,44.5000,0.043611
MTDwidth,10,20,89,45.0000,0.041474
MTDwidth,10,20,90,45.5000,0.042662
MTDwidth,10,20,91,46.0000,0.043260
MTDwidth,10,20,92,46.5000,0.041025
MTDwidth,10,20,93,47.0000,0.040154
MTDwidth,10,20,94,47.5000,0.038602
MTDwidth,10,20,95,48.0000,0.038658
MTDwidth,10,20,96,48.5000,0.039067
MTDwidth,10,20,97,49.0000,0.038956
MTDwidth,10,20,98,49.5000,0.037636
MTDwidth,10,20,99,50.0000,0.037575
MTDwidth,10,30,0,0.5000,4.060337
MTDwidth,10,30,1,1.0000,2.183216
MTDwidth,10,30,2,1.5000,1.006411
MTDwidth,10,30,3,2.0000,0.359529
MTDwidth,10,30,4,2.5000,0.205654
MTDwidth,10,30,5,3.0000,0.177951
MTDwidth,10,30,6,3.5000,0.196417
MTDwidth,10,30,7,4.0000,0.190938
MTDwidth,10,30,8,4.5000,0.173556
MTDwidth,10,30,9,5.0000,0.155215
MTDwidth,10,30,10,5.5000,0.159384
MTDwidth,10,30,11,6.0000,0.150286
MTDwidth,10,30,12,6.5000,0.156523
MTDwidth,10,30,13,7.0000,0.135463
MTDwidth,10,30,14,7.5000,0.122567
MTDwidth,10,30,15,8.0000,0.106295
MTDwidth,10,30,16,8.5000,0.096291
MTDwidth,10,30,17,9.0000,0.106198
MTDwidth,10,30,18,9.5000,0.100544
MTDwidth,10,30,19,10.0000,0.087555
MTDwidth,10,30,20,10.5000,0.080095
MTDwidth,10,30,21,11.0000,0.078955
MTDwidth,10,30,22,11.5000,0.077976
MTDwidth,10,30,23,12.0000,0.078059
MTDwidth,10,30,24,12.5000,0.083430
MTDwidth,10,30,25,13.0000,0.082655
MTDwidth,10,30,26,13.5000,0.071939
MTDwidth,10,30,27,14.0000,0.069018
MTDwidth,10,30,28,14.5000,0.067870
MTDwidth,10,30,29,15.0000,0.068508
MTDwidth,10,30,30,15.5000,0.069273
MTDwidth,10,30,31,16.0000,0.069768
MTDwidth,10,30,32,16.5000,0.066641
MTDwidth,10,30,33,17.0000,0.067179
MTDwidth,10,30,34,17.5000,0.066839
MTDwidth,10,30,35,18.0000,0.077695
MTDwidth,10,30,36,18.5000,0.084633
MTDwidth,10,30,37,19.0000,0.078742
MTDwidth,10,30,38,19.5000,0.065360
MTDwidth,10,30,39,20.0000,0.065317
MTDwidth,10,30,40,20.5000,0.057457
MTDwidth,10,30,41,21.0000,0.055644
MTDwidth,10,30,42,21.5000,0.057754
MTDwidth,10,30,43,22.0000,0.058159
MTDwidth,10,30,44,22.5000,0.053952
MTDwidth,10,30,45,23.0000,0.053807
MTDwidth,10,30,46,23.5000,0.054881
MTDwidth,10,30,47,24.0000,0.051839
MTDwidth,10,30,48,24.5000,0.049901
MTDwidth,10,30,49,25.0000,0.048245
MTDwidth,10,30,50,25.5000,0.048452
MTDwidth,10,30,51,26.0000,0.048424
MTDwidth,10,30,52,26.5000,0.048842
MTDwidth,10,30,53,27.0000,0.049629
MTDwidth,10,30,54,27.5000,0.051250
MTDwidth,10,30,55,28.0000,0.049394
MTDwidth,10,30,56,28.5000,0.050040
MTDwidth,10,30,57,29.0000,0.046808
MTDwidth,10,30,58,29.5000,0.048039
MTDwidth,10,30,59,30.0000,0.047694
MTDwidth,10,30,60,30.5000,0.044859
MTDwidth,10,30,61,31.0000,0.043935
MTDwidth,10,30,62,31.5000,0.045198
MTDwidth,10,30,63,32.0000,0.045383
MTDwidth,10,30,64,32.5000,0.041947
MTDwidth,10,30,65,33.0000,0.043285
MTDwidth,10,30,66,33.5000,0.041397
MTDwidth,10,30,67,34.0000,0.040768
MTDwidth,10,30,68,34.5000,0.040656
MTDwidth,10,30,69,35.0000,0.040500
MTDwidth,10,30,70,35.5000,0.039902
MTDwidth,10,30,71,36.0000,0.040068
MTDwidth,10,30,72,36.5000,0.040406
MTDwidth,10,30,73,37.0000,0.041420
MTDwidth,10,30,74,37.5000,0.039318
MTDwidth,10,30,75,38.0000,0.039523
MTDwidth,10,30,76,38.5000,0.039621
MTDwidth,10,30,77,39.0000,0.038403
MTDwidth,10,30,78,39.5000,0.038590
MTDwidth,10,30,79,40.0000,0.037658
MTDwidth,10,30,80,40.5000,0.036865
MTDwidth,10,30,81,41.0000,0.036641
MTDwidth,10,30,82,41.5000,0.036765
MTDwidth,10,30,83,42.0000,0.036780
MTDwidth,10,30,84,42.5000,0.036341
MTDwidth,10,30,85,43.0000,0.036086
MTDwidth,10,30,86,43.5000,0.036161
MTDwidth,10,30,87,44.0000,0.035606
MTDwidth,10,30,88,44.5000,0.035332
MTDwidth,10,30,89,45.0000,0.036109
MTDwidth,10,30,90,45.5000,0.035376
MTDwidth,10,30,91,46.0000,0.035460
MTDwidth,10,30,92,46.5000,0.035375
MTDwidth,10,30,93,47.0000,0.035641
MTDwidth,10,30,94,47.5000,0.035889
MTDwidth,10,30,95,48.0000,0.036294
MTDwidth,10,30,96,48.5000,0.035909
MTDwidth,10,30,97,49.0000,0.035722
MTDwidth,10,30,98,49.5000,0.035692
MTDwidth,10,30,99,50.0000,0.034997
MTDwidth,10,40,0,0.5000,4.626021
MTDwidth,10,40,1,1.0000,2.219404
MTDwidth,10,40,2,1.5000,1.164819
MTDwidth,10,40,3,2.0000,0.376865
MTDwidth,10,40,4,2.5000,0.249893
MTDwidth,10,40,5,3.0000,0.202346
MTDwidth,10,40,6,3.5000,0.191201
MTDwidth,10,40,7,4.0000,0.162610
MTDwidth,10,40,8,4.5000,0.130761
MTDwidth,10,40,9,5.0000,0.120279
MTDwidth,10,40,10,5.5000,0.112027
MTDwidth,10,40,11,6.0000,0.112395
MTDwidth,10,40,12,6.5000,0.098462
MTDwidth,10,40,13,7.0000,0.093622
MTDwidth,10,40,14,7.5000,0.092573
MTDwidth,10,40,15,8.0000,0.092183
MTDwidth,10,40,16,8.5000,0.084603
MTDwidth,10,40,17,9.0000,0.089420
MTDwidth,10,40,18,9.5000,0.084102
MTDwidth,10,40,19,10.0000,0.079174
MTDwidth,10,40,20,10.5000,0.078421
MTDwidth,10,40,21,11.0000,0.076343
MTDwidth,10,40,22,11.5000,0.075595
MTDwidth,10,40,23,12.0000,0.074721
MTDwidth,10,40,24,12.5000,0.076665
MTDwidth,10,40,25,13.0000,0.073451
MTDwidth,10,40,26,13.5000,0.069496
MTDwidth,10,40,27,14.0000,0.069795
MTDwidth,10,40,28,14.5000,0.066632
MTDwidth,10,40,29,15.0000,0.072246
MTDwidth,10,40,30,15.5000,0.068500
MTDwidth,10,40,31,16.0000,0.066947
MTDwidth,10,40,32,16.5000,0.063801
MTDwidth,10,40,33,17.0000,0.064088
MTDwidth,10,40,34,17.5000,0.064445
MTDwidth,10,40,35,18.0000,0.064238
MTDwidth,10,40,36,18.5000,0.068663
MTDwidth,10,40,37,19.0000,0.067337
MTDwidth,10,40,38,19.5000,0.064483
MTDwidth,10,40,39,20.0000,0.064477
MTDwidth,10,40,40,20.5000,0.062105
MTDwidth,10,40,41,21.0000,0.062356
MTDwidth,10,40,42,21.5000,0.061827
MTDwidth,10,40,43,22.0000,0.063992
MTDwidth,10,40,44,22.5000,0.061787
MTDwidth,10,40,45,23.0000,0.058889
MTDwidth,10,40,46,23.5000,0.058301
MTDwidth,10,40,47,24.0000,0.053960
MTDwidth,10,40,48,24.5000,0.054493
MTDwidth,10,40,49,25.0000,0.054272
MTDwidth,10,40,50,25.5000,0.055830
MTDwidth,10,40,51,26.0000,0.054679
MTDwidth,10,40,52,26.5000,0.053142
MTDwidth,10,40,53,27.0000,0.053846
MTDwidth,10,40,54,27.5000,0.051900
MTDwidth,10,40,55,28.0000,0.051099
MTDwidth,10,40,56,28.5000,0.050017
MTDwidth,10,40,57,29.0000,0.049214
MTDwidth,10,40,58,29.5000,0.048147
MTDwidth,10,40,59,30.0000,0.048359
MTDwidth,10,40,60,30.5000,0.046667
MTDwidth,10,40,61,31.0000,0.046697
MTDwidth,10,40,62,31.5000,0.047309
MTDwidth,10,40,63,32.0000,0.047970
MTDwidth,10,40,64,32.5000,0.045535
MTDwidth,10,40,65,33.0000,0.046426
MTDwidth,10,40,66,33.5000,0.044748
MTDwidth,10,40,67,34.0000,0.045063
MTDwidth,10,40,68,34.5000,0.044905
MTDwidth,10,40,69,35.0000,0.046437
MTDwidth,10,40,70,35.5000,0.044132
MTDwidth,10,40,71,36.0000,0.045151
MTDwidth,10,40,72,36.5000,0.043361
MTDwidth,10,40,73,37.0000,0.043657
MTDwidth,10,40,74,37.5000,0.043931
MTDwidth,10,40,75,38.0000,0.044681
MTDwidth,10,40,76,38.5000,0.045644
MTDwidth,10,40,77,39.0000,0.041225
MTDwidth,10,40,78,39.5000,0.041068
MTDwidth,10,40,79,40.0000,0.044078
MTDwidth,10,40,80,40.5000,0.045464
MTDwidth,10,40,81,41.0000,0.044374
MTDwidth,10,40,82,41.5000,0.043054
MTDwidth,10,40,83,42.0000,0.040848
MTDwidth,10,40,84,42.5000,0.039638
MTDwidth,10,40,85,43.0000,0.039456
MTDwidth,10,40,86,43.5000,0.039047
MTDwidth,10,40,87,44.0000,0.039500
MTDwidth,10,40,88,44.5000,0.039278
MTDwidth,10,40,89,45.0000,0.040357
MTDwidth,10,40,90,45.5000,0.039854
MTDwidth,10,40,91,46.0000,0.040390
MTDwidth,10,40,92,46.5000,0.039184
MTDwidth,10,40,93,47.0000,0.039489
MTDwidth,10,40,94,47.5000,0.039190
MTDwidth,10,40,95,48.0000,0.039123
MTDwidth,10,40,96,48.5000,0.038370
MTDwidth,10,40,97,49.0000,0.038757
MTDwidth,10,40,98,49.5000,0.038580
MTDwidth,10,40,99,50.0000,0.040163
MTDwidth,10,50,0,0.5000,4.338236
MTDwidth,10,50,1,1.0000,2.171540
MTDwidth,10,50,2,1.5000,0.923420
MTDwidth,10,50,3,2.0000,0.380713
MTDwidth,10,50,4,2.5000,0.263578
MTDwidth,10,50,5,3.0000,0.226216
MTDwidth,10,50,6,3.5000,0.204061
MTDwidth,10,50,7,4.0000,0.181542
MTDwidth,10,50,8,4.5000,0.144668
MTDwidth,10,50,9,5.0000,0.128951
MTDwidth,10,50,10,5.5000,0.102765
MTDwidth,10,50,11,6.0000,0.104092
MTDwidth,10,50,12,6.5000,0.097265
MTDwidth,10,50,13,7.0000,0.099578
MTDwidth,10,50,14,7.5000,0.093509
MTDwidth,10,50,15,8.0000,0.093171
MTDwidth,10,50,16,8.5000,0.095237
MTDwidth,10,50,17,9.0000,0.084775
MTDwidth,10,50,18,9.5000,0.086920
MTDwidth,10,50,19,10.0000,0.079150
MTDwidth,10,50,20,10.5000,0.078818
MTDwidth,10,50,21,11.0000,0.078398
MTDwidth,10,50,22,11.5000,0.083779
MTDwidth,10,50,23,12.0000,0.089673
MTDwidth,10,50,24,12.5000,0.092846
MTDwidth,10,50,25,13.0000,0.084612
MTDwidth,10,50,26,13.5000,0.081652
MTDwidth,10,50,27,14.0000,0.091836
MTDwidth,10,50,28,14.5000,0.092693
MTDwidth,10,50,29,15.0000,0.092208
MTDwidth,10,50,30,15.5000,0.090059
MTDwidth,10,50,31,16.0000,0.091650
MTDwidth,10,50,32,16.5000,0.080706
MTDwidth,10,50,33,17.0000,0.084467
MTDwidth,10,50,34,17.5000,0.074113
MTDwidth,10,50,35,18.0000,0.075372
MTDwidth,10,50,36,18.5000,0.068539
MTDwidth,10,50,37,19.0000,0.076083
MTDwidth,10,50,38,19.5000,0.070031
MTDwidth,10,50,39,20.0000,0.065933
MTDwidth,10,50,40,20.5000,0.061617
MTDwidth,10,50,41,21.0000,0.059722
MTDwidth,10,50,42,21.5000,0.062445
MTDwidth,10,50,43,22.0000,0.058792
MTDwidth,10,50,44,22.5000,0.058957
MTDwidth,10,50,45,23.0000,0.059977
MTDwidth,10,50,46,23.5000,0.062345
MTDwidth,10,50,47,24.0000,0.061986
MTDwidth,10,50,48,24.5000,0.059009
MTDwidth,10,50,49,25.0000,0.058416
MTDwidth,10,50,50,25.5000,0.059538
MTDwidth,10,50,51,26.0000,0.059855
MTDwidth,10,50,52,26.5000,0.058427
MTDwidth,10,50,53,27.0000,0.059544
MTDwidth,10,50,54,27.5000,0.056719
MTDwidth,10,50,55,28.0000,0.056149
MTDwidth,10,50,56,28.5000,0.055659
MTDwidth,10,50,57,29.0000,0.055891
MTDwidth,10,50,58,29.5000,0.055772
MTDwidth,10,50,59,30.0000,0.054757
MTDwidth,10,50,60,30.5000,0.053872
MTDwidth,10,50,61,31.0000,0.054553
MTDwidth,10,50,62,31.5000,0.054561
MTDwidth,10,50,63,32.0000,0.050336
MTDwidth,10,50,64,32.5000,0.049557
MTDwidth,10,50,65,33.0000,0.049516
MTDwidth,10,50,66,33.5000,0.048577
MTDwidth,10,50,67,34.0000,0.048210
MTDwidth,10,50,68,34.5000,0.047925
MTDwidth,10,50,69,35.0000,0.046805
MTDwidth,10,50,70,35.5000,0.045966
MTDwidth,10,50,71,36.0000,0.044782
MTDwidth,10,50,72,36.5000,0.044910
MTDwidth,10,50,73,37.0000,0.044938
MTDwidth,10,50,74,37.5000,0.046295
MTDwidth,10,50,75,38.0000,0.044983
MTDwidth,10,50,76,38.5000,0.044288
MTDwidth,10,50,77,39.0000,0.043869
MTDwidth,10,50,78,39.5000,0.044392
MTDwidth,10,50,79,40.0000,0.043031
MTDwidth,10,50,80,40.5000,0.042585
MTDwidth,10,50,81,41.0000,0.042753
MTDwidth,10,50,82,41.5000,0.042184
MTDwidth,10,50,83,42.0000,0.044588
MTDwidth,10,50,84,42.5000,0.045786
MTDwidth,10,50,85,43.0000,0.043780
MTDwidth,10,50,86,43.5000,0.043517
MTDwidth,10,50,87,44.0000,0.042177
MTDwidth,10,50,88,44.5000,0.042847
MTDwidth,10,50,89,45.0000,0.042845
MTDwidth,10,50,90,45.5000,0.042298
MTDwidth,10,50,91,46.0000,0.041928
MTDwidth,10,50,92,46.5000,0.040668
MTDwidth,10,50,93,47.0000,0.041459
MTDwidth,10,50,94,47.5000,0.042117
MTDwidth,10,50,95,48.0000,0.042283
MTDwidth,10,50,96,48.5000,0.043238
MTDwidth,10,50,97,49.0000,0.044657
MTDwidth,10,50,98,49.5000,0.043552
MTDwidth,10,50,99,50.0000,0.039685
MTDwidth,1,10,0,0.5000,6.422590
MTDwidth,1,10,1,1.0000,5.221491
MTDwidth,1,10,2,1.5000,4.278863
MTDwidth,1,10,3,2.0000,3.917149
MTDwidth,1,10,4,2.5000,3.493594
MTDwidth,1,10,5,3.0000,3.067335
MTDwidth,1,10,6,3.5000,2.457872
MTDwidth,1,10,7,4.0000,2.207116
MTDwidth,1,10,8,4.5000,1.843862
MTDwidth,1,10,9,5.0000,1.515682
MTDwidth,1,10,10,5.5000,1.406719
MTDwidth,1,10,11,6.0000,1.165732
MTDwidth,1,10,12,6.5000,1.070801
MTDwidth,1,10,13,7.0000,0.882047
MTDwidth,1,10,14,7.5000,0.674881
MTDwidth,1,10,15,8.0000,0.565984
MTDwidth,1,10,16,8.5000,0.476575
MTDwidth,1,10,17,9.0000,0.377922
MTDwidth,1,10,18,9.5000,0.327911
MTDwidth,1,10,19,10.0000,0.197925
MTDwidth,1,10,20,10.5000,0.196894
MTDwidth,1,10,21,11.0000,0.181342
MTDwidth,1,10,22,11.5000,0.207214
MTDwidth,1,10,23,12.0000,0.196276
MTDwidth,1,10,24,12.5000,0.170450
MTDwidth,1,10,25,13.0000,0.158391
MTDwidth,1,10,26,13.5000,0.126178
MTDwidth,1,10,27,14.0000,0.122455
MTDwidth,1,10,28,14.5000,0.121240
MTDwidth,1,10,29,15.0000,0.116683
MTDwidth,1,10,30,15.5000,0.112945
MTDwidth,1,10,31,16.0000,0.114898
MTDwidth,1,10,32,16.5000,0.110886
MTDwidth,1,10,33,17.0000,0.111245
MTDwidth,1,10,34,17.5000,0.107726
MTDwidth,1,10,35,18.0000,0.106136
MTDwidth,1,10,36,18.5000,0.117539
MTDwidth,1,10,37,19.0000,0.120153
MTDwidth,1,10,38,19.5000,0.127257
MTDwidth,1,10,39,20.0000,0.124006
MTDwidth,1,10,40,20.5000,0.123813
MTDwidth,1,10,41,21.0000,0.123008
MTDwidth,1,10,42,21.5000,0.120844
MTDwidth,1,10,43,22.0000,0.128796
MTDwidth,1,10,44,22.5000,0.123592
MTDwidth,1,10,45,23.0000,0.118003
MTDwidth,1,10,46,23.5000,0.116633
MTDwidth,1,10,47,24.0000,0.119326
MTDwidth,1,10,48,24.5000,0.118368
MTDwidth,1,10,49,25.0000,0.113934
MTDwidth,1,10,50,25.5000,0.110538
MTDwidth,1,10,51,26.0000,0.103180
MTDwidth,1,10,52,26.5000,0.099882
MTDwidth,1,10,53,27.0000,0.099842
MTDwidth,1,10,54,27.5000,0.102061
MTDwidth,1,10,55,28.0000,0.098840
MTDwidth,1,10,56,28.5000,0.095349
MTDwidth,1,10,57,29.0000,0.097351
MTDwidth,1,10,58,29.5000,0.093853
MTDwidth,1,10,59,30.0000,0.106573
MTDwidth,1,10,60,30.5000,0.102878
MTDwidth,1,10,61,31.0000,0.094247
MTDwidth,1,10,62,31.5000,0.092015
MTDwidth,1,10,63,32.0000,0.089614
MTDwidth,1,10,64,32.5000,0.088109
MTDwidth,1,10,65,33.0000,0.083976
MTDwidth,1,10,66,33.5000,0.082036
MTDwidth,1,10,67,34.0000,0.088072
MTDwidth,1,10,68,34.5000,0.083744
MTDwidth,1,10,69,35.0000,0.082134
MTDwidth,1,10,70,35.5000,0.082446
MTDwidth,1,10,71,36.0000,0.081644
MTDwidth,1,10,72,36.5000,0.081378
MTDwidth,1,10,73,37.0000,0.082064
MTDwidth,1,10,74,37.5000,0.085599
MTDwidth,1,10,75,38.0000,0.081375
MTDwidth,1,10,76,38.5000,0.083076
MTDwidth,1,10,77,39.0000,0.082588
MTDwidth,1,10,78,39.5000,0.082454
MTDwidth,1,10,79,40.0000,0.081256
MTDwidth,1,10,80,40.5000,0.081880
MTDwidth,1,10,81,41.0000,0.086059
MTDwidth,1,10,82,41.5000,0.082152
MTDwidth,1,10,83,42.0000,0.082583
MTDwidth,1,10,84,42.5000,0.074211
MTDwidth,1,10,85,43.0000,0.068521
MTDwidth,1,10,86,43.5000,0.067395
MTDwidth,1,10,87,44.0000,0.068609
MTDwidth,1,10,88,44.5000,0.070036
MTDwidth,1,10,89,45.0000,0.073477
MTDwidth,1,10,90,45.5000,0.070071
MTDwidth,1,10,91,46.0000,0.071739
MTDwidth,1,10,92,46.5000,0.071225
MTDwidth,1,10,93,47.0000,0.070959
MTDwidth,1,10,94,47.5000,0.068077
MTDwidth,1,10,95,48.0000,0.068589
MTDwidth,1,10,96,48.5000,0.061644
MTDwidth,1,10,97,49.0000,0.060685
MTDwidth,1,10,98,49.5000,0.063119
MTDwidth,1,10,99,50.0000,0.061768
MTDwidth,1,20,0,0.5000,6.226859
MTDwidth,1,20,1,1.0000,5.187251
MTDwidth,1,20,2,1.5000,4.694340
MTDwidth,1,20,3,2.0000,4.297720
MTDwidth,1,20,4,2.5000,3.970339
MTDwidth,1,20,5,3.0000,3.558071
MTDwidth,1,20,6,3.5000,2.946208
MTDwidth,1,20,7,4.0000,2.610914
MTDwidth,1,20,8,4.5000,2.286594
MTDwidth,1,20,9,5.0000,1.831103
MTDwidth,1,20,10,5.5000,1.637015
MTDwidth,1,20,11,6.0000,1.464138
MTDwidth,1,20,12,6.5000,1.193528
MTDwidth,1,20,13,7.0000,1.055017
MTDwidth,1,20,14,7.5000,0.935410
MTDwidth,1,20,15,8.0000,0.740662
MTDwidth,1,20,16,8.5000,0.513612
MTDwidth,1,20,17,9.0000,0.417877
MTDwidth,1,20,18,9.5000,0.229230
MTDwidth,1,20,19,10.0000,0.196356
MTDwidth,1,20,20,10.5000,0.145023
MTDwidth,1,20,21,11.0000,0.121731
MTDwidth,1,20,22,11.5000,0.092847
MTDwidth,1,20,23,12.0000,0.089020
MTDwidth,1,20,24,12.5000,0.085662
MTDwidth,1,20,25,13.0000,0.087767
MTDwidth,1,20,26,13.5000,0.090009
MTDwidth,1,20,27,14.0000,0.086525
MTDwidth,1,20,28,14.5000,0.080691
MTDwidth,1,20,29,15.0000,0.079070
MTDwidth,1,20,30,15.5000,0.078009
MTDwidth,1,20,31,16.0000,0.070077
MTDwidth,1,20,32,16.5000,0.065610
MTDwidth,1,20,33,17.0000,0.067184
MTDwidth,1,20,34,17.5000,0.066197
MTDwidth,1,20,35,18.0000,0.066504
MTDwidth,1,20,36,18.5000,0.067426
MTDwidth,1,20,37,19.0000,0.062731
MTDwidth,1,20,38,19.5000,0.066318
MTDwidth,1,20,39,20.0000,0.064093
MTDwidth,1,20,40,20.5000,0.064416
MTDwidth,1,20,41,21.0000,0.061563
MTDwidth,1,20,42,21.5000,0.063214
MTDwidth,1,20,43,22.0000,0.059749
MTDwidth,1,20,44,22.5000,0.061313
MTDwidth,1,20,45,23.0000,0.055378
MTDwidth,1,20,46,23.5000,0.054149
MTDwidth,1,20,47,24.0000,0.053354
MTDwidth,1,20,48,24.5000,0.052988
MTDwidth,1,20,49,25.0000,0.052729
MTDwidth,1,20,50,25.5000,0.055056
MTDwidth,1,20,51,26.0000,0.057261
MTDwidth,1,20,52,26.5000,0.061313
MTDwidth,1,20,53,27.0000,0.065634
MTDwidth,1,20,54,27.5000,0.061273
MTDwidth,1,20,55,28.0000,0.062455
MTDwidth,1,20,56,28.5000,0.060014
MTDwidth,1,20,57,29.0000,0.058001
MTDwidth,1,20,58,29.5000,0.058742
MTDwidth,1,20,59,30.0000,0.060185
MTDwidth,1,20,60,30.5000,0.061150
MTDwidth,1,20,61,31.0000,0.052249
MTDwidth,1,20,62,31.5000,0.051988
MTDwidth,1,20,63,32.0000,0.054336
MTDwidth,1,20,64,32.5000,0.053693
MTDwidth,1,20,65,33.0000,0.054883
MTDwidth,1,20,66,33.5000,0.053989
MTDwidth,1,20,67,34.0000,0.052110
MTDwidth,1,20,68,34.5000,0.054640
MTDwidth,1,20,69,35.0000,0.056365
MTDwidth,1,20,70,35.5000,0.056135
MTDwidth,1,20,71,36.0000,0.056507
MTDwidth,1,20,72,36.5000,0.053977
MTDwidth,1,20,73,37.0000,0.050979
MTDwidth,1,20,74,37.5000,0.047423
MTDwidth,1,20,75,38.0000,0.048484
MTDwidth,1,20,76,38.5000,0.048277
MTDwidth,1,20,77,39.0000,0.045624
MTDwidth,1,20,78,39.5000,0.045092
MTDwidth,1,20,79,40.0000,0.044834
MTDwidth,1,20,80,40.5000,0.044090
MTDwidth,1,20,81,41.0000,0.043667
MTDwidth,1,20,82,41.5000,0.043751
MTDwidth,1,20,83,42.0000,0.043373
MTDwidth,1,20,84,42.5000,0.043085
MTDwidth,1,20,85,43.0000,0.042939
MTDwidth,1,20,86,43.5000,0.042525
MTDwidth,1,20,87,44.0000,0.042492
MTDwidth,1,20,88,44.5000,0.041588
MTDwidth,1,20,89,45.0000,0.042584
MTDwidth,1,20,90,45.5000,0.041277
MTDwidth,1,20,91,46.0000,0.041580
MTDwidth,1,20,92,46.5000,0.042744
MTDwidth,1,20,93,47.0000,0.042126
MTDwidth,1,20,94,47.5000,0.040794
MTDwidth,1,20,95,48.0000,0.040693
MTDwidth,1,20,96,48.5000,0.040265
MTDwidth,1,20,97,49.0000,0.040238
MTDwidth,1,20,98,49.5000,0.040338
MTDwidth,1,20,99,50.0000,0.040326
MTDwidth,1,30,0,0.5000,6.231903
MTDwidth,1,30,1,1.0000,5.064363
MTDwidth,1,30,2,1.5000,4.471325
MTDwidth,1,30,3,2.0000,4.014679
MTDwidth,1,30,4,2.5000,3.861983
MTDwidth,1,30,5,3.0000,3.357017
MTDwidth,1,30,6,3.5000,2.754732
MTDwidth,1,30,7,4.0000,2.506468
MTDwidth,1,30,8,4.5000,2.045134
MTDwidth,1,30,9,5.0000,2.001765
MTDwidth,1,30,10,5.5000,1.587856
MTDwidth,1,30,11,6.0000,1.343058
MTDwidth,1,30,12,6.5000,1.133585
MTDwidth,1,30,13,7.0000,0.903035
MTDwidth,1,30,14,7.5000,0.790939
MTDwidth,1,30,15,8.0000,0.548218
MTDwidth,1,30,16,8.5000,0.491311
MTDwidth,1,30,17,9.0000,0.435584
MTDwidth,1,30,18,9.5000,0.323807
MTDwidth,1,30,19,10.0000,0.267332
MTDwidth,1,30,20,10.5000,0.175214
MTDwidth,1,30,21,11.0000,0.155973
MTDwidth,1,30,22,11.5000,0.147020
MTDwidth,1,30,23,12.0000,0.122658
MTDwidth,1,30,24,12.5000,0.134694
MTDwidth,1,30,25,13.0000,0.143471
MTDwidth,1,30,26,13.5000,0.139049
MTDwidth,1,30,27,14.0000,0.145761
MTDwidth,1,30,28,14.5000,0.136966
MTDwidth,1,30,29,15.0000,0.143748
MTDwidth,1,30,30,15.5000,0.155710
MTDwidth,1,30,31,16.0000,0.162030
MTDwidth,1,30,32,16.5000,0.159975
MTDwidth,1,30,33,17.0000,0.163377
MTDwidth,1,30,34,17.5000,0.161088
MTDwidth,1,30,35,18.0000,0.157348
MTDwidth,1,30,36,18.5000,0.155634
MTDwidth,1,30,37,19.0000,0.150986
MTDwidth,1,30,38,19.5000,0.149637
MTDwidth,1,30,39,20.0000,0.144054
MTDwidth,1,30,40,20.5000,0.139722
MTDwidth,1,30,41,21.0000,0.133097
MTDwidth,1,30,42,21.5000,0.132582
MTDwidth,1,30,43,22.0000,0.124381
MTDwidth,1,30,44,22.5000,0.130320
MTDwidth,1,30,45,23.0000,0.129990
MTDwidth,1,30,46,23.5000,0.134281
MTDwidth,1,30,47,24.0000,0.142563
MTDwidth,1,30,48,24.5000,0.138405
MTDwidth,1,30,49,25.0000,0.137306
MTDwidth,1,30,50,25.5000,0.127788
MTDwidth,1,30,51,26.0000,0.130402
MTDwidth,1,30,52,26.5000,0.122454
MTDwidth,1,30,53,27.0000,0.123582
MTDwidth,1,30,54,27.5000,0.123064
MTDwidth,1,30,55,28.0000,0.111192
MTDwidth,1,30,56,28.5000,0.114872
MTDwidth,1,30,57,29.0000,0.109167
MTDwidth,1,30,58,29.5000,0.112310
MTDwidth,1,30,59,30.0000,0.109105
MTDwidth,1,30,60,30.5000,0.117677
MTDwidth,1,30,61,31.0000,0.116361
MTDwidth,1,30,62,31.5000,0.111900
MTDwidth,1,30,63,32.0000,0.108751
MTDwidth,1,30,64,32.5000,0.111627
MTDwidth,1,30,65,33.0000,0.111312
MTDwidth,1,30,66,33.5000,0.110761
MTDwidth,1,30,67,34.0000,0.113596
MTDwidth,1,30,68,34.5000,0.115091
MTDwidth,1,30,69,35.0000,0.111053
MTDwidth,1,30,70,35.5000,0.105916
MTDwidth,1,30,71,36.0000,0.107241
MTDwidth,1,30,72,36.5000,0.098263
MTDwidth,1,30,73,37.0000,0.098452
MTDwidth,1,30,74,37.5000,0.100123
MTDwidth,1,30,75,38.0000,0.101408
MTDwidth,1,30,76,38.5000,0.096746
MTDwidth,1,30,77,39.0000,0.094806
MTDwidth,1,30,78,39.5000,0.093194
MTDwidth,1,30,79,40.0000,0.091353
MTDwidth,1,30,80,40.5000,0.091619
MTDwidth,1,30,81,41.0000,0.090274
MTDwidth,1,30,82,41.5000,0.082464
MTDwidth,1,30,83,42.0000,0.082857
MTDwidth,1,30,84,42.5000,0.085309
MTDwidth,1,30,85,43.0000,0.079055
MTDwidth,1,30,86,43.5000,0.078095
MTDwidth,1,30,87,44.0000,0.076630
MTDwidth,1,30,88,44.5000,0.080740
MTDwidth,1,30,89,45.0000,0.078207
MTDwidth,1,30,90,45.5000,0.079696
MTDwidth,1,30,91,46.0000,0.077795
MTDwidth,1,30,92,46.5000,0.076008
MTDwidth,1,30,93,47.0000,0.072748
MTDwidth,1,30,94,47.5000,0.067668
MTDwidth,1,30,95,48.0000,0.066672
MTDwidth,1,30,96,48.5000,0.069100
MTDwidth,1,30,97,49.0000,0.066842
MTDwidth,1,30,98,49.5000,0.070225
MTDwidth,1,30,99,50.0000,0.067194
MTDwidth,1,40,0,0.5000,6.093323
MTDwidth,1,40,1,1.0000,5.318732
MTDwidth,1,40,2,1.5000,4.586263
MTDwidth,1,40,3,2.0000,4.345618
MTDwidth,1,40,4,2.5000,3.828547
MTDwidth,1,40,5,3.0000,3.279985
MTDwidth,1,40,6,3.5000,2.921306
MTDwidth,1,40,7,4.0000,2.586469
MTDwidth,1,40,8,4.5000,2.315101
MTDwidth,1,40,9,5.0000,2.069390
MTDwidth,1,40,10,5.5000,1.691264
MTDwidth,1,40,11,6.0000,1.441374
MTDwidth,1,40,12,6.5000,1.260665
MTDwidth,1,40,13,7.0000,1.058568
MTDwidth,1,40,14,7.5000,0.840079
MTDwidth,1,40,15,8.0000,0.721556
MTDwidth,1,40,16,8.5000,0.649279
MTDwidth,1,40,17,9.0000,0.449257
MTDwidth,1,40,18,9.5000,0.302902
MTDwidth,1,40,19,10.0000,0.273799
MTDwidth,1,40,20,10.5000,0.165161
MTDwidth,1,40,21,11.0000,0.150425
MTDwidth,1,40,22,11.5000,0.095609
MTDwidth,1,40,23,12.0000,0.081648
MTDwidth,1,40,24,12.5000,0.080574
MTDwidth,1,40,25,13.0000,0.078675
MTDwidth,1,40,26,13.5000,0.075935
MTDwidth,1,40,27,14.0000,0.070482
MTDwidth,1,40,28,14.5000,0.069621
MTDwidth,1,40,29,15.0000,0.067919
MTDwidth,1,40,30,15.5000,0.065965
MTDwidth,1,40,31,16.0000,0.065317
MTDwidth,1,40,32,16.5000,0.063588
MTDwidth,1,40,33,17.0000,0.066217
MTDwidth,1,40,34,17.5000,0.065690
MTDwidth,1,40,35,18.0000,0.071307
MTDwidth,1,40,36,18.5000,0.070513
MTDwidth,1,40,37,19.0000,0.075714
MTDwidth,1,40,38,19.5000,0.073186
MTDwidth,1,40,39,20.0000,0.065308
MTDwidth,1,40,40,20.5000,0.063900
MTDwidth,1,40,41,21.0000,0.061790
MTDwidth,1,40,42,21.5000,0.062030
MTDwidth,1,40,43,22.0000,0.062292
MTDwidth,1,40,44,22.5000,0.059644
MTDwidth,1,40,45,23.0000,0.057220
MTDwidth,1,40,46,23.5000,0.057336
MTDwidth,1,40,47,24.0000,0.057136
MTDwidth,1,40,48,24.5000,0.055052
MTDwidth,1,40,49,25.0000,0.054815
MTDwidth,1,40,50,25.5000,0.052174
MTDwidth,1,40,51,26.0000,0.048582
MTDwidth,1,40,52,26.5000,0.047647
MTDwidth,1,40,53,27.0000,0.048929
MTDwidth,1,40,54,27.5000,0.047802
MTDwidth,1,40,55,28.0000,0.047602
MTDwidth,1,40,56,28.5000,0.047022
MTDwidth,1,40,57,29.0000,0.046773
MTDwidth,1,40,58,29.5000,0.047076
MTDwidth,1,40,59,30.0000,0.046281
MTDwidth,1,40,60,30.5000,0.045106
MTDwidth,1,40,61,31.0000,0.044909
MTDwidth,1,40,62,31.5000,0.045139
MTDwidth,1,40,63,32.0000,0.044654
MTDwidth,1,40,64,32.5000,0.045173
MTDwidth,1,40,65,33.0000,0.044906
MTDwidth,1,40,66,33.5000,0.044427
MTDwidth,1,40,67,34.0000,0.043697
MTDwidth,1,40,68,34.5000,0.043262
MTDwidth,1,40,69,35.0000,0.042817
MTDwidth,1,40,70,35.5000,0.042142
MTDwidth,1,40,71,36.0000,0.042049
MTDwidth,1,40,72,36.5000,0.042112
MTDwidth,1,40,73,37.0000,0.041505
MTDwidth,1,40,74,37.5000,0.041429
MTDwidth,1,40,75,38.0000,0.041432
MTDwidth,1,40,76,38.5000,0.041317
MTDwidth,1,40,77,39.0000,0.042151
MTDwidth,1,40,78,39.5000,0.043402
MTDwidth,1,40,79,40.0000,0.047842
MTDwidth,1,40,80,40.5000,0.046226
MTDwidth,1,40,81,41.0000,0.047197
MTDwidth,1,40,82,41.5000,0.047261
MTDwidth,1,40,83,42.0000,0.046450
MTDwidth,1,40,84,42.5000,0.046290
MTDwidth,1,40,85,43.0000,0.045026
MTDwidth,1,40,86,43.5000,0.044981
MTDwidth,1,40,87,44.0000,0.044743
MTDwidth,1,40,88,44.5000,0.043766
MTDwidth,1,40,89,45.0000,0.044517
MTDwidth,1,40,90,45.5000,0.043523
MTDwidth,1,40,91,46.0000,0.042600
MTDwidth,1,40,92,46.5000,0.041894
MTDwidth,1,40,93,47.0000,0.041757
MTDwidth,1,40,94,47.5000,0.041278
MTDwidth,1,40,95,48.0000,0.040336
MTDwidth,1,40,96,48.5000,0.040178
MTDwidth,1,40,97,49.0000,0.040531
MTDwidth,1,40,98,49.5000,0.042128
MTDwidth,1,40,99,50.0000,0.042161
MTDwidth,1,50,0,0.5000,6.285367
MTDwidth,1,50,1,1.0000,5.251050
MTDwidth,1,50,2,1.5000,4.406110
MTDwidth,1,50,3,2.0000,3.944591
MTDwidth,1,50,4,2.5000,3.324474
MTDwidth,1,50,5,3.0000,2.989342
MTDwidth,1,50,6,3.5000,2.698863
MTDwidth,1,50,7,4.0000,2.535702
MTDwidth,1,50,8,4.5000,2.107713
MTDwidth,1,50,9,5.0000,1.863377
MTDwidth,1,50,10,5.5000,1.587053
MTDwidth,1,50,11,6.0000,1.386894
MTDwidth,1,50,12,6.5000,1.202525
MTDwidth,1,50,13,7.0000,1.019060
MTDwidth,1,50,14,7.5000,0.887716
MTDwidth,1,50,15,8.0000,0.778743
MTDwidth,1,50,16,8.5000,0.634419
MTDwidth,1,50,17,9.0000,0.541661
MTDwidth,1,50,18,9.5000,0.338918
MTDwidth,1,50,19,10.0000,0.248394
MTDwidth,1,50,20,10.5000,0.211360
MTDwidth,1,50,21,11.0000,0.140764
MTDwidth,1,50,22,11.5000,0.103241
MTDwidth,1,50,23,12.0000,0.106863
MTDwidth,1,50,24,12.5000,0.099821
MTDwidth,1,50,25,13.0000,0.080911
MTDwidth,1,50,26,13.5000,0.071660
MTDwidth,1,50,27,14.0000,0.070864
MTDwidth,1,50,28,14.5000,0.072706
MTDwidth,1,50,29,15.0000,0.071411
MTDwidth,1,50,30,15.5000,0.070126
MTDwidth,1,50,31,16.0000,0.076201
MTDwidth,1,50,32,16.5000,0.071684
MTDwidth,1,50,33,17.0000,0.068470
MTDwidth,1,50,34,17.5000,0.065439
MTDwidth,1,50,35,18.0000,0.065388
MTDwidth,1,50,36,18.5000,0.064047
MTDwidth,1,50,37,19.0000,0.061142
MTDwidth,1,50,38,19.5000,0.062409
MTDwidth,1,50,39,20.0000,0.062371
MTDwidth,1,50,40,20.5000,0.061292
MTDwidth,1,50,41,21.0000,0.062014
MTDwidth,1,50,42,21.5000,0.058804
MTDwidth,1,50,43,22.0000,0.061551
MTDwidth,1,50,44,22.5000,0.059260
MTDwidth,1,50,45,23.0000,0.059779
MTDwidth,1,50,46,23.5000,0.059253
MTDwidth,1,50,47,24.0000,0.058408
MTDwidth,1,50,48,24.5000,0.054604
MTDwidth,1,50,49,25.0000,0.053924
MTDwidth,1,50,50,25.5000,0.052044
MTDwidth,1,50,51,26.0000,0.052227
MTDwidth,1,50,52,26.5000,0.056935
MTDwidth,1,50,53,27.0000,0.062536
MTDwidth,1,50,54,27.5000,0.064725
MTDwidth,1,50,55,28.0000,0.062562
MTDwidth,1,50,56,28.5000,0.060236
MTDwidth,1,50,57,29.0000,0.061007
MTDwidth,1,50,58,29.5000,0.058572
MTDwidth,1,50,59,30.0000,0.055385
MTDwidth,1,50,60,30.5000,0.052084
MTDwidth,1,50,61,31.0000,0.050409
MTDwidth,1,50,62,31.5000,0.047992
MTDwidth,1,50,63,32.0000,0.047703
MTDwidth,1,50,64,32.5000,0.048151
MTDwidth,1,50,65,33.0000,0.045136
MTDwidth,1,50,66,33.5000,0.044591
MTDwidth,1,50,67,34.0000,0.043255
MTDwidth,1,50,68,34.5000,0.043092
MTDwidth,1,50,69,35.0000,0.042640
MTDwidth,1,50,70,35.5000,0.042495
MTDwidth,1,50,71,36.0000,0.042285
MTDwidth,1,50,72,36.5000,0.042293
MTDwidth,1,50,73,37.0000,0.042197
MTDwidth,1,50,74,37.5000,0.042088
MTDwidth,1,50,75,38.0000,0.042085
MTDwidth,1,50,76,38.5000,0.041812
MTDwidth,1,50,77,39.0000,0.042137
MTDwidth,1,50,78,39.5000,0.042733
MTDwidth,1,50,79,40.0000,0.041878
MTDwidth,1,50,80,40.5000,0.042327
MTDwidth,1,50,81,41.0000,0.041534
MTDwidth,1,50,82,41.5000,0.041487
MTDwidth,1,50,83,42.0000,0.041304
MTDwidth,1,50,84,42.5000,0.041314
MTDwidth,1,50,85,43.0000,0.040944
MTDwidth,1,50,86,43.5000,0.040824
MTDwidth,1,50,87,44.0000,0.040398
MTDwidth,1,50,88,44.5000,0.040296
MTDwidth,1,50,89,45.0000,0.040412
MTDwidth,1,50,90,45.5000,0.039896
MTDwidth,1,50,91,46.0000,0.039207
MTDwidth,1,50,92,46.5000,0.039309
MTDwidth,1,50,93,47.0000,0.038944
MTDwidth,1,50,94,47.5000,0.038660
MTDwidth,1,50,95,48.0000,0.038408
MTDwidth,1,50,96,48.5000,0.038264
MTDwidth,1,50,97,49.0000,0.038048
MTDwidth,1,50,98,49.5000,0.037659
MTDwidth,1,50,99,50.0000,0.037652
MTDwidth,2,10,0,0.5000,6.064760
MTDwidth,2,10,1,1.0000,5.395449
MTDwidth,2,10,2,1.5000,4.155646
MTDwidth,2,10,3,2.0000,3.798147
MTDwidth,2,10,4,2.5000,2.679186
MTDwidth,2,10,5,3.0000,2.090588
MTDwidth,2,10,6,3.5000,1.620213
MTDwidth,2,10,7,4.0000,1.162093
MTDwidth,2,10,8,4.5000,0.814802
MTDwidth,2,10,9,5.0000,0.627492
MTDwidth,2,10,10,5.5000,0.394480
MTDwidth,2,10,11,6.0000,0.232750
MTDwidth,2,10,12,6.5000,0.152864
MTDwidth,2,10,13,7.0000,0.124585
MTDwidth,2,10,14,7.5000,0.116040
MTDwidth,2,10,15,8.0000,0.119773
MTDwidth,2,10,16,8.5000,0.121782
MTDwidth,2,10,17,9.0000,0.117331
MTDwidth,2,10,18,9.5000,0.104982
MTDwidth,2,10,19,10.0000,0.101671
MTDwidth,2,10,20,10.5000,0.105417
MTDwidth,2,10,21,11.0000,0.106235
MTDwidth,2,10,22,11.5000,0.095719
MTDwidth,2,10,23,12.0000,0.093952
MTDwidth,2,10,24,12.5000,0.087914
MTDwidth,2,10,25,13.0000,0.078144
MTDwidth,2,10,26,13.5000,0.080730
MTDwidth,2,10,27,14.0000,0.091039
MTDwidth,2,10,28,14.5000,0.093615
MTDwidth,2,10,29,15.0000,0.086699
MTDwidth,2,10,30,15.5000,0.078320
MTDwidth,2,10,31,16.0000,0.073089
MTDwidth,2,10,32,16.5000,0.073016
MTDwidth,2,10,33,17.0000,0.078147
MTDwidth,2,10,34,17.5000,0.070461
MTDwidth,2,10,35,18.0000,0.074514
MTDwidth,2,10,36,18.5000,0.074695
MTDwidth,2,10,37,19.0000,0.070645
MTDwidth,2,10,38,19.5000,0.069897
MTDwidth,2,10,39,20.0000,0.065849
MTDwidth,2,10,40,20.5000,0.064050
MTDwidth,2,10,41,21.0000,0.063064
MTDwidth,2,10,42,21.5000,0.061579
MTDwidth,2,10,43,22.0000,0.063820
MTDwidth,2,10,44,22.5000,0.060864
MTDwidth,2,10,45,23.0000,0.058659
MTDwidth,2,10,46,23.5000,0.054996
MTDwidth,2,10,47,24.0000,0.054236
MTDwidth,2,10,48,24.5000,0.052974
MTDwidth,2,10,49,25.0000,0.052949
MTDwidth,2,10,50,25.5000,0.053217
MTDwidth,2,10,51,26.0000,0.051459
MTDwidth,2,10,52,26.5000,0.064498
MTDwidth,2,10,53,27.0000,0.068549
MTDwidth,2,10,54,27.5000,0.066592
MTDwidth,2,10,55,28.0000,0.066361
MTDwidth,2,10,56,28.5000,0.064130
MTDwidth,2,10,57,29.0000,0.068990
MTDwidth,2,10,58,29.5000,0.068589
MTDwidth,2,10,59,30.0000,0.064365
MTDwidth,2,10,60,30.5000,0.062266
MTDwidth,2,10,61,31.0000,0.068231
MTDwidth,2,10,62,31.5000,0.066957
MTDwidth,2,10,63,32.0000,0.065032
MTDwidth,2,10,64,32.5000,0.061584
MTDwidth,2,10,65,33.0000,0.063647
MTDwidth,2,10,66,33.5000,0.061963
MTDwidth,2,10,67,34.0000,0.062033
MTDwidth,2,10,68,34.5000,0.067485
MTDwidth,2,10,69,35.0000,0.071346
MTDwidth,2,10,70,35.5000,0.068941
MTDwidth,2,10,71,36.0000,0.068100
MTDwidth,2,10,72,36.5000,0.063616
MTDwidth,2,10,73,37.0000,0.070050
MTDwidth,2,10,74,37.5000,0.072705
MTDwidth,2,10,75,38.0000,0.071640
MTDwidth,2,10,76,38.5000,0.071808
MTDwidth,2,10,77,39.0000,0.069728
MTDwidth,2,10,78,39.5000,0.067757
MTDwidth,2,10,79,40.0000,0.067881
MTDwidth,2,10,80,40.5000,0.068917
MTDwidth,2,10,81,41.0000,0.068947
MTDwidth,2,10,82,41.5000,0.067766
MTDwidth,2,10,83,42.0000,0.063450
MTDwidth,2,10,84,42.5000,0.062050
MTDwidth,2,10,85,43.0000,0.064234
MTDwidth,2,10,86,43.5000,0.061525
MTDwidth,2,10,87,44.0000,0.060024
MTDwidth,2,10,88,44.5000,0.063275
MTDwidth,2,10,89,45.0000,0.063314
MTDwidth,2,10,90,45.5000,0.066668
MTDwidth,2,10,91,46.0000,0.065068
MTDwidth,2,10,92,46.5000,0.070150
MTDwidth,2,10,93,47.0000,0.073031
MTDwidth,2,10,94,47.5000,0.071905
MTDwidth,2,10,95,48.0000,0.071157
MTDwidth,2,10,96,48.5000,0.072081
MTDwidth,2,10,97,49.0000,0.074580
MTDwidth,2,10,98,49.5000,0.071294
MTDwidth,2,10,99,50.0000,0.067828
MTDwidth,2,20,0,0.5000,6.182032
MTDwidth,2,20,1,1.0000,4.832294
MTDwidth,2,20,2,1.5000,4.045659
MTDwidth,2,20,3,2.0000,3.387107
MTDwidth,2,20,4,2.5000,2.902572
MTDwidth,2,20,5,3.0000,2.183121
MTDwidth,2,20,6,3.5000,1.758651
MTDwidth,2,20,7,4.0000,1.423246
MTDwidth,2,20,8,4.5000,1.022599
MTDwidth,2,20,9,5.0000,0.662930
MTDwidth,2,20,10,5.5000,0.444204
MTDwidth,2,20,11,6.0000,0.201248
MTDwidth,2,20,12,6.5000,0.172100
MTDwidth,2,20,13,7.0000,0.114238
MTDwidth,2,20,14,7.5000,0.093770
MTDwidth,2,20,15,8.0000,0.089203
MTDwidth,2,20,16,8.5000,0.082222
MTDwidth,2,20,17,9.0000,0.079579
MTDwidth,2,20,18,9.5000,0.078479
MTDwidth,2,20,19,10.0000,0.075585
MTDwidth,2,20,20,10.5000,0.075276
MTDwidth,2,20,21,11.0000,0.076025
MTDwidth,2,20,22,11.5000,0.074493
MTDwidth,2,20,23,12.0000,0.071766
MTDwidth,2,20,24,12.5000,0.067108
MTDwidth,2,20,25,13.0000,0.067819
MTDwidth,2,20,26,13.5000,0.069855
MTDwidth,2,20,27,14.0000,0.073350
MTDwidth,2,20,28,14.5000,0.068874
MTDwidth,2,20,29,15.0000,0.066793
MTDwidth,2,20,30,15.5000,0.067100
MTDwidth,2,20,31,16.0000,0.060428
MTDwidth,2,20,32,16.5000,0.061206
MTDwidth,2,20,33,17.0000,0.059090
MTDwidth,2,20,34,17.5000,0.056498
MTDwidth,2,20,35,18.0000,0.055595
MTDwidth,2,20,36,18.5000,0.054835
MTDwidth,2,20,37,19.0000,0.054587
MTDwidth,2,20,38,19.5000,0.054060
MTDwidth,2,20,39,20.0000,0.054014
MTDwidth,2,20,40,20.5000,0.054064
MTDwidth,2,20,41,21.0000,0.053566
MTDwidth,2,20,42,21.5000,0.053833
MTDwidth,2,20,43,22.0000,0.054072
MTDwidth,2,20,44,22.5000,0.054534
MTDwidth,2,20,45,23.0000,0.053772
MTDwidth,2,20,46,23.5000,0.055545
MTDwidth,2,20,47,24.0000,0.052307
MTDwidth,2,20,48,24.5000,0.053681
MTDwidth,2,20,49,25.0000,0.052930
MTDwidth,2,20,50,25.5000,0.050904
MTDwidth,2,20,51,26.0000,0.057428
MTDwidth,2,20,52,26.5000,0.059031
MTDwidth,2,20,53,27.0000,0.054997
MTDwidth,2,20,54,27.5000,0.047468
MTDwidth,2,20,55,28.0000,0.048243
MTDwidth,2,20,56,28.5000,0.045939
MTDwidth,2,20,57,29.0000,0.045594
MTDwidth,2,20,58,29.5000,0.045485
MTDwidth,2,20,59,30.0000,0.045388
MTDwidth,2,20,60,30.5000,0.047907
MTDwidth,2,20,61,31.0000,0.046201
MTDwidth,2,20,62,31.5000,0.044424
MTDwidth,2,20,63,32.0000,0.044929
MTDwidth,2,20,64,32.5000,0.043282
MTDwidth,2,20,65,33.0000,0.043436
MTDwidth,2,20,66,33.5000,0.043149
MTDwidth,2,20,67,34.0000,0.042913
MTDwidth,2,20,68,34.5000,0.042925
MTDwidth,2,20,69,35.0000,0.042075
MTDwidth,2,20,70,35.5000,0.041601
MTDwidth,2,20,71,36.0000,0.041712
MTDwidth,2,20,72,36.5000,0.042825
MTDwidth,2,20,73,37.0000,0.040909
MTDwidth,2,20,74,37.5000,0.040624
MTDwidth,2,20,75,38.0000,0.040342
MTDwidth,2,20,76,38.5000,0.040512
MTDwidth,2,20,77,39.0000,0.040092
MTDwidth,2,20,78,39.5000,0.040215
MTDwidth,2,20,79,40.0000,0.040123
MTDwidth,2,20,80,40.5000,0.040172
MTDwidth,2,20,81,41.0000,0.039797
MTDwidth,2,20,82,41.5000,0.039359
MTDwidth,2,20,83,42.0000,0.039372
MTDwidth,2,20,84,42.5000,0.039450
MTDwidth,2,20,85,43.0000,0.039467
MTDwidth,2,20,86,43.5000,0.038981
MTDwidth,2,20,87,44.0000,0.038919
MTDwidth,2,20,88,44.5000,0.038578
MTDwidth,2,20,89,45.0000,0.038675
MTDwidth,2,20,90,45.5000,0.038271
MTDwidth,2,20,91,46.0000,0.037973
MTDwidth,2,20,92,46.5000,0.038437
MTDwidth,2,20,93,47.0000,0.037917
MTDwidth,2,20,94,47.5000,0.037608
MTDwidth,2,20,95,48.0000,0.037571
MTDwidth,2,20,96,48.5000,0.036953
MTDwidth,2,20,97,49.0000,0.037254
MTDwidth,2,20,98,49.5000,0.038212
MTDwidth,2,20,99,50.0000,0.039173
MTDwidth,2,30,0,0.5000,5.852537
MTDwidth,2,30,1,1.0000,4.782613
MTDwidth,2,30,2,1.5000,3.608035
MTDwidth,2,30,3,2.0000,2.924472
MTDwidth,2,30,4,2.5000,2.550016
MTDwidth,2,30,5,3.0000,2.063709
MTDwidth,2,30,6,3.5000,1.538447
MTDwidth,2,30,7,4.0000,1.179589
MTDwidth,2,30,8,4.5000,0.911366
MTDwidth,2,30,9,5.0000,0.705971
MTDwidth,2,30,10,5.5000,0.467997
MTDwidth,2,30,11,6.0000,0.267141
MTDwidth,2,30,12,6.5000,0.185844
MTDwidth,2,30,13,7.0000,0.131703
MTDwidth,2,30,14,7.5000,0.134289
MTDwidth,2,30,15,8.0000,0.141525
MTDwidth,2,30,16,8.5000,0.128856
MTDwidth,2,30,17,9.0000,0.096105
MTDwidth,2,30,18,9.5000,0.089129
MTDwidth,2,30,19,10.0000,0.086659
MTDwidth,2,30,20,10.5000,0.085297
MTDwidth,2,30,21,11.0000,0.084065
MTDwidth,2,30,22,11.5000,0.082622
MTDwidth,2,30,23,12.0000,0.075178
MTDwidth,2,30,24,12.5000,0.073014
MTDwidth,2,30,25,13.0000,0.077382
MTDwidth,2,30,26,13.5000,0.079357
MTDwidth,2,30,27,14.0000,0.084661
MTDwidth,2,30,28,14.5000,0.085503
MTDwidth,2,30,29,15.0000,0.077193
MTDwidth,2,30,30,15.5000,0.074131
MTDwidth,2,30,31,16.0000,0.069825
MTDwidth,2,30,32,16.5000,0.064490
MTDwidth,2,30,33,17.0000,0.066734
MTDwidth,2,30,34,17.5000,0.064182
MTDwidth,2,30,35,18.0000,0.062338
MTDwidth,2,30,36,18.5000,0.073024
MTDwidth,2,30,37,19.0000,0.067735
MTDwidth,2,30,38,19.5000,0.068879
MTDwidth,2,30,39,20.0000,0.058908
MTDwidth,2,30,40,20.5000,0.060144
MTDwidth,2,30,41,21.0000,0.062703
MTDwidth,2,30,42,21.5000,0.060787
MTDwidth,2,30,43,22.0000,0.055019
MTDwidth,2,30,44,22.5000,0.055328
MTDwidth,2,30,45,23.0000,0.058876
MTDwidth,2,30,46,23.5000,0.058284
MTDwidth,2,30,47,24.0000,0.053348
MTDwidth,2,30,48,24.5000,0.052275
MTDwidth,2,30,49,25.0000,0.052521
MTDwidth,2,30,50,25.5000,0.053326
MTDwidth,2,30,51,26.0000,0.053142
MTDwidth,2,30,52,26.5000,0.054689
MTDwidth,2,30,53,27.0000,0.055623
MTDwidth,2,30,54,27.5000,0.054129
MTDwidth,2,30,55,28.0000,0.055527
MTDwidth,2,30,56,28.5000,0.052157
MTDwidth,2,30,57,29.0000,0.051771
MTDwidth,2,30,58,29.5000,0.050463
MTDwidth,2,30,59,30.0000,0.049726
MTDwidth,2,30,60,30.5000,0.050291
MTDwidth,2,30,61,31.0000,0.048973
MTDwidth,2,30,62,31.5000,0.048527
MTDwidth,2,30,63,32.0000,0.048308
MTDwidth,2,30,64,32.5000,0.046539
MTDwidth,2,30,65,33.0000,0.045774
MTDwidth,2,30,66,33.5000,0.046241
MTDwidth,2,30,67,34.0000,0.045781
MTDwidth,2,30,68,34.5000,0.044255
MTDwidth,2,30,69,35.0000,0.043176
MTDwidth,2,30,70,35.5000,0.043957
MTDwidth,2,30,71,36.0000,0.045331
MTDwidth,2,30,72,36.5000,0.046592
MTDwidth,2,30,73,37.0000,0.047026
MTDwidth,2,30,74,37.5000,0.047427
MTDwidth,2,30,75,38.0000,0.052524
MTDwidth,2,30,76,38.5000,0.052222
MTDwidth,2,30,77,39.0000,0.053625
MTDwidth,2,30,78,39.5000,0.051837
MTDwidth,2,30,79,40.0000,0.053053
MTDwidth,2,30,80,40.5000,0.052218
MTDwidth,2,30,81,41.0000,0.052490
MTDwidth,2,30,82,41.5000,0.052538
MTDwidth,2,30,83,42.0000,0.056813
MTDwidth,2,30,84,42.5000,0.053109
MTDwidth,2,30,85,43.0000,0.053436
MTDwidth,2,30,86,43.5000,0.052652
MTDwidth,2,30,87,44.0000,0.051863
MTDwidth,2,30,88,44.5000,0.051240
MTDwidth,2,30,89,45.0000,0.055053
MTDwidth,2,30,90,45.5000,0.056101
MTDwidth,2,30,91,46.0000,0.055121
MTDwidth,2,30,92,46.5000,0.055992
MTDwidth,2,30,93,47.0000,0.054777
MTDwidth,2,30,94,47.5000,0.052447
MTDwidth,2,30,95,48.0000,0.048829
MTDwidth,2,30,96,48.5000,0.049022
MTDwidth,2,30,97,49.0000,0.050437
MTDwidth,2,30,98,49.5000,0.047835
MTDwidth,2,30,99,50.0000,0.048918
MTDwidth,2,40,0,0.5000,5.911059
MTDwidth,2,40,1,1.0000,4.722124
MTDwidth,2,40,2,1.5000,4.067953
MTDwidth,2,40,3,2.0000,3.445375
MTDwidth,2,40,4,2.5000,2.822893
MTDwidth,2,40,5,3.0000,2.281244
MTDwidth,2,40,6,3.5000,1.832806
MTDwidth,2,40,7,4.0000,1.342230
MTDwidth,2,40,8,4.5000,0.961271
MTDwidth,2,40,9,5.0000,0.627255
MTDwidth,2,40,10,5.5000,0.443447
MTDwidth,2,40,11,6.0000,0.283241
MTDwidth,2,40,12,6.5000,0.202499
MTDwidth,2,40,13,7.0000,0.141505
MTDwidth,2,40,14,7.5000,0.136549
MTDwidth,2,40,15,8.0000,0.128854
MTDwidth,2,40,16,8.5000,0.115272
MTDwidth,2,40,17,9.0000,0.114149
MTDwidth,2,40,18,9.5000,0.109420
MTDwidth,2,40,19,10.0000,0.117438
MTDwidth,2,40,20,10.5000,0.123737
MTDwidth,2,40,21,11.0000,0.117646
MTDwidth,2,40,22,11.5000,0.113817
MTDwidth,2,40,23,12.0000,0.112160
MTDwidth,2,40,24,12.5000,0.112967
MTDwidth,2,40,25,13.0000,0.102441
MTDwidth,2,40,26,13.5000,0.097838
MTDwidth,2,40,27,14.0000,0.085098
MTDwidth,2,40,28,14.5000,0.085399
MTDwidth,2,40,29,15.0000,0.087124
MTDwidth,2,40,30,15.5000,0.082976
MTDwidth,2,40,31,16.0000,0.074609
MTDwidth,2,40,32,16.5000,0.074703
MTDwidth,2,40,33,17.0000,0.068525
MTDwidth,2,40,34,17.5000,0.075868
MTDwidth,2,40,35,18.0000,0.074160
MTDwidth,2,40,36,18.5000,0.068853
MTDwidth,2,40,37,19.0000,0.071247
MTDwidth,2,40,38,19.5000,0.077940
MTDwidth,2,40,39,20.0000,0.073823
MTDwidth,2,40,40,20.5000,0.068884
MTDwidth,2,40,41,21.0000,0.067967
MTDwidth,2,40,42,21.5000,0.066107
MTDwidth,2,40,43,22.0000,0.062670
MTDwidth,2,40,44,22.5000,0.059963
MTDwidth,2,40,45,23.0000,0.057172
MTDwidth,2,40,46,23.5000,0.056465
MTDwidth,2,40,47,24.0000,0.058338
MTDwidth,2,40,48,24.5000,0.055837
MTDwidth,2,40,49,25.0000,0.055634
MTDwidth,2,40,50,25.5000,0.054315
MTDwidth,2,40,51,26.0000,0.053836
MTDwidth,2,40,52,26.5000,0.053536
MTDwidth,2,40,53,27.0000,0.054791
MTDwidth,2,40,54,27.5000,0.054315
MTDwidth,2,40,55,28.0000,0.054247
MTDwidth,2,40,56,28.5000,0.053805
MTDwidth,2,40,57,29.0000,0.052031
MTDwidth,2,40,58,29.5000,0.051623
MTDwidth,2,40,59,30.0000,0.051065
MTDwidth,2,40,60,30.5000,0.050996
MTDwidth,2,40,61,31.0000,0.049723
MTDwidth,2,40,62,31.5000,0.049592
MTDwidth,2,40,63,32.0000,0.047808
MTDwidth,2,40,64,32.5000,0.048681
MTDwidth,2,40,65,33.0000,0.046824
MTDwidth,2,40,66,33.5000,0.046026
MTDwidth,2,40,67,34.0000,0.045225
MTDwidth,2,40,68,34.5000,0.044244
MTDwidth,2,40,69,35.0000,0.047448
MTDwidth,2,40,70,35.5000,0.046344
MTDwidth,2,40,71,36.0000,0.047178
MTDwidth,2,40,72,36.5000,0.047690
MTDwidth,2,40,73,37.0000,0.047032
MTDwidth,2,40,74,37.5000,0.045507
MTDwidth,2,40,75,38.0000,0.045855
MTDwidth,2,40,76,38.5000,0.044648
MTDwidth,2,40,77,39.0000,0.048921
MTDwidth,2,40,78,39.5000,0.052014
MTDwidth,2,40,79,40.0000,0.052739
MTDwidth,2,40,80,40.5000,0.049912
MTDwidth,2,40,81,41.0000,0.048605
MTDwidth,2,40,82,41.5000,0.046009
MTDwidth,2,40,83,42.0000,0.046370
MTDwidth,2,40,84,42.5000,0.047437
MTDwidth,2,40,85,43.0000,0.046469
MTDwidth,2,40,86,43.5000,0.047591
MTDwidth,2,40,87,44.0000,0.046416
MTDwidth,2,40,88,44.5000,0.047523
MTDwidth,2,40,89,45.0000,0.047888
MTDwidth,2,40,90,45.5000,0.044355
MTDwidth,2,40,91,46.0000,0.042581
MTDwidth,2,40,92,46.5000,0.042019
MTDwidth,2,40,93,47.0000,0.041459
MTDwidth,2,40,94,47.5000,0.040182
MTDwidth,2,40,95,48.0000,0.042737
MTDwidth,2,40,96,48.5000,0.041807
MTDwidth,2,40,97,49.0000,0.040716
MTDwidth,2,40,98,49.5000,0.039888
MTDwidth,2,40,99,50.0000,0.039536
MTDwidth,2,50,0,0.5000,5.932989
MTDwidth,2,50,1,1.0000,4.844258
MTDwidth,2,50,2,1.5000,3.956600
MTDwidth,2,50,3,2.0000,3.299896
MTDwidth,2,50,4,2.5000,2.772273
MTDwidth,2,50,5,3.0000,2.042611
MTDwidth,2,50,6,3.5000,1.602981
MTDwidth,2,50,7,4.0000,1.182951
MTDwidth,2,50,8,4.5000,0.801909
MTDwidth,2,50,9,5.0000,0.511179
MTDwidth,2,50,10,5.5000,0.313135
MTDwidth,2,50,11,6.0000,0.207456
MTDwidth,2,50,12,6.5000,0.147359
MTDwidth,2,50,13,7.0000,0.128124
MTDwidth,2,50,14,7.5000,0.136384
MTDwidth,2,50,15,8.0000,0.113028
MTDwidth,2,50,16,8.5000,0.107161
MTDwidth,2,50,17,9.0000,0.094305
MTDwidth,2,50,18,9.5000,0.085999
MTDwidth,2,50,19,10.0000,0.082263
MTDwidth,2,50,20,10.5000,0.079885
MTDwidth,2,50,21,11.0000,0.076507
MTDwidth,2,50,22,11.5000,0.075168
MTDwidth,2,50,23,12.0000,0.072307
MTDwidth,2,50,24,12.5000,0.076706
MTDwidth,2,50,25,13.0000,0.075317
MTDwidth,2,50,26,13.5000,0.084512
MTDwidth,2,50,27,14.0000,0.081625
MTDwidth,2,50,28,14.5000,0.079875
MTDwidth,2,50,29,15.0000,0.080699
MTDwidth,2,50,30,15.5000,0.077713
MTDwidth,2,50,31,16.0000,0.088262
MTDwidth,2,50,32,16.5000,0.091541
MTDwidth,2,50,33,17.0000,0.085067
MTDwidth,2,50,34,17.5000,0.077495
MTDwidth,2,50,35,18.0000,0.075594
MTDwidth,2,50,36,18.5000,0.070165
MTDwidth,2,50,37,19.0000,0.072014
MTDwidth,2,50,38,19.5000,0.069028
MTDwidth,2,50,39,20.0000,0.066177
MTDwidth,2,50,40,20.5000,0.063759
MTDwidth,2,50,41,21.0000,0.061959
MTDwidth,2,50,42,21.5000,0.061344
MTDwidth,2,50,43,22.0000,0.062800
MTDwidth,2,50,44,22.5000,0.063685
MTDwidth,2,50,45,23.0000,0.065814
MTDwidth,2,50,46,23.5000,0.069379
MTDwidth,2,50,47,24.0000,0.064087
MTDwidth,2,50,48,24.5000,0.063183
MTDwidth,2,50,49,25.0000,0.067913
MTDwidth,2,50,50,25.5000,0.070381
MTDwidth,2,50,51,26.0000,0.065735
MTDwidth,2,50,52,26.5000,0.062205
MTDwidth,2,50,53,27.0000,0.066937
MTDwidth,2,50,54,27.5000,0.074917
MTDwidth,2,50,55,28.0000,0.082837
MTDwidth,2,50,56,28.5000,0.076992
MTDwidth,2,50,57,29.0000,0.069843
MTDwidth,2,50,58,29.5000,0.071416
MTDwidth,2,50,59,30.0000,0.069559
MTDwidth,2,50,60,30.5000,0.067967
MTDwidth,2,50,61,31.0000,0.072021
MTDwidth,2,50,62,31.5000,0.071342
MTDwidth,2,50,63,32.0000,0.066007
MTDwidth,2,50,64,32.5000,0.061120
MTDwidth,2,50,65,33.0000,0.060301
MTDwidth,2,50,66,33.5000,0.057451
MTDwidth,2,50,67,34.0000,0.056135
MTDwidth,2,50,68,34.5000,0.053438
MTDwidth,2,50,69,35.0000,0.054356
MTDwidth,2,50,70,35.5000,0.052282
MTDwidth,2,50,71,36.0000,0.050682
MTDwidth,2,50,72,36.5000,0.053118
MTDwidth,2,50,73,37.0000,0.051101
MTDwidth,2,50,74,37.5000,0.048714
MTDwidth,2,50,75,38.0000,0.048092
MTDwidth,2,50,76,38.5000,0.047719
MTDwidth,2,50,77,39.0000,0.047893
MTDwidth,2,50,78,39.5000,0.045735
MTDwidth,2,50,79,40.0000,0.045217
MTDwidth,2,50,80,40.5000,0.045996
MTDwidth,2,50,81,41.0000,0.047932
MTDwidth,2,50,82,41.5000,0.046475
MTDwidth,2,50,83,42.0000,0.044453
MTDwidth,2,50,84,42.5000,0.042155
MTDwidth,2,50,85,43.0000,0.043086
MTDwidth,2,50,86,43.5000,0.040926
MTDwidth,2,50,87,44.0000,0.040905
MTDwidth,2,50,88,44.5000,0.042367
MTDwidth,2,50,89,45.0000,0.040904
MTDwidth,2,50,90,45.5000,0.040865
MTDwidth,2,50,91,46.0000,0.041982
MTDwidth,2,50,92,46.5000,0.041062
MTDwidth,2,50,93,47.0000,0.042816
MTDwidth,2,50,94,47.5000,0.042901
MTDwidth,2,50,95,48.0000,0.044107
MTDwidth,2,50,96,48.5000,0.042798
MTDwidth,2,50,97,49.0000,0.041460
MTDwidth,2,50,98,49.5000,0.042476
MTDwidth,2,50,99,50.0000,0.042213
MTDwidth,3,10,0,0.5000,5.755548
MTDwidth,3,10,1,1.0000,4.564469
MTDwidth,3,10,2,1.5000,3.438684
MTDwidth,3,10,3,2.0000,2.489096
MTDwidth,3,10,4,2.5000,1.659935
MTDwidth,3,10,5,3.0000,1.078565
MTDwidth,3,10,6,3.5000,0.799324
MTDwidth,3,10,7,4.0000,0.479310
MTDwidth,3,10,8,4.5000,0.254969
MTDwidth,3,10,9,5.0000,0.221556
MTDwidth,3,10,10,5.5000,0.204676
MTDwidth,3,10,11,6.0000,0.165595
MTDwidth,3,10,12,6.5000,0.165326
MTDwidth,3,10,13,7.0000,0.119540
MTDwidth,3,10,14,7.5000,0.099967
MTDwidth,3,10,15,8.0000,0.091363
MTDwidth,3,10,16,8.5000,0.099893
MTDwidth,3,10,17,9.0000,0.117020
MTDwidth,3,10,18,9.5000,0.121439
MTDwidth,3,10,19,10.0000,0.108073
MTDwidth,3,10,20,10.5000,0.103735
MTDwidth,3,10,21,11.0000,0.096344
MTDwidth,3,10,22,11.5000,0.082556
MTDwidth,3,10,23,12.0000,0.084168
MTDwidth,3,10,24,12.5000,0.085410
MTDwidth,3,10,25,13.0000,0.083025
MTDwidth,3,10,26,13.5000,0.069377
MTDwidth,3,10,27,14.0000,0.067189
MTDwidth,3,10,28,14.5000,0.065193
MTDwidth,3,10,29,15.0000,0.064552
MTDwidth,3,10,30,15.5000,0.064220
MTDwidth,3,10,31,16.0000,0.064480
MTDwidth,3,10,32,16.5000,0.062004
MTDwidth,3,10,33,17.0000,0.063393
MTDwidth,3,10,34,17.5000,0.059482
MTDwidth,3,10,35,18.0000,0.058129
MTDwidth,3,10,36,18.5000,0.058861
MTDwidth,3,10,37,19.0000,0.060717
MTDwidth,3,10,38,19.5000,0.056086
MTDwidth,3,10,39,20.0000,0.054687
MTDwidth,3,10,40,20.5000,0.054681
MTDwidth,3,10,41,21.0000,0.055808
MTDwidth,3,10,42,21.5000,0.053943
MTDwidth,3,10,43,22.0000,0.052603
MTDwidth,3,10,44,22.5000,0.051230
MTDwidth,3,10,45,23.0000,0.051956
MTDwidth,3,10,46,23.5000,0.050742
MTDwidth,3,10,47,24.0000,0.050013
MTDwidth,3,10,48,24.5000,0.050431
MTDwidth,3,10,49,25.0000,0.049748
MTDwidth,3,10,50,25.5000,0.048975
MTDwidth,3,10,51,26.0000,0.048571
MTDwidth,3,10,52,26.5000,0.048408
MTDwidth,3,10,53,27.0000,0.047289
MTDwidth,3,10,54,27.5000,0.046331
MTDwidth,3,10,55,28.0000,0.048171
MTDwidth,3,10,56,28.5000,0.047103
MTDwidth,3,10,57,29.0000,0.046225
MTDwidth,3,10,58,29.5000,0.044797
MTDwidth,3,10,59,30.0000,0.044878
MTDwidth,3,10,60,30.5000,0.044967
MTDwidth,3,10,61,31.0000,0.045884
MTDwidth,3,10,62,31.5000,0.045745
MTDwidth,3,10,63,32.0000,0.046721
MTDwidth,3,10,64,32.5000,0.047671
MTDwidth,3,10,65,33.0000,0.044801
MTDwidth,3,10,66,33.5000,0.045151
MTDwidth,3,10,67,34.0000,0.046213
MTDwidth,3,10,68,34.5000,0.046750
MTDwidth,3,10,69,35.0000,0.044956
MTDwidth,3,10,70,35.5000,0.042283
MTDwidth,3,10,71,36.0000,0.043047
MTDwidth,3,10,72,36.5000,0.043177
MTDwidth,3,10,73,37.0000,0.045255
MTDwidth,3,10,74,37.5000,0.046366
MTDwidth,3,10,75,38.0000,0.047087
MTDwidth,3,10,76,38.5000,0.047117
MTDwidth,3,10,77,39.0000,0.042588
MTDwidth,3,10,78,39.5000,0.044207
MTDwidth,3,10,79,40.0000,0.043230
MTDwidth,3,10,80,40.5000,0.042218
MTDwidth,3,10,81,41.0000,0.041413
MTDwidth,3,10,82,41.5000,0.041224
MTDwidth,3,10,83,42.0000,0.040866
MTDwidth,3,10,84,42.5000,0.041739
MTDwidth,3,10,85,43.0000,0.039628
MTDwidth,3,10,86,43.5000,0.040428
MTDwidth,3,10,87,44.0000,0.040473
MTDwidth,3,10,88,44.5000,0.039645
MTDwidth,3,10,89,45.0000,0.038650
MTDwidth,3,10,90,45.5000,0.037315
MTDwidth,3,10,91,46.0000,0.036748
MTDwidth,3,10,92,46.5000,0.036336
MTDwidth,3,10,93,47.0000,0.035905
MTDwidth,3,10,94,47.5000,0.035747
MTDwidth,3,10,95,48.0000,0.036319
MTDwidth,3,10,96,48.5000,0.036697
MTDwidth,3,10,97,49.0000,0.035800
MTDwidth,3,10,98,49.5000,0.036250
MTDwidth,3,10,99,50.0000,0.036162
MTDwidth,3,20,0,0.5000,5.650891
MTDwidth,3,20,1,1.0000,4.217680
MTDwidth,3,20,2,1.5000,3.310879
MTDwidth,3,20,3,2.0000,2.912868
MTDwidth,3,20,4,2.5000,1.893731
MTDwidth,3,20,5,3.0000,1.202156
MTDwidth,3,20,6,3.5000,0.676370
MTDwidth,3,20,7,4.0000,0.425168
MTDwidth,3,20,8,4.5000,0.251003
MTDwidth,3,20,9,5.0000,0.112448
MTDwidth,3,20,10,5.5000,0.104049
MTDwidth,3,20,11,6.0000,0.092894
MTDwidth,3,20,12,6.5000,0.092917
MTDwidth,3,20,13,7.0000,0.094677
MTDwidth,3,20,14,7.5000,0.087278
MTDwidth,3,20,15,8.0000,0.087031
MTDwidth,3,20,16,8.5000,0.084068
MTDwidth,3,20,17,9.0000,0.083050
MTDwidth,3,20,18,9.5000,0.079143
MTDwidth,3,20,19,10.0000,0.078785
MTDwidth,3,20,20,10.5000,0.076208
MTDwidth,3,20,21,11.0000,0.077188
MTDwidth,3,20,22,11.5000,0.075214
MTDwidth,3,20,23,12.0000,0.072514
MTDwidth,3,20,24,12.5000,0.079961
MTDwidth,3,20,25,13.0000,0.071643
MTDwidth,3,20,26,13.5000,0.073589
MTDwidth,3,20,27,14.0000,0.080114
MTDwidth,3,20,28,14.5000,0.089394
MTDwidth,3,20,29,15.0000,0.093384
MTDwidth,3,20,30,15.5000,0.080794
MTDwidth,3,20,31,16.0000,0.076102
MTDwidth,3,20,32,16.5000,0.070224
MTDwidth,3,20,33,17.0000,0.068497
MTDwidth,3,20,34,17.5000,0.067845
MTDwidth,3,20,35,18.0000,0.068473
MTDwidth,3,20,36,18.5000,0.074591
MTDwidth,3,20,37,19.0000,0.085655
MTDwidth,3,20,38,19.5000,0.083148
MTDwidth,3,20,39,20.0000,0.088610
MTDwidth,3,20,40,20.5000,0.074510
MTDwidth,3,20,41,21.0000,0.075824
MTDwidth,3,20,42,21.5000,0.069852
MTDwidth,3,20,43,22.0000,0.064990
MTDwidth,3,20,44,22.5000,0.061348
MTDwidth,3,20,45,23.0000,0.058969
MTDwidth,3,20,46,23.5000,0.066930
MTDwidth,3,20,47,24.0000,0.064895
MTDwidth,3,20,48,24.5000,0.065950
MTDwidth,3,20,49,25.0000,0.070605
MTDwidth,3,20,50,25.5000,0.072035
MTDwidth,3,20,51,26.0000,0.062681
MTDwidth,3,20,52,26.5000,0.065331
MTDwidth,3,20,53,27.0000,0.069849
MTDwidth,3,20,54,27.5000,0.064458
MTDwidth,3,20,55,28.0000,0.063510
MTDwidth,3,20,56,28.5000,0.064797
MTDwidth,3,20,57,29.0000,0.061282
MTDwidth,3,20,58,29.5000,0.062164
MTDwidth,3,20,59,30.0000,0.060247
MTDwidth,3,20,60,30.5000,0.057259
MTDwidth,3,20,61,31.0000,0.063252
MTDwidth,3,20,62,31.5000,0.064619
MTDwidth,3,20,63,32.0000,0.062254
MTDwidth,3,20,64,32.5000,0.057028
MTDwidth,3,20,65,33.0000,0.057165
MTDwidth,3,20,66,33.5000,0.055606
MTDwidth,3,20,67,34.0000,0.053893
MTDwidth,3,20,68,34.5000,0.051164
MTDwidth,3,20,69,35.0000,0.050308
MTDwidth,3,20,70,35.5000,0.049809
MTDwidth,3,20,71,36.0000,0.051615
MTDwidth,3,20,72,36.5000,0.053141
MTDwidth,3,20,73,37.0000,0.057420
MTDwidth,3,20,74,37.5000,0.055236
MTDwidth,3,20,75,38.0000,0.054129
MTDwidth,3,20,76,38.5000,0.055527
MTDwidth,3,20,77,39.0000,0.058099
MTDwidth,3,20,78,39.5000,0.054949
MTDwidth,3,20,79,40.0000,0.054354
MTDwidth,3,20,80,40.5000,0.059817
MTDwidth,3,20,81,41.0000,0.057078
MTDwidth,3,20,82,41.5000,0.057070
MTDwidth,3,20,83,42.0000,0.059046
MTDwidth,3,20,84,42.5000,0.063215
MTDwidth,3,20,85,43.0000,0.060794
MTDwidth,3,20,86,43.5000,0.060108
MTDwidth,3,20,87,44.0000,0.063727
MTDwidth,3,20,88,44.5000,0.060826
MTDwidth,3,20,89,45.0000,0.058029
MTDwidth,3,20,90,45.5000,0.058177
MTDwidth,3,20,91,46.0000,0.053062
MTDwidth,3,20,92,46.5000,0.053272
MTDwidth,3,20,93,47.0000,0.054535
MTDwidth,3,20,94,47.5000,0.056511
MTDwidth,3,20,95,48.0000,0.055598
MTDwidth,3,20,96,48.5000,0.056627
MTDwidth,3,20,97,49.0000,0.054577
MTDwidth,3,20,98,49.5000,0.057018
MTDwidth,3,20,99,50.0000,0.055650
MTDwidth,3,30,0,0.5000,5.671762
MTDwidth,3,30,1,1.0000,4.556293
MTDwidth,3,30,2,1.5000,3.400326
MTDwidth,3,30,3,2.0000,2.374408
MTDwidth,3,30,4,2.5000,1.787775
MTDwidth,3,30,5,3.0000,1.086524
MTDwidth,3,30,6,3.5000,0.718840
MTDwidth,3,30,7,4.0000,0.286588
MTDwidth,3,30,8,4.5000,0.216548
MTDwidth,3,30,9,5.0000,0.127654
MTDwidth,3,30,10,5.5000,0.119031
MTDwidth,3,30,11,6.0000,0.108872
MTDwidth,3,30,12,6.5000,0.107847
MTDwidth,3,30,13,7.0000,0.106641
MTDwidth,3,30,14,7.5000,0.138469
MTDwidth,3,30,15,8.0000,0.138033
MTDwidth,3,30,16,8.5000,0.123006
MTDwidth,3,30,17,9.0000,0.116639
MTDwidth,3,30,18,9.5000,0.118047
MTDwidth,3,30,19,10.0000,0.113701
MTDwidth,3,30,20,10.5000,0.104364
MTDwidth,3,30,21,11.0000,0.113044
MTDwidth,3,30,22,11.5000,0.108240
MTDwidth,3,30,23,12.0000,0.099711
MTDwidth,3,30,24,12.5000,0.123823
MTDwidth,3,30,25,13.0000,0.131849
MTDwidth,3,30,26,13.5000,0.127609
MTDwidth,3,30,27,14.0000,0.124554
MTDwidth,3,30,28,14.5000,0.128218
MTDwidth,3,30,29,15.0000,0.123720
MTDwidth,3,30,30,15.5000,0.124222
MTDwidth,3,30,31,16.0000,0.123432
MTDwidth,3,30,32,16.5000,0.114244
MTDwidth,3,30,33,17.0000,0.098748
MTDwidth,3,30,34,17.5000,0.104027
MTDwidth,3,30,35,18.0000,0.099296
MTDwidth,3,30,36,18.5000,0.102015
MTDwidth,3,30,37,19.0000,0.099942
MTDwidth,3,30,38,19.5000,0.083235
MTDwidth,3,30,39,20.0000,0.079183
MTDwidth,3,30,40,20.5000,0.078394
MTDwidth,3,30,41,21.0000,0.071560
MTDwidth,3,30,42,21.5000,0.071411
MTDwidth,3,30,43,22.0000,0.068974
MTDwidth,3,30,44,22.5000,0.064982
MTDwidth,3,30,45,23.0000,0.062762
MTDwidth,3,30,46,23.5000,0.057131
MTDwidth,3,30,47,24.0000,0.057176
MTDwidth,3,30,48,24.5000,0.059959
MTDwidth,3,30,49,25.0000,0.058540
MTDwidth,3,30,50,25.5000,0.062219
MTDwidth,3,30,51,26.0000,0.057810
MTDwidth,3,30,52,26.5000,0.055247
MTDwidth,3,30,53,27.0000,0.052705
MTDwidth,3,30,54,27.5000,0.052629
MTDwidth,3,30,55,28.0000,0.053413
MTDwidth,3,30,56,28.5000,0.052502
MTDwidth,3,30,57,29.0000,0.050355
MTDwidth,3,30,58,29.5000,0.049097
MTDwidth,3,30,59,30.0000,0.049166
MTDwidth,3,30,60,30.5000,0.048276
MTDwidth,3,30,61,31.0000,0.048685
MTDwidth,3,30,62,31.5000,0.048635
MTDwidth,3,30,63,32.0000,0.047070
MTDwidth,3,30,64,32.5000,0.046023
MTDwidth,3,30,65,33.0000,0.045270
MTDwidth,3,30,66,33.5000,0.045507
MTDwidth,3,30,67,34.0000,0.046065
MTDwidth,3,30,68,34.5000,0.048015
MTDwidth,3,30,69,35.0000,0.048911
MTDwidth,3,30,70,35.5000,0.049680
MTDwidth,3,30,71,36.0000,0.048587
MTDwidth,3,30,72,36.5000,0.046009
MTDwidth,3,30,73,37.0000,0.043334
MTDwidth,3,30,74,37.5000,0.042248
MTDwidth,3,30,75,38.0000,0.042788
MTDwidth,3,30,76,38.5000,0.041572
MTDwidth,3,30,77,39.0000,0.041798
MTDwidth,3,30,78,39.5000,0.040715
MTDwidth,3,30,79,40.0000,0.042890
MTDwidth,3,30,80,40.5000,0.045478
MTDwidth,3,30,81,41.0000,0.042271
MTDwidth,3,30,82,41.5000,0.044278
MTDwidth,3,30,83,42.0000,0.048060
MTDwidth,3,30,84,42.5000,0.046693
MTDwidth,3,30,85,43.0000,0.047389
MTDwidth,3,30,86,43.5000,0.047220
MTDwidth,3,30,87,44.0000,0.045149
MTDwidth,3,30,88,44.5000,0.042875
MTDwidth,3,30,89,45.0000,0.042304
MTDwidth,3,30,90,45.5000,0.039985
MTDwidth,3,30,91,46.0000,0.039103
MTDwidth,3,30,92,46.5000,0.040192
MTDwidth,3,30,93,47.0000,0.040739
MTDwidth,3,30,94,47.5000,0.038853
MTDwidth,3,30,95,48.0000,0.037431
MTDwidth,3,30,96,48.5000,0.036892
MTDwidth,3,30,97,49.0000,0.036091
MTDwidth,3,30,98,49.5000,0.035628
MTDwidth,3,30,99,50.0000,0.035341
MTDwidth,3,40,0,0.5000,5.873120
MTDwidth,3,40,1,1.0000,4.342851
MTDwidth,3,40,2,1.5000,3.814253
MTDwidth,3,40,3,2.0000,2.706258
MTDwidth,3,40,4,2.5000,1.871515
MTDwidth,3,40,5,3.0000,1.252574
MTDwidth,3,40,6,3.5000,0.842859
MTDwidth,3,40,7,4.0000,0.417605
MTDwidth,3,40,8,4.5000,0.232973
MTDwidth,3,40,9,5.0000,0.146984
MTDwidth,3,40,10,5.5000,0.129644
MTDwidth,3,40,11,6.0000,0.112236
MTDwidth,3,40,12,6.5000,0.104562
MTDwidth,3,40,13,7.0000,0.098363
MTDwidth,3,40,14,7.5000,0.096131
MTDwidth,3,40,15,8.0000,0.097427
MTDwidth,3,40,16,8.5000,0.098394
MTDwidth,3,40,17,9.0000,0.089649
MTDwidth,3,40,18,9.5000,0.084764
MTDwidth,3,40,19,10.0000,0.085934
MTDwidth,3,40,20,10.5000,0.079940
MTDwidth,3,40,21,11.0000,0.080589
MTDwidth,3,40,22,11.5000,0.078271
MTDwidth,3,40,23,12.0000,0.076682
MTDwidth,3,40,24,12.5000,0.076106
MTDwidth,3,40,25,13.0000,0.073385
MTDwidth,3,40,26,13.5000,0.071853
MTDwidth,3,40,27,14.0000,0.071540
MTDwidth,3,40,28,14.5000,0.069920
MTDwidth,3,40,29,15.0000,0.068661
MTDwidth,3,40,30,15.5000,0.069600
MTDwidth,3,40,31,16.0000,0.065824
MTDwidth,3,40,32,16.5000,0.065135
MTDwidth,3,40,33,17.0000,0.063660
MTDwidth,3,40,34,17.5000,0.061965
MTDwidth,3,40,35,18.0000,0.063722
MTDwidth,3,40,36,18.5000,0.061676
MTDwidth,3,40,37,19.0000,0.061235
MTDwidth,3,40,38,19.5000,0.060227
MTDwidth,3,40,39,20.0000,0.060218
MTDwidth,3,40,40,20.5000,0.056674
MTDwidth,3,40,41,21.0000,0.056286
MTDwidth,3,40,42,21.5000,0.055711
MTDwidth,3,40,43,22.0000,0.056344
MTDwidth,3,40,44,22.5000,0.056109
MTDwidth,3,40,45,23.0000,0.057315
MTDwidth,3,40,46,23.5000,0.056025
MTDwidth,3,40,47,24.0000,0.057963
MTDwidth,3,40,48,24.5000,0.054348
MTDwidth,3,40,49,25.0000,0.054083
MTDwidth,3,40,50,25.5000,0.052906
MTDwidth,3,40,51,26.0000,0.051966
MTDwidth,3,40,52,26.5000,0.053882
MTDwidth,3,40,53,27.0000,0.051134
MTDwidth,3,40,54,27.5000,0.052090
MTDwidth,3,40,55,28.0000,0.051178
MTDwidth,3,40,56,28.5000,0.053024
MTDwidth,3,40,57,29.0000,0.054290
MTDwidth,3,40,58,29.5000,0.054115
MTDwidth,3,40,59,30.0000,0.052677
MTDwidth,3,40,60,30.5000,0.053881
MTDwidth,3,40,61,31.0000,0.056543
MTDwidth,3,40,62,31.5000,0.053848
MTDwidth,3,40,63,32.0000,0.052566
MTDwidth,3,40,64,32.5000,0.050517
MTDwidth,3,40,65,33.0000,0.053340
MTDwidth,3,40,66,33.5000,0.053085
MTDwidth,3,40,67,34.0000,0.057401
MTDwidth,3,40,68,34.5000,0.054531
MTDwidth,3,40,69,35.0000,0.056452
MTDwidth,3,40,70,35.5000,0.054673
MTDwidth,3,40,71,36.0000,0.054889
MTDwidth,3,40,72,36.5000,0.055000
MTDwidth,3,40,73,37.0000,0.055139
MTDwidth,3,40,74,37.5000,0.056391
MTDwidth,3,40,75,38.0000,0.056548
MTDwidth,3,40,76,38.5000,0.060280
MTDwidth,3,40,77,39.0000,0.063602
MTDwidth,3,40,78,39.5000,0.064595
MTDwidth,3,40,79,40.0000,0.060858
MTDwidth,3,40,80,40.5000,0.063137
MTDwidth,3,40,81,41.0000,0.059443
MTDwidth,3,40,82,41.5000,0.056174
MTDwidth,3,40,83,42.0000,0.048863
MTDwidth,3,40,84,42.5000,0.047121
MTDwidth,3,40,85,43.0000,0.047688
MTDwidth,3,40,86,43.5000,0.047291
MTDwidth,3,40,87,44.0000,0.045986
MTDwidth,3,40,88,44.5000,0.045100
MTDwidth,3,40,89,45.0000,0.044529
MTDwidth,3,40,90,45.5000,0.046440
MTDwidth,3,40,91,46.0000,0.048634
MTDwidth,3,40,92,46.5000,0.047933
MTDwidth,3,40,93,47.0000,0.047578
MTDwidth,3,40,94,47.5000,0.046422
MTDwidth,3,40,95,48.0000,0.046498
MTDwidth,3,40,96,48.5000,0.045912
MTDwidth,3,40,97,49.0000,0.045652
MTDwidth,3,40,98,49.5000,0.047266
MTDwidth,3,40,99,50.0000,0.049139
MTDwidth,3,50,0,0.5000,5.457322
MTDwidth,3,50,1,1.0000,4.706858
MTDwidth,3,50,2,1.5000,3.298587
MTDwidth,3,50,3,2.0000,2.628447
MTDwidth,3,50,4,2.5000,1.810637
MTDwidth,3,50,5,3.0000,1.357106
MTDwidth,3,50,6,3.5000,0.834944
MTDwidth,3,50,7,4.0000,0.475907
MTDwidth,3,50,8,4.5000,0.240259
MTDwidth,3,50,9,5.0000,0.130755
MTDwidth,3,50,10,5.5000,0.112240
MTDwidth,3,50,11,6.0000,0.106317
MTDwidth,3,50,12,6.5000,0.104738
MTDwidth,3,50,13,7.0000,0.099056
MTDwidth,3,50,14,7.5000,0.093484
MTDwidth,3,50,15,8.0000,0.087630
MTDwidth,3,50,16,8.5000,0.088973
MTDwidth,3,50,17,9.0000,0.096226
MTDwidth,3,50,18,9.5000,0.095805
MTDwidth,3,50,19,10.0000,0.090243
MTDwidth,3,50,20,10.5000,0.086964
MTDwidth,3,50,21,11.0000,0.080131
MTDwidth,3,50,22,11.5000,0.080848
MTDwidth,3,50,23,12.0000,0.081630
MTDwidth,3,50,24,12.5000,0.076352
MTDwidth,3,50,25,13.0000,0.074727
MTDwidth,3,50,26,13.5000,0.081604
MTDwidth,3,50,27,14.0000,0.077659
MTDwidth,3,50,28,14.5000,0.071135
MTDwidth,3,50,29,15.0000,0.068805
MTDwidth,3,50,30,15.5000,0.067885
MTDwidth,3,50,31,16.0000,0.066543
MTDwidth,3,50,32,16.5000,0.066975
MTDwidth,3,50,33,17.0000,0.066520
MTDwidth,3,50,34,17.5000,0.064769
MTDwidth,3,50,35,18.0000,0.065752
MTDwidth,3,50,36,18.5000,0.068565
MTDwidth,3,50,37,19.0000,0.073813
MTDwidth,3,50,38,19.5000,0.078199
MTDwidth,3,50,39,20.0000,0.079329
MTDwidth,3,50,40,20.5000,0.078541
MTDwidth,3,50,41,21.0000,0.068457
MTDwidth,3,50,42,21.5000,0.070692
MTDwidth,3,50,43,22.0000,0.068163
MTDwidth,3,50,44,22.5000,0.069845
MTDwidth,3,50,45,23.0000,0.068245
MTDwidth,3,50,46,23.5000,0.064197
MTDwidth,3,50,47,24.0000,0.071118
MTDwidth,3,50,48,24.5000,0.071369
MTDwidth,3,50,49,25.0000,0.075273
MTDwidth,3,50,50,25.5000,0.077094
MTDwidth,3,50,51,26.0000,0.072396
MTDwidth,3,50,52,26.5000,0.082239
MTDwidth,3,50,53,27.0000,0.077878
MTDwidth,3,50,54,27.5000,0.074718
MTDwidth,3,50,55,28.0000,0.071768
MTDwidth,3,50,56,28.5000,0.068943
MTDwidth,3,50,57,29.0000,0.076224
MTDwidth,3,50,58,29.5000,0.070301
MTDwidth,3,50,59,30.0000,0.069127
MTDwidth,3,50,60,30.5000,0.070663
MTDwidth,3,50,61,31.0000,0.074195
MTDwidth,3,50,62,31.5000,0.076177
MTDwidth,3,50,63,32.0000,0.069638
MTDwidth,3,50,64,32.5000,0.072577
MTDwidth,3,50,65,33.0000,0.068680
MTDwidth,3,50,66,33.5000,0.063752
MTDwidth,3,50,67,34.0000,0.062409
MTDwidth,3,50,68,34.5000,0.062938
MTDwidth,3,50,69,35.0000,0.069804
MTDwidth,3,50,70,35.5000,0.069860
MTDwidth,3,50,71,36.0000,0.069949
MTDwidth,3,50,72,36.5000,0.072534
MTDwidth,3,50,73,37.0000,0.071507
MTDwidth,3,50,74,37.5000,0.071528
MTDwidth,3,50,75,38.0000,0.072058
MTDwidth,3,50,76,38.5000,0.073935
MTDwidth,3,50,77,39.0000,0.075605
MTDwidth,3,50,78,39.5000,0.076709
MTDwidth,3,50,79,40.0000,0.075178
MTDwidth,3,50,80,40.5000,0.077762
MTDwidth,3,50,81,41.0000,0.075992
MTDwidth,3,50,82,41.5000,0.073432
MTDwidth,3,50,83,42.0000,0.076522
MTDwidth,3,50,84,42.5000,0.071129
MTDwidth,3,50,85,43.0000,0.072638
MTDwidth,3,50,86,43.5000,0.072269
MTDwidth,3,50,87,44.0000,0.072973
MTDwidth,3,50,88,44.5000,0.067081
MTDwidth,3,50,89,45.0000,0.064605
MTDwidth,3,50,90,45.5000,0.065512
MTDwidth,3,50,91,46.0000,0.059408
MTDwidth,3,50,92,46.5000,0.054311
MTDwidth,3,50,93,47.0000,0.054524
MTDwidth,3,50,94,47.5000,0.057259
MTDwidth,3,50,95,48.0000,0.056480
MTDwidth,3,50,96,48.5000,0.054562
MTDwidth,3,50,97,49.0000,0.055646
MTDwidth,3,50,98,49.5000,0.051710
MTDwidth,3,50,99,50.0000,0.054052
MTDwidth,5,10,0,0.5000,5.058581
MTDwidth,5,10,1,1.0000,3.579458
MTDwidth,5,10,2,1.5000,2.298839
MTDwidth,5,10,3,2.0000,1.250415
MTDwidth,5,10,4,2.5000,0.571486
MTDwidth,5,10,5,3.0000,0.272649
MTDwidth,5,10,6,3.5000,0.204935
MTDwidth,5,10,7,4.0000,0.232335
MTDwidth,5,10,8,4.5000,0.207553
MTDwidth,5,10,9,5.0000,0.235296
MTDwidth,5,10,10,5.5000,0.254393
MTDwidth,5,10,11,6.0000,0.222778
MTDwidth,5,10,12,6.5000,0.204799
MTDwidth,5,10,13,7.0000,0.225725
MTDwidth,5,10,14,7.5000,0.209203
MTDwidth,5,10,15,8.0000,0.223406
MTDwidth,5,10,16,8.5000,0.232697
MTDwidth,5,10,17,9.0000,0.251256
MTDwidth,5,10,18,9.5000,0.215633
MTDwidth,5,10,19,10.0000,0.199897
MTDwidth,5,10,20,10.5000,0.204419
MTDwidth,5,10,21,11.0000,0.196331
MTDwidth,5,10,22,11.5000,0.184085
MTDwidth,5,10,23,12.0000,0.183050
MTDwidth,5,10,24,12.5000,0.160760
MTDwidth,5,10,25,13.0000,0.160447
MTDwidth,5,10,26,13.5000,0.146047
MTDwidth,5,10,27,14.0000,0.151204
MTDwidth,5,10,28,14.5000,0.122363
MTDwidth,5,10,29,15.0000,0.118972
MTDwidth,5,10,30,15.5000,0.116748
MTDwidth,5,10,31,16.0000,0.106728
MTDwidth,5,10,32,16.5000,0.105871
MTDwidth,5,10,33,17.0000,0.116318
MTDwidth,5,10,34,17.5000,0.096911
MTDwidth,5,10,35,18.0000,0.101381
MTDwidth,5,10,36,18.5000,0.097126
MTDwidth,5,10,37,19.0000,0.096961
MTDwidth,5,10,38,19.5000,0.091889
MTDwidth,5,10,39,20.0000,0.098068
MTDwidth,5,10,40,20.5000,0.106519
MTDwidth,5,10,41,21.0000,0.104991
MTDwidth,5,10,42,21.5000,0.108017
MTDwidth,5,10,43,22.0000,0.110063
MTDwidth,5,10,44,22.5000,0.108371
MTDwidth,5,10,45,23.0000,0.103594
MTDwidth,5,10,46,23.5000,0.100019
MTDwidth,5,10,47,24.0000,0.099477
MTDwidth,5,10,48,24.5000,0.091471
MTDwidth,5,10,49,25.0000,0.088209
MTDwidth,5,10,50,25.5000,0.090289
MTDwidth,5,10,51,26.0000,0.086028
MTDwidth,5,10,52,26.5000,0.081529
MTDwidth,5,10,53,27.0000,0.085558
MTDwidth,5,10,54,27.5000,0.082394
MTDwidth,5,10,55,28.0000,0.077592
MTDwidth,5,10,56,28.5000,0.081452
MTDwidth,5,10,57,29.0000,0.083229
MTDwidth,5,10,58,29.5000,0.082030
MTDwidth,5,10,59,30.0000,0.076427
MTDwidth,5,10,60,30.5000,0.068287
MTDwidth,5,10,61,31.0000,0.066008
MTDwidth,5,10,62,31.5000,0.073548
MTDwidth,5,10,63,32.0000,0.070855
MTDwidth,5,10,64,32.5000,0.070266
MTDwidth,5,10,65,33.0000,0.070721
MTDwidth,5,10,66,33.5000,0.068817
MTDwidth,5,10,67,34.0000,0.067856
MTDwidth,5,10,68,34.5000,0.067886
MTDwidth,5,10,69,35.0000,0.060966
MTDwidth,5,10,70,35.5000,0.060587
MTDwidth,5,10,71,36.0000,0.058055
MTDwidth,5,10,72,36.5000,0.056401
MTDwidth,5,10,73,37.0000,0.057176
MTDwidth,5,10,74,37.5000,0.055587
MTDwidth,5,10,75,38.0000,0.054061
MTDwidth,5,10,76,38.5000,0.051970
MTDwidth,5,10,77,39.0000,0.051972
MTDwidth,5,10,78,39.5000,0.052499
MTDwidth,5,10,79,40.0000,0.050074
MTDwidth,5,10,80,40.5000,0.056941
MTDwidth,5,10,81,41.0000,0.056022
MTDwidth,5,10,82,41.5000,0.055477
MTDwidth,5,10,83,42.0000,0.052849
MTDwidth,5,10,84,42.5000,0.046692
MTDwidth,5,10,85,43.0000,0.049516
MTDwidth,5,10,86,43.5000,0.049237
MTDwidth,5,10,87,44.0000,0.046392
MTDwidth,5,10,88,44.5000,0.046132
MTDwidth,5,10,89,45.0000,0.048286
MTDwidth,5,10,90,45.5000,0.046241
MTDwidth,5,10,91,46.0000,0.047050
MTDwidth,5,10,92,46.5000,0.049389
MTDwidth,5,10,93,47.0000,0.050311
MTDwidth,5,10,94,47.5000,0.048017
MTDwidth,5,10,95,48.0000,0.047568
MTDwidth,5,10,96,48.5000,0.049800
MTDwidth,5,10,97,49.0000,0.050278
MTDwidth,5,10,98,49.5000,0.055540
MTDwidth,5,10,99,50.0000,0.049866
MTDwidth,5,20,0,0.5000,5.054128
MTDwidth,5,20,1,1.0000,3.584035
MTDwidth,5,20,2,1.5000,2.335767
MTDwidth,5,20,3,2.0000,1.309129
MTDwidth,5,20,4,2.5000,0.709553
MTDwidth,5,20,5,3.0000,0.249851
MTDwidth,5,20,6,3.5000,0.163798
MTDwidth,5,20,7,4.0000,0.141443
MTDwidth,5,20,8,4.5000,0.134921
MTDwidth,5,20,9,5.0000,0.115968
MTDwidth,5,20,10,5.5000,0.125894
MTDwidth,5,20,11,6.0000,0.123388
MTDwidth,5,20,12,6.5000,0.113762
MTDwidth,5,20,13,7.0000,0.129769
MTDwidth,5,20,14,7.5000,0.111292
MTDwidth,5,20,15,8.0000,0.107467
MTDwidth,5,20,16,8.5000,0.103787
MTDwidth,5,20,17,9.0000,0.100260
MTDwidth,5,20,18,9.5000,0.106647
MTDwidth,5,20,19,10.0000,0.110793
MTDwidth,5,20,20,10.5000,0.099154
MTDwidth,5,20,21,11.0000,0.108337
MTDwidth,5,20,22,11.5000,0.083121
MTDwidth,5,20,23,12.0000,0.079264
MTDwidth,5,20,24,12.5000,0.075566
MTDwidth,5,20,25,13.0000,0.074934
MTDwidth,5,20,26,13.5000,0.070669
MTDwidth,5,20,27,14.0000,0.075014
MTDwidth,5,20,28,14.5000,0.077391
MTDwidth,5,20,29,15.0000,0.079321
MTDwidth,5,20,30,15.5000,0.068507
MTDwidth,5,20,31,16.0000,0.065930
MTDwidth,5,20,32,16.5000,0.066161
MTDwidth,5,20,33,17.0000,0.065493
MTDwidth,5,20,34,17.5000,0.060754
MTDwidth,5,20,35,18.0000,0.059271
MTDwidth,5,20,36,18.5000,0.058240
MTDwidth,5,20,37,19.0000,0.057220
MTDwidth,5,20,38,19.5000,0.056563
MTDwidth,5,20,39,20.0000,0.055561
MTDwidth,5,20,40,20.5000,0.055565
MTDwidth,5,20,41,21.0000,0.055046
MTDwidth,5,20,42,21.5000,0.054303
MTDwidth,5,20,43,22.0000,0.055767
MTDwidth,5,20,44,22.5000,0.054163
MTDwidth,5,20,45,23.0000,0.053821
MTDwidth,5,20,46,23.5000,0.053891
MTDwidth,5,20,47,24.0000,0.052502
MTDwidth,5,20,48,24.5000,0.051872
MTDwidth,5,20,49,25.0000,0.050933
MTDwidth,5,20,50,25.5000,0.050043
MTDwidth,5,20,51,26.0000,0.050271
MTDwidth,5,20,52,26.5000,0.049362
MTDwidth,5,20,53,27.0000,0.049707
MTDwidth,5,20,54,27.5000,0.049288
MTDwidth,5,20,55,28.0000,0.055638
MTDwidth,5,20,56,28.5000,0.052364
MTDwidth,5,20,57,29.0000,0.052152
MTDwidth,5,20,58,29.5000,0.051692
MTDwidth,5,20,59,30.0000,0.048984
MTDwidth,5,20,60,30.5000,0.050521
MTDwidth,5,20,61,31.0000,0.049117
MTDwidth,5,20,62,31.5000,0.050792
MTDwidth,5,20,63,32.0000,0.051535
MTDwidth,5,20,64,32.5000,0.051496
MTDwidth,5,20,65,33.0000,0.055840
MTDwidth,5,20,66,33.5000,0.054527
MTDwidth,5,20,67,34.0000,0.056056
MTDwidth,5,20,68,34.5000,0.054102
MTDwidth,5,20,69,35.0000,0.054759
MTDwidth,5,20,70,35.5000,0.051868
MTDwidth,5,20,71,36.0000,0.050887
MTDwidth,5,20,72,36.5000,0.049687
MTDwidth,5,20,73,37.0000,0.049263
MTDwidth,5,20,74,37.5000,0.047439
MTDwidth,5,20,75,38.0000,0.047820
MTDwidth,5,20,76,38.5000,0.049091
MTDwidth,5,20,77,39.0000,0.049437
MTDwidth,5,20,78,39.5000,0.049255
MTDwidth,5,20,79,40.0000,0.046243
MTDwidth,5,20,80,40.5000,0.046555
MTDwidth,5,20,81,41.0000,0.045990
MTDwidth,5,20,82,41.5000,0.045307
MTDwidth,5,20,83,42.0000,0.045264
MTDwidth,5,20,84,42.5000,0.044511
MTDwidth,5,20,85,43.0000,0.043916
MTDwidth,5,20,86,43.5000,0.044805
MTDwidth,5,20,87,44.0000,0.043674
MTDwidth,5,20,88,44.5000,0.042752
MTDwidth,5,20,89,45.0000,0.043185
MTDwidth,5,20,90,45.5000,0.042755
MTDwidth,5,20,91,46.0000,0.041936
MTDwidth,5,20,92,46.5000,0.041513
MTDwidth,5,20,93,47.0000,0.043943
MTDwidth,5,20,94,47.5000,0.044089
MTDwidth,5,20,95,48.0000,0.043448
MTDwidth,5,20,96,48.5000,0.043216
MTDwidth,5,20,97,49.0000,0.043832
MTDwidth,5,20,98,49.5000,0.045226
MTDwidth,5,20,99,50.0000,0.043493
MTDwidth,5,30,0,0.5000,5.243638
MTDwidth,5,30,1,1.0000,3.403943
MTDwidth,5,30,2,1.5000,2.269842
MTDwidth,5,30,3,2.0000,1.248384
MTDwidth,5,30,4,2.5000,0.826052
MTDwidth,5,30,5,3.0000,0.344260
MTDwidth,5,30,6,3.5000,0.231921
MTDwidth,5,30,7,4.0000,0.242497
MTDwidth,5,30,8,4.5000,0.212507
MTDwidth,5,30,9,5.0000,0.233489
MTDwidth,5,30,10,5.5000,0.181665
MTDwidth,5,30,11,6.0000,0.204706
MTDwidth,5,30,12,6.5000,0.208090
MTDwidth,5,30,13,7.0000,0.210215
MTDwidth,5,30,14,7.5000,0.193163
MTDwidth,5,30,15,8.0000,0.194343
MTDwidth,5,30,16,8.5000,0.168929
MTDwidth,5,30,17,9.0000,0.158586
MTDwidth,5,30,18,9.5000,0.161707
MTDwidth,5,30,19,10.0000,0.156078
MTDwidth,5,30,20,10.5000,0.152801
MTDwidth,5,30,21,11.0000,0.139906
MTDwidth,5,30,22,11.5000,0.125173
MTDwidth,5,30,23,12.0000,0.165351
MTDwidth,5,30,24,12.5000,0.167751
MTDwidth,5,30,25,13.0000,0.177268
MTDwidth,5,30,26,13.5000,0.173271
MTDwidth,5,30,27,14.0000,0.158374
MTDwidth,5,30,28,14.5000,0.146337
MTDwidth,5,30,29,15.0000,0.141345
MTDwidth,5,30,30,15.5000,0.144869
MTDwidth,5,30,31,16.0000,0.128565
MTDwidth,5,30,32,16.5000,0.124896
MTDwidth,5,30,33,17.0000,0.110691
MTDwidth,5,30,34,17.5000,0.114097
MTDwidth,5,30,35,18.0000,0.107056
MTDwidth,5,30,36,18.5000,0.109994
MTDwidth,5,30,37,19.0000,0.107206
MTDwidth,5,30,38,19.5000,0.101533
MTDwidth,5,30,39,20.0000,0.093564
MTDwidth,5,30,40,20.5000,0.091608
MTDwidth,5,30,41,21.0000,0.088311
MTDwidth,5,30,42,21.5000,0.085643
MTDwidth,5,30,43,22.0000,0.085653
MTDwidth,5,30,44,22.5000,0.081870
MTDwidth,5,30,45,23.0000,0.082081
MTDwidth,5,30,46,23.5000,0.077134
MTDwidth,5,30,47,24.0000,0.067030
MTDwidth,5,30,48,24.5000,0.073804
MTDwidth,5,30,49,25.0000,0.069378
MTDwidth,5,30,50,25.5000,0.068225
MTDwidth,5,30,51,26.0000,0.072271
MTDwidth,5,30,52,26.5000,0.071623
MTDwidth,5,30,53,27.0000,0.069684
MTDwidth,5,30,54,27.5000,0.069539
MTDwidth,5,30,55,28.0000,0.068674
MTDwidth,5,30,56,28.5000,0.074014
MTDwidth,5,30,57,29.0000,0.069938
MTDwidth,5,30,58,29.5000,0.070306
MTDwidth,5,30,59,30.0000,0.071155
MTDwidth,5,30,60,30.5000,0.069762
MTDwidth,5,30,61,31.0000,0.073005
MTDwidth,5,30,62,31.5000,0.072948
MTDwidth,5,30,63,32.0000,0.066542
MTDwidth,5,30,64,32.5000,0.064899
MTDwidth,5,30,65,33.0000,0.071929
MTDwidth,5,30,66,33.5000,0.070622
MTDwidth,5,30,67,34.0000,0.069819
MTDwidth,5,30,68,34.5000,0.065595
MTDwidth,5,30,69,35.0000,0.062714
MTDwidth,5,30,70,35.5000,0.062405
MTDwidth,5,30,71,36.0000,0.060144
MTDwidth,5,30,72,36.5000,0.058615
MTDwidth,5,30,73,37.0000,0.059881
MTDwidth,5,30,74,37.5000,0.056853
MTDwidth,5,30,75,38.0000,0.057480
MTDwidth,5,30,76,38.5000,0.058306
MTDwidth,5,30,77,39.0000,0.061930
MTDwidth,5,30,78,39.5000,0.060004
MTDwidth,5,30,79,40.0000,0.064320
MTDwidth,5,30,80,40.5000,0.064396
MTDwidth,5,30,81,41.0000,0.062594
MTDwidth,5,30,82,41.5000,0.059170
MTDwidth,5,30,83,42.0000,0.053926
MTDwidth,5,30,84,42.5000,0.050994
MTDwidth,5,30,85,43.0000,0.048080
MTDwidth,5,30,86,43.5000,0.046153
MTDwidth,5,30,87,44.0000,0.046235
MTDwidth,5,30,88,44.5000,0.046190
MTDwidth,5,30,89,45.0000,0.046196
MTDwidth,5,30,90,45.5000,0.047342
MTDwidth,5,30,91,46.0000,0.046621
MTDwidth,5,30,92,46.5000,0.046738
MTDwidth,5,30,93,47.0000,0.048844
MTDwidth,5,30,94,47.5000,0.049732
MTDwidth,5,30,95,48.0000,0.050520
MTDwidth,5,30,96,48.5000,0.047806
MTDwidth,5,30,97,49.0000,0.049590
MTDwidth,5,30,98,49.5000,0.055370
MTDwidth,5,30,99,50.0000,0.052693
MTDwidth,5,40,0,0.5000,4.943944
MTDwidth,5,40,1,1.0000,3.625119
MTDwidth,5,40,2,1.5000,2.387239
MTDwidth,5,40,3,2.0000,1.363358
MTDwidth,5,40,4,2.5000,0.765144
MTDwidth,5,40,5,3.0000,0.350464
MTDwidth,5,40,6,3.5000,0.147251
MTDwidth,5,40,7,4.0000,0.113814
MTDwidth,5,40,8,4.5000,0.118054
MTDwidth,5,40,9,5.0000,0.116048
MTDwidth,5,40,10,5.5000,0.130584
MTDwidth,5,40,11,6.0000,0.141209
MTDwidth,5,40,12,6.5000,0.121953
MTDwidth,5,40,13,7.0000,0.118731
MTDwidth,5,40,14,7.5000,0.111315
MTDwidth,5,40,15,8.0000,0.086007
MTDwidth,5,40,16,8.5000,0.091168
MTDwidth,5,40,17,9.0000,0.088641
MTDwidth,5,40,18,9.5000,0.091856
MTDwidth,5,40,19,10.0000,0.086578
MTDwidth,5,40,20,10.5000,0.075881
MTDwidth,5,40,21,11.0000,0.073744
MTDwidth,5,40,22,11.5000,0.072842
MTDwidth,5,40,23,12.0000,0.072284
MTDwidth,5,40,24,12.5000,0.075747
MTDwidth,5,40,25,13.0000,0.090087
MTDwidth,5,40,26,13.5000,0.088465
MTDwidth,5,40,27,14.0000,0.083969
MTDwidth,5,40,28,14.5000,0.076747
MTDwidth,5,40,29,15.0000,0.078687
MTDwidth,5,40,30,15.5000,0.089680
MTDwidth,5,40,31,16.0000,0.088389
MTDwidth,5,40,32,16.5000,0.104122
MTDwidth,5,40,33,17.0000,0.108352
MTDwidth,5,40,34,17.5000,0.092562
MTDwidth,5,40,35,18.0000,0.101772
MTDwidth,5,40,36,18.5000,0.106053
MTDwidth,5,40,37,19.0000,0.103205
MTDwidth,5,40,38,19.5000,0.106915
MTDwidth,5,40,39,20.0000,0.099595
MTDwidth,5,40,40,20.5000,0.097028
MTDwidth,5,40,41,21.0000,0.102339
MTDwidth,5,40,42,21.5000,0.104463
MTDwidth,5,40,43,22.0000,0.109014
MTDwidth,5,40,44,22.5000,0.110610
MTDwidth,5,40,45,23.0000,0.115283
MTDwidth,5,40,46,23.5000,0.111486
MTDwidth,5,40,47,24.0000,0.094673
MTDwidth,5,40,48,24.5000,0.103266
MTDwidth,5,40,49,25.0000,0.099806
MTDwidth,5,40,50,25.5000,0.107209
MTDwidth,5,40,51,26.0000,0.107277
MTDwidth,5,40,52,26.5000,0.111595
MTDwidth,5,40,53,27.0000,0.109004
MTDwidth,5,40,54,27.5000,0.111521
MTDwidth,5,40,55,28.0000,0.107372
MTDwidth,5,40,56,28.5000,0.104352
MTDwidth,5,40,57,29.0000,0.093267
MTDwidth,5,40,58,29.5000,0.089621
MTDwidth,5,40,59,30.0000,0.084998
MTDwidth,5,40,60,30.5000,0.083073
MTDwidth,5,40,61,31.0000,0.081332
MTDwidth,5,40,62,31.5000,0.089884
MTDwidth,5,40,63,32.0000,0.085760
MTDwidth,5,40,64,32.5000,0.080421
MTDwidth,5,40,65,33.0000,0.080530
MTDwidth,5,40,66,33.5000,0.086636
MTDwidth,5,40,67,34.0000,0.085787
MTDwidth,5,40,68,34.5000,0.077398
MTDwidth,5,40,69,35.0000,0.076742
MTDwidth,5,40,70,35.5000,0.078692
MTDwidth,5,40,71,36.0000,0.080663
MTDwidth,5,40,72,36.5000,0.081305
MTDwidth,5,40,73,37.0000,0.082116
MTDwidth,5,40,74,37.5000,0.080674
MTDwidth,5,40,75,38.0000,0.077133
MTDwidth,5,40,76,38.5000,0.074511
MTDwidth,5,40,77,39.0000,0.067959
MTDwidth,5,40,78,39.5000,0.065677
MTDwidth,5,40,79,40.0000,0.062491
MTDwidth,5,40,80,40.5000,0.065195
MTDwidth,5,40,81,41.0000,0.060250
MTDwidth,5,40,82,41.5000,0.061374
MTDwidth,5,40,83,42.0000,0.060693
MTDwidth,5,40,84,42.5000,0.055289
MTDwidth,5,40,85,43.0000,0.059196
MTDwidth,5,40,86,43.5000,0.055721
MTDwidth,5,40,87,44.0000,0.054657
MTDwidth,5,40,88,44.5000,0.052095
MTDwidth,5,40,89,45.0000,0.051041
MTDwidth,5,40,90,45.5000,0.052421
MTDwidth,5,40,91,46.0000,0.053806
MTDwidth,5,40,92,46.5000,0.058398
MTDwidth,5,40,93,47.0000,0.065558
MTDwidth,5,40,94,47.5000,0.064057
MTDwidth,5,40,95,48.0000,0.067360
MTDwidth,5,40,96,48.5000,0.069876
MTDwidth,5,40,97,49.0000,0.071411
MTDwidth,5,40,98,49.5000,0.069343
MTDwidth,5,40,99,50.0000,0.066557
MTDwidth,5,50,0,0.5000,5.790290
MTDwidth,5,50,1,1.0000,3.948146
MTDwidth,5,50,2,1.5000,2.364591
MTDwidth,5,50,3,2.0000,1.314733
MTDwidth,5,50,4,2.5000,0.712675
MTDwidth,5,50,5,3.0000,0.249478
MTDwidth,5,50,6,3.5000,0.178308
MTDwidth,5,50,7,4.0000,0.168502
MTDwidth,5,50,8,4.5000,0.175842
MTDwidth,5,50,9,5.0000,0.166735
MTDwidth,5,50,10,5.5000,0.168208
MTDwidth,5,50,11,6.0000,0.150102
MTDwidth,5,50,12,6.5000,0.144644
MTDwidth,5,50,13,7.0000,0.147720
MTDwidth,5,50,14,7.5000,0.138503
MTDwidth,5,50,15,8.0000,0.136414
MTDwidth,5,50,16,8.5000,0.138146
MTDwidth,5,50,17,9.0000,0.126155
MTDwidth,5,50,18,9.5000,0.116089
MTDwidth,5,50,19,10.0000,0.105200
MTDwidth,5,50,20,10.5000,0.102741
MTDwidth,5,50,21,11.0000,0.106770
MTDwidth,5,50,22,11.5000,0.095774
MTDwidth,5,50,23,12.0000,0.091812
MTDwidth,5,50,24,12.5000,0.083572
MTDwidth,5,50,25,13.0000,0.075897
MTDwidth,5,50,26,13.5000,0.075344
MTDwidth,5,50,27,14.0000,0.072349
MTDwidth,5,50,28,14.5000,0.068755
MTDwidth,5,50,29,15.0000,0.067869
MTDwidth,5,50,30,15.5000,0.065585
MTDwidth,5,50,31,16.0000,0.065085
MTDwidth,5,50,32,16.5000,0.065742
MTDwidth,5,50,33,17.0000,0.069747
MTDwidth,5,50,34,17.5000,0.072895
MTDwidth,5,50,35,18.0000,0.070396
MTDwidth,5,50,36,18.5000,0.064249
MTDwidth,5,50,37,19.0000,0.059772
MTDwidth,5,50,38,19.5000,0.059604
MTDwidth,5,50,39,20.0000,0.061996
MTDwidth,5,50,40,20.5000,0.059848
MTDwidth,5,50,41,21.0000,0.059779
MTDwidth,5,50,42,21.5000,0.059399
MTDwidth,5,50,43,22.0000,0.056291
MTDwidth,5,50,44,22.5000,0.058670
MTDwidth,5,50,45,23.0000,0.061529
MTDwidth,5,50,46,23.5000,0.061738
MTDwidth,5,50,47,24.0000,0.060923
MTDwidth,5,50,48,24.5000,0.059852
MTDwidth,5,50,49,25.0000,0.059081
MTDwidth,5,50,50,25.5000,0.059885
MTDwidth,5,50,51,26.0000,0.062138
MTDwidth,5,50,52,26.5000,0.059552
MTDwidth,5,50,53,27.0000,0.060854
MTDwidth,5,50,54,27.5000,0.059485
MTDwidth,5,50,55,28.0000,0.065503
MTDwidth,5,50,56,28.5000,0.064457
MTDwidth,5,50,57,29.0000,0.060466
MTDwidth,5,50,58,29.5000,0.063859
MTDwidth,5,50,59,30.0000,0.061397
MTDwidth,5,50,60,30.5000,0.067447
MTDwidth,5,50,61,31.0000,0.067577
MTDwidth,5,50,62,31.5000,0.067987
MTDwidth,5,50,63,32.0000,0.066276
MTDwidth,5,50,64,32.5000,0.063313
MTDwidth,5,50,65,33.0000,0.062243
MTDwidth,5,50,66,33.5000,0.057257
MTDwidth,5,50,67,34.0000,0.055602
MTDwidth,5,50,68,34.5000,0.057188
MTDwidth,5,50,69,35.0000,0.054255
MTDwidth,5,50,70,35.5000,0.053185
MTDwidth,5,50,71,36.0000,0.051481
MTDwidth,5,50,72,36.5000,0.052531
MTDwidth,5,50,73,37.0000,0.052800
MTDwidth,5,50,74,37.5000,0.054193
MTDwidth,5,50,75,38.0000,0.049082
MTDwidth,5,50,76,38.5000,0.049978
MTDwidth,5,50,77,39.0000,0.050531
MTDwidth,5,50,78,39.5000,0.052910
MTDwidth,5,50,79,40.0000,0.055027
MTDwidth,5,50,80,40.5000,0.052967
MTDwidth,5,50,81,41.0000,0.050367
MTDwidth,5,50,82,41.5000,0.049236
MTDwidth,5,50,83,42.0000,0.047710
MTDwidth,5,50,84,42.5000,0.048912
MTDwidth,5,50,85,43.0000,0.046489
MTDwidth,5,50,86,43.5000,0.047518
MTDwidth,5,50,87,44.0000,0.045719
MTDwidth,5,50,88,44.5000,0.046704
MTDwidth,5,50,89,45.0000,0.046712
MTDwidth,5,50,90,45.5000,0.045788
MTDwidth,5,50,91,46.0000,0.046073
MTDwidth,5,50,92,46.5000,0.049478
MTDwidth,5,50,93,47.0000,0.044343
MTDwidth,5,50,94,47.5000,0.045985
MTDwidth,5,50,95,48.0000,0.044368
MTDwidth,5,50,96,48.5000,0.041718
MTDwidth,5,50,97,49.0000,0.039703
MTDwidth,5,50,98,49.5000,0.039665
MTDwidth,5,50,99,50.0000,0.040261
colvarWidth,10,10,0,0.5000,3.855122
colvarWidth,10,10,1,1.0000,1.923325
colvarWidth,10,10,2,1.5000,0.711329
colvarWidth,10,10,3,2.0000,0.184021
colvarWidth,10,10,4,2.5000,0.170550
colvarWidth,10,10,5,3.0000,0.152625
colvarWidth,10,10,6,3.5000,0.137854
colvarWidth,10,10,7,4.0000,0.129831
colvarWidth,10,10,8,4.5000,0.132804
colvarWidth,10,10,9,5.0000,0.117706
colvarWidth,10,10,10,5.5000,0.115898
colvarWidth,10,10,11,6.0000,0.131966
colvarWidth,10,10,12,6.5000,0.143396
colvarWidth,10,10,13,7.0000,0.127518
colvarWidth,10,10,14,7.5000,0.141429
colvarWidth,10,10,15,8.0000,0.140911
colvarWidth,10,10,16,8.5000,0.123006
colvarWidth,10,10,17,9.0000,0.119223
colvarWidth,10,10,18,9.5000,0.101275
colvarWidth,10,10,19,10.0000,0.103799
colvarWidth,10,10,20,10.5000,0.103396
colvarWidth,10,10,21,11.0000,0.098992
colvarWidth,10,10,22,11.5000,0.092444
colvarWidth,10,10,23,12.0000,0.092693
colvarWidth,10,10,24,12.5000,0.095103
colvarWidth,10,10,25,13.0000,0.092480
colvarWidth,10,10,26,13.5000,0.081870
colvarWidth,10,10,27,14.0000,0.077001
colvarWidth,10,10,28,14.5000,0.073116
colvarWidth,10,10,29,15.0000,0.069017
colvarWidth,10,10,30,15.5000,0.067611
colvarWidth,10,10,31,16.0000,0.067133
colvarWidth,10,10,32,16.5000,0.065202
colvarWidth,10,10,33,17.0000,0.065984
colvarWidth,10,10,34,17.5000,0.066923
colvarWidth,10,10,35,18.0000,0.073175
colvarWidth,10,10,36,18.5000,0.072740
colvarWidth,10,10,37,19.0000,0.071930
colvarWidth,10,10,38,19.5000,0.073164
colvarWidth,10,10,39,20.0000,0.077826
colvarWidth,10,10,40,20.5000,0.073186
colvarWidth,10,10,41,21.0000,0.068705
colvarWidth,10,10,42,21.5000,0.067373
colvarWidth,10,10,43,22.0000,0.065630
colvarWidth,10,10,44,22.5000,0.066590
colvarWidth,10,10,45,23.0000,0.065960
colvarWidth,10,10,46,23.5000,0.063643
colvarWidth,10,10,47,24.0000,0.064549
colvarWidth,10,10,48,24.5000,0.064436
colvarWidth,10,10,49,25.0000,0.060448
colvarWidth,10,10,50,25.5000,0.061204
colvarWidth,10,10,51,26.0000,0.060852
colvarWidth,10,10,52,26.5000,0.057566
colvarWidth,10,10,53,27.0000,0.055095
colvarWidth,10,10,54,27.5000,0.053966
colvarWidth,10,10,55,28.0000,0.053949
colvarWidth,10,10,56,28.5000,0.054543
colvarWidth,10,10,57,29.0000,0.054058
colvarWidth,10,10,58,29.5000,0.053026
colvarWidth,10,10,59,30.0000,0.052858
colvarWidth,10,10,60,30.5000,0.052608
colvarWidth,10,10,61,31.0000,0.052211
colvarWidth,10,10,62,31.5000,0.053438
colvarWidth,10,10,63,32.0000,0.050520
colvarWidth,10,10,64,32.5000,0.049714
colvarWidth,10,10,65,33.0000,0.049457
colvarWidth,10,10,66,33.5000,0.048457
colvarWidth,10,10,67,34.0000,0.050083
colvarWidth,10,10,68,34.5000,0.050394
colvarWidth,10,10,69,35.0000,0.051387
colvarWidth,10,10,70,35.5000,0.051961
colvarWidth,10,10,71,36.0000,0.052439
colvarWidth,10,10,72,36.5000,0.053537
colvarWidth,10,10,73,37.0000,0.050044
colvarWidth,10,10,74,37.5000,0.050918
colvarWidth,10,10,75,38.0000,0.054292
colvarWidth,10,10,76,38.5000,0.066335
colvarWidth,10,10,77,39.0000,0.059168
colvarWidth,10,10,78,39.5000,0.057785
colvarWidth,10,10,79,40.0000,0.056875
colvarWidth,10,10,80,40.5000,0.055104
colvarWidth,10,10,81,41.0000,0.056905
colvarWidth,10,10,82,41.5000,0.054196
colvarWidth,10,10,83,42.0000,0.055837
colvarWidth,10,10,84,42.5000,0.058125
colvarWidth,10,10,85,43.0000,0.060690
colvarWidth,10,10,86,43.5000,0.060640
colvarWidth,10,10,87,44.0000,0.056487
colvarWidth,10,10,88,44.5000,0.055511
colvarWidth,10,10,89,45.0000,0.057711
colvarWidth,10,10,90,45.5000,0.059603
colvarWidth,10,10,91,46.0000,0.058382
colvarWidth,10,10,92,46.5000,0.057218
colvarWidth,10,10,93,47.0000,0.051509
colvarWidth,10,10,94,47.5000,0.050017
colvarWidth,10,10,95,48.0000,0.051758
colvarWidth,10,10,96,48.5000,0.050170
colvarWidth,10,10,97,49.0000,0.049680
colvarWidth,10,10,98,49.5000,0.052359
colvarWidth,10,10,99,50.0000,0.052117
colvarWidth,10,20,0,0.5000,4.075997
colvarWidth,10,20,1,1.0000,1.699336
colvarWidth,10,20,2,1.5000,0.591741
colvarWidth,10,20,3,2.0000,0.214372
colvarWidth,10,20,4,2.5000,0.184112
colvarWidth,10,20,5,3.0000,0.151027
colvarWidth,10,20,6,3.5000,0.145704
colvarWidth,10,20,7,4.0000,0.130109
colvarWidth,10,20,8,4.5000,0.147082
colvarWidth,10,20,9,5.0000,0.145267
colvarWidth,10,20,10,5.5000,0.127858
colvarWidth,10,20,11,6.0000,0.145682
colvarWidth,10,20,12,6.5000,0.135531
colvarWidth,10,20,13,7.0000,0.147915
colvarWidth,10,20,14,7.5000,0.138446
colvarWidth,10,20,15,8.0000,0.135580
colvarWidth,10,20,16,8.5000,0.143006
colvarWidth,10,20,17,9.0000,0.135853
colvarWidth,10,20,18,9.5000,0.133486
colvarWidth,10,20,19,10.0000,0.115647
colvarWidth,10,20,20,10.5000,0.123149
colvarWidth,10,20,21,11.0000,0.141250
colvarWidth,10,20,22,11.5000,0.144560
colvarWidth,10,20,23,12.0000,0.134234
colvarWidth,10,20,24,12.5000,0.143431
colvarWidth,10,20,25,13.0000,0.143353
colvarWidth,10,20,26,13.5000,0.129673
colvarWidth,10,20,27,14.0000,0.128134
colvarWidth,10,20,28,14.5000,0.126394
colvarWidth,10,20,29,15.0000,0.126782
colvarWidth,10,20,30,15.5000,0.113369
colvarWidth,10,20,31,16.0000,0.110073
colvarWidth,10,20,32,16.5000,0.108854
colvarWidth,10,20,33,17.0000,0.099574
colvarWidth,10,20,34,17.5000,0.098512
colvarWidth,10,20,35,18.0000,0.104052
colvarWidth,10,20,36,18.5000,0.103519
colvarWidth,10,20,37,19.0000,0.098545
colvarWidth,10,20,38,19.5000,0.101344
colvarWidth,10,20,39,20.0000,0.095129
colvarWidth,10,20,40,20.5000,0.101524
colvarWidth,10,20,41,21.0000,0.099326
colvarWidth,10,20,42,21.5000,0.099884
colvarWidth,10,20,43,22.0000,0.101869
colvarWidth,10,20,44,22.5000,0.103057
colvarWidth,10,20,45,23.0000,0.105249
colvarWidth,10,20,46,23.5000,0.098896
colvarWidth,10,20,47,24.0000,0.100801
colvarWidth,10,20,48,24.5000,0.097212
colvarWidth,10,20,49,25.0000,0.094535
colvarWidth,10,20,50,25.5000,0.092306
colvarWidth,10,20,51,26.0000,0.093174
colvarWidth,10,20,52,26.5000,0.088693
colvarWidth,10,20,53,27.0000,0.075917
colvarWidth,10,20,54,27.5000,0.075085
colvarWidth,10,20,55,28.0000,0.076052
colvarWidth,10,20,56,28.5000,0.074532
colvarWidth,10,20,57,29.0000,0.074060
colvarWidth,10,20,58,29.5000,0.075654
colvarWidth,10,20,59,30.0000,0.071650
colvarWidth,10,20,60,30.5000,0.082737
colvarWidth,10,20,61,31.0000,0.086993
colvarWidth,10,20,62,31.5000,0.083636
colvarWidth,10,20,63,32.0000,0.079707
colvarWidth,10,20,64,32.5000,0.072769
colvarWidth,10,20,65,33.0000,0.075361
colvarWidth,10,20,66,33.5000,0.074828
colvarWidth,10,20,67,34.0000,0.069930
colvarWidth,10,20,68,34.5000,0.074915
colvarWidth,10,20,69,35.0000,0.074318
colvarWidth,10,20,70,35.5000,0.069032
colvarWidth,10,20,71,36.0000,0.070349
colvarWidth,10,20,72,36.5000,0.072059
colvarWidth,10,20,73,37.0000,0.067470
colvarWidth,10,20,74,37.5000,0.065972
colvarWidth,10,20,75,38.0000,0.063607
colvarWidth,10,20,76,38.5000,0.066695
colvarWidth,10,20,77,39.0000,0.064172
colvarWidth,10,20,78,39.5000,0.065192
colvarWidth,10,20,79,40.0000,0.065773
colvarWidth,10,20,80,40.5000,0.069240
colvarWidth,10,20,81,41.0000,0.072679
colvarWidth,10,20,82,41.5000,0.069482
colvarWidth,10,20,83,42.0000,0.068801
colvarWidth,10,20,84,42.5000,0.066525
colvarWidth,10,20,85,43.0000,0.066268
colvarWidth,10,20,86,43.5000,0.063684
colvarWidth,10,20,87,44.0000,0.061738
colvarWidth,10,20,88,44.5000,0.059051
colvarWidth,10,20,89,45.0000,0.055761
colvarWidth,10,20,90,45.5000,0.054046
colvarWidth,10,20,91,46.0000,0.055238
colvarWidth,10,20,92,46.5000,0.052719
colvarWidth,10,20,93,47.0000,0.050673
colvarWidth,10,20,94,47.5000,0.047561
colvarWidth,10,20,95,48.0000,0.045686
colvarWidth,10,20,96,48.5000,0.043669
colvarWidth,10,20,97,49.0000,0.043258
colvarWidth,10,20,98,49.5000,0.043491
colvarWidth,10,20,99,50.0000,0.043110
colvarWidth,10,30,0,0.5000,4.084539
colvarWidth,10,30,1,1.0000,2.067515
colvarWidth,10,30,2,1.5000,0.601196
colvarWidth,10,30,3,2.0000,0.355299
colvarWidth,10,30,4,2.5000,0.364443
colvarWidth,10,30,5,3.0000,0.318737
colvarWidth,10,30,6,3.5000,0.316850
colvarWidth,10,30,7,4.0000,0.332374
colvarWidth,10,30,8,4.5000,0.286441
colvarWidth,10,30,9,5.0000,0.236082
colvarWidth,10,30,10,5.5000,0.197378
colvarWidth,10,30,11,6.0000,0.184847
colvarWidth,10,30,12,6.5000,0.235160
colvarWidth,10,30,13,7.0000,0.198050
colvarWidth,10,30,14,7.5000,0.189162
colvarWidth,10,30,15,8.0000,0.136976
colvarWidth,10,30,16,8.5000,0.138717
colvarWidth,10,30,17,9.0000,0.147164
colvarWidth,10,30,18,9.5000,0.168822
colvarWidth,10,30,19,10.0000,0.139326
colvarWidth,10,30,20,10.5000,0.151056
colvarWidth,10,30,21,11.0000,0.148030
colvarWidth,10,30,22,11.5000,0.144404
colvarWidth,10,30,23,12.0000,0.144720
colvarWidth,10,30,24,12.5000,0.132143
colvarWidth,10,30,25,13.0000,0.123908
colvarWidth,10,30,26,13.5000,0.098295
colvarWidth,10,30,27,14.0000,0.092056
colvarWidth,10,30,28,14.5000,0.096007
colvarWidth,10,30,29,15.0000,0.095442
colvarWidth,10,30,30,15.5000,0.096922
colvarWidth,10,30,31,16.0000,0.081820
colvarWidth,10,30,32,16.5000,0.078115
colvarWidth,10,30,33,17.0000,0.087627
colvarWidth,10,30,34,17.5000,0.084867
colvarWidth,10,30,35,18.0000,0.086997
colvarWidth,10,30,36,18.5000,0.079655
colvarWidth,10,30,37,19.0000,0.081593
colvarWidth,10,30,38,19.5000,0.089333
colvarWidth,10,30,39,20.0000,0.085514
colvarWidth,10,30,40,20.5000,0.080771
colvarWidth,10,30,41,21.0000,0.073919
colvarWidth,10,30,42,21.5000,0.068028
colvarWidth,10,30,43,22.0000,0.066640
colvarWidth,10,30,44,22.5000,0.067712
colvarWidth,10,30,45,23.0000,0.068480
colvarWidth,10,30,46,23.5000,0.065231
colvarWidth,10,30,47,24.0000,0.064464
colvarWidth,10,30,48,24.5000,0.066903
colvarWidth,10,30,49,25.0000,0.063652
colvarWidth,10,30,50,25.5000,0.062952
colvarWidth,10,30,51,26.0000,0.063512
colvarWidth,10,30,52,26.5000,0.061616
colvarWidth,10,30,53,27.0000,0.059134
colvarWidth,10,30,54,27.5000,0.057462
colvarWidth,10,30,55,28.0000,0.057486
colvarWidth,10,30,56,28.5000,0.058427
colvarWidth,10,30,57,29.0000,0.057776
colvarWidth,10,30,58,29.5000,0.056604
colvarWidth,10,30,59,30.0000,0.057343
colvarWidth,10,30,60,30.5000,0.057139
colvarWidth,10,30,61,31.0000,0.057364
colvarWidth,10,30,62,31.5000,0.058000
colvarWidth,10,30,63,32.0000,0.057971
colvarWidth,10,30,64,32.5000,0.057014
colvarWidth,10,30,65,33.0000,0.056978
colvarWidth,10,30,66,33.5000,0.057608
colvarWidth,10,30,67,34.0000,0.056370
colvarWidth,10,30,68,34.5000,0.059612
colvarWidth,10,30,69,35.0000,0.062996
colvarWidth,10,30,70,35.5000,0.062815
colvarWidth,10,30,71,36.0000,0.060815
colvarWidth,10,30,72,36.5000,0.065466
colvarWidth,10,30,73,37.0000,0.069008
colvarWidth,10,30,74,37.5000,0.068535
colvarWidth,10,30,75,38.0000,0.069128
colvarWidth,10,30,76,38.5000,0.074163
colvarWidth,10,30,77,39.0000,0.074166
colvarWidth,10,30,78,39.5000,0.072052
colvarWidth,10,30,79,40.0000,0.069850
colvarWidth,10,30,80,40.5000,0.067432
colvarWidth,10,30,81,41.0000,0.067233
colvarWidth,10,30,82,41.5000,0.065420
colvarWidth,10,30,83,42.0000,0.059876
colvarWidth,10,30,84,42.5000,0.059479
colvarWidth,10,30,85,43.0000,0.059030
colvarWidth,10,30,86,43.5000,0.055792
colvarWidth,10,30,87,44.0000,0.057164
colvarWidth,10,30,88,44.5000,0.055785
colvarWidth,10,30,89,45.0000,0.058300
colvarWidth,10,30,90,45.5000,0.062503
colvarWidth,10,30,91,46.0000,0.060890
colvarWidth,10,30,92,46.5000,0.060207
colvarWidth,10,30,93,47.0000,0.058655
colvarWidth,10,30,94,47.5000,0.058549
colvarWidth,10,30,95,48.0000,0.059730
colvarWidth,10,30,96,48.5000,0.057505
colvarWidth,10,30,97,49.0000,0.056383
colvarWidth,10,30,98,49.5000,0.055849
colvarWidth,10,30,99,50.0000,0.053607
colvarWidth,10,40,0,0.5000,3.429737
colvarWidth,10,40,1,1.0000,1.804722
colvarWidth,10,40,2,1.5000,0.870491
colvarWidth,10,40,3,2.0000,0.260713
colvarWidth,10,40,4,2.5000,0.246728
colvarWidth,10,40,5,3.0000,0.230570
colvarWidth,10,40,6,3.5000,0.207204
colvarWidth,10,40,7,4.0000,0.179797
colvarWidth,10,40,8,4.5000,0.142278
colvarWidth,10,40,9,5.0000,0.137357
colvarWidth,10,40,10,5.5000,0.148173
colvarWidth,10,40,11,6.0000,0.127157
colvarWidth,10,40,12,6.5000,0.111209
colvarWidth,10,40,13,7.0000,0.114335
colvarWidth,10,40,14,7.5000,0.112425
colvarWidth,10,40,15,8.0000,0.107968
colvarWidth,10,40,16,8.5000,0.103349
colvarWidth,10,40,17,9.0000,0.098142
colvarWidth,10,40,18,9.5000,0.097281
colvarWidth,10,40,19,10.0000,0.095350
colvarWidth,10,40,20,10.5000,0.092613
colvarWidth,10,40,21,11.0000,0.093578
colvarWidth,10,40,22,11.5000,0.093820
colvarWidth,10,40,23,12.0000,0.098019
colvarWidth,10,40,24,12.5000,0.090968
colvarWidth,10,40,25,13.0000,0.095014
colvarWidth,10,40,26,13.5000,0.098889
colvarWidth,10,40,27,14.0000,0.082204
colvarWidth,10,40,28,14.5000,0.080673
colvarWidth,10,40,29,15.0000,0.079260
colvarWidth,10,40,30,15.5000,0.071896
colvarWidth,10,40,31,16.0000,0.070876
colvarWidth,10,40,32,16.5000,0.071477
colvarWidth,10,40,33,17.0000,0.070263
colvarWidth,10,40,34,17.5000,0.083292
colvarWidth,10,40,35,18.0000,0.083109
colvarWidth,10,40,36,18.5000,0.082466
colvarWidth,10,40,37,19.0000,0.072981
colvarWidth,10,40,38,19.5000,0.073093
colvarWidth,10,40,39,20.0000,0.071358
colvarWidth,10,40,40,20.5000,0.071651
colvarWidth,10,40,41,21.0000,0.073783
colvarWidth,10,40,42,21.5000,0.074055
colvarWidth,10,40,43,22.0000,0.075387
colvarWidth,10,40,44,22.5000,0.075036
colvarWidth,10,40,45,23.0000,0.070415
colvarWidth,10,40,46,23.5000,0.069735
colvarWidth,10,40,47,24.0000,0.068969
colvarWidth,10,40,48,24.5000,0.073588
colvarWidth,10,40,49,25.0000,0.079127
colvarWidth,10,40,50,25.5000,0.076449
colvarWidth,10,40,51,26.0000,0.073253
colvarWidth,10,40,52,26.5000,0.074533
colvarWidth,10,40,53,27.0000,0.070026
colvarWidth,10,40,54,27.5000,0.071407
colvarWidth,10,40,55,28.0000,0.065794
colvarWidth,10,40,56,28.5000,0.069806
colvarWidth,10,40,57,29.0000,0.067916
colvarWidth,10,40,58,29.5000,0.065438
colvarWidth,10,40,59,30.0000,0.062857
colvarWidth,10,40,60,30.5000,0.058718
colvarWidth,10,40,61,31.0000,0.058947
colvarWidth,10,40,62,31.5000,0.056975
colvarWidth,10,40,63,32.0000,0.054503
colvarWidth,10,40,64,32.5000,0.055565
colvarWidth,10,40,65,33.0000,0.055335
colvarWidth,10,40,66,33.5000,0.053244
colvarWidth,10,40,67,34.0000,0.053509
colvarWidth,10,40,68,34.5000,0.056017
colvarWidth,10,40,69,35.0000,0.052968
colvarWidth,10,40,70,35.5000,0.053785
colvarWidth,10,40,71,36.0000,0.053369
colvarWidth,10,40,72,36.5000,0.049540
colvarWidth,10,40,73,37.0000,0.047744
colvarWidth,10,40,74,37.5000,0.047283
colvarWidth,10,40,75,38.0000,0.047542
colvarWidth,10,40,76,38.5000,0.047376
colvarWidth,10,40,77,39.0000,0.047236
colvarWidth,10,40,78,39.5000,0.048929
colvarWidth,10,40,79,40.0000,0.050100
colvarWidth,10,40,80,40.5000,0.050496
colvarWidth,10,40,81,41.0000,0.049947
colvarWidth,10,40,82,41.5000,0.048112
colvarWidth,10,40,83,42.0000,0.050029
colvarWidth,10,40,84,42.5000,0.048814
colvarWidth,10,40,85,43.0000,0.051703
colvarWidth,10,40,86,43.5000,0.055092
colvarWidth,10,40,87,44.0000,0.056266
colvarWidth,10,40,88,44.5000,0.059686
colvarWidth,10,40,89,45.0000,0.058731
colvarWidth,10,40,90,45.5000,0.054391
colvarWidth,10,40,91,46.0000,0.050247
colvarWidth,10,40,92,46.5000,0.050560
colvarWidth,10,40,93,47.0000,0.048402
colvarWidth,10,40,94,47.5000,0.045955
colvarWidth,10,40,95,48.0000,0.044107
colvarWidth,10,40,96,48.5000,0.043493
colvarWidth,10,40,97,49.0000,0.044703
colvarWidth,10,40,98,49.5000,0.043043
colvarWidth,10,40,99,50.0000,0.042246
colvarWidth,10,50,0,0.5000,4.225353
colvarWidth,10,50,1,1.0000,2.051261
colvarWidth,10,50,2,1.5000,0.660998
colvarWidth,10,50,3,2.0000,0.204514
colvarWidth,10,50,4,2.5000,0.167790
colvarWidth,10,50,5,3.0000,0.154961
colvarWidth,10,50,6,3.5000,0.138470
colvarWidth,10,50,7,4.0000,0.135338
colvarWidth,10,50,8,4.5000,0.125041
colvarWidth,10,50,9,5.0000,0.115346
colvarWidth,10,50,10,5.5000,0.111608
colvarWidth,10,50,11,6.0000,0.118094
colvarWidth,10,50,12,6.5000,0.109987
colvarWidth,10,50,13,7.0000,0.112100
colvarWidth,10,50,14,7.5000,0.125433
colvarWidth,10,50,15,8.0000,0.104414
colvarWidth,10,50,16,8.5000,0.113089
colvarWidth,10,50,17,9.0000,0.126472
colvarWidth,10,50,18,9.5000,0.121168
colvarWidth,10,50,19,10.0000,0.125394
colvarWidth,10,50,20,10.5000,0.119045
colvarWidth,10,50,21,11.0000,0.123740
colvarWidth,10,50,22,11.5000,0.126589
colvarWidth,10,50,23,12.0000,0.131325
colvarWidth,10,50,24,12.5000,0.108573
colvarWidth,10,50,25,13.0000,0.107919
colvarWidth,10,50,26,13.5000,0.110027
colvarWidth,10,50,27,14.0000,0.111351
colvarWidth,10,50,28,14.5000,0.113335
colvarWidth,10,50,29,15.0000,0.105121
colvarWidth,10,50,30,15.5000,0.101574
colvarWidth,10,50,31,16.0000,0.107000
colvarWidth,10,50,32,16.5000,0.098495
colvarWidth,10,50,33,17.0000,0.091054
colvarWidth,10,50,34,17.5000,0.093399
colvarWidth,10,50,35,18.0000,0.089033
colvarWidth,10,50,36,18.5000,0.087529
colvarWidth,10,50,37,19.0000,0.082876
colvarWidth,10,50,38,19.5000,0.076257
colvarWidth,10,50,39,20.0000,0.073282
colvarWidth,10,50,40,20.5000,0.078398
colvarWidth,10,50,41,21.0000,0.072586
colvarWidth,10,50,42,21.5000,0.075954
colvarWidth,10,50,43,22.0000,0.076801
colvarWidth,10,50,44,22.5000,0.078206
colvarWidth,10,50,45,23.0000,0.069901
colvarWidth,10,50,46,23.5000,0.070937
colvarWidth,10,50,47,24.0000,0.068825
colvarWidth,10,50,48,24.5000,0.070393
colvarWidth,10,50,49,25.0000,0.071949
colvarWidth,10,50,50,25.5000,0.071760
colvarWidth,10,50,51,26.0000,0.075095
colvarWidth,10,50,52,26.5000,0.076640
colvarWidth,10,50,53,27.0000,0.067287
colvarWidth,10,50,54,27.5000,0.062776
colvarWidth,10,50,55,28.0000,0.064291
colvarWidth,10,50,56,28.5000,0.064318
colvarWidth,10,50,57,29.0000,0.064864
colvarWidth,10,50,58,29.5000,0.061288
colvarWidth,10,50,59,30.0000,0.064266
colvarWidth,10,50,60,30.5000,0.064707
colvarWidth,10,50,61,31.0000,0.065681
colvarWidth,10,50,62,31.5000,0.067224
colvarWidth,10,50,63,32.0000,0.067676
colvarWidth,10,50,64,32.5000,0.064345
colvarWidth,10,50,65,33.0000,0.065357
colvarWidth,10,50,66,33.5000,0.066282
colvarWidth,10,50,67,34.0000,0.065772
colvarWidth,10,50,68,34.5000,0.068287
colvarWidth,10,50,69,35.0000,0.073328
colvarWidth,10,50,70,35.5000,0.072699
colvarWidth,10,50,71,36.0000,0.074697
colvarWidth,10,50,72,36.5000,0.072304
colvarWidth,10,50,73,37.0000,0.071463
colvarWidth,10,50,74,37.5000,0.071226
colvarWidth,10,50,75,38.0000,0.072486
colvarWidth,10,50,76,38.5000,0.069841
colvarWidth,10,50,77,39.0000,0.070615
colvarWidth,10,50,78,39.5000,0.067442
colvarWidth,10,50,79,40.0000,0.064264
colvarWidth,10,50,80,40.5000,0.064710
colvarWidth,10,50,81,41.0000,0.061868
colvarWidth,10,50,82,41.5000,0.057466
colvarWidth,10,50,83,42.0000,0.052490
colvarWidth,10,50,84,42.5000,0.050169
colvarWidth,10,50,85,43.0000,0.051704
colvarWidth,10,50,86,43.5000,0.054035
colvarWidth,10,50,87,44.0000,0.055117
colvarWidth,10,50,88,44.5000,0.052564
colvarWidth,10,50,89,45.0000,0.052645
colvarWidth,10,50,90,45.5000,0.048630
colvarWidth,10,50,91,46.0000,0.050438
colvarWidth,10,50,92,46.5000,0.051131
colvarWidth,10,50,93,47.0000,0.051097
colvarWidth,10,50,94,47.5000,0.053757
colvarWidth,10,50,95,48.0000,0.054857
colvarWidth,10,50,96,48.5000,0.056233
colvarWidth,10,50,97,49.0000,0.055488
colvarWidth,10,50,98,49.5000,0.056069
colvarWidth,10,50,99,50.0000,0.057470
colvarWidth,15,10,0,0.5000,2.129607
colvarWidth,15,10,1,1.0000,0.370519
colvarWidth,15,10,2,1.5000,0.218518
colvarWidth,15,10,3,2.0000,0.198385
colvarWidth,15,10,4,2.5000,0.248073
colvarWidth,15,10,5,3.0000,0.229247
colvarWidth,15,10,6,3.5000,0.239359
colvarWidth,15,10,7,4.0000,0.221857
colvarWidth,15,10,8,4.5000,0.208373
colvarWidth,15,10,9,5.0000,0.175674
colvarWidth,15,10,10,5.5000,0.174438
colvarWidth,15,10,11,6.0000,0.168142
colvarWidth,15,10,12,6.5000,0.159034
colvarWidth,15,10,13,7.0000,0.129883
colvarWidth,15,10,14,7.5000,0.126778
colvarWidth,15,10,15,8.0000,0.130838
colvarWidth,15,10,16,8.5000,0.116747
colvarWidth,15,10,17,9.0000,0.107897
colvarWidth,15,10,18,9.5000,0.099538
colvarWidth,15,10,19,10.0000,0.092006
colvarWidth,15,10,20,10.5000,0.089746
colvarWidth,15,10,21,11.0000,0.088923
colvarWidth,15,10,22,11.5000,0.086841
colvarWidth,15,10,23,12.0000,0.089403
colvarWidth,15,10,24,12.5000,0.087841
colvarWidth,15,10,25,13.0000,0.086928
colvarWidth,15,10,26,13.5000,0.084944
colvarWidth,15,10,27,14.0000,0.085322
colvarWidth,15,10,28,14.5000,0.081223
colvarWidth,15,10,29,15.0000,0.079520
colvarWidth,15,10,30,15.5000,0.080385
colvarWidth,15,10,31,16.0000,0.079023
colvarWidth,15,10,32,16.5000,0.079332
colvarWidth,15,10,33,17.0000,0.077752
colvarWidth,15,10,34,17.5000,0.076638
colvarWidth,15,10,35,18.0000,0.073129
colvarWidth,15,10,36,18.5000,0.073028
colvarWidth,15,10,37,19.0000,0.073931
colvarWidth,15,10,38,19.5000,0.074232
colvarWidth,15,10,39,20.0000,0.073332
colvarWidth,15,10,40,20.5000,0.074870
colvarWidth,15,10,41,21.0000,0.074863
colvarWidth,15,10,42,21.5000,0.073882
colvarWidth,15,10,43,22.0000,0.073194
colvarWidth,15,10,44,22.5000,0.072228
colvarWidth,15,10,45,23.0000,0.073396
colvarWidth,15,10,46,23.5000,0.071374
colvarWidth,15,10,47,24.0000,0.073316
colvarWidth,15,10,48,24.5000,0.076735
colvarWidth,15,10,49,25.0000,0.077088
colvarWidth,15,10,50,25.5000,0.076074
colvarWidth,15,10,51,26.0000,0.077629
colvarWidth,15,10,52,26.5000,0.071780
colvarWidth,15,10,53,27.0000,0.071993
colvarWidth,15,10,54,27.5000,0.072178
colvarWidth,15,10,55,28.0000,0.074452
colvarWidth,15,10,56,28.5000,0.073792
colvarWidth,15,10,57,29.0000,0.070641
colvarWidth,15,10,58,29.5000,0.068576
colvarWidth,15,10,59,30.0000,0.069601
colvarWidth,15,10,60,30.5000,0.069567
colvarWidth,15,10,61,31.0000,0.067820
colvarWidth,15,10,62,31.5000,0.068136
colvarWidth,15,10,63,32.0000,0.066333
colvarWidth,15,10,64,32.5000,0.065265
colvarWidth,15,10,65,33.0000,0.064502
colvarWidth,15,10,66,33.5000,0.065412
colvarWidth,15,10,67,34.0000,0.066511
colvarWidth,15,10,68,34.5000,0.065005
colvarWidth,15,10,69,35.0000,0.064412
colvarWidth,15,10,70,35.5000,0.064276
colvarWidth,15,10,71,36.0000,0.065536
colvarWidth,15,10,72,36.5000,0.066086
colvarWidth,15,10,73,37.0000,0.066193
colvarWidth,15,10,74,37.5000,0.065437
colvarWidth,15,10,75,38.0000,0.065874
colvarWidth,15,10,76,38.5000,0.064392
colvarWidth,15,10,77,39.0000,0.066537
colvarWidth,15,10,78,39.5000,0.064595
colvarWidth,15,10,79,40.0000,0.063971
colvarWidth,15,10,80,40.5000,0.063217
colvarWidth,15,10,81,41.0000,0.062688
colvarWidth,15,10,82,41.5000,0.062657
colvarWidth,15,10,83,42.0000,0.063852
colvarWidth,15,10,84,42.5000,0.063745
colvarWidth,15,10,85,43.0000,0.064307
colvarWidth,15,10,86,43.5000,0.062515
colvarWidth,15,10,87,44.0000,0.063578
colvarWidth,15,10,88,44.5000,0.061834
colvarWidth,15,10,89,45.0000,0.061018
colvarWidth,15,10,90,45.5000,0.061106
colvarWidth,15,10,91,46.0000,0.060219
colvarWidth,15,10,92,46.5000,0.059631
colvarWidth,15,10,93,47.0000,0.059574
colvarWidth,15,10,94,47.5000,0.060027
colvarWidth,15,10,95,48.0000,0.060045
colvarWidth,15,10,96,48.5000,0.060976
colvarWidth,15,10,97,49.0000,0.059122
colvarWidth,15,10,98,49.5000,0.058756
colvarWidth,15,10,99,50.0000,0.060609
colvarWidth,15,20,0,0.5000,2.071470
colvarWidth,15,20,1,1.0000,0.409765
colvarWidth,15,20,2,1.5000,0.312182
colvarWidth,15,20,3,2.0000,0.249368
colvarWidth,15,20,4,2.5000,0.255473
colvarWidth,15,20,5,3.0000,0.210932
colvarWidth,15,20,6,3.5000,0.227801
colvarWidth,15,20,7,4.0000,0.270876
colvarWidth,15,20,8,4.5000,0.256663
colvarWidth,15,20,9,5.0000,0.228842
colvarWidth,15,20,10,5.5000,0.220296
colvarWidth,15,20,11,6.0000,0.187386
colvarWidth,15,20,12,6.5000,0.172826
colvarWidth,15,20,13,7.0000,0.187516
colvarWidth,15,20,14,7.5000,0.170383
colvarWidth,15,20,15,8.0000,0.153484
colvarWidth,15,20,16,8.5000,0.154695
colvarWidth,15,20,17,9.0000,0.157830
colvarWidth,15,20,18,9.5000,0.149175
colvarWidth,15,20,19,10.0000,0.149948
colvarWidth,15,20,20,10.5000,0.163131
colvarWidth,15,20,21,11.0000,0.163668
colvarWidth,15,20,22,11.5000,0.157940
colvarWidth,15,20,23,12.0000,0.160792
colvarWidth,15,20,24,12.5000,0.174849
colvarWidth,15,20,25,13.0000,0.170823
colvarWidth,15,20,26,13.5000,0.162223
colvarWidth,15,20,27,14.0000,0.154402
colvarWidth,15,20,28,14.5000,0.139088
colvarWidth,15,20,29,15.0000,0.134672
colvarWidth,15,20,30,15.5000,0.133248
colvarWidth,15,20,31,16.0000,0.121151
colvarWidth,15,20,32,16.5000,0.130709
colvarWidth,15,20,33,17.0000,0.131342
colvarWidth,15,20,34,17.5000,0.132576
colvarWidth,15,20,35,18.0000,0.139063
colvarWidth,15,20,36,18.5000,0.137340
colvarWidth,15,20,37,19.0000,0.133368
colvarWidth,15,20,38,19.5000,0.130888
colvarWidth,15,20,39,20.0000,0.132263
colvarWidth,15,20,40,20.5000,0.133321
colvarWidth,15,20,41,21.0000,0.116540
colvarWidth,15,20,42,21.5000,0.120580
colvarWidth,15,20,43,22.0000,0.123563
colvarWidth,15,20,44,22.5000,0.117441
colvarWidth,15,20,45,23.0000,0.102986
colvarWidth,15,20,46,23.5000,0.102286
colvarWidth,15,20,47,24.0000,0.103858
colvarWidth,15,20,48,24.5000,0.104544
colvarWidth,15,20,49,25.0000,0.102923
colvarWidth,15,20,50,25.5000,0.103750
colvarWidth,15,20,51,26.0000,0.104023
colvarWidth,15,20,52,26.5000,0.094243
colvarWidth,15,20,53,27.0000,0.096759
colvarWidth,15,20,54,27.5000,0.095506
colvarWidth,15,20,55,28.0000,0.089809
colvarWidth,15,20,56,28.5000,0.086622
colvarWidth,15,20,57,29.0000,0.084485
colvarWidth,15,20,58,29.5000,0.084438
colvarWidth,15,20,59,30.0000,0.082491
colvarWidth,15,20,60,30.5000,0.083800
colvarWidth,15,20,61,31.0000,0.084162
colvarWidth,15,20,62,31.5000,0.084197
colvarWidth,15,20,63,32.0000,0.086220
colvarWidth,15,20,64,32.5000,0.081366
colvarWidth,15,20,65,33.0000,0.080645
colvarWidth,15,20,66,33.5000,0.082058
colvarWidth,15,20,67,34.0000,0.080220
colvarWidth,15,20,68,34.5000,0.081102
colvarWidth,15,20,69,35.0000,0.080773
colvarWidth,15,20,70,35.5000,0.078051
colvarWidth,15,20,71,36.0000,0.079244
colvarWidth,15,20,72,36.5000,0.077497
colvarWidth,15,20,73,37.0000,0.079230
colvarWidth,15,20,74,37.5000,0.077896
colvarWidth,15,20,75,38.0000,0.077545
colvarWidth,15,20,76,38.5000,0.076811
colvarWidth,15,20,77,39.0000,0.078476
colvarWidth,15,20,78,39.5000,0.075748
colvarWidth,15,20,79,40.0000,0.076325
colvarWidth,15,20,80,40.5000,0.076976
colvarWidth,15,20,81,41.0000,0.077188
colvarWidth,15,20,82,41.5000,0.078333
colvarWidth,15,20,83,42.0000,0.077280
colvarWidth,15,20,84,42.5000,0.077974
colvarWidth,15,20,85,43.0000,0.077501
colvarWidth,15,20,86,43.5000,0.075201
colvarWidth,15,20,87,44.0000,0.074791
colvarWidth,15,20,88,44.5000,0.074766
colvarWidth,15,20,89,45.0000,0.074037
colvarWidth,15,20,90,45.5000,0.072486
colvarWidth,15,20,91,46.0000,0.071923
colvarWidth,15,20,92,46.5000,0.071679
colvarWidth,15,20,93,47.0000,0.072625
colvarWidth,15,20,94,47.5000,0.072664
colvarWidth,15,20,95,48.0000,0.073132
colvarWidth,15,20,96,48.5000,0.071067
colvarWidth,15,20,97,49.0000,0.068438
colvarWidth,15,20,98,49.5000,0.070089
colvarWidth,15,20,99,50.0000,0.071181
colvarWidth,15,30,0,0.5000,1.998634
colvarWidth,15,30,1,1.0000,0.270400
colvarWidth,15,30,2,1.5000,0.265929
colvarWidth,15,30,3,2.0000,0.259557
colvarWidth,15,30,4,2.5000,0.183788
colvarWidth,15,30,5,3.0000,0.160078
colvarWidth,15,30,6,3.5000,0.147205
colvarWidth,15,30,7,4.0000,0.135716
colvarWidth,15,30,8,4.5000,0.135985
colvarWidth,15,30,9,5.0000,0.122417
colvarWidth,15,30,10,5.5000,0.116857
colvarWidth,15,30,11,6.0000,0.111275
colvarWidth,15,30,12,6.5000,0.107597
colvarWidth,15,30,13,7.0000,0.104361
colvarWidth,15,30,14,7.5000,0.108086
colvarWidth,15,30,15,8.0000,0.109775
colvarWidth,15,30,16,8.5000,0.101157
colvarWidth,15,30,17,9.0000,0.099921
colvarWidth,15,30,18,9.5000,0.096194
colvarWidth,15,30,19,10.0000,0.093897
colvarWidth,15,30,20,10.5000,0.093825
colvarWidth,15,30,21,11.0000,0.090250
colvarWidth,15,30,22,11.5000,0.089886
colvarWidth,15,30,23,12.0000,0.095846
colvarWidth,15,30,24,12.5000,0.095496
colvarWidth,15,30,25,13.0000,0.098542
colvarWidth,15,30,26,13.5000,0.091398
colvarWidth,15,30,27,14.0000,0.087500
colvarWidth,15,30,28,14.5000,0.083765
colvarWidth,15,30,29,15.0000,0.084705
colvarWidth,15,30,30,15.5000,0.084380
colvarWidth,15,30,31,16.0000,0.080250
colvarWidth,15,30,32,16.5000,0.082799
colvarWidth,15,30,33,17.0000,0.080254
colvarWidth,15,30,34,17.5000,0.079355
colvarWidth,15,30,35,18.0000,0.079687
colvarWidth,15,30,36,18.5000,0.078877
colvarWidth,15,30,37,19.0000,0.078704
colvarWidth,15,30,38,19.5000,0.076535
colvarWidth,15,30,39,20.0000,0.075294
colvarWidth,15,30,40,20.5000,0.074383
colvarWidth,15,30,41,21.0000,0.074898
colvarWidth,15,30,42,21.5000,0.074367
colvarWidth,15,30,43,22.0000,0.074318
colvarWidth,15,30,44,22.5000,0.074744
colvarWidth,15,30,45,23.0000,0.074398
colvarWidth,15,30,46,23.5000,0.075710
colvarWidth,15,30,47,24.0000,0.076474
colvarWidth,15,30,48,24.5000,0.075065
colvarWidth,15,30,49,25.0000,0.077516
colvarWidth,15,30,50,25.5000,0.081505
colvarWidth,15,30,51,26.0000,0.079510
colvarWidth,15,30,52,26.5000,0.078913
colvarWidth,15,30,53,27.0000,0.078619
colvarWidth,15,30,54,27.5000,0.078611
colvarWidth,15,30,55,28.0000,0.083160
colvarWidth,15,30,56,28.5000,0.085283
colvarWidth,15,30,57,29.0000,0.088921
colvarWidth,15,30,58,29.5000,0.089997
colvarWidth,15,30,59,30.0000,0.091418
colvarWidth,15,30,60,30.5000,0.089982
colvarWidth,15,30,61,31.0000,0.086580
colvarWidth,15,30,62,31.5000,0.086837
colvarWidth,15,30,63,32.0000,0.090563
colvarWidth,15,30,64,32.5000,0.090706
colvarWidth,15,30,65,33.0000,0.094114
colvarWidth,15,30,66,33.5000,0.088826
colvarWidth,15,30,67,34.0000,0.084110
colvarWidth,15,30,68,34.5000,0.089343
colvarWidth,15,30,69,35.0000,0.093411
colvarWidth,15,30,70,35.5000,0.093903
colvarWidth,15,30,71,36.0000,0.090631
colvarWidth,15,30,72,36.5000,0.089779
colvarWidth,15,30,73,37.0000,0.089814
colvarWidth,15,30,74,37.5000,0.091423
colvarWidth,15,30,75,38.0000,0.090626
colvarWidth,15,30,76,38.5000,0.086578
colvarWidth,15,30,77,39.0000,0.085521
colvarWidth,15,30,78,39.5000,0.083455
colvarWidth,15,30,79,40.0000,0.083333
colvarWidth,15,30,80,40.5000,0.084672
colvarWidth,15,30,81,41.0000,0.083479
colvarWidth,15,30,82,41.5000,0.083556
colvarWidth,15,30,83,42.0000,0.083989
colvarWidth,15,30,84,42.5000,0.080598
colvarWidth,15,30,85,43.0000,0.082556
colvarWidth,15,30,86,43.5000,0.085572
colvarWidth,15,30,87,44.0000,0.081303
colvarWidth,15,30,88,44.5000,0.080268
colvarWidth,15,30,89,45.0000,0.080499
colvarWidth,15,30,90,45.5000,0.079051
colvarWidth,15,30,91,46.0000,0.081696
colvarWidth,15,30,92,46.5000,0.082809
colvarWidth,15,30,93,47.0000,0.083106
colvarWidth,15,30,94,47.5000,0.084390
colvarWidth,15,30,95,48.0000,0.081561
colvarWidth,15,30,96,48.5000,0.081288
colvarWidth,15,30,97,49.0000,0.083071
colvarWidth,15,30,98,49.5000,0.082236
colvarWidth,15,30,99,50.0000,0.080614
colvarWidth,15,40,0,0.5000,1.777599
colvarWidth,15,40,1,1.0000,0.450446
colvarWidth,15,40,2,1.5000,0.342621
colvarWidth,15,40,3,2.0000,0.241422
colvarWidth,15,40,4,2.5000,0.246264
colvarWidth,15,40,5,3.0000,0.253598
colvarWidth,15,40,6,3.5000,0.248771
colvarWidth,15,40,7,4.0000,0.259467
colvarWidth,15,40,8,4.5000,0.238689
colvarWidth,15,40,9,5.0000,0.197267
colvarWidth,15,40,10,5.5000,0.196980
colvarWidth,15,40,11,6.0000,0.153494
colvarWidth,15,40,12,6.5000,0.121228
colvarWidth,15,40,13,7.0000,0.133759
colvarWidth,15,40,14,7.5000,0.138855
colvarWidth,15,40,15,8.0000,0.152075
colvarWidth,15,40,16,8.5000,0.135430
colvarWidth,15,40,17,9.0000,0.105081
colvarWidth,15,40,18,9.5000,0.098050
colvarWidth,15,40,19,10.0000,0.101754
colvarWidth,15,40,20,10.5000,0.102017
colvarWidth,15,40,21,11.0000,0.104299
colvarWidth,15,40,22,11.5000,0.098939
colvarWidth,15,40,23,12.0000,0.092930
colvarWidth,15,40,24,12.5000,0.090834
colvarWidth,15,40,25,13.0000,0.092831
colvarWidth,15,40,26,13.5000,0.090017
colvarWidth,15,40,27,14.0000,0.090433
colvarWidth,15,40,28,14.5000,0.091081
colvarWidth,15,40,29,15.0000,0.097660
colvarWidth,15,40,30,15.5000,0.095629
colvarWidth,15,40,31,16.0000,0.091386
colvarWidth,15,40,32,16.5000,0.095591
colvarWidth,15,40,33,17.0000,0.095321
colvarWidth,15,40,34,17.5000,0.103181
colvarWidth,15,40,35,18.0000,0.104310
colvarWidth,15,40,36,18.5000,0.103951
colvarWidth,15,40,37,19.0000,0.104236
colvarWidth,15,40,38,19.5000,0.096852
colvarWidth,15,40,39,20.0000,0.091363
colvarWidth,15,40,40,20.5000,0.089821
colvarWidth,15,40,41,21.0000,0.096842
colvarWidth,15,40,42,21.5000,0.093142
colvarWidth,15,40,43,22.0000,0.093634
colvarWidth,15,40,44,22.5000,0.093846
colvarWidth,15,40,45,23.0000,0.090968
colvarWidth,15,40,46,23.5000,0.087355
colvarWidth,15,40,47,24.0000,0.088438
colvarWidth,15,40,48,24.5000,0.088432
colvarWidth,15,40,49,25.0000,0.089807
colvarWidth,15,40,50,25.5000,0.083670
colvarWidth,15,40,51,26.0000,0.078638
colvarWidth,15,40,52,26.5000,0.084671
colvarWidth,15,40,53,27.0000,0.085088
colvarWidth,15,40,54,27.5000,0.086535
colvarWidth,15,40,55,28.0000,0.085409
colvarWidth,15,40,56,28.5000,0.088177
colvarWidth,15,40,57,29.0000,0.086343
colvarWidth,15,40,58,29.5000,0.084393
colvarWidth,15,40,59,30.0000,0.085664
colvarWidth,15,40,60,30.5000,0.081466
colvarWidth,15,40,61,31.0000,0.082899
colvarWidth,15,40,62,31.5000,0.080421
colvarWidth,15,40,63,32.0000,0.075854
colvarWidth,15,40,64,32.5000,0.074392
colvarWidth,15,40,65,33.0000,0.071649
colvarWidth,15,40,66,33.5000,0.074108
colvarWidth,15,40,67,34.0000,0.073821
colvarWidth,15,40,68,34.5000,0.071963
colvarWidth,15,40,69,35.0000,0.071788
colvarWidth,15,40,70,35.5000,0.074935
colvarWidth,15,40,71,36.0000,0.075749
colvarWidth,15,40,72,36.5000,0.074773
colvarWidth,15,40,73,37.0000,0.075854
colvarWidth,15,40,74,37.5000,0.077687
colvarWidth,15,40,75,38.0000,0.079047
colvarWidth,15,40,76,38.5000,0.078030
colvarWidth,15,40,77,39.0000,0.082856
colvarWidth,15,40,78,39.5000,0.084592
colvarWidth,15,40,79,40.0000,0.083068
colvarWidth,15,40,80,40.5000,0.080670
colvarWidth,15,40,81,41.0000,0.080323
colvarWidth,15,40,82,41.5000,0.079247
colvarWidth,15,40,83,42.0000,0.078161
colvarWidth,15,40,84,42.5000,0.080962
colvarWidth,15,40,85,43.0000,0.081039
colvarWidth,15,40,86,43.5000,0.083202
colvarWidth,15,40,87,44.0000,0.082508
colvarWidth,15,40,88,44.5000,0.086411
colvarWidth,15,40,89,45.0000,0.087658
colvarWidth,15,40,90,45.5000,0.089195
colvarWidth,15,40,91,46.0000,0.087631
colvarWidth,15,40,92,46.5000,0.084335
colvarWidth,15,40,93,47.0000,0.082466
colvarWidth,15,40,94,47.5000,0.079628
colvarWidth,15,40,95,48.0000,0.083600
colvarWidth,15,40,96,48.5000,0.082090
colvarWidth,15,40,97,49.0000,0.080574
colvarWidth,15,40,98,49.5000,0.078492
colvarWidth,15,40,99,50.0000,0.077305
colvarWidth,15,50,0,0.5000,1.855192
colvarWidth,15,50,1,1.0000,0.289279
colvarWidth,15,50,2,1.5000,0.225922
colvarWidth,15,50,3,2.0000,0.224693
colvarWidth,15,50,4,2.5000,0.202504
colvarWidth,15,50,5,3.0000,0.217087
colvarWidth,15,50,6,3.5000,0.209146
colvarWidth,15,50,7,4.0000,0.136826
colvarWidth,15,50,8,4.5000,0.132766
colvarWidth,15,50,9,5.0000,0.121301
colvarWidth,15,50,10,5.5000,0.122449
colvarWidth,15,50,11,6.0000,0.117590
colvarWidth,15,50,12,6.5000,0.105003
colvarWidth,15,50,13,7.0000,0.107420
colvarWidth,15,50,14,7.5000,0.106328
colvarWidth,15,50,15,8.0000,0.108092
colvarWidth,15,50,16,8.5000,0.110530
colvarWidth,15,50,17,9.0000,0.106915
colvarWidth,15,50,18,9.5000,0.114033
colvarWidth,15,50,19,10.0000,0.101844
colvarWidth,15,50,20,10.5000,0.097344
colvarWidth,15,50,21,11.0000,0.094320
colvarWidth,15,50,22,11.5000,0.100608
colvarWidth,15,50,23,12.0000,0.100048
colvarWidth,15,50,24,12.5000,0.104210
colvarWidth,15,50,25,13.0000,0.116622
colvarWidth,15,50,26,13.5000,0.110849
colvarWidth,15,50,27,14.0000,0.102473
colvarWidth,15,50,28,14.5000,0.105620
colvarWidth,15,50,29,15.0000,0.120609
colvarWidth,15,50,30,15.5000,0.119539
colvarWidth,15,50,31,16.0000,0.111885
colvarWidth,15,50,32,16.5000,0.093358
colvarWidth,15,50,33,17.0000,0.092961
colvarWidth,15,50,34,17.5000,0.096053
colvarWidth,15,50,35,18.0000,0.091610
colvarWidth,15,50,36,18.5000,0.094186
colvarWidth,15,50,37,19.0000,0.093059
colvarWidth,15,50,38,19.5000,0.090089
colvarWidth,15,50,39,20.0000,0.090329
colvarWidth,15,50,40,20.5000,0.089106
colvarWidth,15,50,41,21.0000,0.089876
colvarWidth,15,50,42,21.5000,0.092828
colvarWidth,15,50,43,22.0000,0.088681
colvarWidth,15,50,44,22.5000,0.085284
colvarWidth,15,50,45,23.0000,0.083013
colvarWidth,15,50,46,23.5000,0.090549
colvarWidth,15,50,47,24.0000,0.092063
colvarWidth,15,50,48,24.5000,0.092578
colvarWidth,15,50,49,25.0000,0.093366
colvarWidth,15,50,50,25.5000,0.097889
colvarWidth,15,50,51,26.0000,0.100660
colvarWidth,15,50,52,26.5000,0.102246
colvarWidth,15,50,53,27.0000,0.099085
colvarWidth,15,50,54,27.5000,0.094745
colvarWidth,15,50,55,28.0000,0.099965
colvarWidth,15,50,56,28.5000,0.089455
colvarWidth,15,50,57,29.0000,0.087343
colvarWidth,15,50,58,29.5000,0.092368
colvarWidth,15,50,59,30.0000,0.090963
colvarWidth,15,50,60,30.5000,0.088838
colvarWidth,15,50,61,31.0000,0.083957
colvarWidth,15,50,62,31.5000,0.081004
colvarWidth,15,50,63,32.0000,0.079796
colvarWidth,15,50,64,32.5000,0.081238
colvarWidth,15,50,65,33.0000,0.079881
colvarWidth,15,50,66,33.5000,0.079873
colvarWidth,15,50,67,34.0000,0.081875
colvarWidth,15,50,68,34.5000,0.079137
colvarWidth,15,50,69,35.0000,0.078390
colvarWidth,15,50,70,35.5000,0.078531
colvarWidth,15,50,71,36.0000,0.077485
colvarWidth,15,50,72,36.5000,0.077706
colvarWidth,15,50,73,37.0000,0.076743
colvarWidth,15,50,74,37.5000,0.075258
colvarWidth,15,50,75,38.0000,0.075923
colvarWidth,15,50,76,38.5000,0.076132
colvarWidth,15,50,77,39.0000,0.073312
colvarWidth,15,50,78,39.5000,0.069643
colvarWidth,15,50,79,40.0000,0.068698
colvarWidth,15,50,80,40.5000,0.070853
colvarWidth,15,50,81,41.0000,0.071749
colvarWidth,15,50,82,41.5000,0.073706
colvarWidth,15,50,83,42.0000,0.075062
colvarWidth,15,50,84,42.5000,0.074649
colvarWidth,15,50,85,43.0000,0.075131
colvarWidth,15,50,86,43.5000,0.082591
colvarWidth,15,50,87,44.0000,0.081134
colvarWidth,15,50,88,44.5000,0.080621
colvarWidth,15,50,89,45.0000,0.082669
colvarWidth,15,50,90,45.5000,0.083436
colvarWidth,15,50,91,46.0000,0.082371
colvarWidth,15,50,92,46.5000,0.084814
colvarWidth,15,50,93,47.0000,0.085990
colvarWidth,15,50,94,47.5000,0.083171
colvarWidth,15,50,95,48.0000,0.084548
colvarWidth,15,50,96,48.5000,0.083121
colvarWidth,15,50,97,49.0000,0.082481
colvarWidth,15,50,98,49.5000,0.082212
colvarWidth,15,50,99,50.0000,0.079460
colvarWidth,20,10,0,0.5000,0.890368
colvarWidth,20,10,1,1.0000,0.655527
colvarWidth,20,10,2,1.5000,0.509385
colvarWidth,20,10,3,2.0000,0.508203
colvarWidth,20,10,4,2.5000,0.426297
colvarWidth,20,10,5,3.0000,0.404094
colvarWidth,20,10,6,3.5000,0.371975
colvarWidth,20,10,7,4.0000,0.419877
colvarWidth,20,10,8,4.5000,0.448115
colvarWidth,20,10,9,5.0000,0.415738
colvarWidth,20,10,10,5.5000,0.406370
colvarWidth,20,10,11,6.0000,0.376862
colvarWidth,20,10,12,6.5000,0.351749
colvarWidth,20,10,13,7.0000,0.334240
colvarWidth,20,10,14,7.5000,0.316047
colvarWidth,20,10,15,8.0000,0.307116
colvarWidth,20,10,16,8.5000,0.291746
colvarWidth,20,10,17,9.0000,0.307099
colvarWidth,20,10,18,9.5000,0.295584
colvarWidth,20,10,19,10.0000,0.275576
colvarWidth,20,10,20,10.5000,0.270075
colvarWidth,20,10,21,11.0000,0.255379
colvarWidth,20,10,22,11.5000,0.249893
colvarWidth,20,10,23,12.0000,0.246139
colvarWidth,20,10,24,12.5000,0.231980
colvarWidth,20,10,25,13.0000,0.226887
colvarWidth,20,10,26,13.5000,0.211397
colvarWidth,20,10,27,14.0000,0.205145
colvarWidth,20,10,28,14.5000,0.205193
colvarWidth,20,10,29,15.0000,0.199047
colvarWidth,20,10,30,15.5000,0.194714
colvarWidth,20,10,31,16.0000,0.185909
colvarWidth,20,10,32,16.5000,0.177766
colvarWidth,20,10,33,17.0000,0.167667
colvarWidth,20,10,34,17.5000,0.165294
colvarWidth,20,10,35,18.0000,0.168985
colvarWidth,20,10,36,18.5000,0.168394
colvarWidth,20,10,37,19.0000,0.160873
colvarWidth,20,10,38,19.5000,0.163256
colvarWidth,20,10,39,20.0000,0.161921
colvarWidth,20,10,40,20.5000,0.159624
colvarWidth,20,10,41,21.0000,0.157576
colvarWidth,20,10,42,21.5000,0.155635
colvarWidth,20,10,43,22.0000,0.157672
colvarWidth,20,10,44,22.5000,0.158671
colvarWidth,20,10,45,23.0000,0.150630
colvarWidth,20,10,46,23.5000,0.150592
colvarWidth,20,10,47,24.0000,0.144511
colvarWidth,20,10,48,24.5000,0.145262
colvarWidth,20,10,49,25.0000,0.146028
colvarWidth,20,10,50,25.5000,0.145619
colvarWidth,20,10,51,26.0000,0.144668
colvarWidth,20,10,52,26.5000,0.139191
colvarWidth,20,10,53,27.0000,0.134558
colvarWidth,20,10,54,27.5000,0.130455
colvarWidth,20,10,55,28.0000,0.132173
colvarWidth,20,10,56,28.5000,0.129607
colvarWidth,20,10,57,29.0000,0.129542
colvarWidth,20,10,58,29.5000,0.123377
colvarWidth,20,10,59,30.0000,0.122208
colvarWidth,20,10,60,30.5000,0.119979
colvarWidth,20,10,61,31.0000,0.118612
colvarWidth,20,10,62,31.5000,0.116335
colvarWidth,20,10,63,32.0000,0.116133
colvarWidth,20,10,64,32.5000,0.114420
colvarWidth,20,10,65,33.0000,0.114735
colvarWidth,20,10,66,33.5000,0.113910
colvarWidth,20,10,67,34.0000,0.110807
colvarWidth,20,10,68,34.5000,0.110916
colvarWidth,20,10,69,35.0000,0.110920
colvarWidth,20,10,70,35.5000,0.109347
colvarWidth,20,10,71,36.0000,0.109047
colvarWidth,20,10,72,36.5000,0.108698
colvarWidth,20,10,73,37.0000,0.108930
colvarWidth,20,10,74,37.5000,0.108204
colvarWidth,20,10,75,38.0000,0.107383
colvarWidth,20,10,76,38.5000,0.106878
colvarWidth,20,10,77,39.0000,0.108119
colvarWidth,20,10,78,39.5000,0.108130
colvarWidth,20,10,79,40.0000,0.107703
colvarWidth,20,10,80,40.5000,0.108005
colvarWidth,20,10,81,41.0000,0.107838
colvarWidth,20,10,82,41.5000,0.106799
colvarWidth,20,10,83,42.0000,0.106255
colvarWidth,20,10,84,42.5000,0.104882
colvarWidth,20,10,85,43.0000,0.104376
colvarWidth,20,10,86,43.5000,0.104099
colvarWidth,20,10,87,44.0000,0.104700
colvarWidth,20,10,88,44.5000,0.102821
colvarWidth,20,10,89,45.0000,0.102810
colvarWidth,20,10,90,45.5000,0.102767
colvarWidth,20,10,91,46.0000,0.102566
colvarWidth,20,10,92,46.5000,0.102227
colvarWidth,20,10,93,47.0000,0.101738
colvarWidth,20,10,94,47.5000,0.101469
colvarWidth,20,10,95,48.0000,0.101494
colvarWidth,20,10,96,48.5000,0.103080
colvarWidth,20,10,97,49.0000,0.102662
colvarWidth,20,10,98,49.5000,0.102674
colvarWidth,20,10,99,50.0000,0.102664
colvarWidth,20,20,0,0.5000,0.824821
colvarWidth,20,20,1,1.0000,0.443722
colvarWidth,20,20,2,1.5000,0.347246
colvarWidth,20,20,3,2.0000,0.317476
colvarWidth,20,20,4,2.5000,0.360192
colvarWidth,20,20,5,3.0000,0.312453
colvarWidth,20,20,6,3.5000,0.230718
colvarWidth,20,20,7,4.0000,0.246288
colvarWidth,20,20,8,4.5000,0.241266
colvarWidth,20,20,9,5.0000,0.234942
colvarWidth,20,20,10,5.5000,0.203384
colvarWidth,20,20,11,6.0000,0.233387
colvarWidth,20,20,12,6.5000,0.228858
colvarWidth,20,20,13,7.0000,0.220864
colvarWidth,20,20,14,7.5000,0.218857
colvarWidth,20,20,15,8.0000,0.202634
colvarWidth,20,20,16,8.5000,0.202215
colvarWidth,20,20,17,9.0000,0.203473
colvarWidth,20,20,18,9.5000,0.178356
colvarWidth,20,20,19,10.0000,0.162602
colvarWidth,20,20,20,10.5000,0.170803
colvarWidth,20,20,21,11.0000,0.165611
colvarWidth,20,20,22,11.5000,0.162921
colvarWidth,20,20,23,12.0000,0.146998
colvarWidth,20,20,24,12.5000,0.143935
colvarWidth,20,20,25,13.0000,0.154768
colvarWidth,20,20,26,13.5000,0.152660
colvarWidth,20,20,27,14.0000,0.148793
colvarWidth,20,20,28,14.5000,0.150454
colvarWidth,20,20,29,15.0000,0.143733
colvarWidth,20,20,30,15.5000,0.136965
colvarWidth,20,20,31,16.0000,0.145471
colvarWidth,20,20,32,16.5000,0.146926
colvarWidth,20,20,33,17.0000,0.154055
colvarWidth,20,20,34,17.5000,0.149027
colvarWidth,20,20,35,18.0000,0.145898
colvarWidth,20,20,36,18.5000,0.138550
colvarWidth,20,20,37,19.0000,0.139526
colvarWidth,20,20,38,19.5000,0.136060
colvarWidth,20,20,39,20.0000,0.136098
colvarWidth,20,20,40,20.5000,0.139116
colvarWidth,20,20,41,21.0000,0.135574
colvarWidth,20,20,42,21.5000,0.138303
colvarWidth,20,20,43,22.0000,0.134426
colvarWidth,20,20,44,22.5000,0.133413
colvarWidth,20,20,45,23.0000,0.135395
colvarWidth,20,20,46,23.5000,0.139154
colvarWidth,20,20,47,24.0000,0.140763
colvarWidth,20,20,48,24.5000,0.139419
colvarWidth,20,20,49,25.0000,0.134506
colvarWidth,20,20,50,25.5000,0.137216
colvarWidth,20,20,51,26.0000,0.140365
colvarWidth,20,20,52,26.5000,0.138703
colvarWidth,20,20,53,27.0000,0.139338
colvarWidth,20,20,54,27.5000,0.138408
colvarWidth,20,20,55,28.0000,0.139405
colvarWidth,20,20,56,28.5000,0.143234
colvarWidth,20,20,57,29.0000,0.147587
colvarWidth,20,20,58,29.5000,0.145912
colvarWidth,20,20,59,30.0000,0.143394
colvarWidth,20,20,60,30.5000,0.145950
colvarWidth,20,20,61,31.0000,0.149946
colvarWidth,20,20,62,31.5000,0.150799
colvarWidth,20,20,63,32.0000,0.150135
colvarWidth,20,20,64,32.5000,0.151977
colvarWidth,20,20,65,33.0000,0.150663
colvarWidth,20,20,66,33.5000,0.152058
colvarWidth,20,20,67,34.0000,0.150949
colvarWidth,20,20,68,34.5000,0.150935
colvarWidth,20,20,69,35.0000,0.151488
colvarWidth,20,20,70,35.5000,0.151455
colvarWidth,20,20,71,36.0000,0.148380
colvarWidth,20,20,72,36.5000,0.145023
colvarWidth,20,20,73,37.0000,0.143295
colvarWidth,20,20,74,37.5000,0.141828
colvarWidth,20,20,75,38.0000,0.138437
colvarWidth,20,20,76,38.5000,0.138341
colvarWidth,20,20,77,39.0000,0.136465
colvarWidth,20,20,78,39.5000,0.133354
colvarWidth,20,20,79,40.0000,0.129796
colvarWidth,20,20,80,40.5000,0.128486
colvarWidth,20,20,81,41.0000,0.126618
colvarWidth,20,20,82,41.5000,0.123803
colvarWidth,20,20,83,42.0000,0.123844
colvarWidth,20,20,84,42.5000,0.124308
colvarWidth,20,20,85,43.0000,0.123200
colvarWidth,20,20,86,43.5000,0.124414
colvarWidth,20,20,87,44.0000,0.124362
colvarWidth,20,20,88,44.5000,0.123054
colvarWidth,20,20,89,45.0000,0.121749
colvarWidth,20,20,90,45.5000,0.121875
colvarWidth,20,20,91,46.0000,0.120735
colvarWidth,20,20,92,46.5000,0.117948
colvarWidth,20,20,93,47.0000,0.116874
colvarWidth,20,20,94,47.5000,0.115704
colvarWidth,20,20,95,48.0000,0.116459
colvarWidth,20,20,96,48.5000,0.117673
colvarWidth,20,20,97,49.0000,0.117120
colvarWidth,20,20,98,49.5000,0.117242
colvarWidth,20,20,99,50.0000,0.118582
colvarWidth,20,30,0,0.5000,0.547743
colvarWidth,20,30,1,1.0000,0.320655
colvarWidth,20,30,2,1.5000,0.319048
colvarWidth,20,30,3,2.0000,0.286153
colvarWidth,20,30,4,2.5000,0.283720
colvarWidth,20,30,5,3.0000,0.197594
colvarWidth,20,30,6,3.5000,0.182471
colvarWidth,20,30,7,4.0000,0.157666
colvarWidth,20,30,8,4.5000,0.161349
colvarWidth,20,30,9,5.0000,0.151076
colvarWidth,20,30,10,5.5000,0.154752
colvarWidth,20,30,11,6.0000,0.139029
colvarWidth,20,30,12,6.5000,0.128008
colvarWidth,20,30,13,7.0000,0.120158
colvarWidth,20,30,14,7.5000,0.116341
colvarWidth,20,30,15,8.0000,0.115174
colvarWidth,20,30,16,8.5000,0.115622
colvarWidth,20,30,17,9.0000,0.130606
colvarWidth,20,30,18,9.5000,0.126139
colvarWidth,20,30,19,10.0000,0.123215
colvarWidth,20,30,20,10.5000,0.120607
colvarWidth,20,30,21,11.0000,0.119587
colvarWidth,20,30,22,11.5000,0.123904
colvarWidth,20,30,23,12.0000,0.120520
colvarWidth,20,30,24,12.5000,0.116067
colvarWidth,20,30,25,13.0000,0.124070
colvarWidth,20,30,26,13.5000,0.118375
colvarWidth,20,30,27,14.0000,0.115653
colvarWidth,20,30,28,14.5000,0.115122
colvarWidth,20,30,29,15.0000,0.113073
colvarWidth,20,30,30,15.5000,0.111981
colvarWidth,20,30,31,16.0000,0.112322
colvarWidth,20,30,32,16.5000,0.110780
colvarWidth,20,30,33,17.0000,0.109967
colvarWidth,20,30,34,17.5000,0.110110
colvarWidth,20,30,35,18.0000,0.108860
colvarWidth,20,30,36,18.5000,0.108835
colvarWidth,20,30,37,19.0000,0.109230
colvarWidth,20,30,38,19.5000,0.105990
colvarWidth,20,30,39,20.0000,0.105498
colvarWidth,20,30,40,20.5000,0.104850
colvarWidth,20,30,41,21.0000,0.104090
colvarWidth,20,30,42,21.5000,0.104658
colvarWidth,20,30,43,22.0000,0.105156
colvarWidth,20,30,44,22.5000,0.105618
colvarWidth,20,30,45,23.0000,0.105604
colvarWidth,20,30,46,23.5000,0.104950
colvarWidth,20,30,47,24.0000,0.103896
colvarWidth,20,30,48,24.5000,0.104011
colvarWidth,20,30,49,25.0000,0.103668
colvarWidth,20,30,50,25.5000,0.103781
colvarWidth,20,30,51,26.0000,0.103341
colvarWidth,20,30,52,26.5000,0.104884
colvarWidth,20,30,53,27.0000,0.104615
colvarWidth,20,30,54,27.5000,0.104020
colvarWidth,20,30,55,28.0000,0.104185
colvarWidth,20,30,56,28.5000,0.104111
colvarWidth,20,30,57,29.0000,0.103566
colvarWidth,20,30,58,29.5000,0.103575
colvarWidth,20,30,59,30.0000,0.103275
colvarWidth,20,30,60,30.5000,0.102237
colvarWidth,20,30,61,31.0000,0.102660
colvarWidth,20,30,62,31.5000,0.102571
colvarWidth,20,30,63,32.0000,0.102265
colvarWidth,20,30,64,32.5000,0.101709
colvarWidth,20,30,65,33.0000,0.101433
colvarWidth,20,30,66,33.5000,0.100820
colvarWidth,20,30,67,34.0000,0.100882
colvarWidth,20,30,68,34.5000,0.100359
colvarWidth,20,30,69,35.0000,0.099753
colvarWidth,20,30,70,35.5000,0.099000
colvarWidth,20,30,71,36.0000,0.098802
colvarWidth,20,30,72,36.5000,0.098852
colvarWidth,20,30,73,37.0000,0.098462
colvarWidth,20,30,74,37.5000,0.098237
colvarWidth,20,30,75,38.0000,0.098115
colvarWidth,20,30,76,38.5000,0.097857
colvarWidth,20,30,77,39.0000,0.097712
colvarWidth,20,30,78,39.5000,0.097838
colvarWidth,20,30,79,40.0000,0.097768
colvarWidth,20,30,80,40.5000,0.097991
colvarWidth,20,30,81,41.0000,0.097439
colvarWidth,20,30,82,41.5000,0.097262
colvarWidth,20,30,83,42.0000,0.096963
colvarWidth,20,30,84,42.5000,0.096991
colvarWidth,20,30,85,43.0000,0.097155
colvarWidth,20,30,86,43.5000,0.096599
colvarWidth,20,30,87,44.0000,0.096918
colvarWidth,20,30,88,44.5000,0.096743
colvarWidth,20,30,89,45.0000,0.096615
colvarWidth,20,30,90,45.5000,0.096284
colvarWidth,20,30,91,46.0000,0.096281
colvarWidth,20,30,92,46.5000,0.097040
colvarWidth,20,30,93,47.0000,0.096783
colvarWidth,20,30,94,47.5000,0.096205
colvarWidth,20,30,95,48.0000,0.096192
colvarWidth,20,30,96,48.5000,0.095849
colvarWidth,20,30,97,49.0000,0.095465
colvarWidth,20,30,98,49.5000,0.095577
colvarWidth,20,30,99,50.0000,0.095210
colvarWidth,20,40,0,0.5000,0.490022
colvarWidth,20,40,1,1.0000,0.300825
colvarWidth,20,40,2,1.5000,0.272167
colvarWidth,20,40,3,2.0000,0.199418
colvarWidth,20,40,4,2.5000,0.194461
colvarWidth,20,40,5,3.0000,0.175832
colvarWidth,20,40,6,3.5000,0.156368
colvarWidth,20,40,7,4.0000,0.150992
colvarWidth,20,40,8,4.5000,0.150931
colvarWidth,20,40,9,5.0000,0.154773
colvarWidth,20,40,10,5.5000,0.143464
colvarWidth,20,40,11,6.0000,0.150166
colvarWidth,20,40,12,6.5000,0.162409
colvarWidth,20,40,13,7.0000,0.162387
colvarWidth,20,40,14,7.5000,0.150206
colvarWidth,20,40,15,8.0000,0.156953
colvarWidth,20,40,16,8.5000,0.145142
colvarWidth,20,40,17,9.0000,0.166972
colvarWidth,20,40,18,9.5000,0.154189
colvarWidth,20,40,19,10.0000,0.143039
colvarWidth,20,40,20,10.5000,0.128087
colvarWidth,20,40,21,11.0000,0.132254
colvarWidth,20,40,22,11.5000,0.127752
colvarWidth,20,40,23,12.0000,0.126325
colvarWidth,20,40,24,12.5000,0.122893
colvarWidth,20,40,25,13.0000,0.132419
colvarWidth,20,40,26,13.5000,0.129081
colvarWidth,20,40,27,14.0000,0.129055
colvarWidth,20,40,28,14.5000,0.128278
colvarWidth,20,40,29,15.0000,0.125553
colvarWidth,20,40,30,15.5000,0.123030
colvarWidth,20,40,31,16.0000,0.117667
colvarWidth,20,40,32,16.5000,0.117073
colvarWidth,20,40,33,17.0000,0.115426
colvarWidth,20,40,34,17.5000,0.117219
colvarWidth,20,40,35,18.0000,0.117552
colvarWidth,20,40,36,18.5000,0.115141
colvarWidth,20,40,37,19.0000,0.114695
colvarWidth,20,40,38,19.5000,0.111980
colvarWidth,20,40,39,20.0000,0.112231
colvarWidth,20,40,40,20.5000,0.112679
colvarWidth,20,40,41,21.0000,0.114086
colvarWidth,20,40,42,21.5000,0.111831
colvarWidth,20,40,43,22.0000,0.113024
colvarWidth,20,40,44,22.5000,0.111035
colvarWidth,20,40,45,23.0000,0.111135
colvarWidth,20,40,46,23.5000,0.108811
colvarWidth,20,40,47,24.0000,0.109097
colvarWidth,20,40,48,24.5000,0.108716
colvarWidth,20,40,49,25.0000,0.107923
colvarWidth,20,40,50,25.5000,0.105800
colvarWidth,20,40,51,26.0000,0.103204
colvarWidth,20,40,52,26.5000,0.106928
colvarWidth,20,40,53,27.0000,0.106096
colvarWidth,20,40,54,27.5000,0.104329
colvarWidth,20,40,55,28.0000,0.109625
colvarWidth,20,40,56,28.5000,0.108672
colvarWidth,20,40,57,29.0000,0.109180
colvarWidth,20,40,58,29.5000,0.108671
colvarWidth,20,40,59,30.0000,0.108673
colvarWidth,20,40,60,30.5000,0.110413
colvarWidth,20,40,61,31.0000,0.110586
colvarWidth,20,40,62,31.5000,0.108020
colvarWidth,20,40,63,32.0000,0.105378
colvarWidth,20,40,64,32.5000,0.104179
colvarWidth,20,40,65,33.0000,0.105109
colvarWidth,20,40,66,33.5000,0.102445
colvarWidth,20,40,67,34.0000,0.102485
colvarWidth,20,40,68,34.5000,0.105568
colvarWidth,20,40,69,35.0000,0.105276
colvarWidth,20,40,70,35.5000,0.106308
colvarWidth,20,40,71,36.0000,0.107068
colvarWidth,20,40,72,36.5000,0.107163
colvarWidth,20,40,73,37.0000,0.108245
colvarWidth,20,40,74,37.5000,0.109127
colvarWidth,20,40,75,38.0000,0.109954
colvarWidth,20,40,76,38.5000,0.107227
colvarWidth,20,40,77,39.0000,0.107726
colvarWidth,20,40,78,39.5000,0.108699
colvarWidth,20,40,79,40.0000,0.106584
colvarWidth,20,40,80,40.5000,0.106056
colvarWidth,20,40,81,41.0000,0.105354
colvarWidth,20,40,82,41.5000,0.104393
colvarWidth,20,40,83,42.0000,0.103940
colvarWidth,20,40,84,42.5000,0.106233
colvarWidth,20,40,85,43.0000,0.106330
colvarWidth,20,40,86,43.5000,0.105305
colvarWidth,20,40,87,44.0000,0.104296
colvarWidth,20,40,88,44.5000,0.104281
colvarWidth,20,40,89,45.0000,0.104745
colvarWidth,20,40,90,45.5000,0.101706
colvarWidth,20,40,91,46.0000,0.101562
colvarWidth,20,40,92,46.5000,0.102055
colvarWidth,20,40,93,47.0000,0.102785
colvarWidth,20,40,94,47.5000,0.102122
colvarWidth,20,40,95,48.0000,0.100696
colvarWidth,20,40,96,48.5000,0.100388
colvarWidth,20,40,97,49.0000,0.100013
colvarWidth,20,40,98,49.5000,0.100986
colvarWidth,20,40,99,50.0000,0.100579
colvarWidth,20,50,0,0.5000,0.844605
colvarWidth,20,50,1,1.0000,0.316518
colvarWidth,20,50,2,1.5000,0.275792
colvarWidth,20,50,3,2.0000,0.252571
colvarWidth,20,50,4,2.5000,0.240544
colvarWidth,20,50,5,3.0000,0.214584
colvarWidth,20,50,6,3.5000,0.218964
colvarWidth,20,50,7,4.0000,0.233396
colvarWidth,20,50,8,4.5000,0.208712
colvarWidth,20,50,9,5.0000,0.216663
colvarWidth,20,50,10,5.5000,0.198422
colvarWidth,20,50,11,6.0000,0.170425
colvarWidth,20,50,12,6.5000,0.164247
colvarWidth,20,50,13,7.0000,0.161167
colvarWidth,20,50,14,7.5000,0.161124
colvarWidth,20,50,15,8.0000,0.163208
colvarWidth,20,50,16,8.5000,0.171801
colvarWidth,20,50,17,9.0000,0.160011
colvarWidth,20,50,18,9.5000,0.147581
colvarWidth,20,50,19,10.0000,0.144096
colvarWidth,20,50,20,10.5000,0.140029
colvarWidth,20,50,21,11.0000,0.139699
colvarWidth,20,50,22,11.5000,0.133046
colvarWidth,20,50,23,12.0000,0.135305
colvarWidth,20,50,24,12.5000,0.130908
colvarWidth,20,50,25,13.0000,0.122240
colvarWidth,20,50,26,13.5000,0.124308
colvarWidth,20,50,27,14.0000,0.124145
colvarWidth,20,50,28,14.5000,0.123936
colvarWidth,20,50,29,15.0000,0.126279
colvarWidth,20,50,30,15.5000,0.123876
colvarWidth,20,50,31,16.0000,0.119986
colvarWidth,20,50,32,16.5000,0.123251
colvarWidth,20,50,33,17.0000,0.120624
colvarWidth,20,50,34,17.5000,0.121007
colvarWidth,20,50,35,18.0000,0.119533
colvarWidth,20,50,36,18.5000,0.126390
colvarWidth,20,50,37,19.0000,0.132696
colvarWidth,20,50,38,19.5000,0.129751
colvarWidth,20,50,39,20.0000,0.133000
colvarWidth,20,50,40,20.5000,0.132787
colvarWidth,20,50,41,21.0000,0.132713
colvarWidth,20,50,42,21.5000,0.129915
colvarWidth,20,50,43,22.0000,0.129031
colvarWidth,20,50,44,22.5000,0.123167
colvarWidth,20,50,45,23.0000,0.121771
colvarWidth,20,50,46,23.5000,0.119877
colvarWidth,20,50,47,24.0000,0.119628
colvarWidth,20,50,48,24.5000,0.120817
colvarWidth,20,50,49,25.0000,0.118025
colvarWidth,20,50,50,25.5000,0.116086
colvarWidth,20,50,51,26.0000,0.118132
colvarWidth,20,50,52,26.5000,0.118355
colvarWidth,20,50,53,27.0000,0.117587
colvarWidth,20,50,54,27.5000,0.115378
colvarWidth,20,50,55,28.0000,0.113898
colvarWidth,20,50,56,28.5000,0.110739
colvarWidth,20,50,57,29.0000,0.110234
colvarWidth,20,50,58,29.5000,0.111188
colvarWidth,20,50,59,30.0000,0.112160
colvarWidth,20,50,60,30.5000,0.113324
colvarWidth,20,50,61,31.0000,0.114632
colvarWidth,20,50,62,31.5000,0.116171
colvarWidth,20,50,63,32.0000,0.115320
colvarWidth,20,50,64,32.5000,0.114030
colvarWidth,20,50,65,33.0000,0.113354
colvarWidth,20,50,66,33.5000,0.113515
colvarWidth,20,50,67,34.0000,0.114637
colvarWidth,20,50,68,34.5000,0.115700
colvarWidth,20,50,69,35.0000,0.116503
colvarWidth,20,50,70,35.5000,0.113853
colvarWidth,20,50,71,36.0000,0.113565
colvarWidth,20,50,72,36.5000,0.112661
colvarWidth,20,50,73,37.0000,0.111985
colvarWidth,20,50,74,37.5000,0.113119
colvarWidth,20,50,75,38.0000,0.112432
colvarWidth,20,50,76,38.5000,0.113049
colvarWidth,20,50,77,39.0000,0.112314
colvarWidth,20,50,78,39.5000,0.111508
colvarWidth,20,50,79,40.0000,0.110453
colvarWidth,20,50,80,40.5000,0.111427
colvarWidth,20,50,81,41.0000,0.109358
colvarWidth,20,50,82,41.5000,0.109880
colvarWidth,20,50,83,42.0000,0.110800
colvarWidth,20,50,84,42.5000,0.110570
colvarWidth,20,50,85,43.0000,0.111691
colvarWidth,20,50,86,43.5000,0.111672
colvarWidth,20,50,87,44.0000,0.111943
colvarWidth,20,50,88,44.5000,0.113373
colvarWidth,20,50,89,45.0000,0.114882
colvarWidth,20,50,90,45.5000,0.114688
colvarWidth,20,50,91,46.0000,0.113120
colvarWidth,20,50,92,46.5000,0.112337
colvarWidth,20,50,93,47.0000,0.111428
colvarWidth,20,50,94,47.5000,0.112299
colvarWidth,20,50,95,48.0000,0.112510
colvarWidth,20,50,96,48.5000,0.111829
colvarWidth,20,50,97,49.0000,0.110716
colvarWidth,20,50,98,49.5000,0.110471
colvarWidth,20,50,99,50.0000,0.109525
colvarWidth,2,10,0,0.5000,7.150975
colvarWidth,2,10,1,1.0000,6.534448
colvarWidth,2,10,2,1.5000,6.101253
colvarWidth,2,10,3,2.0000,5.797456
colvarWidth,2,10,4,2.5000,5.500060
colvarWidth,2,10,5,3.0000,5.326011
colvarWidth,2,10,6,3.5000,5.112346
colvarWidth,2,10,7,4.0000,4.865031
colvarWidth,2,10,8,4.5000,4.738223
colvarWidth,2,10,9,5.0000,4.581022
colvarWidth,2,10,10,5.5000,4.461206
colvarWidth,2,10,11,6.0000,4.297458
colvarWidth,2,10,12,6.5000,4.069497
colvarWidth,2,10,13,7.0000,4.002324
colvarWidth,2,10,14,7.5000,3.851056
colvarWidth,2,10,15,8.0000,3.602393
colvarWidth,2,10,16,8.5000,3.440843
colvarWidth,2,10,17,9.0000,3.345241
colvarWidth,2,10,18,9.5000,3.251036
colvarWidth,2,10,19,10.0000,3.204215
colvarWidth,2,10,20,10.5000,3.089384
colvarWidth,2,10,21,11.0000,3.033039
colvarWidth,2,10,22,11.5000,2.969021
colvarWidth,2,10,23,12.0000,2.744335
colvarWidth,2,10,24,12.5000,2.720503
colvarWidth,2,10,25,13.0000,2.651918
colvarWidth,2,10,26,13.5000,2.577184
colvarWidth,2,10,27,14.0000,2.457272
colvarWidth,2,10,28,14.5000,2.373354
colvarWidth,2,10,29,15.0000,2.312956
colvarWidth,2,10,30,15.5000,2.246722
colvarWidth,2,10,31,16.0000,2.166333
colvarWidth,2,10,32,16.5000,2.057491
colvarWidth,2,10,33,17.0000,2.007973
colvarWidth,2,10,34,17.5000,1.894735
colvarWidth,2,10,35,18.0000,1.785030
colvarWidth,2,10,36,18.5000,1.685170
colvarWidth,2,10,37,19.0000,1.579676
colvarWidth,2,10,38,19.5000,1.510882
colvarWidth,2,10,39,20.0000,1.433411
colvarWidth,2,10,40,20.5000,1.349902
colvarWidth,2,10,41,21.0000,1.299355
colvarWidth,2,10,42,21.5000,1.266406
colvarWidth,2,10,43,22.0000,1.162217
colvarWidth,2,10,44,22.5000,1.127993
colvarWidth,2,10,45,23.0000,1.049662
colvarWidth,2,10,46,23.5000,1.015242
colvarWidth,2,10,47,24.0000,0.918327
colvarWidth,2,10,48,24.5000,0.839093
colvarWidth,2,10,49,25.0000,0.821887
colvarWidth,2,10,50,25.5000,0.758555
colvarWidth,2,10,51,26.0000,0.701677
colvarWidth,2,10,52,26.5000,0.648217
colvarWidth,2,10,53,27.0000,0.606535
colvarWidth,2,10,54,27.5000,0.581652
colvarWidth,2,10,55,28.0000,0.552587
colvarWidth,2,10,56,28.5000,0.534234
colvarWidth,2,10,57,29.0000,0.508297
colvarWidth,2,10,58,29.5000,0.472107
colvarWidth,2,10,59,30.0000,0.409003
colvarWidth,2,10,60,30.5000,0.390275
colvarWidth,2,10,61,31.0000,0.352096
colvarWidth,2,10,62,31.5000,0.332529
colvarWidth,2,10,63,32.0000,0.310026
colvarWidth,2,10,64,32.5000,0.265826
colvarWidth,2,10,65,33.0000,0.238660
colvarWidth,2,10,66,33.5000,0.224772
colvarWidth,2,10,67,34.0000,0.192462
colvarWidth,2,10,68,34.5000,0.185861
colvarWidth,2,10,69,35.0000,0.157520
colvarWidth,2,10,70,35.5000,0.146419
colvarWidth,2,10,71,36.0000,0.129003
colvarWidth,2,10,72,36.5000,0.124224
colvarWidth,2,10,73,37.0000,0.121337
colvarWidth,2,10,74,37.5000,0.101365
colvarWidth,2,10,75,38.0000,0.078097
colvarWidth,2,10,76,38.5000,0.086682
colvarWidth,2,10,77,39.0000,0.066752
colvarWidth,2,10,78,39.5000,0.057966
colvarWidth,2,10,79,40.0000,0.066837
colvarWidth,2,10,80,40.5000,0.073401
colvarWidth,2,10,81,41.0000,0.069422
colvarWidth,2,10,82,41.5000,0.065443
colvarWidth,2,10,83,42.0000,0.065311
colvarWidth,2,10,84,42.5000,0.063932
colvarWidth,2,10,85,43.0000,0.062412
colvarWidth,2,10,86,43.5000,0.057858
colvarWidth,2,10,87,44.0000,0.054369
colvarWidth,2,10,88,44.5000,0.053230
colvarWidth,2,10,89,45.0000,0.054456
colvarWidth,2,10,90,45.5000,0.054193
colvarWidth,2,10,91,46.0000,0.054269
colvarWidth,2,10,92,46.5000,0.056619
colvarWidth,2,10,93,47.0000,0.057402
colvarWidth,2,10,94,47.5000,0.055432
colvarWidth,2,10,95,48.0000,0.056624
colvarWidth,2,10,96,48.5000,0.058108
colvarWidth,2,10,97,49.0000,0.057442
colvarWidth,2,10,98,49.5000,0.057652
colvarWidth,2,10,99,50.0000,0.058526
colvarWidth,2,20,0,0.5000,7.066226
colvarWidth,2,20,1,1.0000,6.534392
colvarWidth,2,20,2,1.5000,6.026381
colvarWidth,2,20,3,2.0000,5.773969
colvarWidth,2,20,4,2.5000,5.403206
colvarWidth,2,20,5,3.0000,5.225819
colvarWidth,2,20,6,3.5000,4.885698
colvarWidth,2,20,7,4.0000,4.681260
colvarWidth,2,20,8,4.5000,4.458636
colvarWidth,2,20,9,5.0000,4.389925
colvarWidth,2,20,10,5.5000,4.308610
colvarWidth,2,20,11,6.0000,4.143161
colvarWidth,2,20,12,6.5000,4.019627
colvarWidth,2,20,13,7.0000,3.864902
colvarWidth,2,20,14,7.5000,3.707455
colvarWidth,2,20,15,8.0000,3.628473
colvarWidth,2,20,16,8.5000,3.570987
colvarWidth,2,20,17,9.0000,3.422810
colvarWidth,2,20,18,9.5000,3.206543
colvarWidth,2,20,19,10.0000,3.027357
colvarWidth,2,20,20,10.5000,2.914745
colvarWidth,2,20,21,11.0000,2.800330
colvarWidth,2,20,22,11.5000,2.637667
colvarWidth,2,20,23,12.0000,2.526957
colvarWidth,2,20,24,12.5000,2.419721
colvarWidth,2,20,25,13.0000,2.386318
colvarWidth,2,20,26,13.5000,2.344190
colvarWidth,2,20,27,14.0000,2.248843
colvarWidth,2,20,28,14.5000,2.191439
colvarWidth,2,20,29,15.0000,2.154209
colvarWidth,2,20,30,15.5000,2.111890
colvarWidth,2,20,31,16.0000,1.993254
colvarWidth,2,20,32,16.5000,1.923646
colvarWidth,2,20,33,17.0000,1.864080
colvarWidth,2,20,34,17.5000,1.779204
colvarWidth,2,20,35,18.0000,1.653085
colvarWidth,2,20,36,18.5000,1.571248
colvarWidth,2,20,37,19.0000,1.503871
colvarWidth,2,20,38,19.5000,1.416116
colvarWidth,2,20,39,20.0000,1.340203
colvarWidth,2,20,40,20.5000,1.254791
colvarWidth,2,20,41,21.0000,1.223755
colvarWidth,2,20,42,21.5000,1.185748
colvarWidth,2,20,43,22.0000,1.129957
colvarWidth,2,20,44,22.5000,1.074273
colvarWidth,2,20,45,23.0000,1.009170
colvarWidth,2,20,46,23.5000,0.964885
colvarWidth,2,20,47,24.0000,0.908208
colvarWidth,2,20,48,24.5000,0.864781
colvarWidth,2,20,49,25.0000,0.802447
colvarWidth,2,20,50,25.5000,0.753332
colvarWidth,2,20,51,26.0000,0.706646
colvarWidth,2,20,52,26.5000,0.678722
colvarWidth,2,20,53,27.0000,0.640300
colvarWidth,2,20,54,27.5000,0.607507
colvarWidth,2,20,55,28.0000,0.556434
colvarWidth,2,20,56,28.5000,0.506981
colvarWidth,2,20,57,29.0000,0.458408
colvarWidth,2,20,58,29.5000,0.429917
colvarWidth,2,20,59,30.0000,0.404182
colvarWidth,2,20,60,30.5000,0.367887
colvarWidth,2,20,61,31.0000,0.351622
colvarWidth,2,20,62,31.5000,0.320176
colvarWidth,2,20,63,32.0000,0.300686
colvarWidth,2,20,64,32.5000,0.260763
colvarWidth,2,20,65,33.0000,0.239723
colvarWidth,2,20,66,33.5000,0.177169
colvarWidth,2,20,67,34.0000,0.179675
colvarWidth,2,20,68,34.5000,0.173486
colvarWidth,2,20,69,35.0000,0.137514
colvarWidth,2,20,70,35.5000,0.127647
colvarWidth,2,20,71,36.0000,0.106556
colvarWidth,2,20,72,36.5000,0.088575
colvarWidth,2,20,73,37.0000,0.091424
colvarWidth,2,20,74,37.5000,0.078123
colvarWidth,2,20,75,38.0000,0.072745
colvarWidth,2,20,76,38.5000,0.073132
colvarWidth,2,20,77,39.0000,0.072608
colvarWidth,2,20,78,39.5000,0.065940
colvarWidth,2,20,79,40.0000,0.057941
colvarWidth,2,20,80,40.5000,0.062390
colvarWidth,2,20,81,41.0000,0.062731
colvarWidth,2,20,82,41.5000,0.060507
colvarWidth,2,20,83,42.0000,0.059446
colvarWidth,2,20,84,42.5000,0.058717
colvarWidth,2,20,85,43.0000,0.057214
colvarWidth,2,20,86,43.5000,0.055130
colvarWidth,2,20,87,44.0000,0.053939
colvarWidth,2,20,88,44.5000,0.055071
colvarWidth,2,20,89,45.0000,0.054788
colvarWidth,2,20,90,45.5000,0.055794
colvarWidth,2,20,91,46.0000,0.059175
colvarWidth,2,20,92,46.5000,0.058209
colvarWidth,2,20,93,47.0000,0.055534
colvarWidth,2,20,94,47.5000,0.054727
colvarWidth,2,20,95,48.0000,0.057457
colvarWidth,2,20,96,48.5000,0.055992
colvarWidth,2,20,97,49.0000,0.058396
colvarWidth,2,20,98,49.5000,0.058347
colvarWidth,2,20,99,50.0000,0.056805
colvarWidth,2,30,0,0.5000,6.990939
colvarWidth,2,30,1,1.0000,6.536163
colvarWidth,2,30,2,1.5000,6.039025
colvarWidth,2,30,3,2.0000,5.678878
colvarWidth,2,30,4,2.5000,5.465817
colvarWidth,2,30,5,3.0000,5.391977
colvarWidth,2,30,6,3.5000,5.222072
colvarWidth,2,30,7,4.0000,4.931908
colvarWidth,2,30,8,4.5000,4.614790
colvarWidth,2,30,9,5.0000,4.241303
colvarWidth,2,30,10,5.5000,4.156790
colvarWidth,2,30,11,6.0000,4.054486
colvarWidth,2,30,12,6.5000,3.911955
colvarWidth,2,30,13,7.0000,3.817472
colvarWidth,2,30,14,7.5000,3.641054
colvarWidth,2,30,15,8.0000,3.543154
colvarWidth,2,30,16,8.5000,3.460784
colvarWidth,2,30,17,9.0000,3.360913
colvarWidth,2,30,18,9.5000,3.227864
colvarWidth,2,30,19,10.0000,3.083026
colvarWidth,2,30,20,10.5000,3.012056
colvarWidth,2,30,21,11.0000,2.960016
colvarWidth,2,30,22,11.5000,2.857157
colvarWidth,2,30,23,12.0000,2.807567
colvarWidth,2,30,24,12.5000,2.690828
colvarWidth,2,30,25,13.0000,2.619794
colvarWidth,2,30,26,13.5000,2.576591
colvarWidth,2,30,27,14.0000,2.448984
colvarWidth,2,30,28,14.5000,2.332863
colvarWidth,2,30,29,15.0000,2.257846
colvarWidth,2,30,30,15.5000,2.133450
colvarWidth,2,30,31,16.0000,2.085437
colvarWidth,2,30,32,16.5000,1.980554
colvarWidth,2,30,33,17.0000,1.851283
colvarWidth,2,30,34,17.5000,1.749393
colvarWidth,2,30,35,18.0000,1.685426
colvarWidth,2,30,36,18.5000,1.624523
colvarWidth,2,30,37,19.0000,1.573536
colvarWidth,2,30,38,19.5000,1.464096
colvarWidth,2,30,39,20.0000,1.410568
colvarWidth,2,30,40,20.5000,1.322324
colvarWidth,2,30,41,21.0000,1.277075
colvarWidth,2,30,42,21.5000,1.256485
colvarWidth,2,30,43,22.0000,1.178214
colvarWidth,2,30,44,22.5000,1.120891
colvarWidth,2,30,45,23.0000,1.041692
colvarWidth,2,30,46,23.5000,1.021575
colvarWidth,2,30,47,24.0000,0.977680
colvarWidth,2,30,48,24.5000,0.946624
colvarWidth,2,30,49,25.0000,0.880991
colvarWidth,2,30,50,25.5000,0.845221
colvarWidth,2,30,51,26.0000,0.760130
colvarWidth,2,30,52,26.5000,0.683411
colvarWidth,2,30,53,27.0000,0.644362
colvarWidth,2,30,54,27.5000,0.598752
colvarWidth,2,30,55,28.0000,0.558347
colvarWidth,2,30,56,28.5000,0.525781
colvarWidth,2,30,57,29.0000,0.485335
colvarWidth,2,30,58,29.5000,0.463350
colvarWidth,2,30,59,30.0000,0.413157
colvarWidth,2,30,60,30.5000,0.386874
colvarWidth,2,30,61,31.0000,0.368967
colvarWidth,2,30,62,31.5000,0.309341
colvarWidth,2,30,63,32.0000,0.293346
colvarWidth,2,30,64,32.5000,0.270026
colvarWidth,2,30,65,33.0000,0.218070
colvarWidth,2,30,66,33.5000,0.185633
colvarWidth,2,30,67,34.0000,0.170674
colvarWidth,2,30,68,34.5000,0.136371
colvarWidth,2,30,69,35.0000,0.131000
colvarWidth,2,30,70,35.5000,0.114007
colvarWidth,2,30,71,36.0000,0.099160
colvarWidth,2,30,72,36.5000,0.084231
colvarWidth,2,30,73,37.0000,0.073959
colvarWidth,2,30,74,37.5000,0.071944
colvarWidth,2,30,75,38.0000,0.066799
colvarWidth,2,30,76,38.5000,0.062442
colvarWidth,2,30,77,39.0000,0.056623
colvarWidth,2,30,78,39.5000,0.054050
colvarWidth,2,30,79,40.0000,0.053203
colvarWidth,2,30,80,40.5000,0.052701
colvarWidth,2,30,81,41.0000,0.052457
colvarWidth,2,30,82,41.5000,0.050988
colvarWidth,2,30,83,42.0000,0.049083
colvarWidth,2,30,84,42.5000,0.050484
colvarWidth,2,30,85,43.0000,0.049143
colvarWidth,2,30,86,43.5000,0.048221
colvarWidth,2,30,87,44.0000,0.048907
colvarWidth,2,30,88,44.5000,0.049302
colvarWidth,2,30,89,45.0000,0.053038
colvarWidth,2,30,90,45.5000,0.052364
colvarWidth,2,30,91,46.0000,0.050633
colvarWidth,2,30,92,46.5000,0.051084
colvarWidth,2,30,93,47.0000,0.052367
colvarWidth,2,30,94,47.5000,0.051352
colvarWidth,2,30,95,48.0000,0.050421
colvarWidth,2,30,96,48.5000,0.053285
colvarWidth,2,30,97,49.0000,0.054697
colvarWidth,2,30,98,49.5000,0.053470
colvarWidth,2,30,99,50.0000,0.051813
colvarWidth,2,40,0,0.5000,6.986337
colvarWidth,2,40,1,1.0000,6.453566
colvarWidth,2,40,2,1.5000,6.084935
colvarWidth,2,40,3,2.0000,5.696721
colvarWidth,2,40,4,2.5000,5.457365
colvarWidth,2,40,5,3.0000,5.233351
colvarWidth,2,40,6,3.5000,5.066387
colvarWidth,2,40,7,4.0000,4.820110
colvarWidth,2,40,8,4.5000,4.680946
colvarWidth,2,40,9,5.0000,4.522157
colvarWidth,2,40,10,5.5000,4.463033
colvarWidth,2,40,11,6.0000,4.310988
colvarWidth,2,40,12,6.5000,4.175132
colvarWidth,2,40,13,7.0000,3.917913
colvarWidth,2,40,14,7.5000,3.800639
colvarWidth,2,40,15,8.0000,3.601017
colvarWidth,2,40,16,8.5000,3.479323
colvarWidth,2,40,17,9.0000,3.399875
colvarWidth,2,40,18,9.5000,3.270768
colvarWidth,2,40,19,10.0000,3.215477
colvarWidth,2,40,20,10.5000,3.080429
colvarWidth,2,40,21,11.0000,2.937011
colvarWidth,2,40,22,11.5000,2.805924
colvarWidth,2,40,23,12.0000,2.710265
colvarWidth,2,40,24,12.5000,2.652479
colvarWidth,2,40,25,13.0000,2.548311
colvarWidth,2,40,26,13.5000,2.509230
colvarWidth,2,40,27,14.0000,2.405535
colvarWidth,2,40,28,14.5000,2.314968
colvarWidth,2,40,29,15.0000,2.228519
colvarWidth,2,40,30,15.5000,2.141766
colvarWidth,2,40,31,16.0000,2.070927
colvarWidth,2,40,32,16.5000,1.964046
colvarWidth,2,40,33,17.0000,1.892619
colvarWidth,2,40,34,17.5000,1.837309
colvarWidth,2,40,35,18.0000,1.720927
colvarWidth,2,40,36,18.5000,1.617973
colvarWidth,2,40,37,19.0000,1.576717
colvarWidth,2,40,38,19.5000,1.487908
colvarWidth,2,40,39,20.0000,1.415692
colvarWidth,2,40,40,20.5000,1.327456
colvarWidth,2,40,41,21.0000,1.279962
colvarWidth,2,40,42,21.5000,1.181614
colvarWidth,2,40,43,22.0000,1.134165
colvarWidth,2,40,44,22.5000,1.063747
colvarWidth,2,40,45,23.0000,1.022738
colvarWidth,2,40,46,23.5000,0.973175
colvarWidth,2,40,47,24.0000,0.909205
colvarWidth,2,40,48,24.5000,0.857778
colvarWidth,2,40,49,25.0000,0.824514
colvarWidth,2,40,50,25.5000,0.806860
colvarWidth,2,40,51,26.0000,0.757135
colvarWidth,2,40,52,26.5000,0.716112
colvarWidth,2,40,53,27.0000,0.686519
colvarWidth,2,40,54,27.5000,0.622924
colvarWidth,2,40,55,28.0000,0.570443
colvarWidth,2,40,56,28.5000,0.532716
colvarWidth,2,40,57,29.0000,0.513474
colvarWidth,2,40,58,29.5000,0.506209
colvarWidth,2,40,59,30.0000,0.451266
colvarWidth,2,40,60,30.5000,0.402365
colvarWidth,2,40,61,31.0000,0.386277
colvarWidth,2,40,62,31.5000,0.361294
colvarWidth,2,40,63,32.0000,0.341561
colvarWidth,2,40,64,32.5000,0.307853
colvarWidth,2,40,65,33.0000,0.240899
colvarWidth,2,40,66,33.5000,0.217797
colvarWidth,2,40,67,34.0000,0.189883
colvarWidth,2,40,68,34.5000,0.174693
colvarWidth,2,40,69,35.0000,0.155300
colvarWidth,2,40,70,35.5000,0.142613
colvarWidth,2,40,71,36.0000,0.121510
colvarWidth,2,40,72,36.5000,0.122099
colvarWidth,2,40,73,37.0000,0.105911
colvarWidth,2,40,74,37.5000,0.099419
colvarWidth,2,40,75,38.0000,0.108558
colvarWidth,2,40,76,38.5000,0.102744
colvarWidth,2,40,77,39.0000,0.083590
colvarWidth,2,40,78,39.5000,0.082837
colvarWidth,2,40,79,40.0000,0.078727
colvarWidth,2,40,80,40.5000,0.080462
colvarWidth,2,40,81,41.0000,0.074064
colvarWidth,2,40,82,41.5000,0.071638
colvarWidth,2,40,83,42.0000,0.070107
colvarWidth,2,40,84,42.5000,0.069210
colvarWidth,2,40,85,43.0000,0.070828
colvarWidth,2,40,86,43.5000,0.072207
colvarWidth,2,40,87,44.0000,0.072753
colvarWidth,2,40,88,44.5000,0.069055
colvarWidth,2,40,89,45.0000,0.069589
colvarWidth,2,40,90,45.5000,0.069241
colvarWidth,2,40,91,46.0000,0.069604
colvarWidth,2,40,92,46.5000,0.068356
colvarWidth,2,40,93,47.0000,0.067885
colvarWidth,2,40,94,47.5000,0.065314
colvarWidth,2,40,95,48.0000,0.065342
colvarWidth,2,40,96,48.5000,0.061433
colvarWidth,2,40,97,49.0000,0.062762
colvarWidth,2,40,98,49.5000,0.065721
colvarWidth,2,40,99,50.0000,0.067617
colvarWidth,2,50,0,0.5000,7.085818
colvarWidth,2,50,1,1.0000,6.593739
colvarWidth,2,50,2,1.5000,6.200865
colvarWidth,2,50,3,2.0000,5.863428
colvarWidth,2,50,4,2.5000,5.542072
colvarWidth,2,50,5,3.0000,5.147870
colvarWidth,2,50,6,3.5000,4.928827
colvarWidth,2,50,7,4.0000,4.690619
colvarWidth,2,50,8,4.5000,4.577023
colvarWidth,2,50,9,5.0000,4.493053
colvarWidth,2,50,10,5.5000,4.369556
colvarWidth,2,50,11,6.0000,4.228498
colvarWidth,2,50,12,6.5000,4.027206
colvarWidth,2,50,13,7.0000,3.850395
colvarWidth,2,50,14,7.5000,3.667636
colvarWidth,2,50,15,8.0000,3.527568
colvarWidth,2,50,16,8.5000,3.467433
colvarWidth,2,50,17,9.0000,3.300343
colvarWidth,2,50,18,9.5000,3.207652
colvarWidth,2,50,19,10.0000,3.060743
colvarWidth,2,50,20,10.5000,3.002018
colvarWidth,2,50,21,11.0000,2.968968
colvarWidth,2,50,22,11.5000,2.877177
colvarWidth,2,50,23,12.0000,2.765988
colvarWidth,2,50,24,12.5000,2.687962
colvarWidth,2,50,25,13.0000,2.628267
colvarWidth,2,50,26,13.5000,2.545704
colvarWidth,2,50,27,14.0000,2.430891
colvarWidth,2,50,28,14.5000,2.370715
colvarWidth,2,50,29,15.0000,2.279185
colvarWidth,2,50,30,15.5000,2.134616
colvarWidth,2,50,31,16.0000,2.037577
colvarWidth,2,50,32,16.5000,1.918772
colvarWidth,2,50,33,17.0000,1.898740
colvarWidth,2,50,34,17.5000,1.767743
colvarWidth,2,50,35,18.0000,1.718566
colvarWidth,2,50,36,18.5000,1.621001
colvarWidth,2,50,37,19.0000,1.545785
colvarWidth,2,50,38,19.5000,1.443873
colvarWidth,2,50,39,20.0000,1.364192
colvarWidth,2,50,40,20.5000,1.323973
colvarWidth,2,50,41,21.0000,1.272532
colvarWidth,2,50,42,21.5000,1.230481
colvarWidth,2,50,43,22.0000,1.145792
colvarWidth,2,50,44,22.5000,1.078065
colvarWidth,2,50,45,23.0000,1.022628
colvarWidth,2,50,46,23.5000,1.004188
colvarWidth,2,50,47,24.0000,0.970898
colvarWidth,2,50,48,24.5000,0.930144
colvarWidth,2,50,49,25.0000,0.934628
colvarWidth,2,50,50,25.5000,0.830878
colvarWidth,2,50,51,26.0000,0.798143
colvarWidth,2,50,52,26.5000,0.750663
colvarWidth,2,50,53,27.0000,0.674336
colvarWidth,2,50,54,27.5000,0.622205
colvarWidth,2,50,55,28.0000,0.566243
colvarWidth,2,50,56,28.5000,0.530942
colvarWidth,2,50,57,29.0000,0.499440
colvarWidth,2,50,58,29.5000,0.467934
colvarWidth,2,50,59,30.0000,0.425370
colvarWidth,2,50,60,30.5000,0.377017
colvarWidth,2,50,61,31.0000,0.354868
colvarWidth,2,50,62,31.5000,0.320660
colvarWidth,2,50,63,32.0000,0.273447
colvarWidth,2,50,64,32.5000,0.265725
colvarWidth,2,50,65,33.0000,0.247305
colvarWidth,2,50,66,33.5000,0.190199
colvarWidth,2,50,67,34.0000,0.170479
colvarWidth,2,50,68,34.5000,0.149853
colvarWidth,2,50,69,35.0000,0.153177
colvarWidth,2,50,70,35.5000,0.133758
colvarWidth,2,50,71,36.0000,0.140952
colvarWidth,2,50,72,36.5000,0.118185
colvarWidth,2,50,73,37.0000,0.107819
colvarWidth,2,50,74,37.5000,0.086318
colvarWidth,2,50,75,38.0000,0.081991
colvarWidth,2,50,76,38.5000,0.065999
colvarWidth,2,50,77,39.0000,0.063591
colvarWidth,2,50,78,39.5000,0.062328
colvarWidth,2,50,79,40.0000,0.061439
colvarWidth,2,50,80,40.5000,0.060101
colvarWidth,2,50,81,41.0000,0.065564
colvarWidth,2,50,82,41.5000,0.070621
colvarWidth,2,50,83,42.0000,0.068464
colvarWidth,2,50,84,42.5000,0.065089
colvarWidth,2,50,85,43.0000,0.071941
colvarWidth,2,50,86,43.5000,0.070451
colvarWidth,2,50,87,44.0000,0.071343
colvarWidth,2,50,88,44.5000,0.067869
colvarWidth,2,50,89,45.0000,0.065569
colvarWidth,2,50,90,45.5000,0.064676
colvarWidth,2,50,91,46.0000,0.066188
colvarWidth,2,50,92,46.5000,0.064634
colvarWidth,2,50,93,47.0000,0.060892
colvarWidth,2,50,94,47.5000,0.059936
colvarWidth,2,50,95,48.0000,0.061196
colvarWidth,2,50,96,48.5000,0.062461
colvarWidth,2,50,97,49.0000,0.065952
colvarWidth,2,50,98,49.5000,0.066116
colvarWidth,2,50,99,50.0000,0.067283
colvarWidth,5,10,0,0.5000,6.162460
colvarWidth,5,10,1,1.0000,5.115100
colvarWidth,5,10,2,1.5000,4.191160
colvarWidth,5,10,3,2.0000,3.465148
colvarWidth,5,10,4,2.5000,2.871254
colvarWidth,5,10,5,3.0000,2.358607
colvarWidth,5,10,6,3.5000,1.763479
colvarWidth,5,10,7,4.0000,1.346321
colvarWidth,5,10,8,4.5000,1.007097
colvarWidth,5,10,9,5.0000,0.716115
colvarWidth,5,10,10,5.5000,0.447518
colvarWidth,5,10,11,6.0000,0.270248
colvarWidth,5,10,12,6.5000,0.133040
colvarWidth,5,10,13,7.0000,0.127159
colvarWidth,5,10,14,7.5000,0.110804
colvarWidth,5,10,15,8.0000,0.109457
colvarWidth,5,10,16,8.5000,0.106180
colvarWidth,5,10,17,9.0000,0.108073
colvarWidth,5,10,18,9.5000,0.099480
colvarWidth,5,10,19,10.0000,0.098288
colvarWidth,5,10,20,10.5000,0.098224
colvarWidth,5,10,21,11.0000,0.101534
colvarWidth,5,10,22,11.5000,0.100167
colvarWidth,5,10,23,12.0000,0.104025
colvarWidth,5,10,24,12.5000,0.103969
colvarWidth,5,10,25,13.0000,0.096366
colvarWidth,5,10,26,13.5000,0.091376
colvarWidth,5,10,27,14.0000,0.088097
colvarWidth,5,10,28,14.5000,0.086516
colvarWidth,5,10,29,15.0000,0.087921
colvarWidth,5,10,30,15.5000,0.087502
colvarWidth,5,10,31,16.0000,0.089090
colvarWidth,5,10,32,16.5000,0.083909
colvarWidth,5,10,33,17.0000,0.078728
colvarWidth,5,10,34,17.5000,0.081501
colvarWidth,5,10,35,18.0000,0.084432
colvarWidth,5,10,36,18.5000,0.088258
colvarWidth,5,10,37,19.0000,0.087611
colvarWidth,5,10,38,19.5000,0.089883
colvarWidth,5,10,39,20.0000,0.096306
colvarWidth,5,10,40,20.5000,0.088073
colvarWidth,5,10,41,21.0000,0.079820
colvarWidth,5,10,42,21.5000,0.078406
colvarWidth,5,10,43,22.0000,0.081591
colvarWidth,5,10,44,22.5000,0.076722
colvarWidth,5,10,45,23.0000,0.071863
colvarWidth,5,10,46,23.5000,0.071214
colvarWidth,5,10,47,24.0000,0.074673
colvarWidth,5,10,48,24.5000,0.073425
colvarWidth,5,10,49,25.0000,0.076280
colvarWidth,5,10,50,25.5000,0.074917
colvarWidth,5,10,51,26.0000,0.072580
colvarWidth,5,10,52,26.5000,0.077112
colvarWidth,5,10,53,27.0000,0.068327
colvarWidth,5,10,54,27.5000,0.061363
colvarWidth,5,10,55,28.0000,0.056600
colvarWidth,5,10,56,28.5000,0.057531
colvarWidth,5,10,57,29.0000,0.062536
colvarWidth,5,10,58,29.5000,0.062925
colvarWidth,5,10,59,30.0000,0.058482
colvarWidth,5,10,60,30.5000,0.052801
colvarWidth,5,10,61,31.0000,0.053886
colvarWidth,5,10,62,31.5000,0.052422
colvarWidth,5,10,63,32.0000,0.054205
colvarWidth,5,10,64,32.5000,0.060492
colvarWidth,5,10,65,33.0000,0.060317
colvarWidth,5,10,66,33.5000,0.058040
colvarWidth,5,10,67,34.0000,0.058134
colvarWidth,5,10,68,34.5000,0.057968
colvarWidth,5,10,69,35.0000,0.058569
colvarWidth,5,10,70,35.5000,0.055389
colvarWidth,5,10,71,36.0000,0.055211
colvarWidth,5,10,72,36.5000,0.059345
colvarWidth,5,10,73,37.0000,0.057796
colvarWidth,5,10,74,37.5000,0.055657
colvarWidth,5,10,75,38.0000,0.052947
colvarWidth,5,10,76,38.5000,0.054374
colvarWidth,5,10,77,39.0000,0.053513
colvarWidth,5,10,78,39.5000,0.055260
colvarWidth,5,10,79,40.0000,0.056290
colvarWidth,5,10,80,40.5000,0.057227
colvarWidth,5,10,81,41.0000,0.053643
colvarWidth,5,10,82,41.5000,0.053983
colvarWidth,5,10,83,42.0000,0.051589
colvarWidth,5,10,84,42.5000,0.051798
colvarWidth,5,10,85,43.0000,0.050705
colvarWidth,5,10,86,43.5000,0.052527
colvarWidth,5,10,87,44.0000,0.050973
colvarWidth,5,10,88,44.5000,0.053035
colvarWidth,5,10,89,45.0000,0.053380
colvarWidth,5,10,90,45.5000,0.054473
colvarWidth,5,10,91,46.0000,0.051913
colvarWidth,5,10,92,46.5000,0.052646
colvarWidth,5,10,93,47.0000,0.055803
colvarWidth,5,10,94,47.5000,0.056402
colvarWidth,5,10,95,48.0000,0.057236
colvarWidth,5,10,96,48.5000,0.059290
colvarWidth,5,10,97,49.0000,0.065690
colvarWidth,5,10,98,49.5000,0.066899
colvarWidth,5,10,99,50.0000,0.064193
colvarWidth,5,20,0,0.5000,6.151205
colvarWidth,5,20,1,1.0000,4.964332
colvarWidth,5,20,2,1.5000,3.995305
colvarWidth,5,20,3,2.0000,3.402795
colvarWidth,5,20,4,2.5000,2.632017
colvarWidth,5,20,5,3.0000,2.149263
colvarWidth,5,20,6,3.5000,1.709062
colvarWidth,5,20,7,4.0000,1.241617
colvarWidth,5,20,8,4.5000,0.978172
colvarWidth,5,20,9,5.0000,0.622460
colvarWidth,5,20,10,5.5000,0.410726
colvarWidth,5,20,11,6.0000,0.286735
colvarWidth,5,20,12,6.5000,0.159331
colvarWidth,5,20,13,7.0000,0.176029
colvarWidth,5,20,14,7.5000,0.124369
colvarWidth,5,20,15,8.0000,0.135996
colvarWidth,5,20,16,8.5000,0.137114
colvarWidth,5,20,17,9.0000,0.137465
colvarWidth,5,20,18,9.5000,0.134688
colvarWidth,5,20,19,10.0000,0.108413
colvarWidth,5,20,20,10.5000,0.110197
colvarWidth,5,20,21,11.0000,0.106738
colvarWidth,5,20,22,11.5000,0.107541
colvarWidth,5,20,23,12.0000,0.094602
colvarWidth,5,20,24,12.5000,0.095997
colvarWidth,5,20,25,13.0000,0.102270
colvarWidth,5,20,26,13.5000,0.097524
colvarWidth,5,20,27,14.0000,0.090817
colvarWidth,5,20,28,14.5000,0.083952
colvarWidth,5,20,29,15.0000,0.077452
colvarWidth,5,20,30,15.5000,0.079948
colvarWidth,5,20,31,16.0000,0.072986
colvarWidth,5,20,32,16.5000,0.076664
colvarWidth,5,20,33,17.0000,0.073275
colvarWidth,5,20,34,17.5000,0.079862
colvarWidth,5,20,35,18.0000,0.079082
colvarWidth,5,20,36,18.5000,0.078247
colvarWidth,5,20,37,19.0000,0.081926
colvarWidth,5,20,38,19.5000,0.071738
colvarWidth,5,20,39,20.0000,0.072520
colvarWidth,5,20,40,20.5000,0.072827
colvarWidth,5,20,41,21.0000,0.069871
colvarWidth,5,20,42,21.5000,0.066924
colvarWidth,5,20,43,22.0000,0.064671
colvarWidth,5,20,44,22.5000,0.063493
colvarWidth,5,20,45,23.0000,0.066956
colvarWidth,5,20,46,23.5000,0.064615
colvarWidth,5,20,47,24.0000,0.062111
colvarWidth,5,20,48,24.5000,0.060641
colvarWidth,5,20,49,25.0000,0.072344
colvarWidth,5,20,50,25.5000,0.070570
colvarWidth,5,20,51,26.0000,0.079841
colvarWidth,5,20,52,26.5000,0.078702
colvarWidth,5,20,53,27.0000,0.079113
colvarWidth,5,20,54,27.5000,0.078493
colvarWidth,5,20,55,28.0000,0.080079
colvarWidth,5,20,56,28.5000,0.094071
colvarWidth,5,20,57,29.0000,0.098036
colvarWidth,5,20,58,29.5000,0.095003
colvarWidth,5,20,59,30.0000,0.091958
colvarWidth,5,20,60,30.5000,0.097077
colvarWidth,5,20,61,31.0000,0.095024
colvarWidth,5,20,62,31.5000,0.090872
colvarWidth,5,20,63,32.0000,0.086523
colvarWidth,5,20,64,32.5000,0.093236
colvarWidth,5,20,65,33.0000,0.091047
colvarWidth,5,20,66,33.5000,0.087335
colvarWidth,5,20,67,34.0000,0.084528
colvarWidth,5,20,68,34.5000,0.088806
colvarWidth,5,20,69,35.0000,0.087260
colvarWidth,5,20,70,35.5000,0.090540
colvarWidth,5,20,71,36.0000,0.085457
colvarWidth,5,20,72,36.5000,0.084716
colvarWidth,5,20,73,37.0000,0.084383
colvarWidth,5,20,74,37.5000,0.085438
colvarWidth,5,20,75,38.0000,0.080118
colvarWidth,5,20,76,38.5000,0.077571
colvarWidth,5,20,77,39.0000,0.076958
colvarWidth,5,20,78,39.5000,0.072409
colvarWidth,5,20,79,40.0000,0.070427
colvarWidth,5,20,80,40.5000,0.066737
colvarWidth,5,20,81,41.0000,0.061852
colvarWidth,5,20,82,41.5000,0.059457
colvarWidth,5,20,83,42.0000,0.057165
colvarWidth,5,20,84,42.5000,0.058917
colvarWidth,5,20,85,43.0000,0.059882
colvarWidth,5,20,86,43.5000,0.057972
colvarWidth,5,20,87,44.0000,0.056877
colvarWidth,5,20,88,44.5000,0.056360
colvarWidth,5,20,89,45.0000,0.060579
colvarWidth,5,20,90,45.5000,0.062622
colvarWidth,5,20,91,46.0000,0.061349
colvarWidth,5,20,92,46.5000,0.059559
colvarWidth,5,20,93,47.0000,0.053388
colvarWidth,5,20,94,47.5000,0.056724
colvarWidth,5,20,95,48.0000,0.053330
colvarWidth,5,20,96,48.5000,0.051679
colvarWidth,5,20,97,49.0000,0.051625
colvarWidth,5,20,98,49.5000,0.052160
colvarWidth,5,20,99,50.0000,0.051119
colvarWidth,5,30,0,0.5000,5.742326
colvarWidth,5,30,1,1.0000,4.925626
colvarWidth,5,30,2,1.5000,4.242296
colvarWidth,5,30,3,2.0000,3.197577
colvarWidth,5,30,4,2.5000,2.679072
colvarWidth,5,30,5,3.0000,2.228067
colvarWidth,5,30,6,3.5000,1.653398
colvarWidth,5,30,7,4.0000,1.230958
colvarWidth,5,30,8,4.5000,0.896849
colvarWidth,5,30,9,5.0000,0.683071
colvarWidth,5,30,10,5.5000,0.427933
colvarWidth,5,30,11,6.0000,0.306920
colvarWidth,5,30,12,6.5000,0.216487
colvarWidth,5,30,13,7.0000,0.107748
colvarWidth,5,30,14,7.5000,0.092248
colvarWidth,5,30,15,8.0000,0.088048
colvarWidth,5,30,16,8.5000,0.084846
colvarWidth,5,30,17,9.0000,0.083551
colvarWidth,5,30,18,9.5000,0.080369
colvarWidth,5,30,19,10.0000,0.081749
colvarWidth,5,30,20,10.5000,0.076876
colvarWidth,5,30,21,11.0000,0.075178
colvarWidth,5,30,22,11.5000,0.072237
colvarWidth,5,30,23,12.0000,0.072153
colvarWidth,5,30,24,12.5000,0.077227
colvarWidth,5,30,25,13.0000,0.076717
colvarWidth,5,30,26,13.5000,0.075938
colvarWidth,5,30,27,14.0000,0.066951
colvarWidth,5,30,28,14.5000,0.065758
colvarWidth,5,30,29,15.0000,0.068581
colvarWidth,5,30,30,15.5000,0.068953
colvarWidth,5,30,31,16.0000,0.064977
colvarWidth,5,30,32,16.5000,0.060718
colvarWidth,5,30,33,17.0000,0.059923
colvarWidth,5,30,34,17.5000,0.059031
colvarWidth,5,30,35,18.0000,0.057384
colvarWidth,5,30,36,18.5000,0.055997
colvarWidth,5,30,37,19.0000,0.057243
colvarWidth,5,30,38,19.5000,0.057053
colvarWidth,5,30,39,20.0000,0.057996
colvarWidth,5,30,40,20.5000,0.057453
colvarWidth,5,30,41,21.0000,0.057741
colvarWidth,5,30,42,21.5000,0.056020
colvarWidth,5,30,43,22.0000,0.052177
colvarWidth,5,30,44,22.5000,0.053006
colvarWidth,5,30,45,23.0000,0.051531
colvarWidth,5,30,46,23.5000,0.052343
colvarWidth,5,30,47,24.0000,0.053541
colvarWidth,5,30,48,24.5000,0.051724
colvarWidth,5,30,49,25.0000,0.051579
colvarWidth,5,30,50,25.5000,0.050933
colvarWidth,5,30,51,26.0000,0.050041
colvarWidth,5,30,52,26.5000,0.050121
colvarWidth,5,30,53,27.0000,0.050957
colvarWidth,5,30,54,27.5000,0.054509
colvarWidth,5,30,55,28.0000,0.052887
colvarWidth,5,30,56,28.5000,0.050838
colvarWidth,5,30,57,29.0000,0.052799
colvarWidth,5,30,58,29.5000,0.049517
colvarWidth,5,30,59,30.0000,0.049766
colvarWidth,5,30,60,30.5000,0.050743
colvarWidth,5,30,61,31.0000,0.048273
colvarWidth,5,30,62,31.5000,0.050487
colvarWidth,5,30,63,32.0000,0.050979
colvarWidth,5,30,64,32.5000,0.050627
colvarWidth,5,30,65,33.0000,0.052503
colvarWidth,5,30,66,33.5000,0.052984
colvarWidth,5,30,67,34.0000,0.054559
colvarWidth,5,30,68,34.5000,0.056316
colvarWidth,5,30,69,35.0000,0.057060
colvarWidth,5,30,70,35.5000,0.057309
colvarWidth,5,30,71,36.0000,0.054836
colvarWidth,5,30,72,36.5000,0.053014
colvarWidth,5,30,73,37.0000,0.052402
colvarWidth,5,30,74,37.5000,0.056761
colvarWidth,5,30,75,38.0000,0.055420
colvarWidth,5,30,76,38.5000,0.059160
colvarWidth,5,30,77,39.0000,0.064435
colvarWidth,5,30,78,39.5000,0.063758
colvarWidth,5,30,79,40.0000,0.061990
colvarWidth,5,30,80,40.5000,0.060823
colvarWidth,5,30,81,41.0000,0.058556
colvarWidth,5,30,82,41.5000,0.054526
colvarWidth,5,30,83,42.0000,0.050262
colvarWidth,5,30,84,42.5000,0.048369
colvarWidth,5,30,85,43.0000,0.049169
colvarWidth,5,30,86,43.5000,0.051957
colvarWidth,5,30,87,44.0000,0.051945
colvarWidth,5,30,88,44.5000,0.050788
colvarWidth,5,30,89,45.0000,0.050666
colvarWidth,5,30,90,45.5000,0.048517
colvarWidth,5,30,91,46.0000,0.046963
colvarWidth,5,30,92,46.5000,0.048061
colvarWidth,5,30,93,47.0000,0.046882
colvarWidth,5,30,94,47.5000,0.045861
colvarWidth,5,30,95,48.0000,0.047376
colvarWidth,5,30,96,48.5000,0.045026
colvarWidth,5,30,97,49.0000,0.046080
colvarWidth,5,30,98,49.5000,0.045615
colvarWidth,5,30,99,50.0000,0.046355
colvarWidth,5,40,0,0.5000,5.962745
colvarWidth,5,40,1,1.0000,4.713494
colvarWidth,5,40,2,1.5000,4.235763
colvarWidth,5,40,3,2.0000,3.654807
colvarWidth,5,40,4,2.5000,2.807501
colvarWidth,5,40,5,3.0000,2.313037
colvarWidth,5,40,6,3.5000,1.760684
colvarWidth,5,40,7,4.0000,1.361799
colvarWidth,5,40,8,4.5000,0.968302
colvarWidth,5,40,9,5.0000,0.811734
colvarWidth,5,40,10,5.5000,0.591370
colvarWidth,5,40,11,6.0000,0.415465
colvarWidth,5,40,12,6.5000,0.237991
colvarWidth,5,40,13,7.0000,0.112207
colvarWidth,5,40,14,7.5000,0.106722
colvarWidth,5,40,15,8.0000,0.108766
colvarWidth,5,40,16,8.5000,0.099421
colvarWidth,5,40,17,9.0000,0.105330
colvarWidth,5,40,18,9.5000,0.101790
colvarWidth,5,40,19,10.0000,0.101268
colvarWidth,5,40,20,10.5000,0.094975
colvarWidth,5,40,21,11.0000,0.111276
colvarWidth,5,40,22,11.5000,0.104917
colvarWidth,5,40,23,12.0000,0.097561
colvarWidth,5,40,24,12.5000,0.102379
colvarWidth,5,40,25,13.0000,0.107954
colvarWidth,5,40,26,13.5000,0.099846
colvarWidth,5,40,27,14.0000,0.095896
colvarWidth,5,40,28,14.5000,0.089921
colvarWidth,5,40,29,15.0000,0.085271
colvarWidth,5,40,30,15.5000,0.068408
colvarWidth,5,40,31,16.0000,0.065357
colvarWidth,5,40,32,16.5000,0.063600
colvarWidth,5,40,33,17.0000,0.063576
colvarWidth,5,40,34,17.5000,0.062026
colvarWidth,5,40,35,18.0000,0.060747
colvarWidth,5,40,36,18.5000,0.058975
colvarWidth,5,40,37,19.0000,0.057467
colvarWidth,5,40,38,19.5000,0.057393
colvarWidth,5,40,39,20.0000,0.056672
colvarWidth,5,40,40,20.5000,0.055502
colvarWidth,5,40,41,21.0000,0.056865
colvarWidth,5,40,42,21.5000,0.054905
colvarWidth,5,40,43,22.0000,0.054168
colvarWidth,5,40,44,22.5000,0.052956
colvarWidth,5,40,45,23.0000,0.052683
colvarWidth,5,40,46,23.5000,0.051501
colvarWidth,5,40,47,24.0000,0.052378
colvarWidth,5,40,48,24.5000,0.055597
colvarWidth,5,40,49,25.0000,0.052489
colvarWidth,5,40,50,25.5000,0.054186
colvarWidth,5,40,51,26.0000,0.056258
colvarWidth,5,40,52,26.5000,0.060790
colvarWidth,5,40,53,27.0000,0.060570
colvarWidth,5,40,54,27.5000,0.061211
colvarWidth,5,40,55,28.0000,0.066907
colvarWidth,5,40,56,28.5000,0.064698
colvarWidth,5,40,57,29.0000,0.065196
colvarWidth,5,40,58,29.5000,0.064428
colvarWidth,5,40,59,30.0000,0.064108
colvarWidth,5,40,60,30.5000,0.065538
colvarWidth,5,40,61,31.0000,0.063377
colvarWidth,5,40,62,31.5000,0.064643
colvarWidth,5,40,63,32.0000,0.062248
colvarWidth,5,40,64,32.5000,0.060437
colvarWidth,5,40,65,33.0000,0.058391
colvarWidth,5,40,66,33.5000,0.059280
colvarWidth,5,40,67,34.0000,0.054128
colvarWidth,5,40,68,34.5000,0.052856
colvarWidth,5,40,69,35.0000,0.053692
colvarWidth,5,40,70,35.5000,0.050409
colvarWidth,5,40,71,36.0000,0.050017
colvarWidth,5,40,72,36.5000,0.049820
colvarWidth,5,40,73,37.0000,0.050283
colvarWidth,5,40,74,37.5000,0.050645
colvarWidth,5,40,75,38.0000,0.051486
colvarWidth,5,40,76,38.5000,0.054340
colvarWidth,5,40,77,39.0000,0.053518
colvarWidth,5,40,78,39.5000,0.052727
colvarWidth,5,40,79,40.0000,0.053500
colvarWidth,5,40,80,40.5000,0.055570
colvarWidth,5,40,81,41.0000,0.055355
colvarWidth,5,40,82,41.5000,0.053968
colvarWidth,5,40,83,42.0000,0.049346
colvarWidth,5,40,84,42.5000,0.050744
colvarWidth,5,40,85,43.0000,0.048598
colvarWidth,5,40,86,43.5000,0.044841
colvarWidth,5,40,87,44.0000,0.044990
colvarWidth,5,40,88,44.5000,0.048254
colvarWidth,5,40,89,45.0000,0.050906
colvarWidth,5,40,90,45.5000,0.049893
colvarWidth,5,40,91,46.0000,0.051419
colvarWidth,5,40,92,46.5000,0.050091
colvarWidth,5,40,93,47.0000,0.049144
colvarWidth,5,40,94,47.5000,0.050837
colvarWidth,5,40,95,48.0000,0.051270
colvarWidth,5,40,96,48.5000,0.049631
colvarWidth,5,40,97,49.0000,0.043287
colvarWidth,5,40,98,49.5000,0.044926
colvarWidth,5,40,99,50.0000,0.045329
colvarWidth,5,50,0,0.5000,5.967628
colvarWidth,5,50,1,1.0000,5.049830
colvarWidth,5,50,2,1.5000,4.455570
colvarWidth,5,50,3,2.0000,3.446018
colvarWidth,5,50,4,2.5000,2.658495
colvarWidth,5,50,5,3.0000,2.176615
colvarWidth,5,50,6,3.5000,1.812560
colvarWidth,5,50,7,4.0000,1.311469
colvarWidth,5,50,8,4.5000,0.940284
colvarWidth,5,50,9,5.0000,0.747100
colvarWidth,5,50,10,5.5000,0.549003
colvarWidth,5,50,11,6.0000,0.437490
colvarWidth,5,50,12,6.5000,0.258221
colvarWidth,5,50,13,7.0000,0.117305
colvarWidth,5,50,14,7.5000,0.094227
colvarWidth,5,50,15,8.0000,0.096763
colvarWidth,5,50,16,8.5000,0.084325
colvarWidth,5,50,17,9.0000,0.083528
colvarWidth,5,50,18,9.5000,0.082687
colvarWidth,5,50,19,10.0000,0.081457
colvarWidth,5,50,20,10.5000,0.079028
colvarWidth,5,50,21,11.0000,0.075752
colvarWidth,5,50,22,11.5000,0.076638
colvarWidth,5,50,23,12.0000,0.074598
colvarWidth,5,50,24,12.5000,0.076333
colvarWidth,5,50,25,13.0000,0.076747
colvarWidth,5,50,26,13.5000,0.071651
colvarWidth,5,50,27,14.0000,0.075379
colvarWidth,5,50,28,14.5000,0.069220
colvarWidth,5,50,29,15.0000,0.068986
colvarWidth,5,50,30,15.5000,0.062337
colvarWidth,5,50,31,16.0000,0.061681
colvarWidth,5,50,32,16.5000,0.060588
colvarWidth,5,50,33,17.0000,0.059735
colvarWidth,5,50,34,17.5000,0.060627
colvarWidth,5,50,35,18.0000,0.058645
colvarWidth,5,50,36,18.5000,0.058637
colvarWidth,5,50,37,19.0000,0.059094
colvarWidth,5,50,38,19.5000,0.061892
colvarWidth,5,50,39,20.0000,0.062118
colvarWidth,5,50,40,20.5000,0.056690
colvarWidth,5,50,41,21.0000,0.054697
colvarWidth,5,50,42,21.5000,0.054572
colvarWidth,5,50,43,22.0000,0.053530
colvarWidth,5,50,44,22.5000,0.052372
colvarWidth,5,50,45,23.0000,0.051663
colvarWidth,5,50,46,23.5000,0.051500
colvarWidth,5,50,47,24.0000,0.051388
colvarWidth,5,50,48,24.5000,0.056992
colvarWidth,5,50,49,25.0000,0.059804
colvarWidth,5,50,50,25.5000,0.060908
colvarWidth,5,50,51,26.0000,0.068348
colvarWidth,5,50,52,26.5000,0.073590
colvarWidth,5,50,53,27.0000,0.075351
colvarWidth,5,50,54,27.5000,0.078874
colvarWidth,5,50,55,28.0000,0.076491
colvarWidth,5,50,56,28.5000,0.072426
colvarWidth,5,50,57,29.0000,0.073178
colvarWidth,5,50,58,29.5000,0.072742
colvarWidth,5,50,59,30.0000,0.070074
colvarWidth,5,50,60,30.5000,0.067271
colvarWidth,5,50,61,31.0000,0.066089
colvarWidth,5,50,62,31.5000,0.063021
colvarWidth,5,50,63,32.0000,0.063764
colvarWidth,5,50,64,32.5000,0.065692
colvarWidth,5,50,65,33.0000,0.061798
colvarWidth,5,50,66,33.5000,0.058639
colvarWidth,5,50,67,34.0000,0.051141
colvarWidth,5,50,68,34.5000,0.050603
colvarWidth,5,50,69,35.0000,0.052662
colvarWidth,5,50,70,35.5000,0.053785
colvarWidth,5,50,71,36.0000,0.059674
colvarWidth,5,50,72,36.5000,0.053196
colvarWidth,5,50,73,37.0000,0.050699
colvarWidth,5,50,74,37.5000,0.050466
colvarWidth,5,50,75,38.0000,0.053680
colvarWidth,5,50,76,38.5000,0.053215
colvarWidth,5,50,77,39.0000,0.051437
colvarWidth,5,50,78,39.5000,0.053970
colvarWidth,5,50,79,40.0000,0.055296
colvarWidth,5,50,80,40.5000,0.050690
colvarWidth,5,50,81,41.0000,0.048132
colvarWidth,5,50,82,41.5000,0.050376
colvarWidth,5,50,83,42.0000,0.051057
colvarWidth,5,50,84,42.5000,0.052539
colvarWidth,5,50,85,43.0000,0.054437
colvarWidth,5,50,86,43.5000,0.053459
colvarWidth,5,50,87,44.0000,0.050641
colvarWidth,5,50,88,44.5000,0.052787
colvarWidth,5,50,89,45.0000,0.048322
colvarWidth,5,50,90,45.5000,0.047576
colvarWidth,5,50,91,46.0000,0.045459
colvarWidth,5,50,92,46.5000,0.042173
colvarWidth,5,50,93,47.0000,0.042691
colvarWidth,5,50,94,47.5000,0.045262
colvarWidth,5,50,95,48.0000,0.047633
colvarWidth,5,50,96,48.5000,0.049757
colvarWidth,5,50,97,49.0000,0.043321
colvarWidth,5,50,98,49.5000,0.043733
colvarWidth,5,50,99,50.0000,0.041622
extDamp,0.1,10,0,0.5000,6.218991
extDamp,0.1,10,1,1.0000,4.881497
extDamp,0.1,10,2,1.5000,3.898214
extDamp,0.1,10,3,2.0000,3.215966
extDamp,0.1,10,4,2.5000,2.497685
extDamp,0.1,10,5,3.0000,1.903749
extDamp,0.1,10,6,3.5000,1.508173
extDamp,0.1,10,7,4.0000,1.209687
extDamp,0.1,10,8,4.5000,0.885769
extDamp,0.1,10,9,5.0000,0.568897
extDamp,0.1,10,10,5.5000,0.465060
extDamp,0.1,10,11,6.0000,0.256994
extDamp,0.1,10,12,6.5000,0.162527
extDamp,0.1,10,13,7.0000,0.162205
extDamp,0.1,10,14,7.5000,0.148086
extDamp,0.1,10,15,8.0000,0.149523
extDamp,0.1,10,16,8.5000,0.149482
extDamp,0.1,10,17,9.0000,0.150757
extDamp,0.1,10,18,9.5000,0.142800
extDamp,0.1,10,19,10.0000,0.149205
extDamp,0.1,10,20,10.5000,0.142000
extDamp,0.1,10,21,11.0000,0.130370
extDamp,0.1,10,22,11.5000,0.131395
extDamp,0.1,10,23,12.0000,0.127261
extDamp,0.1,10,24,12.5000,0.128055
extDamp,0.1,10,25,13.0000,0.113337
extDamp,0.1,10,26,13.5000,0.108313
extDamp,0.1,10,27,14.0000,0.101496
extDamp,0.1,10,28,14.5000,0.106190
extDamp,0.1,10,29,15.0000,0.106728
extDamp,0.1,10,30,15.5000,0.102024
extDamp,0.1,10,31,16.0000,0.093452
extDamp,0.1,10,32,16.5000,0.089029
extDamp,0.1,10,33,17.0000,0.085301
extDamp,0.1,10,34,17.5000,0.079696
extDamp,0.1,10,35,18.0000,0.076011
extDamp,0.1,10,36,18.5000,0.069284
extDamp,0.1,10,37,19.0000,0.071012
extDamp,0.1,10,38,19.5000,0.072292
extDamp,0.1,10,39,20.0000,0.084988
extDamp,0.1,10,40,20.5000,0.078576
extDamp,0.1,10,41,21.0000,0.080319
extDamp,0.1,10,42,21.5000,0.086254
extDamp,0.1,10,43,22.0000,0.083116
extDamp,0.1,10,44,22.5000,0.077309
extDamp,0.1,10,45,23.0000,0.078632
extDamp,0.1,10,46,23.5000,0.076403
extDamp,0.1,10,47,24.0000,0.074552
extDamp,0.1,10,48,24.5000,0.073466
extDamp,0.1,10,49,25.0000,0.073708
extDamp,0.1,10,50,25.5000,0.069540
extDamp,0.1,10,51,26.0000,0.063324
extDamp,0.1,10,52,26.5000,0.066461
extDamp,0.1,10,53,27.0000,0.069077
extDamp,0.1,10,54,27.5000,0.063804
extDamp,0.1,10,55,28.0000,0.062319
extDamp,0.1,10,56,28.5000,0.062695
extDamp,0.1,10,57,29.0000,0.058411
extDamp,0.1,10,58,29.5000,0.059854
extDamp,0.1,10,59,30.0000,0.058124
extDamp,0.1,10,60,30.5000,0.053084
extDamp,0.1,10,61,31.0000,0.051610
extDamp,0.1,10,62,31.5000,0.051369
extDamp,0.1,10,63,32.0000,0.048933
extDamp,0.1,10,64,32.5000,0.049724
extDamp,0.1,10,65,33.0000,0.049714
extDamp,0.1,10,66,33.5000,0.049177
extDamp,0.1,10,67,34.0000,0.048618
extDamp,0.1,10,68,34.5000,0.051080
extDamp,0.1,10,69,35.0000,0.048466
extDamp,0.1,10,70,35.5000,0.048723
extDamp,0.1,10,71,36.0000,0.048172
extDamp,0.1,10,72,36.5000,0.046989
extDamp,0.1,10,73,37.0000,0.044386
extDamp,0.1,10,74,37.5000,0.043374
extDamp,0.1,10,75,38.0000,0.043317
extDamp,0.1,10,76,38.5000,0.042574
extDamp,0.1,10,77,39.0000,0.042706
extDamp,0.1,10,78,39.5000,0.042346
extDamp,0.1,10,79,40.0000,0.042336
extDamp,0.1,10,80,40.5000,0.042664
extDamp,0.1,10,81,41.0000,0.042130
extDamp,0.1,10,82,41.5000,0.042051
extDamp,0.1,10,83,42.0000,0.041959
extDamp,0.1,10,84,42.5000,0.041496
extDamp,0.1,10,85,43.0000,0.041594
extDamp,0.1,10,86,43.5000,0.041203
extDamp,0.1,10,87,44.0000,0.041177
extDamp,0.1,10,88,44.5000,0.041919
extDamp,0.1,10,89,45.0000,0.043173
extDamp,0.1,10,90,45.5000,0.043644
extDamp,0.1,10,91,46.0000,0.043666
extDamp,0.1,10,92,46.5000,0.045132
extDamp,0.1,10,93,47.0000,0.048304
extDamp,0.1,10,94,47.5000,0.052597
extDamp,0.1,10,95,48.0000,0.050580
extDamp,0.1,10,96,48.5000,0.051308
extDamp,0.1,10,97,49.0000,0.051934
extDamp,0.1,10,98,49.5000,0.051561
extDamp,0.1,10,99,50.0000,0.051765
extDamp,0.1,20,0,0.5000,6.061672
extDamp,0.1,20,1,1.0000,4.878054
extDamp,0.1,20,2,1.5000,3.925521
extDamp,0.1,20,3,2.0000,3.293437
extDamp,0.1,20,4,2.5000,2.693929
extDamp,0.1,20,5,3.0000,2.040827
extDamp,0.1,20,6,3.5000,1.508317
extDamp,0.1,20,7,4.0000,1.256361
extDamp,0.1,20,8,4.5000,0.868482
extDamp,0.1,20,9,5.0000,0.588392
extDamp,0.1,20,10,5.5000,0.353543
extDamp,0.1,20,11,6.0000,0.253002
extDamp,0.1,20,12,6.5000,0.117945
extDamp,0.1,20,13,7.0000,0.108491
extDamp,0.1,20,14,7.5000,0.097552
extDamp,0.1,20,15,8.0000,0.092323
extDamp,0.1,20,16,8.5000,0.090305
extDamp,0.1,20,17,9.0000,0.086934
extDamp,0.1,20,18,9.5000,0.086681
extDamp,0.1,20,19,10.0000,0.085228
extDamp,0.1,20,20,10.5000,0.083792
extDamp,0.1,20,21,11.0000,0.082199
extDamp,0.1,20,22,11.5000,0.081611
extDamp,0.1,20,23,12.0000,0.078371
extDamp,0.1,20,24,12.5000,0.075769
extDamp,0.1,20,25,13.0000,0.072955
extDamp,0.1,20,26,13.5000,0.070694
extDamp,0.1,20,27,14.0000,0.070502
extDamp,0.1,20,28,14.5000,0.070666
extDamp,0.1,20,29,15.0000,0.068120
extDamp,0.1,20,30,15.5000,0.064713
extDamp,0.1,20,31,16.0000,0.066091
extDamp,0.1,20,32,16.5000,0.066857
extDamp,0.1,20,33,17.0000,0.065576
extDamp,0.1,20,34,17.5000,0.063514
extDamp,0.1,20,35,18.0000,0.061340
extDamp,0.1,20,36,18.5000,0.059540
extDamp,0.1,20,37,19.0000,0.059201
extDamp,0.1,20,38,19.5000,0.057606
extDamp,0.1,20,39,20.0000,0.058101
extDamp,0.1,20,40,20.5000,0.056269
extDamp,0.1,20,41,21.0000,0.055176
extDamp,0.1,20,42,21.5000,0.056218
extDamp,0.1,20,43,22.0000,0.054578
extDamp,0.1,20,44,22.5000,0.053478
extDamp,0.1,20,45,23.0000,0.052728
extDamp,0.1,20,46,23.5000,0.053000
extDamp,0.1,20,47,24.0000,0.051171
extDamp,0.1,20,48,24.5000,0.051199
extDamp,0.1,20,49,25.0000,0.050675
extDamp,0.1,20,50,25.5000,0.050752
extDamp,0.1,20,51,26.0000,0.049981
extDamp,0.1,20,52,26.5000,0.049686
extDamp,0.1,20,53,27.0000,0.049889
extDamp,0.1,20,54,27.5000,0.049779
extDamp,0.1,20,55,28.0000,0.049371
extDamp,0.1,20,56,28.5000,0.050078
extDamp,0.1,20,57,29.0000,0.050838
extDamp,0.1,20,58,29.5000,0.050723
extDamp,0.1,20,59,30.0000,0.050214
extDamp,0.1,20,60,30.5000,0.048461
extDamp,0.1,20,61,31.0000,0.048832
extDamp,0.1,20,62,31.5000,0.049041
extDamp,0.1,20,63,32.0000,0.050206
extDamp,0.1,20,64,32.5000,0.053362
extDamp,0.1,20,65,33.0000,0.052209
extDamp,0.1,20,66,33.5000,0.052159
extDamp,0.1,20,67,34.0000,0.051546
extDamp,0.1,20,68,34.5000,0.051887
extDamp,0.1,20,69,35.0000,0.052187
extDamp,0.1,20,70,35.5000,0.055199
extDamp,0.1,20,71,36.0000,0.058339
extDamp,0.1,20,72,36.5000,0.058258
extDamp,0.1,20,73,37.0000,0.055770
extDamp,0.1,20,74,37.5000,0.054992
extDamp,0.1,20,75,38.0000,0.053133
extDamp,0.1,20,76,38.5000,0.051340
extDamp,0.1,20,77,39.0000,0.049623
extDamp,0.1,20,78,39.5000,0.049770
extDamp,0.1,20,79,40.0000,0.048614
extDamp,0.1,20,80,40.5000,0.048396
extDamp,0.1,20,81,41.0000,0.047150
extDamp,0.1,20,82,41.5000,0.046166
extDamp,0.1,20,83,42.0000,0.044830
extDamp,0.1,20,84,42.5000,0.044317
extDamp,0.1,20,85,43.0000,0.044769
extDamp,0.1,20,86,43.5000,0.044359
extDamp,0.1,20,87,44.0000,0.045455
extDamp,0.1,20,88,44.5000,0.046333
extDamp,0.1,20,89,45.0000,0.044735
extDamp,0.1,20,90,45.5000,0.043860
extDamp,0.1,20,91,46.0000,0.043857
extDamp,0.1,20,92,46.5000,0.044033
extDamp,0.1,20,93,47.0000,0.046079
extDamp,0.1,20,94,47.5000,0.047696
extDamp,0.1,20,95,48.0000,0.047759
extDamp,0.1,20,96,48.5000,0.049021
extDamp,0.1,20,97,49.0000,0.047766
extDamp,0.1,20,98,49.5000,0.048504
extDamp,0.1,20,99,50.0000,0.049347
extDamp,0.1,30,0,0.5000,6.190774
extDamp,0.1,30,1,1.0000,5.003884
extDamp,0.1,30,2,1.5000,4.129510
extDamp,0.1,30,3,2.0000,3.186986
extDamp,0.1,30,4,2.5000,2.729630
extDamp,0.1,30,5,3.0000,2.152360
extDamp,0.1,30,6,3.5000,1.504872
extDamp,0.1,30,7,4.0000,1.130847
extDamp,0.1,30,8,4.5000,0.841103
extDamp,0.1,30,9,5.0000,0.630451
extDamp,0.1,30,10,5.5000,0.361366
extDamp,0.1,30,11,6.0000,0.271394
extDamp,0.1,30,12,6.5000,0.152067
extDamp,0.1,30,13,7.0000,0.118575
extDamp,0.1,30,14,7.5000,0.121707
extDamp,0.1,30,15,8.0000,0.127684
extDamp,0.1,30,16,8.5000,0.131168
extDamp,0.1,30,17,9.0000,0.125881
extDamp,0.1,30,18,9.5000,0.136099
extDamp,0.1,30,19,10.0000,0.119762
extDamp,0.1,30,20,10.5000,0.112877
extDamp,0.1,30,21,11.0000,0.113983
extDamp,0.1,30,22,11.5000,0.105522
extDamp,0.1,30,23,12.0000,0.106296
extDamp,0.1,30,24,12.5000,0.133025
extDamp,0.1,30,25,13.0000,0.125932
extDamp,0.1,30,26,13.5000,0.119448
extDamp,0.1,30,27,14.0000,0.126668
extDamp,0.1,30,28,14.5000,0.117347
extDamp,0.1,30,29,15.0000,0.126238
extDamp,0.1,30,30,15.5000,0.120076
extDamp,0.1,30,31,16.0000,0.122717
extDamp,0.1,30,32,16.5000,0.118476
extDamp,0.1,30,33,17.0000,0.127594
extDamp,0.1,30,34,17.5000,0.133503
extDamp,0.1,30,35,18.0000,0.131177
extDamp,0.1,30,36,18.5000,0.133193
extDamp,0.1,30,37,19.0000,0.128152
extDamp,0.1,30,38,19.5000,0.124714
extDamp,0.1,30,39,20.0000,0.114925
extDamp,0.1,30,40,20.5000,0.116863
extDamp,0.1,30,41,21.0000,0.118713
extDamp,0.1,30,42,21.5000,0.124544
extDamp,0.1,30,43,22.0000,0.115040
extDamp,0.1,30,44,22.5000,0.113684
extDamp,0.1,30,45,23.0000,0.112247
extDamp,0.1,30,46,23.5000,0.112498
extDamp,0.1,30,47,24.0000,0.113128
extDamp,0.1,30,48,24.5000,0.111741
extDamp,0.1,30,49,25.0000,0.110789
extDamp,0.1,30,50,25.5000,0.107803
extDamp,0.1,30,51,26.0000,0.102170
extDamp,0.1,30,52,26.5000,0.105436
extDamp,0.1,30,53,27.0000,0.103569
extDamp,0.1,30,54,27.5000,0.098302
extDamp,0.1,30,55,28.0000,0.092851
extDamp,0.1,30,56,28.5000,0.088509
extDamp,0.1,30,57,29.0000,0.085203
extDamp,0.1,30,58,29.5000,0.078105
extDamp,0.1,30,59,30.0000,0.085677
extDamp,0.1,30,60,30.5000,0.082535
extDamp,0.1,30,61,31.0000,0.082955
extDamp,0.1,30,62,31.5000,0.075914
extDamp,0.1,30,63,32.0000,0.072721
extDamp,0.1,30,64,32.5000,0.067993
extDamp,0.1,30,65,33.0000,0.072065
extDamp,0.1,30,66,33.5000,0.070287
extDamp,0.1,30,67,34.0000,0.072765
extDamp,0.1,30,68,34.5000,0.071206
extDamp,0.1,30,69,35.0000,0.072447
extDamp,0.1,30,70,35.5000,0.074534
extDamp,0.1,30,71,36.0000,0.072934
extDamp,0.1,30,72,36.5000,0.071815
extDamp,0.1,30,73,37.0000,0.070134
extDamp,0.1,30,74,37.5000,0.063943
extDamp,0.1,30,75,38.0000,0.068392
extDamp,0.1,30,76,38.5000,0.070552
extDamp,0.1,30,77,39.0000,0.070143
extDamp,0.1,30,78,39.5000,0.066290
extDamp,0.1,30,79,40.0000,0.067040
extDamp,0.1,30,80,40.5000,0.065946
extDamp,0.1,30,81,41.0000,0.069019
extDamp,0.1,30,82,41.5000,0.069074
extDamp,0.1,30,83,42.0000,0.067427
extDamp,0.1,30,84,42.5000,0.069314
extDamp,0.1,30,85,43.0000,0.066205
extDamp,0.1,30,86,43.5000,0.064256
extDamp,0.1,30,87,44.0000,0.062499
extDamp,0.1,30,88,44.5000,0.062189
extDamp,0.1,30,89,45.0000,0.061414
extDamp,0.1,30,90,45.5000,0.060716
extDamp,0.1,30,91,46.0000,0.061615
extDamp,0.1,30,92,46.5000,0.064874
extDamp,0.1,30,93,47.0000,0.065007
extDamp,0.1,30,94,47.5000,0.063308
extDamp,0.1,30,95,48.0000,0.061205
extDamp,0.1,30,96,48.5000,0.059402
extDamp,0.1,30,97,49.0000,0.059568
extDamp,0.1,30,98,49.5000,0.055855
extDamp,0.1,30,99,50.0000,0.056684
extDamp,0.1,40,0,0.5000,5.936108
extDamp,0.1,40,1,1.0000,4.622472
extDamp,0.1,40,2,1.5000,3.855651
extDamp,0.1,40,3,2.0000,3.228338
extDamp,0.1,40,4,2.5000,2.630768
extDamp,0.1,40,5,3.0000,2.043055
extDamp,0.1,40,6,3.5000,1.522872
extDamp,0.1,40,7,4.0000,1.197990
extDamp,0.1,40,8,4.5000,0.813220
extDamp,0.1,40,9,5.0000,0.587685
extDamp,0.1,40,10,5.5000,0.377829
extDamp,0.1,40,11,6.0000,0.209978
extDamp,0.1,40,12,6.5000,0.120784
extDamp,0.1,40,13,7.0000,0.130630
extDamp,0.1,40,14,7.5000,0.132997
extDamp,0.1,40,15,8.0000,0.125288
extDamp,0.1,40,16,8.5000,0.120911
extDamp,0.1,40,17,9.0000,0.136125
extDamp,0.1,40,18,9.5000,0.141656
extDamp,0.1,40,19,10.0000,0.144450
extDamp,0.1,40,20,10.5000,0.117394
extDamp,0.1,40,21,11.0000,0.117006
extDamp,0.1,40,22,11.5000,0.116666
extDamp,0.1,40,23,12.0000,0.116699
extDamp,0.1,40,24,12.5000,0.117388
extDamp,0.1,40,25,13.0000,0.119999
extDamp,0.1,40,26,13.5000,0.117196
extDamp,0.1,40,27,14.0000,0.112607
extDamp,0.1,40,28,14.5000,0.102914
extDamp,0.1,40,29,15.0000,0.107675
extDamp,0.1,40,30,15.5000,0.105524
extDamp,0.1,40,31,16.0000,0.104083
extDamp,0.1,40,32,16.5000,0.117455
extDamp,0.1,40,33,17.0000,0.116987
extDamp,0.1,40,34,17.5000,0.125264
extDamp,0.1,40,35,18.0000,0.121363
extDamp,0.1,40,36,18.5000,0.120366
extDamp,0.1,40,37,19.0000,0.130912
extDamp,0.1,40,38,19.5000,0.127740
extDamp,0.1,40,39,20.0000,0.112217
extDamp,0.1,40,40,20.5000,0.110915
extDamp,0.1,40,41,21.0000,0.114429
extDamp,0.1,40,42,21.5000,0.116889
extDamp,0.1,40,43,22.0000,0.120264
extDamp,0.1,40,44,22.5000,0.114442
extDamp,0.1,40,45,23.0000,0.112637
extDamp,0.1,40,46,23.5000,0.114844
extDamp,0.1,40,47,24.0000,0.113670
extDamp,0.1,40,48,24.5000,0.111253
extDamp,0.1,40,49,25.0000,0.103150
extDamp,0.1,40,50,25.5000,0.089439
extDamp,0.1,40,51,26.0000,0.083807
extDamp,0.1,40,52,26.5000,0.089237
extDamp,0.1,40,53,27.0000,0.086592
extDamp,0.1,40,54,27.5000,0.089489
extDamp,0.1,40,55,28.0000,0.094246
extDamp,0.1,40,56,28.5000,0.092904
extDamp,0.1,40,57,29.0000,0.095154
extDamp,0.1,40,58,29.5000,0.091328
extDamp,0.1,40,59,30.0000,0.084443
extDamp,0.1,40,60,30.5000,0.085973
extDamp,0.1,40,61,31.0000,0.089666
extDamp,0.1,40,62,31.5000,0.093036
extDamp,0.1,40,63,32.0000,0.089175
extDamp,0.1,40,64,32.5000,0.088255
extDamp,0.1,40,65,33.0000,0.088979
extDamp,0.1,40,66,33.5000,0.089808
extDamp,0.1,40,67,34.0000,0.087074
extDamp,0.1,40,68,34.5000,0.086255
extDamp,0.1,40,69,35.0000,0.081878
extDamp,0.1,40,70,35.5000,0.083222
extDamp,0.1,40,71,36.0000,0.078281
extDamp,0.1,40,72,36.5000,0.079357
extDamp,0.1,40,73,37.0000,0.074620
extDamp,0.1,40,74,37.5000,0.073270
extDamp,0.1,40,75,38.0000,0.071969
extDamp,0.1,40,76,38.5000,0.081354
extDamp,0.1,40,77,39.0000,0.086147
extDamp,0.1,40,78,39.5000,0.085394
extDamp,0.1,40,79,40.0000,0.084162
extDamp,0.1,40,80,40.5000,0.088007
extDamp,0.1,40,81,41.0000,0.086156
extDamp,0.1,40,82,41.5000,0.085423
extDamp,0.1,40,83,42.0000,0.087318
extDamp,0.1,40,84,42.5000,0.090453
extDamp,0.1,40,85,43.0000,0.092447
extDamp,0.1,40,86,43.5000,0.098676
extDamp,0.1,40,87,44.0000,0.092894
extDamp,0.1,40,88,44.5000,0.091053
extDamp,0.1,40,89,45.0000,0.091569
extDamp,0.1,40,90,45.5000,0.089272
extDamp,0.1,40,91,46.0000,0.085721
extDamp,0.1,40,92,46.5000,0.082340
extDamp,0.1,40,93,47.0000,0.085221
extDamp,0.1,40,94,47.5000,0.083760
extDamp,0.1,40,95,48.0000,0.081599
extDamp,0.1,40,96,48.5000,0.079103
extDamp,0.1,40,97,49.0000,0.081720
extDamp,0.1,40,98,49.5000,0.085094
extDamp,0.1,40,99,50.0000,0.083951
extDamp,0.1,50,0,0.5000,6.223072
extDamp,0.1,50,1,1.0000,5.125276
extDamp,0.1,50,2,1.5000,4.042559
extDamp,0.1,50,3,2.0000,3.266258
extDamp,0.1,50,4,2.5000,2.745529
extDamp,0.1,50,5,3.0000,2.145449
extDamp,0.1,50,6,3.5000,1.605221
extDamp,0.1,50,7,4.0000,1.292260
extDamp,0.1,50,8,4.5000,0.985129
extDamp,0.1,50,9,5.0000,0.727951
extDamp,0.1,50,10,5.5000,0.439177
extDamp,0.1,50,11,6.0000,0.353784
extDamp,0.1,50,12,6.5000,0.152617
extDamp,0.1,50,13,7.0000,0.123975
extDamp,0.1,50,14,7.5000,0.123801
extDamp,0.1,50,15,8.0000,0.101725
extDamp,0.1,50,16,8.5000,0.108392
extDamp,0.1,50,17,9.0000,0.117569
extDamp,0.1,50,18,9.5000,0.115792
extDamp,0.1,50,19,10.0000,0.106449
extDamp,0.1,50,20,10.5000,0.124065
extDamp,0.1,50,21,11.0000,0.114767
extDamp,0.1,50,22,11.5000,0.129371
extDamp,0.1,50,23,12.0000,0.127051
extDamp,0.1,50,24,12.5000,0.122078
extDamp,0.1,50,25,13.0000,0.117336
extDamp,0.1,50,26,13.5000,0.108445
extDamp,0.1,50,27,14.0000,0.103903
extDamp,0.1,50,28,14.5000,0.104073
extDamp,0.1,50,29,15.0000,0.107736
extDamp,0.1,50,30,15.5000,0.110400
extDamp,0.1,50,31,16.0000,0.125559
extDamp,0.1,50,32,16.5000,0.118696
extDamp,0.1,50,33,17.0000,0.131222
extDamp,0.1,50,34,17.5000,0.132992
extDamp,0.1,50,35,18.0000,0.114082
extDamp,0.1,50,36,18.5000,0.113268
extDamp,0.1,50,37,19.0000,0.110851
extDamp,0.1,50,38,19.5000,0.113532
extDamp,0.1,50,39,20.0000,0.111183
extDamp,0.1,50,40,20.5000,0.102770
extDamp,0.1,50,41,21.0000,0.106020
extDamp,0.1,50,42,21.5000,0.099654
extDamp,0.1,50,43,22.0000,0.099250
extDamp,0.1,50,44,22.5000,0.106523
extDamp,0.1,50,45,23.0000,0.112281
extDamp,0.1,50,46,23.5000,0.102193
extDamp,0.1,50,47,24.0000,0.101946
extDamp,0.1,50,48,24.5000,0.104461
extDamp,0.1,50,49,25.0000,0.112415
extDamp,0.1,50,50,25.5000,0.113487
extDamp,0.1,50,51,26.0000,0.100898
extDamp,0.1,50,52,26.5000,0.098454
extDamp,0.1,50,53,27.0000,0.105141
extDamp,0.1,50,54,27.5000,0.102409
extDamp,0.1,50,55,28.0000,0.101436
extDamp,0.1,50,56,28.5000,0.104646
extDamp,0.1,50,57,29.0000,0.099424
extDamp,0.1,50,58,29.5000,0.099262
extDamp,0.1,50,59,30.0000,0.102654
extDamp,0.1,50,60,30.5000,0.100813
extDamp,0.1,50,61,31.0000,0.103860
extDamp,0.1,50,62,31.5000,0.093646
extDamp,0.1,50,63,32.0000,0.091289
extDamp,0.1,50,64,32.5000,0.085802
extDamp,0.1,50,65,33.0000,0.086854
extDamp,0.1,50,66,33.5000,0.089099
extDamp,0.1,50,67,34.0000,0.088496
extDamp,0.1,50,68,34.5000,0.089747
extDamp,0.1,50,69,35.0000,0.091990
extDamp,0.1,50,70,35.5000,0.090246
extDamp,0.1,50,71,36.0000,0.083227
extDamp,0.1,50,72,36.5000,0.064913
extDamp,0.1,50,73,37.0000,0.062646
extDamp,0.1,50,74,37.5000,0.066204
extDamp,0.1,50,75,38.0000,0.061802
extDamp,0.1,50,76,38.5000,0.061743
extDamp,0.1,50,77,39.0000,0.066444
extDamp,0.1,50,78,39.5000,0.065173
extDamp,0.1,50,79,40.0000,0.059258
extDamp,0.1,50,80,40.5000,0.058181
extDamp,0.1,50,81,41.0000,0.055818
extDamp,0.1,50,82,41.5000,0.056949
extDamp,0.1,50,83,42.0000,0.055027
extDamp,0.1,50,84,42.5000,0.053386
extDamp,0.1,50,85,43.0000,0.052293
extDamp,0.1,50,86,43.5000,0.056625
extDamp,0.1,50,87,44.0000,0.057181
extDamp,0.1,50,88,44.5000,0.051029
extDamp,0.1,50,89,45.0000,0.052882
extDamp,0.1,50,90,45.5000,0.051540
extDamp,0.1,50,91,46.0000,0.047468
extDamp,0.1,50,92,46.5000,0.050934
extDamp,0.1,50,93,47.0000,0.049624
extDamp,0.1,50,94,47.5000,0.049930
extDamp,0.1,50,95,48.0000,0.047904
extDamp,0.1,50,96,48.5000,0.048243
extDamp,0.1,50,97,49.0000,0.047892
extDamp,0.1,50,98,49.5000,0.045519
extDamp,0.1,50,99,50.0000,0.043871
extDamp,10,10,0,0.5000,6.492514
extDamp,10,10,1,1.0000,5.363340
extDamp,10,10,2,1.5000,4.509604
extDamp,10,10,3,2.0000,3.657879
extDamp,10,10,4,2.5000,3.161855
extDamp,10,10,5,3.0000,2.439100
extDamp,10,10,6,3.5000,1.855238
extDamp,10,10,7,4.0000,1.466568
extDamp,10,10,8,4.5000,0.995338
extDamp,10,10,9,5.0000,0.721074
extDamp,10,10,10,5.5000,0.480218
extDamp,10,10,11,6.0000,0.221280
extDamp,10,10,12,6.5000,0.193389
extDamp,10,10,13,7.0000,0.102815
extDamp,10,10,14,7.5000,0.094803
extDamp,10,10,15,8.0000,0.089995
extDamp,10,10,16,8.5000,0.087110
extDamp,10,10,17,9.0000,0.085450
extDamp,10,10,18,9.5000,0.081404
extDamp,10,10,19,10.0000,0.082248
extDamp,10,10,20,10.5000,0.079858
extDamp,10,10,21,11.0000,0.075371
extDamp,10,10,22,11.5000,0.075582
extDamp,10,10,23,12.0000,0.081311
extDamp,10,10,24,12.5000,0.079087
extDamp,10,10,25,13.0000,0.078220
extDamp,10,10,26,13.5000,0.072958
extDamp,10,10,27,14.0000,0.072005
extDamp,10,10,28,14.5000,0.065030
extDamp,10,10,29,15.0000,0.066860
extDamp,10,10,30,15.5000,0.063816
extDamp,10,10,31,16.0000,0.064249
extDamp,10,10,32,16.5000,0.062818
extDamp,10,10,33,17.0000,0.060909
extDamp,10,10,34,17.5000,0.059174
extDamp,10,10,35,18.0000,0.059688
extDamp,10,10,36,18.5000,0.057912
extDamp,10,10,37,19.0000,0.057750
extDamp,10,10,38,19.5000,0.055849
extDamp,10,10,39,20.0000,0.055714
extDamp,10,10,40,20.5000,0.054417
extDamp,10,10,41,21.0000,0.053774
extDamp,10,10,42,21.5000,0.052916
extDamp,10,10,43,22.0000,0.053533
extDamp,10,10,44,22.5000,0.053949
extDamp,10,10,45,23.0000,0.053382
extDamp,10,10,46,23.5000,0.053263
extDamp,10,10,47,24.0000,0.049802
extDamp,10,10,48,24.5000,0.049179
extDamp,10,10,49,25.0000,0.048563
extDamp,10,10,50,25.5000,0.049230
extDamp,10,10,51,26.0000,0.048866
extDamp,10,10,52,26.5000,0.048385
extDamp,10,10,53,27.0000,0.048159
extDamp,10,10,54,27.5000,0.048815
extDamp,10,10,55,28.0000,0.049362
extDamp,10,10,56,28.5000,0.047936
extDamp,10,10,57,29.0000,0.045443
extDamp,10,10,58,29.5000,0.044917
extDamp,10,10,59,30.0000,0.044702
extDamp,10,10,60,30.5000,0.044843
extDamp,10,10,61,31.0000,0.044833
extDamp,10,10,62,31.5000,0.044199
extDamp,10,10,63,32.0000,0.043444
extDamp,10,10,64,32.5000,0.042997
extDamp,10,10,65,33.0000,0.043123
extDamp,10,10,66,33.5000,0.042499
extDamp,10,10,67,34.0000,0.042082
extDamp,10,10,68,34.5000,0.041455
extDamp,10,10,69,35.0000,0.041223
extDamp,10,10,70,35.5000,0.041293
extDamp,10,10,71,36.0000,0.042489
extDamp,10,10,72,36.5000,0.041601
extDamp,10,10,73,37.0000,0.041897
extDamp,10,10,74,37.5000,0.041351
extDamp,10,10,75,38.0000,0.041977
extDamp,10,10,76,38.5000,0.042194
extDamp,10,10,77,39.0000,0.040745
extDamp,10,10,78,39.5000,0.040523
extDamp,10,10,79,40.0000,0.040284
extDamp,10,10,80,40.5000,0.039965
extDamp,10,10,81,41.0000,0.039788
extDamp,10,10,82,41.5000,0.039112
extDamp,10,10,83,42.0000,0.039241
extDamp,10,10,84,42.5000,0.038596
extDamp,10,10,85,43.0000,0.038641
extDamp,10,10,86,43.5000,0.039838
extDamp,10,10,87,44.0000,0.041241
extDamp,10,10,88,44.5000,0.042752
extDamp,10,10,89,45.0000,0.040679
extDamp,10,10,90,45.5000,0.040274
extDamp,10,10,91,46.0000,0.040975
extDamp,10,10,92,46.5000,0.045231
extDamp,10,10,93,47.0000,0.046251
extDamp,10,10,94,47.5000,0.046698
extDamp,10,10,95,48.0000,0.047724
extDamp,10,10,96,48.5000,0.049666
extDamp,10,10,97,49.0000,0.047714
extDamp,10,10,98,49.5000,0.049700
extDamp,10,10,99,50.0000,0.051039
extDamp,10,20,0,0.5000,6.198728
extDamp,10,20,1,1.0000,4.742004
extDamp,10,20,2,1.5000,3.763213
extDamp,10,20,3,2.0000,3.169637
extDamp,10,20,4,2.5000,2.758432
extDamp,10,20,5,3.0000,2.069873
extDamp,10,20,6,3.5000,1.701518
extDamp,10,20,7,4.0000,1.389702
extDamp,10,20,8,4.5000,1.121605
extDamp,10,20,9,5.0000,0.630976
extDamp,10,20,10,5.5000,0.526176
extDamp,10,20,11,6.0000,0.362382
extDamp,10,20,12,6.5000,0.139621
extDamp,10,20,13,7.0000,0.108840
extDamp,10,20,14,7.5000,0.104438
extDamp,10,20,15,8.0000,0.100205
extDamp,10,20,16,8.5000,0.097179
extDamp,10,20,17,9.0000,0.093098
extDamp,10,20,18,9.5000,0.090994
extDamp,10,20,19,10.0000,0.093340
extDamp,10,20,20,10.5000,0.101791
extDamp,10,20,21,11.0000,0.098306
extDamp,10,20,22,11.5000,0.089496
extDamp,10,20,23,12.0000,0.086642
extDamp,10,20,24,12.5000,0.084747
extDamp,10,20,25,13.0000,0.081528
extDamp,10,20,26,13.5000,0.078062
extDamp,10,20,27,14.0000,0.079244
extDamp,10,20,28,14.5000,0.089360
extDamp,10,20,29,15.0000,0.088603
extDamp,10,20,30,15.5000,0.079227
extDamp,10,20,31,16.0000,0.075625
extDamp,10,20,32,16.5000,0.070864
extDamp,10,20,33,17.0000,0.067471
extDamp,10,20,34,17.5000,0.061721
extDamp,10,20,35,18.0000,0.062189
extDamp,10,20,36,18.5000,0.061153
extDamp,10,20,37,19.0000,0.061994
extDamp,10,20,38,19.5000,0.063271
extDamp,10,20,39,20.0000,0.060099
extDamp,10,20,40,20.5000,0.059876
extDamp,10,20,41,21.0000,0.058657
extDamp,10,20,42,21.5000,0.059171
extDamp,10,20,43,22.0000,0.059800
extDamp,10,20,44,22.5000,0.058916
extDamp,10,20,45,23.0000,0.057169
extDamp,10,20,46,23.5000,0.056901
extDamp,10,20,47,24.0000,0.059486
extDamp,10,20,48,24.5000,0.055678
extDamp,10,20,49,25.0000,0.055684
extDamp,10,20,50,25.5000,0.053669
extDamp,10,20,51,26.0000,0.052598
extDamp,10,20,52,26.5000,0.051971
extDamp,10,20,53,27.0000,0.052341
extDamp,10,20,54,27.5000,0.053064
extDamp,10,20,55,28.0000,0.052884
extDamp,10,20,56,28.5000,0.050225
extDamp,10,20,57,29.0000,0.050667
extDamp,10,20,58,29.5000,0.049636
extDamp,10,20,59,30.0000,0.051753
extDamp,10,20,60,30.5000,0.053860
extDamp,10,20,61,31.0000,0.053719
extDamp,10,20,62,31.5000,0.055144
extDamp,10,20,63,32.0000,0.053189
extDamp,10,20,64,32.5000,0.050976
extDamp,10,20,65,33.0000,0.049888
extDamp,10,20,66,33.5000,0.048645
extDamp,10,20,67,34.0000,0.049716
extDamp,10,20,68,34.5000,0.048274
extDamp,10,20,69,35.0000,0.047235
extDamp,10,20,70,35.5000,0.047699
extDamp,10,20,71,36.0000,0.047824
extDamp,10,20,72,36.5000,0.047290
extDamp,10,20,73,37.0000,0.047293
extDamp,10,20,74,37.5000,0.047014
extDamp,10,20,75,38.0000,0.042862
extDamp,10,20,76,38.5000,0.043510
extDamp,10,20,77,39.0000,0.041529
extDamp,10,20,78,39.5000,0.041402
extDamp,10,20,79,40.0000,0.040987
extDamp,10,20,80,40.5000,0.040710
extDamp,10,20,81,41.0000,0.040527
extDamp,10,20,82,41.5000,0.041519
extDamp,10,20,83,42.0000,0.041415
extDamp,10,20,84,42.5000,0.041337
extDamp,10,20,85,43.0000,0.040418
extDamp,10,20,86,43.5000,0.040607
extDamp,10,20,87,44.0000,0.039812
extDamp,10,20,88,44.5000,0.038948
extDamp,10,20,89,45.0000,0.040183
extDamp,10,20,90,45.5000,0.039108
extDamp,10,20,91,46.0000,0.037345
extDamp,10,20,92,46.5000,0.037745
extDamp,10,20,93,47.0000,0.036954
extDamp,10,20,94,47.5000,0.036821
extDamp,10,20,95,48.0000,0.036802
extDamp,10,20,96,48.5000,0.036981
extDamp,10,20,97,49.0000,0.036636
extDamp,10,20,98,49.5000,0.037972
extDamp,10,20,99,50.0000,0.037335
extDamp,10,30,0,0.5000,6.272309
extDamp,10,30,1,1.0000,4.928815
extDamp,10,30,2,1.5000,4.002967
extDamp,10,30,3,2.0000,3.389631
extDamp,10,30,4,2.5000,2.638889
extDamp,10,30,5,3.0000,2.242788
extDamp,10,30,6,3.5000,1.592169
extDamp,10,30,7,4.0000,1.169813
extDamp,10,30,8,4.5000,0.934679
extDamp,10,30,9,5.0000,0.684296
extDamp,10,30,10,5.5000,0.526285
extDamp,10,30,11,6.0000,0.189099
extDamp,10,30,12,6.5000,0.152332
extDamp,10,30,13,7.0000,0.139315
extDamp,10,30,14,7.5000,0.118948
extDamp,10,30,15,8.0000,0.109496
extDamp,10,30,16,8.5000,0.097333
extDamp,10,30,17,9.0000,0.088818
extDamp,10,30,18,9.5000,0.085114
extDamp,10,30,19,10.0000,0.084567
extDamp,10,30,20,10.5000,0.077890
extDamp,10,30,21,11.0000,0.075681
extDamp,10,30,22,11.5000,0.077144
extDamp,10,30,23,12.0000,0.076586
extDamp,10,30,24,12.5000,0.074256
extDamp,10,30,25,13.0000,0.071915
extDamp,10,30,26,13.5000,0.071920
extDamp,10,30,27,14.0000,0.069940
extDamp,10,30,28,14.5000,0.068454
extDamp,10,30,29,15.0000,0.067616
extDamp,10,30,30,15.5000,0.066084
extDamp,10,30,31,16.0000,0.066469
extDamp,10,30,32,16.5000,0.063645
extDamp,10,30,33,17.0000,0.062109
extDamp,10,30,34,17.5000,0.061038
extDamp,10,30,35,18.0000,0.061938
extDamp,10,30,36,18.5000,0.059409
extDamp,10,30,37,19.0000,0.059624
extDamp,10,30,38,19.5000,0.059408
extDamp,10,30,39,20.0000,0.060365
extDamp,10,30,40,20.5000,0.057798
extDamp,10,30,41,21.0000,0.060444
extDamp,10,30,42,21.5000,0.058750
extDamp,10,30,43,22.0000,0.061540
extDamp,10,30,44,22.5000,0.057643
extDamp,10,30,45,23.0000,0.053524
extDamp,10,30,46,23.5000,0.052930
extDamp,10,30,47,24.0000,0.052319
extDamp,10,30,48,24.5000,0.051840
extDamp,10,30,49,25.0000,0.052384
extDamp,10,30,50,25.5000,0.052495
extDamp,10,30,51,26.0000,0.049483
extDamp,10,30,52,26.5000,0.049078
extDamp,10,30,53,27.0000,0.048363
extDamp,10,30,54,27.5000,0.051424
extDamp,10,30,55,28.0000,0.047333
extDamp,10,30,56,28.5000,0.046907
extDamp,10,30,57,29.0000,0.046078
extDamp,10,30,58,29.5000,0.047350
extDamp,10,30,59,30.0000,0.045160
extDamp,10,30,60,30.5000,0.044543
extDamp,10,30,61,31.0000,0.043929
extDamp,10,30,62,31.5000,0.043458
extDamp,10,30,63,32.0000,0.043119
extDamp,10,30,64,32.5000,0.043270
extDamp,10,30,65,33.0000,0.043782
extDamp,10,30,66,33.5000,0.043629
extDamp,10,30,67,34.0000,0.042932
extDamp,10,30,68,34.5000,0.044695
extDamp,10,30,69,35.0000,0.044129
extDamp,10,30,70,35.5000,0.043507
extDamp,10,30,71,36.0000,0.042387
extDamp,10,30,72,36.5000,0.044476
extDamp,10,30,73,37.0000,0.043109
extDamp,10,30,74,37.5000,0.042275
extDamp,10,30,75,38.0000,0.041141
extDamp,10,30,76,38.5000,0.040905
extDamp,10,30,77,39.0000,0.040472
extDamp,10,30,78,39.5000,0.041168
extDamp,10,30,79,40.0000,0.040651
extDamp,10,30,80,40.5000,0.040226
extDamp,10,30,81,41.0000,0.041127
extDamp,10,30,82,41.5000,0.043288
extDamp,10,30,83,42.0000,0.043224
extDamp,10,30,84,42.5000,0.042497
extDamp,10,30,85,43.0000,0.041674
extDamp,10,30,86,43.5000,0.040308
extDamp,10,30,87,44.0000,0.039981
extDamp,10,30,88,44.5000,0.040357
extDamp,10,30,89,45.0000,0.039449
extDamp,10,30,90,45.5000,0.039544
extDamp,10,30,91,46.0000,0.043581
extDamp,10,30,92,46.5000,0.038934
extDamp,10,30,93,47.0000,0.038358
extDamp,10,30,94,47.5000,0.037568
extDamp,10,30,95,48.0000,0.037318
extDamp,10,30,96,48.5000,0.038548
extDamp,10,30,97,49.0000,0.041634
extDamp,10,30,98,49.5000,0.042858
extDamp,10,30,99,50.0000,0.040103
extDamp,10,40,0,0.5000,5.820913
extDamp,10,40,1,1.0000,4.946729
extDamp,10,40,2,1.5000,4.483145
extDamp,10,40,3,2.0000,3.511541
extDamp,10,40,4,2.5000,3.015218
extDamp,10,40,5,3.0000,2.265752
extDamp,10,40,6,3.5000,1.856297
extDamp,10,40,7,4.0000,1.460828
extDamp,10,40,8,4.5000,1.141522
extDamp,10,40,9,5.0000,0.735599
extDamp,10,40,10,5.5000,0.498129
extDamp,10,40,11,6.0000,0.254885
extDamp,10,40,12,6.5000,0.183027
extDamp,10,40,13,7.0000,0.142935
extDamp,10,40,14,7.5000,0.142781
extDamp,10,40,15,8.0000,0.139938
extDamp,10,40,16,8.5000,0.139847
extDamp,10,40,17,9.0000,0.134343
extDamp,10,40,18,9.5000,0.123779
extDamp,10,40,19,10.0000,0.125068
extDamp,10,40,20,10.5000,0.117764
extDamp,10,40,21,11.0000,0.124076
extDamp,10,40,22,11.5000,0.113262
extDamp,10,40,23,12.0000,0.112388
extDamp,10,40,24,12.5000,0.111027
extDamp,10,40,25,13.0000,0.105597
extDamp,10,40,26,13.5000,0.085214
extDamp,10,40,27,14.0000,0.074248
extDamp,10,40,28,14.5000,0.073524
extDamp,10,40,29,15.0000,0.090502
extDamp,10,40,30,15.5000,0.100461
extDamp,10,40,31,16.0000,0.109735
extDamp,10,40,32,16.5000,0.107364
extDamp,10,40,33,17.0000,0.112344
extDamp,10,40,34,17.5000,0.126891
extDamp,10,40,35,18.0000,0.132134
extDamp,10,40,36,18.5000,0.132246
extDamp,10,40,37,19.0000,0.140635
extDamp,10,40,38,19.5000,0.137653
extDamp,10,40,39,20.0000,0.128577
extDamp,10,40,40,20.5000,0.132797
extDamp,10,40,41,21.0000,0.124798
extDamp,10,40,42,21.5000,0.137890
extDamp,10,40,43,22.0000,0.134717
extDamp,10,40,44,22.5000,0.132778
extDamp,10,40,45,23.0000,0.120162
extDamp,10,40,46,23.5000,0.120153
extDamp,10,40,47,24.0000,0.120007
extDamp,10,40,48,24.5000,0.118321
extDamp,10,40,49,25.0000,0.114890
extDamp,10,40,50,25.5000,0.115382
extDamp,10,40,51,26.0000,0.113134
extDamp,10,40,52,26.5000,0.097044
extDamp,10,40,53,27.0000,0.104520
extDamp,10,40,54,27.5000,0.100070
extDamp,10,40,55,28.0000,0.100723
extDamp,10,40,56,28.5000,0.100549
extDamp,10,40,57,29.0000,0.101622
extDamp,10,40,58,29.5000,0.101228
extDamp,10,40,59,30.0000,0.103209
extDamp,10,40,60,30.5000,0.101607
extDamp,10,40,61,31.0000,0.100453
extDamp,10,40,62,31.5000,0.098452
extDamp,10,40,63,32.0000,0.100264
extDamp,10,40,64,32.5000,0.098863
extDamp,10,40,65,33.0000,0.094245
extDamp,10,40,66,33.5000,0.100360
extDamp,10,40,67,34.0000,0.098456
extDamp,10,40,68,34.5000,0.100624
extDamp,10,40,69,35.0000,0.101043
extDamp,10,40,70,35.5000,0.102377
extDamp,10,40,71,36.0000,0.100352
extDamp,10,40,72,36.5000,0.102366
extDamp,10,40,73,37.0000,0.103790
extDamp,10,40,74,37.5000,0.106442
extDamp,10,40,75,38.0000,0.106625
extDamp,10,40,76,38.5000,0.105026
extDamp,10,40,77,39.0000,0.105289
extDamp,10,40,78,39.5000,0.107632
extDamp,10,40,79,40.0000,0.106508
extDamp,10,40,80,40.5000,0.103489
extDamp,10,40,81,41.0000,0.103260
extDamp,10,40,82,41.5000,0.100653
extDamp,10,40,83,42.0000,0.096628
extDamp,10,40,84,42.5000,0.096161
extDamp,10,40,85,43.0000,0.091662
extDamp,10,40,86,43.5000,0.092462
extDamp,10,40,87,44.0000,0.092172
extDamp,10,40,88,44.5000,0.090287
extDamp,10,40,89,45.0000,0.090012
extDamp,10,40,90,45.5000,0.091432
extDamp,10,40,91,46.0000,0.089492
extDamp,10,40,92,46.5000,0.084673
extDamp,10,40,93,47.0000,0.083296
extDamp,10,40,94,47.5000,0.082315
extDamp,10,40,95,48.0000,0.082049
extDamp,10,40,96,48.5000,0.077199
extDamp,10,40,97,49.0000,0.073041
extDamp,10,40,98,49.5000,0.071941
extDamp,10,40,99,50.0000,0.071671
extDamp,10,50,0,0.5000,6.033365
extDamp,10,50,1,1.0000,4.642159
extDamp,10,50,2,1.5000,3.818577
extDamp,10,50,3,2.0000,3.166589
extDamp,10,50,4,2.5000,2.508849
extDamp,10,50,5,3.0000,2.094672
extDamp,10,50,6,3.5000,1.751109
extDamp,10,50,7,4.0000,1.497969
extDamp,10,50,8,4.5000,1.201626
extDamp,10,50,9,5.0000,0.890787
extDamp,10,50,10,5.5000,0.674863
extDamp,10,50,11,6.0000,0.510019
extDamp,10,50,12,6.5000,0.237601
extDamp,10,50,13,7.0000,0.147051
extDamp,10,50,14,7.5000,0.109346
extDamp,10,50,15,8.0000,0.107728
extDamp,10,50,16,8.5000,0.103614
extDamp,10,50,17,9.0000,0.105676
extDamp,10,50,18,9.5000,0.098509
extDamp,10,50,19,10.0000,0.093518
extDamp,10,50,20,10.5000,0.087279
extDamp,10,50,21,11.0000,0.082608
extDamp,10,50,22,11.5000,0.080288
extDamp,10,50,23,12.0000,0.088814
extDamp,10,50,24,12.5000,0.095368
extDamp,10,50,25,13.0000,0.086516
extDamp,10,50,26,13.5000,0.089451
extDamp,10,50,27,14.0000,0.110427
extDamp,10,50,28,14.5000,0.104171
extDamp,10,50,29,15.0000,0.102946
extDamp,10,50,30,15.5000,0.098606
extDamp,10,50,31,16.0000,0.093110
extDamp,10,50,32,16.5000,0.097647
extDamp,10,50,33,17.0000,0.092055
extDamp,10,50,34,17.5000,0.097023
extDamp,10,50,35,18.0000,0.095737
extDamp,10,50,36,18.5000,0.109503
extDamp,10,50,37,19.0000,0.106911
extDamp,10,50,38,19.5000,0.100030
extDamp,10,50,39,20.0000,0.112981
extDamp,10,50,40,20.5000,0.112639
extDamp,10,50,41,21.0000,0.099748
extDamp,10,50,42,21.5000,0.100043
extDamp,10,50,43,22.0000,0.101596
extDamp,10,50,44,22.5000,0.103273
extDamp,10,50,45,23.0000,0.109438
extDamp,10,50,46,23.5000,0.114791
extDamp,10,50,47,24.0000,0.102032
extDamp,10,50,48,24.5000,0.102324
extDamp,10,50,49,25.0000,0.097310
extDamp,10,50,50,25.5000,0.093607
extDamp,10,50,51,26.0000,0.107336
extDamp,10,50,52,26.5000,0.100527
extDamp,10,50,53,27.0000,0.102016
extDamp,10,50,54,27.5000,0.097632
extDamp,10,50,55,28.0000,0.101388
extDamp,10,50,56,28.5000,0.100349
extDamp,10,50,57,29.0000,0.100370
extDamp,10,50,58,29.5000,0.102552
extDamp,10,50,59,30.0000,0.099449
extDamp,10,50,60,30.5000,0.093994
extDamp,10,50,61,31.0000,0.090047
extDamp,10,50,62,31.5000,0.090209
extDamp,10,50,63,32.0000,0.080942
extDamp,10,50,64,32.5000,0.078297
extDamp,10,50,65,33.0000,0.078451
extDamp,10,50,66,33.5000,0.077585
extDamp,10,50,67,34.0000,0.078836
extDamp,10,50,68,34.5000,0.078785
extDamp,10,50,69,35.0000,0.076725
extDamp,10,50,70,35.5000,0.068050
extDamp,10,50,71,36.0000,0.065353
extDamp,10,50,72,36.5000,0.066923
extDamp,10,50,73,37.0000,0.064406
extDamp,10,50,74,37.5000,0.063839
extDamp,10,50,75,38.0000,0.065305
extDamp,10,50,76,38.5000,0.068917
extDamp,10,50,77,39.0000,0.067225
extDamp,10,50,78,39.5000,0.063626
extDamp,10,50,79,40.0000,0.062729
extDamp,10,50,80,40.5000,0.058583
extDamp,10,50,81,41.0000,0.061230
extDamp,10,50,82,41.5000,0.059953
extDamp,10,50,83,42.0000,0.054692
extDamp,10,50,84,42.5000,0.057577
extDamp,10,50,85,43.0000,0.057308
extDamp,10,50,86,43.5000,0.055491
extDamp,10,50,87,44.0000,0.056496
extDamp,10,50,88,44.5000,0.056018
extDamp,10,50,89,45.0000,0.053119
extDamp,10,50,90,45.5000,0.052019
extDamp,10,50,91,46.0000,0.051860
extDamp,10,50,92,46.5000,0.051942
extDamp,10,50,93,47.0000,0.049791
extDamp,10,50,94,47.5000,0.045372
extDamp,10,50,95,48.0000,0.044733
extDamp,10,50,96,48.5000,0.044353
extDamp,10,50,97,49.0000,0.044045
extDamp,10,50,98,49.5000,0.042590
extDamp,10,50,99,50.0000,0.046676
extDamp,1,10,0,0.5000,5.922742
extDamp,1,10,1,1.0000,4.850032
extDamp,1,10,2,1.5000,4.039542
extDamp,1,10,3,2.0000,3.377400
extDamp,1,10,4,2.5000,2.806393
extDamp,1,10,5,3.0000,2.308528
extDamp,1,10,6,3.5000,1.717415
extDamp,1,10,7,4.0000,1.417008
extDamp,1,10,8,4.5000,0.956189
extDamp,1,10,9,5.0000,0.648419
extDamp,1,10,10,5.5000,0.499361
extDamp,1,10,11,6.0000,0.323858
extDamp,1,10,12,6.5000,0.238515
extDamp,1,10,13,7.0000,0.152708
extDamp,1,10,14,7.5000,0.139752
extDamp,1,10,15,8.0000,0.113186
extDamp,1,10,16,8.5000,0.104803
extDamp,1,10,17,9.0000,0.100286
extDamp,1,10,18,9.5000,0.090672
extDamp,1,10,19,10.0000,0.089899
extDamp,1,10,20,10.5000,0.080238
extDamp,1,10,21,11.0000,0.079719
extDamp,1,10,22,11.5000,0.077901
extDamp,1,10,23,12.0000,0.077428
extDamp,1,10,24,12.5000,0.076686
extDamp,1,10,25,13.0000,0.076043
extDamp,1,10,26,13.5000,0.080389
extDamp,1,10,27,14.0000,0.080952
extDamp,1,10,28,14.5000,0.078179
extDamp,1,10,29,15.0000,0.072202
extDamp,1,10,30,15.5000,0.071995
extDamp,1,10,31,16.0000,0.068749
extDamp,1,10,32,16.5000,0.079347
extDamp,1,10,33,17.0000,0.079048
extDamp,1,10,34,17.5000,0.074302
extDamp,1,10,35,18.0000,0.084330
extDamp,1,10,36,18.5000,0.090022
extDamp,1,10,37,19.0000,0.091928
extDamp,1,10,38,19.5000,0.086175
extDamp,1,10,39,20.0000,0.106452
extDamp,1,10,40,20.5000,0.109470
extDamp,1,10,41,21.0000,0.100373
extDamp,1,10,42,21.5000,0.097444
extDamp,1,10,43,22.0000,0.086203
extDamp,1,10,44,22.5000,0.083173
extDamp,1,10,45,23.0000,0.077747
extDamp,1,10,46,23.5000,0.079326
extDamp,1,10,47,24.0000,0.084026
extDamp,1,10,48,24.5000,0.080521
extDamp,1,10,49,25.0000,0.076403
extDamp,1,10,50,25.5000,0.071302
extDamp,1,10,51,26.0000,0.070114
extDamp,1,10,52,26.5000,0.070296
extDamp,1,10,53,27.0000,0.067596
extDamp,1,10,54,27.5000,0.064865
extDamp,1,10,55,28.0000,0.070009
extDamp,1,10,56,28.5000,0.071926
extDamp,1,10,57,29.0000,0.069354
extDamp,1,10,58,29.5000,0.067742
extDamp,1,10,59,30.0000,0.065566
extDamp,1,10,60,30.5000,0.065608
extDamp,1,10,61,31.0000,0.066013
extDamp,1,10,62,31.5000,0.061266
extDamp,1,10,63,32.0000,0.058167
extDamp,1,10,64,32.5000,0.060276
extDamp,1,10,65,33.0000,0.059611
extDamp,1,10,66,33.5000,0.057208
extDamp,1,10,67,34.0000,0.052423
extDamp,1,10,68,34.5000,0.049193
extDamp,1,10,69,35.0000,0.052274
extDamp,1,10,70,35.5000,0.052939
extDamp,1,10,71,36.0000,0.050564
extDamp,1,10,72,36.5000,0.047434
extDamp,1,10,73,37.0000,0.049247
extDamp,1,10,74,37.5000,0.048298
extDamp,1,10,75,38.0000,0.047105
extDamp,1,10,76,38.5000,0.050287
extDamp,1,10,77,39.0000,0.049085
extDamp,1,10,78,39.5000,0.053323
extDamp,1,10,79,40.0000,0.049676
extDamp,1,10,80,40.5000,0.048386
extDamp,1,10,81,41.0000,0.046450
extDamp,1,10,82,41.5000,0.045498
extDamp,1,10,83,42.0000,0.046512
extDamp,1,10,84,42.5000,0.046652
extDamp,1,10,85,43.0000,0.045497
extDamp,1,10,86,43.5000,0.047167
extDamp,1,10,87,44.0000,0.048039
extDamp,1,10,88,44.5000,0.047906
extDamp,1,10,89,45.0000,0.051082
extDamp,1,10,90,45.5000,0.050025
extDamp,1,10,91,46.0000,0.051901
extDamp,1,10,92,46.5000,0.056140
extDamp,1,10,93,47.0000,0.060875
extDamp,1,10,94,47.5000,0.058504
extDamp,1,10,95,48.0000,0.054693
extDamp,1,10,96,48.5000,0.054283
extDamp,1,10,97,49.0000,0.055957
extDamp,1,10,98,49.5000,0.054883
extDamp,1,10,99,50.0000,0.052587
extDamp,1,20,0,0.5000,6.082583
extDamp,1,20,1,1.0000,4.893115
extDamp,1,20,2,1.5000,4.075015
extDamp,1,20,3,2.0000,3.421441
extDamp,1,20,4,2.5000,2.859062
extDamp,1,20,5,3.0000,2.383363
extDamp,1,20,6,3.5000,1.736788
extDamp,1,20,7,4.0000,1.280838
extDamp,1,20,8,4.5000,0.949418
extDamp,1,20,9,5.0000,0.841471
extDamp,1,20,10,5.5000,0.628537
extDamp,1,20,11,6.0000,0.316605
extDamp,1,20,12,6.5000,0.146744
extDamp,1,20,13,7.0000,0.116477
extDamp,1,20,14,7.5000,0.112569
extDamp,1,20,15,8.0000,0.114557
extDamp,1,20,16,8.5000,0.109239
extDamp,1,20,17,9.0000,0.111289
extDamp,1,20,18,9.5000,0.090862
extDamp,1,20,19,10.0000,0.086269
extDamp,1,20,20,10.5000,0.084732
extDamp,1,20,21,11.0000,0.083385
extDamp,1,20,22,11.5000,0.081575
extDamp,1,20,23,12.0000,0.077630
extDamp,1,20,24,12.5000,0.076344
extDamp,1,20,25,13.0000,0.072879
extDamp,1,20,26,13.5000,0.069606
extDamp,1,20,27,14.0000,0.067606
extDamp,1,20,28,14.5000,0.067338
extDamp,1,20,29,15.0000,0.068430
extDamp,1,20,30,15.5000,0.069054
extDamp,1,20,31,16.0000,0.065198
extDamp,1,20,32,16.5000,0.064269
extDamp,1,20,33,17.0000,0.064535
extDamp,1,20,34,17.5000,0.060270
extDamp,1,20,35,18.0000,0.059217
extDamp,1,20,36,18.5000,0.059966
extDamp,1,20,37,19.0000,0.057723
extDamp,1,20,38,19.5000,0.056346
extDamp,1,20,39,20.0000,0.056123
extDamp,1,20,40,20.5000,0.055796
extDamp,1,20,41,21.0000,0.055595
extDamp,1,20,42,21.5000,0.053398
extDamp,1,20,43,22.0000,0.055681
extDamp,1,20,44,22.5000,0.055666
extDamp,1,20,45,23.0000,0.059332
extDamp,1,20,46,23.5000,0.056989
extDamp,1,20,47,24.0000,0.053133
extDamp,1,20,48,24.5000,0.053823
extDamp,1,20,49,25.0000,0.053530
extDamp,1,20,50,25.5000,0.051105
extDamp,1,20,51,26.0000,0.051815
extDamp,1,20,52,26.5000,0.052576
extDamp,1,20,53,27.0000,0.052352
extDamp,1,20,54,27.5000,0.052829
extDamp,1,20,55,28.0000,0.052137
extDamp,1,20,56,28.5000,0.052215
extDamp,1,20,57,29.0000,0.050357
extDamp,1,20,58,29.5000,0.047743
extDamp,1,20,59,30.0000,0.046714
extDamp,1,20,60,30.5000,0.048965
extDamp,1,20,61,31.0000,0.049469
extDamp,1,20,62,31.5000,0.048080
extDamp,1,20,63,32.0000,0.046707
extDamp,1,20,64,32.5000,0.046810
extDamp,1,20,65,33.0000,0.047283
extDamp,1,20,66,33.5000,0.052085
extDamp,1,20,67,34.0000,0.054792
extDamp,1,20,68,34.5000,0.058336
extDamp,1,20,69,35.0000,0.061052
extDamp,1,20,70,35.5000,0.062842
extDamp,1,20,71,36.0000,0.062982
extDamp,1,20,72,36.5000,0.061132
extDamp,1,20,73,37.0000,0.061842
extDamp,1,20,74,37.5000,0.058586
extDamp,1,20,75,38.0000,0.060101
extDamp,1,20,76,38.5000,0.062761
extDamp,1,20,77,39.0000,0.061560
extDamp,1,20,78,39.5000,0.065250
extDamp,1,20,79,40.0000,0.065010
extDamp,1,20,80,40.5000,0.062848
extDamp,1,20,81,41.0000,0.069686
extDamp,1,20,82,41.5000,0.070470
extDamp,1,20,83,42.0000,0.068613
extDamp,1,20,84,42.5000,0.069459
extDamp,1,20,85,43.0000,0.069854
extDamp,1,20,86,43.5000,0.070140
extDamp,1,20,87,44.0000,0.067543
extDamp,1,20,88,44.5000,0.070307
extDamp,1,20,89,45.0000,0.068310
extDamp,1,20,90,45.5000,0.068987
extDamp,1,20,91,46.0000,0.072735
extDamp,1,20,92,46.5000,0.077743
extDamp,1,20,93,47.0000,0.083233
extDamp,1,20,94,47.5000,0.081733
extDamp,1,20,95,48.0000,0.079699
extDamp,1,20,96,48.5000,0.080545
extDamp,1,20,97,49.0000,0.080201
extDamp,1,20,98,49.5000,0.080548
extDamp,1,20,99,50.0000,0.077459
extDamp,1,30,0,0.5000,5.831346
extDamp,1,30,1,1.0000,4.686959
extDamp,1,30,2,1.5000,4.045505
extDamp,1,30,3,2.0000,3.225262
extDamp,1,30,4,2.5000,2.492303
extDamp,1,30,5,3.0000,1.902872
extDamp,1,30,6,3.5000,1.424956
extDamp,1,30,7,4.0000,1.177409
extDamp,1,30,8,4.5000,0.992702
extDamp,1,30,9,5.0000,0.593781
extDamp,1,30,10,5.5000,0.391063
extDamp,1,30,11,6.0000,0.299770
extDamp,1,30,12,6.5000,0.178725
extDamp,1,30,13,7.0000,0.153011
extDamp,1,30,14,7.5000,0.161587
extDamp,1,30,15,8.0000,0.159266
extDamp,1,30,16,8.5000,0.134399
extDamp,1,30,17,9.0000,0.124209
extDamp,1,30,18,9.5000,0.118312
extDamp,1,30,19,10.0000,0.110023
extDamp,1,30,20,10.5000,0.112855
extDamp,1,30,21,11.0000,0.090441
extDamp,1,30,22,11.5000,0.099078
extDamp,1,30,23,12.0000,0.088632
extDamp,1,30,24,12.5000,0.088192
extDamp,1,30,25,13.0000,0.083611
extDamp,1,30,26,13.5000,0.085746
extDamp,1,30,27,14.0000,0.080365
extDamp,1,30,28,14.5000,0.079827
extDamp,1,30,29,15.0000,0.084048
extDamp,1,30,30,15.5000,0.087101
extDamp,1,30,31,16.0000,0.091981
extDamp,1,30,32,16.5000,0.099833
extDamp,1,30,33,17.0000,0.097666
extDamp,1,30,34,17.5000,0.095423
extDamp,1,30,35,18.0000,0.104425
extDamp,1,30,36,18.5000,0.105943
extDamp,1,30,37,19.0000,0.100740
extDamp,1,30,38,19.5000,0.098558
extDamp,1,30,39,20.0000,0.105380
extDamp,1,30,40,20.5000,0.089658
extDamp,1,30,41,21.0000,0.082976
extDamp,1,30,42,21.5000,0.074232
extDamp,1,30,43,22.0000,0.071995
extDamp,1,30,44,22.5000,0.071265
extDamp,1,30,45,23.0000,0.074886
extDamp,1,30,46,23.5000,0.075339
extDamp,1,30,47,24.0000,0.073680
extDamp,1,30,48,24.5000,0.068395
extDamp,1,30,49,25.0000,0.073785
extDamp,1,30,50,25.5000,0.074143
extDamp,1,30,51,26.0000,0.075589
extDamp,1,30,52,26.5000,0.071472
extDamp,1,30,53,27.0000,0.075796
extDamp,1,30,54,27.5000,0.071993
extDamp,1,30,55,28.0000,0.069221
extDamp,1,30,56,28.5000,0.067023
extDamp,1,30,57,29.0000,0.063192
extDamp,1,30,58,29.5000,0.056639
extDamp,1,30,59,30.0000,0.055760
extDamp,1,30,60,30.5000,0.054625
extDamp,1,30,61,31.0000,0.053782
extDamp,1,30,62,31.5000,0.051493
extDamp,1,30,63,32.0000,0.051835
extDamp,1,30,64,32.5000,0.052178
extDamp,1,30,65,33.0000,0.047989
extDamp,1,30,66,33.5000,0.051064
extDamp,1,30,67,34.0000,0.050979
extDamp,1,30,68,34.5000,0.048233
extDamp,1,30,69,35.0000,0.047574
extDamp,1,30,70,35.5000,0.045378
extDamp,1,30,71,36.0000,0.045859
extDamp,1,30,72,36.5000,0.044510
extDamp,1,30,73,37.0000,0.042997
extDamp,1,30,74,37.5000,0.044024
extDamp,1,30,75,38.0000,0.044357
extDamp,1,30,76,38.5000,0.044292
extDamp,1,30,77,39.0000,0.046539
extDamp,1,30,78,39.5000,0.046302
extDamp,1,30,79,40.0000,0.044267
extDamp,1,30,80,40.5000,0.043164
extDamp,1,30,81,41.0000,0.044567
extDamp,1,30,82,41.5000,0.043206
extDamp,1,30,83,42.0000,0.043543
extDamp,1,30,84,42.5000,0.042724
extDamp,1,30,85,43.0000,0.041283
extDamp,1,30,86,43.5000,0.041017
extDamp,1,30,87,44.0000,0.044941
extDamp,1,30,88,44.5000,0.045097
extDamp,1,30,89,45.0000,0.050580
extDamp,1,30,90,45.5000,0.055191
extDamp,1,30,91,46.0000,0.052032
extDamp,1,30,92,46.5000,0.052743
extDamp,1,30,93,47.0000,0.047739
extDamp,1,30,94,47.5000,0.048335
extDamp,1,30,95,48.0000,0.049907
extDamp,1,30,96,48.5000,0.049955
extDamp,1,30,97,49.0000,0.049653
extDamp,1,30,98,49.5000,0.050684
extDamp,1,30,99,50.0000,0.048009
extDamp,1,40,0,0.5000,6.137669
extDamp,1,40,1,1.0000,5.078215
extDamp,1,40,2,1.5000,4.162061
extDamp,1,40,3,2.0000,3.459989
extDamp,1,40,4,2.5000,2.875660
extDamp,1,40,5,3.0000,2.284410
extDamp,1,40,6,3.5000,1.843989
extDamp,1,40,7,4.0000,1.222949
extDamp,1,40,8,4.5000,0.892994
extDamp,1,40,9,5.0000,0.649938
extDamp,1,40,10,5.5000,0.431740
extDamp,1,40,11,6.0000,0.315232
extDamp,1,40,12,6.5000,0.145550
extDamp,1,40,13,7.0000,0.105276
extDamp,1,40,14,7.5000,0.121151
extDamp,1,40,15,8.0000,0.124644
extDamp,1,40,16,8.5000,0.136086
extDamp,1,40,17,9.0000,0.125073
extDamp,1,40,18,9.5000,0.122817
extDamp,1,40,19,10.0000,0.128844
extDamp,1,40,20,10.5000,0.121548
extDamp,1,40,21,11.0000,0.115758
extDamp,1,40,22,11.5000,0.106443
extDamp,1,40,23,12.0000,0.100820
extDamp,1,40,24,12.5000,0.117659
extDamp,1,40,25,13.0000,0.118054
extDamp,1,40,26,13.5000,0.111533
extDamp,1,40,27,14.0000,0.113201
extDamp,1,40,28,14.5000,0.127476
extDamp,1,40,29,15.0000,0.118980
extDamp,1,40,30,15.5000,0.114282
extDamp,1,40,31,16.0000,0.111281
extDamp,1,40,32,16.5000,0.103033
extDamp,1,40,33,17.0000,0.093842
extDamp,1,40,34,17.5000,0.090021
extDamp,1,40,35,18.0000,0.085817
extDamp,1,40,36,18.5000,0.089764
extDamp,1,40,37,19.0000,0.100778
extDamp,1,40,38,19.5000,0.092985
extDamp,1,40,39,20.0000,0.094730
extDamp,1,40,40,20.5000,0.097362
extDamp,1,40,41,21.0000,0.095115
extDamp,1,40,42,21.5000,0.089513
extDamp,1,40,43,22.0000,0.089320
extDamp,1,40,44,22.5000,0.087674
extDamp,1,40,45,23.0000,0.078141
extDamp,1,40,46,23.5000,0.078498
extDamp,1,40,47,24.0000,0.077852
extDamp,1,40,48,24.5000,0.076233
extDamp,1,40,49,25.0000,0.081928
extDamp,1,40,50,25.5000,0.072159
extDamp,1,40,51,26.0000,0.066209
extDamp,1,40,52,26.5000,0.066380
extDamp,1,40,53,27.0000,0.061589
extDamp,1,40,54,27.5000,0.059986
extDamp,1,40,55,28.0000,0.065810
extDamp,1,40,56,28.5000,0.062777
extDamp,1,40,57,29.0000,0.061119
extDamp,1,40,58,29.5000,0.061435
extDamp,1,40,59,30.0000,0.059210
extDamp,1,40,60,30.5000,0.058296
extDamp,1,40,61,31.0000,0.058321
extDamp,1,40,62,31.5000,0.056936
extDamp,1,40,63,32.0000,0.054246
extDamp,1,40,64,32.5000,0.056255
extDamp,1,40,65,33.0000,0.055595
extDamp,1,40,66,33.5000,0.056144
extDamp,1,40,67,34.0000,0.050013
extDamp,1,40,68,34.5000,0.048272
extDamp,1,40,69,35.0000,0.049428
extDamp,1,40,70,35.5000,0.051320
extDamp,1,40,71,36.0000,0.049249
extDamp,1,40,72,36.5000,0.051135
extDamp,1,40,73,37.0000,0.049136
extDamp,1,40,74,37.5000,0.049918
extDamp,1,40,75,38.0000,0.055303
extDamp,1,40,76,38.5000,0.054758
extDamp,1,40,77,39.0000,0.056339
extDamp,1,40,78,39.5000,0.055943
extDamp,1,40,79,40.0000,0.055181
extDamp,1,40,80,40.5000,0.053539
extDamp,1,40,81,41.0000,0.055708
extDamp,1,40,82,41.5000,0.052505
extDamp,1,40,83,42.0000,0.049543
extDamp,1,40,84,42.5000,0.048878
extDamp,1,40,85,43.0000,0.050947
extDamp,1,40,86,43.5000,0.053435
extDamp,1,40,87,44.0000,0.052017
extDamp,1,40,88,44.5000,0.051199
extDamp,1,40,89,45.0000,0.049175
extDamp,1,40,90,45.5000,0.054629
extDamp,1,40,91,46.0000,0.055970
extDamp,1,40,92,46.5000,0.056037
extDamp,1,40,93,47.0000,0.057747
extDamp,1,40,94,47.5000,0.055445
extDamp,1,40,95,48.0000,0.051967
extDamp,1,40,96,48.5000,0.049692
extDamp,1,40,97,49.0000,0.048245
extDamp,1,40,98,49.5000,0.048748
extDamp,1,40,99,50.0000,0.048343
extDamp,1,50,0,0.5000,6.227786
extDamp,1,50,1,1.0000,5.366953
extDamp,1,50,2,1.5000,4.436699
extDamp,1,50,3,2.0000,3.357316
extDamp,1,50,4,2.5000,2.811375
extDamp,1,50,5,3.0000,2.109223
extDamp,1,50,6,3.5000,1.687540
extDamp,1,50,7,4.0000,1.311280
extDamp,1,50,8,4.5000,0.951678
extDamp,1,50,9,5.0000,0.673174
extDamp,1,50,10,5.5000,0.457558
extDamp,1,50,11,6.0000,0.296008
extDamp,1,50,12,6.5000,0.157510
extDamp,1,50,13,7.0000,0.105701
extDamp,1,50,14,7.5000,0.094056
extDamp,1,50,15,8.0000,0.093327
extDamp,1,50,16,8.5000,0.087228
extDamp,1,50,17,9.0000,0.086967
extDamp,1,50,18,9.5000,0.087531
extDamp,1,50,19,10.0000,0.080926
extDamp,1,50,20,10.5000,0.079428
extDamp,1,50,21,11.0000,0.078080
extDamp,1,50,22,11.5000,0.078202
extDamp,1,50,23,12.0000,0.086522
extDamp,1,50,24,12.5000,0.081259
extDamp,1,50,25,13.0000,0.073025
extDamp,1,50,26,13.5000,0.070192
extDamp,1,50,27,14.0000,0.068646
extDamp,1,50,28,14.5000,0.073877
extDamp,1,50,29,15.0000,0.069410
extDamp,1,50,30,15.5000,0.064098
extDamp,1,50,31,16.0000,0.060673
extDamp,1,50,32,16.5000,0.062387
extDamp,1,50,33,17.0000,0.064493
extDamp,1,50,34,17.5000,0.062754
extDamp,1,50,35,18.0000,0.066776
extDamp,1,50,36,18.5000,0.069287
extDamp,1,50,37,19.0000,0.076399
extDamp,1,50,38,19.5000,0.076386
extDamp,1,50,39,20.0000,0.075999
extDamp,1,50,40,20.5000,0.068131
extDamp,1,50,41,21.0000,0.067086
extDamp,1,50,42,21.5000,0.059080
extDamp,1,50,43,22.0000,0.056057
extDamp,1,50,44,22.5000,0.053022
extDamp,1,50,45,23.0000,0.054823
extDamp,1,50,46,23.5000,0.056255
extDamp,1,50,47,24.0000,0.055057
extDamp,1,50,48,24.5000,0.055066
extDamp,1,50,49,25.0000,0.053448
extDamp,1,50,50,25.5000,0.053683
extDamp,1,50,51,26.0000,0.048934
extDamp,1,50,52,26.5000,0.051137
extDamp,1,50,53,27.0000,0.047957
extDamp,1,50,54,27.5000,0.047371
extDamp,1,50,55,28.0000,0.046282
extDamp,1,50,56,28.5000,0.046375
extDamp,1,50,57,29.0000,0.045190
extDamp,1,50,58,29.5000,0.044184
extDamp,1,50,59,30.0000,0.044129
extDamp,1,50,60,30.5000,0.043418
extDamp,1,50,61,31.0000,0.043416
extDamp,1,50,62,31.5000,0.042805
extDamp,1,50,63,32.0000,0.042180
extDamp,1,50,64,32.5000,0.042639
extDamp,1,50,65,33.0000,0.042781
extDamp,1,50,66,33.5000,0.042039
extDamp,1,50,67,34.0000,0.040479
extDamp,1,50,68,34.5000,0.040455
extDamp,1,50,69,35.0000,0.040882
extDamp,1,50,70,35.5000,0.039732
extDamp,1,50,71,36.0000,0.039457
extDamp,1,50,72,36.5000,0.039230
extDamp,1,50,73,37.0000,0.041260
extDamp,1,50,74,37.5000,0.040860
extDamp,1,50,75,38.0000,0.042612
extDamp,1,50,76,38.5000,0.044436
extDamp,1,50,77,39.0000,0.043700
extDamp,1,50,78,39.5000,0.044519
extDamp,1,50,79,40.0000,0.043092
extDamp,1,50,80,40.5000,0.041430
extDamp,1,50,81,41.0000,0.040204
extDamp,1,50,82,41.5000,0.040605
extDamp,1,50,83,42.0000,0.043906
extDamp,1,50,84,42.5000,0.042608
extDamp,1,50,85,43.0000,0.042892
extDamp,1,50,86,43.5000,0.043168
extDamp,1,50,87,44.0000,0.044535
extDamp,1,50,88,44.5000,0.045295
extDamp,1,50,89,45.0000,0.040457
extDamp,1,50,90,45.5000,0.043695
extDamp,1,50,91,46.0000,0.041930
extDamp,1,50,92,46.5000,0.042704
extDamp,1,50,93,47.0000,0.044387
extDamp,1,50,94,47.5000,0.042897
extDamp,1,50,95,48.0000,0.041338
extDamp,1,50,96,48.5000,0.039031
extDamp,1,50,97,49.0000,0.038730
extDamp,1,50,98,49.5000,0.038031
extDamp,1,50,99,50.0000,0.037979
extDamp,3,10,0,0.5000,6.328673
extDamp,3,10,1,1.0000,5.134429
extDamp,3,10,2,1.5000,4.175158
extDamp,3,10,3,2.0000,3.315189
extDamp,3,10,4,2.5000,2.541664
extDamp,3,10,5,3.0000,2.160475
extDamp,3,10,6,3.5000,1.619734
extDamp,3,10,7,4.0000,1.316347
extDamp,3,10,8,4.5000,0.932985
extDamp,3,10,9,5.0000,0.672860
extDamp,3,10,10,5.5000,0.637927
extDamp,3,10,11,6.0000,0.361362
extDamp,3,10,12,6.5000,0.241667
extDamp,3,10,13,7.0000,0.197965
extDamp,3,10,14,7.5000,0.170873
extDamp,3,10,15,8.0000,0.187897
extDamp,3,10,16,8.5000,0.158431
extDamp,3,10,17,9.0000,0.161272
extDamp,3,10,18,9.5000,0.157465
extDamp,3,10,19,10.0000,0.157592
extDamp,3,10,20,10.5000,0.152590
extDamp,3,10,21,11.0000,0.137625
extDamp,3,10,22,11.5000,0.129844
extDamp,3,10,23,12.0000,0.124823
extDamp,3,10,24,12.5000,0.107983
extDamp,3,10,25,13.0000,0.103386
extDamp,3,10,26,13.5000,0.103151
extDamp,3,10,27,14.0000,0.108718
extDamp,3,10,28,14.5000,0.112451
extDamp,3,10,29,15.0000,0.114782
extDamp,3,10,30,15.5000,0.106232
extDamp,3,10,31,16.0000,0.104957
extDamp,3,10,32,16.5000,0.104721
extDamp,3,10,33,17.0000,0.098547
extDamp,3,10,34,17.5000,0.092713
extDamp,3,10,35,18.0000,0.094287
extDamp,3,10,36,18.5000,0.107125
extDamp,3,10,37,19.0000,0.105117
extDamp,3,10,38,19.5000,0.098722
extDamp,3,10,39,20.0000,0.103194
extDamp,3,10,40,20.5000,0.107794
extDamp,3,10,41,21.0000,0.110876
extDamp,3,10,42,21.5000,0.110093
extDamp,3,10,43,22.0000,0.110487
extDamp,3,10,44,22.5000,0.115875
extDamp,3,10,45,23.0000,0.114373
extDamp,3,10,46,23.5000,0.114002
extDamp,3,10,47,24.0000,0.107754
extDamp,3,10,48,24.5000,0.102436
extDamp,3,10,49,25.0000,0.100282
extDamp,3,10,50,25.5000,0.092298
extDamp,3,10,51,26.0000,0.089409
extDamp,3,10,52,26.5000,0.088907
extDamp,3,10,53,27.0000,0.093614
extDamp,3,10,54,27.5000,0.089371
extDamp,3,10,55,28.0000,0.087792
extDamp,3,10,56,28.5000,0.085482
extDamp,3,10,57,29.0000,0.082011
extDamp,3,10,58,29.5000,0.078701
extDamp,3,10,59,30.0000,0.074797
extDamp,3,10,60,30.5000,0.073120
extDamp,3,10,61,31.0000,0.073918
extDamp,3,10,62,31.5000,0.075950
extDamp,3,10,63,32.0000,0.073436
extDamp,3,10,64,32.5000,0.074480
extDamp,3,10,65,33.0000,0.072538
extDamp,3,10,66,33.5000,0.064121
extDamp,3,10,67,34.0000,0.066907
extDamp,3,10,68,34.5000,0.073150
extDamp,3,10,69,35.0000,0.072730
extDamp,3,10,70,35.5000,0.068943
extDamp,3,10,71,36.0000,0.070259
extDamp,3,10,72,36.5000,0.069652
extDamp,3,10,73,37.0000,0.075191
extDamp,3,10,74,37.5000,0.074942
extDamp,3,10,75,38.0000,0.074916
extDamp,3,10,76,38.5000,0.073385
extDamp,3,10,77,39.0000,0.069750
extDamp,3,10,78,39.5000,0.070106
extDamp,3,10,79,40.0000,0.066633
extDamp,3,10,80,40.5000,0.066907
extDamp,3,10,81,41.0000,0.070203
extDamp,3,10,82,41.5000,0.075830
extDamp,3,10,83,42.0000,0.078712
extDamp,3,10,84,42.5000,0.081240
extDamp,3,10,85,43.0000,0.076221
extDamp,3,10,86,43.5000,0.078415
extDamp,3,10,87,44.0000,0.076999
extDamp,3,10,88,44.5000,0.076567
extDamp,3,10,89,45.0000,0.073536
extDamp,3,10,90,45.5000,0.073405
extDamp,3,10,91,46.0000,0.072710
extDamp,3,10,92,46.5000,0.070144
extDamp,3,10,93,47.0000,0.069356
extDamp,3,10,94,47.5000,0.071374
extDamp,3,10,95,48.0000,0.073599
extDamp,3,10,96,48.5000,0.074949
extDamp,3,10,97,49.0000,0.076016
extDamp,3,10,98,49.5000,0.073484
extDamp,3,10,99,50.0000,0.076889
extDamp,3,20,0,0.5000,6.301487
extDamp,3,20,1,1.0000,4.919266
extDamp,3,20,2,1.5000,3.900916
extDamp,3,20,3,2.0000,3.244934
extDamp,3,20,4,2.5000,2.523953
extDamp,3,20,5,3.0000,2.009689
extDamp,3,20,6,3.5000,1.632832
extDamp,3,20,7,4.0000,1.237266
extDamp,3,20,8,4.5000,0.838120
extDamp,3,20,9,5.0000,0.626977
extDamp,3,20,10,5.5000,0.460039
extDamp,3,20,11,6.0000,0.178039
extDamp,3,20,12,6.5000,0.138094
extDamp,3,20,13,7.0000,0.119233
extDamp,3,20,14,7.5000,0.106130
extDamp,3,20,15,8.0000,0.105334
extDamp,3,20,16,8.5000,0.103965
extDamp,3,20,17,9.0000,0.098929
extDamp,3,20,18,9.5000,0.093813
extDamp,3,20,19,10.0000,0.092923
extDamp,3,20,20,10.5000,0.092067
extDamp,3,20,21,11.0000,0.090050
extDamp,3,20,22,11.5000,0.092943
extDamp,3,20,23,12.0000,0.090043
extDamp,3,20,24,12.5000,0.097597
extDamp,3,20,25,13.0000,0.098315
extDamp,3,20,26,13.5000,0.097436
extDamp,3,20,27,14.0000,0.094865
extDamp,3,20,28,14.5000,0.095190
extDamp,3,20,29,15.0000,0.088171
extDamp,3,20,30,15.5000,0.090681
extDamp,3,20,31,16.0000,0.091911
extDamp,3,20,32,16.5000,0.085666
extDamp,3,20,33,17.0000,0.082679
extDamp,3,20,34,17.5000,0.090469
extDamp,3,20,35,18.0000,0.089980
extDamp,3,20,36,18.5000,0.094215
extDamp,3,20,37,19.0000,0.080386
extDamp,3,20,38,19.5000,0.071539
extDamp,3,20,39,20.0000,0.075277
extDamp,3,20,40,20.5000,0.074595
extDamp,3,20,41,21.0000,0.071931
extDamp,3,20,42,21.5000,0.066264
extDamp,3,20,43,22.0000,0.065433
extDamp,3,20,44,22.5000,0.065285
extDamp,3,20,45,23.0000,0.060417
extDamp,3,20,46,23.5000,0.058597
extDamp,3,20,47,24.0000,0.056429
extDamp,3,20,48,24.5000,0.057762
extDamp,3,20,49,25.0000,0.055941
extDamp,3,20,50,25.5000,0.054441
extDamp,3,20,51,26.0000,0.054075
extDamp,3,20,52,26.5000,0.052989
extDamp,3,20,53,27.0000,0.054794
extDamp,3,20,54,27.5000,0.052202
extDamp,3,20,55,28.0000,0.051617
extDamp,3,20,56,28.5000,0.050897
extDamp,3,20,57,29.0000,0.051421
extDamp,3,20,58,29.5000,0.051414
extDamp,3,20,59,30.0000,0.052239
extDamp,3,20,60,30.5000,0.049681
extDamp,3,20,61,31.0000,0.050365
extDamp,3,20,62,31.5000,0.050527
extDamp,3,20,63,32.0000,0.048729
extDamp,3,20,64,32.5000,0.049025
extDamp,3,20,65,33.0000,0.047070
extDamp,3,20,66,33.5000,0.047183
extDamp,3,20,67,34.0000,0.048356
extDamp,3,20,68,34.5000,0.046110
extDamp,3,20,69,35.0000,0.047536
extDamp,3,20,70,35.5000,0.046252
extDamp,3,20,71,36.0000,0.046881
extDamp,3,20,72,36.5000,0.048919
extDamp,3,20,73,37.0000,0.044000
extDamp,3,20,74,37.5000,0.042840
extDamp,3,20,75,38.0000,0.043716
extDamp,3,20,76,38.5000,0.041858
extDamp,3,20,77,39.0000,0.042900
extDamp,3,20,78,39.5000,0.041871
extDamp,3,20,79,40.0000,0.041031
extDamp,3,20,80,40.5000,0.040725
extDamp,3,20,81,41.0000,0.040778
extDamp,3,20,82,41.5000,0.040104
extDamp,3,20,83,42.0000,0.040076
extDamp,3,20,84,42.5000,0.039913
extDamp,3,20,85,43.0000,0.039495
extDamp,3,20,86,43.5000,0.038983
extDamp,3,20,87,44.0000,0.038793
extDamp,3,20,88,44.5000,0.038055
extDamp,3,20,89,45.0000,0.038609
extDamp,3,20,90,45.5000,0.038351
extDamp,3,20,91,46.0000,0.038788
extDamp,3,20,92,46.5000,0.038956
extDamp,3,20,93,47.0000,0.038815
extDamp,3,20,94,47.5000,0.038247
extDamp,3,20,95,48.0000,0.037472
extDamp,3,20,96,48.5000,0.037355
extDamp,3,20,97,49.0000,0.037227
extDamp,3,20,98,49.5000,0.037445
extDamp,3,20,99,50.0000,0.037303
extDamp,3,30,0,0.5000,6.034907
extDamp,3,30,1,1.0000,4.820227
extDamp,3,30,2,1.5000,3.992972
extDamp,3,30,3,2.0000,3.209466
extDamp,3,30,4,2.5000,2.534269
extDamp,3,30,5,3.0000,1.903013
extDamp,3,30,6,3.5000,1.397504
extDamp,3,30,7,4.0000,1.188622
extDamp,3,30,8,4.5000,0.926932
extDamp,3,30,9,5.0000,0.669878
extDamp,3,30,10,5.5000,0.481906
extDamp,3,30,11,6.0000,0.333875
extDamp,3,30,12,6.5000,0.243049
extDamp,3,30,13,7.0000,0.200790
extDamp,3,30,14,7.5000,0.195027
extDamp,3,30,15,8.0000,0.168113
extDamp,3,30,16,8.5000,0.144868
extDamp,3,30,17,9.0000,0.135233
extDamp,3,30,18,9.5000,0.148473
extDamp,3,30,19,10.0000,0.151355
extDamp,3,30,20,10.5000,0.160569
extDamp,3,30,21,11.0000,0.179185
extDamp,3,30,22,11.5000,0.172482
extDamp,3,30,23,12.0000,0.159310
extDamp,3,30,24,12.5000,0.147963
extDamp,3,30,25,13.0000,0.140162
extDamp,3,30,26,13.5000,0.160691
extDamp,3,30,27,14.0000,0.146211
extDamp,3,30,28,14.5000,0.134894
extDamp,3,30,29,15.0000,0.152464
extDamp,3,30,30,15.5000,0.137846
extDamp,3,30,31,16.0000,0.124988
extDamp,3,30,32,16.5000,0.117606
extDamp,3,30,33,17.0000,0.108913
extDamp,3,30,34,17.5000,0.117776
extDamp,3,30,35,18.0000,0.108066
extDamp,3,30,36,18.5000,0.108962
extDamp,3,30,37,19.0000,0.108038
extDamp,3,30,38,19.5000,0.100947
extDamp,3,30,39,20.0000,0.094288
extDamp,3,30,40,20.5000,0.085294
extDamp,3,30,41,21.0000,0.081756
extDamp,3,30,42,21.5000,0.077608
extDamp,3,30,43,22.0000,0.070885
extDamp,3,30,44,22.5000,0.066547
extDamp,3,30,45,23.0000,0.066364
extDamp,3,30,46,23.5000,0.070716
extDamp,3,30,47,24.0000,0.066044
extDamp,3,30,48,24.5000,0.067905
extDamp,3,30,49,25.0000,0.063459
extDamp,3,30,50,25.5000,0.064667
extDamp,3,30,51,26.0000,0.066558
extDamp,3,30,52,26.5000,0.064893
extDamp,3,30,53,27.0000,0.060186
extDamp,3,30,54,27.5000,0.061980
extDamp,3,30,55,28.0000,0.065488
extDamp,3,30,56,28.5000,0.061872
extDamp,3,30,57,29.0000,0.058330
extDamp,3,30,58,29.5000,0.057377
extDamp,3,30,59,30.0000,0.057118
extDamp,3,30,60,30.5000,0.058325
extDamp,3,30,61,31.0000,0.061444
extDamp,3,30,62,31.5000,0.063006
extDamp,3,30,63,32.0000,0.060849
extDamp,3,30,64,32.5000,0.057091
extDamp,3,30,65,33.0000,0.056996
extDamp,3,30,66,33.5000,0.057998
extDamp,3,30,67,34.0000,0.057830
extDamp,3,30,68,34.5000,0.055475
extDamp,3,30,69,35.0000,0.051333
extDamp,3,30,70,35.5000,0.048169
extDamp,3,30,71,36.0000,0.048447
extDamp,3,30,72,36.5000,0.047110
extDamp,3,30,73,37.0000,0.045934
extDamp,3,30,74,37.5000,0.045021
extDamp,3,30,75,38.0000,0.049024
extDamp,3,30,76,38.5000,0.050159
extDamp,3,30,77,39.0000,0.052689
extDamp,3,30,78,39.5000,0.051628
extDamp,3,30,79,40.0000,0.050219
extDamp,3,30,80,40.5000,0.049648
extDamp,3,30,81,41.0000,0.049199
extDamp,3,30,82,41.5000,0.048850
extDamp,3,30,83,42.0000,0.047458
extDamp,3,30,84,42.5000,0.046438
extDamp,3,30,85,43.0000,0.045500
extDamp,3,30,86,43.5000,0.047302
extDamp,3,30,87,44.0000,0.047944
extDamp,3,30,88,44.5000,0.048761
extDamp,3,30,89,45.0000,0.050212
extDamp,3,30,90,45.5000,0.048760
extDamp,3,30,91,46.0000,0.047544
extDamp,3,30,92,46.5000,0.047559
extDamp,3,30,93,47.0000,0.046439
extDamp,3,30,94,47.5000,0.045983
extDamp,3,30,95,48.0000,0.044775
extDamp,3,30,96,48.5000,0.042463
extDamp,3,30,97,49.0000,0.042183
extDamp,3,30,98,49.5000,0.043365
extDamp,3,30,99,50.0000,0.041630
extDamp,3,40,0,0.5000,5.888284
extDamp,3,40,1,1.0000,4.896083
extDamp,3,40,2,1.5000,4.432328
extDamp,3,40,3,2.0000,3.662924
extDamp,3,40,4,2.5000,3.062314
extDamp,3,40,5,3.0000,2.597237
extDamp,3,40,6,3.5000,1.831165
extDamp,3,40,7,4.0000,1.541953
extDamp,3,40,8,4.5000,1.038653
extDamp,3,40,9,5.0000,0.739955
extDamp,3,40,10,5.5000,0.480832
extDamp,3,40,11,6.0000,0.309964
extDamp,3,40,12,6.5000,0.135400
extDamp,3,40,13,7.0000,0.108920
extDamp,3,40,14,7.5000,0.098375
extDamp,3,40,15,8.0000,0.093783
extDamp,3,40,16,8.5000,0.092349
extDamp,3,40,17,9.0000,0.091406
extDamp,3,40,18,9.5000,0.083420
extDamp,3,40,19,10.0000,0.081319
extDamp,3,40,20,10.5000,0.083984
extDamp,3,40,21,11.0000,0.084753
extDamp,3,40,22,11.5000,0.081119
extDamp,3,40,23,12.0000,0.085802
extDamp,3,40,24,12.5000,0.078910
extDamp,3,40,25,13.0000,0.076186
extDamp,3,40,26,13.5000,0.077071
extDamp,3,40,27,14.0000,0.071749
extDamp,3,40,28,14.5000,0.071405
extDamp,3,40,29,15.0000,0.069120
extDamp,3,40,30,15.5000,0.068640
extDamp,3,40,31,16.0000,0.065095
extDamp,3,40,32,16.5000,0.064671
extDamp,3,40,33,17.0000,0.062764
extDamp,3,40,34,17.5000,0.061831
extDamp,3,40,35,18.0000,0.060661
extDamp,3,40,36,18.5000,0.065684
extDamp,3,40,37,19.0000,0.066898
extDamp,3,40,38,19.5000,0.063000
extDamp,3,40,39,20.0000,0.061478
extDamp,3,40,40,20.5000,0.059546
extDamp,3,40,41,21.0000,0.063707
extDamp,3,40,42,21.5000,0.065863
extDamp,3,40,43,22.0000,0.068063
extDamp,3,40,44,22.5000,0.065442
extDamp,3,40,45,23.0000,0.071353
extDamp,3,40,46,23.5000,0.072857
extDamp,3,40,47,24.0000,0.068420
extDamp,3,40,48,24.5000,0.058818
extDamp,3,40,49,25.0000,0.055686
extDamp,3,40,50,25.5000,0.054566
extDamp,3,40,51,26.0000,0.053362
extDamp,3,40,52,26.5000,0.052735
extDamp,3,40,53,27.0000,0.052996
extDamp,3,40,54,27.5000,0.051668
extDamp,3,40,55,28.0000,0.049799
extDamp,3,40,56,28.5000,0.047712
extDamp,3,40,57,29.0000,0.046512
extDamp,3,40,58,29.5000,0.046256
extDamp,3,40,59,30.0000,0.045678
extDamp,3,40,60,30.5000,0.045276
extDamp,3,40,61,31.0000,0.044833
extDamp,3,40,62,31.5000,0.044154
extDamp,3,40,63,32.0000,0.043923
extDamp,3,40,64,32.5000,0.043392
extDamp,3,40,65,33.0000,0.044435
extDamp,3,40,66,33.5000,0.046340
extDamp,3,40,67,34.0000,0.046086
extDamp,3,40,68,34.5000,0.046421
extDamp,3,40,69,35.0000,0.044773
extDamp,3,40,70,35.5000,0.045337
extDamp,3,40,71,36.0000,0.045425
extDamp,3,40,72,36.5000,0.044793
extDamp,3,40,73,37.0000,0.044662
extDamp,3,40,74,37.5000,0.045091
extDamp,3,40,75,38.0000,0.044922
extDamp,3,40,76,38.5000,0.047188
extDamp,3,40,77,39.0000,0.047198
extDamp,3,40,78,39.5000,0.046114
extDamp,3,40,79,40.0000,0.046925
extDamp,3,40,80,40.5000,0.044922
extDamp,3,40,81,41.0000,0.045657
extDamp,3,40,82,41.5000,0.044041
extDamp,3,40,83,42.0000,0.045127
extDamp,3,40,84,42.5000,0.043695
extDamp,3,40,85,43.0000,0.045384
extDamp,3,40,86,43.5000,0.039087
extDamp,3,40,87,44.0000,0.039820
extDamp,3,40,88,44.5000,0.040047
extDamp,3,40,89,45.0000,0.039485
extDamp,3,40,90,45.5000,0.040212
extDamp,3,40,91,46.0000,0.040562
extDamp,3,40,92,46.5000,0.041267
extDamp,3,40,93,47.0000,0.040736
extDamp,3,40,94,47.5000,0.042452
extDamp,3,40,95,48.0000,0.041025
extDamp,3,40,96,48.5000,0.039516
extDamp,3,40,97,49.0000,0.041361
extDamp,3,40,98,49.5000,0.041892
extDamp,3,40,99,50.0000,0.044228
extDamp,3,50,0,0.5000,5.880814
extDamp,3,50,1,1.0000,4.928996
extDamp,3,50,2,1.5000,4.235593
extDamp,3,50,3,2.0000,3.308396
extDamp,3,50,4,2.5000,2.612534
extDamp,3,50,5,3.0000,2.120414
extDamp,3,50,6,3.5000,1.591915
extDamp,3,50,7,4.0000,1.412131
extDamp,3,50,8,4.5000,0.893892
extDamp,3,50,9,5.0000,0.570299
extDamp,3,50,10,5.5000,0.427622
extDamp,3,50,11,6.0000,0.224272
extDamp,3,50,12,6.5000,0.127983
extDamp,3,50,13,7.0000,0.101934
extDamp,3,50,14,7.5000,0.092184
extDamp,3,50,15,8.0000,0.087255
extDamp,3,50,16,8.5000,0.092175
extDamp,3,50,17,9.0000,0.090433
extDamp,3,50,18,9.5000,0.087634
extDamp,3,50,19,10.0000,0.089758
extDamp,3,50,20,10.5000,0.088021
extDamp,3,50,21,11.0000,0.085625
extDamp,3,50,22,11.5000,0.086032
extDamp,3,50,23,12.0000,0.093256
extDamp,3,50,24,12.5000,0.102852
extDamp,3,50,25,13.0000,0.095132
extDamp,3,50,26,13.5000,0.103524
extDamp,3,50,27,14.0000,0.104061
extDamp,3,50,28,14.5000,0.102362
extDamp,3,50,29,15.0000,0.105236
extDamp,3,50,30,15.5000,0.096633
extDamp,3,50,31,16.0000,0.091965
extDamp,3,50,32,16.5000,0.076346
extDamp,3,50,33,17.0000,0.075409
extDamp,3,50,34,17.5000,0.072670
extDamp,3,50,35,18.0000,0.076656
extDamp,3,50,36,18.5000,0.073991
extDamp,3,50,37,19.0000,0.075165
extDamp,3,50,38,19.5000,0.068721
extDamp,3,50,39,20.0000,0.071823
extDamp,3,50,40,20.5000,0.075031
extDamp,3,50,41,21.0000,0.064603
extDamp,3,50,42,21.5000,0.064301
extDamp,3,50,43,22.0000,0.061460
extDamp,3,50,44,22.5000,0.062928
extDamp,3,50,45,23.0000,0.062460
extDamp,3,50,46,23.5000,0.059406
extDamp,3,50,47,24.0000,0.058223
extDamp,3,50,48,24.5000,0.053688
extDamp,3,50,49,25.0000,0.057025
extDamp,3,50,50,25.5000,0.053428
extDamp,3,50,51,26.0000,0.050894
extDamp,3,50,52,26.5000,0.055012
extDamp,3,50,53,27.0000,0.051241
extDamp,3,50,54,27.5000,0.049849
extDamp,3,50,55,28.0000,0.050006
extDamp,3,50,56,28.5000,0.049902
extDamp,3,50,57,29.0000,0.050517
extDamp,3,50,58,29.5000,0.049774
extDamp,3,50,59,30.0000,0.048414
extDamp,3,50,60,30.5000,0.048298
extDamp,3,50,61,31.0000,0.046588
extDamp,3,50,62,31.5000,0.045500
extDamp,3,50,63,32.0000,0.046466
extDamp,3,50,64,32.5000,0.046636
extDamp,3,50,65,33.0000,0.045985
extDamp,3,50,66,33.5000,0.044198
extDamp,3,50,67,34.0000,0.044828
extDamp,3,50,68,34.5000,0.044616
extDamp,3,50,69,35.0000,0.046100
extDamp,3,50,70,35.5000,0.045546
extDamp,3,50,71,36.0000,0.044485
extDamp,3,50,72,36.5000,0.041818
extDamp,3,50,73,37.0000,0.041239
extDamp,3,50,74,37.5000,0.040691
extDamp,3,50,75,38.0000,0.041796
extDamp,3,50,76,38.5000,0.042566
extDamp,3,50,77,39.0000,0.039911
extDamp,3,50,78,39.5000,0.039295
extDamp,3,50,79,40.0000,0.039167
extDamp,3,50,80,40.5000,0.039066
extDamp,3,50,81,41.0000,0.038940
extDamp,3,50,82,41.5000,0.038614
extDamp,3,50,83,42.0000,0.038539
extDamp,3,50,84,42.5000,0.038300
extDamp,3,50,85,43.0000,0.038501
extDamp,3,50,86,43.5000,0.037776
extDamp,3,50,87,44.0000,0.037195
extDamp,3,50,88,44.5000,0.037267
extDamp,3,50,89,45.0000,0.037308
extDamp,3,50,90,45.5000,0.037106
extDamp,3,50,91,46.0000,0.037427
extDamp,3,50,92,46.5000,0.037530
extDamp,3,50,93,47.0000,0.036619
extDamp,3,50,94,47.5000,0.036121
extDamp,3,50,95,48.0000,0.035919
extDamp,3,50,96,48.5000,0.035932
extDamp,3,50,97,49.0000,0.035600
extDamp,3,50,98,49.5000,0.035535
extDamp,3,50,99,50.0000,0.035072
extDamp,5,10,0,0.5000,6.408424
extDamp,5,10,1,1.0000,4.860615
extDamp,5,10,2,1.5000,4.088804
extDamp,5,10,3,2.0000,3.421668
extDamp,5,10,4,2.5000,2.771249
extDamp,5,10,5,3.0000,2.271791
extDamp,5,10,6,3.5000,1.803522
extDamp,5,10,7,4.0000,1.389637
extDamp,5,10,8,4.5000,0.969254
extDamp,5,10,9,5.0000,0.619151
extDamp,5,10,10,5.5000,0.569414
extDamp,5,10,11,6.0000,0.323660
extDamp,5,10,12,6.5000,0.209782
extDamp,5,10,13,7.0000,0.211170
extDamp,5,10,14,7.5000,0.112486
extDamp,5,10,15,8.0000,0.101563
extDamp,5,10,16,8.5000,0.091154
extDamp,5,10,17,9.0000,0.093473
extDamp,5,10,18,9.5000,0.087072
extDamp,5,10,19,10.0000,0.082573
extDamp,5,10,20,10.5000,0.075988
extDamp,5,10,21,11.0000,0.076433
extDamp,5,10,22,11.5000,0.071353
extDamp,5,10,23,12.0000,0.070304
extDamp,5,10,24,12.5000,0.068370
extDamp,5,10,25,13.0000,0.066111
extDamp,5,10,26,13.5000,0.070189
extDamp,5,10,27,14.0000,0.069132
extDamp,5,10,28,14.5000,0.065787
extDamp,5,10,29,15.0000,0.072337
extDamp,5,10,30,15.5000,0.070970
extDamp,5,10,31,16.0000,0.067743
extDamp,5,10,32,16.5000,0.071404
extDamp,5,10,33,17.0000,0.069941
extDamp,5,10,34,17.5000,0.077484
extDamp,5,10,35,18.0000,0.074766
extDamp,5,10,36,18.5000,0.070751
extDamp,5,10,37,19.0000,0.070433
extDamp,5,10,38,19.5000,0.068213
extDamp,5,10,39,20.0000,0.058420
extDamp,5,10,40,20.5000,0.058731
extDamp,5,10,41,21.0000,0.055940
extDamp,5,10,42,21.5000,0.057969
extDamp,5,10,43,22.0000,0.068516
extDamp,5,10,44,22.5000,0.068199
extDamp,5,10,45,23.0000,0.066591
extDamp,5,10,46,23.5000,0.063325
extDamp,5,10,47,24.0000,0.063105
extDamp,5,10,48,24.5000,0.062093
extDamp,5,10,49,25.0000,0.060288
extDamp,5,10,50,25.5000,0.057372
extDamp,5,10,51,26.0000,0.056571
extDamp,5,10,52,26.5000,0.057909
extDamp,5,10,53,27.0000,0.055487
extDamp,5,10,54,27.5000,0.052200
extDamp,5,10,55,28.0000,0.058540
extDamp,5,10,56,28.5000,0.065773
extDamp,5,10,57,29.0000,0.074922
extDamp,5,10,58,29.5000,0.075529
extDamp,5,10,59,30.0000,0.066813
extDamp,5,10,60,30.5000,0.067339
extDamp,5,10,61,31.0000,0.066874
extDamp,5,10,62,31.5000,0.071273
extDamp,5,10,63,32.0000,0.069772
extDamp,5,10,64,32.5000,0.069291
extDamp,5,10,65,33.0000,0.066521
extDamp,5,10,66,33.5000,0.067466
extDamp,5,10,67,34.0000,0.068045
extDamp,5,10,68,34.5000,0.072041
extDamp,5,10,69,35.0000,0.068409
extDamp,5,10,70,35.5000,0.068431
extDamp,5,10,71,36.0000,0.072286
extDamp,5,10,72,36.5000,0.070158
extDamp,5,10,73,37.0000,0.070937
extDamp,5,10,74,37.5000,0.074773
extDamp,5,10,75,38.0000,0.070462
extDamp,5,10,76,38.5000,0.073148
extDamp,5,10,77,39.0000,0.074007
extDamp,5,10,78,39.5000,0.078743
extDamp,5,10,79,40.0000,0.077066
extDamp,5,10,80,40.5000,0.072656
extDamp,5,10,81,41.0000,0.069450
extDamp,5,10,82,41.5000,0.070193
extDamp,5,10,83,42.0000,0.068590
extDamp,5,10,84,42.5000,0.069810
extDamp,5,10,85,43.0000,0.069213
extDamp,5,10,86,43.5000,0.070228
extDamp,5,10,87,44.0000,0.070874
extDamp,5,10,88,44.5000,0.071969
extDamp,5,10,89,45.0000,0.071268
extDamp,5,10,90,45.5000,0.074519
extDamp,5,10,91,46.0000,0.071902
extDamp,5,10,92,46.5000,0.070475
extDamp,5,10,93,47.0000,0.074438
extDamp,5,10,94,47.5000,0.070305
extDamp,5,10,95,48.0000,0.067815
extDamp,5,10,96,48.5000,0.064319
extDamp,5,10,97,49.0000,0.065837
extDamp,5,10,98,49.5000,0.064123
extDamp,5,10,99,50.0000,0.062213
extDamp,5,20,0,0.5000,6.142685
extDamp,5,20,1,1.0000,5.392646
extDamp,5,20,2,1.5000,4.492283
extDamp,5,20,3,2.0000,3.721615
extDamp,5,20,4,2.5000,2.989901
extDamp,5,20,5,3.0000,2.379455
extDamp,5,20,6,3.5000,1.792018
extDamp,5,20,7,4.0000,1.474111
extDamp,5,20,8,4.5000,0.935031
extDamp,5,20,9,5.0000,0.633051
extDamp,5,20,10,5.5000,0.473183
extDamp,5,20,11,6.0000,0.293029
extDamp,5,20,12,6.5000,0.127535
extDamp,5,20,13,7.0000,0.117725
extDamp,5,20,14,7.5000,0.106669
extDamp,5,20,15,8.0000,0.097793
extDamp,5,20,16,8.5000,0.095705
extDamp,5,20,17,9.0000,0.089304
extDamp,5,20,18,9.5000,0.090625
extDamp,5,20,19,10.0000,0.089883
extDamp,5,20,20,10.5000,0.091657
extDamp,5,20,21,11.0000,0.076803
extDamp,5,20,22,11.5000,0.073286
extDamp,5,20,23,12.0000,0.070855
extDamp,5,20,24,12.5000,0.070371
extDamp,5,20,25,13.0000,0.070153
extDamp,5,20,26,13.5000,0.067922
extDamp,5,20,27,14.0000,0.067964
extDamp,5,20,28,14.5000,0.065061
extDamp,5,20,29,15.0000,0.067313
extDamp,5,20,30,15.5000,0.067573
extDamp,5,20,31,16.0000,0.068735
extDamp,5,20,32,16.5000,0.070241
extDamp,5,20,33,17.0000,0.071997
extDamp,5,20,34,17.5000,0.069184
extDamp,5,20,35,18.0000,0.070860
extDamp,5,20,36,18.5000,0.067314
extDamp,5,20,37,19.0000,0.066847
extDamp,5,20,38,19.5000,0.064897
extDamp,5,20,39,20.0000,0.060206
extDamp,5,20,40,20.5000,0.072185
extDamp,5,20,41,21.0000,0.066005
extDamp,5,20,42,21.5000,0.061662
extDamp,5,20,43,22.0000,0.061089
extDamp,5,20,44,22.5000,0.060496
extDamp,5,20,45,23.0000,0.069602
extDamp,5,20,46,23.5000,0.073431
extDamp,5,20,47,24.0000,0.073858
extDamp,5,20,48,24.5000,0.076503
extDamp,5,20,49,25.0000,0.070901
extDamp,5,20,50,25.5000,0.070473
extDamp,5,20,51,26.0000,0.071689
extDamp,5,20,52,26.5000,0.071864
extDamp,5,20,53,27.0000,0.071054
extDamp,5,20,54,27.5000,0.073300
extDamp,5,20,55,28.0000,0.074817
extDamp,5,20,56,28.5000,0.078256
extDamp,5,20,57,29.0000,0.074293
extDamp,5,20,58,29.5000,0.070544
extDamp,5,20,59,30.0000,0.065853
extDamp,5,20,60,30.5000,0.065782
extDamp,5,20,61,31.0000,0.068746
extDamp,5,20,62,31.5000,0.068363
extDamp,5,20,63,32.0000,0.065570
extDamp,5,20,64,32.5000,0.067331
extDamp,5,20,65,33.0000,0.067502
extDamp,5,20,66,33.5000,0.061712
extDamp,5,20,67,34.0000,0.063794
extDamp,5,20,68,34.5000,0.059188
extDamp,5,20,69,35.0000,0.057165
extDamp,5,20,70,35.5000,0.054627
extDamp,5,20,71,36.0000,0.050583
extDamp,5,20,72,36.5000,0.049792
extDamp,5,20,73,37.0000,0.051222
extDamp,5,20,74,37.5000,0.051596
extDamp,5,20,75,38.0000,0.048120
extDamp,5,20,76,38.5000,0.048089
extDamp,5,20,77,39.0000,0.047072
extDamp,5,20,78,39.5000,0.045731
extDamp,5,20,79,40.0000,0.045214
extDamp,5,20,80,40.5000,0.046914
extDamp,5,20,81,41.0000,0.045568
extDamp,5,20,82,41.5000,0.044453
extDamp,5,20,83,42.0000,0.043087
extDamp,5,20,84,42.5000,0.042904
extDamp,5,20,85,43.0000,0.042387
extDamp,5,20,86,43.5000,0.041988
extDamp,5,20,87,44.0000,0.041845
extDamp,5,20,88,44.5000,0.041612
extDamp,5,20,89,45.0000,0.041603
extDamp,5,20,90,45.5000,0.041124
extDamp,5,20,91,46.0000,0.041456
extDamp,5,20,92,46.5000,0.040520
extDamp,5,20,93,47.0000,0.040505
extDamp,5,20,94,47.5000,0.040329
extDamp,5,20,95,48.0000,0.040379
extDamp,5,20,96,48.5000,0.040576
extDamp,5,20,97,49.0000,0.040897
extDamp,5,20,98,49.5000,0.040252
extDamp,5,20,99,50.0000,0.039987
extDamp,5,30,0,0.5000,6.229009
extDamp,5,30,1,1.0000,5.003773
extDamp,5,30,2,1.5000,4.198477
extDamp,5,30,3,2.0000,3.155110
extDamp,5,30,4,2.5000,2.634841
extDamp,5,30,5,3.0000,2.118985
extDamp,5,30,6,3.5000,1.733764
extDamp,5,30,7,4.0000,1.306988
extDamp,5,30,8,4.5000,0.945993
extDamp,5,30,9,5.0000,0.661856
extDamp,5,30,10,5.5000,0.487168
extDamp,5,30,11,6.0000,0.262956
extDamp,5,30,12,6.5000,0.160275
extDamp,5,30,13,7.0000,0.129739
extDamp,5,30,14,7.5000,0.118544
extDamp,5,30,15,8.0000,0.128494
extDamp,5,30,16,8.5000,0.127035
extDamp,5,30,17,9.0000,0.124013
extDamp,5,30,18,9.5000,0.118417
extDamp,5,30,19,10.0000,0.131171
extDamp,5,30,20,10.5000,0.134706
extDamp,5,30,21,11.0000,0.130183
extDamp,5,30,22,11.5000,0.144284
extDamp,5,30,23,12.0000,0.139584
extDamp,5,30,24,12.5000,0.134697
extDamp,5,30,25,13.0000,0.124610
extDamp,5,30,26,13.5000,0.142600
extDamp,5,30,27,14.0000,0.146158
extDamp,5,30,28,14.5000,0.150136
extDamp,5,30,29,15.0000,0.121373
extDamp,5,30,30,15.5000,0.120666
extDamp,5,30,31,16.0000,0.120876
extDamp,5,30,32,16.5000,0.114529
extDamp,5,30,33,17.0000,0.107336
extDamp,5,30,34,17.5000,0.096813
extDamp,5,30,35,18.0000,0.100808
extDamp,5,30,36,18.5000,0.095824
extDamp,5,30,37,19.0000,0.088694
extDamp,5,30,38,19.5000,0.084504
extDamp,5,30,39,20.0000,0.080993
extDamp,5,30,40,20.5000,0.088878
extDamp,5,30,41,21.0000,0.080349
extDamp,5,30,42,21.5000,0.081721
extDamp,5,30,43,22.0000,0.082491
extDamp,5,30,44,22.5000,0.084533
extDamp,5,30,45,23.0000,0.072210
extDamp,5,30,46,23.5000,0.067856
extDamp,5,30,47,24.0000,0.068014
extDamp,5,30,48,24.5000,0.066775
extDamp,5,30,49,25.0000,0.060979
extDamp,5,30,50,25.5000,0.055508
extDamp,5,30,51,26.0000,0.055633
extDamp,5,30,52,26.5000,0.053601
extDamp,5,30,53,27.0000,0.057404
extDamp,5,30,54,27.5000,0.055028
extDamp,5,30,55,28.0000,0.054320
extDamp,5,30,56,28.5000,0.055613
extDamp,5,30,57,29.0000,0.051978
extDamp,5,30,58,29.5000,0.049557
extDamp,5,30,59,30.0000,0.060160
extDamp,5,30,60,30.5000,0.060007
extDamp,5,30,61,31.0000,0.061702
extDamp,5,30,62,31.5000,0.059303
extDamp,5,30,63,32.0000,0.053828
extDamp,5,30,64,32.5000,0.051757
extDamp,5,30,65,33.0000,0.055310
extDamp,5,30,66,33.5000,0.051299
extDamp,5,30,67,34.0000,0.048136
extDamp,5,30,68,34.5000,0.049558
extDamp,5,30,69,35.0000,0.047843
extDamp,5,30,70,35.5000,0.046324
extDamp,5,30,71,36.0000,0.048412
extDamp,5,30,72,36.5000,0.046661
extDamp,5,30,73,37.0000,0.046453
extDamp,5,30,74,37.5000,0.043883
extDamp,5,30,75,38.0000,0.044868
extDamp,5,30,76,38.5000,0.049305
extDamp,5,30,77,39.0000,0.047703
extDamp,5,30,78,39.5000,0.047564
extDamp,5,30,79,40.0000,0.044395
extDamp,5,30,80,40.5000,0.043222
extDamp,5,30,81,41.0000,0.043648
extDamp,5,30,82,41.5000,0.044115
extDamp,5,30,83,42.0000,0.042605
extDamp,5,30,84,42.5000,0.040248
extDamp,5,30,85,43.0000,0.038462
extDamp,5,30,86,43.5000,0.038315
extDamp,5,30,87,44.0000,0.038346
extDamp,5,30,88,44.5000,0.038123
extDamp,5,30,89,45.0000,0.038788
extDamp,5,30,90,45.5000,0.038172
extDamp,5,30,91,46.0000,0.038056
extDamp,5,30,92,46.5000,0.038009
extDamp,5,30,93,47.0000,0.037919
extDamp,5,30,94,47.5000,0.037214
extDamp,5,30,95,48.0000,0.036947
extDamp,5,30,96,48.5000,0.037007
extDamp,5,30,97,49.0000,0.037215
extDamp,5,30,98,49.5000,0.036656
extDamp,5,30,99,50.0000,0.035812
extDamp,5,40,0,0.5000,6.119914
extDamp,5,40,1,1.0000,4.754597
extDamp,5,40,2,1.5000,3.900729
extDamp,5,40,3,2.0000,3.292420
extDamp,5,40,4,2.5000,2.935288
extDamp,5,40,5,3.0000,2.008241
extDamp,5,40,6,3.5000,1.675431
extDamp,5,40,7,4.0000,1.375613
extDamp,5,40,8,4.5000,1.053530
extDamp,5,40,9,5.0000,0.789818
extDamp,5,40,10,5.5000,0.566793
extDamp,5,40,11,6.0000,0.382196
extDamp,5,40,12,6.5000,0.191868
extDamp,5,40,13,7.0000,0.107801
extDamp,5,40,14,7.5000,0.094252
extDamp,5,40,15,8.0000,0.090156
extDamp,5,40,16,8.5000,0.087283
extDamp,5,40,17,9.0000,0.082319
extDamp,5,40,18,9.5000,0.080929
extDamp,5,40,19,10.0000,0.083160
extDamp,5,40,20,10.5000,0.083386
extDamp,5,40,21,11.0000,0.085371
extDamp,5,40,22,11.5000,0.077346
extDamp,5,40,23,12.0000,0.075119
extDamp,5,40,24,12.5000,0.069113
extDamp,5,40,25,13.0000,0.068442
extDamp,5,40,26,13.5000,0.065970
extDamp,5,40,27,14.0000,0.069636
extDamp,5,40,28,14.5000,0.067142
extDamp,5,40,29,15.0000,0.063982
extDamp,5,40,30,15.5000,0.065887
extDamp,5,40,31,16.0000,0.062958
extDamp,5,40,32,16.5000,0.062548
extDamp,5,40,33,17.0000,0.061696
extDamp,5,40,34,17.5000,0.061952
extDamp,5,40,35,18.0000,0.061242
extDamp,5,40,36,18.5000,0.063996
extDamp,5,40,37,19.0000,0.064811
extDamp,5,40,38,19.5000,0.065158
extDamp,5,40,39,20.0000,0.066829
extDamp,5,40,40,20.5000,0.068375
extDamp,5,40,41,21.0000,0.068824
extDamp,5,40,42,21.5000,0.067495
extDamp,5,40,43,22.0000,0.069173
extDamp,5,40,44,22.5000,0.068413
extDamp,5,40,45,23.0000,0.068480
extDamp,5,40,46,23.5000,0.067006
extDamp,5,40,47,24.0000,0.066249
extDamp,5,40,48,24.5000,0.060260
extDamp,5,40,49,25.0000,0.056495
extDamp,5,40,50,25.5000,0.053883
extDamp,5,40,51,26.0000,0.059020
extDamp,5,40,52,26.5000,0.066223
extDamp,5,40,53,27.0000,0.068470
extDamp,5,40,54,27.5000,0.069718
extDamp,5,40,55,28.0000,0.070647
extDamp,5,40,56,28.5000,0.069686
extDamp,5,40,57,29.0000,0.070521
extDamp,5,40,58,29.5000,0.072849
extDamp,5,40,59,30.0000,0.071388
extDamp,5,40,60,30.5000,0.069065
extDamp,5,40,61,31.0000,0.069642
extDamp,5,40,62,31.5000,0.066158
extDamp,5,40,63,32.0000,0.075640
extDamp,5,40,64,32.5000,0.073026
extDamp,5,40,65,33.0000,0.073307
extDamp,5,40,66,33.5000,0.071423
extDamp,5,40,67,34.0000,0.074363
extDamp,5,40,68,34.5000,0.069095
extDamp,5,40,69,35.0000,0.068240
extDamp,5,40,70,35.5000,0.071396
extDamp,5,40,71,36.0000,0.067934
extDamp,5,40,72,36.5000,0.065747
extDamp,5,40,73,37.0000,0.069342
extDamp,5,40,74,37.5000,0.067616
extDamp,5,40,75,38.0000,0.069606
extDamp,5,40,76,38.5000,0.063443
extDamp,5,40,77,39.0000,0.060719
extDamp,5,40,78,39.5000,0.060225
extDamp,5,40,79,40.0000,0.056479
extDamp,5,40,80,40.5000,0.055942
extDamp,5,40,81,41.0000,0.053578
extDamp,5,40,82,41.5000,0.053059
extDamp,5,40,83,42.0000,0.054109
extDamp,5,40,84,42.5000,0.055577
extDamp,5,40,85,43.0000,0.050881
extDamp,5,40,86,43.5000,0.052713
extDamp,5,40,87,44.0000,0.053898
extDamp,5,40,88,44.5000,0.051206
extDamp,5,40,89,45.0000,0.052959
extDamp,5,40,90,45.5000,0.051534
extDamp,5,40,91,46.0000,0.051372
extDamp,5,40,92,46.5000,0.051790
extDamp,5,40,93,47.0000,0.047789
extDamp,5,40,94,47.5000,0.046789
extDamp,5,40,95,48.0000,0.044081
extDamp,5,40,96,48.5000,0.044818
extDamp,5,40,97,49.0000,0.046670
extDamp,5,40,98,49.5000,0.043192
extDamp,5,40,99,50.0000,0.043035
extDamp,5,50,0,0.5000,6.068062
extDamp,5,50,1,1.0000,4.817246
extDamp,5,50,2,1.5000,4.268687
extDamp,5,50,3,2.0000,3.687876
extDamp,5,50,4,2.5000,2.816531
extDamp,5,50,5,3.0000,2.355111
extDamp,5,50,6,3.5000,1.659668
extDamp,5,50,7,4.0000,1.176167
extDamp,5,50,8,4.5000,0.856451
extDamp,5,50,9,5.0000,0.590583
extDamp,5,50,10,5.5000,0.452475
extDamp,5,50,11,6.0000,0.314181
extDamp,5,50,12,6.5000,0.215496
extDamp,5,50,13,7.0000,0.149621
extDamp,5,50,14,7.5000,0.131427
extDamp,5,50,15,8.0000,0.137979
extDamp,5,50,16,8.5000,0.144083
extDamp,5,50,17,9.0000,0.138009
extDamp,5,50,18,9.5000,0.134491
extDamp,5,50,19,10.0000,0.129602
extDamp,5,50,20,10.5000,0.109956
extDamp,5,50,21,11.0000,0.099197
extDamp,5,50,22,11.5000,0.097840
extDamp,5,50,23,12.0000,0.095826
extDamp,5,50,24,12.5000,0.095099
extDamp,5,50,25,13.0000,0.104300
extDamp,5,50,26,13.5000,0.118502
extDamp,5,50,27,14.0000,0.094459
extDamp,5,50,28,14.5000,0.087138
extDamp,5,50,29,15.0000,0.075515
extDamp,5,50,30,15.5000,0.077024
extDamp,5,50,31,16.0000,0.076374
extDamp,5,50,32,16.5000,0.071663
extDamp,5,50,33,17.0000,0.069180
extDamp,5,50,34,17.5000,0.064714
extDamp,5,50,35,18.0000,0.065480
extDamp,5,50,36,18.5000,0.064680
extDamp,5,50,37,19.0000,0.063894
extDamp,5,50,38,19.5000,0.063236
extDamp,5,50,39,20.0000,0.064426
extDamp,5,50,40,20.5000,0.063045
extDamp,5,50,41,21.0000,0.059340
extDamp,5,50,42,21.5000,0.060781
extDamp,5,50,43,22.0000,0.066437
extDamp,5,50,44,22.5000,0.064506
extDamp,5,50,45,23.0000,0.068353
extDamp,5,50,46,23.5000,0.069808
extDamp,5,50,47,24.0000,0.070744
extDamp,5,50,48,24.5000,0.079730
extDamp,5,50,49,25.0000,0.081477
extDamp,5,50,50,25.5000,0.075713
extDamp,5,50,51,26.0000,0.075629
extDamp,5,50,52,26.5000,0.067452
extDamp,5,50,53,27.0000,0.063784
extDamp,5,50,54,27.5000,0.071098
extDamp,5,50,55,28.0000,0.065481
extDamp,5,50,56,28.5000,0.062982
extDamp,5,50,57,29.0000,0.062092
extDamp,5,50,58,29.5000,0.060711
extDamp,5,50,59,30.0000,0.058160
extDamp,5,50,60,30.5000,0.051325
extDamp,5,50,61,31.0000,0.050240
extDamp,5,50,62,31.5000,0.050370
extDamp,5,50,63,32.0000,0.049795
extDamp,5,50,64,32.5000,0.048897
extDamp,5,50,65,33.0000,0.049533
extDamp,5,50,66,33.5000,0.050374
extDamp,5,50,67,34.0000,0.047870
extDamp,5,50,68,34.5000,0.048494
extDamp,5,50,69,35.0000,0.049402
extDamp,5,50,70,35.5000,0.047811
extDamp,5,50,71,36.0000,0.043976
extDamp,5,50,72,36.5000,0.044973
extDamp,5,50,73,37.0000,0.041948
extDamp,5,50,74,37.5000,0.042990
extDamp,5,50,75,38.0000,0.041274
extDamp,5,50,76,38.5000,0.041266
extDamp,5,50,77,39.0000,0.039413
extDamp,5,50,78,39.5000,0.039693
extDamp,5,50,79,40.0000,0.040168
extDamp,5,50,80,40.5000,0.039841
extDamp,5,50,81,41.0000,0.040537
extDamp,5,50,82,41.5000,0.041570
extDamp,5,50,83,42.0000,0.044285
extDamp,5,50,84,42.5000,0.046643
extDamp,5,50,85,43.0000,0.045178
extDamp,5,50,86,43.5000,0.046237
extDamp,5,50,87,44.0000,0.048422
extDamp,5,50,88,44.5000,0.048399
extDamp,5,50,89,45.0000,0.052277
extDamp,5,50,90,45.5000,0.048029
extDamp,5,50,91,46.0000,0.048460
extDamp,5,50,92,46.5000,0.046238
extDamp,5,50,93,47.0000,0.046098
extDamp,5,50,94,47.5000,0.045643
extDamp,5,50,95,48.0000,0.047740
extDamp,5,50,96,48.5000,0.042505
extDamp,5,50,97,49.0000,0.045300
extDamp,5,50,98,49.5000,0.047858
extDamp,5,50,99,50.0000,0.046131
extDamp,7,10,0,0.5000,6.275459
extDamp,7,10,1,1.0000,4.677677
extDamp,7,10,2,1.5000,3.862738
extDamp,7,10,3,2.0000,3.199316
extDamp,7,10,4,2.5000,2.712440
extDamp,7,10,5,3.0000,2.227320
extDamp,7,10,6,3.5000,1.770681
extDamp,7,10,7,4.0000,1.090547
extDamp,7,10,8,4.5000,0.905500
extDamp,7,10,9,5.0000,0.700219
extDamp,7,10,10,5.5000,0.500384
extDamp,7,10,11,6.0000,0.279801
extDamp,7,10,12,6.5000,0.238778
extDamp,7,10,13,7.0000,0.246215
extDamp,7,10,14,7.5000,0.240658
extDamp,7,10,15,8.0000,0.230283
extDamp,7,10,16,8.5000,0.219092
extDamp,7,10,17,9.0000,0.197595
extDamp,7,10,18,9.5000,0.210943
extDamp,7,10,19,10.0000,0.206350
extDamp,7,10,20,10.5000,0.200700
extDamp,7,10,21,11.0000,0.222407
extDamp,7,10,22,11.5000,0.214579
extDamp,7,10,23,12.0000,0.206830
extDamp,7,10,24,12.5000,0.186002
extDamp,7,10,25,13.0000,0.200029
extDamp,7,10,26,13.5000,0.196286
extDamp,7,10,27,14.0000,0.213532
extDamp,7,10,28,14.5000,0.208748
extDamp,7,10,29,15.0000,0.207564
extDamp,7,10,30,15.5000,0.196929
extDamp,7,10,31,16.0000,0.199214
extDamp,7,10,32,16.5000,0.190075
extDamp,7,10,33,17.0000,0.180564
extDamp,7,10,34,17.5000,0.192727
extDamp,7,10,35,18.0000,0.192337
extDamp,7,10,36,18.5000,0.192041
extDamp,7,10,37,19.0000,0.198102
extDamp,7,10,38,19.5000,0.197113
extDamp,7,10,39,20.0000,0.192327
extDamp,7,10,40,20.5000,0.182564
extDamp,7,10,41,21.0000,0.175495
extDamp,7,10,42,21.5000,0.175473
extDamp,7,10,43,22.0000,0.174422
extDamp,7,10,44,22.5000,0.165158
extDamp,7,10,45,23.0000,0.161971
extDamp,7,10,46,23.5000,0.154927
extDamp,7,10,47,24.0000,0.157444
extDamp,7,10,48,24.5000,0.151324
extDamp,7,10,49,25.0000,0.137645
extDamp,7,10,50,25.5000,0.135885
extDamp,7,10,51,26.0000,0.131980
extDamp,7,10,52,26.5000,0.114757
extDamp,7,10,53,27.0000,0.115481
extDamp,7,10,54,27.5000,0.106922
extDamp,7,10,55,28.0000,0.105548
extDamp,7,10,56,28.5000,0.101898
extDamp,7,10,57,29.0000,0.099861
extDamp,7,10,58,29.5000,0.102433
extDamp,7,10,59,30.0000,0.104151
extDamp,7,10,60,30.5000,0.106295
extDamp,7,10,61,31.0000,0.099818
extDamp,7,10,62,31.5000,0.098263
extDamp,7,10,63,32.0000,0.096856
extDamp,7,10,64,32.5000,0.095331
extDamp,7,10,65,33.0000,0.092965
extDamp,7,10,66,33.5000,0.094854
extDamp,7,10,67,34.0000,0.098308
extDamp,7,10,68,34.5000,0.094105
extDamp,7,10,69,35.0000,0.094299
extDamp,7,10,70,35.5000,0.093006
extDamp,7,10,71,36.0000,0.091496
extDamp,7,10,72,36.5000,0.093927
extDamp,7,10,73,37.0000,0.095545
extDamp,7,10,74,37.5000,0.100346
extDamp,7,10,75,38.0000,0.102759
extDamp,7,10,76,38.5000,0.104747
extDamp,7,10,77,39.0000,0.105756
extDamp,7,10,78,39.5000,0.112556
extDamp,7,10,79,40.0000,0.111258
extDamp,7,10,80,40.5000,0.109874
extDamp,7,10,81,41.0000,0.109725
extDamp,7,10,82,41.5000,0.107082
extDamp,7,10,83,42.0000,0.110388
extDamp,7,10,84,42.5000,0.110013
extDamp,7,10,85,43.0000,0.109242
extDamp,7,10,86,43.5000,0.111128
extDamp,7,10,87,44.0000,0.110748
extDamp,7,10,88,44.5000,0.109546
extDamp,7,10,89,45.0000,0.111017
extDamp,7,10,90,45.5000,0.109923
extDamp,7,10,91,46.0000,0.109890
extDamp,7,10,92,46.5000,0.109721
extDamp,7,10,93,47.0000,0.100646
extDamp,7,10,94,47.5000,0.098267
extDamp,7,10,95,48.0000,0.095419
extDamp,7,10,96,48.5000,0.095410
extDamp,7,10,97,49.0000,0.094595
extDamp,7,10,98,49.5000,0.096660
extDamp,7,10,99,50.0000,0.093617
extDamp,7,20,0,0.5000,6.150900
extDamp,7,20,1,1.0000,5.087128
extDamp,7,20,2,1.5000,4.385302
extDamp,7,20,3,2.0000,3.715893
extDamp,7,20,4,2.5000,2.726276
extDamp,7,20,5,3.0000,2.215813
extDamp,7,20,6,3.5000,1.830193
extDamp,7,20,7,4.0000,1.305469
extDamp,7,20,8,4.5000,1.063078
extDamp,7,20,9,5.0000,0.823491
extDamp,7,20,10,5.5000,0.462003
extDamp,7,20,11,6.0000,0.241044
extDamp,7,20,12,6.5000,0.217831
extDamp,7,20,13,7.0000,0.170135
extDamp,7,20,14,7.5000,0.148990
extDamp,7,20,15,8.0000,0.138951
extDamp,7,20,16,8.5000,0.122003
extDamp,7,20,17,9.0000,0.109198
extDamp,7,20,18,9.5000,0.111203
extDamp,7,20,19,10.0000,0.108682
extDamp,7,20,20,10.5000,0.099282
extDamp,7,20,21,11.0000,0.103419
extDamp,7,20,22,11.5000,0.102205
extDamp,7,20,23,12.0000,0.106276
extDamp,7,20,24,12.5000,0.107085
extDamp,7,20,25,13.0000,0.101325
extDamp,7,20,26,13.5000,0.099390
extDamp,7,20,27,14.0000,0.100232
extDamp,7,20,28,14.5000,0.096190
extDamp,7,20,29,15.0000,0.098430
extDamp,7,20,30,15.5000,0.095802
extDamp,7,20,31,16.0000,0.086982
extDamp,7,20,32,16.5000,0.094009
extDamp,7,20,33,17.0000,0.094550
extDamp,7,20,34,17.5000,0.103329
extDamp,7,20,35,18.0000,0.105858
extDamp,7,20,36,18.5000,0.096689
extDamp,7,20,37,19.0000,0.100089
extDamp,7,20,38,19.5000,0.094537
extDamp,7,20,39,20.0000,0.089310
extDamp,7,20,40,20.5000,0.101269
extDamp,7,20,41,21.0000,0.098931
extDamp,7,20,42,21.5000,0.097852
extDamp,7,20,43,22.0000,0.096586
extDamp,7,20,44,22.5000,0.100721
extDamp,7,20,45,23.0000,0.107988
extDamp,7,20,46,23.5000,0.104740
extDamp,7,20,47,24.0000,0.102203
extDamp,7,20,48,24.5000,0.099551
extDamp,7,20,49,25.0000,0.099528
extDamp,7,20,50,25.5000,0.092390
extDamp,7,20,51,26.0000,0.087792
extDamp,7,20,52,26.5000,0.087199
extDamp,7,20,53,27.0000,0.084757
extDamp,7,20,54,27.5000,0.094238
extDamp,7,20,55,28.0000,0.097503
extDamp,7,20,56,28.5000,0.087024
extDamp,7,20,57,29.0000,0.087171
extDamp,7,20,58,29.5000,0.083199
extDamp,7,20,59,30.0000,0.079826
extDamp,7,20,60,30.5000,0.082693
extDamp,7,20,61,31.0000,0.080858
extDamp,7,20,62,31.5000,0.084851
extDamp,7,20,63,32.0000,0.082829
extDamp,7,20,64,32.5000,0.083817
extDamp,7,20,65,33.0000,0.086376
extDamp,7,20,66,33.5000,0.084552
extDamp,7,20,67,34.0000,0.082180
extDamp,7,20,68,34.5000,0.077934
extDamp,7,20,69,35.0000,0.077058
extDamp,7,20,70,35.5000,0.069647
extDamp,7,20,71,36.0000,0.069762
extDamp,7,20,72,36.5000,0.069198
extDamp,7,20,73,37.0000,0.069429
extDamp,7,20,74,37.5000,0.072365
extDamp,7,20,75,38.0000,0.071960
extDamp,7,20,76,38.5000,0.072909
extDamp,7,20,77,39.0000,0.069872
extDamp,7,20,78,39.5000,0.069898
extDamp,7,20,79,40.0000,0.066075
extDamp,7,20,80,40.5000,0.068363
extDamp,7,20,81,41.0000,0.066556
extDamp,7,20,82,41.5000,0.062270
extDamp,7,20,83,42.0000,0.069532
extDamp,7,20,84,42.5000,0.067711
extDamp,7,20,85,43.0000,0.066437
extDamp,7,20,86,43.5000,0.063182
extDamp,7,20,87,44.0000,0.067002
extDamp,7,20,88,44.5000,0.069179
extDamp,7,20,89,45.0000,0.068698
extDamp,7,20,90,45.5000,0.066213
extDamp,7,20,91,46.0000,0.067943
extDamp,7,20,92,46.5000,0.065788
extDamp,7,20,93,47.0000,0.068824
extDamp,7,20,94,47.5000,0.073237
extDamp,7,20,95,48.0000,0.073140
extDamp,7,20,96,48.5000,0.071894
extDamp,7,20,97,49.0000,0.072982
extDamp,7,20,98,49.5000,0.072012
extDamp,7,20,99,50.0000,0.071797
extDamp,7,30,0,0.5000,6.006233
extDamp,7,30,1,1.0000,4.704066
extDamp,7,30,2,1.5000,3.855983
extDamp,7,30,3,2.0000,3.207817
extDamp,7,30,4,2.5000,2.846479
extDamp,7,30,5,3.0000,2.239459
extDamp,7,30,6,3.5000,1.830055
extDamp,7,30,7,4.0000,1.144193
extDamp,7,30,8,4.5000,0.898371
extDamp,7,30,9,5.0000,0.745963
extDamp,7,30,10,5.5000,0.440149
extDamp,7,30,11,6.0000,0.247309
extDamp,7,30,12,6.5000,0.164673
extDamp,7,30,13,7.0000,0.102120
extDamp,7,30,14,7.5000,0.104321
extDamp,7,30,15,8.0000,0.121691
extDamp,7,30,16,8.5000,0.114957
extDamp,7,30,17,9.0000,0.109173
extDamp,7,30,18,9.5000,0.111390
extDamp,7,30,19,10.0000,0.097532
extDamp,7,30,20,10.5000,0.094076
extDamp,7,30,21,11.0000,0.090953
extDamp,7,30,22,11.5000,0.087129
extDamp,7,30,23,12.0000,0.077733
extDamp,7,30,24,12.5000,0.079244
extDamp,7,30,25,13.0000,0.080567
extDamp,7,30,26,13.5000,0.081154
extDamp,7,30,27,14.0000,0.080632
extDamp,7,30,28,14.5000,0.089539
extDamp,7,30,29,15.0000,0.100834
extDamp,7,30,30,15.5000,0.093952
extDamp,7,30,31,16.0000,0.081103
extDamp,7,30,32,16.5000,0.072733
extDamp,7,30,33,17.0000,0.076768
extDamp,7,30,34,17.5000,0.072110
extDamp,7,30,35,18.0000,0.073097
extDamp,7,30,36,18.5000,0.070287
extDamp,7,30,37,19.0000,0.068654
extDamp,7,30,38,19.5000,0.073846
extDamp,7,30,39,20.0000,0.072261
extDamp,7,30,40,20.5000,0.071453
extDamp,7,30,41,21.0000,0.069811
extDamp,7,30,42,21.5000,0.070216
extDamp,7,30,43,22.0000,0.065762
extDamp,7,30,44,22.5000,0.065045
extDamp,7,30,45,23.0000,0.069961
extDamp,7,30,46,23.5000,0.072001
extDamp,7,30,47,24.0000,0.068064
extDamp,7,30,48,24.5000,0.068282
extDamp,7,30,49,25.0000,0.073591
extDamp,7,30,50,25.5000,0.071395
extDamp,7,30,51,26.0000,0.070143
extDamp,7,30,52,26.5000,0.066550
extDamp,7,30,53,27.0000,0.067019
extDamp,7,30,54,27.5000,0.068422
extDamp,7,30,55,28.0000,0.064194
extDamp,7,30,56,28.5000,0.061909
extDamp,7,30,57,29.0000,0.063248
extDamp,7,30,58,29.5000,0.067919
extDamp,7,30,59,30.0000,0.070867
extDamp,7,30,60,30.5000,0.070321
extDamp,7,30,61,31.0000,0.071969
extDamp,7,30,62,31.5000,0.073071
extDamp,7,30,63,32.0000,0.073576
extDamp,7,30,64,32.5000,0.069171
extDamp,7,30,65,33.0000,0.072250
extDamp,7,30,66,33.5000,0.069800
extDamp,7,30,67,34.0000,0.072967
extDamp,7,30,68,34.5000,0.068499
extDamp,7,30,69,35.0000,0.065822
extDamp,7,30,70,35.5000,0.064594
extDamp,7,30,71,36.0000,0.064193
extDamp,7,30,72,36.5000,0.066782
extDamp,7,30,73,37.0000,0.067547
extDamp,7,30,74,37.5000,0.070059
extDamp,7,30,75,38.0000,0.068767
extDamp,7,30,76,38.5000,0.068805
extDamp,7,30,77,39.0000,0.067991
extDamp,7,30,78,39.5000,0.068288
extDamp,7,30,79,40.0000,0.064798
extDamp,7,30,80,40.5000,0.056860
extDamp,7,30,81,41.0000,0.058928
extDamp,7,30,82,41.5000,0.058788
extDamp,7,30,83,42.0000,0.059042
extDamp,7,30,84,42.5000,0.058851
extDamp,7,30,85,43.0000,0.060201
extDamp,7,30,86,43.5000,0.057204
extDamp,7,30,87,44.0000,0.058215
extDamp,7,30,88,44.5000,0.059397
extDamp,7,30,89,45.0000,0.061585
extDamp,7,30,90,45.5000,0.062736
extDamp,7,30,91,46.0000,0.073738
extDamp,7,30,92,46.5000,0.072001
extDamp,7,30,93,47.0000,0.068597
extDamp,7,30,94,47.5000,0.067899
extDamp,7,30,95,48.0000,0.066479
extDamp,7,30,96,48.5000,0.066761
extDamp,7,30,97,49.0000,0.063467
extDamp,7,30,98,49.5000,0.061682
extDamp,7,30,99,50.0000,0.058309
extDamp,7,40,0,0.5000,5.933597
extDamp,7,40,1,1.0000,4.835379
extDamp,7,40,2,1.5000,4.030740
extDamp,7,40,3,2.0000,3.071539
extDamp,7,40,4,2.5000,2.635355
extDamp,7,40,5,3.0000,2.013166
extDamp,7,40,6,3.5000,1.489505
extDamp,7,40,7,4.0000,1.128771
extDamp,7,40,8,4.5000,0.793297
extDamp,7,40,9,5.0000,0.590298
extDamp,7,40,10,5.5000,0.199747
extDamp,7,40,11,6.0000,0.155749
extDamp,7,40,12,6.5000,0.139219
extDamp,7,40,13,7.0000,0.116855
extDamp,7,40,14,7.5000,0.100487
extDamp,7,40,15,8.0000,0.096968
extDamp,7,40,16,8.5000,0.086722
extDamp,7,40,17,9.0000,0.080717
extDamp,7,40,18,9.5000,0.089459
extDamp,7,40,19,10.0000,0.082929
extDamp,7,40,20,10.5000,0.079911
extDamp,7,40,21,11.0000,0.086123
extDamp,7,40,22,11.5000,0.080745
extDamp,7,40,23,12.0000,0.079907
extDamp,7,40,24,12.5000,0.075614
extDamp,7,40,25,13.0000,0.076216
extDamp,7,40,26,13.5000,0.075105
extDamp,7,40,27,14.0000,0.085613
extDamp,7,40,28,14.5000,0.093381
extDamp,7,40,29,15.0000,0.096015
extDamp,7,40,30,15.5000,0.097603
extDamp,7,40,31,16.0000,0.111217
extDamp,7,40,32,16.5000,0.107952
extDamp,7,40,33,17.0000,0.087082
extDamp,7,40,34,17.5000,0.089695
extDamp,7,40,35,18.0000,0.088993
extDamp,7,40,36,18.5000,0.084752
extDamp,7,40,37,19.0000,0.081955
extDamp,7,40,38,19.5000,0.080020
extDamp,7,40,39,20.0000,0.077329
extDamp,7,40,40,20.5000,0.073461
extDamp,7,40,41,21.0000,0.075709
extDamp,7,40,42,21.5000,0.086619
extDamp,7,40,43,22.0000,0.083892
extDamp,7,40,44,22.5000,0.090392
extDamp,7,40,45,23.0000,0.103695
extDamp,7,40,46,23.5000,0.104907
extDamp,7,40,47,24.0000,0.101714
extDamp,7,40,48,24.5000,0.098011
extDamp,7,40,49,25.0000,0.096301
extDamp,7,40,50,25.5000,0.096917
extDamp,7,40,51,26.0000,0.099744
extDamp,7,40,52,26.5000,0.099954
extDamp,7,40,53,27.0000,0.105085
extDamp,7,40,54,27.5000,0.103156
extDamp,7,40,55,28.0000,0.092602
extDamp,7,40,56,28.5000,0.088764
extDamp,7,40,57,29.0000,0.085627
extDamp,7,40,58,29.5000,0.097789
extDamp,7,40,59,30.0000,0.101090
extDamp,7,40,60,30.5000,0.099958
extDamp,7,40,61,31.0000,0.098225
extDamp,7,40,62,31.5000,0.092516
extDamp,7,40,63,32.0000,0.089654
extDamp,7,40,64,32.5000,0.091678
extDamp,7,40,65,33.0000,0.088956
extDamp,7,40,66,33.5000,0.077436
extDamp,7,40,67,34.0000,0.077101
extDamp,7,40,68,34.5000,0.076979
extDamp,7,40,69,35.0000,0.083434
extDamp,7,40,70,35.5000,0.084817
extDamp,7,40,71,36.0000,0.086813
extDamp,7,40,72,36.5000,0.081348
extDamp,7,40,73,37.0000,0.080308
extDamp,7,40,74,37.5000,0.081330
extDamp,7,40,75,38.0000,0.078638
extDamp,7,40,76,38.5000,0.078419
extDamp,7,40,77,39.0000,0.077957
extDamp,7,40,78,39.5000,0.075367
extDamp,7,40,79,40.0000,0.076092
extDamp,7,40,80,40.5000,0.072962
extDamp,7,40,81,41.0000,0.074177
extDamp,7,40,82,41.5000,0.072049
extDamp,7,40,83,42.0000,0.067492
extDamp,7,40,84,42.5000,0.066356
extDamp,7,40,85,43.0000,0.064103
extDamp,7,40,86,43.5000,0.066607
extDamp,7,40,87,44.0000,0.071131
extDamp,7,40,88,44.5000,0.066467
extDamp,7,40,89,45.0000,0.066864
extDamp,7,40,90,45.5000,0.067393
extDamp,7,40,91,46.0000,0.067611
extDamp,7,40,92,46.5000,0.067153
extDamp,7,40,93,47.0000,0.070002
extDamp,7,40,94,47.5000,0.070684
extDamp,7,40,95,48.0000,0.070043
extDamp,7,40,96,48.5000,0.070409
extDamp,7,40,97,49.0000,0.064033
extDamp,7,40,98,49.5000,0.061178
extDamp,7,40,99,50.0000,0.064153
extDamp,7,50,0,0.5000,6.052325
extDamp,7,50,1,1.0000,4.873346
extDamp,7,50,2,1.5000,3.853680
extDamp,7,50,3,2.0000,3.543082
extDamp,7,50,4,2.5000,2.613952
extDamp,7,50,5,3.0000,2.299534
extDamp,7,50,6,3.5000,1.823817
extDamp,7,50,7,4.0000,1.316358
extDamp,7,50,8,4.5000,1.068973
extDamp,7,50,9,5.0000,0.771010
extDamp,7,50,10,5.5000,0.445775
extDamp,7,50,11,6.0000,0.310220
extDamp,7,50,12,6.5000,0.216904
extDamp,7,50,13,7.0000,0.135012
extDamp,7,50,14,7.5000,0.101579
extDamp,7,50,15,8.0000,0.096231
extDamp,7,50,16,8.5000,0.094727
extDamp,7,50,17,9.0000,0.090282
extDamp,7,50,18,9.5000,0.087032
extDamp,7,50,19,10.0000,0.090963
extDamp,7,50,20,10.5000,0.089106
extDamp,7,50,21,11.0000,0.082300
extDamp,7,50,22,11.5000,0.078967
extDamp,7,50,23,12.0000,0.076463
extDamp,7,50,24,12.5000,0.075309
extDamp,7,50,25,13.0000,0.081826
extDamp,7,50,26,13.5000,0.085385
extDamp,7,50,27,14.0000,0.085063
extDamp,7,50,28,14.5000,0.078674
extDamp,7,50,29,15.0000,0.086428
extDamp,7,50,30,15.5000,0.085900
extDamp,7,50,31,16.0000,0.083832
extDamp,7,50,32,16.5000,0.074986
extDamp,7,50,33,17.0000,0.076477
extDamp,7,50,34,17.5000,0.079160
extDamp,7,50,35,18.0000,0.081062
extDamp,7,50,36,18.5000,0.085287
extDamp,7,50,37,19.0000,0.086177
extDamp,7,50,38,19.5000,0.084645
extDamp,7,50,39,20.0000,0.084489
extDamp,7,50,40,20.5000,0.072822
extDamp,7,50,41,21.0000,0.082846
extDamp,7,50,42,21.5000,0.087567
extDamp,7,50,43,22.0000,0.094959
extDamp,7,50,44,22.5000,0.092167
extDamp,7,50,45,23.0000,0.087181
extDamp,7,50,46,23.5000,0.092134
extDamp,7,50,47,24.0000,0.085960
extDamp,7,50,48,24.5000,0.076342
extDamp,7,50,49,25.0000,0.078103
extDamp,7,50,50,25.5000,0.075632
extDamp,7,50,51,26.0000,0.075902
extDamp,7,50,52,26.5000,0.076012
extDamp,7,50,53,27.0000,0.076010
extDamp,7,50,54,27.5000,0.070011
extDamp,7,50,55,28.0000,0.063560
extDamp,7,50,56,28.5000,0.067363
extDamp,7,50,57,29.0000,0.066508
extDamp,7,50,58,29.5000,0.067713
extDamp,7,50,59,30.0000,0.065085
extDamp,7,50,60,30.5000,0.066955
extDamp,7,50,61,31.0000,0.066000
extDamp,7,50,62,31.5000,0.074142
extDamp,7,50,63,32.0000,0.075271
extDamp,7,50,64,32.5000,0.073880
extDamp,7,50,65,33.0000,0.067126
extDamp,7,50,66,33.5000,0.068792
extDamp,7,50,67,34.0000,0.066737
extDamp,7,50,68,34.5000,0.069470
extDamp,7,50,69,35.0000,0.067553
extDamp,7,50,70,35.5000,0.060200
extDamp,7,50,71,36.0000,0.062728
extDamp,7,50,72,36.5000,0.064670
extDamp,7,50,73,37.0000,0.064791
extDamp,7,50,74,37.5000,0.061747
extDamp,7,50,75,38.0000,0.062831
extDamp,7,50,76,38.5000,0.063077
extDamp,7,50,77,39.0000,0.064897
extDamp,7,50,78,39.5000,0.065516
extDamp,7,50,79,40.0000,0.063756
extDamp,7,50,80,40.5000,0.063333
extDamp,7,50,81,41.0000,0.061897
extDamp,7,50,82,41.5000,0.060419
extDamp,7,50,83,42.0000,0.057334
extDamp,7,50,84,42.5000,0.060714
extDamp,7,50,85,43.0000,0.059587
extDamp,7,50,86,43.5000,0.063204
extDamp,7,50,87,44.0000,0.063370
extDamp,7,50,88,44.5000,0.071311
extDamp,7,50,89,45.0000,0.072893
extDamp,7,50,90,45.5000,0.072615
extDamp,7,50,91,46.0000,0.072389
extDamp,7,50,92,46.5000,0.071100
extDamp,7,50,93,47.0000,0.070552
extDamp,7,50,94,47.5000,0.072038
extDamp,7,50,95,48.0000,0.070446
extDamp,7,50,96,48.5000,0.069426
extDamp,7,50,97,49.0000,0.068786
extDamp,7,50,98,49.5000,0.067172
extDamp,7,50,99,50.0000,0.067277
extFluc,0.5,10,0,0.5000,5.069694
extFluc,0.5,10,1,1.0000,4.863977
extFluc,0.5,10,2,1.5000,4.981079
extFluc,0.5,10,3,2.0000,4.205392
extFluc,0.5,10,4,2.5000,3.730283
extFluc,0.5,10,5,3.0000,3.064723
extFluc,0.5,10,6,3.5000,2.502320
extFluc,0.5,10,7,4.0000,2.157217
extFluc,0.5,10,8,4.5000,1.774642
extFluc,0.5,10,9,5.0000,1.480732
extFluc,0.5,10,10,5.5000,1.030717
extFluc,0.5,10,11,6.0000,0.811187
extFluc,0.5,10,12,6.5000,0.618596
extFluc,0.5,10,13,7.0000,0.619155
extFluc,0.5,10,14,7.5000,0.588272
extFluc,0.5,10,15,8.0000,0.484175
extFluc,0.5,10,16,8.5000,0.316139
extFluc,0.5,10,17,9.0000,0.283628
extFluc,0.5,10,18,9.5000,0.262559
extFluc,0.5,10,19,10.0000,0.251356
extFluc,0.5,10,20,10.5000,0.241974
extFluc,0.5,10,21,11.0000,0.231001
extFluc,0.5,10,22,11.5000,0.221974
extFluc,0.5,10,23,12.0000,0.213302
extFluc,0.5,10,24,12.5000,0.210518
extFluc,0.5,10,25,13.0000,0.199865
extFluc,0.5,10,26,13.5000,0.207656
extFluc,0.5,10,27,14.0000,0.195401
extFluc,0.5,10,28,14.5000,0.192753
extFluc,0.5,10,29,15.0000,0.187690
extFluc,0.5,10,30,15.5000,0.178166
extFluc,0.5,10,31,16.0000,0.180427
extFluc,0.5,10,32,16.5000,0.179713
extFluc,0.5,10,33,17.0000,0.183554
extFluc,0.5,10,34,17.5000,0.179221
extFluc,0.5,10,35,18.0000,0.180368
extFluc,0.5,10,36,18.5000,0.181893
extFluc,0.5,10,37,19.0000,0.167134
extFluc,0.5,10,38,19.5000,0.164493
extFluc,0.5,10,39,20.0000,0.168082
extFluc,0.5,10,40,20.5000,0.165189
extFluc,0.5,10,41,21.0000,0.161813
extFluc,0.5,10,42,21.5000,0.165131
extFluc,0.5,10,43,22.0000,0.166190
extFluc,0.5,10,44,22.5000,0.159255
extFluc,0.5,10,45,23.0000,0.152901
extFluc,0.5,10,46,23.5000,0.149707
extFluc,0.5,10,47,24.0000,0.149444
extFluc,0.5,10,48,24.5000,0.147671
extFluc,0.5,10,49,25.0000,0.145337
extFluc,0.5,10,50,25.5000,0.151886
extFluc,0.5,10,51,26.0000,0.147801
extFluc,0.5,10,52,26.5000,0.160827
extFluc,0.5,10,53,27.0000,0.153618
extFluc,0.5,10,54,27.5000,0.144311
extFluc,0.5,10,55,28.0000,0.145010
extFluc,0.5,10,56,28.5000,0.141377
extFluc,0.5,10,57,29.0000,0.127561
extFluc,0.5,10,58,29.5000,0.126113
extFluc,0.5,10,59,30.0000,0.126600
extFluc,0.5,10,60,30.5000,0.124615
extFluc,0.5,10,61,31.0000,0.128421
extFluc,0.5,10,62,31.5000,0.131358
extFluc,0.5,10,63,32.0000,0.147280
extFluc,0.5,10,64,32.5000,0.149766
extFluc,0.5,10,65,33.0000,0.152053
extFluc,0.5,10,66,33.5000,0.139906
extFluc,0.5,10,67,34.0000,0.142797
extFluc,0.5,10,68,34.5000,0.148540
extFluc,0.5,10,69,35.0000,0.140639
extFluc,0.5,10,70,35.5000,0.135894
extFluc,0.5,10,71,36.0000,0.133436
extFluc,0.5,10,72,36.5000,0.131196
extFluc,0.5,10,73,37.0000,0.129237
extFluc,0.5,10,74,37.5000,0.138858
extFluc,0.5,10,75,38.0000,0.134991
extFluc,0.5,10,76,38.5000,0.138362
extFluc,0.5,10,77,39.0000,0.155668
extFluc,0.5,10,78,39.5000,0.155798
extFluc,0.5,10,79,40.0000,0.150657
extFluc,0.5,10,80,40.5000,0.149463
extFluc,0.5,10,81,41.0000,0.151300
extFluc,0.5,10,82,41.5000,0.146224
extFluc,0.5,10,83,42.0000,0.143720
extFluc,0.5,10,84,42.5000,0.141425
extFluc,0.5,10,85,43.0000,0.143848
extFluc,0.5,10,86,43.5000,0.142246
extFluc,0.5,10,87,44.0000,0.142185
extFluc,0.5,10,88,44.5000,0.137806
extFluc,0.5,10,89,45.0000,0.122392
extFluc,0.5,10,90,45.5000,0.120793
extFluc,0.5,10,91,46.0000,0.118368
extFluc,0.5,10,92,46.5000,0.127293
extFluc,0.5,10,93,47.0000,0.128128
extFluc,0.5,10,94,47.5000,0.125912
extFluc,0.5,10,95,48.0000,0.120621
extFluc,0.5,10,96,48.5000,0.120508
extFluc,0.5,10,97,49.0000,0.121492
extFluc,0.5,10,98,49.5000,0.118053
extFluc,0.5,10,99,50.0000,0.116172
extFluc,0.5,20,0,0.5000,5.708939
extFluc,0.5,20,1,1.0000,5.389243
extFluc,0.5,20,2,1.5000,4.714749
extFluc,0.5,20,3,2.0000,4.012799
extFluc,0.5,20,4,2.5000,3.399694
extFluc,0.5,20,5,3.0000,3.113242
extFluc,0.5,20,6,3.5000,2.703374
extFluc,0.5,20,7,4.0000,2.394651
extFluc,0.5,20,8,4.5000,1.694291
extFluc,0.5,20,9,5.0000,1.229570
extFluc,0.5,20,10,5.5000,0.918178
extFluc,0.5,20,11,6.0000,0.760786
extFluc,0.5,20,12,6.5000,0.528234
extFluc,0.5,20,13,7.0000,0.389080
extFluc,0.5,20,14,7.5000,0.327557
extFluc,0.5,20,15,8.0000,0.340352
extFluc,0.5,20,16,8.5000,0.346577
extFluc,0.5,20,17,9.0000,0.318099
extFluc,0.5,20,18,9.5000,0.267556
extFluc,0.5,20,19,10.0000,0.256344
extFluc,0.5,20,20,10.5000,0.297581
extFluc,0.5,20,21,11.0000,0.283733
extFluc,0.5,20,22,11.5000,0.256528
extFluc,0.5,20,23,12.0000,0.217058
extFluc,0.5,20,24,12.5000,0.238355
extFluc,0.5,20,25,13.0000,0.249394
extFluc,0.5,20,26,13.5000,0.250487
extFluc,0.5,20,27,14.0000,0.245458
extFluc,0.5,20,28,14.5000,0.241658
extFluc,0.5,20,29,15.0000,0.278835
extFluc,0.5,20,30,15.5000,0.204972
extFluc,0.5,20,31,16.0000,0.222157
extFluc,0.5,20,32,16.5000,0.219072
extFluc,0.5,20,33,17.0000,0.228462
extFluc,0.5,20,34,17.5000,0.225832
extFluc,0.5,20,35,18.0000,0.221278
extFluc,0.5,20,36,18.5000,0.221522
extFluc,0.5,20,37,19.0000,0.245871
extFluc,0.5,20,38,19.5000,0.248317
extFluc,0.5,20,39,20.0000,0.241730
extFluc,0.5,20,40,20.5000,0.238055
extFluc,0.5,20,41,21.0000,0.235588
extFluc,0.5,20,42,21.5000,0.229254
extFluc,0.5,20,43,22.0000,0.193679
extFluc,0.5,20,44,22.5000,0.190183
extFluc,0.5,20,45,23.0000,0.146031
extFluc,0.5,20,46,23.5000,0.143651
extFluc,0.5,20,47,24.0000,0.138406
extFluc,0.5,20,48,24.5000,0.134478
extFluc,0.5,20,49,25.0000,0.138088
extFluc,0.5,20,50,25.5000,0.136344
extFluc,0.5,20,51,26.0000,0.138254
extFluc,0.5,20,52,26.5000,0.135695
extFluc,0.5,20,53,27.0000,0.133816
extFluc,0.5,20,54,27.5000,0.139356
extFluc,0.5,20,55,28.0000,0.147245
extFluc,0.5,20,56,28.5000,0.144274
extFluc,0.5,20,57,29.0000,0.146088
extFluc,0.5,20,58,29.5000,0.142520
extFluc,0.5,20,59,30.0000,0.140865
extFluc,0.5,20,60,30.5000,0.149668
extFluc,0.5,20,61,31.0000,0.148026
extFluc,0.5,20,62,31.5000,0.153637
extFluc,0.5,20,63,32.0000,0.146396
extFluc,0.5,20,64,32.5000,0.142420
extFluc,0.5,20,65,33.0000,0.140469
extFluc,0.5,20,66,33.5000,0.131234
extFluc,0.5,20,67,34.0000,0.109587
extFluc,0.5,20,68,34.5000,0.111114
extFluc,0.5,20,69,35.0000,0.117572
extFluc,0.5,20,70,35.5000,0.117860
extFluc,0.5,20,71,36.0000,0.114169
extFluc,0.5,20,72,36.5000,0.114395
extFluc,0.5,20,73,37.0000,0.123441
extFluc,0.5,20,74,37.5000,0.128714
extFluc,0.5,20,75,38.0000,0.131869
extFluc,0.5,20,76,38.5000,0.131250
extFluc,0.5,20,77,39.0000,0.128769
extFluc,0.5,20,78,39.5000,0.153257
extFluc,0.5,20,79,40.0000,0.155949
extFluc,0.5,20,80,40.5000,0.156643
extFluc,0.5,20,81,41.0000,0.157048
extFluc,0.5,20,82,41.5000,0.141045
extFluc,0.5,20,83,42.0000,0.127714
extFluc,0.5,20,84,42.5000,0.124449
extFluc,0.5,20,85,43.0000,0.120703
extFluc,0.5,20,86,43.5000,0.119906
extFluc,0.5,20,87,44.0000,0.118392
extFluc,0.5,20,88,44.5000,0.119456
extFluc,0.5,20,89,45.0000,0.121826
extFluc,0.5,20,90,45.5000,0.131345
extFluc,0.5,20,91,46.0000,0.129608
extFluc,0.5,20,92,46.5000,0.129182
extFluc,0.5,20,93,47.0000,0.130935
extFluc,0.5,20,94,47.5000,0.130261
extFluc,0.5,20,95,48.0000,0.129406
extFluc,0.5,20,96,48.5000,0.121231
extFluc,0.5,20,97,49.0000,0.120475
extFluc,0.5,20,98,49.5000,0.116246
extFluc,0.5,20,99,50.0000,0.113883
extFluc,0.5,30,0,0.5000,5.635194
extFluc,0.5,30,1,1.0000,5.411113
extFluc,0.5,30,2,1.5000,4.500941
extFluc,0.5,30,3,2.0000,3.607418
extFluc,0.5,30,4,2.5000,3.205044
extFluc,0.5,30,5,3.0000,2.605089
extFluc,0.5,30,6,3.5000,2.052865
extFluc,0.5,30,7,4.0000,1.694877
extFluc,0.5,30,8,4.5000,1.535027
extFluc,0.5,30,9,5.0000,1.318558
extFluc,0.5,30,10,5.5000,0.947232
extFluc,0.5,30,11,6.0000,0.775166
extFluc,0.5,30,12,6.5000,0.722596
extFluc,0.5,30,13,7.0000,0.514925
extFluc,0.5,30,14,7.5000,0.350411
extFluc,0.5,30,15,8.0000,0.324577
extFluc,0.5,30,16,8.5000,0.300627
extFluc,0.5,30,17,9.0000,0.267982
extFluc,0.5,30,18,9.5000,0.256737
extFluc,0.5,30,19,10.0000,0.242933
extFluc,0.5,30,20,10.5000,0.249493
extFluc,0.5,30,21,11.0000,0.222056
extFluc,0.5,30,22,11.5000,0.216571
extFluc,0.5,30,23,12.0000,0.214316
extFluc,0.5,30,24,12.5000,0.210162
extFluc,0.5,30,25,13.0000,0.218719
extFluc,0.5,30,26,13.5000,0.209859
extFluc,0.5,30,27,14.0000,0.206605
extFluc,0.5,30,28,14.5000,0.194211
extFluc,0.5,30,29,15.0000,0.194611
extFluc,0.5,30,30,15.5000,0.199325
extFluc,0.5,30,31,16.0000,0.191729
extFluc,0.5,30,32,16.5000,0.187974
extFluc,0.5,30,33,17.0000,0.178013
extFluc,0.5,30,34,17.5000,0.175913
extFluc,0.5,30,35,18.0000,0.172118
extFluc,0.5,30,36,18.5000,0.166670
extFluc,0.5,30,37,19.0000,0.172380
extFluc,0.5,30,38,19.5000,0.168071
extFluc,0.5,30,39,20.0000,0.172460
extFluc,0.5,30,40,20.5000,0.171178
extFluc,0.5,30,41,21.0000,0.165135
extFluc,0.5,30,42,21.5000,0.197451
extFluc,0.5,30,43,22.0000,0.175617
extFluc,0.5,30,44,22.5000,0.169945
extFluc,0.5,30,45,23.0000,0.150215
extFluc,0.5,30,46,23.5000,0.148146
extFluc,0.5,30,47,24.0000,0.143122
extFluc,0.5,30,48,24.5000,0.140588
extFluc,0.5,30,49,25.0000,0.139539
extFluc,0.5,30,50,25.5000,0.137831
extFluc,0.5,30,51,26.0000,0.135800
extFluc,0.5,30,52,26.5000,0.134326
extFluc,0.5,30,53,27.0000,0.132775
extFluc,0.5,30,54,27.5000,0.141519
extFluc,0.5,30,55,28.0000,0.139224
extFluc,0.5,30,56,28.5000,0.136470
extFluc,0.5,30,57,29.0000,0.136435
extFluc,0.5,30,58,29.5000,0.137150
extFluc,0.5,30,59,30.0000,0.127941
extFluc,0.5,30,60,30.5000,0.126334
extFluc,0.5,30,61,31.0000,0.125331
extFluc,0.5,30,62,31.5000,0.124388
extFluc,0.5,30,63,32.0000,0.123942
extFluc,0.5,30,64,32.5000,0.123066
extFluc,0.5,30,65,33.0000,0.123074
extFluc,0.5,30,66,33.5000,0.121505
extFluc,0.5,30,67,34.0000,0.119520
extFluc,0.5,30,68,34.5000,0.122397
extFluc,0.5,30,69,35.0000,0.120656
extFluc,0.5,30,70,35.5000,0.119973
extFluc,0.5,30,71,36.0000,0.117826
extFluc,0.5,30,72,36.5000,0.113652
extFluc,0.5,30,73,37.0000,0.114160
extFluc,0.5,30,74,37.5000,0.112284
extFluc,0.5,30,75,38.0000,0.111904
extFluc,0.5,30,76,38.5000,0.111119
extFluc,0.5,30,77,39.0000,0.109904
extFluc,0.5,30,78,39.5000,0.109785
extFluc,0.5,30,79,40.0000,0.110747
extFluc,0.5,30,80,40.5000,0.109775
extFluc,0.5,30,81,41.0000,0.108849
extFluc,0.5,30,82,41.5000,0.108984
extFluc,0.5,30,83,42.0000,0.109008
extFluc,0.5,30,84,42.5000,0.107994
extFluc,0.5,30,85,43.0000,0.107816
extFluc,0.5,30,86,43.5000,0.106608
extFluc,0.5,30,87,44.0000,0.104538
extFluc,0.5,30,88,44.5000,0.103406
extFluc,0.5,30,89,45.0000,0.102476
extFluc,0.5,30,90,45.5000,0.102066
extFluc,0.5,30,91,46.0000,0.100975
extFluc,0.5,30,92,46.5000,0.100319
extFluc,0.5,30,93,47.0000,0.099447
extFluc,0.5,30,94,47.5000,0.098590
extFluc,0.5,30,95,48.0000,0.097460
extFluc,0.5,30,96,48.5000,0.096878
extFluc,0.5,30,97,49.0000,0.096112
extFluc,0.5,30,98,49.5000,0.095330
extFluc,0.5,30,99,50.0000,0.094882
extFluc,0.5,40,0,0.5000,5.934837
extFluc,0.5,40,1,1.0000,4.923592
extFluc,0.5,40,2,1.5000,4.210340
extFluc,0.5,40,3,2.0000,3.436755
extFluc,0.5,40,4,2.5000,2.853452
extFluc,0.5,40,5,3.0000,2.623714
extFluc,0.5,40,6,3.5000,2.105507
extFluc,0.5,40,7,4.0000,1.851545
extFluc,0.5,40,8,4.5000,1.767791
extFluc,0.5,40,9,5.0000,1.492680
extFluc,0.5,40,10,5.5000,1.037743
extFluc,0.5,40,11,6.0000,0.768214
extFluc,0.5,40,12,6.5000,0.609098
extFluc,0.5,40,13,7.0000,0.457605
extFluc,0.5,40,14,7.5000,0.400096
extFluc,0.5,40,15,8.0000,0.327391
extFluc,0.5,40,16,8.5000,0.297948
extFluc,0.5,40,17,9.0000,0.322226
extFluc,0.5,40,18,9.5000,0.332197
extFluc,0.5,40,19,10.0000,0.279535
extFluc,0.5,40,20,10.5000,0.262674
extFluc,0.5,40,21,11.0000,0.250672
extFluc,0.5,40,22,11.5000,0.243805
extFluc,0.5,40,23,12.0000,0.258011
extFluc,0.5,40,24,12.5000,0.253307
extFluc,0.5,40,25,13.0000,0.259710
extFluc,0.5,40,26,13.5000,0.254528
extFluc,0.5,40,27,14.0000,0.240438
extFluc,0.5,40,28,14.5000,0.269852
extFluc,0.5,40,29,15.0000,0.262031
extFluc,0.5,40,30,15.5000,0.265288
extFluc,0.5,40,31,16.0000,0.251643
extFluc,0.5,40,32,16.5000,0.249287
extFluc,0.5,40,33,17.0000,0.246842
extFluc,0.5,40,34,17.5000,0.245248
extFluc,0.5,40,35,18.0000,0.223245
extFluc,0.5,40,36,18.5000,0.240763
extFluc,0.5,40,37,19.0000,0.240703
extFluc,0.5,40,38,19.5000,0.241470
extFluc,0.5,40,39,20.0000,0.236943
extFluc,0.5,40,40,20.5000,0.229474
extFluc,0.5,40,41,21.0000,0.222365
extFluc,0.5,40,42,21.5000,0.223191
extFluc,0.5,40,43,22.0000,0.229385
extFluc,0.5,40,44,22.5000,0.219957
extFluc,0.5,40,45,23.0000,0.225023
extFluc,0.5,40,46,23.5000,0.220381
extFluc,0.5,40,47,24.0000,0.225098
extFluc,0.5,40,48,24.5000,0.208481
extFluc,0.5,40,49,25.0000,0.212797
extFluc,0.5,40,50,25.5000,0.220161
extFluc,0.5,40,51,26.0000,0.242107
extFluc,0.5,40,52,26.5000,0.239165
extFluc,0.5,40,53,27.0000,0.214132
extFluc,0.5,40,54,27.5000,0.214490
extFluc,0.5,40,55,28.0000,0.204891
extFluc,0.5,40,56,28.5000,0.191474
extFluc,0.5,40,57,29.0000,0.189708
extFluc,0.5,40,58,29.5000,0.183511
extFluc,0.5,40,59,30.0000,0.175134
extFluc,0.5,40,60,30.5000,0.169353
extFluc,0.5,40,61,31.0000,0.166930
extFluc,0.5,40,62,31.5000,0.161057
extFluc,0.5,40,63,32.0000,0.157266
extFluc,0.5,40,64,32.5000,0.140817
extFluc,0.5,40,65,33.0000,0.136914
extFluc,0.5,40,66,33.5000,0.129383
extFluc,0.5,40,67,34.0000,0.127801
extFluc,0.5,40,68,34.5000,0.130026
extFluc,0.5,40,69,35.0000,0.123401
extFluc,0.5,40,70,35.5000,0.121365
extFluc,0.5,40,71,36.0000,0.123626
extFluc,0.5,40,72,36.5000,0.123800
extFluc,0.5,40,73,37.0000,0.128870
extFluc,0.5,40,74,37.5000,0.128957
extFluc,0.5,40,75,38.0000,0.127305
extFluc,0.5,40,76,38.5000,0.131320
extFluc,0.5,40,77,39.0000,0.126576
extFluc,0.5,40,78,39.5000,0.127709
extFluc,0.5,40,79,40.0000,0.119582
extFluc,0.5,40,80,40.5000,0.117707
extFluc,0.5,40,81,41.0000,0.128925
extFluc,0.5,40,82,41.5000,0.129977
extFluc,0.5,40,83,42.0000,0.137468
extFluc,0.5,40,84,42.5000,0.147463
extFluc,0.5,40,85,43.0000,0.140457
extFluc,0.5,40,86,43.5000,0.130412
extFluc,0.5,40,87,44.0000,0.131864
extFluc,0.5,40,88,44.5000,0.129270
extFluc,0.5,40,89,45.0000,0.105746
extFluc,0.5,40,90,45.5000,0.097791
extFluc,0.5,40,91,46.0000,0.097506
extFluc,0.5,40,92,46.5000,0.096638
extFluc,0.5,40,93,47.0000,0.096010
extFluc,0.5,40,94,47.5000,0.095759
extFluc,0.5,40,95,48.0000,0.094767
extFluc,0.5,40,96,48.5000,0.094693
extFluc,0.5,40,97,49.0000,0.093582
extFluc,0.5,40,98,49.5000,0.093589
extFluc,0.5,40,99,50.0000,0.092711
extFluc,0.5,50,0,0.5000,5.502381
extFluc,0.5,50,1,1.0000,4.603861
extFluc,0.5,50,2,1.5000,4.511044
extFluc,0.5,50,3,2.0000,3.549253
extFluc,0.5,50,4,2.5000,3.248061
extFluc,0.5,50,5,3.0000,2.527833
extFluc,0.5,50,6,3.5000,1.999173
extFluc,0.5,50,7,4.0000,1.682965
extFluc,0.5,50,8,4.5000,1.401497
extFluc,0.5,50,9,5.0000,1.204627
extFluc,0.5,50,10,5.5000,0.947300
extFluc,0.5,50,11,6.0000,0.800280
extFluc,0.5,50,12,6.5000,0.657777
extFluc,0.5,50,13,7.0000,0.548628
extFluc,0.5,50,14,7.5000,0.489720
extFluc,0.5,50,15,8.0000,0.365759
extFluc,0.5,50,16,8.5000,0.329096
extFluc,0.5,50,17,9.0000,0.306568
extFluc,0.5,50,18,9.5000,0.271060
extFluc,0.5,50,19,10.0000,0.284144
extFluc,0.5,50,20,10.5000,0.273260
extFluc,0.5,50,21,11.0000,0.263272
extFluc,0.5,50,22,11.5000,0.241195
extFluc,0.5,50,23,12.0000,0.220769
extFluc,0.5,50,24,12.5000,0.219753
extFluc,0.5,50,25,13.0000,0.200614
extFluc,0.5,50,26,13.5000,0.196717
extFluc,0.5,50,27,14.0000,0.188509
extFluc,0.5,50,28,14.5000,0.203986
extFluc,0.5,50,29,15.0000,0.220492
extFluc,0.5,50,30,15.5000,0.205065
extFluc,0.5,50,31,16.0000,0.228436
extFluc,0.5,50,32,16.5000,0.226827
extFluc,0.5,50,33,17.0000,0.243661
extFluc,0.5,50,34,17.5000,0.230255
extFluc,0.5,50,35,18.0000,0.203331
extFluc,0.5,50,36,18.5000,0.210825
extFluc,0.5,50,37,19.0000,0.207611
extFluc,0.5,50,38,19.5000,0.200205
extFluc,0.5,50,39,20.0000,0.192784
extFluc,0.5,50,40,20.5000,0.184528
extFluc,0.5,50,41,21.0000,0.181670
extFluc,0.5,50,42,21.5000,0.180757
extFluc,0.5,50,43,22.0000,0.179824
extFluc,0.5,50,44,22.5000,0.194466
extFluc,0.5,50,45,23.0000,0.176061
extFluc,0.5,50,46,23.5000,0.173777
extFluc,0.5,50,47,24.0000,0.172189
extFluc,0.5,50,48,24.5000,0.190546
extFluc,0.5,50,49,25.0000,0.163214
extFluc,0.5,50,50,25.5000,0.162845
extFluc,0.5,50,51,26.0000,0.157999
extFluc,0.5,50,52,26.5000,0.154151
extFluc,0.5,50,53,27.0000,0.149577
extFluc,0.5,50,54,27.5000,0.142235
extFluc,0.5,50,55,28.0000,0.140657
extFluc,0.5,50,56,28.5000,0.137891
extFluc,0.5,50,57,29.0000,0.148390
extFluc,0.5,50,58,29.5000,0.152675
extFluc,0.5,50,59,30.0000,0.150858
extFluc,0.5,50,60,30.5000,0.146587
extFluc,0.5,50,61,31.0000,0.144171
extFluc,0.5,50,62,31.5000,0.151990
extFluc,0.5,50,63,32.0000,0.151711
extFluc,0.5,50,64,32.5000,0.151567
extFluc,0.5,50,65,33.0000,0.150848
extFluc,0.5,50,66,33.5000,0.162237
extFluc,0.5,50,67,34.0000,0.156349
extFluc,0.5,50,68,34.5000,0.157096
extFluc,0.5,50,69,35.0000,0.159247
extFluc,0.5,50,70,35.5000,0.154038
extFluc,0.5,50,71,36.0000,0.145159
extFluc,0.5,50,72,36.5000,0.142542
extFluc,0.5,50,73,37.0000,0.139292
extFluc,0.5,50,74,37.5000,0.138772
extFluc,0.5,50,75,38.0000,0.142936
extFluc,0.5,50,76,38.5000,0.145586
extFluc,0.5,50,77,39.0000,0.140057
extFluc,0.5,50,78,39.5000,0.143389
extFluc,0.5,50,79,40.0000,0.142462
extFluc,0.5,50,80,40.5000,0.143205
extFluc,0.5,50,81,41.0000,0.143239
extFluc,0.5,50,82,41.5000,0.149641
extFluc,0.5,50,83,42.0000,0.143208
extFluc,0.5,50,84,42.5000,0.138549
extFluc,0.5,50,85,43.0000,0.134721
extFluc,0.5,50,86,43.5000,0.134715
extFluc,0.5,50,87,44.0000,0.129625
extFluc,0.5,50,88,44.5000,0.128237
extFluc,0.5,50,89,45.0000,0.128463
extFluc,0.5,50,90,45.5000,0.129560
extFluc,0.5,50,91,46.0000,0.130666
extFluc,0.5,50,92,46.5000,0.134365
extFluc,0.5,50,93,47.0000,0.139898
extFluc,0.5,50,94,47.5000,0.134815
extFluc,0.5,50,95,48.0000,0.135791
extFluc,0.5,50,96,48.5000,0.135835
extFluc,0.5,50,97,49.0000,0.137384
extFluc,0.5,50,98,49.5000,0.137687
extFluc,0.5,50,99,50.0000,0.133009
extFluc,1,10,0,0.5000,6.461394
extFluc,1,10,1,1.0000,6.112806
extFluc,1,10,2,1.5000,4.439093
extFluc,1,10,3,2.0000,3.762495
extFluc,1,10,4,2.5000,3.202599
extFluc,1,10,5,3.0000,2.307841
extFluc,1,10,6,3.5000,1.866646
extFluc,1,10,7,4.0000,1.496787
extFluc,1,10,8,4.5000,1.037478
extFluc,1,10,9,5.0000,0.876995
extFluc,1,10,10,5.5000,0.655437
extFluc,1,10,11,6.0000,0.368110
extFluc,1,10,12,6.5000,0.292994
extFluc,1,10,13,7.0000,0.201897
extFluc,1,10,14,7.5000,0.191643
extFluc,1,10,15,8.0000,0.174078
extFluc,1,10,16,8.5000,0.164321
extFluc,1,10,17,9.0000,0.159778
extFluc,1,10,18,9.5000,0.178517
extFluc,1,10,19,10.0000,0.183923
extFluc,1,10,20,10.5000,0.160417
extFluc,1,10,21,11.0000,0.176134
extFluc,1,10,22,11.5000,0.125517
extFluc,1,10,23,12.0000,0.122287
extFluc,1,10,24,12.5000,0.119700
extFluc,1,10,25,13.0000,0.124477
extFluc,1,10,26,13.5000,0.129913
extFluc,1,10,27,14.0000,0.130608
extFluc,1,10,28,14.5000,0.124082
extFluc,1,10,29,15.0000,0.125617
extFluc,1,10,30,15.5000,0.116263
extFluc,1,10,31,16.0000,0.114457
extFluc,1,10,32,16.5000,0.100218
extFluc,1,10,33,17.0000,0.101858
extFluc,1,10,34,17.5000,0.099091
extFluc,1,10,35,18.0000,0.099009
extFluc,1,10,36,18.5000,0.098431
extFluc,1,10,37,19.0000,0.096781
extFluc,1,10,38,19.5000,0.097340
extFluc,1,10,39,20.0000,0.099949
extFluc,1,10,40,20.5000,0.095274
extFluc,1,10,41,21.0000,0.098578
extFluc,1,10,42,21.5000,0.107019
extFluc,1,10,43,22.0000,0.104401
extFluc,1,10,44,22.5000,0.102885
extFluc,1,10,45,23.0000,0.103594
extFluc,1,10,46,23.5000,0.090099
extFluc,1,10,47,24.0000,0.093316
extFluc,1,10,48,24.5000,0.088694
extFluc,1,10,49,25.0000,0.088756
extFluc,1,10,50,25.5000,0.094639
extFluc,1,10,51,26.0000,0.099370
extFluc,1,10,52,26.5000,0.099297
extFluc,1,10,53,27.0000,0.100868
extFluc,1,10,54,27.5000,0.098208
extFluc,1,10,55,28.0000,0.095992
extFluc,1,10,56,28.5000,0.101422
extFluc,1,10,57,29.0000,0.111994
extFluc,1,10,58,29.5000,0.116717
extFluc,1,10,59,30.0000,0.118079
extFluc,1,10,60,30.5000,0.117563
extFluc,1,10,61,31.0000,0.116313
extFluc,1,10,62,31.5000,0.114805
extFluc,1,10,63,32.0000,0.112915
extFluc,1,10,64,32.5000,0.112250
extFluc,1,10,65,33.0000,0.114112
extFluc,1,10,66,33.5000,0.108112
extFluc,1,10,67,34.0000,0.104124
extFluc,1,10,68,34.5000,0.100404
extFluc,1,10,69,35.0000,0.107503
extFluc,1,10,70,35.5000,0.119217
extFluc,1,10,71,36.0000,0.099396
extFluc,1,10,72,36.5000,0.097775
extFluc,1,10,73,37.0000,0.111618
extFluc,1,10,74,37.5000,0.110744
extFluc,1,10,75,38.0000,0.104812
extFluc,1,10,76,38.5000,0.101670
extFluc,1,10,77,39.0000,0.104913
extFluc,1,10,78,39.5000,0.110018
extFluc,1,10,79,40.0000,0.107559
extFluc,1,10,80,40.5000,0.106072
extFluc,1,10,81,41.0000,0.100396
extFluc,1,10,82,41.5000,0.098264
extFluc,1,10,83,42.0000,0.102444
extFluc,1,10,84,42.5000,0.095280
extFluc,1,10,85,43.0000,0.092582
extFluc,1,10,86,43.5000,0.091318
extFluc,1,10,87,44.0000,0.087453
extFluc,1,10,88,44.5000,0.082938
extFluc,1,10,89,45.0000,0.085113
extFluc,1,10,90,45.5000,0.085888
extFluc,1,10,91,46.0000,0.086797
extFluc,1,10,92,46.5000,0.076736
extFluc,1,10,93,47.0000,0.072368
extFluc,1,10,94,47.5000,0.074243
extFluc,1,10,95,48.0000,0.074058
extFluc,1,10,96,48.5000,0.078085
extFluc,1,10,97,49.0000,0.104642
extFluc,1,10,98,49.5000,0.099589
extFluc,1,10,99,50.0000,0.094534
extFluc,1,20,0,0.5000,6.192762
extFluc,1,20,1,1.0000,5.259065
extFluc,1,20,2,1.5000,4.672159
extFluc,1,20,3,2.0000,4.078760
extFluc,1,20,4,2.5000,3.694142
extFluc,1,20,5,3.0000,2.940276
extFluc,1,20,6,3.5000,2.202252
extFluc,1,20,7,4.0000,1.622936
extFluc,1,20,8,4.5000,1.298213
extFluc,1,20,9,5.0000,0.806711
extFluc,1,20,10,5.5000,0.562202
extFluc,1,20,11,6.0000,0.433531
extFluc,1,20,12,6.5000,0.242621
extFluc,1,20,13,7.0000,0.204571
extFluc,1,20,14,7.5000,0.181595
extFluc,1,20,15,8.0000,0.169601
extFluc,1,20,16,8.5000,0.167368
extFluc,1,20,17,9.0000,0.157516
extFluc,1,20,18,9.5000,0.152563
extFluc,1,20,19,10.0000,0.172262
extFluc,1,20,20,10.5000,0.174153
extFluc,1,20,21,11.0000,0.175474
extFluc,1,20,22,11.5000,0.158112
extFluc,1,20,23,12.0000,0.137157
extFluc,1,20,24,12.5000,0.136682
extFluc,1,20,25,13.0000,0.156466
extFluc,1,20,26,13.5000,0.145913
extFluc,1,20,27,14.0000,0.140136
extFluc,1,20,28,14.5000,0.120497
extFluc,1,20,29,15.0000,0.120280
extFluc,1,20,30,15.5000,0.118706
extFluc,1,20,31,16.0000,0.129820
extFluc,1,20,32,16.5000,0.131316
extFluc,1,20,33,17.0000,0.131686
extFluc,1,20,34,17.5000,0.130860
extFluc,1,20,35,18.0000,0.129644
extFluc,1,20,36,18.5000,0.131144
extFluc,1,20,37,19.0000,0.130208
extFluc,1,20,38,19.5000,0.130670
extFluc,1,20,39,20.0000,0.122872
extFluc,1,20,40,20.5000,0.123846
extFluc,1,20,41,21.0000,0.100246
extFluc,1,20,42,21.5000,0.099500
extFluc,1,20,43,22.0000,0.097144
extFluc,1,20,44,22.5000,0.110921
extFluc,1,20,45,23.0000,0.104692
extFluc,1,20,46,23.5000,0.117767
extFluc,1,20,47,24.0000,0.115761
extFluc,1,20,48,24.5000,0.105044
extFluc,1,20,49,25.0000,0.101195
extFluc,1,20,50,25.5000,0.099238
extFluc,1,20,51,26.0000,0.100903
extFluc,1,20,52,26.5000,0.101781
extFluc,1,20,53,27.0000,0.093030
extFluc,1,20,54,27.5000,0.086213
extFluc,1,20,55,28.0000,0.085646
extFluc,1,20,56,28.5000,0.085439
extFluc,1,20,57,29.0000,0.082761
extFluc,1,20,58,29.5000,0.080092
extFluc,1,20,59,30.0000,0.078637
extFluc,1,20,60,30.5000,0.078631
extFluc,1,20,61,31.0000,0.087488
extFluc,1,20,62,31.5000,0.082845
extFluc,1,20,63,32.0000,0.090619
extFluc,1,20,64,32.5000,0.080928
extFluc,1,20,65,33.0000,0.081706
extFluc,1,20,66,33.5000,0.085605
extFluc,1,20,67,34.0000,0.081981
extFluc,1,20,68,34.5000,0.082412
extFluc,1,20,69,35.0000,0.084912
extFluc,1,20,70,35.5000,0.087654
extFluc,1,20,71,36.0000,0.088357
extFluc,1,20,72,36.5000,0.097058
extFluc,1,20,73,37.0000,0.096128
extFluc,1,20,74,37.5000,0.095282
extFluc,1,20,75,38.0000,0.094044
extFluc,1,20,76,38.5000,0.096180
extFluc,1,20,77,39.0000,0.089704
extFluc,1,20,78,39.5000,0.088890
extFluc,1,20,79,40.0000,0.087097
extFluc,1,20,80,40.5000,0.079853
extFluc,1,20,81,41.0000,0.076073
extFluc,1,20,82,41.5000,0.075151
extFluc,1,20,83,42.0000,0.075178
extFluc,1,20,84,42.5000,0.082795
extFluc,1,20,85,43.0000,0.069030
extFluc,1,20,86,43.5000,0.067632
extFluc,1,20,87,44.0000,0.066899
extFluc,1,20,88,44.5000,0.070807
extFluc,1,20,89,45.0000,0.082607
extFluc,1,20,90,45.5000,0.080492
extFluc,1,20,91,46.0000,0.079643
extFluc,1,20,92,46.5000,0.081011
extFluc,1,20,93,47.0000,0.081050
extFluc,1,20,94,47.5000,0.079742
extFluc,1,20,95,48.0000,0.081851
extFluc,1,20,96,48.5000,0.082768
extFluc,1,20,97,49.0000,0.076503
extFluc,1,20,98,49.5000,0.075342
extFluc,1,20,99,50.0000,0.075086
extFluc,1,30,0,0.5000,6.147859
extFluc,1,30,1,1.0000,5.355233
extFluc,1,30,2,1.5000,4.100135
extFluc,1,30,3,2.0000,3.579995
extFluc,1,30,4,2.5000,2.875311
extFluc,1,30,5,3.0000,2.585949
extFluc,1,30,6,3.5000,1.877740
extFluc,1,30,7,4.0000,1.457150
extFluc,1,30,8,4.5000,1.106946
extFluc,1,30,9,5.0000,0.918600
extFluc,1,30,10,5.5000,0.720534
extFluc,1,30,11,6.0000,0.579692
extFluc,1,30,12,6.5000,0.400472
extFluc,1,30,13,7.0000,0.361621
extFluc,1,30,14,7.5000,0.338517
extFluc,1,30,15,8.0000,0.319621
extFluc,1,30,16,8.5000,0.306442
extFluc,1,30,17,9.0000,0.301221
extFluc,1,30,18,9.5000,0.310767
extFluc,1,30,19,10.0000,0.278245
extFluc,1,30,20,10.5000,0.269496
extFluc,1,30,21,11.0000,0.263926
extFluc,1,30,22,11.5000,0.264838
extFluc,1,30,23,12.0000,0.250911
extFluc,1,30,24,12.5000,0.242127
extFluc,1,30,25,13.0000,0.227964
extFluc,1,30,26,13.5000,0.232993
extFluc,1,30,27,14.0000,0.227430
extFluc,1,30,28,14.5000,0.229066
extFluc,1,30,29,15.0000,0.234004
extFluc,1,30,30,15.5000,0.223494
extFluc,1,30,31,16.0000,0.231302
extFluc,1,30,32,16.5000,0.233783
extFluc,1,30,33,17.0000,0.210841
extFluc,1,30,34,17.5000,0.199646
extFluc,1,30,35,18.0000,0.184687
extFluc,1,30,36,18.5000,0.128311
extFluc,1,30,37,19.0000,0.142751
extFluc,1,30,38,19.5000,0.136610
extFluc,1,30,39,20.0000,0.126347
extFluc,1,30,40,20.5000,0.118700
extFluc,1,30,41,21.0000,0.122187
extFluc,1,30,42,21.5000,0.115645
extFluc,1,30,43,22.0000,0.114212
extFluc,1,30,44,22.5000,0.116744
extFluc,1,30,45,23.0000,0.124534
extFluc,1,30,46,23.5000,0.125220
extFluc,1,30,47,24.0000,0.126161
extFluc,1,30,48,24.5000,0.122583
extFluc,1,30,49,25.0000,0.113628
extFluc,1,30,50,25.5000,0.118020
extFluc,1,30,51,26.0000,0.086078
extFluc,1,30,52,26.5000,0.083711
extFluc,1,30,53,27.0000,0.084875
extFluc,1,30,54,27.5000,0.084219
extFluc,1,30,55,28.0000,0.084754
extFluc,1,30,56,28.5000,0.080691
extFluc,1,30,57,29.0000,0.080455
extFluc,1,30,58,29.5000,0.078718
extFluc,1,30,59,30.0000,0.073687
extFluc,1,30,60,30.5000,0.073473
extFluc,1,30,61,31.0000,0.073207
extFluc,1,30,62,31.5000,0.072596
extFluc,1,30,63,32.0000,0.072060
extFluc,1,30,64,32.5000,0.072594
extFluc,1,30,65,33.0000,0.071509
extFluc,1,30,66,33.5000,0.070659
extFluc,1,30,67,34.0000,0.070570
extFluc,1,30,68,34.5000,0.069349
extFluc,1,30,69,35.0000,0.070976
extFluc,1,30,70,35.5000,0.072919
extFluc,1,30,71,36.0000,0.072776
extFluc,1,30,72,36.5000,0.073663
extFluc,1,30,73,37.0000,0.073626
extFluc,1,30,74,37.5000,0.071346
extFluc,1,30,75,38.0000,0.072310
extFluc,1,30,76,38.5000,0.078768
extFluc,1,30,77,39.0000,0.079505
extFluc,1,30,78,39.5000,0.080987
extFluc,1,30,79,40.0000,0.077579
extFluc,1,30,80,40.5000,0.074079
extFluc,1,30,81,41.0000,0.074568
extFluc,1,30,82,41.5000,0.071784
extFluc,1,30,83,42.0000,0.070559
extFluc,1,30,84,42.5000,0.073608
extFluc,1,30,85,43.0000,0.071312
extFluc,1,30,86,43.5000,0.071534
extFluc,1,30,87,44.0000,0.070552
extFluc,1,30,88,44.5000,0.070540
extFluc,1,30,89,45.0000,0.070495
extFluc,1,30,90,45.5000,0.071853
extFluc,1,30,91,46.0000,0.071645
extFluc,1,30,92,46.5000,0.069596
extFluc,1,30,93,47.0000,0.068911
extFluc,1,30,94,47.5000,0.068707
extFluc,1,30,95,48.0000,0.070695
extFluc,1,30,96,48.5000,0.071046
extFluc,1,30,97,49.0000,0.069832
extFluc,1,30,98,49.5000,0.062569
extFluc,1,30,99,50.0000,0.062276
extFluc,1,40,0,0.5000,6.286463
extFluc,1,40,1,1.0000,5.448474
extFluc,1,40,2,1.5000,4.841309
extFluc,1,40,3,2.0000,3.770853
extFluc,1,40,4,2.5000,3.197353
extFluc,1,40,5,3.0000,2.500602
extFluc,1,40,6,3.5000,2.103420
extFluc,1,40,7,4.0000,1.715827
extFluc,1,40,8,4.5000,1.172503
extFluc,1,40,9,5.0000,0.862729
extFluc,1,40,10,5.5000,0.519412
extFluc,1,40,11,6.0000,0.363126
extFluc,1,40,12,6.5000,0.240698
extFluc,1,40,13,7.0000,0.179630
extFluc,1,40,14,7.5000,0.167637
extFluc,1,40,15,8.0000,0.160158
extFluc,1,40,16,8.5000,0.155744
extFluc,1,40,17,9.0000,0.158440
extFluc,1,40,18,9.5000,0.161009
extFluc,1,40,19,10.0000,0.194930
extFluc,1,40,20,10.5000,0.191566
extFluc,1,40,21,11.0000,0.189922
extFluc,1,40,22,11.5000,0.188089
extFluc,1,40,23,12.0000,0.213573
extFluc,1,40,24,12.5000,0.182355
extFluc,1,40,25,13.0000,0.133963
extFluc,1,40,26,13.5000,0.125378
extFluc,1,40,27,14.0000,0.122299
extFluc,1,40,28,14.5000,0.117475
extFluc,1,40,29,15.0000,0.121263
extFluc,1,40,30,15.5000,0.127481
extFluc,1,40,31,16.0000,0.123782
extFluc,1,40,32,16.5000,0.123803
extFluc,1,40,33,17.0000,0.125622
extFluc,1,40,34,17.5000,0.116198
extFluc,1,40,35,18.0000,0.116908
extFluc,1,40,36,18.5000,0.115518
extFluc,1,40,37,19.0000,0.111007
extFluc,1,40,38,19.5000,0.104000
extFluc,1,40,39,20.0000,0.102987
extFluc,1,40,40,20.5000,0.101287
extFluc,1,40,41,21.0000,0.108432
extFluc,1,40,42,21.5000,0.111365
extFluc,1,40,43,22.0000,0.110892
extFluc,1,40,44,22.5000,0.110624
extFluc,1,40,45,23.0000,0.103756
extFluc,1,40,46,23.5000,0.102635
extFluc,1,40,47,24.0000,0.099451
extFluc,1,40,48,24.5000,0.100454
extFluc,1,40,49,25.0000,0.099872
extFluc,1,40,50,25.5000,0.100014
extFluc,1,40,51,26.0000,0.091648
extFluc,1,40,52,26.5000,0.088274
extFluc,1,40,53,27.0000,0.091943
extFluc,1,40,54,27.5000,0.096158
extFluc,1,40,55,28.0000,0.092794
extFluc,1,40,56,28.5000,0.092630
extFluc,1,40,57,29.0000,0.092099
extFluc,1,40,58,29.5000,0.090522
extFluc,1,40,59,30.0000,0.085957
extFluc,1,40,60,30.5000,0.082993
extFluc,1,40,61,31.0000,0.081852
extFluc,1,40,62,31.5000,0.083124
extFluc,1,40,63,32.0000,0.084490
extFluc,1,40,64,32.5000,0.081824
extFluc,1,40,65,33.0000,0.086261
extFluc,1,40,66,33.5000,0.084134
extFluc,1,40,67,34.0000,0.081663
extFluc,1,40,68,34.5000,0.081028
extFluc,1,40,69,35.0000,0.076128
extFluc,1,40,70,35.5000,0.072533
extFluc,1,40,71,36.0000,0.072311
extFluc,1,40,72,36.5000,0.071481
extFluc,1,40,73,37.0000,0.071829
extFluc,1,40,74,37.5000,0.072166
extFluc,1,40,75,38.0000,0.082628
extFluc,1,40,76,38.5000,0.079065
extFluc,1,40,77,39.0000,0.075063
extFluc,1,40,78,39.5000,0.075198
extFluc,1,40,79,40.0000,0.073946
extFluc,1,40,80,40.5000,0.074244
extFluc,1,40,81,41.0000,0.073581
extFluc,1,40,82,41.5000,0.075787
extFluc,1,40,83,42.0000,0.076927
extFluc,1,40,84,42.5000,0.075461
extFluc,1,40,85,43.0000,0.071022
extFluc,1,40,86,43.5000,0.070246
extFluc,1,40,87,44.0000,0.066468
extFluc,1,40,88,44.5000,0.067228
extFluc,1,40,89,45.0000,0.065249
extFluc,1,40,90,45.5000,0.066760
extFluc,1,40,91,46.0000,0.065229
extFluc,1,40,92,46.5000,0.065383
extFluc,1,40,93,47.0000,0.064502
extFluc,1,40,94,47.5000,0.065217
extFluc,1,40,95,48.0000,0.061543
extFluc,1,40,96,48.5000,0.061389
extFluc,1,40,97,49.0000,0.060525
extFluc,1,40,98,49.5000,0.060803
extFluc,1,40,99,50.0000,0.060958
extFluc,1,50,0,0.5000,6.246712
extFluc,1,50,1,1.0000,5.477431
extFluc,1,50,2,1.5000,4.509260
extFluc,1,50,3,2.0000,3.556070
extFluc,1,50,4,2.5000,2.970023
extFluc,1,50,5,3.0000,2.440896
extFluc,1,50,6,3.5000,1.846736
extFluc,1,50,7,4.0000,1.483881
extFluc,1,50,8,4.5000,1.141947
extFluc,1,50,9,5.0000,0.788669
extFluc,1,50,10,5.5000,0.522039
extFluc,1,50,11,6.0000,0.376203
extFluc,1,50,12,6.5000,0.303081
extFluc,1,50,13,7.0000,0.221307
extFluc,1,50,14,7.5000,0.207535
extFluc,1,50,15,8.0000,0.210066
extFluc,1,50,16,8.5000,0.216677
extFluc,1,50,17,9.0000,0.180180
extFluc,1,50,18,9.5000,0.177308
extFluc,1,50,19,10.0000,0.177291
extFluc,1,50,20,10.5000,0.168858
extFluc,1,50,21,11.0000,0.165236
extFluc,1,50,22,11.5000,0.169721
extFluc,1,50,23,12.0000,0.165328
extFluc,1,50,24,12.5000,0.160765
extFluc,1,50,25,13.0000,0.137256
extFluc,1,50,26,13.5000,0.136952
extFluc,1,50,27,14.0000,0.136525
extFluc,1,50,28,14.5000,0.130361
extFluc,1,50,29,15.0000,0.115487
extFluc,1,50,30,15.5000,0.121793
extFluc,1,50,31,16.0000,0.118625
extFluc,1,50,32,16.5000,0.119171
extFluc,1,50,33,17.0000,0.118004
extFluc,1,50,34,17.5000,0.111689
extFluc,1,50,35,18.0000,0.110752
extFluc,1,50,36,18.5000,0.102703
extFluc,1,50,37,19.0000,0.095740
extFluc,1,50,38,19.5000,0.094816
extFluc,1,50,39,20.0000,0.116376
extFluc,1,50,40,20.5000,0.112794
extFluc,1,50,41,21.0000,0.115499
extFluc,1,50,42,21.5000,0.125303
extFluc,1,50,43,22.0000,0.122345
extFluc,1,50,44,22.5000,0.124084
extFluc,1,50,45,23.0000,0.126342
extFluc,1,50,46,23.5000,0.121853
extFluc,1,50,47,24.0000,0.119496
extFluc,1,50,48,24.5000,0.122070
extFluc,1,50,49,25.0000,0.117868
extFluc,1,50,50,25.5000,0.107383
extFluc,1,50,51,26.0000,0.103661
extFluc,1,50,52,26.5000,0.107598
extFluc,1,50,53,27.0000,0.113964
extFluc,1,50,54,27.5000,0.117744
extFluc,1,50,55,28.0000,0.125908
extFluc,1,50,56,28.5000,0.122379
extFluc,1,50,57,29.0000,0.121960
extFluc,1,50,58,29.5000,0.118203
extFluc,1,50,59,30.0000,0.120439
extFluc,1,50,60,30.5000,0.118465
extFluc,1,50,61,31.0000,0.111272
extFluc,1,50,62,31.5000,0.111519
extFluc,1,50,63,32.0000,0.140020
extFluc,1,50,64,32.5000,0.139240
extFluc,1,50,65,33.0000,0.136293
extFluc,1,50,66,33.5000,0.131199
extFluc,1,50,67,34.0000,0.131926
extFluc,1,50,68,34.5000,0.130618
extFluc,1,50,69,35.0000,0.132867
extFluc,1,50,70,35.5000,0.133536
extFluc,1,50,71,36.0000,0.129551
extFluc,1,50,72,36.5000,0.130855
extFluc,1,50,73,37.0000,0.119566
extFluc,1,50,74,37.5000,0.118448
extFluc,1,50,75,38.0000,0.117103
extFluc,1,50,76,38.5000,0.122273
extFluc,1,50,77,39.0000,0.130026
extFluc,1,50,78,39.5000,0.129927
extFluc,1,50,79,40.0000,0.126183
extFluc,1,50,80,40.5000,0.130279
extFluc,1,50,81,41.0000,0.113483
extFluc,1,50,82,41.5000,0.119150
extFluc,1,50,83,42.0000,0.122677
extFluc,1,50,84,42.5000,0.128546
extFluc,1,50,85,43.0000,0.131881
extFluc,1,50,86,43.5000,0.130580
extFluc,1,50,87,44.0000,0.138070
extFluc,1,50,88,44.5000,0.132675
extFluc,1,50,89,45.0000,0.131603
extFluc,1,50,90,45.5000,0.132388
extFluc,1,50,91,46.0000,0.123933
extFluc,1,50,92,46.5000,0.127731
extFluc,1,50,93,47.0000,0.134694
extFluc,1,50,94,47.5000,0.124253
extFluc,1,50,95,48.0000,0.117711
extFluc,1,50,96,48.5000,0.116771
extFluc,1,50,97,49.0000,0.120814
extFluc,1,50,98,49.5000,0.119477
extFluc,1,50,99,50.0000,0.122602
extFluc,2,10,0,0.5000,6.211509
extFluc,2,10,1,1.0000,5.238959
extFluc,2,10,2,1.5000,4.461767
extFluc,2,10,3,2.0000,3.487467
extFluc,2,10,4,2.5000,2.827036
extFluc,2,10,5,3.0000,2.264060
extFluc,2,10,6,3.5000,1.837556
extFluc,2,10,7,4.0000,1.427834
extFluc,2,10,8,4.5000,1.043786
extFluc,2,10,9,5.0000,0.778984
extFluc,2,10,10,5.5000,0.558336
extFluc,2,10,11,6.0000,0.319957
extFluc,2,10,12,6.5000,0.175527
extFluc,2,10,13,7.0000,0.110201
extFluc,2,10,14,7.5000,0.092138
extFluc,2,10,15,8.0000,0.087070
extFluc,2,10,16,8.5000,0.091440
extFluc,2,10,17,9.0000,0.084821
extFluc,2,10,18,9.5000,0.088017
extFluc,2,10,19,10.0000,0.091292
extFluc,2,10,20,10.5000,0.096834
extFluc,2,10,21,11.0000,0.087640
extFluc,2,10,22,11.5000,0.084706
extFluc,2,10,23,12.0000,0.083351
extFluc,2,10,24,12.5000,0.079539
extFluc,2,10,25,13.0000,0.075910
extFluc,2,10,26,13.5000,0.073850
extFluc,2,10,27,14.0000,0.068366
extFluc,2,10,28,14.5000,0.066462
extFluc,2,10,29,15.0000,0.066751
extFluc,2,10,30,15.5000,0.065669
extFluc,2,10,31,16.0000,0.064276
extFluc,2,10,32,16.5000,0.062640
extFluc,2,10,33,17.0000,0.064597
extFluc,2,10,34,17.5000,0.064165
extFluc,2,10,35,18.0000,0.065471
extFluc,2,10,36,18.5000,0.070056
extFluc,2,10,37,19.0000,0.067568
extFluc,2,10,38,19.5000,0.065121
extFluc,2,10,39,20.0000,0.068462
extFluc,2,10,40,20.5000,0.069646
extFluc,2,10,41,21.0000,0.073761
extFluc,2,10,42,21.5000,0.078540
extFluc,2,10,43,22.0000,0.073324
extFluc,2,10,44,22.5000,0.071484
extFluc,2,10,45,23.0000,0.064122
extFluc,2,10,46,23.5000,0.070676
extFluc,2,10,47,24.0000,0.072542
extFluc,2,10,48,24.5000,0.069648
extFluc,2,10,49,25.0000,0.068284
extFluc,2,10,50,25.5000,0.071819
extFluc,2,10,51,26.0000,0.066836
extFluc,2,10,52,26.5000,0.066136
extFluc,2,10,53,27.0000,0.062043
extFluc,2,10,54,27.5000,0.061975
extFluc,2,10,55,28.0000,0.063287
extFluc,2,10,56,28.5000,0.058876
extFluc,2,10,57,29.0000,0.058082
extFluc,2,10,58,29.5000,0.057439
extFluc,2,10,59,30.0000,0.058431
extFluc,2,10,60,30.5000,0.060903
extFluc,2,10,61,31.0000,0.057887
extFluc,2,10,62,31.5000,0.057297
extFluc,2,10,63,32.0000,0.060243
extFluc,2,10,64,32.5000,0.058597
extFluc,2,10,65,33.0000,0.060007
extFluc,2,10,66,33.5000,0.068275
extFluc,2,10,67,34.0000,0.069925
extFluc,2,10,68,34.5000,0.073071
extFluc,2,10,69,35.0000,0.069519
extFluc,2,10,70,35.5000,0.064965
extFluc,2,10,71,36.0000,0.060605
extFluc,2,10,72,36.5000,0.060261
extFluc,2,10,73,37.0000,0.049777
extFluc,2,10,74,37.5000,0.049252
extFluc,2,10,75,38.0000,0.049509
extFluc,2,10,76,38.5000,0.051078
extFluc,2,10,77,39.0000,0.052175
extFluc,2,10,78,39.5000,0.055973
extFluc,2,10,79,40.0000,0.057699
extFluc,2,10,80,40.5000,0.053923
extFluc,2,10,81,41.0000,0.050094
extFluc,2,10,82,41.5000,0.050902
extFluc,2,10,83,42.0000,0.054220
extFluc,2,10,84,42.5000,0.052336
extFluc,2,10,85,43.0000,0.049673
extFluc,2,10,86,43.5000,0.049436
extFluc,2,10,87,44.0000,0.053138
extFluc,2,10,88,44.5000,0.051016
extFluc,2,10,89,45.0000,0.049043
extFluc,2,10,90,45.5000,0.050437
extFluc,2,10,91,46.0000,0.051465
extFluc,2,10,92,46.5000,0.048974
extFluc,2,10,93,47.0000,0.044048
extFluc,2,10,94,47.5000,0.045672
extFluc,2,10,95,48.0000,0.047264
extFluc,2,10,96,48.5000,0.049215
extFluc,2,10,97,49.0000,0.045061
extFluc,2,10,98,49.5000,0.044019
extFluc,2,10,99,50.0000,0.042829
extFluc,2,20,0,0.5000,6.045842
extFluc,2,20,1,1.0000,4.706187
extFluc,2,20,2,1.5000,4.071636
extFluc,2,20,3,2.0000,3.420225
extFluc,2,20,4,2.5000,2.501272
extFluc,2,20,5,3.0000,1.986892
extFluc,2,20,6,3.5000,1.721842
extFluc,2,20,7,4.0000,1.398752
extFluc,2,20,8,4.5000,1.004569
extFluc,2,20,9,5.0000,0.728819
extFluc,2,20,10,5.5000,0.522026
extFluc,2,20,11,6.0000,0.274573
extFluc,2,20,12,6.5000,0.131155
extFluc,2,20,13,7.0000,0.130447
extFluc,2,20,14,7.5000,0.120536
extFluc,2,20,15,8.0000,0.119068
extFluc,2,20,16,8.5000,0.114895
extFluc,2,20,17,9.0000,0.097953
extFluc,2,20,18,9.5000,0.105305
extFluc,2,20,19,10.0000,0.096772
extFluc,2,20,20,10.5000,0.089223
extFluc,2,20,21,11.0000,0.081875
extFluc,2,20,22,11.5000,0.078668
extFluc,2,20,23,12.0000,0.076350
extFluc,2,20,24,12.5000,0.075464
extFluc,2,20,25,13.0000,0.073831
extFluc,2,20,26,13.5000,0.073943
extFluc,2,20,27,14.0000,0.075269
extFluc,2,20,28,14.5000,0.075298
extFluc,2,20,29,15.0000,0.075928
extFluc,2,20,30,15.5000,0.081428
extFluc,2,20,31,16.0000,0.080167
extFluc,2,20,32,16.5000,0.077137
extFluc,2,20,33,17.0000,0.080808
extFluc,2,20,34,17.5000,0.081986
extFluc,2,20,35,18.0000,0.073462
extFluc,2,20,36,18.5000,0.072926
extFluc,2,20,37,19.0000,0.069480
extFluc,2,20,38,19.5000,0.068850
extFluc,2,20,39,20.0000,0.067990
extFluc,2,20,40,20.5000,0.066208
extFluc,2,20,41,21.0000,0.062520
extFluc,2,20,42,21.5000,0.057200
extFluc,2,20,43,22.0000,0.057065
extFluc,2,20,44,22.5000,0.058077
extFluc,2,20,45,23.0000,0.060508
extFluc,2,20,46,23.5000,0.056443
extFluc,2,20,47,24.0000,0.056315
extFluc,2,20,48,24.5000,0.056643
extFluc,2,20,49,25.0000,0.057708
extFluc,2,20,50,25.5000,0.055240
extFluc,2,20,51,26.0000,0.054755
extFluc,2,20,52,26.5000,0.057302
extFluc,2,20,53,27.0000,0.060687
extFluc,2,20,54,27.5000,0.056441
extFluc,2,20,55,28.0000,0.056076
extFluc,2,20,56,28.5000,0.057293
extFluc,2,20,57,29.0000,0.055972
extFluc,2,20,58,29.5000,0.054643
extFluc,2,20,59,30.0000,0.054952
extFluc,2,20,60,30.5000,0.056380
extFluc,2,20,61,31.0000,0.054496
extFluc,2,20,62,31.5000,0.056645
extFluc,2,20,63,32.0000,0.056007
extFluc,2,20,64,32.5000,0.056921
extFluc,2,20,65,33.0000,0.054507
extFluc,2,20,66,33.5000,0.051067
extFluc,2,20,67,34.0000,0.051062
extFluc,2,20,68,34.5000,0.050746
extFluc,2,20,69,35.0000,0.050544
extFluc,2,20,70,35.5000,0.050306
extFluc,2,20,71,36.0000,0.049731
extFluc,2,20,72,36.5000,0.049294
extFluc,2,20,73,37.0000,0.048359
extFluc,2,20,74,37.5000,0.048463
extFluc,2,20,75,38.0000,0.048447
extFluc,2,20,76,38.5000,0.048999
extFluc,2,20,77,39.0000,0.048679
extFluc,2,20,78,39.5000,0.048014
extFluc,2,20,79,40.0000,0.048769
extFluc,2,20,80,40.5000,0.050579
extFluc,2,20,81,41.0000,0.051192
extFluc,2,20,82,41.5000,0.051185
extFluc,2,20,83,42.0000,0.053784
extFluc,2,20,84,42.5000,0.052247
extFluc,2,20,85,43.0000,0.049027
extFluc,2,20,86,43.5000,0.050261
extFluc,2,20,87,44.0000,0.047801
extFluc,2,20,88,44.5000,0.048469
extFluc,2,20,89,45.0000,0.048388
extFluc,2,20,90,45.5000,0.049924
extFluc,2,20,91,46.0000,0.044122
extFluc,2,20,92,46.5000,0.043731
extFluc,2,20,93,47.0000,0.043309
extFluc,2,20,94,47.5000,0.042757
extFluc,2,20,95,48.0000,0.042433
extFluc,2,20,96,48.5000,0.042171
extFluc,2,20,97,49.0000,0.042063
extFluc,2,20,98,49.5000,0.041549
extFluc,2,20,99,50.0000,0.041702
extFluc,2,30,0,0.5000,5.610772
extFluc,2,30,1,1.0000,4.627552
extFluc,2,30,2,1.5000,3.752960
extFluc,2,30,3,2.0000,3.149530
extFluc,2,30,4,2.5000,2.467176
extFluc,2,30,5,3.0000,2.046684
extFluc,2,30,6,3.5000,1.729812
extFluc,2,30,7,4.0000,1.356396
extFluc,2,30,8,4.5000,1.070027
extFluc,2,30,9,5.0000,0.792860
extFluc,2,30,10,5.5000,0.458942
extFluc,2,30,11,6.0000,0.279145
extFluc,2,30,12,6.5000,0.174511
extFluc,2,30,13,7.0000,0.126206
extFluc,2,30,14,7.5000,0.110514
extFluc,2,30,15,8.0000,0.099805
extFluc,2,30,16,8.5000,0.098435
extFluc,2,30,17,9.0000,0.103644
extFluc,2,30,18,9.5000,0.099913
extFluc,2,30,19,10.0000,0.093346
extFluc,2,30,20,10.5000,0.106453
extFluc,2,30,21,11.0000,0.107653
extFluc,2,30,22,11.5000,0.102208
extFluc,2,30,23,12.0000,0.101454
extFluc,2,30,24,12.5000,0.099543
extFluc,2,30,25,13.0000,0.095843
extFluc,2,30,26,13.5000,0.091457
extFluc,2,30,27,14.0000,0.084301
extFluc,2,30,28,14.5000,0.083102
extFluc,2,30,29,15.0000,0.079326
extFluc,2,30,30,15.5000,0.074544
extFluc,2,30,31,16.0000,0.080294
extFluc,2,30,32,16.5000,0.076706
extFluc,2,30,33,17.0000,0.078538
extFluc,2,30,34,17.5000,0.074389
extFluc,2,30,35,18.0000,0.073790
extFluc,2,30,36,18.5000,0.076538
extFluc,2,30,37,19.0000,0.082288
extFluc,2,30,38,19.5000,0.077156
extFluc,2,30,39,20.0000,0.085807
extFluc,2,30,40,20.5000,0.091012
extFluc,2,30,41,21.0000,0.091025
extFluc,2,30,42,21.5000,0.086608
extFluc,2,30,43,22.0000,0.082223
extFluc,2,30,44,22.5000,0.076648
extFluc,2,30,45,23.0000,0.071189
extFluc,2,30,46,23.5000,0.079301
extFluc,2,30,47,24.0000,0.085955
extFluc,2,30,48,24.5000,0.084146
extFluc,2,30,49,25.0000,0.080169
extFluc,2,30,50,25.5000,0.080578
extFluc,2,30,51,26.0000,0.087775
extFluc,2,30,52,26.5000,0.078754
extFluc,2,30,53,27.0000,0.077305
extFluc,2,30,54,27.5000,0.076611
extFluc,2,30,55,28.0000,0.076903
extFluc,2,30,56,28.5000,0.079945
extFluc,2,30,57,29.0000,0.081014
extFluc,2,30,58,29.5000,0.085454
extFluc,2,30,59,30.0000,0.089087
extFluc,2,30,60,30.5000,0.085615
extFluc,2,30,61,31.0000,0.083859
extFluc,2,30,62,31.5000,0.086420
extFluc,2,30,63,32.0000,0.081941
extFluc,2,30,64,32.5000,0.075819
extFluc,2,30,65,33.0000,0.074486
extFluc,2,30,66,33.5000,0.072814
extFluc,2,30,67,34.0000,0.073299
extFluc,2,30,68,34.5000,0.072480
extFluc,2,30,69,35.0000,0.074820
extFluc,2,30,70,35.5000,0.079526
extFluc,2,30,71,36.0000,0.080083
extFluc,2,30,72,36.5000,0.087874
extFluc,2,30,73,37.0000,0.089590
extFluc,2,30,74,37.5000,0.084118
extFluc,2,30,75,38.0000,0.085044
extFluc,2,30,76,38.5000,0.088960
extFluc,2,30,77,39.0000,0.087049
extFluc,2,30,78,39.5000,0.083436
extFluc,2,30,79,40.0000,0.084100
extFluc,2,30,80,40.5000,0.077489
extFluc,2,30,81,41.0000,0.077159
extFluc,2,30,82,41.5000,0.073266
extFluc,2,30,83,42.0000,0.070335
extFluc,2,30,84,42.5000,0.068781
extFluc,2,30,85,43.0000,0.064581
extFluc,2,30,86,43.5000,0.064288
extFluc,2,30,87,44.0000,0.063584
extFluc,2,30,88,44.5000,0.063097
extFluc,2,30,89,45.0000,0.057226
extFluc,2,30,90,45.5000,0.059575
extFluc,2,30,91,46.0000,0.057223
extFluc,2,30,92,46.5000,0.056983
extFluc,2,30,93,47.0000,0.058656
extFluc,2,30,94,47.5000,0.057293
extFluc,2,30,95,48.0000,0.059228
extFluc,2,30,96,48.5000,0.059361
extFluc,2,30,97,49.0000,0.058426
extFluc,2,30,98,49.5000,0.059458
extFluc,2,30,99,50.0000,0.053830
extFluc,2,40,0,0.5000,5.797494
extFluc,2,40,1,1.0000,4.572463
extFluc,2,40,2,1.5000,4.172969
extFluc,2,40,3,2.0000,3.456411
extFluc,2,40,4,2.5000,2.840861
extFluc,2,40,5,3.0000,2.172424
extFluc,2,40,6,3.5000,1.739484
extFluc,2,40,7,4.0000,1.324669
extFluc,2,40,8,4.5000,0.976653
extFluc,2,40,9,5.0000,0.711564
extFluc,2,40,10,5.5000,0.516005
extFluc,2,40,11,6.0000,0.345513
extFluc,2,40,12,6.5000,0.262004
extFluc,2,40,13,7.0000,0.210537
extFluc,2,40,14,7.5000,0.189631
extFluc,2,40,15,8.0000,0.173169
extFluc,2,40,16,8.5000,0.146185
extFluc,2,40,17,9.0000,0.141752
extFluc,2,40,18,9.5000,0.133794
extFluc,2,40,19,10.0000,0.122089
extFluc,2,40,20,10.5000,0.113289
extFluc,2,40,21,11.0000,0.111924
extFluc,2,40,22,11.5000,0.102355
extFluc,2,40,23,12.0000,0.094608
extFluc,2,40,24,12.5000,0.077419
extFluc,2,40,25,13.0000,0.074899
extFluc,2,40,26,13.5000,0.073629
extFluc,2,40,27,14.0000,0.069016
extFluc,2,40,28,14.5000,0.072965
extFluc,2,40,29,15.0000,0.071150
extFluc,2,40,30,15.5000,0.066690
extFluc,2,40,31,16.0000,0.062750
extFluc,2,40,32,16.5000,0.062164
extFluc,2,40,33,17.0000,0.061353
extFluc,2,40,34,17.5000,0.060865
extFluc,2,40,35,18.0000,0.060029
extFluc,2,40,36,18.5000,0.059891
extFluc,2,40,37,19.0000,0.057289
extFluc,2,40,38,19.5000,0.057501
extFluc,2,40,39,20.0000,0.057420
extFluc,2,40,40,20.5000,0.057556
extFluc,2,40,41,21.0000,0.055339
extFluc,2,40,42,21.5000,0.054485
extFluc,2,40,43,22.0000,0.054519
extFluc,2,40,44,22.5000,0.054136
extFluc,2,40,45,23.0000,0.053708
extFluc,2,40,46,23.5000,0.054039
extFluc,2,40,47,24.0000,0.053077
extFluc,2,40,48,24.5000,0.055712
extFluc,2,40,49,25.0000,0.053791
extFluc,2,40,50,25.5000,0.053760
extFluc,2,40,51,26.0000,0.050836
extFluc,2,40,52,26.5000,0.050327
extFluc,2,40,53,27.0000,0.048998
extFluc,2,40,54,27.5000,0.048722
extFluc,2,40,55,28.0000,0.048796
extFluc,2,40,56,28.5000,0.049419
extFluc,2,40,57,29.0000,0.048974
extFluc,2,40,58,29.5000,0.049084
extFluc,2,40,59,30.0000,0.053029
extFluc,2,40,60,30.5000,0.055131
extFluc,2,40,61,31.0000,0.056450
extFluc,2,40,62,31.5000,0.054879
extFluc,2,40,63,32.0000,0.054560
extFluc,2,40,64,32.5000,0.055000
extFluc,2,40,65,33.0000,0.055768
extFluc,2,40,66,33.5000,0.053624
extFluc,2,40,67,34.0000,0.059643
extFluc,2,40,68,34.5000,0.063498
extFluc,2,40,69,35.0000,0.061249
extFluc,2,40,70,35.5000,0.059152
extFluc,2,40,71,36.0000,0.060418
extFluc,2,40,72,36.5000,0.058559
extFluc,2,40,73,37.0000,0.057193
extFluc,2,40,74,37.5000,0.058961
extFluc,2,40,75,38.0000,0.053705
extFluc,2,40,76,38.5000,0.058504
extFluc,2,40,77,39.0000,0.053735
extFluc,2,40,78,39.5000,0.051738
extFluc,2,40,79,40.0000,0.050212
extFluc,2,40,80,40.5000,0.051680
extFluc,2,40,81,41.0000,0.053145
extFluc,2,40,82,41.5000,0.055572
extFluc,2,40,83,42.0000,0.056431
extFluc,2,40,84,42.5000,0.053025
extFluc,2,40,85,43.0000,0.050686
extFluc,2,40,86,43.5000,0.047575
extFluc,2,40,87,44.0000,0.046836
extFluc,2,40,88,44.5000,0.047640
extFluc,2,40,89,45.0000,0.048105
extFluc,2,40,90,45.5000,0.046920
extFluc,2,40,91,46.0000,0.045991
extFluc,2,40,92,46.5000,0.044157
extFluc,2,40,93,47.0000,0.043105
extFluc,2,40,94,47.5000,0.041993
extFluc,2,40,95,48.0000,0.042474
extFluc,2,40,96,48.5000,0.040133
extFluc,2,40,97,49.0000,0.041093
extFluc,2,40,98,49.5000,0.041128
extFluc,2,40,99,50.0000,0.040011
extFluc,2,50,0,0.5000,5.905547
extFluc,2,50,1,1.0000,4.809118
extFluc,2,50,2,1.5000,4.183350
extFluc,2,50,3,2.0000,3.454302
extFluc,2,50,4,2.5000,2.814376
extFluc,2,50,5,3.0000,2.084182
extFluc,2,50,6,3.5000,1.742297
extFluc,2,50,7,4.0000,1.469320
extFluc,2,50,8,4.5000,1.029404
extFluc,2,50,9,5.0000,0.753635
extFluc,2,50,10,5.5000,0.475567
extFluc,2,50,11,6.0000,0.358013
extFluc,2,50,12,6.5000,0.183280
extFluc,2,50,13,7.0000,0.139343
extFluc,2,50,14,7.5000,0.124765
extFluc,2,50,15,8.0000,0.107139
extFluc,2,50,16,8.5000,0.104447
extFluc,2,50,17,9.0000,0.104740
extFluc,2,50,18,9.5000,0.107199
extFluc,2,50,19,10.0000,0.101682
extFluc,2,50,20,10.5000,0.108859
extFluc,2,50,21,11.0000,0.106577
extFluc,2,50,22,11.5000,0.092656
extFluc,2,50,23,12.0000,0.086139
extFluc,2,50,24,12.5000,0.090897
extFluc,2,50,25,13.0000,0.095119
extFluc,2,50,26,13.5000,0.099030
extFluc,2,50,27,14.0000,0.096033
extFluc,2,50,28,14.5000,0.099774
extFluc,2,50,29,15.0000,0.108283
extFluc,2,50,30,15.5000,0.098351
extFluc,2,50,31,16.0000,0.089940
extFluc,2,50,32,16.5000,0.094568
extFluc,2,50,33,17.0000,0.078409
extFluc,2,50,34,17.5000,0.073057
extFluc,2,50,35,18.0000,0.068077
extFluc,2,50,36,18.5000,0.075281
extFluc,2,50,37,19.0000,0.079801
extFluc,2,50,38,19.5000,0.072643
extFluc,2,50,39,20.0000,0.071328
extFluc,2,50,40,20.5000,0.074984
extFluc,2,50,41,21.0000,0.074678
extFluc,2,50,42,21.5000,0.071474
extFluc,2,50,43,22.0000,0.067477
extFluc,2,50,44,22.5000,0.068204
extFluc,2,50,45,23.0000,0.070498
extFluc,2,50,46,23.5000,0.073036
extFluc,2,50,47,24.0000,0.076202
extFluc,2,50,48,24.5000,0.072387
extFluc,2,50,49,25.0000,0.078941
extFluc,2,50,50,25.5000,0.077920
extFluc,2,50,51,26.0000,0.075121
extFluc,2,50,52,26.5000,0.080612
extFluc,2,50,53,27.0000,0.090450
extFluc,2,50,54,27.5000,0.087695
extFluc,2,50,55,28.0000,0.086722
extFluc,2,50,56,28.5000,0.080568
extFluc,2,50,57,29.0000,0.071723
extFluc,2,50,58,29.5000,0.074316
extFluc,2,50,59,30.0000,0.073966
extFluc,2,50,60,30.5000,0.071118
extFluc,2,50,61,31.0000,0.068360
extFluc,2,50,62,31.5000,0.071528
extFluc,2,50,63,32.0000,0.069766
extFluc,2,50,64,32.5000,0.066115
extFluc,2,50,65,33.0000,0.070296
extFluc,2,50,66,33.5000,0.067778
extFluc,2,50,67,34.0000,0.070654
extFluc,2,50,68,34.5000,0.073479
extFluc,2,50,69,35.0000,0.072894
extFluc,2,50,70,35.5000,0.073082
extFluc,2,50,71,36.0000,0.078009
extFluc,2,50,72,36.5000,0.076977
extFluc,2,50,73,37.0000,0.077345
extFluc,2,50,74,37.5000,0.075168
extFluc,2,50,75,38.0000,0.074994
extFluc,2,50,76,38.5000,0.069930
extFluc,2,50,77,39.0000,0.065304
extFluc,2,50,78,39.5000,0.066094
extFluc,2,50,79,40.0000,0.064612
extFluc,2,50,80,40.5000,0.064201
extFluc,2,50,81,41.0000,0.059369
extFluc,2,50,82,41.5000,0.059126
extFluc,2,50,83,42.0000,0.060652
extFluc,2,50,84,42.5000,0.057570
extFluc,2,50,85,43.0000,0.055057
extFluc,2,50,86,43.5000,0.055353
extFluc,2,50,87,44.0000,0.057612
extFluc,2,50,88,44.5000,0.055520
extFluc,2,50,89,45.0000,0.050391
extFluc,2,50,90,45.5000,0.053124
extFluc,2,50,91,46.0000,0.053991
extFluc,2,50,92,46.5000,0.052912
extFluc,2,50,93,47.0000,0.055183
extFluc,2,50,94,47.5000,0.057493
extFluc,2,50,95,48.0000,0.056128
extFluc,2,50,96,48.5000,0.054654
extFluc,2,50,97,49.0000,0.052927
extFluc,2,50,98,49.5000,0.049474
extFluc,2,50,99,50.0000,0.054759
extFluc,3,10,0,0.5000,5.520596
extFluc,3,10,1,1.0000,4.335366
extFluc,3,10,2,1.5000,3.598981
extFluc,3,10,3,2.0000,2.890819
extFluc,3,10,4,2.5000,2.414780
extFluc,3,10,5,3.0000,1.986214
extFluc,3,10,6,3.5000,1.444329
extFluc,3,10,7,4.0000,1.106359
extFluc,3,10,8,4.5000,0.877013
extFluc,3,10,9,5.0000,0.653543
extFluc,3,10,10,5.5000,0.509560
extFluc,3,10,11,6.0000,0.263432
extFluc,3,10,12,6.5000,0.237483
extFluc,3,10,13,7.0000,0.243309
extFluc,3,10,14,7.5000,0.253510
extFluc,3,10,15,8.0000,0.262028
extFluc,3,10,16,8.5000,0.239263
extFluc,3,10,17,9.0000,0.248768
extFluc,3,10,18,9.5000,0.250560
extFluc,3,10,19,10.0000,0.244653
extFluc,3,10,20,10.5000,0.238533
extFluc,3,10,21,11.0000,0.226455
extFluc,3,10,22,11.5000,0.206219
extFluc,3,10,23,12.0000,0.205425
extFluc,3,10,24,12.5000,0.200644
extFluc,3,10,25,13.0000,0.208822
extFluc,3,10,26,13.5000,0.207097
extFluc,3,10,27,14.0000,0.199384
extFluc,3,10,28,14.5000,0.204922
extFluc,3,10,29,15.0000,0.199024
extFluc,3,10,30,15.5000,0.196361
extFluc,3,10,31,16.0000,0.195516
extFluc,3,10,32,16.5000,0.189444
extFluc,3,10,33,17.0000,0.190124
extFluc,3,10,34,17.5000,0.185559
extFluc,3,10,35,18.0000,0.178822
extFluc,3,10,36,18.5000,0.169666
extFluc,3,10,37,19.0000,0.164079
extFluc,3,10,38,19.5000,0.153592
extFluc,3,10,39,20.0000,0.164575
extFluc,3,10,40,20.5000,0.152275
extFluc,3,10,41,21.0000,0.140094
extFluc,3,10,42,21.5000,0.134342
extFluc,3,10,43,22.0000,0.131561
extFluc,3,10,44,22.5000,0.132315
extFluc,3,10,45,23.0000,0.132345
extFluc,3,10,46,23.5000,0.127914
extFluc,3,10,47,24.0000,0.124884
extFluc,3,10,48,24.5000,0.125637
extFluc,3,10,49,25.0000,0.118102
extFluc,3,10,50,25.5000,0.110632
extFluc,3,10,51,26.0000,0.105948
extFluc,3,10,52,26.5000,0.106994
extFluc,3,10,53,27.0000,0.101281
extFluc,3,10,54,27.5000,0.093597
extFluc,3,10,55,28.0000,0.085885
extFluc,3,10,56,28.5000,0.081118
extFluc,3,10,57,29.0000,0.080438
extFluc,3,10,58,29.5000,0.079800
extFluc,3,10,59,30.0000,0.079595
extFluc,3,10,60,30.5000,0.080794
extFluc,3,10,61,31.0000,0.075801
extFluc,3,10,62,31.5000,0.074699
extFluc,3,10,63,32.0000,0.072456
extFluc,3,10,64,32.5000,0.069912
extFluc,3,10,65,33.0000,0.068331
extFluc,3,10,66,33.5000,0.069140
extFluc,3,10,67,34.0000,0.076008
extFluc,3,10,68,34.5000,0.075536
extFluc,3,10,69,35.0000,0.071481
extFluc,3,10,70,35.5000,0.070197
extFluc,3,10,71,36.0000,0.068741
extFluc,3,10,72,36.5000,0.064767
extFluc,3,10,73,37.0000,0.066179
extFluc,3,10,74,37.5000,0.068181
extFluc,3,10,75,38.0000,0.067056
extFluc,3,10,76,38.5000,0.067905
extFluc,3,10,77,39.0000,0.065837
extFluc,3,10,78,39.5000,0.064032
extFluc,3,10,79,40.0000,0.058336
extFluc,3,10,80,40.5000,0.057756
extFluc,3,10,81,41.0000,0.055502
extFluc,3,10,82,41.5000,0.061473
extFluc,3,10,83,42.0000,0.066655
extFluc,3,10,84,42.5000,0.067145
extFluc,3,10,85,43.0000,0.067137
extFluc,3,10,86,43.5000,0.069363
extFluc,3,10,87,44.0000,0.066960
extFluc,3,10,88,44.5000,0.066442
extFluc,3,10,89,45.0000,0.065279
extFluc,3,10,90,45.5000,0.063603
extFluc,3,10,91,46.0000,0.062712
extFluc,3,10,92,46.5000,0.061913
extFluc,3,10,93,47.0000,0.064152
extFluc,3,10,94,47.5000,0.063745
extFluc,3,10,95,48.0000,0.063622
extFluc,3,10,96,48.5000,0.063120
extFluc,3,10,97,49.0000,0.061719
extFluc,3,10,98,49.5000,0.060174
extFluc,3,10,99,50.0000,0.060432
extFluc,3,20,0,0.5000,5.795070
extFluc,3,20,1,1.0000,4.793275
extFluc,3,20,2,1.5000,3.859164
extFluc,3,20,3,2.0000,3.295194
extFluc,3,20,4,2.5000,2.643081
extFluc,3,20,5,3.0000,1.906958
extFluc,3,20,6,3.5000,1.604373
extFluc,3,20,7,4.0000,1.134324
extFluc,3,20,8,4.5000,0.855645
extFluc,3,20,9,5.0000,0.550753
extFluc,3,20,10,5.5000,0.340768
extFluc,3,20,11,6.0000,0.225111
extFluc,3,20,12,6.5000,0.143229
extFluc,3,20,13,7.0000,0.114348
extFluc,3,20,14,7.5000,0.085945
extFluc,3,20,15,8.0000,0.080194
extFluc,3,20,16,8.5000,0.076036
extFluc,3,20,17,9.0000,0.073971
extFluc,3,20,18,9.5000,0.069309
extFluc,3,20,19,10.0000,0.070267
extFluc,3,20,20,10.5000,0.070410
extFluc,3,20,21,11.0000,0.062929
extFluc,3,20,22,11.5000,0.062861
extFluc,3,20,23,12.0000,0.063665
extFluc,3,20,24,12.5000,0.059337
extFluc,3,20,25,13.0000,0.058458
extFluc,3,20,26,13.5000,0.055984
extFluc,3,20,27,14.0000,0.056133
extFluc,3,20,28,14.5000,0.054345
extFluc,3,20,29,15.0000,0.055127
extFluc,3,20,30,15.5000,0.053595
extFluc,3,20,31,16.0000,0.052361
extFluc,3,20,32,16.5000,0.051165
extFluc,3,20,33,17.0000,0.052970
extFluc,3,20,34,17.5000,0.051204
extFluc,3,20,35,18.0000,0.050152
extFluc,3,20,36,18.5000,0.049895
extFluc,3,20,37,19.0000,0.051872
extFluc,3,20,38,19.5000,0.050747
extFluc,3,20,39,20.0000,0.048787
extFluc,3,20,40,20.5000,0.050017
extFluc,3,20,41,21.0000,0.049236
extFluc,3,20,42,21.5000,0.051089
extFluc,3,20,43,22.0000,0.052988
extFluc,3,20,44,22.5000,0.050465
extFluc,3,20,45,23.0000,0.048672
extFluc,3,20,46,23.5000,0.048785
extFluc,3,20,47,24.0000,0.051601
extFluc,3,20,48,24.5000,0.048889
extFluc,3,20,49,25.0000,0.053574
extFluc,3,20,50,25.5000,0.052205
extFluc,3,20,51,26.0000,0.053805
extFluc,3,20,52,26.5000,0.061544
extFluc,3,20,53,27.0000,0.057691
extFluc,3,20,54,27.5000,0.057946
extFluc,3,20,55,28.0000,0.060455
extFluc,3,20,56,28.5000,0.059177
extFluc,3,20,57,29.0000,0.060337
extFluc,3,20,58,29.5000,0.052910
extFluc,3,20,59,30.0000,0.051980
extFluc,3,20,60,30.5000,0.054682
extFluc,3,20,61,31.0000,0.054541
extFluc,3,20,62,31.5000,0.056490
extFluc,3,20,63,32.0000,0.054409
extFluc,3,20,64,32.5000,0.054299
extFluc,3,20,65,33.0000,0.055832
extFluc,3,20,66,33.5000,0.059088
extFluc,3,20,67,34.0000,0.059552
extFluc,3,20,68,34.5000,0.056824
extFluc,3,20,69,35.0000,0.054346
extFluc,3,20,70,35.5000,0.054344
extFluc,3,20,71,36.0000,0.061069
extFluc,3,20,72,36.5000,0.057213
extFluc,3,20,73,37.0000,0.057023
extFluc,3,20,74,37.5000,0.054497
extFluc,3,20,75,38.0000,0.052286
extFluc,3,20,76,38.5000,0.053087
extFluc,3,20,77,39.0000,0.051349
extFluc,3,20,78,39.5000,0.048726
extFluc,3,20,79,40.0000,0.047261
extFluc,3,20,80,40.5000,0.048570
extFluc,3,20,81,41.0000,0.049060
extFluc,3,20,82,41.5000,0.047884
extFluc,3,20,83,42.0000,0.048881
extFluc,3,20,84,42.5000,0.048893
extFluc,3,20,85,43.0000,0.050387
extFluc,3,20,86,43.5000,0.049689
extFluc,3,20,87,44.0000,0.046479
extFluc,3,20,88,44.5000,0.048265
extFluc,3,20,89,45.0000,0.046357
extFluc,3,20,90,45.5000,0.044882
extFluc,3,20,91,46.0000,0.042967
extFluc,3,20,92,46.5000,0.041287
extFluc,3,20,93,47.0000,0.041419
extFluc,3,20,94,47.5000,0.038641
extFluc,3,20,95,48.0000,0.039145
extFluc,3,20,96,48.5000,0.039108
extFluc,3,20,97,49.0000,0.038675
extFluc,3,20,98,49.5000,0.039883
extFluc,3,20,99,50.0000,0.040863
extFluc,3,30,0,0.5000,5.589741
extFluc,3,30,1,1.0000,4.689859
extFluc,3,30,2,1.5000,4.056620
extFluc,3,30,3,2.0000,3.066642
extFluc,3,30,4,2.5000,2.510263
extFluc,3,30,5,3.0000,2.152375
extFluc,3,30,6,3.5000,1.493728
extFluc,3,30,7,4.0000,1.078710
extFluc,3,30,8,4.5000,0.829470
extFluc,3,30,9,5.0000,0.599188
extFluc,3,30,10,5.5000,0.305400
extFluc,3,30,11,6.0000,0.188180
extFluc,3,30,12,6.5000,0.117373
extFluc,3,30,13,7.0000,0.091288
extFluc,3,30,14,7.5000,0.095523
extFluc,3,30,15,8.0000,0.090554
extFluc,3,30,16,8.5000,0.086781
extFluc,3,30,17,9.0000,0.097538
extFluc,3,30,18,9.5000,0.093422
extFluc,3,30,19,10.0000,0.086493
extFluc,3,30,20,10.5000,0.082876
extFluc,3,30,21,11.0000,0.084989
extFluc,3,30,22,11.5000,0.079589
extFluc,3,30,23,12.0000,0.080020
extFluc,3,30,24,12.5000,0.072223
extFluc,3,30,25,13.0000,0.063890
extFluc,3,30,26,13.5000,0.066242
extFluc,3,30,27,14.0000,0.063307
extFluc,3,30,28,14.5000,0.063132
extFluc,3,30,29,15.0000,0.061633
extFluc,3,30,30,15.5000,0.067252
extFluc,3,30,31,16.0000,0.058490
extFluc,3,30,32,16.5000,0.056314
extFluc,3,30,33,17.0000,0.054386
extFluc,3,30,34,17.5000,0.053446
extFluc,3,30,35,18.0000,0.054013
extFluc,3,30,36,18.5000,0.053626
extFluc,3,30,37,19.0000,0.052865
extFluc,3,30,38,19.5000,0.053309
extFluc,3,30,39,20.0000,0.051814
extFluc,3,30,40,20.5000,0.053030
extFluc,3,30,41,21.0000,0.049920
extFluc,3,30,42,21.5000,0.048038
extFluc,3,30,43,22.0000,0.048199
extFluc,3,30,44,22.5000,0.051569
extFluc,3,30,45,23.0000,0.049129
extFluc,3,30,46,23.5000,0.049437
extFluc,3,30,47,24.0000,0.047000
extFluc,3,30,48,24.5000,0.045256
extFluc,3,30,49,25.0000,0.043933
extFluc,3,30,50,25.5000,0.043233
extFluc,3,30,51,26.0000,0.043153
extFluc,3,30,52,26.5000,0.044228
extFluc,3,30,53,27.0000,0.043895
extFluc,3,30,54,27.5000,0.042118
extFluc,3,30,55,28.0000,0.042338
extFluc,3,30,56,28.5000,0.041444
extFluc,3,30,57,29.0000,0.043023
extFluc,3,30,58,29.5000,0.042625
extFluc,3,30,59,30.0000,0.041560
extFluc,3,30,60,30.5000,0.041763
extFluc,3,30,61,31.0000,0.041656
extFluc,3,30,62,31.5000,0.043507
extFluc,3,30,63,32.0000,0.045376
extFluc,3,30,64,32.5000,0.046768
extFluc,3,30,65,33.0000,0.048780
extFluc,3,30,66,33.5000,0.046456
extFluc,3,30,67,34.0000,0.046243
extFluc,3,30,68,34.5000,0.045829
extFluc,3,30,69,35.0000,0.048109
extFluc,3,30,70,35.5000,0.048718
extFluc,3,30,71,36.0000,0.051250
extFluc,3,30,72,36.5000,0.052309
extFluc,3,30,73,37.0000,0.053721
extFluc,3,30,74,37.5000,0.053743
extFluc,3,30,75,38.0000,0.049881
extFluc,3,30,76,38.5000,0.052076
extFluc,3,30,77,39.0000,0.056253
extFluc,3,30,78,39.5000,0.057688
extFluc,3,30,79,40.0000,0.057846
extFluc,3,30,80,40.5000,0.059648
extFluc,3,30,81,41.0000,0.059860
extFluc,3,30,82,41.5000,0.066099
extFluc,3,30,83,42.0000,0.068605
extFluc,3,30,84,42.5000,0.070756
extFluc,3,30,85,43.0000,0.072265
extFluc,3,30,86,43.5000,0.074454
extFluc,3,30,87,44.0000,0.075151
extFluc,3,30,88,44.5000,0.070322
extFluc,3,30,89,45.0000,0.068769
extFluc,3,30,90,45.5000,0.062980
extFluc,3,30,91,46.0000,0.065221
extFluc,3,30,92,46.5000,0.062313
extFluc,3,30,93,47.0000,0.062853
extFluc,3,30,94,47.5000,0.061651
extFluc,3,30,95,48.0000,0.063943
extFluc,3,30,96,48.5000,0.061754
extFluc,3,30,97,49.0000,0.062166
extFluc,3,30,98,49.5000,0.062112
extFluc,3,30,99,50.0000,0.064072
extFluc,3,40,0,0.5000,5.550654
extFluc,3,40,1,1.0000,4.317255
extFluc,3,40,2,1.5000,3.654626
extFluc,3,40,3,2.0000,3.255479
extFluc,3,40,4,2.5000,2.580549
extFluc,3,40,5,3.0000,1.943274
extFluc,3,40,6,3.5000,1.562367
extFluc,3,40,7,4.0000,1.324159
extFluc,3,40,8,4.5000,0.933715
extFluc,3,40,9,5.0000,0.686213
extFluc,3,40,10,5.5000,0.426311
extFluc,3,40,11,6.0000,0.277028
extFluc,3,40,12,6.5000,0.104115
extFluc,3,40,13,7.0000,0.092105
extFluc,3,40,14,7.5000,0.087145
extFluc,3,40,15,8.0000,0.088762
extFluc,3,40,16,8.5000,0.080641
extFluc,3,40,17,9.0000,0.084445
extFluc,3,40,18,9.5000,0.079424
extFluc,3,40,19,10.0000,0.080131
extFluc,3,40,20,10.5000,0.074652
extFluc,3,40,21,11.0000,0.071205
extFluc,3,40,22,11.5000,0.066680
extFluc,3,40,23,12.0000,0.063993
extFluc,3,40,24,12.5000,0.062632
extFluc,3,40,25,13.0000,0.060735
extFluc,3,40,26,13.5000,0.061363
extFluc,3,40,27,14.0000,0.057546
extFluc,3,40,28,14.5000,0.056358
extFluc,3,40,29,15.0000,0.057972
extFluc,3,40,30,15.5000,0.054995
extFluc,3,40,31,16.0000,0.054875
extFluc,3,40,32,16.5000,0.054131
extFluc,3,40,33,17.0000,0.054314
extFluc,3,40,34,17.5000,0.054507
extFluc,3,40,35,18.0000,0.055534
extFluc,3,40,36,18.5000,0.057290
extFluc,3,40,37,19.0000,0.060135
extFluc,3,40,38,19.5000,0.061070
extFluc,3,40,39,20.0000,0.060527
extFluc,3,40,40,20.5000,0.058450
extFluc,3,40,41,21.0000,0.058899
extFluc,3,40,42,21.5000,0.057792
extFluc,3,40,43,22.0000,0.057370
extFluc,3,40,44,22.5000,0.056138
extFluc,3,40,45,23.0000,0.054220
extFluc,3,40,46,23.5000,0.053539
extFluc,3,40,47,24.0000,0.054442
extFluc,3,40,48,24.5000,0.052127
extFluc,3,40,49,25.0000,0.053229
extFluc,3,40,50,25.5000,0.051925
extFluc,3,40,51,26.0000,0.051865
extFluc,3,40,52,26.5000,0.051330
extFluc,3,40,53,27.0000,0.050898
extFluc,3,40,54,27.5000,0.050054
extFluc,3,40,55,28.0000,0.049066
extFluc,3,40,56,28.5000,0.048280
extFluc,3,40,57,29.0000,0.047626
extFluc,3,40,58,29.5000,0.048295
extFluc,3,40,59,30.0000,0.047784
extFluc,3,40,60,30.5000,0.047232
extFluc,3,40,61,31.0000,0.046797
extFluc,3,40,62,31.5000,0.046958
extFluc,3,40,63,32.0000,0.046992
extFluc,3,40,64,32.5000,0.046808
extFluc,3,40,65,33.0000,0.047694
extFluc,3,40,66,33.5000,0.050576
extFluc,3,40,67,34.0000,0.048392
extFluc,3,40,68,34.5000,0.048438
extFluc,3,40,69,35.0000,0.045756
extFluc,3,40,70,35.5000,0.045155
extFluc,3,40,71,36.0000,0.045290
extFluc,3,40,72,36.5000,0.044807
extFluc,3,40,73,37.0000,0.045014
extFluc,3,40,74,37.5000,0.044641
extFluc,3,40,75,38.0000,0.044220
extFluc,3,40,76,38.5000,0.044637
extFluc,3,40,77,39.0000,0.043771
extFluc,3,40,78,39.5000,0.043523
extFluc,3,40,79,40.0000,0.043319
extFluc,3,40,80,40.5000,0.044150
extFluc,3,40,81,41.0000,0.043397
extFluc,3,40,82,41.5000,0.043071
extFluc,3,40,83,42.0000,0.042784
extFluc,3,40,84,42.5000,0.042467
extFluc,3,40,85,43.0000,0.042516
extFluc,3,40,86,43.5000,0.042565
extFluc,3,40,87,44.0000,0.042610
extFluc,3,40,88,44.5000,0.043262
extFluc,3,40,89,45.0000,0.042978
extFluc,3,40,90,45.5000,0.042054
extFluc,3,40,91,46.0000,0.041646
extFluc,3,40,92,46.5000,0.043797
extFluc,3,40,93,47.0000,0.043443
extFluc,3,40,94,47.5000,0.044348
extFluc,3,40,95,48.0000,0.044328
extFluc,3,40,96,48.5000,0.044887
extFluc,3,40,97,49.0000,0.045054
extFluc,3,40,98,49.5000,0.045610
extFluc,3,40,99,50.0000,0.043863
extFluc,3,50,0,0.5000,5.797361
extFluc,3,50,1,1.0000,4.553045
extFluc,3,50,2,1.5000,3.802555
extFluc,3,50,3,2.0000,3.190707
extFluc,3,50,4,2.5000,2.561679
extFluc,3,50,5,3.0000,2.058271
extFluc,3,50,6,3.5000,1.558506
extFluc,3,50,7,4.0000,1.218532
extFluc,3,50,8,4.5000,0.843850
extFluc,3,50,9,5.0000,0.525637
extFluc,3,50,10,5.5000,0.323314
extFluc,3,50,11,6.0000,0.264300
extFluc,3,50,12,6.5000,0.122830
extFluc,3,50,13,7.0000,0.108418
extFluc,3,50,14,7.5000,0.088960
extFluc,3,50,15,8.0000,0.085417
extFluc,3,50,16,8.5000,0.083040
extFluc,3,50,17,9.0000,0.082507
extFluc,3,50,18,9.5000,0.084388
extFluc,3,50,19,10.0000,0.079123
extFluc,3,50,20,10.5000,0.080635
extFluc,3,50,21,11.0000,0.069170
extFluc,3,50,22,11.5000,0.072353
extFluc,3,50,23,12.0000,0.071290
extFluc,3,50,24,12.5000,0.072146
extFluc,3,50,25,13.0000,0.076296
extFluc,3,50,26,13.5000,0.084814
extFluc,3,50,27,14.0000,0.086221
extFluc,3,50,28,14.5000,0.084271
extFluc,3,50,29,15.0000,0.083818
extFluc,3,50,30,15.5000,0.090825
extFluc,3,50,31,16.0000,0.089568
extFluc,3,50,32,16.5000,0.069722
extFluc,3,50,33,17.0000,0.071434
extFluc,3,50,34,17.5000,0.072038
extFluc,3,50,35,18.0000,0.071799
extFluc,3,50,36,18.5000,0.076273
extFluc,3,50,37,19.0000,0.078401
extFluc,3,50,38,19.5000,0.077680
extFluc,3,50,39,20.0000,0.075113
extFluc,3,50,40,20.5000,0.073739
extFluc,3,50,41,21.0000,0.070623
extFluc,3,50,42,21.5000,0.076253
extFluc,3,50,43,22.0000,0.069366
extFluc,3,50,44,22.5000,0.059900
extFluc,3,50,45,23.0000,0.057350
extFluc,3,50,46,23.5000,0.053965
extFluc,3,50,47,24.0000,0.054435
extFluc,3,50,48,24.5000,0.057308
extFluc,3,50,49,25.0000,0.056946
extFluc,3,50,50,25.5000,0.057174
extFluc,3,50,51,26.0000,0.057522
extFluc,3,50,52,26.5000,0.055314
extFluc,3,50,53,27.0000,0.054749
extFluc,3,50,54,27.5000,0.055280
extFluc,3,50,55,28.0000,0.053369
extFluc,3,50,56,28.5000,0.049299
extFluc,3,50,57,29.0000,0.044938
extFluc,3,50,58,29.5000,0.046287
extFluc,3,50,59,30.0000,0.048247
extFluc,3,50,60,30.5000,0.045927
extFluc,3,50,61,31.0000,0.046406
extFluc,3,50,62,31.5000,0.045293
extFluc,3,50,63,32.0000,0.046121
extFluc,3,50,64,32.5000,0.045630
extFluc,3,50,65,33.0000,0.046210
extFluc,3,50,66,33.5000,0.043213
extFluc,3,50,67,34.0000,0.042115
extFluc,3,50,68,34.5000,0.040035
extFluc,3,50,69,35.0000,0.038993
extFluc,3,50,70,35.5000,0.039538
extFluc,3,50,71,36.0000,0.039069
extFluc,3,50,72,36.5000,0.038971
extFluc,3,50,73,37.0000,0.039163
extFluc,3,50,74,37.5000,0.037946
extFluc,3,50,75,38.0000,0.037557
extFluc,3,50,76,38.5000,0.037310
extFluc,3,50,77,39.0000,0.038073
extFluc,3,50,78,39.5000,0.037470
extFluc,3,50,79,40.0000,0.037861
extFluc,3,50,80,40.5000,0.037954
extFluc,3,50,81,41.0000,0.037322
extFluc,3,50,82,41.5000,0.038003
extFluc,3,50,83,42.0000,0.038182
extFluc,3,50,84,42.5000,0.036511
extFluc,3,50,85,43.0000,0.036936
extFluc,3,50,86,43.5000,0.036819
extFluc,3,50,87,44.0000,0.036330
extFluc,3,50,88,44.5000,0.036873
extFluc,3,50,89,45.0000,0.036241
extFluc,3,50,90,45.5000,0.035280
extFluc,3,50,91,46.0000,0.034466
extFluc,3,50,92,46.5000,0.034240
extFluc,3,50,93,47.0000,0.034033
extFluc,3,50,94,47.5000,0.033246
extFluc,3,50,95,48.0000,0.033051
extFluc,3,50,96,48.5000,0.032634
extFluc,3,50,97,49.0000,0.032492
extFluc,3,50,98,49.5000,0.032429
extFluc,3,50,99,50.0000,0.032341
extFluc,4,10,0,0.5000,5.664459
extFluc,4,10,1,1.0000,4.955936
extFluc,4,10,2,1.5000,3.817239
extFluc,4,10,3,2.0000,3.117074
extFluc,4,10,4,2.5000,2.447968
extFluc,4,10,5,3.0000,2.032506
extFluc,4,10,6,3.5000,1.594814
extFluc,4,10,7,4.0000,1.096276
extFluc,4,10,8,4.5000,0.781336
extFluc,4,10,9,5.0000,0.557867
extFluc,4,10,10,5.5000,0.375806
extFluc,4,10,11,6.0000,0.229700
extFluc,4,10,12,6.5000,0.188215
extFluc,4,10,13,7.0000,0.150711
extFluc,4,10,14,7.5000,0.137004
extFluc,4,10,15,8.0000,0.140504
extFluc,4,10,16,8.5000,0.124759
extFluc,4,10,17,9.0000,0.129377
extFluc,4,10,18,9.5000,0.119636
extFluc,4,10,19,10.0000,0.110058
extFluc,4,10,20,10.5000,0.120996
extFluc,4,10,21,11.0000,0.128203
extFluc,4,10,22,11.5000,0.117383
extFluc,4,10,23,12.0000,0.109196
extFluc,4,10,24,12.5000,0.111855
extFluc,4,10,25,13.0000,0.111082
extFluc,4,10,26,13.5000,0.102353
extFluc,4,10,27,14.0000,0.105944
extFluc,4,10,28,14.5000,0.106181
extFluc,4,10,29,15.0000,0.106612
extFluc,4,10,30,15.5000,0.102462
extFluc,4,10,31,16.0000,0.091411
extFluc,4,10,32,16.5000,0.094105
extFluc,4,10,33,17.0000,0.096426
extFluc,4,10,34,17.5000,0.091097
extFluc,4,10,35,18.0000,0.101334
extFluc,4,10,36,18.5000,0.094149
extFluc,4,10,37,19.0000,0.095636
extFluc,4,10,38,19.5000,0.092395
extFluc,4,10,39,20.0000,0.088556
extFluc,4,10,40,20.5000,0.091106
extFluc,4,10,41,21.0000,0.086408
extFluc,4,10,42,21.5000,0.084486
extFluc,4,10,43,22.0000,0.083043
extFluc,4,10,44,22.5000,0.083410
extFluc,4,10,45,23.0000,0.080905
extFluc,4,10,46,23.5000,0.076102
extFluc,4,10,47,24.0000,0.077586
extFluc,4,10,48,24.5000,0.079709
extFluc,4,10,49,25.0000,0.080951
extFluc,4,10,50,25.5000,0.080014
extFluc,4,10,51,26.0000,0.080037
extFluc,4,10,52,26.5000,0.080675
extFluc,4,10,53,27.0000,0.075395
extFluc,4,10,54,27.5000,0.074358
extFluc,4,10,55,28.0000,0.076002
extFluc,4,10,56,28.5000,0.077196
extFluc,4,10,57,29.0000,0.073437
extFluc,4,10,58,29.5000,0.074928
extFluc,4,10,59,30.0000,0.071040
extFluc,4,10,60,30.5000,0.068728
extFluc,4,10,61,31.0000,0.062614
extFluc,4,10,62,31.5000,0.059777
extFluc,4,10,63,32.0000,0.058769
extFluc,4,10,64,32.5000,0.055485
extFluc,4,10,65,33.0000,0.055732
extFluc,4,10,66,33.5000,0.053010
extFluc,4,10,67,34.0000,0.051773
extFluc,4,10,68,34.5000,0.052014
extFluc,4,10,69,35.0000,0.050242
extFluc,4,10,70,35.5000,0.049039
extFluc,4,10,71,36.0000,0.047223
extFluc,4,10,72,36.5000,0.046965
extFluc,4,10,73,37.0000,0.046640
extFluc,4,10,74,37.5000,0.047206
extFluc,4,10,75,38.0000,0.046409
extFluc,4,10,76,38.5000,0.045830
extFluc,4,10,77,39.0000,0.046006
extFluc,4,10,78,39.5000,0.045633
extFluc,4,10,79,40.0000,0.044944
extFluc,4,10,80,40.5000,0.045162
extFluc,4,10,81,41.0000,0.044791
extFluc,4,10,82,41.5000,0.045452
extFluc,4,10,83,42.0000,0.044673
extFluc,4,10,84,42.5000,0.044823
extFluc,4,10,85,43.0000,0.044874
extFluc,4,10,86,43.5000,0.044506
extFluc,4,10,87,44.0000,0.044196
extFluc,4,10,88,44.5000,0.045304
extFluc,4,10,89,45.0000,0.046080
extFluc,4,10,90,45.5000,0.045468
extFluc,4,10,91,46.0000,0.046218
extFluc,4,10,92,46.5000,0.044707
extFluc,4,10,93,47.0000,0.045266
extFluc,4,10,94,47.5000,0.043767
extFluc,4,10,95,48.0000,0.042881
extFluc,4,10,96,48.5000,0.042724
extFluc,4,10,97,49.0000,0.042939
extFluc,4,10,98,49.5000,0.042139
extFluc,4,10,99,50.0000,0.042188
extFluc,4,20,0,0.5000,5.597926
extFluc,4,20,1,1.0000,4.457413
extFluc,4,20,2,1.5000,3.819105
extFluc,4,20,3,2.0000,3.003379
extFluc,4,20,4,2.5000,2.364139
extFluc,4,20,5,3.0000,1.965149
extFluc,4,20,6,3.5000,1.558197
extFluc,4,20,7,4.0000,1.243488
extFluc,4,20,8,4.5000,0.861307
extFluc,4,20,9,5.0000,0.564979
extFluc,4,20,10,5.5000,0.351241
extFluc,4,20,11,6.0000,0.194428
extFluc,4,20,12,6.5000,0.118583
extFluc,4,20,13,7.0000,0.119329
extFluc,4,20,14,7.5000,0.118067
extFluc,4,20,15,8.0000,0.113514
extFluc,4,20,16,8.5000,0.107395
extFluc,4,20,17,9.0000,0.102357
extFluc,4,20,18,9.5000,0.088136
extFluc,4,20,19,10.0000,0.093380
extFluc,4,20,20,10.5000,0.079487
extFluc,4,20,21,11.0000,0.080492
extFluc,4,20,22,11.5000,0.080363
extFluc,4,20,23,12.0000,0.076863
extFluc,4,20,24,12.5000,0.071586
extFluc,4,20,25,13.0000,0.071381
extFluc,4,20,26,13.5000,0.074953
extFluc,4,20,27,14.0000,0.071944
extFluc,4,20,28,14.5000,0.076344
extFluc,4,20,29,15.0000,0.075684
extFluc,4,20,30,15.5000,0.073850
extFluc,4,20,31,16.0000,0.077494
extFluc,4,20,32,16.5000,0.070790
extFluc,4,20,33,17.0000,0.066158
extFluc,4,20,34,17.5000,0.066993
extFluc,4,20,35,18.0000,0.067305
extFluc,4,20,36,18.5000,0.067380
extFluc,4,20,37,19.0000,0.059150
extFluc,4,20,38,19.5000,0.061639
extFluc,4,20,39,20.0000,0.065675
extFluc,4,20,40,20.5000,0.066183
extFluc,4,20,41,21.0000,0.062752
extFluc,4,20,42,21.5000,0.056866
extFluc,4,20,43,22.0000,0.056018
extFluc,4,20,44,22.5000,0.057115
extFluc,4,20,45,23.0000,0.053360
extFluc,4,20,46,23.5000,0.053157
extFluc,4,20,47,24.0000,0.053785
extFluc,4,20,48,24.5000,0.057480
extFluc,4,20,49,25.0000,0.058048
extFluc,4,20,50,25.5000,0.059915
extFluc,4,20,51,26.0000,0.057557
extFluc,4,20,52,26.5000,0.051134
extFluc,4,20,53,27.0000,0.052636
extFluc,4,20,54,27.5000,0.049812
extFluc,4,20,55,28.0000,0.051447
extFluc,4,20,56,28.5000,0.050754
extFluc,4,20,57,29.0000,0.048660
extFluc,4,20,58,29.5000,0.049977
extFluc,4,20,59,30.0000,0.047070
extFluc,4,20,60,30.5000,0.045741
extFluc,4,20,61,31.0000,0.046682
extFluc,4,20,62,31.5000,0.046354
extFluc,4,20,63,32.0000,0.045939
extFluc,4,20,64,32.5000,0.045416
extFluc,4,20,65,33.0000,0.045299
extFluc,4,20,66,33.5000,0.045114
extFluc,4,20,67,34.0000,0.044646
extFluc,4,20,68,34.5000,0.044941
extFluc,4,20,69,35.0000,0.045237
extFluc,4,20,70,35.5000,0.044836
extFluc,4,20,71,36.0000,0.045459
extFluc,4,20,72,36.5000,0.045864
extFluc,4,20,73,37.0000,0.046031
extFluc,4,20,74,37.5000,0.045857
extFluc,4,20,75,38.0000,0.046815
extFluc,4,20,76,38.5000,0.047407
extFluc,4,20,77,39.0000,0.050158
extFluc,4,20,78,39.5000,0.049651
extFluc,4,20,79,40.0000,0.051911
extFluc,4,20,80,40.5000,0.053499
extFluc,4,20,81,41.0000,0.051633
extFluc,4,20,82,41.5000,0.052616
extFluc,4,20,83,42.0000,0.055600
extFluc,4,20,84,42.5000,0.059142
extFluc,4,20,85,43.0000,0.061337
extFluc,4,20,86,43.5000,0.059225
extFluc,4,20,87,44.0000,0.057637
extFluc,4,20,88,44.5000,0.052726
extFluc,4,20,89,45.0000,0.050068
extFluc,4,20,90,45.5000,0.050046
extFluc,4,20,91,46.0000,0.049392
extFluc,4,20,92,46.5000,0.049811
extFluc,4,20,93,47.0000,0.046795
extFluc,4,20,94,47.5000,0.046576
extFluc,4,20,95,48.0000,0.046780
extFluc,4,20,96,48.5000,0.046463
extFluc,4,20,97,49.0000,0.048373
extFluc,4,20,98,49.5000,0.047266
extFluc,4,20,99,50.0000,0.048164
extFluc,4,30,0,0.5000,5.617508
extFluc,4,30,1,1.0000,4.534150
extFluc,4,30,2,1.5000,3.692465
extFluc,4,30,3,2.0000,3.126158
extFluc,4,30,4,2.5000,2.524176
extFluc,4,30,5,3.0000,1.956141
extFluc,4,30,6,3.5000,1.444278
extFluc,4,30,7,4.0000,1.135730
extFluc,4,30,8,4.5000,0.740476
extFluc,4,30,9,5.0000,0.578801
extFluc,4,30,10,5.5000,0.368304
extFluc,4,30,11,6.0000,0.253295
extFluc,4,30,12,6.5000,0.168613
extFluc,4,30,13,7.0000,0.139947
extFluc,4,30,14,7.5000,0.124794
extFluc,4,30,15,8.0000,0.117495
extFluc,4,30,16,8.5000,0.117499
extFluc,4,30,17,9.0000,0.105705
extFluc,4,30,18,9.5000,0.093184
extFluc,4,30,19,10.0000,0.081369
extFluc,4,30,20,10.5000,0.085404
extFluc,4,30,21,11.0000,0.079871
extFluc,4,30,22,11.5000,0.073289
extFluc,4,30,23,12.0000,0.073743
extFluc,4,30,24,12.5000,0.073224
extFluc,4,30,25,13.0000,0.070589
extFluc,4,30,26,13.5000,0.069641
extFluc,4,30,27,14.0000,0.068949
extFluc,4,30,28,14.5000,0.068485
extFluc,4,30,29,15.0000,0.066200
extFluc,4,30,30,15.5000,0.067478
extFluc,4,30,31,16.0000,0.064059
extFluc,4,30,32,16.5000,0.062573
extFluc,4,30,33,17.0000,0.062839
extFluc,4,30,34,17.5000,0.062881
extFluc,4,30,35,18.0000,0.061713
extFluc,4,30,36,18.5000,0.061028
extFluc,4,30,37,19.0000,0.059099
extFluc,4,30,38,19.5000,0.059238
extFluc,4,30,39,20.0000,0.057743
extFluc,4,30,40,20.5000,0.056838
extFluc,4,30,41,21.0000,0.055331
extFluc,4,30,42,21.5000,0.057198
extFluc,4,30,43,22.0000,0.056059
extFluc,4,30,44,22.5000,0.056491
extFluc,4,30,45,23.0000,0.055424
extFluc,4,30,46,23.5000,0.055831
extFluc,4,30,47,24.0000,0.056040
extFluc,4,30,48,24.5000,0.056116
extFluc,4,30,49,25.0000,0.055713
extFluc,4,30,50,25.5000,0.055320
extFluc,4,30,51,26.0000,0.053808
extFluc,4,30,52,26.5000,0.052688
extFluc,4,30,53,27.0000,0.052195
extFluc,4,30,54,27.5000,0.051748
extFluc,4,30,55,28.0000,0.051845
extFluc,4,30,56,28.5000,0.051614
extFluc,4,30,57,29.0000,0.051002
extFluc,4,30,58,29.5000,0.050647
extFluc,4,30,59,30.0000,0.050527
extFluc,4,30,60,30.5000,0.050266
extFluc,4,30,61,31.0000,0.049941
extFluc,4,30,62,31.5000,0.049083
extFluc,4,30,63,32.0000,0.049354
extFluc,4,30,64,32.5000,0.048250
extFluc,4,30,65,33.0000,0.048019
extFluc,4,30,66,33.5000,0.049152
extFluc,4,30,67,34.0000,0.048303
extFluc,4,30,68,34.5000,0.047564
extFluc,4,30,69,35.0000,0.047211
extFluc,4,30,70,35.5000,0.047365
extFluc,4,30,71,36.0000,0.046920
extFluc,4,30,72,36.5000,0.046347
extFluc,4,30,73,37.0000,0.046559
extFluc,4,30,74,37.5000,0.045502
extFluc,4,30,75,38.0000,0.044983
extFluc,4,30,76,38.5000,0.045747
extFluc,4,30,77,39.0000,0.047274
extFluc,4,30,78,39.5000,0.049803
extFluc,4,30,79,40.0000,0.048859
extFluc,4,30,80,40.5000,0.048078
extFluc,4,30,81,41.0000,0.050433
extFluc,4,30,82,41.5000,0.049851
extFluc,4,30,83,42.0000,0.049438
extFluc,4,30,84,42.5000,0.049081
extFluc,4,30,85,43.0000,0.050488
extFluc,4,30,86,43.5000,0.049703
extFluc,4,30,87,44.0000,0.050516
extFluc,4,30,88,44.5000,0.051607
extFluc,4,30,89,45.0000,0.051675
extFluc,4,30,90,45.5000,0.051700
extFluc,4,30,91,46.0000,0.053014
extFluc,4,30,92,46.5000,0.052879
extFluc,4,30,93,47.0000,0.051463
extFluc,4,30,94,47.5000,0.050528
extFluc,4,30,95,48.0000,0.049050
extFluc,4,30,96,48.5000,0.049015
extFluc,4,30,97,49.0000,0.047479
extFluc,4,30,98,49.5000,0.048913
extFluc,4,30,99,50.0000,0.049938
extFluc,4,40,0,0.5000,5.713322
extFluc,4,40,1,1.0000,4.784792
extFluc,4,40,2,1.5000,3.893525
extFluc,4,40,3,2.0000,3.188288
extFluc,4,40,4,2.5000,2.639398
extFluc,4,40,5,3.0000,2.016254
extFluc,4,40,6,3.5000,1.645299
extFluc,4,40,7,4.0000,1.225754
extFluc,4,40,8,4.5000,0.838568
extFluc,4,40,9,5.0000,0.504294
extFluc,4,40,10,5.5000,0.229215
extFluc,4,40,11,6.0000,0.177571
extFluc,4,40,12,6.5000,0.153936
extFluc,4,40,13,7.0000,0.163001
extFluc,4,40,14,7.5000,0.153354
extFluc,4,40,15,8.0000,0.146781
extFluc,4,40,16,8.5000,0.151371
extFluc,4,40,17,9.0000,0.159558
extFluc,4,40,18,9.5000,0.163880
extFluc,4,40,19,10.0000,0.150472
extFluc,4,40,20,10.5000,0.162122
extFluc,4,40,21,11.0000,0.148874
extFluc,4,40,22,11.5000,0.166657
extFluc,4,40,23,12.0000,0.155117
extFluc,4,40,24,12.5000,0.171576
extFluc,4,40,25,13.0000,0.146927
extFluc,4,40,26,13.5000,0.145055
extFluc,4,40,27,14.0000,0.135292
extFluc,4,40,28,14.5000,0.126224
extFluc,4,40,29,15.0000,0.124266
extFluc,4,40,30,15.5000,0.120490
extFluc,4,40,31,16.0000,0.124133
extFluc,4,40,32,16.5000,0.118918
extFluc,4,40,33,17.0000,0.120569
extFluc,4,40,34,17.5000,0.097965
extFluc,4,40,35,18.0000,0.101324
extFluc,4,40,36,18.5000,0.104676
extFluc,4,40,37,19.0000,0.097271
extFluc,4,40,38,19.5000,0.099351
extFluc,4,40,39,20.0000,0.098287
extFluc,4,40,40,20.5000,0.091472
extFluc,4,40,41,21.0000,0.090825
extFluc,4,40,42,21.5000,0.095418
extFluc,4,40,43,22.0000,0.094994
extFluc,4,40,44,22.5000,0.087101
extFluc,4,40,45,23.0000,0.082084
extFluc,4,40,46,23.5000,0.084209
extFluc,4,40,47,24.0000,0.083791
extFluc,4,40,48,24.5000,0.087101
extFluc,4,40,49,25.0000,0.090380
extFluc,4,40,50,25.5000,0.093218
extFluc,4,40,51,26.0000,0.096680
extFluc,4,40,52,26.5000,0.094556
extFluc,4,40,53,27.0000,0.099666
extFluc,4,40,54,27.5000,0.101448
extFluc,4,40,55,28.0000,0.102814
extFluc,4,40,56,28.5000,0.099144
extFluc,4,40,57,29.0000,0.096631
extFluc,4,40,58,29.5000,0.097315
extFluc,4,40,59,30.0000,0.094131
extFluc,4,40,60,30.5000,0.098909
extFluc,4,40,61,31.0000,0.093588
extFluc,4,40,62,31.5000,0.088730
extFluc,4,40,63,32.0000,0.093276
extFluc,4,40,64,32.5000,0.094201
extFluc,4,40,65,33.0000,0.095663
extFluc,4,40,66,33.5000,0.096581
extFluc,4,40,67,34.0000,0.096915
extFluc,4,40,68,34.5000,0.097712
extFluc,4,40,69,35.0000,0.091659
extFluc,4,40,70,35.5000,0.087928
extFluc,4,40,71,36.0000,0.091400
extFluc,4,40,72,36.5000,0.087333
extFluc,4,40,73,37.0000,0.089024
extFluc,4,40,74,37.5000,0.087705
extFluc,4,40,75,38.0000,0.082574
extFluc,4,40,76,38.5000,0.081232
extFluc,4,40,77,39.0000,0.080324
extFluc,4,40,78,39.5000,0.074189
extFluc,4,40,79,40.0000,0.074618
extFluc,4,40,80,40.5000,0.072733
extFluc,4,40,81,41.0000,0.069610
extFluc,4,40,82,41.5000,0.069819
extFluc,4,40,83,42.0000,0.068941
extFluc,4,40,84,42.5000,0.068199
extFluc,4,40,85,43.0000,0.059791
extFluc,4,40,86,43.5000,0.055366
extFluc,4,40,87,44.0000,0.056372
extFluc,4,40,88,44.5000,0.055519
extFluc,4,40,89,45.0000,0.054918
extFluc,4,40,90,45.5000,0.056275
extFluc,4,40,91,46.0000,0.057568
extFluc,4,40,92,46.5000,0.053509
extFluc,4,40,93,47.0000,0.051362
extFluc,4,40,94,47.5000,0.051729
extFluc,4,40,95,48.0000,0.052913
extFluc,4,40,96,48.5000,0.054929
extFluc,4,40,97,49.0000,0.057496
extFluc,4,40,98,49.5000,0.056504
extFluc,4,40,99,50.0000,0.054693
extFluc,4,50,0,0.5000,5.601030
extFluc,4,50,1,1.0000,4.380891
extFluc,4,50,2,1.5000,3.767926
extFluc,4,50,3,2.0000,3.230316
extFluc,4,50,4,2.5000,2.554257
extFluc,4,50,5,3.0000,2.037247
extFluc,4,50,6,3.5000,1.557392
extFluc,4,50,7,4.0000,1.169691
extFluc,4,50,8,4.5000,0.796846
extFluc,4,50,9,5.0000,0.478227
extFluc,4,50,10,5.5000,0.271280
extFluc,4,50,11,6.0000,0.168018
extFluc,4,50,12,6.5000,0.107986
extFluc,4,50,13,7.0000,0.093435
extFluc,4,50,14,7.5000,0.090344
extFluc,4,50,15,8.0000,0.081189
extFluc,4,50,16,8.5000,0.081404
extFluc,4,50,17,9.0000,0.092981
extFluc,4,50,18,9.5000,0.083074
extFluc,4,50,19,10.0000,0.081255
extFluc,4,50,20,10.5000,0.074607
extFluc,4,50,21,11.0000,0.083035
extFluc,4,50,22,11.5000,0.073547
extFluc,4,50,23,12.0000,0.068958
extFluc,4,50,24,12.5000,0.069565
extFluc,4,50,25,13.0000,0.069128
extFluc,4,50,26,13.5000,0.062792
extFluc,4,50,27,14.0000,0.058394
extFluc,4,50,28,14.5000,0.055814
extFluc,4,50,29,15.0000,0.054938
extFluc,4,50,30,15.5000,0.054538
extFluc,4,50,31,16.0000,0.054776
extFluc,4,50,32,16.5000,0.055381
extFluc,4,50,33,17.0000,0.055234
extFluc,4,50,34,17.5000,0.057357
extFluc,4,50,35,18.0000,0.055949
extFluc,4,50,36,18.5000,0.054543
extFluc,4,50,37,19.0000,0.055737
extFluc,4,50,38,19.5000,0.059909
extFluc,4,50,39,20.0000,0.060112
extFluc,4,50,40,20.5000,0.056804
extFluc,4,50,41,21.0000,0.051709
extFluc,4,50,42,21.5000,0.055058
extFluc,4,50,43,22.0000,0.056254
extFluc,4,50,44,22.5000,0.053077
extFluc,4,50,45,23.0000,0.054669
extFluc,4,50,46,23.5000,0.055500
extFluc,4,50,47,24.0000,0.058357
extFluc,4,50,48,24.5000,0.063039
extFluc,4,50,49,25.0000,0.060785
extFluc,4,50,50,25.5000,0.063270
extFluc,4,50,51,26.0000,0.062404
extFluc,4,50,52,26.5000,0.071779
extFluc,4,50,53,27.0000,0.078951
extFluc,4,50,54,27.5000,0.076483
extFluc,4,50,55,28.0000,0.072433
extFluc,4,50,56,28.5000,0.073667
extFluc,4,50,57,29.0000,0.076990
extFluc,4,50,58,29.5000,0.084955
extFluc,4,50,59,30.0000,0.080543
extFluc,4,50,60,30.5000,0.076578
extFluc,4,50,61,31.0000,0.072646
extFluc,4,50,62,31.5000,0.070769
extFluc,4,50,63,32.0000,0.072384
extFluc,4,50,64,32.5000,0.069826
extFluc,4,50,65,33.0000,0.074349
extFluc,4,50,66,33.5000,0.074489
extFluc,4,50,67,34.0000,0.072123
extFluc,4,50,68,34.5000,0.070817
extFluc,4,50,69,35.0000,0.067259
extFluc,4,50,70,35.5000,0.066222
extFluc,4,50,71,36.0000,0.065651
extFluc,4,50,72,36.5000,0.068995
extFluc,4,50,73,37.0000,0.068137
extFluc,4,50,74,37.5000,0.069862
extFluc,4,50,75,38.0000,0.072040
extFluc,4,50,76,38.5000,0.069431
extFluc,4,50,77,39.0000,0.066383
extFluc,4,50,78,39.5000,0.066679
extFluc,4,50,79,40.0000,0.063539
extFluc,4,50,80,40.5000,0.061385
extFluc,4,50,81,41.0000,0.057824
extFluc,4,50,82,41.5000,0.059336
extFluc,4,50,83,42.0000,0.059000
extFluc,4,50,84,42.5000,0.058053
extFluc,4,50,85,43.0000,0.055014
extFluc,4,50,86,43.5000,0.055511
extFluc,4,50,87,44.0000,0.056739
extFluc,4,50,88,44.5000,0.053897
extFluc,4,50,89,45.0000,0.052302
extFluc,4,50,90,45.5000,0.052295
extFluc,4,50,91,46.0000,0.053593
extFluc,4,50,92,46.5000,0.052489
extFluc,4,50,93,47.0000,0.053917
extFluc,4,50,94,47.5000,0.054672
extFluc,4,50,95,48.0000,0.054026
extFluc,4,50,96,48.5000,0.055560
extFluc,4,50,97,49.0000,0.053980
extFluc,4,50,98,49.5000,0.053546
extFluc,4,50,99,50.0000,0.052671
extFluc,5,10,0,0.5000,5.693428
extFluc,5,10,1,1.0000,4.382305
extFluc,5,10,2,1.5000,3.475807
extFluc,5,10,3,2.0000,2.859888
extFluc,5,10,4,2.5000,2.421994
extFluc,5,10,5,3.0000,1.879543
extFluc,5,10,6,3.5000,1.490794
extFluc,5,10,7,4.0000,1.155853
extFluc,5,10,8,4.5000,0.810575
extFluc,5,10,9,5.0000,0.538844
extFluc,5,10,10,5.5000,0.326698
extFluc,5,10,11,6.0000,0.269717
extFluc,5,10,12,6.5000,0.144624
extFluc,5,10,13,7.0000,0.114976
extFluc,5,10,14,7.5000,0.093042
extFluc,5,10,15,8.0000,0.095279
extFluc,5,10,16,8.5000,0.096807
extFluc,5,10,17,9.0000,0.094941
extFluc,5,10,18,9.5000,0.092380
extFluc,5,10,19,10.0000,0.090111
extFluc,5,10,20,10.5000,0.086074
extFluc,5,10,21,11.0000,0.083950
extFluc,5,10,22,11.5000,0.082668
extFluc,5,10,23,12.0000,0.079020
extFluc,5,10,24,12.5000,0.078465
extFluc,5,10,25,13.0000,0.074600
extFluc,5,10,26,13.5000,0.071630
extFluc,5,10,27,14.0000,0.072118
extFluc,5,10,28,14.5000,0.069788
extFluc,5,10,29,15.0000,0.067751
extFluc,5,10,30,15.5000,0.066007
extFluc,5,10,31,16.0000,0.065938
extFluc,5,10,32,16.5000,0.067256
extFluc,5,10,33,17.0000,0.067968
extFluc,5,10,34,17.5000,0.065815
extFluc,5,10,35,18.0000,0.062056
extFluc,5,10,36,18.5000,0.063548
extFluc,5,10,37,19.0000,0.062421
extFluc,5,10,38,19.5000,0.064193
extFluc,5,10,39,20.0000,0.059358
extFluc,5,10,40,20.5000,0.061267
extFluc,5,10,41,21.0000,0.060620
extFluc,5,10,42,21.5000,0.062439
extFluc,5,10,43,22.0000,0.062294
extFluc,5,10,44,22.5000,0.063177
extFluc,5,10,45,23.0000,0.064534
extFluc,5,10,46,23.5000,0.065536
extFluc,5,10,47,24.0000,0.065318
extFluc,5,10,48,24.5000,0.068443
extFluc,5,10,49,25.0000,0.068555
extFluc,5,10,50,25.5000,0.066107
extFluc,5,10,51,26.0000,0.067483
extFluc,5,10,52,26.5000,0.067414
extFluc,5,10,53,27.0000,0.070828
extFluc,5,10,54,27.5000,0.068782
extFluc,5,10,55,28.0000,0.067381
extFluc,5,10,56,28.5000,0.063710
extFluc,5,10,57,29.0000,0.064341
extFluc,5,10,58,29.5000,0.067200
extFluc,5,10,59,30.0000,0.070552
extFluc,5,10,60,30.5000,0.072502
extFluc,5,10,61,31.0000,0.068282
extFluc,5,10,62,31.5000,0.073521
extFluc,5,10,63,32.0000,0.070877
extFluc,5,10,64,32.5000,0.072940
extFluc,5,10,65,33.0000,0.071553
extFluc,5,10,66,33.5000,0.074796
extFluc,5,10,67,34.0000,0.071868
extFluc,5,10,68,34.5000,0.065620
extFluc,5,10,69,35.0000,0.062861
extFluc,5,10,70,35.5000,0.061754
extFluc,5,10,71,36.0000,0.061533
extFluc,5,10,72,36.5000,0.061227
extFluc,5,10,73,37.0000,0.057973
extFluc,5,10,74,37.5000,0.059444
extFluc,5,10,75,38.0000,0.059797
extFluc,5,10,76,38.5000,0.058996
extFluc,5,10,77,39.0000,0.059190
extFluc,5,10,78,39.5000,0.055981
extFluc,5,10,79,40.0000,0.055390
extFluc,5,10,80,40.5000,0.054213
extFluc,5,10,81,41.0000,0.054351
extFluc,5,10,82,41.5000,0.054590
extFluc,5,10,83,42.0000,0.054345
extFluc,5,10,84,42.5000,0.054152
extFluc,5,10,85,43.0000,0.053716
extFluc,5,10,86,43.5000,0.054108
extFluc,5,10,87,44.0000,0.053942
extFluc,5,10,88,44.5000,0.052994
extFluc,5,10,89,45.0000,0.053116
extFluc,5,10,90,45.5000,0.052709
extFluc,5,10,91,46.0000,0.052486
extFluc,5,10,92,46.5000,0.050672
extFluc,5,10,93,47.0000,0.050653
extFluc,5,10,94,47.5000,0.051029
extFluc,5,10,95,48.0000,0.051240
extFluc,5,10,96,48.5000,0.051415
extFluc,5,10,97,49.0000,0.051437
extFluc,5,10,98,49.5000,0.050402
extFluc,5,10,99,50.0000,0.050681
extFluc,5,20,0,0.5000,5.606458
extFluc,5,20,1,1.0000,4.280857
extFluc,5,20,2,1.5000,3.735841
extFluc,5,20,3,2.0000,2.871539
extFluc,5,20,4,2.5000,2.365514
extFluc,5,20,5,3.0000,1.904362
extFluc,5,20,6,3.5000,1.470900
extFluc,5,20,7,4.0000,1.174321
extFluc,5,20,8,4.5000,0.813240
extFluc,5,20,9,5.0000,0.587845
extFluc,5,20,10,5.5000,0.495953
extFluc,5,20,11,6.0000,0.297418
extFluc,5,20,12,6.5000,0.109698
extFluc,5,20,13,7.0000,0.085558
extFluc,5,20,14,7.5000,0.099917
extFluc,5,20,15,8.0000,0.102602
extFluc,5,20,16,8.5000,0.104501
extFluc,5,20,17,9.0000,0.097074
extFluc,5,20,18,9.5000,0.100162
extFluc,5,20,19,10.0000,0.109893
extFluc,5,20,20,10.5000,0.101211
extFluc,5,20,21,11.0000,0.088011
extFluc,5,20,22,11.5000,0.083506
extFluc,5,20,23,12.0000,0.079650
extFluc,5,20,24,12.5000,0.082045
extFluc,5,20,25,13.0000,0.079539
extFluc,5,20,26,13.5000,0.076088
extFluc,5,20,27,14.0000,0.077431
extFluc,5,20,28,14.5000,0.074249
extFluc,5,20,29,15.0000,0.072305
extFluc,5,20,30,15.5000,0.071312
extFluc,5,20,31,16.0000,0.069448
extFluc,5,20,32,16.5000,0.068078
extFluc,5,20,33,17.0000,0.069079
extFluc,5,20,34,17.5000,0.072274
extFluc,5,20,35,18.0000,0.072040
extFluc,5,20,36,18.5000,0.073654
extFluc,5,20,37,19.0000,0.076306
extFluc,5,20,38,19.5000,0.075761
extFluc,5,20,39,20.0000,0.070174
extFluc,5,20,40,20.5000,0.070321
extFluc,5,20,41,21.0000,0.072618
extFluc,5,20,42,21.5000,0.072635
extFluc,5,20,43,22.0000,0.070668
extFluc,5,20,44,22.5000,0.073578
extFluc,5,20,45,23.0000,0.073147
extFluc,5,20,46,23.5000,0.073913
extFluc,5,20,47,24.0000,0.073157
extFluc,5,20,48,24.5000,0.072086
extFluc,5,20,49,25.0000,0.070497
extFluc,5,20,50,25.5000,0.067756
extFluc,5,20,51,26.0000,0.068868
extFluc,5,20,52,26.5000,0.070147
extFluc,5,20,53,27.0000,0.066718
extFluc,5,20,54,27.5000,0.063967
extFluc,5,20,55,28.0000,0.062895
extFluc,5,20,56,28.5000,0.062801
extFluc,5,20,57,29.0000,0.062808
extFluc,5,20,58,29.5000,0.062358
extFluc,5,20,59,30.0000,0.060887
extFluc,5,20,60,30.5000,0.064005
extFluc,5,20,61,31.0000,0.070529
extFluc,5,20,62,31.5000,0.066898
extFluc,5,20,63,32.0000,0.065533
extFluc,5,20,64,32.5000,0.064030
extFluc,5,20,65,33.0000,0.062498
extFluc,5,20,66,33.5000,0.060615
extFluc,5,20,67,34.0000,0.059963
extFluc,5,20,68,34.5000,0.058721
extFluc,5,20,69,35.0000,0.057541
extFluc,5,20,70,35.5000,0.055291
extFluc,5,20,71,36.0000,0.055351
extFluc,5,20,72,36.5000,0.054239
extFluc,5,20,73,37.0000,0.054502
extFluc,5,20,74,37.5000,0.055164
extFluc,5,20,75,38.0000,0.057816
extFluc,5,20,76,38.5000,0.058881
extFluc,5,20,77,39.0000,0.058618
extFluc,5,20,78,39.5000,0.056699
extFluc,5,20,79,40.0000,0.055275
extFluc,5,20,80,40.5000,0.054899
extFluc,5,20,81,41.0000,0.056381
extFluc,5,20,82,41.5000,0.054901
extFluc,5,20,83,42.0000,0.053688
extFluc,5,20,84,42.5000,0.053338
extFluc,5,20,85,43.0000,0.053344
extFluc,5,20,86,43.5000,0.053282
extFluc,5,20,87,44.0000,0.051852
extFluc,5,20,88,44.5000,0.051889
extFluc,5,20,89,45.0000,0.051555
extFluc,5,20,90,45.5000,0.051595
extFluc,5,20,91,46.0000,0.050487
extFluc,5,20,92,46.5000,0.050180
extFluc,5,20,93,47.0000,0.049553
extFluc,5,20,94,47.5000,0.050275
extFluc,5,20,95,48.0000,0.050702
extFluc,5,20,96,48.5000,0.050743
extFluc,5,20,97,49.0000,0.051160
extFluc,5,20,98,49.5000,0.051374
extFluc,5,20,99,50.0000,0.051218
extFluc,5,30,0,0.5000,5.476824
extFluc,5,30,1,1.0000,4.383063
extFluc,5,30,2,1.5000,3.575281
extFluc,5,30,3,2.0000,3.033640
extFluc,5,30,4,2.5000,2.529380
extFluc,5,30,5,3.0000,2.045309
extFluc,5,30,6,3.5000,1.560446
extFluc,5,30,7,4.0000,1.106462
extFluc,5,30,8,4.5000,0.816731
extFluc,5,30,9,5.0000,0.650118
extFluc,5,30,10,5.5000,0.377489
extFluc,5,30,11,6.0000,0.251791
extFluc,5,30,12,6.5000,0.206733
extFluc,5,30,13,7.0000,0.229769
extFluc,5,30,14,7.5000,0.173581
extFluc,5,30,15,8.0000,0.176237
extFluc,5,30,16,8.5000,0.154359
extFluc,5,30,17,9.0000,0.140420
extFluc,5,30,18,9.5000,0.126877
extFluc,5,30,19,10.0000,0.124089
extFluc,5,30,20,10.5000,0.123343
extFluc,5,30,21,11.0000,0.116901
extFluc,5,30,22,11.5000,0.123134
extFluc,5,30,23,12.0000,0.120663
extFluc,5,30,24,12.5000,0.124020
extFluc,5,30,25,13.0000,0.123501
extFluc,5,30,26,13.5000,0.127261
extFluc,5,30,27,14.0000,0.125545
extFluc,5,30,28,14.5000,0.125599
extFluc,5,30,29,15.0000,0.131526
extFluc,5,30,30,15.5000,0.133386
extFluc,5,30,31,16.0000,0.132523
extFluc,5,30,32,16.5000,0.130547
extFluc,5,30,33,17.0000,0.125382
extFluc,5,30,34,17.5000,0.121638
extFluc,5,30,35,18.0000,0.117105
extFluc,5,30,36,18.5000,0.115782
extFluc,5,30,37,19.0000,0.118489
extFluc,5,30,38,19.5000,0.123221
extFluc,5,30,39,20.0000,0.118084
extFluc,5,30,40,20.5000,0.112813
extFluc,5,30,41,21.0000,0.113697
extFluc,5,30,42,21.5000,0.112744
extFluc,5,30,43,22.0000,0.112482
extFluc,5,30,44,22.5000,0.111468
extFluc,5,30,45,23.0000,0.106989
extFluc,5,30,46,23.5000,0.105468
extFluc,5,30,47,24.0000,0.104338
extFluc,5,30,48,24.5000,0.101398
extFluc,5,30,49,25.0000,0.096100
extFluc,5,30,50,25.5000,0.094172
extFluc,5,30,51,26.0000,0.096896
extFluc,5,30,52,26.5000,0.099208
extFluc,5,30,53,27.0000,0.098080
extFluc,5,30,54,27.5000,0.096069
extFluc,5,30,55,28.0000,0.091999
extFluc,5,30,56,28.5000,0.093479
extFluc,5,30,57,29.0000,0.093834
extFluc,5,30,58,29.5000,0.097097
extFluc,5,30,59,30.0000,0.092858
extFluc,5,30,60,30.5000,0.090951
extFluc,5,30,61,31.0000,0.090737
extFluc,5,30,62,31.5000,0.090825
extFluc,5,30,63,32.0000,0.095001
extFluc,5,30,64,32.5000,0.093923
extFluc,5,30,65,33.0000,0.093228
extFluc,5,30,66,33.5000,0.091774
extFluc,5,30,67,34.0000,0.088918
extFluc,5,30,68,34.5000,0.084462
extFluc,5,30,69,35.0000,0.082758
extFluc,5,30,70,35.5000,0.083699
extFluc,5,30,71,36.0000,0.083504
extFluc,5,30,72,36.5000,0.082604
extFluc,5,30,73,37.0000,0.081020
extFluc,5,30,74,37.5000,0.082624
extFluc,5,30,75,38.0000,0.083121
extFluc,5,30,76,38.5000,0.084028
extFluc,5,30,77,39.0000,0.084466
extFluc,5,30,78,39.5000,0.085678
extFluc,5,30,79,40.0000,0.086185
extFluc,5,30,80,40.5000,0.084806
extFluc,5,30,81,41.0000,0.083458
extFluc,5,30,82,41.5000,0.080813
extFluc,5,30,83,42.0000,0.078235
extFluc,5,30,84,42.5000,0.080889
extFluc,5,30,85,43.0000,0.078691
extFluc,5,30,86,43.5000,0.076419
extFluc,5,30,87,44.0000,0.076682
extFluc,5,30,88,44.5000,0.077140
extFluc,5,30,89,45.0000,0.075735
extFluc,5,30,90,45.5000,0.077686
extFluc,5,30,91,46.0000,0.079513
extFluc,5,30,92,46.5000,0.078827
extFluc,5,30,93,47.0000,0.076557
extFluc,5,30,94,47.5000,0.075086
extFluc,5,30,95,48.0000,0.074881
extFluc,5,30,96,48.5000,0.073996
extFluc,5,30,97,49.0000,0.073550
extFluc,5,30,98,49.5000,0.075136
extFluc,5,30,99,50.0000,0.075053
extFluc,5,40,0,0.5000,5.473491
extFluc,5,40,1,1.0000,4.357612
extFluc,5,40,2,1.5000,3.574486
extFluc,5,40,3,2.0000,2.969290
extFluc,5,40,4,2.5000,2.665574
extFluc,5,40,5,3.0000,2.148236
extFluc,5,40,6,3.5000,1.561778
extFluc,5,40,7,4.0000,1.184928
extFluc,5,40,8,4.5000,0.822206
extFluc,5,40,9,5.0000,0.502193
extFluc,5,40,10,5.5000,0.306685
extFluc,5,40,11,6.0000,0.253341
extFluc,5,40,12,6.5000,0.128228
extFluc,5,40,13,7.0000,0.091439
extFluc,5,40,14,7.5000,0.088153
extFluc,5,40,15,8.0000,0.081330
extFluc,5,40,16,8.5000,0.080917
extFluc,5,40,17,9.0000,0.082951
extFluc,5,40,18,9.5000,0.081419
extFluc,5,40,19,10.0000,0.077834
extFluc,5,40,20,10.5000,0.080323
extFluc,5,40,21,11.0000,0.076687
extFluc,5,40,22,11.5000,0.076008
extFluc,5,40,23,12.0000,0.080333
extFluc,5,40,24,12.5000,0.079821
extFluc,5,40,25,13.0000,0.083040
extFluc,5,40,26,13.5000,0.083907
extFluc,5,40,27,14.0000,0.079822
extFluc,5,40,28,14.5000,0.074923
extFluc,5,40,29,15.0000,0.072566
extFluc,5,40,30,15.5000,0.070598
extFluc,5,40,31,16.0000,0.074251
extFluc,5,40,32,16.5000,0.071143
extFluc,5,40,33,17.0000,0.070837
extFluc,5,40,34,17.5000,0.066807
extFluc,5,40,35,18.0000,0.066566
extFluc,5,40,36,18.5000,0.063650
extFluc,5,40,37,19.0000,0.063198
extFluc,5,40,38,19.5000,0.060824
extFluc,5,40,39,20.0000,0.060831
extFluc,5,40,40,20.5000,0.060395
extFluc,5,40,41,21.0000,0.059563
extFluc,5,40,42,21.5000,0.058640
extFluc,5,40,43,22.0000,0.057313
extFluc,5,40,44,22.5000,0.058194
extFluc,5,40,45,23.0000,0.061064
extFluc,5,40,46,23.5000,0.058232
extFluc,5,40,47,24.0000,0.057266
extFluc,5,40,48,24.5000,0.055143
extFluc,5,40,49,25.0000,0.055295
extFluc,5,40,50,25.5000,0.054409
extFluc,5,40,51,26.0000,0.053764
extFluc,5,40,52,26.5000,0.053438
extFluc,5,40,53,27.0000,0.053179
extFluc,5,40,54,27.5000,0.053403
extFluc,5,40,55,28.0000,0.054956
extFluc,5,40,56,28.5000,0.055402
extFluc,5,40,57,29.0000,0.054858
extFluc,5,40,58,29.5000,0.054730
extFluc,5,40,59,30.0000,0.052961
extFluc,5,40,60,30.5000,0.051805
extFluc,5,40,61,31.0000,0.050372
extFluc,5,40,62,31.5000,0.050535
extFluc,5,40,63,32.0000,0.049889
extFluc,5,40,64,32.5000,0.048871
extFluc,5,40,65,33.0000,0.048997
extFluc,5,40,66,33.5000,0.048951
extFluc,5,40,67,34.0000,0.048599
extFluc,5,40,68,34.5000,0.048841
extFluc,5,40,69,35.0000,0.048006
extFluc,5,40,70,35.5000,0.047814
extFluc,5,40,71,36.0000,0.047952
extFluc,5,40,72,36.5000,0.048123
extFluc,5,40,73,37.0000,0.047629
extFluc,5,40,74,37.5000,0.048545
extFluc,5,40,75,38.0000,0.047735
extFluc,5,40,76,38.5000,0.048162
extFluc,5,40,77,39.0000,0.048915
extFluc,5,40,78,39.5000,0.049426
extFluc,5,40,79,40.0000,0.049788
extFluc,5,40,80,40.5000,0.049559
extFluc,5,40,81,41.0000,0.049339
extFluc,5,40,82,41.5000,0.049258
extFluc,5,40,83,42.0000,0.049296
extFluc,5,40,84,42.5000,0.049638
extFluc,5,40,85,43.0000,0.049475
extFluc,5,40,86,43.5000,0.050183
extFluc,5,40,87,44.0000,0.050243
extFluc,5,40,88,44.5000,0.052782
extFluc,5,40,89,45.0000,0.053989
extFluc,5,40,90,45.5000,0.053870
extFluc,5,40,91,46.0000,0.053112
extFluc,5,40,92,46.5000,0.054955
extFluc,5,40,93,47.0000,0.055458
extFluc,5,40,94,47.5000,0.053788
extFluc,5,40,95,48.0000,0.053938
extFluc,5,40,96,48.5000,0.052622
extFluc,5,40,97,49.0000,0.052915
extFluc,5,40,98,49.5000,0.052315
extFluc,5,40,99,50.0000,0.051113
extFluc,5,50,0,0.5000,5.661724
extFluc,5,50,1,1.0000,5.020400
extFluc,5,50,2,1.5000,3.861632
extFluc,5,50,3,2.0000,3.042795
extFluc,5,50,4,2.5000,2.372932
extFluc,5,50,5,3.0000,1.844548
extFluc,5,50,6,3.5000,1.548191
extFluc,5,50,7,4.0000,1.072671
extFluc,5,50,8,4.5000,0.761187
extFluc,5,50,9,5.0000,0.536069
extFluc,5,50,10,5.5000,0.356865
extFluc,5,50,11,6.0000,0.219914
extFluc,5,50,12,6.5000,0.144511
extFluc,5,50,13,7.0000,0.104293
extFluc,5,50,14,7.5000,0.080833
extFluc,5,50,15,8.0000,0.074831
extFluc,5,50,16,8.5000,0.071442
extFluc,5,50,17,9.0000,0.068840
extFluc,5,50,18,9.5000,0.066814
extFluc,5,50,19,10.0000,0.069549
extFluc,5,50,20,10.5000,0.070251
extFluc,5,50,21,11.0000,0.071586
extFluc,5,50,22,11.5000,0.067402
extFluc,5,50,23,12.0000,0.061246
extFluc,5,50,24,12.5000,0.058857
extFluc,5,50,25,13.0000,0.058070
extFluc,5,50,26,13.5000,0.057327
extFluc,5,50,27,14.0000,0.056507
extFluc,5,50,28,14.5000,0.058376
extFluc,5,50,29,15.0000,0.057475
extFluc,5,50,30,15.5000,0.059396
extFluc,5,50,31,16.0000,0.059798
extFluc,5,50,32,16.5000,0.057555
extFluc,5,50,33,17.0000,0.053207
extFluc,5,50,34,17.5000,0.057393
extFluc,5,50,35,18.0000,0.055529
extFluc,5,50,36,18.5000,0.052435
extFluc,5,50,37,19.0000,0.048473
extFluc,5,50,38,19.5000,0.047821
extFluc,5,50,39,20.0000,0.047446
extFluc,5,50,40,20.5000,0.047542
extFluc,5,50,41,21.0000,0.047713
extFluc,5,50,42,21.5000,0.048395
extFluc,5,50,43,22.0000,0.047964
extFluc,5,50,44,22.5000,0.049375
extFluc,5,50,45,23.0000,0.051995
extFluc,5,50,46,23.5000,0.048011
extFluc,5,50,47,24.0000,0.046187
extFluc,5,50,48,24.5000,0.045765
extFluc,5,50,49,25.0000,0.046324
extFluc,5,50,50,25.5000,0.045764
extFluc,5,50,51,26.0000,0.046629
extFluc,5,50,52,26.5000,0.045448
extFluc,5,50,53,27.0000,0.044434
extFluc,5,50,54,27.5000,0.044375
extFluc,5,50,55,28.0000,0.043995
extFluc,5,50,56,28.5000,0.043389
extFluc,5,50,57,29.0000,0.042584
extFluc,5,50,58,29.5000,0.042096
extFluc,5,50,59,30.0000,0.042215
extFluc,5,50,60,30.5000,0.042780
extFluc,5,50,61,31.0000,0.042849
extFluc,5,50,62,31.5000,0.043406
extFluc,5,50,63,32.0000,0.042827
extFluc,5,50,64,32.5000,0.042560
extFluc,5,50,65,33.0000,0.043348
extFluc,5,50,66,33.5000,0.043453
extFluc,5,50,67,34.0000,0.043703
extFluc,5,50,68,34.5000,0.043266
extFluc,5,50,69,35.0000,0.043307
extFluc,5,50,70,35.5000,0.043284
extFluc,5,50,71,36.0000,0.042813
extFluc,5,50,72,36.5000,0.043002
extFluc,5,50,73,37.0000,0.042719
extFluc,5,50,74,37.5000,0.043332
extFluc,5,50,75,38.0000,0.043330
extFluc,5,50,76,38.5000,0.042272
extFluc,5,50,77,39.0000,0.043106
extFluc,5,50,78,39.5000,0.043952
extFluc,5,50,79,40.0000,0.044063
extFluc,5,50,80,40.5000,0.044039
extFluc,5,50,81,41.0000,0.045754
extFluc,5,50,82,41.5000,0.046740
extFluc,5,50,83,42.0000,0.045789
extFluc,5,50,84,42.5000,0.044249
extFluc,5,50,85,43.0000,0.044362
extFluc,5,50,86,43.5000,0.043232
extFluc,5,50,87,44.0000,0.042896
extFluc,5,50,88,44.5000,0.042459
extFluc,5,50,89,45.0000,0.043153
extFluc,5,50,90,45.5000,0.042699
extFluc,5,50,91,46.0000,0.043175
extFluc,5,50,92,46.5000,0.043823
extFluc,5,50,93,47.0000,0.044589
extFluc,5,50,94,47.5000,0.042972
extFluc,5,50,95,48.0000,0.043111
extFluc,5,50,96,48.5000,0.042982
extFluc,5,50,97,49.0000,0.043524
extFluc,5,50,98,49.5000,0.043791
extFluc,5,50,99,50.0000,0.045730
extTime,1000,10,0,0.5000,6.498189
extTime,1000,10,1,1.0000,5.690755
extTime,1000,10,2,1.5000,4.013221
extTime,1000,10,3,2.0000,3.425899
extTime,1000,10,4,2.5000,2.814786
extTime,1000,10,5,3.0000,2.376106
extTime,1000,10,6,3.5000,1.972484
extTime,1000,10,7,4.0000,1.846298
extTime,1000,10,8,4.5000,1.436847
extTime,1000,10,9,5.0000,1.214248
extTime,1000,10,10,5.5000,1.052388
extTime,1000,10,11,6.0000,0.660700
extTime,1000,10,12,6.5000,0.410264
extTime,1000,10,13,7.0000,0.273355
extTime,1000,10,14,7.5000,0.233734
extTime,1000,10,15,8.0000,0.189113
extTime,1000,10,16,8.5000,0.163801
extTime,1000,10,17,9.0000,0.154677
extTime,1000,10,18,9.5000,0.139363
extTime,1000,10,19,10.0000,0.138448
extTime,1000,10,20,10.5000,0.137210
extTime,1000,10,21,11.0000,0.148514
extTime,1000,10,22,11.5000,0.148469
extTime,1000,10,23,12.0000,0.148900
extTime,1000,10,24,12.5000,0.152347
extTime,1000,10,25,13.0000,0.146497
extTime,1000,10,26,13.5000,0.147792
extTime,1000,10,27,14.0000,0.142815
extTime,1000,10,28,14.5000,0.148858
extTime,1000,10,29,15.0000,0.118948
extTime,1000,10,30,15.5000,0.114555
extTime,1000,10,31,16.0000,0.109932
extTime,1000,10,32,16.5000,0.107919
extTime,1000,10,33,17.0000,0.106565
extTime,1000,10,34,17.5000,0.104114
extTime,1000,10,35,18.0000,0.098534
extTime,1000,10,36,18.5000,0.092771
extTime,1000,10,37,19.0000,0.086032
extTime,1000,10,38,19.5000,0.086434
extTime,1000,10,39,20.0000,0.091101
extTime,1000,10,40,20.5000,0.083703
extTime,1000,10,41,21.0000,0.082660
extTime,1000,10,42,21.5000,0.098609
extTime,1000,10,43,22.0000,0.098943
extTime,1000,10,44,22.5000,0.106314
extTime,1000,10,45,23.0000,0.110906
extTime,1000,10,46,23.5000,0.107725
extTime,1000,10,47,24.0000,0.113973
extTime,1000,10,48,24.5000,0.114073
extTime,1000,10,49,25.0000,0.108842
extTime,1000,10,50,25.5000,0.107489
extTime,1000,10,51,26.0000,0.106184
extTime,1000,10,52,26.5000,0.124563
extTime,1000,10,53,27.0000,0.123955
extTime,1000,10,54,27.5000,0.107873
extTime,1000,10,55,28.0000,0.107862
extTime,1000,10,56,28.5000,0.106959
extTime,1000,10,57,29.0000,0.113106
extTime,1000,10,58,29.5000,0.112436
extTime,1000,10,59,30.0000,0.110487
extTime,1000,10,60,30.5000,0.105149
extTime,1000,10,61,31.0000,0.104552
extTime,1000,10,62,31.5000,0.103165
extTime,1000,10,63,32.0000,0.101179
extTime,1000,10,64,32.5000,0.101623
extTime,1000,10,65,33.0000,0.098719
extTime,1000,10,66,33.5000,0.096972
extTime,1000,10,67,34.0000,0.099626
extTime,1000,10,68,34.5000,0.098804
extTime,1000,10,69,35.0000,0.087861
extTime,1000,10,70,35.5000,0.082133
extTime,1000,10,71,36.0000,0.078766
extTime,1000,10,72,36.5000,0.077667
extTime,1000,10,73,37.0000,0.082406
extTime,1000,10,74,37.5000,0.089410
extTime,1000,10,75,38.0000,0.088179
extTime,1000,10,76,38.5000,0.096663
extTime,1000,10,77,39.0000,0.096021
extTime,1000,10,78,39.5000,0.095672
extTime,1000,10,79,40.0000,0.091835
extTime,1000,10,80,40.5000,0.082228
extTime,1000,10,81,41.0000,0.082968
extTime,1000,10,82,41.5000,0.089450
extTime,1000,10,83,42.0000,0.089172
extTime,1000,10,84,42.5000,0.087685
extTime,1000,10,85,43.0000,0.090077
extTime,1000,10,86,43.5000,0.088433
extTime,1000,10,87,44.0000,0.088004
extTime,1000,10,88,44.5000,0.081547
extTime,1000,10,89,45.0000,0.081856
extTime,1000,10,90,45.5000,0.080173
extTime,1000,10,91,46.0000,0.084062
extTime,1000,10,92,46.5000,0.082754
extTime,1000,10,93,47.0000,0.085691
extTime,1000,10,94,47.5000,0.085530
extTime,1000,10,95,48.0000,0.081329
extTime,1000,10,96,48.5000,0.060592
extTime,1000,10,97,49.0000,0.059624
extTime,1000,10,98,49.5000,0.059919
extTime,1000,10,99,50.0000,0.055383
extTime,1000,20,0,0.5000,6.521138
extTime,1000,20,1,1.0000,5.528511
extTime,1000,20,2,1.5000,4.398282
extTime,1000,20,3,2.0000,3.756360
extTime,1000,20,4,2.5000,3.258804
extTime,1000,20,5,3.0000,2.743417
extTime,1000,20,6,3.5000,2.276505
extTime,1000,20,7,4.0000,1.993588
extTime,1000,20,8,4.5000,1.652333
extTime,1000,20,9,5.0000,1.174341
extTime,1000,20,10,5.5000,0.859589
extTime,1000,20,11,6.0000,0.529683
extTime,1000,20,12,6.5000,0.316305
extTime,1000,20,13,7.0000,0.167142
extTime,1000,20,14,7.5000,0.147551
extTime,1000,20,15,8.0000,0.136520
extTime,1000,20,16,8.5000,0.122047
extTime,1000,20,17,9.0000,0.117525
extTime,1000,20,18,9.5000,0.112938
extTime,1000,20,19,10.0000,0.111855
extTime,1000,20,20,10.5000,0.109960
extTime,1000,20,21,11.0000,0.107389
extTime,1000,20,22,11.5000,0.102754
extTime,1000,20,23,12.0000,0.101387
extTime,1000,20,24,12.5000,0.098699
extTime,1000,20,25,13.0000,0.094518
extTime,1000,20,26,13.5000,0.092732
extTime,1000,20,27,14.0000,0.089924
extTime,1000,20,28,14.5000,0.087768
extTime,1000,20,29,15.0000,0.082218
extTime,1000,20,30,15.5000,0.080840
extTime,1000,20,31,16.0000,0.081243
extTime,1000,20,32,16.5000,0.081516
extTime,1000,20,33,17.0000,0.077462
extTime,1000,20,34,17.5000,0.080560
extTime,1000,20,35,18.0000,0.076652
extTime,1000,20,36,18.5000,0.075438
extTime,1000,20,37,19.0000,0.073946
extTime,1000,20,38,19.5000,0.078429
extTime,1000,20,39,20.0000,0.078631
extTime,1000,20,40,20.5000,0.087214
extTime,1000,20,41,21.0000,0.085326
extTime,1000,20,42,21.5000,0.082875
extTime,1000,20,43,22.0000,0.081028
extTime,1000,20,44,22.5000,0.080403
extTime,1000,20,45,23.0000,0.088485
extTime,1000,20,46,23.5000,0.081782
extTime,1000,20,47,24.0000,0.084709
extTime,1000,20,48,24.5000,0.084171
extTime,1000,20,49,25.0000,0.084377
extTime,1000,20,50,25.5000,0.081884
extTime,1000,20,51,26.0000,0.081499
extTime,1000,20,52,26.5000,0.082648
extTime,1000,20,53,27.0000,0.082567
extTime,1000,20,54,27.5000,0.083244
extTime,1000,20,55,28.0000,0.086111
extTime,1000,20,56,28.5000,0.087194
extTime,1000,20,57,29.0000,0.085650
extTime,1000,20,58,29.5000,0.086249
extTime,1000,20,59,30.0000,0.086335
extTime,1000,20,60,30.5000,0.085273
extTime,1000,20,61,31.0000,0.085837
extTime,1000,20,62,31.5000,0.106460
extTime,1000,20,63,32.0000,0.109906
extTime,1000,20,64,32.5000,0.061457
extTime,1000,20,65,33.0000,0.061684
extTime,1000,20,66,33.5000,0.059740
extTime,1000,20,67,34.0000,0.059134
extTime,1000,20,68,34.5000,0.060816
extTime,1000,20,69,35.0000,0.059911
extTime,1000,20,70,35.5000,0.059869
extTime,1000,20,71,36.0000,0.051325
extTime,1000,20,72,36.5000,0.050566
extTime,1000,20,73,37.0000,0.049818
extTime,1000,20,74,37.5000,0.049327
extTime,1000,20,75,38.0000,0.049311
extTime,1000,20,76,38.5000,0.049110
extTime,1000,20,77,39.0000,0.048697
extTime,1000,20,78,39.5000,0.048255
extTime,1000,20,79,40.0000,0.047703
extTime,1000,20,80,40.5000,0.047240
extTime,1000,20,81,41.0000,0.046906
extTime,1000,20,82,41.5000,0.046666
extTime,1000,20,83,42.0000,0.046018
extTime,1000,20,84,42.5000,0.045816
extTime,1000,20,85,43.0000,0.045500
extTime,1000,20,86,43.5000,0.045091
extTime,1000,20,87,44.0000,0.044731
extTime,1000,20,88,44.5000,0.044552
extTime,1000,20,89,45.0000,0.044205
extTime,1000,20,90,45.5000,0.044622
extTime,1000,20,91,46.0000,0.043868
extTime,1000,20,92,46.5000,0.043529
extTime,1000,20,93,47.0000,0.043388
extTime,1000,20,94,47.5000,0.043665
extTime,1000,20,95,48.0000,0.043485
extTime,1000,20,96,48.5000,0.042991
extTime,1000,20,97,49.0000,0.042901
extTime,1000,20,98,49.5000,0.044436
extTime,1000,20,99,50.0000,0.046188
extTime,1000,30,0,0.5000,6.530092
extTime,1000,30,1,1.0000,5.360350
extTime,1000,30,2,1.5000,4.495401
extTime,1000,30,3,2.0000,3.889108
extTime,1000,30,4,2.5000,3.186603
extTime,1000,30,5,3.0000,2.769956
extTime,1000,30,6,3.5000,1.909887
extTime,1000,30,7,4.0000,1.313658
extTime,1000,30,8,4.5000,1.042959
extTime,1000,30,9,5.0000,0.714454
extTime,1000,30,10,5.5000,0.430410
extTime,1000,30,11,6.0000,0.323851
extTime,1000,30,12,6.5000,0.196947
extTime,1000,30,13,7.0000,0.142519
extTime,1000,30,14,7.5000,0.131500
extTime,1000,30,15,8.0000,0.136651
extTime,1000,30,16,8.5000,0.116471
extTime,1000,30,17,9.0000,0.113419
extTime,1000,30,18,9.5000,0.111989
extTime,1000,30,19,10.0000,0.108325
extTime,1000,30,20,10.5000,0.106336
extTime,1000,30,21,11.0000,0.102472
extTime,1000,30,22,11.5000,0.099656
extTime,1000,30,23,12.0000,0.097005
extTime,1000,30,24,12.5000,0.094498
extTime,1000,30,25,13.0000,0.093888
extTime,1000,30,26,13.5000,0.094476
extTime,1000,30,27,14.0000,0.107140
extTime,1000,30,28,14.5000,0.099236
extTime,1000,30,29,15.0000,0.100587
extTime,1000,30,30,15.5000,0.100025
extTime,1000,30,31,16.0000,0.098427
extTime,1000,30,32,16.5000,0.096535
extTime,1000,30,33,17.0000,0.092712
extTime,1000,30,34,17.5000,0.081707
extTime,1000,30,35,18.0000,0.074904
extTime,1000,30,36,18.5000,0.074109
extTime,1000,30,37,19.0000,0.073359
extTime,1000,30,38,19.5000,0.072415
extTime,1000,30,39,20.0000,0.070767
extTime,1000,30,40,20.5000,0.069463
extTime,1000,30,41,21.0000,0.068330
extTime,1000,30,42,21.5000,0.067842
extTime,1000,30,43,22.0000,0.068601
extTime,1000,30,44,22.5000,0.078655
extTime,1000,30,45,23.0000,0.076128
extTime,1000,30,46,23.5000,0.075456
extTime,1000,30,47,24.0000,0.078409
extTime,1000,30,48,24.5000,0.078582
extTime,1000,30,49,25.0000,0.079775
extTime,1000,30,50,25.5000,0.066838
extTime,1000,30,51,26.0000,0.065328
extTime,1000,30,52,26.5000,0.064634
extTime,1000,30,53,27.0000,0.064603
extTime,1000,30,54,27.5000,0.063383
extTime,1000,30,55,28.0000,0.061261
extTime,1000,30,56,28.5000,0.062510
extTime,1000,30,57,29.0000,0.066882
extTime,1000,30,58,29.5000,0.066444
extTime,1000,30,59,30.0000,0.066945
extTime,1000,30,60,30.5000,0.066466
extTime,1000,30,61,31.0000,0.065920
extTime,1000,30,62,31.5000,0.067506
extTime,1000,30,63,32.0000,0.061960
extTime,1000,30,64,32.5000,0.057181
extTime,1000,30,65,33.0000,0.056761
extTime,1000,30,66,33.5000,0.059028
extTime,1000,30,67,34.0000,0.060966
extTime,1000,30,68,34.5000,0.063838
extTime,1000,30,69,35.0000,0.062631
extTime,1000,30,70,35.5000,0.062741
extTime,1000,30,71,36.0000,0.059463
extTime,1000,30,72,36.5000,0.057251
extTime,1000,30,73,37.0000,0.057531
extTime,1000,30,74,37.5000,0.057751
extTime,1000,30,75,38.0000,0.057391
extTime,1000,30,76,38.5000,0.056520
extTime,1000,30,77,39.0000,0.054098
extTime,1000,30,78,39.5000,0.052938
extTime,1000,30,79,40.0000,0.052879
extTime,1000,30,80,40.5000,0.050387
extTime,1000,30,81,41.0000,0.050510
extTime,1000,30,82,41.5000,0.049706
extTime,1000,30,83,42.0000,0.049995
extTime,1000,30,84,42.5000,0.049653
extTime,1000,30,85,43.0000,0.049592
extTime,1000,30,86,43.5000,0.049251
extTime,1000,30,87,44.0000,0.051342
extTime,1000,30,88,44.5000,0.051871
extTime,1000,30,89,45.0000,0.049457
extTime,1000,30,90,45.5000,0.055019
extTime,1000,30,91,46.0000,0.061624
extTime,1000,30,92,46.5000,0.060409
extTime,1000,30,93,47.0000,0.058542
extTime,1000,30,94,47.5000,0.056588
extTime,1000,30,95,48.0000,0.056347
extTime,1000,30,96,48.5000,0.054122
extTime,1000,30,97,49.0000,0.053958
extTime,1000,30,98,49.5000,0.053550
extTime,1000,30,99,50.0000,0.052655
extTime,1000,40,0,0.5000,6.891705
extTime,1000,40,1,1.0000,5.209814
extTime,1000,40,2,1.5000,4.510681
extTime,1000,40,3,2.0000,3.312809
extTime,1000,40,4,2.5000,2.175854
extTime,1000,40,5,3.0000,1.738244
extTime,1000,40,6,3.5000,1.432965
extTime,1000,40,7,4.0000,1.228799
extTime,1000,40,8,4.5000,0.907461
extTime,1000,40,9,5.0000,0.633975
extTime,1000,40,10,5.5000,0.487078
extTime,1000,40,11,6.0000,0.417308
extTime,1000,40,12,6.5000,0.270875
extTime,1000,40,13,7.0000,0.217365
extTime,1000,40,14,7.5000,0.246738
extTime,1000,40,15,8.0000,0.190505
extTime,1000,40,16,8.5000,0.202329
extTime,1000,40,17,9.0000,0.220895
extTime,1000,40,18,9.5000,0.211900
extTime,1000,40,19,10.0000,0.224367
extTime,1000,40,20,10.5000,0.226113
extTime,1000,40,21,11.0000,0.208073
extTime,1000,40,22,11.5000,0.201534
extTime,1000,40,23,12.0000,0.196472
extTime,1000,40,24,12.5000,0.206275
extTime,1000,40,25,13.0000,0.210480
extTime,1000,40,26,13.5000,0.200856
extTime,1000,40,27,14.0000,0.212211
extTime,1000,40,28,14.5000,0.194882
extTime,1000,40,29,15.0000,0.186941
extTime,1000,40,30,15.5000,0.177155
extTime,1000,40,31,16.0000,0.169648
extTime,1000,40,32,16.5000,0.129139
extTime,1000,40,33,17.0000,0.130202
extTime,1000,40,34,17.5000,0.140818
extTime,1000,40,35,18.0000,0.151033
extTime,1000,40,36,18.5000,0.151232
extTime,1000,40,37,19.0000,0.166862
extTime,1000,40,38,19.5000,0.166942
extTime,1000,40,39,20.0000,0.162838
extTime,1000,40,40,20.5000,0.162962
extTime,1000,40,41,21.0000,0.159292
extTime,1000,40,42,21.5000,0.140393
extTime,1000,40,43,22.0000,0.149997
extTime,1000,40,44,22.5000,0.148429
extTime,1000,40,45,23.0000,0.142466
extTime,1000,40,46,23.5000,0.135583
extTime,1000,40,47,24.0000,0.143951
extTime,1000,40,48,24.5000,0.147770
extTime,1000,40,49,25.0000,0.151276
extTime,1000,40,50,25.5000,0.146609
extTime,1000,40,51,26.0000,0.144448
extTime,1000,40,52,26.5000,0.147892
extTime,1000,40,53,27.0000,0.122147
extTime,1000,40,54,27.5000,0.120930
extTime,1000,40,55,28.0000,0.116945
extTime,1000,40,56,28.5000,0.117249
extTime,1000,40,57,29.0000,0.107550
extTime,1000,40,58,29.5000,0.108887
extTime,1000,40,59,30.0000,0.105153
extTime,1000,40,60,30.5000,0.105326
extTime,1000,40,61,31.0000,0.103150
extTime,1000,40,62,31.5000,0.093422
extTime,1000,40,63,32.0000,0.097845
extTime,1000,40,64,32.5000,0.101596
extTime,1000,40,65,33.0000,0.099048
extTime,1000,40,66,33.5000,0.096982
extTime,1000,40,67,34.0000,0.099831
extTime,1000,40,68,34.5000,0.098090
extTime,1000,40,69,35.0000,0.095349
extTime,1000,40,70,35.5000,0.093893
extTime,1000,40,71,36.0000,0.093423
extTime,1000,40,72,36.5000,0.090264
extTime,1000,40,73,37.0000,0.085606
extTime,1000,40,74,37.5000,0.093602
extTime,1000,40,75,38.0000,0.087170
extTime,1000,40,76,38.5000,0.085961
extTime,1000,40,77,39.0000,0.087245
extTime,1000,40,78,39.5000,0.086654
extTime,1000,40,79,40.0000,0.090426
extTime,1000,40,80,40.5000,0.092185
extTime,1000,40,81,41.0000,0.090638
extTime,1000,40,82,41.5000,0.091906
extTime,1000,40,83,42.0000,0.094002
extTime,1000,40,84,42.5000,0.096627
extTime,1000,40,85,43.0000,0.093643
extTime,1000,40,86,43.5000,0.094934
extTime,1000,40,87,44.0000,0.094966
extTime,1000,40,88,44.5000,0.092933
extTime,1000,40,89,45.0000,0.096519
extTime,1000,40,90,45.5000,0.091328
extTime,1000,40,91,46.0000,0.090867
extTime,1000,40,92,46.5000,0.088633
extTime,1000,40,93,47.0000,0.088744
extTime,1000,40,94,47.5000,0.089995
extTime,1000,40,95,48.0000,0.089598
extTime,1000,40,96,48.5000,0.089337
extTime,1000,40,97,49.0000,0.087776
extTime,1000,40,98,49.5000,0.088391
extTime,1000,40,99,50.0000,0.087023
extTime,1000,50,0,0.5000,6.319066
extTime,1000,50,1,1.0000,4.855754
extTime,1000,50,2,1.5000,4.050773
extTime,1000,50,3,2.0000,3.485934
extTime,1000,50,4,2.5000,2.880737
extTime,1000,50,5,3.0000,2.126088
extTime,1000,50,6,3.5000,1.609673
extTime,1000,50,7,4.0000,1.128875
extTime,1000,50,8,4.5000,0.819200
extTime,1000,50,9,5.0000,0.659653
extTime,1000,50,10,5.5000,0.439367
extTime,1000,50,11,6.0000,0.345799
extTime,1000,50,12,6.5000,0.335788
extTime,1000,50,13,7.0000,0.161531
extTime,1000,50,14,7.5000,0.157985
extTime,1000,50,15,8.0000,0.140729
extTime,1000,50,16,8.5000,0.113678
extTime,1000,50,17,9.0000,0.111369
extTime,1000,50,18,9.5000,0.109120
extTime,1000,50,19,10.0000,0.104507
extTime,1000,50,20,10.5000,0.101103
extTime,1000,50,21,11.0000,0.103998
extTime,1000,50,22,11.5000,0.098095
extTime,1000,50,23,12.0000,0.095028
extTime,1000,50,24,12.5000,0.095328
extTime,1000,50,25,13.0000,0.092751
extTime,1000,50,26,13.5000,0.094764
extTime,1000,50,27,14.0000,0.103538
extTime,1000,50,28,14.5000,0.103777
extTime,1000,50,29,15.0000,0.097364
extTime,1000,50,30,15.5000,0.092028
extTime,1000,50,31,16.0000,0.086435
extTime,1000,50,32,16.5000,0.085077
extTime,1000,50,33,17.0000,0.088992
extTime,1000,50,34,17.5000,0.083714
extTime,1000,50,35,18.0000,0.077274
extTime,1000,50,36,18.5000,0.075996
extTime,1000,50,37,19.0000,0.075559
extTime,1000,50,38,19.5000,0.075570
extTime,1000,50,39,20.0000,0.075918
extTime,1000,50,40,20.5000,0.073481
extTime,1000,50,41,21.0000,0.073028
extTime,1000,50,42,21.5000,0.071951
extTime,1000,50,43,22.0000,0.070591
extTime,1000,50,44,22.5000,0.069827
extTime,1000,50,45,23.0000,0.068053
extTime,1000,50,46,23.5000,0.073240
extTime,1000,50,47,24.0000,0.069389
extTime,1000,50,48,24.5000,0.075185
extTime,1000,50,49,25.0000,0.076846
extTime,1000,50,50,25.5000,0.080155
extTime,1000,50,51,26.0000,0.077448
extTime,1000,50,52,26.5000,0.080163
extTime,1000,50,53,27.0000,0.081710
extTime,1000,50,54,27.5000,0.089849
extTime,1000,50,55,28.0000,0.094996
extTime,1000,50,56,28.5000,0.098871
extTime,1000,50,57,29.0000,0.099668
extTime,1000,50,58,29.5000,0.101374
extTime,1000,50,59,30.0000,0.100293
extTime,1000,50,60,30.5000,0.105820
extTime,1000,50,61,31.0000,0.105551
extTime,1000,50,62,31.5000,0.102771
extTime,1000,50,63,32.0000,0.103428
extTime,1000,50,64,32.5000,0.106192
extTime,1000,50,65,33.0000,0.112218
extTime,1000,50,66,33.5000,0.109042
extTime,1000,50,67,34.0000,0.110130
extTime,1000,50,68,34.5000,0.104525
extTime,1000,50,69,35.0000,0.111418
extTime,1000,50,70,35.5000,0.112691
extTime,1000,50,71,36.0000,0.102667
extTime,1000,50,72,36.5000,0.102924
extTime,1000,50,73,37.0000,0.103288
extTime,1000,50,74,37.5000,0.089766
extTime,1000,50,75,38.0000,0.089341
extTime,1000,50,76,38.5000,0.083455
extTime,1000,50,77,39.0000,0.095521
extTime,1000,50,78,39.5000,0.096822
extTime,1000,50,79,40.0000,0.095381
extTime,1000,50,80,40.5000,0.088615
extTime,1000,50,81,41.0000,0.090500
extTime,1000,50,82,41.5000,0.092274
extTime,1000,50,83,42.0000,0.056428
extTime,1000,50,84,42.5000,0.055399
extTime,1000,50,85,43.0000,0.052582
extTime,1000,50,86,43.5000,0.051697
extTime,1000,50,87,44.0000,0.052801
extTime,1000,50,88,44.5000,0.052338
extTime,1000,50,89,45.0000,0.053448
extTime,1000,50,90,45.5000,0.052727
extTime,1000,50,91,46.0000,0.054993
extTime,1000,50,92,46.5000,0.053967
extTime,1000,50,93,47.0000,0.056287
extTime,1000,50,94,47.5000,0.056120
extTime,1000,50,95,48.0000,0.055964
extTime,1000,50,96,48.5000,0.056330
extTime,1000,50,97,49.0000,0.059654
extTime,1000,50,98,49.5000,0.059631
extTime,1000,50,99,50.0000,0.060269
extTime,100,10,0,0.5000,6.036872
extTime,100,10,1,1.0000,4.921118
extTime,100,10,2,1.5000,4.065092
extTime,100,10,3,2.0000,3.375448
extTime,100,10,4,2.5000,2.650163
extTime,100,10,5,3.0000,2.129986
extTime,100,10,6,3.5000,1.496577
extTime,100,10,7,4.0000,1.058123
extTime,100,10,8,4.5000,0.741370
extTime,100,10,9,5.0000,0.534924
extTime,100,10,10,5.5000,0.363385
extTime,100,10,11,6.0000,0.208128
extTime,100,10,12,6.5000,0.124444
extTime,100,10,13,7.0000,0.103497
extTime,100,10,14,7.5000,0.100173
extTime,100,10,15,8.0000,0.103853
extTime,100,10,16,8.5000,0.099472
extTime,100,10,17,9.0000,0.096860
extTime,100,10,18,9.5000,0.093265
extTime,100,10,19,10.0000,0.089640
extTime,100,10,20,10.5000,0.090823
extTime,100,10,21,11.0000,0.083315
extTime,100,10,22,11.5000,0.078654
extTime,100,10,23,12.0000,0.071933
extTime,100,10,24,12.5000,0.072981
extTime,100,10,25,13.0000,0.071869
extTime,100,10,26,13.5000,0.071018
extTime,100,10,27,14.0000,0.068698
extTime,100,10,28,14.5000,0.067791
extTime,100,10,29,15.0000,0.066865
extTime,100,10,30,15.5000,0.065449
extTime,100,10,31,16.0000,0.066395
extTime,100,10,32,16.5000,0.066041
extTime,100,10,33,17.0000,0.062953
extTime,100,10,34,17.5000,0.061399
extTime,100,10,35,18.0000,0.059463
extTime,100,10,36,18.5000,0.058917
extTime,100,10,37,19.0000,0.058569
extTime,100,10,38,19.5000,0.058197
extTime,100,10,39,20.0000,0.059395
extTime,100,10,40,20.5000,0.058429
extTime,100,10,41,21.0000,0.061248
extTime,100,10,42,21.5000,0.062382
extTime,100,10,43,22.0000,0.064022
extTime,100,10,44,22.5000,0.062985
extTime,100,10,45,23.0000,0.059127
extTime,100,10,46,23.5000,0.057025
extTime,100,10,47,24.0000,0.054597
extTime,100,10,48,24.5000,0.053932
extTime,100,10,49,25.0000,0.054202
extTime,100,10,50,25.5000,0.053423
extTime,100,10,51,26.0000,0.053285
extTime,100,10,52,26.5000,0.052784
extTime,100,10,53,27.0000,0.051587
extTime,100,10,54,27.5000,0.050930
extTime,100,10,55,28.0000,0.050620
extTime,100,10,56,28.5000,0.050212
extTime,100,10,57,29.0000,0.051439
extTime,100,10,58,29.5000,0.050822
extTime,100,10,59,30.0000,0.051512
extTime,100,10,60,30.5000,0.049629
extTime,100,10,61,31.0000,0.048388
extTime,100,10,62,31.5000,0.049241
extTime,100,10,63,32.0000,0.049219
extTime,100,10,64,32.5000,0.048397
extTime,100,10,65,33.0000,0.048163
extTime,100,10,66,33.5000,0.048401
extTime,100,10,67,34.0000,0.048462
extTime,100,10,68,34.5000,0.048489
extTime,100,10,69,35.0000,0.047845
extTime,100,10,70,35.5000,0.048906
extTime,100,10,71,36.0000,0.048491
extTime,100,10,72,36.5000,0.048080
extTime,100,10,73,37.0000,0.047226
extTime,100,10,74,37.5000,0.046997
extTime,100,10,75,38.0000,0.046960
extTime,100,10,76,38.5000,0.046174
extTime,100,10,77,39.0000,0.045762
extTime,100,10,78,39.5000,0.045272
extTime,100,10,79,40.0000,0.045273
extTime,100,10,80,40.5000,0.045687
extTime,100,10,81,41.0000,0.045026
extTime,100,10,82,41.5000,0.044730
extTime,100,10,83,42.0000,0.044402
extTime,100,10,84,42.5000,0.043493
extTime,100,10,85,43.0000,0.043772
extTime,100,10,86,43.5000,0.043833
extTime,100,10,87,44.0000,0.043546
extTime,100,10,88,44.5000,0.043342
extTime,100,10,89,45.0000,0.042893
extTime,100,10,90,45.5000,0.043142
extTime,100,10,91,46.0000,0.042972
extTime,100,10,92,46.5000,0.042697
extTime,100,10,93,47.0000,0.042221
extTime,100,10,94,47.5000,0.041993
extTime,100,10,95,48.0000,0.042385
extTime,100,10,96,48.5000,0.041954
extTime,100,10,97,49.0000,0.042117
extTime,100,10,98,49.5000,0.041642
extTime,100,10,99,50.0000,0.041283
extTime,100,20,0,0.5000,6.121440
extTime,100,20,1,1.0000,4.506338
extTime,100,20,2,1.5000,3.985579
extTime,100,20,3,2.0000,3.400526
extTime,100,20,4,2.5000,2.722329
extTime,100,20,5,3.0000,2.121989
extTime,100,20,6,3.5000,1.735593
extTime,100,20,7,4.0000,1.280885
extTime,100,20,8,4.5000,0.925372
extTime,100,20,9,5.0000,0.681240
extTime,100,20,10,5.5000,0.428212
extTime,100,20,11,6.0000,0.248165
extTime,100,20,12,6.5000,0.200274
extTime,100,20,13,7.0000,0.181678
extTime,100,20,14,7.5000,0.131844
extTime,100,20,15,8.0000,0.132274
extTime,100,20,16,8.5000,0.105390
extTime,100,20,17,9.0000,0.098741
extTime,100,20,18,9.5000,0.097835
extTime,100,20,19,10.0000,0.088399
extTime,100,20,20,10.5000,0.085917
extTime,100,20,21,11.0000,0.080361
extTime,100,20,22,11.5000,0.082617
extTime,100,20,23,12.0000,0.085196
extTime,100,20,24,12.5000,0.076980
extTime,100,20,25,13.0000,0.075000
extTime,100,20,26,13.5000,0.072685
extTime,100,20,27,14.0000,0.067092
extTime,100,20,28,14.5000,0.069366
extTime,100,20,29,15.0000,0.066734
extTime,100,20,30,15.5000,0.064688
extTime,100,20,31,16.0000,0.064471
extTime,100,20,32,16.5000,0.065215
extTime,100,20,33,17.0000,0.063944
extTime,100,20,34,17.5000,0.066344
extTime,100,20,35,18.0000,0.067661
extTime,100,20,36,18.5000,0.072763
extTime,100,20,37,19.0000,0.073958
extTime,100,20,38,19.5000,0.073304
extTime,100,20,39,20.0000,0.067670
extTime,100,20,40,20.5000,0.063590
extTime,100,20,41,21.0000,0.069179
extTime,100,20,42,21.5000,0.074576
extTime,100,20,43,22.0000,0.067678
extTime,100,20,44,22.5000,0.068829
extTime,100,20,45,23.0000,0.068762
extTime,100,20,46,23.5000,0.073046
extTime,100,20,47,24.0000,0.070939
extTime,100,20,48,24.5000,0.075028
extTime,100,20,49,25.0000,0.071070
extTime,100,20,50,25.5000,0.067568
extTime,100,20,51,26.0000,0.069355
extTime,100,20,52,26.5000,0.064354
extTime,100,20,53,27.0000,0.060741
extTime,100,20,54,27.5000,0.059777
extTime,100,20,55,28.0000,0.061343
extTime,100,20,56,28.5000,0.058018
extTime,100,20,57,29.0000,0.055633
extTime,100,20,58,29.5000,0.053327
extTime,100,20,59,30.0000,0.055435
extTime,100,20,60,30.5000,0.055439
extTime,100,20,61,31.0000,0.058714
extTime,100,20,62,31.5000,0.056353
extTime,100,20,63,32.0000,0.057432
extTime,100,20,64,32.5000,0.055890
extTime,100,20,65,33.0000,0.056353
extTime,100,20,66,33.5000,0.057805
extTime,100,20,67,34.0000,0.057806
extTime,100,20,68,34.5000,0.055073
extTime,100,20,69,35.0000,0.055280
extTime,100,20,70,35.5000,0.054095
extTime,100,20,71,36.0000,0.053616
extTime,100,20,72,36.5000,0.051327
extTime,100,20,73,37.0000,0.049150
extTime,100,20,74,37.5000,0.049124
extTime,100,20,75,38.0000,0.048896
extTime,100,20,76,38.5000,0.050999
extTime,100,20,77,39.0000,0.048417
extTime,100,20,78,39.5000,0.047124
extTime,100,20,79,40.0000,0.047635
extTime,100,20,80,40.5000,0.045276
extTime,100,20,81,41.0000,0.047542
extTime,100,20,82,41.5000,0.045630
extTime,100,20,83,42.0000,0.045104
extTime,100,20,84,42.5000,0.045348
extTime,100,20,85,43.0000,0.045623
extTime,100,20,86,43.5000,0.043990
extTime,100,20,87,44.0000,0.041746
extTime,100,20,88,44.5000,0.042761
extTime,100,20,89,45.0000,0.040278
extTime,100,20,90,45.5000,0.038417
extTime,100,20,91,46.0000,0.038257
extTime,100,20,92,46.5000,0.038754
extTime,100,20,93,47.0000,0.037328
extTime,100,20,94,47.5000,0.036322
extTime,100,20,95,48.0000,0.035985
extTime,100,20,96,48.5000,0.035101
extTime,100,20,97,49.0000,0.036133
extTime,100,20,98,49.5000,0.036081
extTime,100,20,99,50.0000,0.035511
extTime,100,30,0,0.5000,5.617459
extTime,100,30,1,1.0000,4.487623
extTime,100,30,2,1.5000,3.678261
extTime,100,30,3,2.0000,3.087785
extTime,100,30,4,2.5000,2.634986
extTime,100,30,5,3.0000,1.988470
extTime,100,30,6,3.5000,1.636801
extTime,100,30,7,4.0000,1.237340
extTime,100,30,8,4.5000,0.976271
extTime,100,30,9,5.0000,0.692707
extTime,100,30,10,5.5000,0.452140
extTime,100,30,11,6.0000,0.293370
extTime,100,30,12,6.5000,0.203066
extTime,100,30,13,7.0000,0.163212
extTime,100,30,14,7.5000,0.173512
extTime,100,30,15,8.0000,0.174177
extTime,100,30,16,8.5000,0.169983
extTime,100,30,17,9.0000,0.146765
extTime,100,30,18,9.5000,0.140119
extTime,100,30,19,10.0000,0.123545
extTime,100,30,20,10.5000,0.116472
extTime,100,30,21,11.0000,0.104915
extTime,100,30,22,11.5000,0.102442
extTime,100,30,23,12.0000,0.096418
extTime,100,30,24,12.5000,0.091901
extTime,100,30,25,13.0000,0.096264
extTime,100,30,26,13.5000,0.092056
extTime,100,30,27,14.0000,0.091624
extTime,100,30,28,14.5000,0.094909
extTime,100,30,29,15.0000,0.095371
extTime,100,30,30,15.5000,0.107681
extTime,100,30,31,16.0000,0.111869
extTime,100,30,32,16.5000,0.112119
extTime,100,30,33,17.0000,0.108971
extTime,100,30,34,17.5000,0.105267
extTime,100,30,35,18.0000,0.109349
extTime,100,30,36,18.5000,0.123993
extTime,100,30,37,19.0000,0.132923
extTime,100,30,38,19.5000,0.146177
extTime,100,30,39,20.0000,0.127511
extTime,100,30,40,20.5000,0.130618
extTime,100,30,41,21.0000,0.118439
extTime,100,30,42,21.5000,0.113305
extTime,100,30,43,22.0000,0.116719
extTime,100,30,44,22.5000,0.113498
extTime,100,30,45,23.0000,0.114165
extTime,100,30,46,23.5000,0.108265
extTime,100,30,47,24.0000,0.111526
extTime,100,30,48,24.5000,0.102941
extTime,100,30,49,25.0000,0.102966
extTime,100,30,50,25.5000,0.110523
extTime,100,30,51,26.0000,0.107944
extTime,100,30,52,26.5000,0.100681
extTime,100,30,53,27.0000,0.094216
extTime,100,30,54,27.5000,0.094476
extTime,100,30,55,28.0000,0.098554
extTime,100,30,56,28.5000,0.100140
extTime,100,30,57,29.0000,0.096311
extTime,100,30,58,29.5000,0.091457
extTime,100,30,59,30.0000,0.086483
extTime,100,30,60,30.5000,0.081425
extTime,100,30,61,31.0000,0.084087
extTime,100,30,62,31.5000,0.082184
extTime,100,30,63,32.0000,0.073785
extTime,100,30,64,32.5000,0.072394
extTime,100,30,65,33.0000,0.072779
extTime,100,30,66,33.5000,0.071430
extTime,100,30,67,34.0000,0.068475
extTime,100,30,68,34.5000,0.066343
extTime,100,30,69,35.0000,0.065474
extTime,100,30,70,35.5000,0.066524
extTime,100,30,71,36.0000,0.064386
extTime,100,30,72,36.5000,0.065750
extTime,100,30,73,37.0000,0.062892
extTime,100,30,74,37.5000,0.057754
extTime,100,30,75,38.0000,0.065338
extTime,100,30,76,38.5000,0.064000
extTime,100,30,77,39.0000,0.059491
extTime,100,30,78,39.5000,0.059070
extTime,100,30,79,40.0000,0.057186
extTime,100,30,80,40.5000,0.055166
extTime,100,30,81,41.0000,0.053582
extTime,100,30,82,41.5000,0.052270
extTime,100,30,83,42.0000,0.054418
extTime,100,30,84,42.5000,0.053299
extTime,100,30,85,43.0000,0.047674
extTime,100,30,86,43.5000,0.045867
extTime,100,30,87,44.0000,0.045262
extTime,100,30,88,44.5000,0.046119
extTime,100,30,89,45.0000,0.044550
extTime,100,30,90,45.5000,0.043866
extTime,100,30,91,46.0000,0.042132
extTime,100,30,92,46.5000,0.041447
extTime,100,30,93,47.0000,0.040283
extTime,100,30,94,47.5000,0.040666
extTime,100,30,95,48.0000,0.040367
extTime,100,30,96,48.5000,0.040138
extTime,100,30,97,49.0000,0.039313
extTime,100,30,98,49.5000,0.039917
extTime,100,30,99,50.0000,0.038959
extTime,100,40,0,0.5000,5.712797
extTime,100,40,1,1.0000,4.583660
extTime,100,40,2,1.5000,3.789194
extTime,100,40,3,2.0000,3.258006
extTime,100,40,4,2.5000,2.552133
extTime,100,40,5,3.0000,2.258341
extTime,100,40,6,3.5000,1.753310
extTime,100,40,7,4.0000,1.303399
extTime,100,40,8,4.5000,1.043065
extTime,100,40,9,5.0000,0.684151
extTime,100,40,10,5.5000,0.490538
extTime,100,40,11,6.0000,0.281272
extTime,100,40,12,6.5000,0.152804
extTime,100,40,13,7.0000,0.112115
extTime,100,40,14,7.5000,0.099702
extTime,100,40,15,8.0000,0.101202
extTime,100,40,16,8.5000,0.097183
extTime,100,40,17,9.0000,0.092290
extTime,100,40,18,9.5000,0.093061
extTime,100,40,19,10.0000,0.089773
extTime,100,40,20,10.5000,0.087576
extTime,100,40,21,11.0000,0.086061
extTime,100,40,22,11.5000,0.085497
extTime,100,40,23,12.0000,0.087480
extTime,100,40,24,12.5000,0.087672
extTime,100,40,25,13.0000,0.089856
extTime,100,40,26,13.5000,0.085172
extTime,100,40,27,14.0000,0.082336
extTime,100,40,28,14.5000,0.079449
extTime,100,40,29,15.0000,0.076204
extTime,100,40,30,15.5000,0.074655
extTime,100,40,31,16.0000,0.070948
extTime,100,40,32,16.5000,0.070963
extTime,100,40,33,17.0000,0.068740
extTime,100,40,34,17.5000,0.067781
extTime,100,40,35,18.0000,0.067664
extTime,100,40,36,18.5000,0.067402
extTime,100,40,37,19.0000,0.066910
extTime,100,40,38,19.5000,0.065229
extTime,100,40,39,20.0000,0.064023
extTime,100,40,40,20.5000,0.063326
extTime,100,40,41,21.0000,0.065930
extTime,100,40,42,21.5000,0.065052
extTime,100,40,43,22.0000,0.063305
extTime,100,40,44,22.5000,0.062929
extTime,100,40,45,23.0000,0.061771
extTime,100,40,46,23.5000,0.060638
extTime,100,40,47,24.0000,0.059196
extTime,100,40,48,24.5000,0.059368
extTime,100,40,49,25.0000,0.059500
extTime,100,40,50,25.5000,0.058893
extTime,100,40,51,26.0000,0.058549
extTime,100,40,52,26.5000,0.058012
extTime,100,40,53,27.0000,0.057819
extTime,100,40,54,27.5000,0.059302
extTime,100,40,55,28.0000,0.057650
extTime,100,40,56,28.5000,0.055647
extTime,100,40,57,29.0000,0.054983
extTime,100,40,58,29.5000,0.055796
extTime,100,40,59,30.0000,0.054554
extTime,100,40,60,30.5000,0.055705
extTime,100,40,61,31.0000,0.054776
extTime,100,40,62,31.5000,0.054849
extTime,100,40,63,32.0000,0.055143
extTime,100,40,64,32.5000,0.056349
extTime,100,40,65,33.0000,0.055516
extTime,100,40,66,33.5000,0.053979
extTime,100,40,67,34.0000,0.054685
extTime,100,40,68,34.5000,0.053819
extTime,100,40,69,35.0000,0.054233
extTime,100,40,70,35.5000,0.053084
extTime,100,40,71,36.0000,0.052221
extTime,100,40,72,36.5000,0.051493
extTime,100,40,73,37.0000,0.050372
extTime,100,40,74,37.5000,0.050071
extTime,100,40,75,38.0000,0.050024
extTime,100,40,76,38.5000,0.050094
extTime,100,40,77,39.0000,0.049875
extTime,100,40,78,39.5000,0.049502
extTime,100,40,79,40.0000,0.049009
extTime,100,40,80,40.5000,0.048513
extTime,100,40,81,41.0000,0.048617
extTime,100,40,82,41.5000,0.048772
extTime,100,40,83,42.0000,0.048481
extTime,100,40,84,42.5000,0.047721
extTime,100,40,85,43.0000,0.048865
extTime,100,40,86,43.5000,0.048257
extTime,100,40,87,44.0000,0.048285
extTime,100,40,88,44.5000,0.047580
extTime,100,40,89,45.0000,0.046677
extTime,100,40,90,45.5000,0.047716
extTime,100,40,91,46.0000,0.048024
extTime,100,40,92,46.5000,0.045880
extTime,100,40,93,47.0000,0.045211
extTime,100,40,94,47.5000,0.044749
extTime,100,40,95,48.0000,0.044279
extTime,100,40,96,48.5000,0.044693
extTime,100,40,97,49.0000,0.043902
extTime,100,40,98,49.5000,0.043575
extTime,100,40,99,50.0000,0.043393
extTime,100,50,0,0.5000,5.744812
extTime,100,50,1,1.0000,4.979400
extTime,100,50,2,1.5000,3.929779
extTime,100,50,3,2.0000,3.255666
extTime,100,50,4,2.5000,2.567570
extTime,100,50,5,3.0000,2.168911
extTime,100,50,6,3.5000,1.796178
extTime,100,50,7,4.0000,1.179609
extTime,100,50,8,4.5000,0.878430
extTime,100,50,9,5.0000,0.615074
extTime,100,50,10,5.5000,0.389274
extTime,100,50,11,6.0000,0.233938
extTime,100,50,12,6.5000,0.161210
extTime,100,50,13,7.0000,0.144278
extTime,100,50,14,7.5000,0.127391
extTime,100,50,15,8.0000,0.115332
extTime,100,50,16,8.5000,0.101371
extTime,100,50,17,9.0000,0.091225
extTime,100,50,18,9.5000,0.090776
extTime,100,50,19,10.0000,0.085040
extTime,100,50,20,10.5000,0.078585
extTime,100,50,21,11.0000,0.080443
extTime,100,50,22,11.5000,0.075509
extTime,100,50,23,12.0000,0.074560
extTime,100,50,24,12.5000,0.071540
extTime,100,50,25,13.0000,0.071264
extTime,100,50,26,13.5000,0.068902
extTime,100,50,27,14.0000,0.072315
extTime,100,50,28,14.5000,0.074389
extTime,100,50,29,15.0000,0.076089
extTime,100,50,30,15.5000,0.081812
extTime,100,50,31,16.0000,0.086705
extTime,100,50,32,16.5000,0.076442
extTime,100,50,33,17.0000,0.069024
extTime,100,50,34,17.5000,0.071491
extTime,100,50,35,18.0000,0.070200
extTime,100,50,36,18.5000,0.072926
extTime,100,50,37,19.0000,0.063628
extTime,100,50,38,19.5000,0.062104
extTime,100,50,39,20.0000,0.059443
extTime,100,50,40,20.5000,0.058022
extTime,100,50,41,21.0000,0.060126
extTime,100,50,42,21.5000,0.060333
extTime,100,50,43,22.0000,0.060621
extTime,100,50,44,22.5000,0.062400
extTime,100,50,45,23.0000,0.066659
extTime,100,50,46,23.5000,0.066716
extTime,100,50,47,24.0000,0.068816
extTime,100,50,48,24.5000,0.071289
extTime,100,50,49,25.0000,0.071783
extTime,100,50,50,25.5000,0.064522
extTime,100,50,51,26.0000,0.067495
extTime,100,50,52,26.5000,0.065014
extTime,100,50,53,27.0000,0.060801
extTime,100,50,54,27.5000,0.064379
extTime,100,50,55,28.0000,0.057512
extTime,100,50,56,28.5000,0.057224
extTime,100,50,57,29.0000,0.055139
extTime,100,50,58,29.5000,0.053559
extTime,100,50,59,30.0000,0.052709
extTime,100,50,60,30.5000,0.051842
extTime,100,50,61,31.0000,0.050337
extTime,100,50,62,31.5000,0.050277
extTime,100,50,63,32.0000,0.049056
extTime,100,50,64,32.5000,0.047568
extTime,100,50,65,33.0000,0.046838
extTime,100,50,66,33.5000,0.046739
extTime,100,50,67,34.0000,0.046436
extTime,100,50,68,34.5000,0.046217
extTime,100,50,69,35.0000,0.047051
extTime,100,50,70,35.5000,0.045070
extTime,100,50,71,36.0000,0.045582
extTime,100,50,72,36.5000,0.045594
extTime,100,50,73,37.0000,0.047326
extTime,100,50,74,37.5000,0.046199
extTime,100,50,75,38.0000,0.043834
extTime,100,50,76,38.5000,0.042861
extTime,100,50,77,39.0000,0.042554
extTime,100,50,78,39.5000,0.042497
extTime,100,50,79,40.0000,0.042186
extTime,100,50,80,40.5000,0.041926
extTime,100,50,81,41.0000,0.041747
extTime,100,50,82,41.5000,0.041296
extTime,100,50,83,42.0000,0.041761
extTime,100,50,84,42.5000,0.043340
extTime,100,50,85,43.0000,0.046984
extTime,100,50,86,43.5000,0.047015
extTime,100,50,87,44.0000,0.048697
extTime,100,50,88,44.5000,0.048479
extTime,100,50,89,45.0000,0.047677
extTime,100,50,90,45.5000,0.047489
extTime,100,50,91,46.0000,0.047423
extTime,100,50,92,46.5000,0.049517
extTime,100,50,93,47.0000,0.047997
extTime,100,50,94,47.5000,0.048127
extTime,100,50,95,48.0000,0.045259
extTime,100,50,96,48.5000,0.044215
extTime,100,50,97,49.0000,0.045682
extTime,100,50,98,49.5000,0.045575
extTime,100,50,99,50.0000,0.044487
extTime,10,10,0,0.5000,5.412936
extTime,10,10,1,1.0000,4.328160
extTime,10,10,2,1.5000,3.504245
extTime,10,10,3,2.0000,2.751000
extTime,10,10,4,2.5000,2.247533
extTime,10,10,5,3.0000,1.674466
extTime,10,10,6,3.5000,1.067150
extTime,10,10,7,4.0000,0.749010
extTime,10,10,8,4.5000,0.411556
extTime,10,10,9,5.0000,0.285978
extTime,10,10,10,5.5000,0.147183
extTime,10,10,11,6.0000,0.106195
extTime,10,10,12,6.5000,0.107568
extTime,10,10,13,7.0000,0.111653
extTime,10,10,14,7.5000,0.124763
extTime,10,10,15,8.0000,0.118003
extTime,10,10,16,8.5000,0.116110
extTime,10,10,17,9.0000,0.111456
extTime,10,10,18,9.5000,0.106107
extTime,10,10,19,10.0000,0.105024
extTime,10,10,20,10.5000,0.106536
extTime,10,10,21,11.0000,0.115640
extTime,10,10,22,11.5000,0.114465
extTime,10,10,23,12.0000,0.118801
extTime,10,10,24,12.5000,0.115567
extTime,10,10,25,13.0000,0.115054
extTime,10,10,26,13.5000,0.113396
extTime,10,10,27,14.0000,0.110958
extTime,10,10,28,14.5000,0.110372
extTime,10,10,29,15.0000,0.107060
extTime,10,10,30,15.5000,0.114581
extTime,10,10,31,16.0000,0.118639
extTime,10,10,32,16.5000,0.124103
extTime,10,10,33,17.0000,0.123168
extTime,10,10,34,17.5000,0.127393
extTime,10,10,35,18.0000,0.129895
extTime,10,10,36,18.5000,0.129145
extTime,10,10,37,19.0000,0.128327
extTime,10,10,38,19.5000,0.128104
extTime,10,10,39,20.0000,0.127076
extTime,10,10,40,20.5000,0.126575
extTime,10,10,41,21.0000,0.127744
extTime,10,10,42,21.5000,0.129337
extTime,10,10,43,22.0000,0.131038
extTime,10,10,44,22.5000,0.127092
extTime,10,10,45,23.0000,0.124143
extTime,10,10,46,23.5000,0.128885
extTime,10,10,47,24.0000,0.129261
extTime,10,10,48,24.5000,0.130852
extTime,10,10,49,25.0000,0.131636
extTime,10,10,50,25.5000,0.132051
extTime,10,10,51,26.0000,0.136563
extTime,10,10,52,26.5000,0.135871
extTime,10,10,53,27.0000,0.136108
extTime,10,10,54,27.5000,0.135543
extTime,10,10,55,28.0000,0.135462
extTime,10,10,56,28.5000,0.136416
extTime,10,10,57,29.0000,0.138001
extTime,10,10,58,29.5000,0.143007
extTime,10,10,59,30.0000,0.143638
extTime,10,10,60,30.5000,0.143966
extTime,10,10,61,31.0000,0.143676
extTime,10,10,62,31.5000,0.144499
extTime,10,10,63,32.0000,0.146995
extTime,10,10,64,32.5000,0.149018
extTime,10,10,65,33.0000,0.149663
extTime,10,10,66,33.5000,0.150007
extTime,10,10,67,34.0000,0.149890
extTime,10,10,68,34.5000,0.152052
extTime,10,10,69,35.0000,0.153496
extTime,10,10,70,35.5000,0.153482
extTime,10,10,71,36.0000,0.152790
extTime,10,10,72,36.5000,0.152809
extTime,10,10,73,37.0000,0.155321
extTime,10,10,74,37.5000,0.156071
extTime,10,10,75,38.0000,0.156053
extTime,10,10,76,38.5000,0.156682
extTime,10,10,77,39.0000,0.156403
extTime,10,10,78,39.5000,0.158886
extTime,10,10,79,40.0000,0.160492
extTime,10,10,80,40.5000,0.162739
extTime,10,10,81,41.0000,0.165447
extTime,10,10,82,41.5000,0.167551
extTime,10,10,83,42.0000,0.167427
extTime,10,10,84,42.5000,0.169609
extTime,10,10,85,43.0000,0.171206
extTime,10,10,86,43.5000,0.172132
extTime,10,10,87,44.0000,0.172422
extTime,10,10,88,44.5000,0.172811
extTime,10,10,89,45.0000,0.173672
extTime,10,10,90,45.5000,0.173865
extTime,10,10,91,46.0000,0.176129
extTime,10,10,92,46.5000,0.178090
extTime,10,10,93,47.0000,0.180980
extTime,10,10,94,47.5000,0.183480
extTime,10,10,95,48.0000,0.183630
extTime,10,10,96,48.5000,0.185406
extTime,10,10,97,49.0000,0.187018
extTime,10,10,98,49.5000,0.186408
extTime,10,10,99,50.0000,0.186735
extTime,10,20,0,0.5000,5.797774
extTime,10,20,1,1.0000,4.649611
extTime,10,20,2,1.5000,3.627890
extTime,10,20,3,2.0000,2.874394
extTime,10,20,4,2.5000,2.364169
extTime,10,20,5,3.0000,1.748696
extTime,10,20,6,3.5000,1.220273
extTime,10,20,7,4.0000,0.821714
extTime,10,20,8,4.5000,0.442029
extTime,10,20,9,5.0000,0.264465
extTime,10,20,10,5.5000,0.157730
extTime,10,20,11,6.0000,0.133216
extTime,10,20,12,6.5000,0.128332
extTime,10,20,13,7.0000,0.126166
extTime,10,20,14,7.5000,0.129843
extTime,10,20,15,8.0000,0.134772
extTime,10,20,16,8.5000,0.135217
extTime,10,20,17,9.0000,0.140101
extTime,10,20,18,9.5000,0.144156
extTime,10,20,19,10.0000,0.144221
extTime,10,20,20,10.5000,0.144553
extTime,10,20,21,11.0000,0.143260
extTime,10,20,22,11.5000,0.144499
extTime,10,20,23,12.0000,0.146860
extTime,10,20,24,12.5000,0.148384
extTime,10,20,25,13.0000,0.145671
extTime,10,20,26,13.5000,0.145260
extTime,10,20,27,14.0000,0.143254
extTime,10,20,28,14.5000,0.143868
extTime,10,20,29,15.0000,0.144775
extTime,10,20,30,15.5000,0.143251
extTime,10,20,31,16.0000,0.142727
extTime,10,20,32,16.5000,0.145662
extTime,10,20,33,17.0000,0.147388
extTime,10,20,34,17.5000,0.146402
extTime,10,20,35,18.0000,0.150213
extTime,10,20,36,18.5000,0.152203
extTime,10,20,37,19.0000,0.150161
extTime,10,20,38,19.5000,0.151531
extTime,10,20,39,20.0000,0.154656
extTime,10,20,40,20.5000,0.155800
extTime,10,20,41,21.0000,0.154703
extTime,10,20,42,21.5000,0.154472
extTime,10,20,43,22.0000,0.156619
extTime,10,20,44,22.5000,0.158783
extTime,10,20,45,23.0000,0.160708
extTime,10,20,46,23.5000,0.162142
extTime,10,20,47,24.0000,0.163268
extTime,10,20,48,24.5000,0.164660
extTime,10,20,49,25.0000,0.168921
extTime,10,20,50,25.5000,0.169105
extTime,10,20,51,26.0000,0.170282
extTime,10,20,52,26.5000,0.170249
extTime,10,20,53,27.0000,0.171569
extTime,10,20,54,27.5000,0.172293
extTime,10,20,55,28.0000,0.175377
extTime,10,20,56,28.5000,0.176520
extTime,10,20,57,29.0000,0.177945
extTime,10,20,58,29.5000,0.177970
extTime,10,20,59,30.0000,0.181979
extTime,10,20,60,30.5000,0.182809
extTime,10,20,61,31.0000,0.182835
extTime,10,20,62,31.5000,0.184809
extTime,10,20,63,32.0000,0.187521
extTime,10,20,64,32.5000,0.189238
extTime,10,20,65,33.0000,0.188889
extTime,10,20,66,33.5000,0.191051
extTime,10,20,67,34.0000,0.191612
extTime,10,20,68,34.5000,0.192541
extTime,10,20,69,35.0000,0.195495
extTime,10,20,70,35.5000,0.196366
extTime,10,20,71,36.0000,0.198021
extTime,10,20,72,36.5000,0.198901
extTime,10,20,73,37.0000,0.200339
extTime,10,20,74,37.5000,0.202977
extTime,10,20,75,38.0000,0.204871
extTime,10,20,76,38.5000,0.206324
extTime,10,20,77,39.0000,0.208470
extTime,10,20,78,39.5000,0.211685
extTime,10,20,79,40.0000,0.213709
extTime,10,20,80,40.5000,0.216826
extTime,10,20,81,41.0000,0.219069
extTime,10,20,82,41.5000,0.220338
extTime,10,20,83,42.0000,0.222408
extTime,10,20,84,42.5000,0.222909
extTime,10,20,85,43.0000,0.226848
extTime,10,20,86,43.5000,0.229498
extTime,10,20,87,44.0000,0.234990
extTime,10,20,88,44.5000,0.236326
extTime,10,20,89,45.0000,0.241638
extTime,10,20,90,45.5000,0.244604
extTime,10,20,91,46.0000,0.247529
extTime,10,20,92,46.5000,0.249259
extTime,10,20,93,47.0000,0.252875
extTime,10,20,94,47.5000,0.255079
extTime,10,20,95,48.0000,0.255559
extTime,10,20,96,48.5000,0.259804
extTime,10,20,97,49.0000,0.261768
extTime,10,20,98,49.5000,0.266254
extTime,10,20,99,50.0000,0.269683
extTime,10,30,0,0.5000,5.518103
extTime,10,30,1,1.0000,4.309396
extTime,10,30,2,1.5000,3.654358
extTime,10,30,3,2.0000,2.582378
extTime,10,30,4,2.5000,2.230276
extTime,10,30,5,3.0000,1.566606
extTime,10,30,6,3.5000,1.199095
extTime,10,30,7,4.0000,0.691568
extTime,10,30,8,4.5000,0.406048
extTime,10,30,9,5.0000,0.218337
extTime,10,30,10,5.5000,0.147253
extTime,10,30,11,6.0000,0.125226
extTime,10,30,12,6.5000,0.128552
extTime,10,30,13,7.0000,0.121449
extTime,10,30,14,7.5000,0.119502
extTime,10,30,15,8.0000,0.131637
extTime,10,30,16,8.5000,0.132365
extTime,10,30,17,9.0000,0.140533
extTime,10,30,18,9.5000,0.143833
extTime,10,30,19,10.0000,0.130726
extTime,10,30,20,10.5000,0.128417
extTime,10,30,21,11.0000,0.132841
extTime,10,30,22,11.5000,0.142732
extTime,10,30,23,12.0000,0.139879
extTime,10,30,24,12.5000,0.130757
extTime,10,30,25,13.0000,0.130351
extTime,10,30,26,13.5000,0.125751
extTime,10,30,27,14.0000,0.121742
extTime,10,30,28,14.5000,0.117017
extTime,10,30,29,15.0000,0.122304
extTime,10,30,30,15.5000,0.124106
extTime,10,30,31,16.0000,0.121482
extTime,10,30,32,16.5000,0.128439
extTime,10,30,33,17.0000,0.124922
extTime,10,30,34,17.5000,0.124207
extTime,10,30,35,18.0000,0.122731
extTime,10,30,36,18.5000,0.122687
extTime,10,30,37,19.0000,0.121391
extTime,10,30,38,19.5000,0.124864
extTime,10,30,39,20.0000,0.122955
extTime,10,30,40,20.5000,0.122891
extTime,10,30,41,21.0000,0.123768
extTime,10,30,42,21.5000,0.125017
extTime,10,30,43,22.0000,0.123766
extTime,10,30,44,22.5000,0.126629
extTime,10,30,45,23.0000,0.126636
extTime,10,30,46,23.5000,0.125452
extTime,10,30,47,24.0000,0.131078
extTime,10,30,48,24.5000,0.133171
extTime,10,30,49,25.0000,0.135401
extTime,10,30,50,25.5000,0.137780
extTime,10,30,51,26.0000,0.138493
extTime,10,30,52,26.5000,0.139180
extTime,10,30,53,27.0000,0.140648
extTime,10,30,54,27.5000,0.142100
extTime,10,30,55,28.0000,0.145130
extTime,10,30,56,28.5000,0.152228
extTime,10,30,57,29.0000,0.152976
extTime,10,30,58,29.5000,0.160539
extTime,10,30,59,30.0000,0.162790
extTime,10,30,60,30.5000,0.163552
extTime,10,30,61,31.0000,0.168443
extTime,10,30,62,31.5000,0.169346
extTime,10,30,63,32.0000,0.169883
extTime,10,30,64,32.5000,0.167419
extTime,10,30,65,33.0000,0.171869
extTime,10,30,66,33.5000,0.173131
extTime,10,30,67,34.0000,0.170032
extTime,10,30,68,34.5000,0.171250
extTime,10,30,69,35.0000,0.168628
extTime,10,30,70,35.5000,0.170663
extTime,10,30,71,36.0000,0.169654
extTime,10,30,72,36.5000,0.169157
extTime,10,30,73,37.0000,0.165970
extTime,10,30,74,37.5000,0.168690
extTime,10,30,75,38.0000,0.168148
extTime,10,30,76,38.5000,0.169779
extTime,10,30,77,39.0000,0.169382
extTime,10,30,78,39.5000,0.173016
extTime,10,30,79,40.0000,0.171165
extTime,10,30,80,40.5000,0.168661
extTime,10,30,81,41.0000,0.169099
extTime,10,30,82,41.5000,0.173651
extTime,10,30,83,42.0000,0.174284
extTime,10,30,84,42.5000,0.174612
extTime,10,30,85,43.0000,0.174149
extTime,10,30,86,43.5000,0.173539
extTime,10,30,87,44.0000,0.175235
extTime,10,30,88,44.5000,0.178222
extTime,10,30,89,45.0000,0.179873
extTime,10,30,90,45.5000,0.180347
extTime,10,30,91,46.0000,0.180887
extTime,10,30,92,46.5000,0.181502
extTime,10,30,93,47.0000,0.180158
extTime,10,30,94,47.5000,0.181103
extTime,10,30,95,48.0000,0.182112
extTime,10,30,96,48.5000,0.181809
extTime,10,30,97,49.0000,0.182309
extTime,10,30,98,49.5000,0.180929
extTime,10,30,99,50.0000,0.180401
extTime,10,40,0,0.5000,5.331706
extTime,10,40,1,1.0000,4.492717
extTime,10,40,2,1.5000,3.543253
extTime,10,40,3,2.0000,2.880658
extTime,10,40,4,2.5000,2.178076
extTime,10,40,5,3.0000,1.747052
extTime,10,40,6,3.5000,1.410472
extTime,10,40,7,4.0000,0.782645
extTime,10,40,8,4.5000,0.390347
extTime,10,40,9,5.0000,0.226375
extTime,10,40,10,5.5000,0.136471
extTime,10,40,11,6.0000,0.134745
extTime,10,40,12,6.5000,0.126681
extTime,10,40,13,7.0000,0.124446
extTime,10,40,14,7.5000,0.126832
extTime,10,40,15,8.0000,0.127232
extTime,10,40,16,8.5000,0.127877
extTime,10,40,17,9.0000,0.124760
extTime,10,40,18,9.5000,0.125933
extTime,10,40,19,10.0000,0.124609
extTime,10,40,20,10.5000,0.123059
extTime,10,40,21,11.0000,0.125594
extTime,10,40,22,11.5000,0.126530
extTime,10,40,23,12.0000,0.124994
extTime,10,40,24,12.5000,0.125946
extTime,10,40,25,13.0000,0.128938
extTime,10,40,26,13.5000,0.128468
extTime,10,40,27,14.0000,0.130100
extTime,10,40,28,14.5000,0.130921
extTime,10,40,29,15.0000,0.132455
extTime,10,40,30,15.5000,0.133716
extTime,10,40,31,16.0000,0.135166
extTime,10,40,32,16.5000,0.135050
extTime,10,40,33,17.0000,0.133949
extTime,10,40,34,17.5000,0.133201
extTime,10,40,35,18.0000,0.133618
extTime,10,40,36,18.5000,0.133929
extTime,10,40,37,19.0000,0.135997
extTime,10,40,38,19.5000,0.138015
extTime,10,40,39,20.0000,0.138127
extTime,10,40,40,20.5000,0.137819
extTime,10,40,41,21.0000,0.138965
extTime,10,40,42,21.5000,0.140280
extTime,10,40,43,22.0000,0.141381
extTime,10,40,44,22.5000,0.142719
extTime,10,40,45,23.0000,0.144720
extTime,10,40,46,23.5000,0.145464
extTime,10,40,47,24.0000,0.146660
extTime,10,40,48,24.5000,0.146973
extTime,10,40,49,25.0000,0.148113
extTime,10,40,50,25.5000,0.149475
extTime,10,40,51,26.0000,0.150366
extTime,10,40,52,26.5000,0.151329
extTime,10,40,53,27.0000,0.152601
extTime,10,40,54,27.5000,0.153271
extTime,10,40,55,28.0000,0.153544
extTime,10,40,56,28.5000,0.154495
extTime,10,40,57,29.0000,0.155832
extTime,10,40,58,29.5000,0.158557
extTime,10,40,59,30.0000,0.161005
extTime,10,40,60,30.5000,0.162317
extTime,10,40,61,31.0000,0.163448
extTime,10,40,62,31.5000,0.165223
extTime,10,40,63,32.0000,0.166585
extTime,10,40,64,32.5000,0.166940
extTime,10,40,65,33.0000,0.169630
extTime,10,40,66,33.5000,0.171113
extTime,10,40,67,34.0000,0.173391
extTime,10,40,68,34.5000,0.174382
extTime,10,40,69,35.0000,0.174677
extTime,10,40,70,35.5000,0.175712
extTime,10,40,71,36.0000,0.176761
extTime,10,40,72,36.5000,0.177795
extTime,10,40,73,37.0000,0.178096
extTime,10,40,74,37.5000,0.179172
extTime,10,40,75,38.0000,0.179728
extTime,10,40,76,38.5000,0.180779
extTime,10,40,77,39.0000,0.182628
extTime,10,40,78,39.5000,0.183331
extTime,10,40,79,40.0000,0.184601
extTime,10,40,80,40.5000,0.186458
extTime,10,40,81,41.0000,0.187169
extTime,10,40,82,41.5000,0.189548
extTime,10,40,83,42.0000,0.191106
extTime,10,40,84,42.5000,0.192742
extTime,10,40,85,43.0000,0.195150
extTime,10,40,86,43.5000,0.196164
extTime,10,40,87,44.0000,0.197119
extTime,10,40,88,44.5000,0.197457
extTime,10,40,89,45.0000,0.198471
extTime,10,40,90,45.5000,0.199315
extTime,10,40,91,46.0000,0.200132
extTime,10,40,92,46.5000,0.201497
extTime,10,40,93,47.0000,0.202170
extTime,10,40,94,47.5000,0.204110
extTime,10,40,95,48.0000,0.205958
extTime,10,40,96,48.5000,0.206838
extTime,10,40,97,49.0000,0.208170
extTime,10,40,98,49.5000,0.209281
extTime,10,40,99,50.0000,0.210130
extTime,10,50,0,0.5000,5.504748
extTime,10,50,1,1.0000,4.319682
extTime,10,50,2,1.5000,3.469147
extTime,10,50,3,2.0000,2.811308
extTime,10,50,4,2.5000,2.207757
extTime,10,50,5,3.0000,1.687485
extTime,10,50,6,3.5000,1.158357
extTime,10,50,7,4.0000,0.731072
extTime,10,50,8,4.5000,0.526143
extTime,10,50,9,5.0000,0.236712
extTime,10,50,10,5.5000,0.200822
extTime,10,50,11,6.0000,0.206207
extTime,10,50,12,6.5000,0.215719
extTime,10,50,13,7.0000,0.203530
extTime,10,50,14,7.5000,0.209713
extTime,10,50,15,8.0000,0.195074
extTime,10,50,16,8.5000,0.196099
extTime,10,50,17,9.0000,0.193930
extTime,10,50,18,9.5000,0.178940
extTime,10,50,19,10.0000,0.169902
extTime,10,50,20,10.5000,0.165355
extTime,10,50,21,11.0000,0.163693
extTime,10,50,22,11.5000,0.168429
extTime,10,50,23,12.0000,0.163902
extTime,10,50,24,12.5000,0.166784
extTime,10,50,25,13.0000,0.164035
extTime,10,50,26,13.5000,0.165741
extTime,10,50,27,14.0000,0.169812
extTime,10,50,28,14.5000,0.166516
extTime,10,50,29,15.0000,0.164525
extTime,10,50,30,15.5000,0.156172
extTime,10,50,31,16.0000,0.148776
extTime,10,50,32,16.5000,0.162260
extTime,10,50,33,17.0000,0.155930
extTime,10,50,34,17.5000,0.156621
extTime,10,50,35,18.0000,0.161454
extTime,10,50,36,18.5000,0.161577
extTime,10,50,37,19.0000,0.161200
extTime,10,50,38,19.5000,0.161833
extTime,10,50,39,20.0000,0.155359
extTime,10,50,40,20.5000,0.155279
extTime,10,50,41,21.0000,0.149938
extTime,10,50,42,21.5000,0.154412
extTime,10,50,43,22.0000,0.153140
extTime,10,50,44,22.5000,0.150975
extTime,10,50,45,23.0000,0.148037
extTime,10,50,46,23.5000,0.147102
extTime,10,50,47,24.0000,0.143253
extTime,10,50,48,24.5000,0.141347
extTime,10,50,49,25.0000,0.138380
extTime,10,50,50,25.5000,0.144407
extTime,10,50,51,26.0000,0.142531
extTime,10,50,52,26.5000,0.144908
extTime,10,50,53,27.0000,0.145414
extTime,10,50,54,27.5000,0.145663
extTime,10,50,55,28.0000,0.144524
extTime,10,50,56,28.5000,0.144660
extTime,10,50,57,29.0000,0.147202
extTime,10,50,58,29.5000,0.148246
extTime,10,50,59,30.0000,0.147574
extTime,10,50,60,30.5000,0.146346
extTime,10,50,61,31.0000,0.145724
extTime,10,50,62,31.5000,0.149270
extTime,10,50,63,32.0000,0.147233
extTime,10,50,64,32.5000,0.145922
extTime,10,50,65,33.0000,0.146849
extTime,10,50,66,33.5000,0.147827
extTime,10,50,67,34.0000,0.146585
extTime,10,50,68,34.5000,0.145687
extTime,10,50,69,35.0000,0.143894
extTime,10,50,70,35.5000,0.144402
extTime,10,50,71,36.0000,0.145508
extTime,10,50,72,36.5000,0.145668
extTime,10,50,73,37.0000,0.146529
extTime,10,50,74,37.5000,0.146195
extTime,10,50,75,38.0000,0.147158
extTime,10,50,76,38.5000,0.148339
extTime,10,50,77,39.0000,0.149690
extTime,10,50,78,39.5000,0.151879
extTime,10,50,79,40.0000,0.152640
extTime,10,50,80,40.5000,0.153451
extTime,10,50,81,41.0000,0.152452
extTime,10,50,82,41.5000,0.154949
extTime,10,50,83,42.0000,0.157325
extTime,10,50,84,42.5000,0.156662
extTime,10,50,85,43.0000,0.157281
extTime,10,50,86,43.5000,0.158815
extTime,10,50,87,44.0000,0.161463
extTime,10,50,88,44.5000,0.162671
extTime,10,50,89,45.0000,0.162844
extTime,10,50,90,45.5000,0.164587
extTime,10,50,91,46.0000,0.165722
extTime,10,50,92,46.5000,0.166044
extTime,10,50,93,47.0000,0.167785
extTime,10,50,94,47.5000,0.168674
extTime,10,50,95,48.0000,0.169409
extTime,10,50,96,48.5000,0.170151
extTime,10,50,97,49.0000,0.171599
extTime,10,50,98,49.5000,0.173465
extTime,10,50,99,50.0000,0.176473
extTime,200,10,0,0.5000,6.062421
extTime,200,10,1,1.0000,4.832752
extTime,200,10,2,1.5000,3.907352
extTime,200,10,3,2.0000,3.222540
extTime,200,10,4,2.5000,2.684605
extTime,200,10,5,3.0000,2.122656
extTime,200,10,6,3.5000,1.695371
extTime,200,10,7,4.0000,1.240801
extTime,200,10,8,4.5000,0.789492
extTime,200,10,9,5.0000,0.569020
extTime,200,10,10,5.5000,0.398927
extTime,200,10,11,6.0000,0.271261
extTime,200,10,12,6.5000,0.214153
extTime,200,10,13,7.0000,0.169488
extTime,200,10,14,7.5000,0.175228
extTime,200,10,15,8.0000,0.183883
extTime,200,10,16,8.5000,0.174616
extTime,200,10,17,9.0000,0.183621
extTime,200,10,18,9.5000,0.167905
extTime,200,10,19,10.0000,0.167985
extTime,200,10,20,10.5000,0.153225
extTime,200,10,21,11.0000,0.157176
extTime,200,10,22,11.5000,0.144940
extTime,200,10,23,12.0000,0.143336
extTime,200,10,24,12.5000,0.131094
extTime,200,10,25,13.0000,0.117464
extTime,200,10,26,13.5000,0.113626
extTime,200,10,27,14.0000,0.102273
extTime,200,10,28,14.5000,0.095253
extTime,200,10,29,15.0000,0.082633
extTime,200,10,30,15.5000,0.077677
extTime,200,10,31,16.0000,0.077140
extTime,200,10,32,16.5000,0.074211
extTime,200,10,33,17.0000,0.074886
extTime,200,10,34,17.5000,0.071811
extTime,200,10,35,18.0000,0.073046
extTime,200,10,36,18.5000,0.073116
extTime,200,10,37,19.0000,0.074958
extTime,200,10,38,19.5000,0.072589
extTime,200,10,39,20.0000,0.081883
extTime,200,10,40,20.5000,0.084165
extTime,200,10,41,21.0000,0.079864
extTime,200,10,42,21.5000,0.075815
extTime,200,10,43,22.0000,0.075195
extTime,200,10,44,22.5000,0.073849
extTime,200,10,45,23.0000,0.076340
extTime,200,10,46,23.5000,0.073785
extTime,200,10,47,24.0000,0.068365
extTime,200,10,48,24.5000,0.068102
extTime,200,10,49,25.0000,0.065060
extTime,200,10,50,25.5000,0.064370
extTime,200,10,51,26.0000,0.062722
extTime,200,10,52,26.5000,0.063850
extTime,200,10,53,27.0000,0.065222
extTime,200,10,54,27.5000,0.063197
extTime,200,10,55,28.0000,0.062176
extTime,200,10,56,28.5000,0.062367
extTime,200,10,57,29.0000,0.063978
extTime,200,10,58,29.5000,0.064621
extTime,200,10,59,30.0000,0.062864
extTime,200,10,60,30.5000,0.059917
extTime,200,10,61,31.0000,0.057357
extTime,200,10,62,31.5000,0.057094
extTime,200,10,63,32.0000,0.056797
extTime,200,10,64,32.5000,0.055868
extTime,200,10,65,33.0000,0.056714
extTime,200,10,66,33.5000,0.054001
extTime,200,10,67,34.0000,0.054113
extTime,200,10,68,34.5000,0.053451
extTime,200,10,69,35.0000,0.053220
extTime,200,10,70,35.5000,0.052335
extTime,200,10,71,36.0000,0.052047
extTime,200,10,72,36.5000,0.050626
extTime,200,10,73,37.0000,0.049778
extTime,200,10,74,37.5000,0.049407
extTime,200,10,75,38.0000,0.048236
extTime,200,10,76,38.5000,0.048541
extTime,200,10,77,39.0000,0.047817
extTime,200,10,78,39.5000,0.049372
extTime,200,10,79,40.0000,0.047943
extTime,200,10,80,40.5000,0.047429
extTime,200,10,81,41.0000,0.047326
extTime,200,10,82,41.5000,0.047171
extTime,200,10,83,42.0000,0.046491
extTime,200,10,84,42.5000,0.046306
extTime,200,10,85,43.0000,0.047085
extTime,200,10,86,43.5000,0.045203
extTime,200,10,87,44.0000,0.044101
extTime,200,10,88,44.5000,0.042705
extTime,200,10,89,45.0000,0.042568
extTime,200,10,90,45.5000,0.041940
extTime,200,10,91,46.0000,0.041845
extTime,200,10,92,46.5000,0.041302
extTime,200,10,93,47.0000,0.041736
extTime,200,10,94,47.5000,0.041674
extTime,200,10,95,48.0000,0.041070
extTime,200,10,96,48.5000,0.040516
extTime,200,10,97,49.0000,0.040669
extTime,200,10,98,49.5000,0.040047
extTime,200,10,99,50.0000,0.039728
extTime,200,20,0,0.5000,6.065657
extTime,200,20,1,1.0000,5.078221
extTime,200,20,2,1.5000,4.048429
extTime,200,20,3,2.0000,3.216492
extTime,200,20,4,2.5000,2.525017
extTime,200,20,5,3.0000,1.910339
extTime,200,20,6,3.5000,1.665296
extTime,200,20,7,4.0000,1.188883
extTime,200,20,8,4.5000,0.996066
extTime,200,20,9,5.0000,0.660159
extTime,200,20,10,5.5000,0.351077
extTime,200,20,11,6.0000,0.292660
extTime,200,20,12,6.5000,0.128812
extTime,200,20,13,7.0000,0.120556
extTime,200,20,14,7.5000,0.102157
extTime,200,20,15,8.0000,0.102366
extTime,200,20,16,8.5000,0.092349
extTime,200,20,17,9.0000,0.091234
extTime,200,20,18,9.5000,0.087995
extTime,200,20,19,10.0000,0.097377
extTime,200,20,20,10.5000,0.088309
extTime,200,20,21,11.0000,0.084501
extTime,200,20,22,11.5000,0.084553
extTime,200,20,23,12.0000,0.082958
extTime,200,20,24,12.5000,0.077714
extTime,200,20,25,13.0000,0.074658
extTime,200,20,26,13.5000,0.071132
extTime,200,20,27,14.0000,0.075786
extTime,200,20,28,14.5000,0.070966
extTime,200,20,29,15.0000,0.071824
extTime,200,20,30,15.5000,0.078419
extTime,200,20,31,16.0000,0.076025
extTime,200,20,32,16.5000,0.074253
extTime,200,20,33,17.0000,0.079346
extTime,200,20,34,17.5000,0.076977
extTime,200,20,35,18.0000,0.072062
extTime,200,20,36,18.5000,0.067969
extTime,200,20,37,19.0000,0.069474
extTime,200,20,38,19.5000,0.081718
extTime,200,20,39,20.0000,0.077484
extTime,200,20,40,20.5000,0.076984
extTime,200,20,41,21.0000,0.081150
extTime,200,20,42,21.5000,0.086855
extTime,200,20,43,22.0000,0.081584
extTime,200,20,44,22.5000,0.078324
extTime,200,20,45,23.0000,0.079928
extTime,200,20,46,23.5000,0.076407
extTime,200,20,47,24.0000,0.074569
extTime,200,20,48,24.5000,0.075801
extTime,200,20,49,25.0000,0.063989
extTime,200,20,50,25.5000,0.064803
extTime,200,20,51,26.0000,0.067342
extTime,200,20,52,26.5000,0.062534
extTime,200,20,53,27.0000,0.062279
extTime,200,20,54,27.5000,0.058037
extTime,200,20,55,28.0000,0.057592
extTime,200,20,56,28.5000,0.054328
extTime,200,20,57,29.0000,0.053562
extTime,200,20,58,29.5000,0.050594
extTime,200,20,59,30.0000,0.048822
extTime,200,20,60,30.5000,0.046375
extTime,200,20,61,31.0000,0.046325
extTime,200,20,62,31.5000,0.046557
extTime,200,20,63,32.0000,0.046876
extTime,200,20,64,32.5000,0.046704
extTime,200,20,65,33.0000,0.046530
extTime,200,20,66,33.5000,0.046076
extTime,200,20,67,34.0000,0.045607
extTime,200,20,68,34.5000,0.045466
extTime,200,20,69,35.0000,0.044814
extTime,200,20,70,35.5000,0.044420
extTime,200,20,71,36.0000,0.045997
extTime,200,20,72,36.5000,0.046568
extTime,200,20,73,37.0000,0.046293
extTime,200,20,74,37.5000,0.052196
extTime,200,20,75,38.0000,0.053066
extTime,200,20,76,38.5000,0.054455
extTime,200,20,77,39.0000,0.057562
extTime,200,20,78,39.5000,0.057307
extTime,200,20,79,40.0000,0.058342
extTime,200,20,80,40.5000,0.056505
extTime,200,20,81,41.0000,0.052394
extTime,200,20,82,41.5000,0.053294
extTime,200,20,83,42.0000,0.049510
extTime,200,20,84,42.5000,0.051098
extTime,200,20,85,43.0000,0.052411
extTime,200,20,86,43.5000,0.052069
extTime,200,20,87,44.0000,0.049123
extTime,200,20,88,44.5000,0.048182
extTime,200,20,89,45.0000,0.050298
extTime,200,20,90,45.5000,0.049960
extTime,200,20,91,46.0000,0.048915
extTime,200,20,92,46.5000,0.050489
extTime,200,20,93,47.0000,0.050369
extTime,200,20,94,47.5000,0.051439
extTime,200,20,95,48.0000,0.051351
extTime,200,20,96,48.5000,0.049383
extTime,200,20,97,49.0000,0.044241
extTime,200,20,98,49.5000,0.044219
extTime,200,20,99,50.0000,0.043554
extTime,200,30,0,0.5000,6.218612
extTime,200,30,1,1.0000,4.700831
extTime,200,30,2,1.5000,4.339304
extTime,200,30,3,2.0000,3.449188
extTime,200,30,4,2.5000,2.837997
extTime,200,30,5,3.0000,2.169603
extTime,200,30,6,3.5000,1.694844
extTime,200,30,7,4.0000,1.256386
extTime,200,30,8,4.5000,0.842599
extTime,200,30,9,5.0000,0.614340
extTime,200,30,10,5.5000,0.458148
extTime,200,30,11,6.0000,0.200699
extTime,200,30,12,6.5000,0.136665
extTime,200,30,13,7.0000,0.115467
extTime,200,30,14,7.5000,0.099839
extTime,200,30,15,8.0000,0.094833
extTime,200,30,16,8.5000,0.090363
extTime,200,30,17,9.0000,0.086371
extTime,200,30,18,9.5000,0.081759
extTime,200,30,19,10.0000,0.078674
extTime,200,30,20,10.5000,0.075725
extTime,200,30,21,11.0000,0.074870
extTime,200,30,22,11.5000,0.074126
extTime,200,30,23,12.0000,0.071454
extTime,200,30,24,12.5000,0.069989
extTime,200,30,25,13.0000,0.073098
extTime,200,30,26,13.5000,0.070747
extTime,200,30,27,14.0000,0.071552
extTime,200,30,28,14.5000,0.074670
extTime,200,30,29,15.0000,0.074070
extTime,200,30,30,15.5000,0.069944
extTime,200,30,31,16.0000,0.076358
extTime,200,30,32,16.5000,0.068723
extTime,200,30,33,17.0000,0.066325
extTime,200,30,34,17.5000,0.066571
extTime,200,30,35,18.0000,0.063247
extTime,200,30,36,18.5000,0.062002
extTime,200,30,37,19.0000,0.059295
extTime,200,30,38,19.5000,0.061097
extTime,200,30,39,20.0000,0.061070
extTime,200,30,40,20.5000,0.065714
extTime,200,30,41,21.0000,0.064051
extTime,200,30,42,21.5000,0.062552
extTime,200,30,43,22.0000,0.059981
extTime,200,30,44,22.5000,0.060328
extTime,200,30,45,23.0000,0.058448
extTime,200,30,46,23.5000,0.057155
extTime,200,30,47,24.0000,0.057762
extTime,200,30,48,24.5000,0.060186
extTime,200,30,49,25.0000,0.059213
extTime,200,30,50,25.5000,0.054665
extTime,200,30,51,26.0000,0.052937
extTime,200,30,52,26.5000,0.052024
extTime,200,30,53,27.0000,0.050694
extTime,200,30,54,27.5000,0.050344
extTime,200,30,55,28.0000,0.049698
extTime,200,30,56,28.5000,0.049134
extTime,200,30,57,29.0000,0.048994
extTime,200,30,58,29.5000,0.048693
extTime,200,30,59,30.0000,0.048530
extTime,200,30,60,30.5000,0.048769
extTime,200,30,61,31.0000,0.048449
extTime,200,30,62,31.5000,0.048736
extTime,200,30,63,32.0000,0.050235
extTime,200,30,64,32.5000,0.049991
extTime,200,30,65,33.0000,0.048456
extTime,200,30,66,33.5000,0.048843
extTime,200,30,67,34.0000,0.049119
extTime,200,30,68,34.5000,0.048912
extTime,200,30,69,35.0000,0.050971
extTime,200,30,70,35.5000,0.051590
extTime,200,30,71,36.0000,0.052924
extTime,200,30,72,36.5000,0.050555
extTime,200,30,73,37.0000,0.052548
extTime,200,30,74,37.5000,0.050267
extTime,200,30,75,38.0000,0.049453
extTime,200,30,76,38.5000,0.051829
extTime,200,30,77,39.0000,0.051673
extTime,200,30,78,39.5000,0.052676
extTime,200,30,79,40.0000,0.054595
extTime,200,30,80,40.5000,0.057592
extTime,200,30,81,41.0000,0.056134
extTime,200,30,82,41.5000,0.056556
extTime,200,30,83,42.0000,0.057364
extTime,200,30,84,42.5000,0.059242
extTime,200,30,85,43.0000,0.056007
extTime,200,30,86,43.5000,0.057680
extTime,200,30,87,44.0000,0.054655
extTime,200,30,88,44.5000,0.053601
extTime,200,30,89,45.0000,0.054283
extTime,200,30,90,45.5000,0.053705
extTime,200,30,91,46.0000,0.052415
extTime,200,30,92,46.5000,0.051631
extTime,200,30,93,47.0000,0.052598
extTime,200,30,94,47.5000,0.051555
extTime,200,30,95,48.0000,0.050374
extTime,200,30,96,48.5000,0.048793
extTime,200,30,97,49.0000,0.051743
extTime,200,30,98,49.5000,0.049995
extTime,200,30,99,50.0000,0.049303
extTime,200,40,0,0.5000,6.166754
extTime,200,40,1,1.0000,4.828387
extTime,200,40,2,1.5000,4.171014
extTime,200,40,3,2.0000,3.405806
extTime,200,40,4,2.5000,2.892662
extTime,200,40,5,3.0000,2.124810
extTime,200,40,6,3.5000,1.765360
extTime,200,40,7,4.0000,1.434939
extTime,200,40,8,4.5000,1.132337
extTime,200,40,9,5.0000,0.787866
extTime,200,40,10,5.5000,0.480981
extTime,200,40,11,6.0000,0.285008
extTime,200,40,12,6.5000,0.157771
extTime,200,40,13,7.0000,0.132362
extTime,200,40,14,7.5000,0.103847
extTime,200,40,15,8.0000,0.103665
extTime,200,40,16,8.5000,0.094347
extTime,200,40,17,9.0000,0.095573
extTime,200,40,18,9.5000,0.099209
extTime,200,40,19,10.0000,0.097552
extTime,200,40,20,10.5000,0.100579
extTime,200,40,21,11.0000,0.093477
extTime,200,40,22,11.5000,0.091803
extTime,200,40,23,12.0000,0.095624
extTime,200,40,24,12.5000,0.097270
extTime,200,40,25,13.0000,0.082375
extTime,200,40,26,13.5000,0.079226
extTime,200,40,27,14.0000,0.082748
extTime,200,40,28,14.5000,0.077334
extTime,200,40,29,15.0000,0.076076
extTime,200,40,30,15.5000,0.084214
extTime,200,40,31,16.0000,0.075932
extTime,200,40,32,16.5000,0.071274
extTime,200,40,33,17.0000,0.068174
extTime,200,40,34,17.5000,0.069385
extTime,200,40,35,18.0000,0.066168
extTime,200,40,36,18.5000,0.064843
extTime,200,40,37,19.0000,0.062232
extTime,200,40,38,19.5000,0.063060
extTime,200,40,39,20.0000,0.059959
extTime,200,40,40,20.5000,0.058773
extTime,200,40,41,21.0000,0.058879
extTime,200,40,42,21.5000,0.057259
extTime,200,40,43,22.0000,0.057701
extTime,200,40,44,22.5000,0.056575
extTime,200,40,45,23.0000,0.055668
extTime,200,40,46,23.5000,0.055052
extTime,200,40,47,24.0000,0.054291
extTime,200,40,48,24.5000,0.053888
extTime,200,40,49,25.0000,0.053599
extTime,200,40,50,25.5000,0.052533
extTime,200,40,51,26.0000,0.051761
extTime,200,40,52,26.5000,0.052150
extTime,200,40,53,27.0000,0.050320
extTime,200,40,54,27.5000,0.050879
extTime,200,40,55,28.0000,0.050279
extTime,200,40,56,28.5000,0.049967
extTime,200,40,57,29.0000,0.049231
extTime,200,40,58,29.5000,0.048851
extTime,200,40,59,30.0000,0.049027
extTime,200,40,60,30.5000,0.050483
extTime,200,40,61,31.0000,0.048039
extTime,200,40,62,31.5000,0.047537
extTime,200,40,63,32.0000,0.047145
extTime,200,40,64,32.5000,0.046563
extTime,200,40,65,33.0000,0.046251
extTime,200,40,66,33.5000,0.045934
extTime,200,40,67,34.0000,0.045873
extTime,200,40,68,34.5000,0.045848
extTime,200,40,69,35.0000,0.045782
extTime,200,40,70,35.5000,0.045384
extTime,200,40,71,36.0000,0.045491
extTime,200,40,72,36.5000,0.045592
extTime,200,40,73,37.0000,0.045447
extTime,200,40,74,37.5000,0.044815
extTime,200,40,75,38.0000,0.044260
extTime,200,40,76,38.5000,0.043576
extTime,200,40,77,39.0000,0.044613
extTime,200,40,78,39.5000,0.044092
extTime,200,40,79,40.0000,0.043520
extTime,200,40,80,40.5000,0.043288
extTime,200,40,81,41.0000,0.044072
extTime,200,40,82,41.5000,0.044672
extTime,200,40,83,42.0000,0.043329
extTime,200,40,84,42.5000,0.042283
extTime,200,40,85,43.0000,0.041018
extTime,200,40,86,43.5000,0.041132
extTime,200,40,87,44.0000,0.040987
extTime,200,40,88,44.5000,0.040957
extTime,200,40,89,45.0000,0.040702
extTime,200,40,90,45.5000,0.041087
extTime,200,40,91,46.0000,0.040379
extTime,200,40,92,46.5000,0.041085
extTime,200,40,93,47.0000,0.041267
extTime,200,40,94,47.5000,0.041532
extTime,200,40,95,48.0000,0.046235
extTime,200,40,96,48.5000,0.045548
extTime,200,40,97,49.0000,0.046038
extTime,200,40,98,49.5000,0.044604
extTime,200,40,99,50.0000,0.041104
extTime,200,50,0,0.5000,6.317170
extTime,200,50,1,1.0000,4.770228
extTime,200,50,2,1.5000,3.830899
extTime,200,50,3,2.0000,3.549748
extTime,200,50,4,2.5000,2.653206
extTime,200,50,5,3.0000,2.123732
extTime,200,50,6,3.5000,1.702945
extTime,200,50,7,4.0000,1.388898
extTime,200,50,8,4.5000,0.976936
extTime,200,50,9,5.0000,0.680743
extTime,200,50,10,5.5000,0.479049
extTime,200,50,11,6.0000,0.403673
extTime,200,50,12,6.5000,0.248213
extTime,200,50,13,7.0000,0.113174
extTime,200,50,14,7.5000,0.097426
extTime,200,50,15,8.0000,0.096679
extTime,200,50,16,8.5000,0.098737
extTime,200,50,17,9.0000,0.104363
extTime,200,50,18,9.5000,0.096133
extTime,200,50,19,10.0000,0.091645
extTime,200,50,20,10.5000,0.100903
extTime,200,50,21,11.0000,0.099194
extTime,200,50,22,11.5000,0.093377
extTime,200,50,23,12.0000,0.092146
extTime,200,50,24,12.5000,0.095153
extTime,200,50,25,13.0000,0.083453
extTime,200,50,26,13.5000,0.082065
extTime,200,50,27,14.0000,0.077348
extTime,200,50,28,14.5000,0.079815
extTime,200,50,29,15.0000,0.076267
extTime,200,50,30,15.5000,0.078083
extTime,200,50,31,16.0000,0.071957
extTime,200,50,32,16.5000,0.083368
extTime,200,50,33,17.0000,0.080676
extTime,200,50,34,17.5000,0.079896
extTime,200,50,35,18.0000,0.085857
extTime,200,50,36,18.5000,0.090396
extTime,200,50,37,19.0000,0.089370
extTime,200,50,38,19.5000,0.085892
extTime,200,50,39,20.0000,0.077740
extTime,200,50,40,20.5000,0.074579
extTime,200,50,41,21.0000,0.076858
extTime,200,50,42,21.5000,0.072885
extTime,200,50,43,22.0000,0.076336
extTime,200,50,44,22.5000,0.076029
extTime,200,50,45,23.0000,0.074718
extTime,200,50,46,23.5000,0.073186
extTime,200,50,47,24.0000,0.071884
extTime,200,50,48,24.5000,0.071236
extTime,200,50,49,25.0000,0.066503
extTime,200,50,50,25.5000,0.068688
extTime,200,50,51,26.0000,0.067333
extTime,200,50,52,26.5000,0.064178
extTime,200,50,53,27.0000,0.069931
extTime,200,50,54,27.5000,0.067287
extTime,200,50,55,28.0000,0.068212
extTime,200,50,56,28.5000,0.066194
extTime,200,50,57,29.0000,0.064521
extTime,200,50,58,29.5000,0.063172
extTime,200,50,59,30.0000,0.063654
extTime,200,50,60,30.5000,0.062400
extTime,200,50,61,31.0000,0.059417
extTime,200,50,62,31.5000,0.058589
extTime,200,50,63,32.0000,0.060651
extTime,200,50,64,32.5000,0.060374
extTime,200,50,65,33.0000,0.064692
extTime,200,50,66,33.5000,0.065027
extTime,200,50,67,34.0000,0.061297
extTime,200,50,68,34.5000,0.057661
extTime,200,50,69,35.0000,0.056518
extTime,200,50,70,35.5000,0.055797
extTime,200,50,71,36.0000,0.057226
extTime,200,50,72,36.5000,0.058727
extTime,200,50,73,37.0000,0.056759
extTime,200,50,74,37.5000,0.058156
extTime,200,50,75,38.0000,0.054903
extTime,200,50,76,38.5000,0.056710
extTime,200,50,77,39.0000,0.057798
extTime,200,50,78,39.5000,0.055797
extTime,200,50,79,40.0000,0.053068
extTime,200,50,80,40.5000,0.051105
extTime,200,50,81,41.0000,0.050320
extTime,200,50,82,41.5000,0.049963
extTime,200,50,83,42.0000,0.049464
extTime,200,50,84,42.5000,0.048081
extTime,200,50,85,43.0000,0.047169
extTime,200,50,86,43.5000,0.045831
extTime,200,50,87,44.0000,0.048902
extTime,200,50,88,44.5000,0.044493
extTime,200,50,89,45.0000,0.045568
extTime,200,50,90,45.5000,0.044991
extTime,200,50,91,46.0000,0.041912
extTime,200,50,92,46.5000,0.041892
extTime,200,50,93,47.0000,0.043528
extTime,200,50,94,47.5000,0.042284
extTime,200,50,95,48.0000,0.042270
extTime,200,50,96,48.5000,0.042524
extTime,200,50,97,49.0000,0.042620
extTime,200,50,98,49.5000,0.044580
extTime,200,50,99,50.0000,0.045031
extTime,350,10,0,0.5000,6.115473
extTime,350,10,1,1.0000,4.447692
extTime,350,10,2,1.5000,3.983897
extTime,350,10,3,2.0000,3.314885
extTime,350,10,4,2.5000,2.646829
extTime,350,10,5,3.0000,2.283008
extTime,350,10,6,3.5000,1.766365
extTime,350,10,7,4.0000,1.443662
extTime,350,10,8,4.5000,1.175637
extTime,350,10,9,5.0000,0.789042
extTime,350,10,10,5.5000,0.585667
extTime,350,10,11,6.0000,0.370791
extTime,350,10,12,6.5000,0.207893
extTime,350,10,13,7.0000,0.168821
extTime,350,10,14,7.5000,0.143409
extTime,350,10,15,8.0000,0.141502
extTime,350,10,16,8.5000,0.148833
extTime,350,10,17,9.0000,0.149061
extTime,350,10,18,9.5000,0.143757
extTime,350,10,19,10.0000,0.185012
extTime,350,10,20,10.5000,0.171971
extTime,350,10,21,11.0000,0.167874
extTime,350,10,22,11.5000,0.162494
extTime,350,10,23,12.0000,0.137102
extTime,350,10,24,12.5000,0.141475
extTime,350,10,25,13.0000,0.140974
extTime,350,10,26,13.5000,0.136409
extTime,350,10,27,14.0000,0.110070
extTime,350,10,28,14.5000,0.118346
extTime,350,10,29,15.0000,0.128044
extTime,350,10,30,15.5000,0.122076
extTime,350,10,31,16.0000,0.118201
extTime,350,10,32,16.5000,0.133082
extTime,350,10,33,17.0000,0.130583
extTime,350,10,34,17.5000,0.120258
extTime,350,10,35,18.0000,0.118082
extTime,350,10,36,18.5000,0.115754
extTime,350,10,37,19.0000,0.108371
extTime,350,10,38,19.5000,0.120986
extTime,350,10,39,20.0000,0.123920
extTime,350,10,40,20.5000,0.118292
extTime,350,10,41,21.0000,0.121531
extTime,350,10,42,21.5000,0.123810
extTime,350,10,43,22.0000,0.118962
extTime,350,10,44,22.5000,0.109889
extTime,350,10,45,23.0000,0.100524
extTime,350,10,46,23.5000,0.105504
extTime,350,10,47,24.0000,0.093113
extTime,350,10,48,24.5000,0.087914
extTime,350,10,49,25.0000,0.090397
extTime,350,10,50,25.5000,0.095851
extTime,350,10,51,26.0000,0.104080
extTime,350,10,52,26.5000,0.109713
extTime,350,10,53,27.0000,0.107073
extTime,350,10,54,27.5000,0.101991
extTime,350,10,55,28.0000,0.099511
extTime,350,10,56,28.5000,0.095030
extTime,350,10,57,29.0000,0.092238
extTime,350,10,58,29.5000,0.094897
extTime,350,10,59,30.0000,0.096876
extTime,350,10,60,30.5000,0.083073
extTime,350,10,61,31.0000,0.080121
extTime,350,10,62,31.5000,0.076180
extTime,350,10,63,32.0000,0.070291
extTime,350,10,64,32.5000,0.067592
extTime,350,10,65,33.0000,0.065332
extTime,350,10,66,33.5000,0.062677
extTime,350,10,67,34.0000,0.058355
extTime,350,10,68,34.5000,0.065824
extTime,350,10,69,35.0000,0.068225
extTime,350,10,70,35.5000,0.071788
extTime,350,10,71,36.0000,0.065133
extTime,350,10,72,36.5000,0.067344
extTime,350,10,73,37.0000,0.072430
extTime,350,10,74,37.5000,0.070750
extTime,350,10,75,38.0000,0.070834
extTime,350,10,76,38.5000,0.069321
extTime,350,10,77,39.0000,0.069964
extTime,350,10,78,39.5000,0.068092
extTime,350,10,79,40.0000,0.064154
extTime,350,10,80,40.5000,0.064507
extTime,350,10,81,41.0000,0.063445
extTime,350,10,82,41.5000,0.064200
extTime,350,10,83,42.0000,0.065766
extTime,350,10,84,42.5000,0.066262
extTime,350,10,85,43.0000,0.064004
extTime,350,10,86,43.5000,0.059365
extTime,350,10,87,44.0000,0.057538
extTime,350,10,88,44.5000,0.059837
extTime,350,10,89,45.0000,0.059714
extTime,350,10,90,45.5000,0.057721
extTime,350,10,91,46.0000,0.056279
extTime,350,10,92,46.5000,0.054819
extTime,350,10,93,47.0000,0.054807
extTime,350,10,94,47.5000,0.054695
extTime,350,10,95,48.0000,0.055679
extTime,350,10,96,48.5000,0.057125
extTime,350,10,97,49.0000,0.057038
extTime,350,10,98,49.5000,0.053421
extTime,350,10,99,50.0000,0.052357
extTime,350,20,0,0.5000,6.519078
extTime,350,20,1,1.0000,5.410603
extTime,350,20,2,1.5000,4.319427
extTime,350,20,3,2.0000,3.545780
extTime,350,20,4,2.5000,2.725421
extTime,350,20,5,3.0000,2.209091
extTime,350,20,6,3.5000,1.752320
extTime,350,20,7,4.0000,1.446762
extTime,350,20,8,4.5000,1.113712
extTime,350,20,9,5.0000,0.839766
extTime,350,20,10,5.5000,0.587989
extTime,350,20,11,6.0000,0.423014
extTime,350,20,12,6.5000,0.219859
extTime,350,20,13,7.0000,0.157331
extTime,350,20,14,7.5000,0.153616
extTime,350,20,15,8.0000,0.138442
extTime,350,20,16,8.5000,0.122548
extTime,350,20,17,9.0000,0.120316
extTime,350,20,18,9.5000,0.119063
extTime,350,20,19,10.0000,0.126667
extTime,350,20,20,10.5000,0.127463
extTime,350,20,21,11.0000,0.131196
extTime,350,20,22,11.5000,0.109522
extTime,350,20,23,12.0000,0.107329
extTime,350,20,24,12.5000,0.090133
extTime,350,20,25,13.0000,0.098086
extTime,350,20,26,13.5000,0.086602
extTime,350,20,27,14.0000,0.095241
extTime,350,20,28,14.5000,0.097344
extTime,350,20,29,15.0000,0.099794
extTime,350,20,30,15.5000,0.099420
extTime,350,20,31,16.0000,0.099310
extTime,350,20,32,16.5000,0.084473
extTime,350,20,33,17.0000,0.080869
extTime,350,20,34,17.5000,0.085518
extTime,350,20,35,18.0000,0.094136
extTime,350,20,36,18.5000,0.086315
extTime,350,20,37,19.0000,0.083811
extTime,350,20,38,19.5000,0.086477
extTime,350,20,39,20.0000,0.089458
extTime,350,20,40,20.5000,0.088641
extTime,350,20,41,21.0000,0.083931
extTime,350,20,42,21.5000,0.085550
extTime,350,20,43,22.0000,0.089567
extTime,350,20,44,22.5000,0.086945
extTime,350,20,45,23.0000,0.083042
extTime,350,20,46,23.5000,0.074425
extTime,350,20,47,24.0000,0.076213
extTime,350,20,48,24.5000,0.075033
extTime,350,20,49,25.0000,0.066363
extTime,350,20,50,25.5000,0.067470
extTime,350,20,51,26.0000,0.064190
extTime,350,20,52,26.5000,0.063975
extTime,350,20,53,27.0000,0.068186
extTime,350,20,54,27.5000,0.063350
extTime,350,20,55,28.0000,0.063819
extTime,350,20,56,28.5000,0.063529
extTime,350,20,57,29.0000,0.053695
extTime,350,20,58,29.5000,0.054422
extTime,350,20,59,30.0000,0.055964
extTime,350,20,60,30.5000,0.056932
extTime,350,20,61,31.0000,0.055644
extTime,350,20,62,31.5000,0.055374
extTime,350,20,63,32.0000,0.051888
extTime,350,20,64,32.5000,0.050148
extTime,350,20,65,33.0000,0.055208
extTime,350,20,66,33.5000,0.052985
extTime,350,20,67,34.0000,0.053419
extTime,350,20,68,34.5000,0.054342
extTime,350,20,69,35.0000,0.052324
extTime,350,20,70,35.5000,0.051315
extTime,350,20,71,36.0000,0.051502
extTime,350,20,72,36.5000,0.050874
extTime,350,20,73,37.0000,0.051276
extTime,350,20,74,37.5000,0.052825
extTime,350,20,75,38.0000,0.051225
extTime,350,20,76,38.5000,0.049609
extTime,350,20,77,39.0000,0.050170
extTime,350,20,78,39.5000,0.046771
extTime,350,20,79,40.0000,0.048216
extTime,350,20,80,40.5000,0.046475
extTime,350,20,81,41.0000,0.046233
extTime,350,20,82,41.5000,0.045294
extTime,350,20,83,42.0000,0.046078
extTime,350,20,84,42.5000,0.045217
extTime,350,20,85,43.0000,0.043571
extTime,350,20,86,43.5000,0.042519
extTime,350,20,87,44.0000,0.042669
extTime,350,20,88,44.5000,0.043016
extTime,350,20,89,45.0000,0.043573
extTime,350,20,90,45.5000,0.045102
extTime,350,20,91,46.0000,0.044781
extTime,350,20,92,46.5000,0.045446
extTime,350,20,93,47.0000,0.045341
extTime,350,20,94,47.5000,0.046623
extTime,350,20,95,48.0000,0.047230
extTime,350,20,96,48.5000,0.050619
extTime,350,20,97,49.0000,0.049055
extTime,350,20,98,49.5000,0.047207
extTime,350,20,99,50.0000,0.046048
extTime,350,30,0,0.5000,5.687412
extTime,350,30,1,1.0000,4.723167
extTime,350,30,2,1.5000,3.846492
extTime,350,30,3,2.0000,3.322986
extTime,350,30,4,2.5000,2.623077
extTime,350,30,5,3.0000,2.126402
extTime,350,30,6,3.5000,1.703283
extTime,350,30,7,4.0000,1.267463
extTime,350,30,8,4.5000,0.924011
extTime,350,30,9,5.0000,0.621565
extTime,350,30,10,5.5000,0.508569
extTime,350,30,11,6.0000,0.279718
extTime,350,30,12,6.5000,0.220511
extTime,350,30,13,7.0000,0.211664
extTime,350,30,14,7.5000,0.217561
extTime,350,30,15,8.0000,0.205609
extTime,350,30,16,8.5000,0.215093
extTime,350,30,17,9.0000,0.211258
extTime,350,30,18,9.5000,0.213202
extTime,350,30,19,10.0000,0.203093
extTime,350,30,20,10.5000,0.204159
extTime,350,30,21,11.0000,0.193785
extTime,350,30,22,11.5000,0.185490
extTime,350,30,23,12.0000,0.193614
extTime,350,30,24,12.5000,0.181464
extTime,350,30,25,13.0000,0.178043
extTime,350,30,26,13.5000,0.166086
extTime,350,30,27,14.0000,0.169835
extTime,350,30,28,14.5000,0.165768
extTime,350,30,29,15.0000,0.156476
extTime,350,30,30,15.5000,0.143597
extTime,350,30,31,16.0000,0.134264
extTime,350,30,32,16.5000,0.128853
extTime,350,30,33,17.0000,0.139052
extTime,350,30,34,17.5000,0.125001
extTime,350,30,35,18.0000,0.123190
extTime,350,30,36,18.5000,0.138888
extTime,350,30,37,19.0000,0.137074
extTime,350,30,38,19.5000,0.135531
extTime,350,30,39,20.0000,0.127816
extTime,350,30,40,20.5000,0.123457
extTime,350,30,41,21.0000,0.123791
extTime,350,30,42,21.5000,0.119079
extTime,350,30,43,22.0000,0.115340
extTime,350,30,44,22.5000,0.125467
extTime,350,30,45,23.0000,0.130923
extTime,350,30,46,23.5000,0.130031
extTime,350,30,47,24.0000,0.142859
extTime,350,30,48,24.5000,0.133464
extTime,350,30,49,25.0000,0.137622
extTime,350,30,50,25.5000,0.137344
extTime,350,30,51,26.0000,0.123150
extTime,350,30,52,26.5000,0.127887
extTime,350,30,53,27.0000,0.135248
extTime,350,30,54,27.5000,0.130907
extTime,350,30,55,28.0000,0.124067
extTime,350,30,56,28.5000,0.115229
extTime,350,30,57,29.0000,0.113284
extTime,350,30,58,29.5000,0.117280
extTime,350,30,59,30.0000,0.117398
extTime,350,30,60,30.5000,0.110716
extTime,350,30,61,31.0000,0.114222
extTime,350,30,62,31.5000,0.107895
extTime,350,30,63,32.0000,0.105320
extTime,350,30,64,32.5000,0.100258
extTime,350,30,65,33.0000,0.092929
extTime,350,30,66,33.5000,0.090505
extTime,350,30,67,34.0000,0.086902
extTime,350,30,68,34.5000,0.085425
extTime,350,30,69,35.0000,0.082591
extTime,350,30,70,35.5000,0.077030
extTime,350,30,71,36.0000,0.080916
extTime,350,30,72,36.5000,0.068364
extTime,350,30,73,37.0000,0.069004
extTime,350,30,74,37.5000,0.067015
extTime,350,30,75,38.0000,0.073196
extTime,350,30,76,38.5000,0.074020
extTime,350,30,77,39.0000,0.069980
extTime,350,30,78,39.5000,0.065292
extTime,350,30,79,40.0000,0.065950
extTime,350,30,80,40.5000,0.065507
extTime,350,30,81,41.0000,0.057858
extTime,350,30,82,41.5000,0.054526
extTime,350,30,83,42.0000,0.051584
extTime,350,30,84,42.5000,0.051042
extTime,350,30,85,43.0000,0.049031
extTime,350,30,86,43.5000,0.048369
extTime,350,30,87,44.0000,0.048551
extTime,350,30,88,44.5000,0.047674
extTime,350,30,89,45.0000,0.046198
extTime,350,30,90,45.5000,0.048149
extTime,350,30,91,46.0000,0.051316
extTime,350,30,92,46.5000,0.050605
extTime,350,30,93,47.0000,0.050224
extTime,350,30,94,47.5000,0.047757
extTime,350,30,95,48.0000,0.046378
extTime,350,30,96,48.5000,0.045409
extTime,350,30,97,49.0000,0.044326
extTime,350,30,98,49.5000,0.042544
extTime,350,30,99,50.0000,0.041417
extTime,350,40,0,0.5000,6.154120
extTime,350,40,1,1.0000,5.074499
extTime,350,40,2,1.5000,4.140877
extTime,350,40,3,2.0000,3.560674
extTime,350,40,4,2.5000,2.614288
extTime,350,40,5,3.0000,2.036902
extTime,350,40,6,3.5000,1.566015
extTime,350,40,7,4.0000,1.276407
extTime,350,40,8,4.5000,0.941303
extTime,350,40,9,5.0000,0.563566
extTime,350,40,10,5.5000,0.369849
extTime,350,40,11,6.0000,0.239535
extTime,350,40,12,6.5000,0.124470
extTime,350,40,13,7.0000,0.105622
extTime,350,40,14,7.5000,0.106490
extTime,350,40,15,8.0000,0.099856
extTime,350,40,16,8.5000,0.101770
extTime,350,40,17,9.0000,0.102508
extTime,350,40,18,9.5000,0.090008
extTime,350,40,19,10.0000,0.086483
extTime,350,40,20,10.5000,0.081350
extTime,350,40,21,11.0000,0.084591
extTime,350,40,22,11.5000,0.079544
extTime,350,40,23,12.0000,0.081714
extTime,350,40,24,12.5000,0.080701
extTime,350,40,25,13.0000,0.100482
extTime,350,40,26,13.5000,0.092996
extTime,350,40,27,14.0000,0.081029
extTime,350,40,28,14.5000,0.083179
extTime,350,40,29,15.0000,0.089197
extTime,350,40,30,15.5000,0.080564
extTime,350,40,31,16.0000,0.076241
extTime,350,40,32,16.5000,0.075167
extTime,350,40,33,17.0000,0.075251
extTime,350,40,34,17.5000,0.074643
extTime,350,40,35,18.0000,0.067770
extTime,350,40,36,18.5000,0.066185
extTime,350,40,37,19.0000,0.061726
extTime,350,40,38,19.5000,0.062092
extTime,350,40,39,20.0000,0.060636
extTime,350,40,40,20.5000,0.061245
extTime,350,40,41,21.0000,0.066109
extTime,350,40,42,21.5000,0.070060
extTime,350,40,43,22.0000,0.066374
extTime,350,40,44,22.5000,0.074535
extTime,350,40,45,23.0000,0.067903
extTime,350,40,46,23.5000,0.069989
extTime,350,40,47,24.0000,0.071728
extTime,350,40,48,24.5000,0.070042
extTime,350,40,49,25.0000,0.071513
extTime,350,40,50,25.5000,0.067360
extTime,350,40,51,26.0000,0.063542
extTime,350,40,52,26.5000,0.065631
extTime,350,40,53,27.0000,0.069308
extTime,350,40,54,27.5000,0.065407
extTime,350,40,55,28.0000,0.064256
extTime,350,40,56,28.5000,0.069571
extTime,350,40,57,29.0000,0.064647
extTime,350,40,58,29.5000,0.062760
extTime,350,40,59,30.0000,0.060624
extTime,350,40,60,30.5000,0.054278
extTime,350,40,61,31.0000,0.057133
extTime,350,40,62,31.5000,0.053859
extTime,350,40,63,32.0000,0.051749
extTime,350,40,64,32.5000,0.052888
extTime,350,40,65,33.0000,0.049364
extTime,350,40,66,33.5000,0.050719
extTime,350,40,67,34.0000,0.050173
extTime,350,40,68,34.5000,0.047031
extTime,350,40,69,35.0000,0.048689
extTime,350,40,70,35.5000,0.050372
extTime,350,40,71,36.0000,0.048580
extTime,350,40,72,36.5000,0.048260
extTime,350,40,73,37.0000,0.046140
extTime,350,40,74,37.5000,0.044250
extTime,350,40,75,38.0000,0.045085
extTime,350,40,76,38.5000,0.046228
extTime,350,40,77,39.0000,0.044623
extTime,350,40,78,39.5000,0.047865
extTime,350,40,79,40.0000,0.049187
extTime,350,40,80,40.5000,0.050013
extTime,350,40,81,41.0000,0.047976
extTime,350,40,82,41.5000,0.044081
extTime,350,40,83,42.0000,0.042258
extTime,350,40,84,42.5000,0.041463
extTime,350,40,85,43.0000,0.041844
extTime,350,40,86,43.5000,0.042903
extTime,350,40,87,44.0000,0.043424
extTime,350,40,88,44.5000,0.042141
extTime,350,40,89,45.0000,0.042585
extTime,350,40,90,45.5000,0.042464
extTime,350,40,91,46.0000,0.041982
extTime,350,40,92,46.5000,0.040980
extTime,350,40,93,47.0000,0.040764
extTime,350,40,94,47.5000,0.041269
extTime,350,40,95,48.0000,0.041134
extTime,350,40,96,48.5000,0.041872
extTime,350,40,97,49.0000,0.044382
extTime,350,40,98,49.5000,0.043974
extTime,350,40,99,50.0000,0.040603
extTime,350,50,0,0.5000,6.102252
extTime,350,50,1,1.0000,5.048210
extTime,350,50,2,1.5000,4.325179
extTime,350,50,3,2.0000,3.515764
extTime,350,50,4,2.5000,2.973334
extTime,350,50,5,3.0000,2.216373
extTime,350,50,6,3.5000,1.825843
extTime,350,50,7,4.0000,1.397397
extTime,350,50,8,4.5000,0.797304
extTime,350,50,9,5.0000,0.641005
extTime,350,50,10,5.5000,0.426059
extTime,350,50,11,6.0000,0.279169
extTime,350,50,12,6.5000,0.166706
extTime,350,50,13,7.0000,0.113499
extTime,350,50,14,7.5000,0.119930
extTime,350,50,15,8.0000,0.100905
extTime,350,50,16,8.5000,0.094500
extTime,350,50,17,9.0000,0.093344
extTime,350,50,18,9.5000,0.091826
extTime,350,50,19,10.0000,0.086677
extTime,350,50,20,10.5000,0.080690
extTime,350,50,21,11.0000,0.077685
extTime,350,50,22,11.5000,0.079036
extTime,350,50,23,12.0000,0.077934
extTime,350,50,24,12.5000,0.072233
extTime,350,50,25,13.0000,0.072229
extTime,350,50,26,13.5000,0.071195
extTime,350,50,27,14.0000,0.069768
extTime,350,50,28,14.5000,0.070196
extTime,350,50,29,15.0000,0.070450
extTime,350,50,30,15.5000,0.068006
extTime,350,50,31,16.0000,0.066259
extTime,350,50,32,16.5000,0.065705
extTime,350,50,33,17.0000,0.067949
extTime,350,50,34,17.5000,0.068226
extTime,350,50,35,18.0000,0.066457
extTime,350,50,36,18.5000,0.064174
extTime,350,50,37,19.0000,0.065502
extTime,350,50,38,19.5000,0.065104
extTime,350,50,39,20.0000,0.064836
extTime,350,50,40,20.5000,0.064990
extTime,350,50,41,21.0000,0.064256
extTime,350,50,42,21.5000,0.060784
extTime,350,50,43,22.0000,0.061661
extTime,350,50,44,22.5000,0.058613
extTime,350,50,45,23.0000,0.056361
extTime,350,50,46,23.5000,0.055629
extTime,350,50,47,24.0000,0.055533
extTime,350,50,48,24.5000,0.054495
extTime,350,50,49,25.0000,0.055287
extTime,350,50,50,25.5000,0.054369
extTime,350,50,51,26.0000,0.053470
extTime,350,50,52,26.5000,0.052957
extTime,350,50,53,27.0000,0.051892
extTime,350,50,54,27.5000,0.050759
extTime,350,50,55,28.0000,0.050967
extTime,350,50,56,28.5000,0.050682
extTime,350,50,57,29.0000,0.049905
extTime,350,50,58,29.5000,0.049147
extTime,350,50,59,30.0000,0.050455
extTime,350,50,60,30.5000,0.051763
extTime,350,50,61,31.0000,0.051143
extTime,350,50,62,31.5000,0.051493
extTime,350,50,63,32.0000,0.050448
extTime,350,50,64,32.5000,0.049330
extTime,350,50,65,33.0000,0.049605
extTime,350,50,66,33.5000,0.053081
extTime,350,50,67,34.0000,0.051708
extTime,350,50,68,34.5000,0.050973
extTime,350,50,69,35.0000,0.056674
extTime,350,50,70,35.5000,0.049441
extTime,350,50,71,36.0000,0.051200
extTime,350,50,72,36.5000,0.051052
extTime,350,50,73,37.0000,0.052593
extTime,350,50,74,37.5000,0.062528
extTime,350,50,75,38.0000,0.068134
extTime,350,50,76,38.5000,0.066180
extTime,350,50,77,39.0000,0.058965
extTime,350,50,78,39.5000,0.058730
extTime,350,50,79,40.0000,0.058942
extTime,350,50,80,40.5000,0.058998
extTime,350,50,81,41.0000,0.056614
extTime,350,50,82,41.5000,0.057893
extTime,350,50,83,42.0000,0.055204
extTime,350,50,84,42.5000,0.055304
extTime,350,50,85,43.0000,0.055228
extTime,350,50,86,43.5000,0.057873
extTime,350,50,87,44.0000,0.059909
extTime,350,50,88,44.5000,0.057521
extTime,350,50,89,45.0000,0.055689
extTime,350,50,90,45.5000,0.055302
extTime,350,50,91,46.0000,0.052431
extTime,350,50,92,46.5000,0.052086
extTime,350,50,93,47.0000,0.050095
extTime,350,50,94,47.5000,0.049297
extTime,350,50,95,48.0000,0.046537
extTime,350,50,96,48.5000,0.044148
extTime,350,50,97,49.0000,0.043094
extTime,350,50,98,49.5000,0.044598
extTime,350,50,99,50.0000,0.048143
extTime,500,10,0,0.5000,6.713806
extTime,500,10,1,1.0000,5.177457
extTime,500,10,2,1.5000,4.380551
extTime,500,10,3,2.0000,3.711920
extTime,500,10,4,2.5000,3.045717
extTime,500,10,5,3.0000,2.162332
extTime,500,10,6,3.5000,1.701124
extTime,500,10,7,4.0000,1.199282
extTime,500,10,8,4.5000,0.882655
extTime,500,10,9,5.0000,0.631304
extTime,500,10,10,5.5000,0.479287
extTime,500,10,11,6.0000,0.213791
extTime,500,10,12,6.5000,0.135475
extTime,500,10,13,7.0000,0.110275
extTime,500,10,14,7.5000,0.104464
extTime,500,10,15,8.0000,0.101676
extTime,500,10,16,8.5000,0.100719
extTime,500,10,17,9.0000,0.107268
extTime,500,10,18,9.5000,0.109582
extTime,500,10,19,10.0000,0.096918
extTime,500,10,20,10.5000,0.092181
extTime,500,10,21,11.0000,0.103007
extTime,500,10,22,11.5000,0.102136
extTime,500,10,23,12.0000,0.093254
extTime,500,10,24,12.5000,0.084922
extTime,500,10,25,13.0000,0.084624
extTime,500,10,26,13.5000,0.078900
extTime,500,10,27,14.0000,0.078266
extTime,500,10,28,14.5000,0.079388
extTime,500,10,29,15.0000,0.074524
extTime,500,10,30,15.5000,0.074474
extTime,500,10,31,16.0000,0.076177
extTime,500,10,32,16.5000,0.074885
extTime,500,10,33,17.0000,0.070028
extTime,500,10,34,17.5000,0.069024
extTime,500,10,35,18.0000,0.067936
extTime,500,10,36,18.5000,0.066230
extTime,500,10,37,19.0000,0.066087
extTime,500,10,38,19.5000,0.063172
extTime,500,10,39,20.0000,0.062727
extTime,500,10,40,20.5000,0.062430
extTime,500,10,41,21.0000,0.062416
extTime,500,10,42,21.5000,0.062551
extTime,500,10,43,22.0000,0.062525
extTime,500,10,44,22.5000,0.061096
extTime,500,10,45,23.0000,0.059853
extTime,500,10,46,23.5000,0.062702
extTime,500,10,47,24.0000,0.057659
extTime,500,10,48,24.5000,0.057431
extTime,500,10,49,25.0000,0.057729
extTime,500,10,50,25.5000,0.058904
extTime,500,10,51,26.0000,0.056903
extTime,500,10,52,26.5000,0.055623
extTime,500,10,53,27.0000,0.055008
extTime,500,10,54,27.5000,0.053975
extTime,500,10,55,28.0000,0.053150
extTime,500,10,56,28.5000,0.052863
extTime,500,10,57,29.0000,0.052414
extTime,500,10,58,29.5000,0.051912
extTime,500,10,59,30.0000,0.051445
extTime,500,10,60,30.5000,0.050369
extTime,500,10,61,31.0000,0.049648
extTime,500,10,62,31.5000,0.049971
extTime,500,10,63,32.0000,0.049850
extTime,500,10,64,32.5000,0.050312
extTime,500,10,65,33.0000,0.049760
extTime,500,10,66,33.5000,0.051588
extTime,500,10,67,34.0000,0.052038
extTime,500,10,68,34.5000,0.052364
extTime,500,10,69,35.0000,0.049542
extTime,500,10,70,35.5000,0.047794
extTime,500,10,71,36.0000,0.047444
extTime,500,10,72,36.5000,0.048810
extTime,500,10,73,37.0000,0.048387
extTime,500,10,74,37.5000,0.048100
extTime,500,10,75,38.0000,0.048039
extTime,500,10,76,38.5000,0.048516
extTime,500,10,77,39.0000,0.047063
extTime,500,10,78,39.5000,0.047130
extTime,500,10,79,40.0000,0.043842
extTime,500,10,80,40.5000,0.043915
extTime,500,10,81,41.0000,0.042681
extTime,500,10,82,41.5000,0.042587
extTime,500,10,83,42.0000,0.042847
extTime,500,10,84,42.5000,0.041875
extTime,500,10,85,43.0000,0.042286
extTime,500,10,86,43.5000,0.041622
extTime,500,10,87,44.0000,0.041628
extTime,500,10,88,44.5000,0.043450
extTime,500,10,89,45.0000,0.042732
extTime,500,10,90,45.5000,0.042396
extTime,500,10,91,46.0000,0.042088
extTime,500,10,92,46.5000,0.041917
extTime,500,10,93,47.0000,0.040720
extTime,500,10,94,47.5000,0.039967
extTime,500,10,95,48.0000,0.039551
extTime,500,10,96,48.5000,0.039796
extTime,500,10,97,49.0000,0.039741
extTime,500,10,98,49.5000,0.039467
extTime,500,10,99,50.0000,0.040299
extTime,500,20,0,0.5000,5.872053
extTime,500,20,1,1.0000,5.084190
extTime,500,20,2,1.5000,4.086332
extTime,500,20,3,2.0000,3.355351
extTime,500,20,4,2.5000,2.931907
extTime,500,20,5,3.0000,2.440158
extTime,500,20,6,3.5000,1.984726
extTime,500,20,7,4.0000,1.553718
extTime,500,20,8,4.5000,1.417300
extTime,500,20,9,5.0000,0.899899
extTime,500,20,10,5.5000,0.583847
extTime,500,20,11,6.0000,0.342532
extTime,500,20,12,6.5000,0.215238
extTime,500,20,13,7.0000,0.142443
extTime,500,20,14,7.5000,0.109802
extTime,500,20,15,8.0000,0.103095
extTime,500,20,16,8.5000,0.098121
extTime,500,20,17,9.0000,0.095569
extTime,500,20,18,9.5000,0.092424
extTime,500,20,19,10.0000,0.094938
extTime,500,20,20,10.5000,0.098209
extTime,500,20,21,11.0000,0.113126
extTime,500,20,22,11.5000,0.086658
extTime,500,20,23,12.0000,0.093551
extTime,500,20,24,12.5000,0.083143
extTime,500,20,25,13.0000,0.085000
extTime,500,20,26,13.5000,0.082090
extTime,500,20,27,14.0000,0.077150
extTime,500,20,28,14.5000,0.076325
extTime,500,20,29,15.0000,0.076388
extTime,500,20,30,15.5000,0.075265
extTime,500,20,31,16.0000,0.071096
extTime,500,20,32,16.5000,0.070291
extTime,500,20,33,17.0000,0.067019
extTime,500,20,34,17.5000,0.065565
extTime,500,20,35,18.0000,0.065223
extTime,500,20,36,18.5000,0.065076
extTime,500,20,37,19.0000,0.064567
extTime,500,20,38,19.5000,0.064845
extTime,500,20,39,20.0000,0.063192
extTime,500,20,40,20.5000,0.063803
extTime,500,20,41,21.0000,0.063432
extTime,500,20,42,21.5000,0.066902
extTime,500,20,43,22.0000,0.065565
extTime,500,20,44,22.5000,0.069818
extTime,500,20,45,23.0000,0.067498
extTime,500,20,46,23.5000,0.063630
extTime,500,20,47,24.0000,0.059662
extTime,500,20,48,24.5000,0.057988
extTime,500,20,49,25.0000,0.056669
extTime,500,20,50,25.5000,0.058198
extTime,500,20,51,26.0000,0.058483
extTime,500,20,52,26.5000,0.058612
extTime,500,20,53,27.0000,0.055099
extTime,500,20,54,27.5000,0.056575
extTime,500,20,55,28.0000,0.056340
extTime,500,20,56,28.5000,0.054311
extTime,500,20,57,29.0000,0.053308
extTime,500,20,58,29.5000,0.051340
extTime,500,20,59,30.0000,0.051027
extTime,500,20,60,30.5000,0.049592
extTime,500,20,61,31.0000,0.049896
extTime,500,20,62,31.5000,0.050384
extTime,500,20,63,32.0000,0.049136
extTime,500,20,64,32.5000,0.048199
extTime,500,20,65,33.0000,0.047817
extTime,500,20,66,33.5000,0.048377
extTime,500,20,67,34.0000,0.048555
extTime,500,20,68,34.5000,0.047383
extTime,500,20,69,35.0000,0.047041
extTime,500,20,70,35.5000,0.046525
extTime,500,20,71,36.0000,0.045784
extTime,500,20,72,36.5000,0.045414
extTime,500,20,73,37.0000,0.045432
extTime,500,20,74,37.5000,0.045886
extTime,500,20,75,38.0000,0.047064
extTime,500,20,76,38.5000,0.047938
extTime,500,20,77,39.0000,0.048747
extTime,500,20,78,39.5000,0.046435
extTime,500,20,79,40.0000,0.046868
extTime,500,20,80,40.5000,0.046469
extTime,500,20,81,41.0000,0.044560
extTime,500,20,82,41.5000,0.045020
extTime,500,20,83,42.0000,0.046738
extTime,500,20,84,42.5000,0.048057
extTime,500,20,85,43.0000,0.045856
extTime,500,20,86,43.5000,0.046539
extTime,500,20,87,44.0000,0.045620
extTime,500,20,88,44.5000,0.045479
extTime,500,20,89,45.0000,0.043408
extTime,500,20,90,45.5000,0.044766
extTime,500,20,91,46.0000,0.044297
extTime,500,20,92,46.5000,0.046691
extTime,500,20,93,47.0000,0.046781
extTime,500,20,94,47.5000,0.047091
extTime,500,20,95,48.0000,0.047469
extTime,500,20,96,48.5000,0.044464
extTime,500,20,97,49.0000,0.044864
extTime,500,20,98,49.5000,0.045698
extTime,500,20,99,50.0000,0.045810
extTime,500,30,0,0.5000,6.257828
extTime,500,30,1,1.0000,5.322924
extTime,500,30,2,1.5000,4.265924
extTime,500,30,3,2.0000,3.648340
extTime,500,30,4,2.5000,2.948414
extTime,500,30,5,3.0000,2.379331
extTime,500,30,6,3.5000,1.836532
extTime,500,30,7,4.0000,1.503772
extTime,500,30,8,4.5000,1.030006
extTime,500,30,9,5.0000,0.643724
extTime,500,30,10,5.5000,0.500606
extTime,500,30,11,6.0000,0.329413
extTime,500,30,12,6.5000,0.212786
extTime,500,30,13,7.0000,0.182367
extTime,500,30,14,7.5000,0.194065
extTime,500,30,15,8.0000,0.193801
extTime,500,30,16,8.5000,0.171436
extTime,500,30,17,9.0000,0.154849
extTime,500,30,18,9.5000,0.147170
extTime,500,30,19,10.0000,0.145960
extTime,500,30,20,10.5000,0.147148
extTime,500,30,21,11.0000,0.136560
extTime,500,30,22,11.5000,0.116254
extTime,500,30,23,12.0000,0.124028
extTime,500,30,24,12.5000,0.122757
extTime,500,30,25,13.0000,0.125290
extTime,500,30,26,13.5000,0.133032
extTime,500,30,27,14.0000,0.140521
extTime,500,30,28,14.5000,0.105167
extTime,500,30,29,15.0000,0.117207
extTime,500,30,30,15.5000,0.109148
extTime,500,30,31,16.0000,0.103776
extTime,500,30,32,16.5000,0.109182
extTime,500,30,33,17.0000,0.103930
extTime,500,30,34,17.5000,0.106003
extTime,500,30,35,18.0000,0.107470
extTime,500,30,36,18.5000,0.111833
extTime,500,30,37,19.0000,0.111147
extTime,500,30,38,19.5000,0.104932
extTime,500,30,39,20.0000,0.109047
extTime,500,30,40,20.5000,0.091727
extTime,500,30,41,21.0000,0.095378
extTime,500,30,42,21.5000,0.088499
extTime,500,30,43,22.0000,0.098350
extTime,500,30,44,22.5000,0.096658
extTime,500,30,45,23.0000,0.098895
extTime,500,30,46,23.5000,0.098374
extTime,500,30,47,24.0000,0.107274
extTime,500,30,48,24.5000,0.106552
extTime,500,30,49,25.0000,0.103809
extTime,500,30,50,25.5000,0.104810
extTime,500,30,51,26.0000,0.089120
extTime,500,30,52,26.5000,0.089169
extTime,500,30,53,27.0000,0.086072
extTime,500,30,54,27.5000,0.079736
extTime,500,30,55,28.0000,0.083410
extTime,500,30,56,28.5000,0.080834
extTime,500,30,57,29.0000,0.078319
extTime,500,30,58,29.5000,0.071679
extTime,500,30,59,30.0000,0.071148
extTime,500,30,60,30.5000,0.052950
extTime,500,30,61,31.0000,0.054081
extTime,500,30,62,31.5000,0.056391
extTime,500,30,63,32.0000,0.054582
extTime,500,30,64,32.5000,0.051817
extTime,500,30,65,33.0000,0.048698
extTime,500,30,66,33.5000,0.048730
extTime,500,30,67,34.0000,0.050588
extTime,500,30,68,34.5000,0.048301
extTime,500,30,69,35.0000,0.047665
extTime,500,30,70,35.5000,0.046677
extTime,500,30,71,36.0000,0.046508
extTime,500,30,72,36.5000,0.046215
extTime,500,30,73,37.0000,0.045954
extTime,500,30,74,37.5000,0.045000
extTime,500,30,75,38.0000,0.044849
extTime,500,30,76,38.5000,0.044276
extTime,500,30,77,39.0000,0.044082
extTime,500,30,78,39.5000,0.043836
extTime,500,30,79,40.0000,0.043877
extTime,500,30,80,40.5000,0.043377
extTime,500,30,81,41.0000,0.042923
extTime,500,30,82,41.5000,0.043559
extTime,500,30,83,42.0000,0.043372
extTime,500,30,84,42.5000,0.043063
extTime,500,30,85,43.0000,0.042889
extTime,500,30,86,43.5000,0.045759
extTime,500,30,87,44.0000,0.046085
extTime,500,30,88,44.5000,0.046015
extTime,500,30,89,45.0000,0.046976
extTime,500,30,90,45.5000,0.045436
extTime,500,30,91,46.0000,0.045211
extTime,500,30,92,46.5000,0.045578
extTime,500,30,93,47.0000,0.044972
extTime,500,30,94,47.5000,0.045939
extTime,500,30,95,48.0000,0.047583
extTime,500,30,96,48.5000,0.048979
extTime,500,30,97,49.0000,0.050201
extTime,500,30,98,49.5000,0.048704
extTime,500,30,99,50.0000,0.050425
extTime,500,40,0,0.5000,5.970044
extTime,500,40,1,1.0000,4.917187
extTime,500,40,2,1.5000,4.181687
extTime,500,40,3,2.0000,3.273817
extTime,500,40,4,2.5000,2.576282
extTime,500,40,5,3.0000,2.027291
extTime,500,40,6,3.5000,1.728356
extTime,500,40,7,4.0000,1.377687
extTime,500,40,8,4.5000,1.075493
extTime,500,40,9,5.0000,0.594052
extTime,500,40,10,5.5000,0.449227
extTime,500,40,11,6.0000,0.382610
extTime,500,40,12,6.5000,0.341906
extTime,500,40,13,7.0000,0.316507
extTime,500,40,14,7.5000,0.282362
extTime,500,40,15,8.0000,0.218100
extTime,500,40,16,8.5000,0.206770
extTime,500,40,17,9.0000,0.196235
extTime,500,40,18,9.5000,0.197365
extTime,500,40,19,10.0000,0.163290
extTime,500,40,20,10.5000,0.161993
extTime,500,40,21,11.0000,0.179144
extTime,500,40,22,11.5000,0.171607
extTime,500,40,23,12.0000,0.187048
extTime,500,40,24,12.5000,0.186092
extTime,500,40,25,13.0000,0.178704
extTime,500,40,26,13.5000,0.181848
extTime,500,40,27,14.0000,0.188977
extTime,500,40,28,14.5000,0.192539
extTime,500,40,29,15.0000,0.182269
extTime,500,40,30,15.5000,0.187917
extTime,500,40,31,16.0000,0.184886
extTime,500,40,32,16.5000,0.172397
extTime,500,40,33,17.0000,0.170471
extTime,500,40,34,17.5000,0.160862
extTime,500,40,35,18.0000,0.160818
extTime,500,40,36,18.5000,0.159499
extTime,500,40,37,19.0000,0.150410
extTime,500,40,38,19.5000,0.126676
extTime,500,40,39,20.0000,0.131401
extTime,500,40,40,20.5000,0.126736
extTime,500,40,41,21.0000,0.125533
extTime,500,40,42,21.5000,0.105510
extTime,500,40,43,22.0000,0.113804
extTime,500,40,44,22.5000,0.116928
extTime,500,40,45,23.0000,0.108668
extTime,500,40,46,23.5000,0.111066
extTime,500,40,47,24.0000,0.107432
extTime,500,40,48,24.5000,0.094194
extTime,500,40,49,25.0000,0.091718
extTime,500,40,50,25.5000,0.089029
extTime,500,40,51,26.0000,0.083836
extTime,500,40,52,26.5000,0.091046
extTime,500,40,53,27.0000,0.091296
extTime,500,40,54,27.5000,0.087489
extTime,500,40,55,28.0000,0.090419
extTime,500,40,56,28.5000,0.084329
extTime,500,40,57,29.0000,0.077458
extTime,500,40,58,29.5000,0.077896
extTime,500,40,59,30.0000,0.070599
extTime,500,40,60,30.5000,0.064869
extTime,500,40,61,31.0000,0.069875
extTime,500,40,62,31.5000,0.068959
extTime,500,40,63,32.0000,0.066832
extTime,500,40,64,32.5000,0.070456
extTime,500,40,65,33.0000,0.066036
extTime,500,40,66,33.5000,0.064106
extTime,500,40,67,34.0000,0.069046
extTime,500,40,68,34.5000,0.067351
extTime,500,40,69,35.0000,0.067469
extTime,500,40,70,35.5000,0.066111
extTime,500,40,71,36.0000,0.064154
extTime,500,40,72,36.5000,0.069454
extTime,500,40,73,37.0000,0.065634
extTime,500,40,74,37.5000,0.062984
extTime,500,40,75,38.0000,0.064654
extTime,500,40,76,38.5000,0.069356
extTime,500,40,77,39.0000,0.066800
extTime,500,40,78,39.5000,0.064740
extTime,500,40,79,40.0000,0.065661
extTime,500,40,80,40.5000,0.058665
extTime,500,40,81,41.0000,0.060391
extTime,500,40,82,41.5000,0.054222
extTime,500,40,83,42.0000,0.051181
extTime,500,40,84,42.5000,0.052479
extTime,500,40,85,43.0000,0.056029
extTime,500,40,86,43.5000,0.062561
extTime,500,40,87,44.0000,0.063713
extTime,500,40,88,44.5000,0.060561
extTime,500,40,89,45.0000,0.058184
extTime,500,40,90,45.5000,0.058709
extTime,500,40,91,46.0000,0.056932
extTime,500,40,92,46.5000,0.058398
extTime,500,40,93,47.0000,0.057374
extTime,500,40,94,47.5000,0.056616
extTime,500,40,95,48.0000,0.056307
extTime,500,40,96,48.5000,0.059611
extTime,500,40,97,49.0000,0.061908
extTime,500,40,98,49.5000,0.060668
extTime,500,40,99,50.0000,0.059973
extTime,500,50,0,0.5000,6.164348
extTime,500,50,1,1.0000,4.916906
extTime,500,50,2,1.5000,3.808306
extTime,500,50,3,2.0000,3.298626
extTime,500,50,4,2.5000,2.556233
extTime,500,50,5,3.0000,2.103948
extTime,500,50,6,3.5000,1.701158
extTime,500,50,7,4.0000,1.422079
extTime,500,50,8,4.5000,1.201504
extTime,500,50,9,5.0000,0.839446
extTime,500,50,10,5.5000,0.638286
extTime,500,50,11,6.0000,0.444356
extTime,500,50,12,6.5000,0.327300
extTime,500,50,13,7.0000,0.160261
extTime,500,50,14,7.5000,0.127688
extTime,500,50,15,8.0000,0.123077
extTime,500,50,16,8.5000,0.132500
extTime,500,50,17,9.0000,0.128303
extTime,500,50,18,9.5000,0.112201
extTime,500,50,19,10.0000,0.110044
extTime,500,50,20,10.5000,0.106719
extTime,500,50,21,11.0000,0.110519
extTime,500,50,22,11.5000,0.098704
extTime,500,50,23,12.0000,0.088056
extTime,500,50,24,12.5000,0.086578
extTime,500,50,25,13.0000,0.099241
extTime,500,50,26,13.5000,0.101168
extTime,500,50,27,14.0000,0.101152
extTime,500,50,28,14.5000,0.102250
extTime,500,50,29,15.0000,0.075469
extTime,500,50,30,15.5000,0.075121
extTime,500,50,31,16.0000,0.069925
extTime,500,50,32,16.5000,0.068711
extTime,500,50,33,17.0000,0.067222
extTime,500,50,34,17.5000,0.063820
extTime,500,50,35,18.0000,0.063854
extTime,500,50,36,18.5000,0.063092
extTime,500,50,37,19.0000,0.061967
extTime,500,50,38,19.5000,0.060813
extTime,500,50,39,20.0000,0.060126
extTime,500,50,40,20.5000,0.058459
extTime,500,50,41,21.0000,0.057108
extTime,500,50,42,21.5000,0.056158
extTime,500,50,43,22.0000,0.055810
extTime,500,50,44,22.5000,0.055156
extTime,500,50,45,23.0000,0.054392
extTime,500,50,46,23.5000,0.053735
extTime,500,50,47,24.0000,0.053516
extTime,500,50,48,24.5000,0.053709
extTime,500,50,49,25.0000,0.052752
extTime,500,50,50,25.5000,0.052605
extTime,500,50,51,26.0000,0.053023
extTime,500,50,52,26.5000,0.051654
extTime,500,50,53,27.0000,0.051702
extTime,500,50,54,27.5000,0.051284
extTime,500,50,55,28.0000,0.053293
extTime,500,50,56,28.5000,0.052142
extTime,500,50,57,29.0000,0.050622
extTime,500,50,58,29.5000,0.050019
extTime,500,50,59,30.0000,0.050222
extTime,500,50,60,30.5000,0.049747
extTime,500,50,61,31.0000,0.049762
extTime,500,50,62,31.5000,0.050225
extTime,500,50,63,32.0000,0.050753
extTime,500,50,64,32.5000,0.050110
extTime,500,50,65,33.0000,0.049978
extTime,500,50,66,33.5000,0.049817
extTime,500,50,67,34.0000,0.051930
extTime,500,50,68,34.5000,0.052159
extTime,500,50,69,35.0000,0.050587
extTime,500,50,70,35.5000,0.050431
extTime,500,50,71,36.0000,0.049272
extTime,500,50,72,36.5000,0.051468
extTime,500,50,73,37.0000,0.051534
extTime,500,50,74,37.5000,0.048345
extTime,500,50,75,38.0000,0.047412
extTime,500,50,76,38.5000,0.047123
extTime,500,50,77,39.0000,0.046751
extTime,500,50,78,39.5000,0.046336
extTime,500,50,79,40.0000,0.046105
extTime,500,50,80,40.5000,0.045353
extTime,500,50,81,41.0000,0.044970
extTime,500,50,82,41.5000,0.044652
extTime,500,50,83,42.0000,0.047431
extTime,500,50,84,42.5000,0.047771
extTime,500,50,85,43.0000,0.046357
extTime,500,50,86,43.5000,0.047831
extTime,500,50,87,44.0000,0.047828
extTime,500,50,88,44.5000,0.047999
extTime,500,50,89,45.0000,0.047094
extTime,500,50,90,45.5000,0.047438
extTime,500,50,91,46.0000,0.047059
extTime,500,50,92,46.5000,0.045358
extTime,500,50,93,47.0000,0.048113
extTime,500,50,94,47.5000,0.048040
extTime,500,50,95,48.0000,0.048766
extTime,500,50,96,48.5000,0.046652
extTime,500,50,97,49.0000,0.045124
extTime,500,50,98,49.5000,0.040748
extTime,500,50,99,50.0000,0.039765
fullSamp,1000,10,0,0.5000,6.682934
fullSamp,1000,10,1,1.0000,5.576942
fullSamp,1000,10,2,1.5000,4.482413
fullSamp,1000,10,3,2.0000,4.249563
fullSamp,1000,10,4,2.5000,3.659242
fullSamp,1000,10,5,3.0000,3.334282
fullSamp,1000,10,6,3.5000,2.776432
fullSamp,1000,10,7,4.0000,2.339517
fullSamp,1000,10,8,4.5000,2.015118
fullSamp,1000,10,9,5.0000,1.631767
fullSamp,1000,10,10,5.5000,1.305457
fullSamp,1000,10,11,6.0000,1.162316
fullSamp,1000,10,12,6.5000,0.903461
fullSamp,1000,10,13,7.0000,0.669678
fullSamp,1000,10,14,7.5000,0.549773
fullSamp,1000,10,15,8.0000,0.445556
fullSamp,1000,10,16,8.5000,0.280686
fullSamp,1000,10,17,9.0000,0.197881
fullSamp,1000,10,18,9.5000,0.121956
fullSamp,1000,10,19,10.0000,0.126757
fullSamp,1000,10,20,10.5000,0.106289
fullSamp,1000,10,21,11.0000,0.112960
fullSamp,1000,10,22,11.5000,0.129179
fullSamp,1000,10,23,12.0000,0.133518
fullSamp,1000,10,24,12.5000,0.128903
fullSamp,1000,10,25,13.0000,0.120145
fullSamp,1000,10,26,13.5000,0.104833
fullSamp,1000,10,27,14.0000,0.112300
fullSamp,1000,10,28,14.5000,0.105362
fullSamp,1000,10,29,15.0000,0.099922
fullSamp,1000,10,30,15.5000,0.102254
fullSamp,1000,10,31,16.0000,0.103892
fullSamp,1000,10,32,16.5000,0.101964
fullSamp,1000,10,33,17.0000,0.099244
fullSamp,1000,10,34,17.5000,0.117285
fullSamp,1000,10,35,18.0000,0.114779
fullSamp,1000,10,36,18.5000,0.107561
fullSamp,1000,10,37,19.0000,0.105465
fullSamp,1000,10,38,19.5000,0.115265
fullSamp,1000,10,39,20.0000,0.127276
fullSamp,1000,10,40,20.5000,0.138057
fullSamp,1000,10,41,21.0000,0.126995
fullSamp,1000,10,42,21.5000,0.139675
fullSamp,1000,10,43,22.0000,0.135638
fullSamp,1000,10,44,22.5000,0.135279
fullSamp,1000,10,45,23.0000,0.123298
fullSamp,1000,10,46,23.5000,0.119524
fullSamp,1000,10,47,24.0000,0.111861
fullSamp,1000,10,48,24.5000,0.121456
fullSamp,1000,10,49,25.0000,0.128302
fullSamp,1000,10,50,25.5000,0.125094
fullSamp,1000,10,51,26.0000,0.117492
fullSamp,1000,10,52,26.5000,0.126892
fullSamp,1000,10,53,27.0000,0.125158
fullSamp,1000,10,54,27.5000,0.122586
fullSamp,1000,10,55,28.0000,0.126392
fullSamp,1000,10,56,28.5000,0.126685
fullSamp,1000,10,57,29.0000,0.128953
fullSamp,1000,10,58,29.5000,0.126904
fullSamp,1000,10,59,30.0000,0.125168
fullSamp,1000,10,60,30.5000,0.127121
fullSamp,1000,10,61,31.0000,0.128805
fullSamp,1000,10,62,31.5000,0.137846
fullSamp,1000,10,63,32.0000,0.136604
fullSamp,1000,10,64,32.5000,0.130266
fullSamp,1000,10,65,33.0000,0.124248
fullSamp,1000,10,66,33.5000,0.119178
fullSamp,1000,10,67,34.0000,0.117653
fullSamp,1000,10,68,34.5000,0.119084
fullSamp,1000,10,69,35.0000,0.119361
fullSamp,1000,10,70,35.5000,0.122210
fullSamp,1000,10,71,36.0000,0.121611
fullSamp,1000,10,72,36.5000,0.117992
fullSamp,1000,10,73,37.0000,0.121220
fullSamp,1000,10,74,37.5000,0.118973
fullSamp,1000,10,75,38.0000,0.114320
fullSamp,1000,10,76,38.5000,0.110763
fullSamp,1000,10,77,39.0000,0.118347
fullSamp,1000,10,78,39.5000,0.122058
fullSamp,1000,10,79,40.0000,0.121571
fullSamp,1000,10,80,40.5000,0.123757
fullSamp,1000,10,81,41.0000,0.119381
fullSamp,1000,10,82,41.5000,0.116343
fullSamp,1000,10,83,42.0000,0.116596
fullSamp,1000,10,84,42.5000,0.110317
fullSamp,1000,10,85,43.0000,0.125433
fullSamp,1000,10,86,43.5000,0.120792
fullSamp,1000,10,87,44.0000,0.115685
fullSamp,1000,10,88,44.5000,0.118292
fullSamp,1000,10,89,45.0000,0.116772
fullSamp,1000,10,90,45.5000,0.118211
fullSamp,1000,10,91,46.0000,0.113742
fullSamp,1000,10,92,46.5000,0.114709
fullSamp,1000,10,93,47.0000,0.112457
fullSamp,1000,10,94,47.5000,0.112735
fullSamp,1000,10,95,48.0000,0.110730
fullSamp,1000,10,96,48.5000,0.110968
fullSamp,1000,10,97,49.0000,0.110776
fullSamp,1000,10,98,49.5000,0.108477
fullSamp,1000,10,99,50.0000,0.110549
fullSamp,1000,20,0,0.5000,7.016480
fullSamp,1000,20,1,1.0000,5.797960
fullSamp,1000,20,2,1.5000,5.455018
fullSamp,1000,20,3,2.0000,4.628782
fullSamp,1000,20,4,2.5000,3.875562
fullSamp,1000,20,5,3.0000,3.488479
fullSamp,1000,20,6,3.5000,2.921990
fullSamp,1000,20,7,4.0000,2.442572
fullSamp,1000,20,8,4.5000,1.976804
fullSamp,1000,20,9,5.0000,1.739348
fullSamp,1000,20,10,5.5000,1.490913
fullSamp,1000,20,11,6.0000,1.246414
fullSamp,1000,20,12,6.5000,0.938214
fullSamp,1000,20,13,7.0000,0.698627
fullSamp,1000,20,14,7.5000,0.540033
fullSamp,1000,20,15,8.0000,0.458369
fullSamp,1000,20,16,8.5000,0.268589
fullSamp,1000,20,17,9.0000,0.114365
fullSamp,1000,20,18,9.5000,0.088047
fullSamp,1000,20,19,10.0000,0.086926
fullSamp,1000,20,20,10.5000,0.086025
fullSamp,1000,20,21,11.0000,0.093801
fullSamp,1000,20,22,11.5000,0.084265
fullSamp,1000,20,23,12.0000,0.078613
fullSamp,1000,20,24,12.5000,0.076287
fullSamp,1000,20,25,13.0000,0.073073
fullSamp,1000,20,26,13.5000,0.070393
fullSamp,1000,20,27,14.0000,0.069102
fullSamp,1000,20,28,14.5000,0.070797
fullSamp,1000,20,29,15.0000,0.072377
fullSamp,1000,20,30,15.5000,0.069360
fullSamp,1000,20,31,16.0000,0.067830
fullSamp,1000,20,32,16.5000,0.066461
fullSamp,1000,20,33,17.0000,0.066134
fullSamp,1000,20,34,17.5000,0.064020
fullSamp,1000,20,35,18.0000,0.061771
fullSamp,1000,20,36,18.5000,0.062159
fullSamp,1000,20,37,19.0000,0.061170
fullSamp,1000,20,38,19.5000,0.061458
fullSamp,1000,20,39,20.0000,0.061741
fullSamp,1000,20,40,20.5000,0.062980
fullSamp,1000,20,41,21.0000,0.057415
fullSamp,1000,20,42,21.5000,0.057467
fullSamp,1000,20,43,22.0000,0.057990
fullSamp,1000,20,44,22.5000,0.056846
fullSamp,1000,20,45,23.0000,0.056162
fullSamp,1000,20,46,23.5000,0.054280
fullSamp,1000,20,47,24.0000,0.055347
fullSamp,1000,20,48,24.5000,0.058977
fullSamp,1000,20,49,25.0000,0.056734
fullSamp,1000,20,50,25.5000,0.057230
fullSamp,1000,20,51,26.0000,0.053901
fullSamp,1000,20,52,26.5000,0.054843
fullSamp,1000,20,53,27.0000,0.054621
fullSamp,1000,20,54,27.5000,0.055424
fullSamp,1000,20,55,28.0000,0.052781
fullSamp,1000,20,56,28.5000,0.050413
fullSamp,1000,20,57,29.0000,0.049320
fullSamp,1000,20,58,29.5000,0.049202
fullSamp,1000,20,59,30.0000,0.049186
fullSamp,1000,20,60,30.5000,0.048063
fullSamp,1000,20,61,31.0000,0.047690
fullSamp,1000,20,62,31.5000,0.047129
fullSamp,1000,20,63,32.0000,0.047103
fullSamp,1000,20,64,32.5000,0.048805
fullSamp,1000,20,65,33.0000,0.046445
fullSamp,1000,20,66,33.5000,0.047427
fullSamp,1000,20,67,34.0000,0.047370
fullSamp,1000,20,68,34.5000,0.046568
fullSamp,1000,20,69,35.0000,0.048964
fullSamp,1000,20,70,35.5000,0.048717
fullSamp,1000,20,71,36.0000,0.046731
fullSamp,1000,20,72,36.5000,0.047431
fullSamp,1000,20,73,37.0000,0.047536
fullSamp,1000,20,74,37.5000,0.047002
fullSamp,1000,20,75,38.0000,0.046906
fullSamp,1000,20,76,38.5000,0.045875
fullSamp,1000,20,77,39.0000,0.045909
fullSamp,1000,20,78,39.5000,0.047163
fullSamp,1000,20,79,40.0000,0.048103
fullSamp,1000,20,80,40.5000,0.045612
fullSamp,1000,20,81,41.0000,0.046171
fullSamp,1000,20,82,41.5000,0.046642
fullSamp,1000,20,83,42.0000,0.045111
fullSamp,1000,20,84,42.5000,0.044698
fullSamp,1000,20,85,43.0000,0.041884
fullSamp,1000,20,86,43.5000,0.043594
fullSamp,1000,20,87,44.0000,0.041729
fullSamp,1000,20,88,44.5000,0.039841
fullSamp,1000,20,89,45.0000,0.038646
fullSamp,1000,20,90,45.5000,0.038417
fullSamp,1000,20,91,46.0000,0.039132
fullSamp,1000,20,92,46.5000,0.038244
fullSamp,1000,20,93,47.0000,0.038325
fullSamp,1000,20,94,47.5000,0.038018
fullSamp,1000,20,95,48.0000,0.037671
fullSamp,1000,20,96,48.5000,0.037783
fullSamp,1000,20,97,49.0000,0.037478
fullSamp,1000,20,98,49.5000,0.037086
fullSamp,1000,20,99,50.0000,0.036497
fullSamp,1000,30,0,0.5000,6.193705
fullSamp,1000,30,1,1.0000,5.449539
fullSamp,1000,30,2,1.5000,4.746279
fullSamp,1000,30,3,2.0000,4.199278
fullSamp,1000,30,4,2.5000,3.856378
fullSamp,1000,30,5,3.0000,3.374757
fullSamp,1000,30,6,3.5000,2.808198
fullSamp,1000,30,7,4.0000,2.440703
fullSamp,1000,30,8,4.5000,2.032996
fullSamp,1000,30,9,5.0000,1.678760
fullSamp,1000,30,10,5.5000,1.235281
fullSamp,1000,30,11,6.0000,0.955177
fullSamp,1000,30,12,6.5000,0.809925
fullSamp,1000,30,13,7.0000,0.659716
fullSamp,1000,30,14,7.5000,0.454785
fullSamp,1000,30,15,8.0000,0.330656
fullSamp,1000,30,16,8.5000,0.304465
fullSamp,1000,30,17,9.0000,0.248975
fullSamp,1000,30,18,9.5000,0.198827
fullSamp,1000,30,19,10.0000,0.134126
fullSamp,1000,30,20,10.5000,0.116645
fullSamp,1000,30,21,11.0000,0.112484
fullSamp,1000,30,22,11.5000,0.106728
fullSamp,1000,30,23,12.0000,0.117638
fullSamp,1000,30,24,12.5000,0.109304
fullSamp,1000,30,25,13.0000,0.100607
fullSamp,1000,30,26,13.5000,0.112033
fullSamp,1000,30,27,14.0000,0.117985
fullSamp,1000,30,28,14.5000,0.106304
fullSamp,1000,30,29,15.0000,0.096180
fullSamp,1000,30,30,15.5000,0.109421
fullSamp,1000,30,31,16.0000,0.078912
fullSamp,1000,30,32,16.5000,0.076021
fullSamp,1000,30,33,17.0000,0.073036
fullSamp,1000,30,34,17.5000,0.070003
fullSamp,1000,30,35,18.0000,0.084365
fullSamp,1000,30,36,18.5000,0.083728
fullSamp,1000,30,37,19.0000,0.082955
fullSamp,1000,30,38,19.5000,0.077097
fullSamp,1000,30,39,20.0000,0.072784
fullSamp,1000,30,40,20.5000,0.069201
fullSamp,1000,30,41,21.0000,0.063538
fullSamp,1000,30,42,21.5000,0.057509
fullSamp,1000,30,43,22.0000,0.055676
fullSamp,1000,30,44,22.5000,0.056656
fullSamp,1000,30,45,23.0000,0.053978
fullSamp,1000,30,46,23.5000,0.053559
fullSamp,1000,30,47,24.0000,0.053095
fullSamp,1000,30,48,24.5000,0.050047
fullSamp,1000,30,49,25.0000,0.050029
fullSamp,1000,30,50,25.5000,0.049483
fullSamp,1000,30,51,26.0000,0.047760
fullSamp,1000,30,52,26.5000,0.047196
fullSamp,1000,30,53,27.0000,0.046795
fullSamp,1000,30,54,27.5000,0.046376
fullSamp,1000,30,55,28.0000,0.046579
fullSamp,1000,30,56,28.5000,0.045682
fullSamp,1000,30,57,29.0000,0.045524
fullSamp,1000,30,58,29.5000,0.044367
fullSamp,1000,30,59,30.0000,0.044036
fullSamp,1000,30,60,30.5000,0.044137
fullSamp,1000,30,61,31.0000,0.043992
fullSamp,1000,30,62,31.5000,0.043942
fullSamp,1000,30,63,32.0000,0.043316
fullSamp,1000,30,64,32.5000,0.043854
fullSamp,1000,30,65,33.0000,0.043324
fullSamp,1000,30,66,33.5000,0.043096
fullSamp,1000,30,67,34.0000,0.043421
fullSamp,1000,30,68,34.5000,0.043229
fullSamp,1000,30,69,35.0000,0.042756
fullSamp,1000,30,70,35.5000,0.042538
fullSamp,1000,30,71,36.0000,0.042120
fullSamp,1000,30,72,36.5000,0.042217
fullSamp,1000,30,73,37.0000,0.041676
fullSamp,1000,30,74,37.5000,0.041424
fullSamp,1000,30,75,38.0000,0.041230
fullSamp,1000,30,76,38.5000,0.041082
fullSamp,1000,30,77,39.0000,0.040501
fullSamp,1000,30,78,39.5000,0.040806
fullSamp,1000,30,79,40.0000,0.041096
fullSamp,1000,30,80,40.5000,0.045210
fullSamp,1000,30,81,41.0000,0.045186
fullSamp,1000,30,82,41.5000,0.046497
fullSamp,1000,30,83,42.0000,0.043750
fullSamp,1000,30,84,42.5000,0.042302
fullSamp,1000,30,85,43.0000,0.041225
fullSamp,1000,30,86,43.5000,0.039863
fullSamp,1000,30,87,44.0000,0.038231
fullSamp,1000,30,88,44.5000,0.038106
fullSamp,1000,30,89,45.0000,0.037397
fullSamp,1000,30,90,45.5000,0.037922
fullSamp,1000,30,91,46.0000,0.037628
fullSamp,1000,30,92,46.5000,0.037326
fullSamp,1000,30,93,47.0000,0.036923
fullSamp,1000,30,94,47.5000,0.036806
fullSamp,1000,30,95,48.0000,0.036734
fullSamp,1000,30,96,48.5000,0.036793
fullSamp,1000,30,97,49.0000,0.037220
fullSamp,1000,30,98,49.5000,0.037025
fullSamp,1000,30,99,50.0000,0.037044
fullSamp,1000,40,0,0.5000,6.552978
fullSamp,1000,40,1,1.0000,5.979407
fullSamp,1000,40,2,1.5000,4.684247
fullSamp,1000,40,3,2.0000,4.109327
fullSamp,1000,40,4,2.5000,3.632146
fullSamp,1000,40,5,3.0000,3.312107
fullSamp,1000,40,6,3.5000,2.888326
fullSamp,1000,40,7,4.0000,2.400367
fullSamp,1000,40,8,4.5000,2.074701
fullSamp,1000,40,9,5.0000,1.721198
fullSamp,1000,40,10,5.5000,1.476785
fullSamp,1000,40,11,6.0000,1.184387
fullSamp,1000,40,12,6.5000,0.849313
fullSamp,1000,40,13,7.0000,0.589324
fullSamp,1000,40,14,7.5000,0.446994
fullSamp,1000,40,15,8.0000,0.320738
fullSamp,1000,40,16,8.5000,0.258023
fullSamp,1000,40,17,9.0000,0.160720
fullSamp,1000,40,18,9.5000,0.089373
fullSamp,1000,40,19,10.0000,0.081964
fullSamp,1000,40,20,10.5000,0.083079
fullSamp,1000,40,21,11.0000,0.078452
fullSamp,1000,40,22,11.5000,0.083683
fullSamp,1000,40,23,12.0000,0.084899
fullSamp,1000,40,24,12.5000,0.088910
fullSamp,1000,40,25,13.0000,0.088813
fullSamp,1000,40,26,13.5000,0.089379
fullSamp,1000,40,27,14.0000,0.094645
fullSamp,1000,40,28,14.5000,0.094731
fullSamp,1000,40,29,15.0000,0.091512
fullSamp,1000,40,30,15.5000,0.089601
fullSamp,1000,40,31,16.0000,0.087744
fullSamp,1000,40,32,16.5000,0.100995
fullSamp,1000,40,33,17.0000,0.101946
fullSamp,1000,40,34,17.5000,0.106714
fullSamp,1000,40,35,18.0000,0.105451
fullSamp,1000,40,36,18.5000,0.097987
fullSamp,1000,40,37,19.0000,0.099028
fullSamp,1000,40,38,19.5000,0.093118
fullSamp,1000,40,39,20.0000,0.095984
fullSamp,1000,40,40,20.5000,0.093475
fullSamp,1000,40,41,21.0000,0.090933
fullSamp,1000,40,42,21.5000,0.082790
fullSamp,1000,40,43,22.0000,0.082482
fullSamp,1000,40,44,22.5000,0.081804
fullSamp,1000,40,45,23.0000,0.081761
fullSamp,1000,40,46,23.5000,0.083350
fullSamp,1000,40,47,24.0000,0.085186
fullSamp,1000,40,48,24.5000,0.083127
fullSamp,1000,40,49,25.0000,0.078134
fullSamp,1000,40,50,25.5000,0.080077
fullSamp,1000,40,51,26.0000,0.074375
fullSamp,1000,40,52,26.5000,0.069260
fullSamp,1000,40,53,27.0000,0.065625
fullSamp,1000,40,54,27.5000,0.063368
fullSamp,1000,40,55,28.0000,0.061460
fullSamp,1000,40,56,28.5000,0.061266
fullSamp,1000,40,57,29.0000,0.063237
fullSamp,1000,40,58,29.5000,0.062554
fullSamp,1000,40,59,30.0000,0.053782
fullSamp,1000,40,60,30.5000,0.051455
fullSamp,1000,40,61,31.0000,0.048243
fullSamp,1000,40,62,31.5000,0.047421
fullSamp,1000,40,63,32.0000,0.044871
fullSamp,1000,40,64,32.5000,0.044437
fullSamp,1000,40,65,33.0000,0.045707
fullSamp,1000,40,66,33.5000,0.044488
fullSamp,1000,40,67,34.0000,0.044563
fullSamp,1000,40,68,34.5000,0.043057
fullSamp,1000,40,69,35.0000,0.042467
fullSamp,1000,40,70,35.5000,0.042278
fullSamp,1000,40,71,36.0000,0.041577
fullSamp,1000,40,72,36.5000,0.042173
fullSamp,1000,40,73,37.0000,0.043775
fullSamp,1000,40,74,37.5000,0.043550
fullSamp,1000,40,75,38.0000,0.043821
fullSamp,1000,40,76,38.5000,0.045539
fullSamp,1000,40,77,39.0000,0.044057
fullSamp,1000,40,78,39.5000,0.043349
fullSamp,1000,40,79,40.0000,0.045463
fullSamp,1000,40,80,40.5000,0.045520
fullSamp,1000,40,81,41.0000,0.045870
fullSamp,1000,40,82,41.5000,0.041581
fullSamp,1000,40,83,42.0000,0.041039
fullSamp,1000,40,84,42.5000,0.040269
fullSamp,1000,40,85,43.0000,0.040188
fullSamp,1000,40,86,43.5000,0.039154
fullSamp,1000,40,87,44.0000,0.038966
fullSamp,1000,40,88,44.5000,0.039883
fullSamp,1000,40,89,45.0000,0.038311
fullSamp,1000,40,90,45.5000,0.037656
fullSamp,1000,40,91,46.0000,0.037492
fullSamp,1000,40,92,46.5000,0.037180
fullSamp,1000,40,93,47.0000,0.037374
fullSamp,1000,40,94,47.5000,0.037221
fullSamp,1000,40,95,48.0000,0.037175
fullSamp,1000,40,96,48.5000,0.037111
fullSamp,1000,40,97,49.0000,0.036481
fullSamp,1000,40,98,49.5000,0.035729
fullSamp,1000,40,99,50.0000,0.035680
fullSamp,1000,50,0,0.5000,6.820391
fullSamp,1000,50,1,1.0000,5.591727
fullSamp,1000,50,2,1.5000,4.548187
fullSamp,1000,50,3,2.0000,4.158029
fullSamp,1000,50,4,2.5000,3.850890
fullSamp,1000,50,5,3.0000,3.298252
fullSamp,1000,50,6,3.5000,2.920125
fullSamp,1000,50,7,4.0000,2.547233
fullSamp,1000,50,8,4.5000,1.989543
fullSamp,1000,50,9,5.0000,1.776512
fullSamp,1000,50,10,5.5000,1.472207
fullSamp,1000,50,11,6.0000,1.044311
fullSamp,1000,50,12,6.5000,0.951298
fullSamp,1000,50,13,7.0000,0.712362
fullSamp,1000,50,14,7.5000,0.517337
fullSamp,1000,50,15,8.0000,0.403394
fullSamp,1000,50,16,8.5000,0.231248
fullSamp,1000,50,17,9.0000,0.125163
fullSamp,1000,50,18,9.5000,0.106116
fullSamp,1000,50,19,10.0000,0.090266
fullSamp,1000,50,20,10.5000,0.084896
fullSamp,1000,50,21,11.0000,0.081421
fullSamp,1000,50,22,11.5000,0.076376
fullSamp,1000,50,23,12.0000,0.076395
fullSamp,1000,50,24,12.5000,0.075484
fullSamp,1000,50,25,13.0000,0.070722
fullSamp,1000,50,26,13.5000,0.068708
fullSamp,1000,50,27,14.0000,0.068305
fullSamp,1000,50,28,14.5000,0.066535
fullSamp,1000,50,29,15.0000,0.064732
fullSamp,1000,50,30,15.5000,0.063038
fullSamp,1000,50,31,16.0000,0.065069
fullSamp,1000,50,32,16.5000,0.067376
fullSamp,1000,50,33,17.0000,0.067378
fullSamp,1000,50,34,17.5000,0.069870
fullSamp,1000,50,35,18.0000,0.060775
fullSamp,1000,50,36,18.5000,0.059765
fullSamp,1000,50,37,19.0000,0.057501
fullSamp,1000,50,38,19.5000,0.057177
fullSamp,1000,50,39,20.0000,0.055232
fullSamp,1000,50,40,20.5000,0.055044
fullSamp,1000,50,41,21.0000,0.054572
fullSamp,1000,50,42,21.5000,0.054770
fullSamp,1000,50,43,22.0000,0.053240
fullSamp,1000,50,44,22.5000,0.052397
fullSamp,1000,50,45,23.0000,0.052170
fullSamp,1000,50,46,23.5000,0.051024
fullSamp,1000,50,47,24.0000,0.051142
fullSamp,1000,50,48,24.5000,0.050973
fullSamp,1000,50,49,25.0000,0.050797
fullSamp,1000,50,50,25.5000,0.050688
fullSamp,1000,50,51,26.0000,0.050966
fullSamp,1000,50,52,26.5000,0.049607
fullSamp,1000,50,53,27.0000,0.048988
fullSamp,1000,50,54,27.5000,0.049202
fullSamp,1000,50,55,28.0000,0.048615
fullSamp,1000,50,56,28.5000,0.047581
fullSamp,1000,50,57,29.0000,0.047580
fullSamp,1000,50,58,29.5000,0.047740
fullSamp,1000,50,59,30.0000,0.047589
fullSamp,1000,50,60,30.5000,0.047747
fullSamp,1000,50,61,31.0000,0.047621
fullSamp,1000,50,62,31.5000,0.046814
fullSamp,1000,50,63,32.0000,0.046790
fullSamp,1000,50,64,32.5000,0.047062
fullSamp,1000,50,65,33.0000,0.047041
fullSamp,1000,50,66,33.5000,0.045864
fullSamp,1000,50,67,34.0000,0.047745
fullSamp,1000,50,68,34.5000,0.049507
fullSamp,1000,50,69,35.0000,0.050946
fullSamp,1000,50,70,35.5000,0.048443
fullSamp,1000,50,71,36.0000,0.046315
fullSamp,1000,50,72,36.5000,0.044825
fullSamp,1000,50,73,37.0000,0.046972
fullSamp,1000,50,74,37.5000,0.045378
fullSamp,1000,50,75,38.0000,0.043386
fullSamp,1000,50,76,38.5000,0.042009
fullSamp,1000,50,77,39.0000,0.042362
fullSamp,1000,50,78,39.5000,0.042970
fullSamp,1000,50,79,40.0000,0.042358
fullSamp,1000,50,80,40.5000,0.042368
fullSamp,1000,50,81,41.0000,0.041097
fullSamp,1000,50,82,41.5000,0.040059
fullSamp,1000,50,83,42.0000,0.039754
fullSamp,1000,50,84,42.5000,0.039275
fullSamp,1000,50,85,43.0000,0.039169
fullSamp,1000,50,86,43.5000,0.039077
fullSamp,1000,50,87,44.0000,0.038254
fullSamp,1000,50,88,44.5000,0.038324
fullSamp,1000,50,89,45.0000,0.038373
fullSamp,1000,50,90,45.5000,0.038396
fullSamp,1000,50,91,46.0000,0.039055
fullSamp,1000,50,92,46.5000,0.039239
fullSamp,1000,50,93,47.0000,0.040612
fullSamp,1000,50,94,47.5000,0.038804
fullSamp,1000,50,95,48.0000,0.037895
fullSamp,1000,50,96,48.5000,0.037379
fullSamp,1000,50,97,49.0000,0.036257
fullSamp,1000,50,98,49.5000,0.037141
fullSamp,1000,50,99,50.0000,0.036342
fullSamp,100,10,0,0.5000,3.541248
fullSamp,100,10,1,1.0000,1.914744
fullSamp,100,10,2,1.5000,1.094768
fullSamp,100,10,3,2.0000,0.473799
fullSamp,100,10,4,2.5000,0.249363
fullSamp,100,10,5,3.0000,0.169005
fullSamp,100,10,6,3.5000,0.145143
fullSamp,100,10,7,4.0000,0.151616
fullSamp,100,10,8,4.5000,0.155186
fullSamp,100,10,9,5.0000,0.148073
fullSamp,100,10,10,5.5000,0.161349
fullSamp,100,10,11,6.0000,0.175746
fullSamp,100,10,12,6.5000,0.166559
fullSamp,100,10,13,7.0000,0.162699
fullSamp,100,10,14,7.5000,0.151487
fullSamp,100,10,15,8.0000,0.116719
fullSamp,100,10,16,8.5000,0.119246
fullSamp,100,10,17,9.0000,0.123832
fullSamp,100,10,18,9.5000,0.134867
fullSamp,100,10,19,10.0000,0.156613
fullSamp,100,10,20,10.5000,0.138355
fullSamp,100,10,21,11.0000,0.130877
fullSamp,100,10,22,11.5000,0.124629
fullSamp,100,10,23,12.0000,0.120625
fullSamp,100,10,24,12.5000,0.119833
fullSamp,100,10,25,13.0000,0.126292
fullSamp,100,10,26,13.5000,0.119622
fullSamp,100,10,27,14.0000,0.119371
fullSamp,100,10,28,14.5000,0.123647
fullSamp,100,10,29,15.0000,0.110250
fullSamp,100,10,30,15.5000,0.107055
fullSamp,100,10,31,16.0000,0.103966
fullSamp,100,10,32,16.5000,0.104076
fullSamp,100,10,33,17.0000,0.103145
fullSamp,100,10,34,17.5000,0.100842
fullSamp,100,10,35,18.0000,0.110568
fullSamp,100,10,36,18.5000,0.108391
fullSamp,100,10,37,19.0000,0.101103
fullSamp,100,10,38,19.5000,0.090509
fullSamp,100,10,39,20.0000,0.090028
fullSamp,100,10,40,20.5000,0.087873
fullSamp,100,10,41,21.0000,0.081369
fullSamp,100,10,42,21.5000,0.078566
fullSamp,100,10,43,22.0000,0.075686
fullSamp,100,10,44,22.5000,0.069438
fullSamp,100,10,45,23.0000,0.066105
fullSamp,100,10,46,23.5000,0.063593
fullSamp,100,10,47,24.0000,0.058621
fullSamp,100,10,48,24.5000,0.057805
fullSamp,100,10,49,25.0000,0.057044
fullSamp,100,10,50,25.5000,0.057768
fullSamp,100,10,51,26.0000,0.056487
fullSamp,100,10,52,26.5000,0.054952
fullSamp,100,10,53,27.0000,0.054611
fullSamp,100,10,54,27.5000,0.053903
fullSamp,100,10,55,28.0000,0.054119
fullSamp,100,10,56,28.5000,0.053800
fullSamp,100,10,57,29.0000,0.053689
fullSamp,100,10,58,29.5000,0.053264
fullSamp,100,10,59,30.0000,0.055862
fullSamp,100,10,60,30.5000,0.056560
fullSamp,100,10,61,31.0000,0.057037
fullSamp,100,10,62,31.5000,0.057670
fullSamp,100,10,63,32.0000,0.059484
fullSamp,100,10,64,32.5000,0.057258
fullSamp,100,10,65,33.0000,0.057048
fullSamp,100,10,66,33.5000,0.054532
fullSamp,100,10,67,34.0000,0.052699
fullSamp,100,10,68,34.5000,0.053883
fullSamp,100,10,69,35.0000,0.052295
fullSamp,100,10,70,35.5000,0.050885
fullSamp,100,10,71,36.0000,0.052276
fullSamp,100,10,72,36.5000,0.053292
fullSamp,100,10,73,37.0000,0.048182
fullSamp,100,10,74,37.5000,0.047355
fullSamp,100,10,75,38.0000,0.047486
fullSamp,100,10,76,38.5000,0.047018
fullSamp,100,10,77,39.0000,0.044996
fullSamp,100,10,78,39.5000,0.043623
fullSamp,100,10,79,40.0000,0.043992
fullSamp,100,10,80,40.5000,0.045265
fullSamp,100,10,81,41.0000,0.047308
fullSamp,100,10,82,41.5000,0.046270
fullSamp,100,10,83,42.0000,0.046121
fullSamp,100,10,84,42.5000,0.049657
fullSamp,100,10,85,43.0000,0.050455
fullSamp,100,10,86,43.5000,0.049304
fullSamp,100,10,87,44.0000,0.052153
fullSamp,100,10,88,44.5000,0.052946
fullSamp,100,10,89,45.0000,0.045789
fullSamp,100,10,90,45.5000,0.045949
fullSamp,100,10,91,46.0000,0.045235
fullSamp,100,10,92,46.5000,0.044626
fullSamp,100,10,93,47.0000,0.044050
fullSamp,100,10,94,47.5000,0.040971
fullSamp,100,10,95,48.0000,0.042207
fullSamp,100,10,96,48.5000,0.042938
fullSamp,100,10,97,49.0000,0.041770
fullSamp,100,10,98,49.5000,0.042171
fullSamp,100,10,99,50.0000,0.042707
fullSamp,100,20,0,0.5000,3.512382
fullSamp,100,20,1,1.0000,1.877681
fullSamp,100,20,2,1.5000,1.006453
fullSamp,100,20,3,2.0000,0.559112
fullSamp,100,20,4,2.5000,0.303826
fullSamp,100,20,5,3.0000,0.223284
fullSamp,100,20,6,3.5000,0.204974
fullSamp,100,20,7,4.0000,0.180228
fullSamp,100,20,8,4.5000,0.198749
fullSamp,100,20,9,5.0000,0.230944
fullSamp,100,20,10,5.5000,0.212671
fullSamp,100,20,11,6.0000,0.174424
fullSamp,100,20,12,6.5000,0.166880
fullSamp,100,20,13,7.0000,0.128711
fullSamp,100,20,14,7.5000,0.127327
fullSamp,100,20,15,8.0000,0.113866
fullSamp,100,20,16,8.5000,0.105407
fullSamp,100,20,17,9.0000,0.127628
fullSamp,100,20,18,9.5000,0.119444
fullSamp,100,20,19,10.0000,0.132457
fullSamp,100,20,20,10.5000,0.121468
fullSamp,100,20,21,11.0000,0.127671
fullSamp,100,20,22,11.5000,0.115894
fullSamp,100,20,23,12.0000,0.121440
fullSamp,100,20,24,12.5000,0.109829
fullSamp,100,20,25,13.0000,0.109477
fullSamp,100,20,26,13.5000,0.100812
fullSamp,100,20,27,14.0000,0.109626
fullSamp,100,20,28,14.5000,0.122493
fullSamp,100,20,29,15.0000,0.122642
fullSamp,100,20,30,15.5000,0.122023
fullSamp,100,20,31,16.0000,0.126684
fullSamp,100,20,32,16.5000,0.135262
fullSamp,100,20,33,17.0000,0.134121
fullSamp,100,20,34,17.5000,0.134628
fullSamp,100,20,35,18.0000,0.124050
fullSamp,100,20,36,18.5000,0.119557
fullSamp,100,20,37,19.0000,0.121538
fullSamp,100,20,38,19.5000,0.109382
fullSamp,100,20,39,20.0000,0.106355
fullSamp,100,20,40,20.5000,0.113891
fullSamp,100,20,41,21.0000,0.114206
fullSamp,100,20,42,21.5000,0.115542
fullSamp,100,20,43,22.0000,0.110495
fullSamp,100,20,44,22.5000,0.111571
fullSamp,100,20,45,23.0000,0.111314
fullSamp,100,20,46,23.5000,0.110314
fullSamp,100,20,47,24.0000,0.106699
fullSamp,100,20,48,24.5000,0.101802
fullSamp,100,20,49,25.0000,0.101880
fullSamp,100,20,50,25.5000,0.098757
fullSamp,100,20,51,26.0000,0.095892
fullSamp,100,20,52,26.5000,0.095607
fullSamp,100,20,53,27.0000,0.092061
fullSamp,100,20,54,27.5000,0.087589
fullSamp,100,20,55,28.0000,0.089372
fullSamp,100,20,56,28.5000,0.090487
fullSamp,100,20,57,29.0000,0.095899
fullSamp,100,20,58,29.5000,0.095481
fullSamp,100,20,59,30.0000,0.091484
fullSamp,100,20,60,30.5000,0.094265
fullSamp,100,20,61,31.0000,0.097046
fullSamp,100,20,62,31.5000,0.094582
fullSamp,100,20,63,32.0000,0.089840
fullSamp,100,20,64,32.5000,0.092568
fullSamp,100,20,65,33.0000,0.098938
fullSamp,100,20,66,33.5000,0.090220
fullSamp,100,20,67,34.0000,0.088770
fullSamp,100,20,68,34.5000,0.090667
fullSamp,100,20,69,35.0000,0.096320
fullSamp,100,20,70,35.5000,0.092217
fullSamp,100,20,71,36.0000,0.094648
fullSamp,100,20,72,36.5000,0.096436
fullSamp,100,20,73,37.0000,0.097065
fullSamp,100,20,74,37.5000,0.092167
fullSamp,100,20,75,38.0000,0.091348
fullSamp,100,20,76,38.5000,0.087173
fullSamp,100,20,77,39.0000,0.082440
fullSamp,100,20,78,39.5000,0.081964
fullSamp,100,20,79,40.0000,0.082906
fullSamp,100,20,80,40.5000,0.082858
fullSamp,100,20,81,41.0000,0.085073
fullSamp,100,20,82,41.5000,0.081013
fullSamp,100,20,83,42.0000,0.084367
fullSamp,100,20,84,42.5000,0.084454
fullSamp,100,20,85,43.0000,0.085975
fullSamp,100,20,86,43.5000,0.082334
fullSamp,100,20,87,44.0000,0.090155
fullSamp,100,20,88,44.5000,0.096775
fullSamp,100,20,89,45.0000,0.100632
fullSamp,100,20,90,45.5000,0.099741
fullSamp,100,20,91,46.0000,0.103804
fullSamp,100,20,92,46.5000,0.099229
fullSamp,100,20,93,47.0000,0.093981
fullSamp,100,20,94,47.5000,0.090654
fullSamp,100,20,95,48.0000,0.089218
fullSamp,100,20,96,48.5000,0.086068
fullSamp,100,20,97,49.0000,0.084681
fullSamp,100,20,98,49.5000,0.082903
fullSamp,100,20,99,50.0000,0.083592
fullSamp,100,30,0,0.5000,3.613916
fullSamp,100,30,1,1.0000,1.926850
fullSamp,100,30,2,1.5000,0.943873
fullSamp,100,30,3,2.0000,0.562674
fullSamp,100,30,4,2.5000,0.361650
fullSamp,100,30,5,3.0000,0.214490
fullSamp,100,30,6,3.5000,0.176847
fullSamp,100,30,7,4.0000,0.155217
fullSamp,100,30,8,4.5000,0.145319
fullSamp,100,30,9,5.0000,0.135444
fullSamp,100,30,10,5.5000,0.126366
fullSamp,100,30,11,6.0000,0.118694
fullSamp,100,30,12,6.5000,0.112439
fullSamp,100,30,13,7.0000,0.116265
fullSamp,100,30,14,7.5000,0.141618
fullSamp,100,30,15,8.0000,0.113033
fullSamp,100,30,16,8.5000,0.096285
fullSamp,100,30,17,9.0000,0.101222
fullSamp,100,30,18,9.5000,0.095567
fullSamp,100,30,19,10.0000,0.095547
fullSamp,100,30,20,10.5000,0.098610
fullSamp,100,30,21,11.0000,0.090557
fullSamp,100,30,22,11.5000,0.100362
fullSamp,100,30,23,12.0000,0.097400
fullSamp,100,30,24,12.5000,0.091314
fullSamp,100,30,25,13.0000,0.091526
fullSamp,100,30,26,13.5000,0.089866
fullSamp,100,30,27,14.0000,0.081258
fullSamp,100,30,28,14.5000,0.077965
fullSamp,100,30,29,15.0000,0.074903
fullSamp,100,30,30,15.5000,0.075223
fullSamp,100,30,31,16.0000,0.071984
fullSamp,100,30,32,16.5000,0.073365
fullSamp,100,30,33,17.0000,0.071215
fullSamp,100,30,34,17.5000,0.071820
fullSamp,100,30,35,18.0000,0.068711
fullSamp,100,30,36,18.5000,0.067867
fullSamp,100,30,37,19.0000,0.080266
fullSamp,100,30,38,19.5000,0.079633
fullSamp,100,30,39,20.0000,0.078334
fullSamp,100,30,40,20.5000,0.073926
fullSamp,100,30,41,21.0000,0.077794
fullSamp,100,30,42,21.5000,0.075779
fullSamp,100,30,43,22.0000,0.073130
fullSamp,100,30,44,22.5000,0.071448
fullSamp,100,30,45,23.0000,0.070374
fullSamp,100,30,46,23.5000,0.066576
fullSamp,100,30,47,24.0000,0.064681
fullSamp,100,30,48,24.5000,0.066054
fullSamp,100,30,49,25.0000,0.062170
fullSamp,100,30,50,25.5000,0.060488
fullSamp,100,30,51,26.0000,0.060935
fullSamp,100,30,52,26.5000,0.058546
fullSamp,100,30,53,27.0000,0.060139
fullSamp,100,30,54,27.5000,0.061687
fullSamp,100,30,55,28.0000,0.059361
fullSamp,100,30,56,28.5000,0.056706
fullSamp,100,30,57,29.0000,0.054465
fullSamp,100,30,58,29.5000,0.052874
fullSamp,100,30,59,30.0000,0.054022
fullSamp,100,30,60,30.5000,0.052381
fullSamp,100,30,61,31.0000,0.052363
fullSamp,100,30,62,31.5000,0.055309
fullSamp,100,30,63,32.0000,0.054634
fullSamp,100,30,64,32.5000,0.054307
fullSamp,100,30,65,33.0000,0.053242
fullSamp,100,30,66,33.5000,0.052350
fullSamp,100,30,67,34.0000,0.051881
fullSamp,100,30,68,34.5000,0.052033
fullSamp,100,30,69,35.0000,0.051039
fullSamp,100,30,70,35.5000,0.052206
fullSamp,100,30,71,36.0000,0.053202
fullSamp,100,30,72,36.5000,0.051206
fullSamp,100,30,73,37.0000,0.050977
fullSamp,100,30,74,37.5000,0.051415
fullSamp,100,30,75,38.0000,0.051232
fullSamp,100,30,76,38.5000,0.052532
fullSamp,100,30,77,39.0000,0.050399
fullSamp,100,30,78,39.5000,0.049298
fullSamp,100,30,79,40.0000,0.049799
fullSamp,100,30,80,40.5000,0.049463
fullSamp,100,30,81,41.0000,0.049564
fullSamp,100,30,82,41.5000,0.049417
fullSamp,100,30,83,42.0000,0.049179
fullSamp,100,30,84,42.5000,0.047771
fullSamp,100,30,85,43.0000,0.047453
fullSamp,100,30,86,43.5000,0.046780
fullSamp,100,30,87,44.0000,0.046126
fullSamp,100,30,88,44.5000,0.045810
fullSamp,100,30,89,45.0000,0.046302
fullSamp,100,30,90,45.5000,0.046951
fullSamp,100,30,91,46.0000,0.045996
fullSamp,100,30,92,46.5000,0.045437
fullSamp,100,30,93,47.0000,0.045725
fullSamp,100,30,94,47.5000,0.045619
fullSamp,100,30,95,48.0000,0.045124
fullSamp,100,30,96,48.5000,0.045219
fullSamp,100,30,97,49.0000,0.044923
fullSamp,100,30,98,49.5000,0.045034
fullSamp,100,30,99,50.0000,0.044530
fullSamp,100,40,0,0.5000,3.472780
fullSamp,100,40,1,1.0000,1.999858
fullSamp,100,40,2,1.5000,1.175209
fullSamp,100,40,3,2.0000,0.559632
fullSamp,100,40,4,2.5000,0.287631
fullSamp,100,40,5,3.0000,0.263222
fullSamp,100,40,6,3.5000,0.194705
fullSamp,100,40,7,4.0000,0.180804
fullSamp,100,40,8,4.5000,0.171479
fullSamp,100,40,9,5.0000,0.150767
fullSamp,100,40,10,5.5000,0.179766
fullSamp,100,40,11,6.0000,0.161231
fullSamp,100,40,12,6.5000,0.122457
fullSamp,100,40,13,7.0000,0.121815
fullSamp,100,40,14,7.5000,0.142635
fullSamp,100,40,15,8.0000,0.149933
fullSamp,100,40,16,8.5000,0.134276
fullSamp,100,40,17,9.0000,0.135322
fullSamp,100,40,18,9.5000,0.114977
fullSamp,100,40,19,10.0000,0.147429
fullSamp,100,40,20,10.5000,0.151890
fullSamp,100,40,21,11.0000,0.158158
fullSamp,100,40,22,11.5000,0.143753
fullSamp,100,40,23,12.0000,0.139665
fullSamp,100,40,24,12.5000,0.130615
fullSamp,100,40,25,13.0000,0.141374
fullSamp,100,40,26,13.5000,0.142005
fullSamp,100,40,27,14.0000,0.138980
fullSamp,100,40,28,14.5000,0.151359
fullSamp,100,40,29,15.0000,0.152735
fullSamp,100,40,30,15.5000,0.152662
fullSamp,100,40,31,16.0000,0.143860
fullSamp,100,40,32,16.5000,0.140788
fullSamp,100,40,33,17.0000,0.122800
fullSamp,100,40,34,17.5000,0.117425
fullSamp,100,40,35,18.0000,0.122970
fullSamp,100,40,36,18.5000,0.124367
fullSamp,100,40,37,19.0000,0.126551
fullSamp,100,40,38,19.5000,0.136033
fullSamp,100,40,39,20.0000,0.134879
fullSamp,100,40,40,20.5000,0.122984
fullSamp,100,40,41,21.0000,0.124774
fullSamp,100,40,42,21.5000,0.113152
fullSamp,100,40,43,22.0000,0.106795
fullSamp,100,40,44,22.5000,0.114705
fullSamp,100,40,45,23.0000,0.108539
fullSamp,100,40,46,23.5000,0.113366
fullSamp,100,40,47,24.0000,0.114809
fullSamp,100,40,48,24.5000,0.116933
fullSamp,100,40,49,25.0000,0.126881
fullSamp,100,40,50,25.5000,0.120574
fullSamp,100,40,51,26.0000,0.116355
fullSamp,100,40,52,26.5000,0.117470
fullSamp,100,40,53,27.0000,0.114468
fullSamp,100,40,54,27.5000,0.111872
fullSamp,100,40,55,28.0000,0.112462
fullSamp,100,40,56,28.5000,0.114879
fullSamp,100,40,57,29.0000,0.107842
fullSamp,100,40,58,29.5000,0.117744
fullSamp,100,40,59,30.0000,0.118300
fullSamp,100,40,60,30.5000,0.116577
fullSamp,100,40,61,31.0000,0.121721
fullSamp,100,40,62,31.5000,0.117165
fullSamp,100,40,63,32.0000,0.117959
fullSamp,100,40,64,32.5000,0.109245
fullSamp,100,40,65,33.0000,0.107587
fullSamp,100,40,66,33.5000,0.103269
fullSamp,100,40,67,34.0000,0.096669
fullSamp,100,40,68,34.5000,0.093182
fullSamp,100,40,69,35.0000,0.099733
fullSamp,100,40,70,35.5000,0.102330
fullSamp,100,40,71,36.0000,0.096891
fullSamp,100,40,72,36.5000,0.102347
fullSamp,100,40,73,37.0000,0.097442
fullSamp,100,40,74,37.5000,0.093713
fullSamp,100,40,75,38.0000,0.087345
fullSamp,100,40,76,38.5000,0.084195
fullSamp,100,40,77,39.0000,0.092672
fullSamp,100,40,78,39.5000,0.093972
fullSamp,100,40,79,40.0000,0.091089
fullSamp,100,40,80,40.5000,0.091174
fullSamp,100,40,81,41.0000,0.089323
fullSamp,100,40,82,41.5000,0.087435
fullSamp,100,40,83,42.0000,0.082494
fullSamp,100,40,84,42.5000,0.083368
fullSamp,100,40,85,43.0000,0.088195
fullSamp,100,40,86,43.5000,0.094764
fullSamp,100,40,87,44.0000,0.092730
fullSamp,100,40,88,44.5000,0.089935
fullSamp,100,40,89,45.0000,0.092158
fullSamp,100,40,90,45.5000,0.093005
fullSamp,100,40,91,46.0000,0.097176
fullSamp,100,40,92,46.5000,0.095930
fullSamp,100,40,93,47.0000,0.098589
fullSamp,100,40,94,47.5000,0.097437
fullSamp,100,40,95,48.0000,0.099861
fullSamp,100,40,96,48.5000,0.097683
fullSamp,100,40,97,49.0000,0.096080
fullSamp,100,40,98,49.5000,0.098876
fullSamp,100,40,99,50.0000,0.102199
fullSamp,100,50,0,0.5000,3.493431
fullSamp,100,50,1,1.0000,1.881298
fullSamp,100,50,2,1.5000,0.957506
fullSamp,100,50,3,2.0000,0.497499
fullSamp,100,50,4,2.5000,0.230475
fullSamp,100,50,5,3.0000,0.220230
fullSamp,100,50,6,3.5000,0.213595
fullSamp,100,50,7,4.0000,0.199954
fullSamp,100,50,8,4.5000,0.183936
fullSamp,100,50,9,5.0000,0.162409
fullSamp,100,50,10,5.5000,0.181453
fullSamp,100,50,11,6.0000,0.189767
fullSamp,100,50,12,6.5000,0.160573
fullSamp,100,50,13,7.0000,0.151917
fullSamp,100,50,14,7.5000,0.150968
fullSamp,100,50,15,8.0000,0.151095
fullSamp,100,50,16,8.5000,0.128086
fullSamp,100,50,17,9.0000,0.129552
fullSamp,100,50,18,9.5000,0.128351
fullSamp,100,50,19,10.0000,0.118330
fullSamp,100,50,20,10.5000,0.101026
fullSamp,100,50,21,11.0000,0.100243
fullSamp,100,50,22,11.5000,0.097136
fullSamp,100,50,23,12.0000,0.086559
fullSamp,100,50,24,12.5000,0.093421
fullSamp,100,50,25,13.0000,0.097309
fullSamp,100,50,26,13.5000,0.091714
fullSamp,100,50,27,14.0000,0.088632
fullSamp,100,50,28,14.5000,0.088450
fullSamp,100,50,29,15.0000,0.087263
fullSamp,100,50,30,15.5000,0.082094
fullSamp,100,50,31,16.0000,0.082218
fullSamp,100,50,32,16.5000,0.083927
fullSamp,100,50,33,17.0000,0.084096
fullSamp,100,50,34,17.5000,0.079883
fullSamp,100,50,35,18.0000,0.085623
fullSamp,100,50,36,18.5000,0.086320
fullSamp,100,50,37,19.0000,0.088452
fullSamp,100,50,38,19.5000,0.081706
fullSamp,100,50,39,20.0000,0.079401
fullSamp,100,50,40,20.5000,0.081781
fullSamp,100,50,41,21.0000,0.083180
fullSamp,100,50,42,21.5000,0.082675
fullSamp,100,50,43,22.0000,0.081114
fullSamp,100,50,44,22.5000,0.078973
fullSamp,100,50,45,23.0000,0.074143
fullSamp,100,50,46,23.5000,0.073710
fullSamp,100,50,47,24.0000,0.072357
fullSamp,100,50,48,24.5000,0.069523
fullSamp,100,50,49,25.0000,0.068744
fullSamp,100,50,50,25.5000,0.068987
fullSamp,100,50,51,26.0000,0.067998
fullSamp,100,50,52,26.5000,0.067196
fullSamp,100,50,53,27.0000,0.067149
fullSamp,100,50,54,27.5000,0.066235
fullSamp,100,50,55,28.0000,0.066003
fullSamp,100,50,56,28.5000,0.064990
fullSamp,100,50,57,29.0000,0.063892
fullSamp,100,50,58,29.5000,0.063228
fullSamp,100,50,59,30.0000,0.064327
fullSamp,100,50,60,30.5000,0.062234
fullSamp,100,50,61,31.0000,0.059995
fullSamp,100,50,62,31.5000,0.059367
fullSamp,100,50,63,32.0000,0.060772
fullSamp,100,50,64,32.5000,0.060267
fullSamp,100,50,65,33.0000,0.060542
fullSamp,100,50,66,33.5000,0.059056
fullSamp,100,50,67,34.0000,0.057946
fullSamp,100,50,68,34.5000,0.057793
fullSamp,100,50,69,35.0000,0.057044
fullSamp,100,50,70,35.5000,0.057421
fullSamp,100,50,71,36.0000,0.057223
fullSamp,100,50,72,36.5000,0.058996
fullSamp,100,50,73,37.0000,0.060548
fullSamp,100,50,74,37.5000,0.060410
fullSamp,100,50,75,38.0000,0.059715
fullSamp,100,50,76,38.5000,0.058382
fullSamp,100,50,77,39.0000,0.056855
fullSamp,100,50,78,39.5000,0.056344
fullSamp,100,50,79,40.0000,0.056112
fullSamp,100,50,80,40.5000,0.057565
fullSamp,100,50,81,41.0000,0.057755
fullSamp,100,50,82,41.5000,0.056407
fullSamp,100,50,83,42.0000,0.058076
fullSamp,100,50,84,42.5000,0.056804
fullSamp,100,50,85,43.0000,0.056842
fullSamp,100,50,86,43.5000,0.059503
fullSamp,100,50,87,44.0000,0.063131
fullSamp,100,50,88,44.5000,0.062192
fullSamp,100,50,89,45.0000,0.063248
fullSamp,100,50,90,45.5000,0.061682
fullSamp,100,50,91,46.0000,0.061569
fullSamp,100,50,92,46.5000,0.059420
fullSamp,100,50,93,47.0000,0.057698
fullSamp,100,50,94,47.5000,0.055878
fullSamp,100,50,95,48.0000,0.055036
fullSamp,100,50,96,48.5000,0.054065
fullSamp,100,50,97,49.0000,0.053153
fullSamp,100,50,98,49.5000,0.054763
fullSamp,100,50,99,50.0000,0.053409
fullSamp,2000,10,0,0.5000,6.905204
fullSamp,2000,10,1,1.0000,5.824794
fullSamp,2000,10,2,1.5000,5.140407
fullSamp,2000,10,3,2.0000,4.863864
fullSamp,2000,10,4,2.5000,4.526108
fullSamp,2000,10,5,3.0000,4.172650
fullSamp,2000,10,6,3.5000,3.696890
fullSamp,2000,10,7,4.0000,3.462055
fullSamp,2000,10,8,4.5000,3.196264
fullSamp,2000,10,9,5.0000,2.874508
fullSamp,2000,10,10,5.5000,2.637097
fullSamp,2000,10,11,6.0000,2.298273
fullSamp,2000,10,12,6.5000,1.963741
fullSamp,2000,10,13,7.0000,1.748371
fullSamp,2000,10,14,7.5000,1.527552
fullSamp,2000,10,15,8.0000,1.281564
fullSamp,2000,10,16,8.5000,1.009594
fullSamp,2000,10,17,9.0000,0.820819
fullSamp,2000,10,18,9.5000,0.757856
fullSamp,2000,10,19,10.0000,0.689084
fullSamp,2000,10,20,10.5000,0.553417
fullSamp,2000,10,21,11.0000,0.406246
fullSamp,2000,10,22,11.5000,0.344040
fullSamp,2000,10,23,12.0000,0.298990
fullSamp,2000,10,24,12.5000,0.169053
fullSamp,2000,10,25,13.0000,0.102960
fullSamp,2000,10,26,13.5000,0.100019
fullSamp,2000,10,27,14.0000,0.091434
fullSamp,2000,10,28,14.5000,0.090492
fullSamp,2000,10,29,15.0000,0.079635
fullSamp,2000,10,30,15.5000,0.084269
fullSamp,2000,10,31,16.0000,0.087947
fullSamp,2000,10,32,16.5000,0.082982
fullSamp,2000,10,33,17.0000,0.090204
fullSamp,2000,10,34,17.5000,0.087124
fullSamp,2000,10,35,18.0000,0.077241
fullSamp,2000,10,36,18.5000,0.079264
fullSamp,2000,10,37,19.0000,0.078805
fullSamp,2000,10,38,19.5000,0.081517
fullSamp,2000,10,39,20.0000,0.084500
fullSamp,2000,10,40,20.5000,0.083863
fullSamp,2000,10,41,21.0000,0.083342
fullSamp,2000,10,42,21.5000,0.078077
fullSamp,2000,10,43,22.0000,0.084738
fullSamp,2000,10,44,22.5000,0.095737
fullSamp,2000,10,45,23.0000,0.093156
fullSamp,2000,10,46,23.5000,0.090630
fullSamp,2000,10,47,24.0000,0.090046
fullSamp,2000,10,48,24.5000,0.087173
fullSamp,2000,10,49,25.0000,0.083704
fullSamp,2000,10,50,25.5000,0.078564
fullSamp,2000,10,51,26.0000,0.078584
fullSamp,2000,10,52,26.5000,0.078259
fullSamp,2000,10,53,27.0000,0.079589
fullSamp,2000,10,54,27.5000,0.088052
fullSamp,2000,10,55,28.0000,0.083215
fullSamp,2000,10,56,28.5000,0.086149
fullSamp,2000,10,57,29.0000,0.082198
fullSamp,2000,10,58,29.5000,0.090694
fullSamp,2000,10,59,30.0000,0.089016
fullSamp,2000,10,60,30.5000,0.085819
fullSamp,2000,10,61,31.0000,0.089450
fullSamp,2000,10,62,31.5000,0.088191
fullSamp,2000,10,63,32.0000,0.082790
fullSamp,2000,10,64,32.5000,0.081120
fullSamp,2000,10,65,33.0000,0.076653
fullSamp,2000,10,66,33.5000,0.072855
fullSamp,2000,10,67,34.0000,0.069635
fullSamp,2000,10,68,34.5000,0.066785
fullSamp,2000,10,69,35.0000,0.069204
fullSamp,2000,10,70,35.5000,0.075012
fullSamp,2000,10,71,36.0000,0.075930
fullSamp,2000,10,72,36.5000,0.072696
fullSamp,2000,10,73,37.0000,0.071500
fullSamp,2000,10,74,37.5000,0.067602
fullSamp,2000,10,75,38.0000,0.061326
fullSamp,2000,10,76,38.5000,0.060557
fullSamp,2000,10,77,39.0000,0.061400
fullSamp,2000,10,78,39.5000,0.060448
fullSamp,2000,10,79,40.0000,0.057841
fullSamp,2000,10,80,40.5000,0.058990
fullSamp,2000,10,81,41.0000,0.060147
fullSamp,2000,10,82,41.5000,0.058727
fullSamp,2000,10,83,42.0000,0.060449
fullSamp,2000,10,84,42.5000,0.059193
fullSamp,2000,10,85,43.0000,0.057318
fullSamp,2000,10,86,43.5000,0.059181
fullSamp,2000,10,87,44.0000,0.059444
fullSamp,2000,10,88,44.5000,0.059584
fullSamp,2000,10,89,45.0000,0.060183
fullSamp,2000,10,90,45.5000,0.059016
fullSamp,2000,10,91,46.0000,0.059005
fullSamp,2000,10,92,46.5000,0.057555
fullSamp,2000,10,93,47.0000,0.055807
fullSamp,2000,10,94,47.5000,0.055874
fullSamp,2000,10,95,48.0000,0.052418
fullSamp,2000,10,96,48.5000,0.056511
fullSamp,2000,10,97,49.0000,0.058224
fullSamp,2000,10,98,49.5000,0.059628
fullSamp,2000,10,99,50.0000,0.057210
fullSamp,2000,20,0,0.5000,6.877032
fullSamp,2000,20,1,1.0000,5.945444
fullSamp,2000,20,2,1.5000,5.453589
fullSamp,2000,20,3,2.0000,5.079085
fullSamp,2000,20,4,2.5000,4.319927
fullSamp,2000,20,5,3.0000,3.970539
fullSamp,2000,20,6,3.5000,3.882090
fullSamp,2000,20,7,4.0000,3.513800
fullSamp,2000,20,8,4.5000,3.126437
fullSamp,2000,20,9,5.0000,2.869254
fullSamp,2000,20,10,5.5000,2.628595
fullSamp,2000,20,11,6.0000,2.491520
fullSamp,2000,20,12,6.5000,2.266873
fullSamp,2000,20,13,7.0000,1.917188
fullSamp,2000,20,14,7.5000,1.590165
fullSamp,2000,20,15,8.0000,1.369959
fullSamp,2000,20,16,8.5000,1.248985
fullSamp,2000,20,17,9.0000,1.030744
fullSamp,2000,20,18,9.5000,0.900830
fullSamp,2000,20,19,10.0000,0.719558
fullSamp,2000,20,20,10.5000,0.581452
fullSamp,2000,20,21,11.0000,0.407146
fullSamp,2000,20,22,11.5000,0.303901
fullSamp,2000,20,23,12.0000,0.239905
fullSamp,2000,20,24,12.5000,0.142720
fullSamp,2000,20,25,13.0000,0.108651
fullSamp,2000,20,26,13.5000,0.103529
fullSamp,2000,20,27,14.0000,0.106074
fullSamp,2000,20,28,14.5000,0.087754
fullSamp,2000,20,29,15.0000,0.087387
fullSamp,2000,20,30,15.5000,0.087695
fullSamp,2000,20,31,16.0000,0.076562
fullSamp,2000,20,32,16.5000,0.081995
fullSamp,2000,20,33,17.0000,0.076329
fullSamp,2000,20,34,17.5000,0.074567
fullSamp,2000,20,35,18.0000,0.079413
fullSamp,2000,20,36,18.5000,0.073250
fullSamp,2000,20,37,19.0000,0.074958
fullSamp,2000,20,38,19.5000,0.070337
fullSamp,2000,20,39,20.0000,0.069769
fullSamp,2000,20,40,20.5000,0.063418
fullSamp,2000,20,41,21.0000,0.056692
fullSamp,2000,20,42,21.5000,0.056485
fullSamp,2000,20,43,22.0000,0.053661
fullSamp,2000,20,44,22.5000,0.055635
fullSamp,2000,20,45,23.0000,0.055682
fullSamp,2000,20,46,23.5000,0.059552
fullSamp,2000,20,47,24.0000,0.053371
fullSamp,2000,20,48,24.5000,0.053628
fullSamp,2000,20,49,25.0000,0.056894
fullSamp,2000,20,50,25.5000,0.053955
fullSamp,2000,20,51,26.0000,0.049773
fullSamp,2000,20,52,26.5000,0.049777
fullSamp,2000,20,53,27.0000,0.048506
fullSamp,2000,20,54,27.5000,0.047106
fullSamp,2000,20,55,28.0000,0.047104
fullSamp,2000,20,56,28.5000,0.047258
fullSamp,2000,20,57,29.0000,0.050819
fullSamp,2000,20,58,29.5000,0.049861
fullSamp,2000,20,59,30.0000,0.050761
fullSamp,2000,20,60,30.5000,0.052331
fullSamp,2000,20,61,31.0000,0.049405
fullSamp,2000,20,62,31.5000,0.050807
fullSamp,2000,20,63,32.0000,0.051046
fullSamp,2000,20,64,32.5000,0.049690
fullSamp,2000,20,65,33.0000,0.051751
fullSamp,2000,20,66,33.5000,0.052281
fullSamp,2000,20,67,34.0000,0.055802
fullSamp,2000,20,68,34.5000,0.054105
fullSamp,2000,20,69,35.0000,0.050562
fullSamp,2000,20,70,35.5000,0.051166
fullSamp,2000,20,71,36.0000,0.050984
fullSamp,2000,20,72,36.5000,0.051599
fullSamp,2000,20,73,37.0000,0.048585
fullSamp,2000,20,74,37.5000,0.048507
fullSamp,2000,20,75,38.0000,0.046278
fullSamp,2000,20,76,38.5000,0.045605
fullSamp,2000,20,77,39.0000,0.048489
fullSamp,2000,20,78,39.5000,0.045275
fullSamp,2000,20,79,40.0000,0.044469
fullSamp,2000,20,80,40.5000,0.042316
fullSamp,2000,20,81,41.0000,0.045146
fullSamp,2000,20,82,41.5000,0.043189
fullSamp,2000,20,83,42.0000,0.039618
fullSamp,2000,20,84,42.5000,0.040644
fullSamp,2000,20,85,43.0000,0.040443
fullSamp,2000,20,86,43.5000,0.039450
fullSamp,2000,20,87,44.0000,0.038886
fullSamp,2000,20,88,44.5000,0.038193
fullSamp,2000,20,89,45.0000,0.038071
fullSamp,2000,20,90,45.5000,0.037978
fullSamp,2000,20,91,46.0000,0.037661
fullSamp,2000,20,92,46.5000,0.037247
fullSamp,2000,20,93,47.0000,0.036707
fullSamp,2000,20,94,47.5000,0.036726
fullSamp,2000,20,95,48.0000,0.036397
fullSamp,2000,20,96,48.5000,0.036011
fullSamp,2000,20,97,49.0000,0.036105
fullSamp,2000,20,98,49.5000,0.036165
fullSamp,2000,20,99,50.0000,0.036193
fullSamp,2000,30,0,0.5000,6.847237
fullSamp,2000,30,1,1.0000,5.624575
fullSamp,2000,30,2,1.5000,5.238684
fullSamp,2000,30,3,2.0000,4.578756
fullSamp,2000,30,4,2.5000,4.242289
fullSamp,2000,30,5,3.0000,3.894105
fullSamp,2000,30,6,3.5000,3.618188
fullSamp,2000,30,7,4.0000,3.318388
fullSamp,2000,30,8,4.5000,3.168016
fullSamp,2000,30,9,5.0000,2.867235
fullSamp,2000,30,10,5.5000,2.562503
fullSamp,2000,30,11,6.0000,2.282505
fullSamp,2000,30,12,6.5000,1.978387
fullSamp,2000,30,13,7.0000,1.706897
fullSamp,2000,30,14,7.5000,1.479878
fullSamp,2000,30,15,8.0000,1.230539
fullSamp,2000,30,16,8.5000,1.077471
fullSamp,2000,30,17,9.0000,0.876850
fullSamp,2000,30,18,9.5000,0.701854
fullSamp,2000,30,19,10.0000,0.688172
fullSamp,2000,30,20,10.5000,0.560719
fullSamp,2000,30,21,11.0000,0.402527
fullSamp,2000,30,22,11.5000,0.301143
fullSamp,2000,30,23,12.0000,0.200301
fullSamp,2000,30,24,12.5000,0.165487
fullSamp,2000,30,25,13.0000,0.164286
fullSamp,2000,30,26,13.5000,0.146769
fullSamp,2000,30,27,14.0000,0.143663
fullSamp,2000,30,28,14.5000,0.142256
fullSamp,2000,30,29,15.0000,0.131210
fullSamp,2000,30,30,15.5000,0.127474
fullSamp,2000,30,31,16.0000,0.121159
fullSamp,2000,30,32,16.5000,0.118032
fullSamp,2000,30,33,17.0000,0.116800
fullSamp,2000,30,34,17.5000,0.124099
fullSamp,2000,30,35,18.0000,0.128085
fullSamp,2000,30,36,18.5000,0.121594
fullSamp,2000,30,37,19.0000,0.115496
fullSamp,2000,30,38,19.5000,0.122174
fullSamp,2000,30,39,20.0000,0.117392
fullSamp,2000,30,40,20.5000,0.116535
fullSamp,2000,30,41,21.0000,0.111600
fullSamp,2000,30,42,21.5000,0.121261
fullSamp,2000,30,43,22.0000,0.114876
fullSamp,2000,30,44,22.5000,0.119263
fullSamp,2000,30,45,23.0000,0.116022
fullSamp,2000,30,46,23.5000,0.118496
fullSamp,2000,30,47,24.0000,0.116219
fullSamp,2000,30,48,24.5000,0.115689
fullSamp,2000,30,49,25.0000,0.119448
fullSamp,2000,30,50,25.5000,0.110668
fullSamp,2000,30,51,26.0000,0.105602
fullSamp,2000,30,52,26.5000,0.101286
fullSamp,2000,30,53,27.0000,0.101295
fullSamp,2000,30,54,27.5000,0.111124
fullSamp,2000,30,55,28.0000,0.104952
fullSamp,2000,30,56,28.5000,0.109368
fullSamp,2000,30,57,29.0000,0.103045
fullSamp,2000,30,58,29.5000,0.099424
fullSamp,2000,30,59,30.0000,0.101929
fullSamp,2000,30,60,30.5000,0.096197
fullSamp,2000,30,61,31.0000,0.095892
fullSamp,2000,30,62,31.5000,0.086647
fullSamp,2000,30,63,32.0000,0.090874
fullSamp,2000,30,64,32.5000,0.086536
fullSamp,2000,30,65,33.0000,0.088570
fullSamp,2000,30,66,33.5000,0.085205
fullSamp,2000,30,67,34.0000,0.086067
fullSamp,2000,30,68,34.5000,0.088077
fullSamp,2000,30,69,35.0000,0.089021
fullSamp,2000,30,70,35.5000,0.087652
fullSamp,2000,30,71,36.0000,0.096818
fullSamp,2000,30,72,36.5000,0.101993
fullSamp,2000,30,73,37.0000,0.102316
fullSamp,2000,30,74,37.5000,0.102635
fullSamp,2000,30,75,38.0000,0.097800
fullSamp,2000,30,76,38.5000,0.098113
fullSamp,2000,30,77,39.0000,0.093815
fullSamp,2000,30,78,39.5000,0.093892
fullSamp,2000,30,79,40.0000,0.092434
fullSamp,2000,30,80,40.5000,0.090122
fullSamp,2000,30,81,41.0000,0.088628
fullSamp,2000,30,82,41.5000,0.088510
fullSamp,2000,30,83,42.0000,0.091566
fullSamp,2000,30,84,42.5000,0.097808
fullSamp,2000,30,85,43.0000,0.096586
fullSamp,2000,30,86,43.5000,0.090645
fullSamp,2000,30,87,44.0000,0.086920
fullSamp,2000,30,88,44.5000,0.090468
fullSamp,2000,30,89,45.0000,0.089572
fullSamp,2000,30,90,45.5000,0.089692
fullSamp,2000,30,91,46.0000,0.085429
fullSamp,2000,30,92,46.5000,0.084510
fullSamp,2000,30,93,47.0000,0.082358
fullSamp,2000,30,94,47.5000,0.086643
fullSamp,2000,30,95,48.0000,0.092716
fullSamp,2000,30,96,48.5000,0.089714
fullSamp,2000,30,97,49.0000,0.089794
fullSamp,2000,30,98,49.5000,0.089009
fullSamp,2000,30,99,50.0000,0.085923
fullSamp,2000,40,0,0.5000,7.046941
fullSamp,2000,40,1,1.0000,5.996758
fullSamp,2000,40,2,1.5000,5.367262
fullSamp,2000,40,3,2.0000,5.269434
fullSamp,2000,40,4,2.5000,4.592077
fullSamp,2000,40,5,3.0000,4.043155
fullSamp,2000,40,6,3.5000,3.674625
fullSamp,2000,40,7,4.0000,3.416028
fullSamp,2000,40,8,4.5000,3.071682
fullSamp,2000,40,9,5.0000,2.865615
fullSamp,2000,40,10,5.5000,2.568947
fullSamp,2000,40,11,6.0000,2.333046
fullSamp,2000,40,12,6.5000,1.990145
fullSamp,2000,40,13,7.0000,1.676934
fullSamp,2000,40,14,7.5000,1.541463
fullSamp,2000,40,15,8.0000,1.389861
fullSamp,2000,40,16,8.5000,1.260524
fullSamp,2000,40,17,9.0000,1.078211
fullSamp,2000,40,18,9.5000,0.847373
fullSamp,2000,40,19,10.0000,0.703962
fullSamp,2000,40,20,10.5000,0.538688
fullSamp,2000,40,21,11.0000,0.328353
fullSamp,2000,40,22,11.5000,0.202985
fullSamp,2000,40,23,12.0000,0.138945
fullSamp,2000,40,24,12.5000,0.104228
fullSamp,2000,40,25,13.0000,0.081845
fullSamp,2000,40,26,13.5000,0.083571
fullSamp,2000,40,27,14.0000,0.070134
fullSamp,2000,40,28,14.5000,0.068336
fullSamp,2000,40,29,15.0000,0.062621
fullSamp,2000,40,30,15.5000,0.064988
fullSamp,2000,40,31,16.0000,0.067041
fullSamp,2000,40,32,16.5000,0.064637
fullSamp,2000,40,33,17.0000,0.065142
fullSamp,2000,40,34,17.5000,0.065584
fullSamp,2000,40,35,18.0000,0.064778
fullSamp,2000,40,36,18.5000,0.063258
fullSamp,2000,40,37,19.0000,0.055749
fullSamp,2000,40,38,19.5000,0.054955
fullSamp,2000,40,39,20.0000,0.054221
fullSamp,2000,40,40,20.5000,0.054503
fullSamp,2000,40,41,21.0000,0.054515
fullSamp,2000,40,42,21.5000,0.055307
fullSamp,2000,40,43,22.0000,0.055383
fullSamp,2000,40,44,22.5000,0.055157
fullSamp,2000,40,45,23.0000,0.055028
fullSamp,2000,40,46,23.5000,0.052039
fullSamp,2000,40,47,24.0000,0.057315
fullSamp,2000,40,48,24.5000,0.061127
fullSamp,2000,40,49,25.0000,0.071048
fullSamp,2000,40,50,25.5000,0.067603
fullSamp,2000,40,51,26.0000,0.066632
fullSamp,2000,40,52,26.5000,0.068356
fullSamp,2000,40,53,27.0000,0.069379
fullSamp,2000,40,54,27.5000,0.071717
fullSamp,2000,40,55,28.0000,0.072935
fullSamp,2000,40,56,28.5000,0.077131
fullSamp,2000,40,57,29.0000,0.080044
fullSamp,2000,40,58,29.5000,0.077706
fullSamp,2000,40,59,30.0000,0.079994
fullSamp,2000,40,60,30.5000,0.078192
fullSamp,2000,40,61,31.0000,0.079534
fullSamp,2000,40,62,31.5000,0.076457
fullSamp,2000,40,63,32.0000,0.072584
fullSamp,2000,40,64,32.5000,0.066628
fullSamp,2000,40,65,33.0000,0.063658
fullSamp,2000,40,66,33.5000,0.059883
fullSamp,2000,40,67,34.0000,0.058160
fullSamp,2000,40,68,34.5000,0.059651
fullSamp,2000,40,69,35.0000,0.055883
fullSamp,2000,40,70,35.5000,0.053870
fullSamp,2000,40,71,36.0000,0.054213
fullSamp,2000,40,72,36.5000,0.052699
fullSamp,2000,40,73,37.0000,0.049889
fullSamp,2000,40,74,37.5000,0.047291
fullSamp,2000,40,75,38.0000,0.047290
fullSamp,2000,40,76,38.5000,0.047652
fullSamp,2000,40,77,39.0000,0.048613
fullSamp,2000,40,78,39.5000,0.049234
fullSamp,2000,40,79,40.0000,0.049528
fullSamp,2000,40,80,40.5000,0.050936
fullSamp,2000,40,81,41.0000,0.047796
fullSamp,2000,40,82,41.5000,0.045352
fullSamp,2000,40,83,42.0000,0.042853
fullSamp,2000,40,84,42.5000,0.043319
fullSamp,2000,40,85,43.0000,0.041780
fullSamp,2000,40,86,43.5000,0.040945
fullSamp,2000,40,87,44.0000,0.040166
fullSamp,2000,40,88,44.5000,0.039429
fullSamp,2000,40,89,45.0000,0.039009
fullSamp,2000,40,90,45.5000,0.039840
fullSamp,2000,40,91,46.0000,0.038622
fullSamp,2000,40,92,46.5000,0.037902
fullSamp,2000,40,93,47.0000,0.037513
fullSamp,2000,40,94,47.5000,0.037361
fullSamp,2000,40,95,48.0000,0.038015
fullSamp,2000,40,96,48.5000,0.037444
fullSamp,2000,40,97,49.0000,0.038689
fullSamp,2000,40,98,49.5000,0.038929
fullSamp,2000,40,99,50.0000,0.040472
fullSamp,2000,50,0,0.5000,6.733399
fullSamp,2000,50,1,1.0000,6.254395
fullSamp,2000,50,2,1.5000,5.383674
fullSamp,2000,50,3,2.0000,4.856493
fullSamp,2000,50,4,2.5000,4.374597
fullSamp,2000,50,5,3.0000,4.164614
fullSamp,2000,50,6,3.5000,3.949408
fullSamp,2000,50,7,4.0000,3.469937
fullSamp,2000,50,8,4.5000,3.204383
fullSamp,2000,50,9,5.0000,2.866793
fullSamp,2000,50,10,5.5000,2.595561
fullSamp,2000,50,11,6.0000,2.236085
fullSamp,2000,50,12,6.5000,2.074076
fullSamp,2000,50,13,7.0000,1.779415
fullSamp,2000,50,14,7.5000,1.594769
fullSamp,2000,50,15,8.0000,1.335559
fullSamp,2000,50,16,8.5000,1.211798
fullSamp,2000,50,17,9.0000,1.031716
fullSamp,2000,50,18,9.5000,0.835078
fullSamp,2000,50,19,10.0000,0.620272
fullSamp,2000,50,20,10.5000,0.496351
fullSamp,2000,50,21,11.0000,0.423593
fullSamp,2000,50,22,11.5000,0.292580
fullSamp,2000,50,23,12.0000,0.250149
fullSamp,2000,50,24,12.5000,0.178034
fullSamp,2000,50,25,13.0000,0.078821
fullSamp,2000,50,26,13.5000,0.069055
fullSamp,2000,50,27,14.0000,0.073940
fullSamp,2000,50,28,14.5000,0.076247
fullSamp,2000,50,29,15.0000,0.074958
fullSamp,2000,50,30,15.5000,0.065348
fullSamp,2000,50,31,16.0000,0.062125
fullSamp,2000,50,32,16.5000,0.058836
fullSamp,2000,50,33,17.0000,0.058610
fullSamp,2000,50,34,17.5000,0.057787
fullSamp,2000,50,35,18.0000,0.056822
fullSamp,2000,50,36,18.5000,0.054293
fullSamp,2000,50,37,19.0000,0.056466
fullSamp,2000,50,38,19.5000,0.055722
fullSamp,2000,50,39,20.0000,0.053681
fullSamp,2000,50,40,20.5000,0.054518
fullSamp,2000,50,41,21.0000,0.052986
fullSamp,2000,50,42,21.5000,0.052873
fullSamp,2000,50,43,22.0000,0.051196
fullSamp,2000,50,44,22.5000,0.050532
fullSamp,2000,50,45,23.0000,0.050368
fullSamp,2000,50,46,23.5000,0.050614
fullSamp,2000,50,47,24.0000,0.055294
fullSamp,2000,50,48,24.5000,0.054934
fullSamp,2000,50,49,25.0000,0.050779
fullSamp,2000,50,50,25.5000,0.053482
fullSamp,2000,50,51,26.0000,0.051266
fullSamp,2000,50,52,26.5000,0.054656
fullSamp,2000,50,53,27.0000,0.051080
fullSamp,2000,50,54,27.5000,0.047065
fullSamp,2000,50,55,28.0000,0.046376
fullSamp,2000,50,56,28.5000,0.046684
fullSamp,2000,50,57,29.0000,0.047769
fullSamp,2000,50,58,29.5000,0.047676
fullSamp,2000,50,59,30.0000,0.045660
fullSamp,2000,50,60,30.5000,0.044254
fullSamp,2000,50,61,31.0000,0.043471
fullSamp,2000,50,62,31.5000,0.043224
fullSamp,2000,50,63,32.0000,0.044212
fullSamp,2000,50,64,32.5000,0.045381
fullSamp,2000,50,65,33.0000,0.044079
fullSamp,2000,50,66,33.5000,0.043733
fullSamp,2000,50,67,34.0000,0.042421
fullSamp,2000,50,68,34.5000,0.042183
fullSamp,2000,50,69,35.0000,0.042417
fullSamp,2000,50,70,35.5000,0.043126
fullSamp,2000,50,71,36.0000,0.045084
fullSamp,2000,50,72,36.5000,0.044561
fullSamp,2000,50,73,37.0000,0.042946
fullSamp,2000,50,74,37.5000,0.045507
fullSamp,2000,50,75,38.0000,0.041862
fullSamp,2000,50,76,38.5000,0.040126
fullSamp,2000,50,77,39.0000,0.039723
fullSamp,2000,50,78,39.5000,0.038676
fullSamp,2000,50,79,40.0000,0.038438
fullSamp,2000,50,80,40.5000,0.040132
fullSamp,2000,50,81,41.0000,0.038800
fullSamp,2000,50,82,41.5000,0.038071
fullSamp,2000,50,83,42.0000,0.038297
fullSamp,2000,50,84,42.5000,0.039361
fullSamp,2000,50,85,43.0000,0.038962
fullSamp,2000,50,86,43.5000,0.038998
fullSamp,2000,50,87,44.0000,0.038307
fullSamp,2000,50,88,44.5000,0.038099
fullSamp,2000,50,89,45.0000,0.037562
fullSamp,2000,50,90,45.5000,0.039003
fullSamp,2000,50,91,46.0000,0.036553
fullSamp,2000,50,92,46.5000,0.036060
fullSamp,2000,50,93,47.0000,0.036085
fullSamp,2000,50,94,47.5000,0.036283
fullSamp,2000,50,95,48.0000,0.036200
fullSamp,2000,50,96,48.5000,0.036547
fullSamp,2000,50,97,49.0000,0.035226
fullSamp,2000,50,98,49.5000,0.035093
fullSamp,2000,50,99,50.0000,0.036549
fullSamp,5000,10,0,0.5000,7.000872
fullSamp,5000,10,1,1.0000,6.575378
fullSamp,5000,10,2,1.5000,5.983879
fullSamp,5000,10,3,2.0000,5.661250
fullSamp,5000,10,4,2.5000,5.157877
fullSamp,5000,10,5,3.0000,4.931443
fullSamp,5000,10,6,3.5000,4.594762
fullSamp,5000,10,7,4.0000,4.342294
fullSamp,5000,10,8,4.5000,4.105252
fullSamp,5000,10,9,5.0000,4.077997
fullSamp,5000,10,10,5.5000,3.824666
fullSamp,5000,10,11,6.0000,3.492545
fullSamp,5000,10,12,6.5000,3.429444
fullSamp,5000,10,13,7.0000,3.253865
fullSamp,5000,10,14,7.5000,2.980402
fullSamp,5000,10,15,8.0000,2.870076
fullSamp,5000,10,16,8.5000,2.747900
fullSamp,5000,10,17,9.0000,2.588315
fullSamp,5000,10,18,9.5000,2.430439
fullSamp,5000,10,19,10.0000,2.105552
fullSamp,5000,10,20,10.5000,1.951279
fullSamp,5000,10,21,11.0000,1.804311
fullSamp,5000,10,22,11.5000,1.661679
fullSamp,5000,10,23,12.0000,1.504640
fullSamp,5000,10,24,12.5000,1.390969
fullSamp,5000,10,25,13.0000,1.285942
fullSamp,5000,10,26,13.5000,1.136029
fullSamp,5000,10,27,14.0000,0.978250
fullSamp,5000,10,28,14.5000,0.893467
fullSamp,5000,10,29,15.0000,0.761424
fullSamp,5000,10,30,15.5000,0.668771
fullSamp,5000,10,31,16.0000,0.595455
fullSamp,5000,10,32,16.5000,0.542801
fullSamp,5000,10,33,17.0000,0.407057
fullSamp,5000,10,34,17.5000,0.366706
fullSamp,5000,10,35,18.0000,0.324692
fullSamp,5000,10,36,18.5000,0.276196
fullSamp,5000,10,37,19.0000,0.245735
fullSamp,5000,10,38,19.5000,0.211959
fullSamp,5000,10,39,20.0000,0.133344
fullSamp,5000,10,40,20.5000,0.091279
fullSamp,5000,10,41,21.0000,0.089498
fullSamp,5000,10,42,21.5000,0.073155
fullSamp,5000,10,43,22.0000,0.067496
fullSamp,5000,10,44,22.5000,0.079293
fullSamp,5000,10,45,23.0000,0.077233
fullSamp,5000,10,46,23.5000,0.071591
fullSamp,5000,10,47,24.0000,0.063361
fullSamp,5000,10,48,24.5000,0.066968
fullSamp,5000,10,49,25.0000,0.065668
fullSamp,5000,10,50,25.5000,0.065744
fullSamp,5000,10,51,26.0000,0.063419
fullSamp,5000,10,52,26.5000,0.065578
fullSamp,5000,10,53,27.0000,0.063401
fullSamp,5000,10,54,27.5000,0.053999
fullSamp,5000,10,55,28.0000,0.054168
fullSamp,5000,10,56,28.5000,0.054420
fullSamp,5000,10,57,29.0000,0.053820
fullSamp,5000,10,58,29.5000,0.052351
fullSamp,5000,10,59,30.0000,0.052155
fullSamp,5000,10,60,30.5000,0.053544
fullSamp,5000,10,61,31.0000,0.056440
fullSamp,5000,10,62,31.5000,0.054438
fullSamp,5000,10,63,32.0000,0.056550
fullSamp,5000,10,64,32.5000,0.051657
fullSamp,5000,10,65,33.0000,0.052050
fullSamp,5000,10,66,33.5000,0.052024
fullSamp,5000,10,67,34.0000,0.053253
fullSamp,5000,10,68,34.5000,0.054357
fullSamp,5000,10,69,35.0000,0.052375
fullSamp,5000,10,70,35.5000,0.048599
fullSamp,5000,10,71,36.0000,0.051269
fullSamp,5000,10,72,36.5000,0.047729
fullSamp,5000,10,73,37.0000,0.053478
fullSamp,5000,10,74,37.5000,0.057146
fullSamp,5000,10,75,38.0000,0.056977
fullSamp,5000,10,76,38.5000,0.052436
fullSamp,5000,10,77,39.0000,0.050245
fullSamp,5000,10,78,39.5000,0.047341
fullSamp,5000,10,79,40.0000,0.045895
fullSamp,5000,10,80,40.5000,0.045122
fullSamp,5000,10,81,41.0000,0.042544
fullSamp,5000,10,82,41.5000,0.043460
fullSamp,5000,10,83,42.0000,0.042615
fullSamp,5000,10,84,42.5000,0.042944
fullSamp,5000,10,85,43.0000,0.042099
fullSamp,5000,10,86,43.5000,0.044899
fullSamp,5000,10,87,44.0000,0.043169
fullSamp,5000,10,88,44.5000,0.042319
fullSamp,5000,10,89,45.0000,0.040751
fullSamp,5000,10,90,45.5000,0.040826
fullSamp,5000,10,91,46.0000,0.044790
fullSamp,5000,10,92,46.5000,0.044848
fullSamp,5000,10,93,47.0000,0.043643
fullSamp,5000,10,94,47.5000,0.044330
fullSamp,5000,10,95,48.0000,0.045127
fullSamp,5000,10,96,48.5000,0.042506
fullSamp,5000,10,97,49.0000,0.042715
fullSamp,5000,10,98,49.5000,0.043489
fullSamp,5000,10,99,50.0000,0.045484
fullSamp,5000,20,0,0.5000,7.280189
fullSamp,5000,20,1,1.0000,6.402160
fullSamp,5000,20,2,1.5000,5.662520
fullSamp,5000,20,3,2.0000,5.341315
fullSamp,5000,20,4,2.5000,5.110485
fullSamp,5000,20,5,3.0000,4.759249
fullSamp,5000,20,6,3.5000,4.500621
fullSamp,5000,20,7,4.0000,4.399061
fullSamp,5000,20,8,4.5000,4.073992
fullSamp,5000,20,9,5.0000,3.989758
fullSamp,5000,20,10,5.5000,3.900199
fullSamp,5000,20,11,6.0000,3.821305
fullSamp,5000,20,12,6.5000,3.356911
fullSamp,5000,20,13,7.0000,3.161125
fullSamp,5000,20,14,7.5000,3.022696
fullSamp,5000,20,15,8.0000,2.861131
fullSamp,5000,20,16,8.5000,2.641126
fullSamp,5000,20,17,9.0000,2.528423
fullSamp,5000,20,18,9.5000,2.180643
fullSamp,5000,20,19,10.0000,2.007511
fullSamp,5000,20,20,10.5000,1.852579
fullSamp,5000,20,21,11.0000,1.645141
fullSamp,5000,20,22,11.5000,1.554282
fullSamp,5000,20,23,12.0000,1.321884
fullSamp,5000,20,24,12.5000,1.230712
fullSamp,5000,20,25,13.0000,1.176562
fullSamp,5000,20,26,13.5000,1.104311
fullSamp,5000,20,27,14.0000,0.957883
fullSamp,5000,20,28,14.5000,0.855639
fullSamp,5000,20,29,15.0000,0.793195
fullSamp,5000,20,30,15.5000,0.627600
fullSamp,5000,20,31,16.0000,0.536330
fullSamp,5000,20,32,16.5000,0.503522
fullSamp,5000,20,33,17.0000,0.473079
fullSamp,5000,20,34,17.5000,0.368811
fullSamp,5000,20,35,18.0000,0.334592
fullSamp,5000,20,36,18.5000,0.251725
fullSamp,5000,20,37,19.0000,0.164269
fullSamp,5000,20,38,19.5000,0.209805
fullSamp,5000,20,39,20.0000,0.118448
fullSamp,5000,20,40,20.5000,0.116038
fullSamp,5000,20,41,21.0000,0.082001
fullSamp,5000,20,42,21.5000,0.076633
fullSamp,5000,20,43,22.0000,0.074836
fullSamp,5000,20,44,22.5000,0.075426
fullSamp,5000,20,45,23.0000,0.069076
fullSamp,5000,20,46,23.5000,0.067689
fullSamp,5000,20,47,24.0000,0.070673
fullSamp,5000,20,48,24.5000,0.073286
fullSamp,5000,20,49,25.0000,0.074244
fullSamp,5000,20,50,25.5000,0.070409
fullSamp,5000,20,51,26.0000,0.065692
fullSamp,5000,20,52,26.5000,0.063656
fullSamp,5000,20,53,27.0000,0.067139
fullSamp,5000,20,54,27.5000,0.067520
fullSamp,5000,20,55,28.0000,0.061383
fullSamp,5000,20,56,28.5000,0.060962
fullSamp,5000,20,57,29.0000,0.061877
fullSamp,5000,20,58,29.5000,0.063643
fullSamp,5000,20,59,30.0000,0.064007
fullSamp,5000,20,60,30.5000,0.055503
fullSamp,5000,20,61,31.0000,0.057836
fullSamp,5000,20,62,31.5000,0.057212
fullSamp,5000,20,63,32.0000,0.055538
fullSamp,5000,20,64,32.5000,0.061604
fullSamp,5000,20,65,33.0000,0.061397
fullSamp,5000,20,66,33.5000,0.062271
fullSamp,5000,20,67,34.0000,0.063251
fullSamp,5000,20,68,34.5000,0.060851
fullSamp,5000,20,69,35.0000,0.063132
fullSamp,5000,20,70,35.5000,0.056322
fullSamp,5000,20,71,36.0000,0.058313
fullSamp,5000,20,72,36.5000,0.060465
fullSamp,5000,20,73,37.0000,0.061448
fullSamp,5000,20,74,37.5000,0.063153
fullSamp,5000,20,75,38.0000,0.064018
fullSamp,5000,20,76,38.5000,0.060666
fullSamp,5000,20,77,39.0000,0.065265
fullSamp,5000,20,78,39.5000,0.066280
fullSamp,5000,20,79,40.0000,0.068760
fullSamp,5000,20,80,40.5000,0.068960
fullSamp,5000,20,81,41.0000,0.067321
fullSamp,5000,20,82,41.5000,0.066109
fullSamp,5000,20,83,42.0000,0.069978
fullSamp,5000,20,84,42.5000,0.071963
fullSamp,5000,20,85,43.0000,0.075100
fullSamp,5000,20,86,43.5000,0.069951
fullSamp,5000,20,87,44.0000,0.064546
fullSamp,5000,20,88,44.5000,0.063156
fullSamp,5000,20,89,45.0000,0.060897
fullSamp,5000,20,90,45.5000,0.061452
fullSamp,5000,20,91,46.0000,0.060565
fullSamp,5000,20,92,46.5000,0.066282
fullSamp,5000,20,93,47.0000,0.065304
fullSamp,5000,20,94,47.5000,0.065765
fullSamp,5000,20,95,48.0000,0.061377
fullSamp,5000,20,96,48.5000,0.059792
fullSamp,5000,20,97,49.0000,0.058143
fullSamp,5000,20,98,49.5000,0.055447
fullSamp,5000,20,99,50.0000,0.054209
fullSamp,5000,30,0,0.5000,7.088623
fullSamp,5000,30,1,1.0000,6.276366
fullSamp,5000,30,2,1.5000,5.667535
fullSamp,5000,30,3,2.0000,5.257625
fullSamp,5000,30,4,2.5000,4.892361
fullSamp,5000,30,5,3.0000,4.776132
fullSamp,5000,30,6,3.5000,4.421093
fullSamp,5000,30,7,4.0000,4.086984
fullSamp,5000,30,8,4.5000,3.935149
fullSamp,5000,30,9,5.0000,3.719680
fullSamp,5000,30,10,5.5000,3.509591
fullSamp,5000,30,11,6.0000,3.355587
fullSamp,5000,30,12,6.5000,3.232041
fullSamp,5000,30,13,7.0000,3.099590
fullSamp,5000,30,14,7.5000,2.864583
fullSamp,5000,30,15,8.0000,2.686790
fullSamp,5000,30,16,8.5000,2.589010
fullSamp,5000,30,17,9.0000,2.407208
fullSamp,5000,30,18,9.5000,2.259904
fullSamp,5000,30,19,10.0000,2.044942
fullSamp,5000,30,20,10.5000,1.802997
fullSamp,5000,30,21,11.0000,1.697646
fullSamp,5000,30,22,11.5000,1.580886
fullSamp,5000,30,23,12.0000,1.511294
fullSamp,5000,30,24,12.5000,1.453762
fullSamp,5000,30,25,13.0000,1.271028
fullSamp,5000,30,26,13.5000,1.091216
fullSamp,5000,30,27,14.0000,1.002504
fullSamp,5000,30,28,14.5000,0.879724
fullSamp,5000,30,29,15.0000,0.816224
fullSamp,5000,30,30,15.5000,0.734064
fullSamp,5000,30,31,16.0000,0.627987
fullSamp,5000,30,32,16.5000,0.515428
fullSamp,5000,30,33,17.0000,0.440169
fullSamp,5000,30,34,17.5000,0.413408
fullSamp,5000,30,35,18.0000,0.341014
fullSamp,5000,30,36,18.5000,0.308802
fullSamp,5000,30,37,19.0000,0.219744
fullSamp,5000,30,38,19.5000,0.223855
fullSamp,5000,30,39,20.0000,0.159504
fullSamp,5000,30,40,20.5000,0.132544
fullSamp,5000,30,41,21.0000,0.112972
fullSamp,5000,30,42,21.5000,0.115634
fullSamp,5000,30,43,22.0000,0.112399
fullSamp,5000,30,44,22.5000,0.121804
fullSamp,5000,30,45,23.0000,0.120891
fullSamp,5000,30,46,23.5000,0.126064
fullSamp,5000,30,47,24.0000,0.131403
fullSamp,5000,30,48,24.5000,0.129404
fullSamp,5000,30,49,25.0000,0.135408
fullSamp,5000,30,50,25.5000,0.133947
fullSamp,5000,30,51,26.0000,0.135272
fullSamp,5000,30,52,26.5000,0.130223
fullSamp,5000,30,53,27.0000,0.129862
fullSamp,5000,30,54,27.5000,0.126065
fullSamp,5000,30,55,28.0000,0.127553
fullSamp,5000,30,56,28.5000,0.128181
fullSamp,5000,30,57,29.0000,0.119623
fullSamp,5000,30,58,29.5000,0.115457
fullSamp,5000,30,59,30.0000,0.117497
fullSamp,5000,30,60,30.5000,0.118243
fullSamp,5000,30,61,31.0000,0.123460
fullSamp,5000,30,62,31.5000,0.123846
fullSamp,5000,30,63,32.0000,0.121610
fullSamp,5000,30,64,32.5000,0.119962
fullSamp,5000,30,65,33.0000,0.112730
fullSamp,5000,30,66,33.5000,0.116272
fullSamp,5000,30,67,34.0000,0.112805
fullSamp,5000,30,68,34.5000,0.109179
fullSamp,5000,30,69,35.0000,0.108542
fullSamp,5000,30,70,35.5000,0.103443
fullSamp,5000,30,71,36.0000,0.100021
fullSamp,5000,30,72,36.5000,0.100835
fullSamp,5000,30,73,37.0000,0.101725
fullSamp,5000,30,74,37.5000,0.105206
fullSamp,5000,30,75,38.0000,0.103108
fullSamp,5000,30,76,38.5000,0.107432
fullSamp,5000,30,77,39.0000,0.102749
fullSamp,5000,30,78,39.5000,0.099457
fullSamp,5000,30,79,40.0000,0.095643
fullSamp,5000,30,80,40.5000,0.098104
fullSamp,5000,30,81,41.0000,0.092958
fullSamp,5000,30,82,41.5000,0.088631
fullSamp,5000,30,83,42.0000,0.083855
fullSamp,5000,30,84,42.5000,0.084623
fullSamp,5000,30,85,43.0000,0.082803
fullSamp,5000,30,86,43.5000,0.080274
fullSamp,5000,30,87,44.0000,0.081163
fullSamp,5000,30,88,44.5000,0.080832
fullSamp,5000,30,89,45.0000,0.073579
fullSamp,5000,30,90,45.5000,0.073945
fullSamp,5000,30,91,46.0000,0.073408
fullSamp,5000,30,92,46.5000,0.071582
fullSamp,5000,30,93,47.0000,0.073400
fullSamp,5000,30,94,47.5000,0.072348
fullSamp,5000,30,95,48.0000,0.073943
fullSamp,5000,30,96,48.5000,0.071360
fullSamp,5000,30,97,49.0000,0.070193
fullSamp,5000,30,98,49.5000,0.070660
fullSamp,5000,30,99,50.0000,0.070243
fullSamp,5000,40,0,0.5000,6.936177
fullSamp,5000,40,1,1.0000,6.394872
fullSamp,5000,40,2,1.5000,5.949262
fullSamp,5000,40,3,2.0000,5.519605
fullSamp,5000,40,4,2.5000,5.014370
fullSamp,5000,40,5,3.0000,4.924940
fullSamp,5000,40,6,3.5000,4.608779
fullSamp,5000,40,7,4.0000,4.336575
fullSamp,5000,40,8,4.5000,4.098948
fullSamp,5000,40,9,5.0000,3.799342
fullSamp,5000,40,10,5.5000,3.653009
fullSamp,5000,40,11,6.0000,3.417928
fullSamp,5000,40,12,6.5000,3.141394
fullSamp,5000,40,13,7.0000,2.895009
fullSamp,5000,40,14,7.5000,2.723660
fullSamp,5000,40,15,8.0000,2.645279
fullSamp,5000,40,16,8.5000,2.494853
fullSamp,5000,40,17,9.0000,2.329871
fullSamp,5000,40,18,9.5000,2.261651
fullSamp,5000,40,19,10.0000,2.126565
fullSamp,5000,40,20,10.5000,1.918420
fullSamp,5000,40,21,11.0000,1.754052
fullSamp,5000,40,22,11.5000,1.566716
fullSamp,5000,40,23,12.0000,1.374858
fullSamp,5000,40,24,12.5000,1.275740
fullSamp,5000,40,25,13.0000,1.193675
fullSamp,5000,40,26,13.5000,0.995623
fullSamp,5000,40,27,14.0000,0.955229
fullSamp,5000,40,28,14.5000,0.895436
fullSamp,5000,40,29,15.0000,0.788899
fullSamp,5000,40,30,15.5000,0.706226
fullSamp,5000,40,31,16.0000,0.683391
fullSamp,5000,40,32,16.5000,0.616487
fullSamp,5000,40,33,17.0000,0.453512
fullSamp,5000,40,34,17.5000,0.374243
fullSamp,5000,40,35,18.0000,0.311653
fullSamp,5000,40,36,18.5000,0.207366
fullSamp,5000,40,37,19.0000,0.183026
fullSamp,5000,40,38,19.5000,0.127343
fullSamp,5000,40,39,20.0000,0.075350
fullSamp,5000,40,40,20.5000,0.065738
fullSamp,5000,40,41,21.0000,0.053579
fullSamp,5000,40,42,21.5000,0.051564
fullSamp,5000,40,43,22.0000,0.052564
fullSamp,5000,40,44,22.5000,0.051411
fullSamp,5000,40,45,23.0000,0.049811
fullSamp,5000,40,46,23.5000,0.048644
fullSamp,5000,40,47,24.0000,0.048142
fullSamp,5000,40,48,24.5000,0.048823
fullSamp,5000,40,49,25.0000,0.048794
fullSamp,5000,40,50,25.5000,0.054972
fullSamp,5000,40,51,26.0000,0.060247
fullSamp,5000,40,52,26.5000,0.056761
fullSamp,5000,40,53,27.0000,0.055558
fullSamp,5000,40,54,27.5000,0.048721
fullSamp,5000,40,55,28.0000,0.046519
fullSamp,5000,40,56,28.5000,0.048419
fullSamp,5000,40,57,29.0000,0.047770
fullSamp,5000,40,58,29.5000,0.047580
fullSamp,5000,40,59,30.0000,0.048197
fullSamp,5000,40,60,30.5000,0.050011
fullSamp,5000,40,61,31.0000,0.047058
fullSamp,5000,40,62,31.5000,0.048107
fullSamp,5000,40,63,32.0000,0.044611
fullSamp,5000,40,64,32.5000,0.043239
fullSamp,5000,40,65,33.0000,0.043046
fullSamp,5000,40,66,33.5000,0.044696
fullSamp,5000,40,67,34.0000,0.044459
fullSamp,5000,40,68,34.5000,0.044622
fullSamp,5000,40,69,35.0000,0.046908
fullSamp,5000,40,70,35.5000,0.049809
fullSamp,5000,40,71,36.0000,0.048360
fullSamp,5000,40,72,36.5000,0.047106
fullSamp,5000,40,73,37.0000,0.046239
fullSamp,5000,40,74,37.5000,0.047650
fullSamp,5000,40,75,38.0000,0.047522
fullSamp,5000,40,76,38.5000,0.047318
fullSamp,5000,40,77,39.0000,0.043922
fullSamp,5000,40,78,39.5000,0.043796
fullSamp,5000,40,79,40.0000,0.044942
fullSamp,5000,40,80,40.5000,0.046865
fullSamp,5000,40,81,41.0000,0.053509
fullSamp,5000,40,82,41.5000,0.053356
fullSamp,5000,40,83,42.0000,0.051469
fullSamp,5000,40,84,42.5000,0.051995
fullSamp,5000,40,85,43.0000,0.050954
fullSamp,5000,40,86,43.5000,0.052253
fullSamp,5000,40,87,44.0000,0.053141
fullSamp,5000,40,88,44.5000,0.054576
fullSamp,5000,40,89,45.0000,0.054812
fullSamp,5000,40,90,45.5000,0.057257
fullSamp,5000,40,91,46.0000,0.054092
fullSamp,5000,40,92,46.5000,0.054353
fullSamp,5000,40,93,47.0000,0.053844
fullSamp,5000,40,94,47.5000,0.049740
fullSamp,5000,40,95,48.0000,0.046475
fullSamp,5000,40,96,48.5000,0.045035
fullSamp,5000,40,97,49.0000,0.046285
fullSamp,5000,40,98,49.5000,0.046902
fullSamp,5000,40,99,50.0000,0.046968
fullSamp,5000,50,0,0.5000,6.903468
fullSamp,5000,50,1,1.0000,6.171051
fullSamp,5000,50,2,1.5000,5.585671
fullSamp,5000,50,3,2.0000,5.464740
fullSamp,5000,50,4,2.5000,4.947791
fullSamp,5000,50,5,3.0000,4.602308
fullSamp,5000,50,6,3.5000,4.435123
fullSamp,5000,50,7,4.0000,4.210755
fullSamp,5000,50,8,4.5000,4.077620
fullSamp,5000,50,9,5.0000,3.845983
fullSamp,5000,50,10,5.5000,3.712283
fullSamp,5000,50,11,6.0000,3.377583
fullSamp,5000,50,12,6.5000,3.082052
fullSamp,5000,50,13,7.0000,2.906376
fullSamp,5000,50,14,7.5000,2.774657
fullSamp,5000,50,15,8.0000,2.736328
fullSamp,5000,50,16,8.5000,2.458942
fullSamp,5000,50,17,9.0000,2.318651
fullSamp,5000,50,18,9.5000,2.211340
fullSamp,5000,50,19,10.0000,2.099331
fullSamp,5000,50,20,10.5000,1.934015
fullSamp,5000,50,21,11.0000,1.826570
fullSamp,5000,50,22,11.5000,1.674327
fullSamp,5000,50,23,12.0000,1.504290
fullSamp,5000,50,24,12.5000,1.335181
fullSamp,5000,50,25,13.0000,1.289873
fullSamp,5000,50,26,13.5000,1.195436
fullSamp,5000,50,27,14.0000,1.085438
fullSamp,5000,50,28,14.5000,0.960814
fullSamp,5000,50,29,15.0000,0.788984
fullSamp,5000,50,30,15.5000,0.734105
fullSamp,5000,50,31,16.0000,0.646984
fullSamp,5000,50,32,16.5000,0.562862
fullSamp,5000,50,33,17.0000,0.512269
fullSamp,5000,50,34,17.5000,0.366142
fullSamp,5000,50,35,18.0000,0.323246
fullSamp,5000,50,36,18.5000,0.265657
fullSamp,5000,50,37,19.0000,0.172374
fullSamp,5000,50,38,19.5000,0.119644
fullSamp,5000,50,39,20.0000,0.098123
fullSamp,5000,50,40,20.5000,0.073357
fullSamp,5000,50,41,21.0000,0.060466
fullSamp,5000,50,42,21.5000,0.057076
fullSamp,5000,50,43,22.0000,0.054177
fullSamp,5000,50,44,22.5000,0.052650
fullSamp,5000,50,45,23.0000,0.055155
fullSamp,5000,50,46,23.5000,0.056354
fullSamp,5000,50,47,24.0000,0.055566
fullSamp,5000,50,48,24.5000,0.054388
fullSamp,5000,50,49,25.0000,0.054132
fullSamp,5000,50,50,25.5000,0.054023
fullSamp,5000,50,51,26.0000,0.056003
fullSamp,5000,50,52,26.5000,0.054117
fullSamp,5000,50,53,27.0000,0.053358
fullSamp,5000,50,54,27.5000,0.051589
fullSamp,5000,50,55,28.0000,0.051714
fullSamp,5000,50,56,28.5000,0.057487
fullSamp,5000,50,57,29.0000,0.057790
fullSamp,5000,50,58,29.5000,0.054376
fullSamp,5000,50,59,30.0000,0.053084
fullSamp,5000,50,60,30.5000,0.052063
fullSamp,5000,50,61,31.0000,0.051231
fullSamp,5000,50,62,31.5000,0.053876
fullSamp,5000,50,63,32.0000,0.051373
fullSamp,5000,50,64,32.5000,0.055307
fullSamp,5000,50,65,33.0000,0.054896
fullSamp,5000,50,66,33.5000,0.054740
fullSamp,5000,50,67,34.0000,0.051962
fullSamp,5000,50,68,34.5000,0.050239
fullSamp,5000,50,69,35.0000,0.059825
fullSamp,5000,50,70,35.5000,0.061127
fullSamp,5000,50,71,36.0000,0.059217
fullSamp,5000,50,72,36.5000,0.059838
fullSamp,5000,50,73,37.0000,0.059263
fullSamp,5000,50,74,37.5000,0.056428
fullSamp,5000,50,75,38.0000,0.057177
fullSamp,5000,50,76,38.5000,0.053784
fullSamp,5000,50,77,39.0000,0.052967
fullSamp,5000,50,78,39.5000,0.050887
fullSamp,5000,50,79,40.0000,0.049836
fullSamp,5000,50,80,40.5000,0.051170
fullSamp,5000,50,81,41.0000,0.052783
fullSamp,5000,50,82,41.5000,0.058691
fullSamp,5000,50,83,42.0000,0.057547
fullSamp,5000,50,84,42.5000,0.055640
fullSamp,5000,50,85,43.0000,0.053517
fullSamp,5000,50,86,43.5000,0.053005
fullSamp,5000,50,87,44.0000,0.057270
fullSamp,5000,50,88,44.5000,0.058083
fullSamp,5000,50,89,45.0000,0.055553
fullSamp,5000,50,90,45.5000,0.059441
fullSamp,5000,50,91,46.0000,0.057970
fullSamp,5000,50,92,46.5000,0.056105
fullSamp,5000,50,93,47.0000,0.055806
fullSamp,5000,50,94,47.5000,0.058442
fullSamp,5000,50,95,48.0000,0.055412
fullSamp,5000,50,96,48.5000,0.058096
fullSamp,5000,50,97,49.0000,0.055371
fullSamp,5000,50,98,49.5000,0.058342
fullSamp,5000,50,99,50.0000,0.057256
fullSamp,500,10,0,0.5000,6.282112
fullSamp,500,10,1,1.0000,4.878567
fullSamp,500,10,2,1.5000,4.240579
fullSamp,500,10,3,2.0000,3.403113
fullSamp,500,10,4,2.5000,2.899774
fullSamp,500,10,5,3.0000,2.164900
fullSamp,500,10,6,3.5000,1.822317
fullSamp,500,10,7,4.0000,1.366035
fullSamp,500,10,8,4.5000,0.955099
fullSamp,500,10,9,5.0000,0.614652
fullSamp,500,10,10,5.5000,0.452350
fullSamp,500,10,11,6.0000,0.239228
fullSamp,500,10,12,6.5000,0.109509
fullSamp,500,10,13,7.0000,0.103722
fullSamp,500,10,14,7.5000,0.094370
fullSamp,500,10,15,8.0000,0.092722
fullSamp,500,10,16,8.5000,0.085588
fullSamp,500,10,17,9.0000,0.085747
fullSamp,500,10,18,9.5000,0.080637
fullSamp,500,10,19,10.0000,0.078927
fullSamp,500,10,20,10.5000,0.079182
fullSamp,500,10,21,11.0000,0.076513
fullSamp,500,10,22,11.5000,0.075672
fullSamp,500,10,23,12.0000,0.073493
fullSamp,500,10,24,12.5000,0.073121
fullSamp,500,10,25,13.0000,0.073723
fullSamp,500,10,26,13.5000,0.074838
fullSamp,500,10,27,14.0000,0.082361
fullSamp,500,10,28,14.5000,0.079929
fullSamp,500,10,29,15.0000,0.076643
fullSamp,500,10,30,15.5000,0.070573
fullSamp,500,10,31,16.0000,0.068923
fullSamp,500,10,32,16.5000,0.065049
fullSamp,500,10,33,17.0000,0.064416
fullSamp,500,10,34,17.5000,0.061722
fullSamp,500,10,35,18.0000,0.062859
fullSamp,500,10,36,18.5000,0.061191
fullSamp,500,10,37,19.0000,0.061474
fullSamp,500,10,38,19.5000,0.059368
fullSamp,500,10,39,20.0000,0.060927
fullSamp,500,10,40,20.5000,0.056710
fullSamp,500,10,41,21.0000,0.055519
fullSamp,500,10,42,21.5000,0.055165
fullSamp,500,10,43,22.0000,0.053980
fullSamp,500,10,44,22.5000,0.053518
fullSamp,500,10,45,23.0000,0.053658
fullSamp,500,10,46,23.5000,0.053595
fullSamp,500,10,47,24.0000,0.051855
fullSamp,500,10,48,24.5000,0.050878
fullSamp,500,10,49,25.0000,0.050135
fullSamp,500,10,50,25.5000,0.050015
fullSamp,500,10,51,26.0000,0.049220
fullSamp,500,10,52,26.5000,0.048416
fullSamp,500,10,53,27.0000,0.048282
fullSamp,500,10,54,27.5000,0.047888
fullSamp,500,10,55,28.0000,0.049391
fullSamp,500,10,56,28.5000,0.048342
fullSamp,500,10,57,29.0000,0.049490
fullSamp,500,10,58,29.5000,0.047805
fullSamp,500,10,59,30.0000,0.047431
fullSamp,500,10,60,30.5000,0.049384
fullSamp,500,10,61,31.0000,0.047938
fullSamp,500,10,62,31.5000,0.048326
fullSamp,500,10,63,32.0000,0.049140
fullSamp,500,10,64,32.5000,0.046769
fullSamp,500,10,65,33.0000,0.045452
fullSamp,500,10,66,33.5000,0.044733
fullSamp,500,10,67,34.0000,0.044931
fullSamp,500,10,68,34.5000,0.043359
fullSamp,500,10,69,35.0000,0.042754
fullSamp,500,10,70,35.5000,0.042600
fullSamp,500,10,71,36.0000,0.041860
fullSamp,500,10,72,36.5000,0.041871
fullSamp,500,10,73,37.0000,0.042171
fullSamp,500,10,74,37.5000,0.041552
fullSamp,500,10,75,38.0000,0.040907
fullSamp,500,10,76,38.5000,0.040903
fullSamp,500,10,77,39.0000,0.040662
fullSamp,500,10,78,39.5000,0.040342
fullSamp,500,10,79,40.0000,0.041114
fullSamp,500,10,80,40.5000,0.039747
fullSamp,500,10,81,41.0000,0.041168
fullSamp,500,10,82,41.5000,0.041111
fullSamp,500,10,83,42.0000,0.041416
fullSamp,500,10,84,42.5000,0.043720
fullSamp,500,10,85,43.0000,0.041749
fullSamp,500,10,86,43.5000,0.042538
fullSamp,500,10,87,44.0000,0.043689
fullSamp,500,10,88,44.5000,0.042143
fullSamp,500,10,89,45.0000,0.040735
fullSamp,500,10,90,45.5000,0.042334
fullSamp,500,10,91,46.0000,0.040663
fullSamp,500,10,92,46.5000,0.041762
fullSamp,500,10,93,47.0000,0.040660
fullSamp,500,10,94,47.5000,0.041900
fullSamp,500,10,95,48.0000,0.040820
fullSamp,500,10,96,48.5000,0.040493
fullSamp,500,10,97,49.0000,0.037161
fullSamp,500,10,98,49.5000,0.036765
fullSamp,500,10,99,50.0000,0.036861
fullSamp,500,20,0,0.5000,6.119444
fullSamp,500,20,1,1.0000,4.943119
fullSamp,500,20,2,1.5000,4.251588
fullSamp,500,20,3,2.0000,3.427000
fullSamp,500,20,4,2.5000,3.029895
fullSamp,500,20,5,3.0000,2.522673
fullSamp,500,20,6,3.5000,1.891666
fullSamp,500,20,7,4.0000,1.487909
fullSamp,500,20,8,4.5000,1.046842
fullSamp,500,20,9,5.0000,0.754105
fullSamp,500,20,10,5.5000,0.547976
fullSamp,500,20,11,6.0000,0.329999
fullSamp,500,20,12,6.5000,0.137422
fullSamp,500,20,13,7.0000,0.119671
fullSamp,500,20,14,7.5000,0.104608
fullSamp,500,20,15,8.0000,0.097364
fullSamp,500,20,16,8.5000,0.093584
fullSamp,500,20,17,9.0000,0.091908
fullSamp,500,20,18,9.5000,0.090717
fullSamp,500,20,19,10.0000,0.094620
fullSamp,500,20,20,10.5000,0.091756
fullSamp,500,20,21,11.0000,0.089743
fullSamp,500,20,22,11.5000,0.080254
fullSamp,500,20,23,12.0000,0.080812
fullSamp,500,20,24,12.5000,0.073300
fullSamp,500,20,25,13.0000,0.071326
fullSamp,500,20,26,13.5000,0.071336
fullSamp,500,20,27,14.0000,0.069258
fullSamp,500,20,28,14.5000,0.068017
fullSamp,500,20,29,15.0000,0.067673
fullSamp,500,20,30,15.5000,0.068879
fullSamp,500,20,31,16.0000,0.066932
fullSamp,500,20,32,16.5000,0.069213
fullSamp,500,20,33,17.0000,0.063182
fullSamp,500,20,34,17.5000,0.061602
fullSamp,500,20,35,18.0000,0.060214
fullSamp,500,20,36,18.5000,0.060340
fullSamp,500,20,37,19.0000,0.060738
fullSamp,500,20,38,19.5000,0.058961
fullSamp,500,20,39,20.0000,0.060202
fullSamp,500,20,40,20.5000,0.057352
fullSamp,500,20,41,21.0000,0.056372
fullSamp,500,20,42,21.5000,0.055797
fullSamp,500,20,43,22.0000,0.054517
fullSamp,500,20,44,22.5000,0.054018
fullSamp,500,20,45,23.0000,0.056287
fullSamp,500,20,46,23.5000,0.054845
fullSamp,500,20,47,24.0000,0.054920
fullSamp,500,20,48,24.5000,0.059630
fullSamp,500,20,49,25.0000,0.057123
fullSamp,500,20,50,25.5000,0.057865
fullSamp,500,20,51,26.0000,0.058292
fullSamp,500,20,52,26.5000,0.056187
fullSamp,500,20,53,27.0000,0.054739
fullSamp,500,20,54,27.5000,0.054139
fullSamp,500,20,55,28.0000,0.053895
fullSamp,500,20,56,28.5000,0.051515
fullSamp,500,20,57,29.0000,0.048760
fullSamp,500,20,58,29.5000,0.048352
fullSamp,500,20,59,30.0000,0.047612
fullSamp,500,20,60,30.5000,0.047544
fullSamp,500,20,61,31.0000,0.046995
fullSamp,500,20,62,31.5000,0.045972
fullSamp,500,20,63,32.0000,0.045752
fullSamp,500,20,64,32.5000,0.045236
fullSamp,500,20,65,33.0000,0.045038
fullSamp,500,20,66,33.5000,0.044513
fullSamp,500,20,67,34.0000,0.044467
fullSamp,500,20,68,34.5000,0.045484
fullSamp,500,20,69,35.0000,0.045685
fullSamp,500,20,70,35.5000,0.046183
fullSamp,500,20,71,36.0000,0.044977
fullSamp,500,20,72,36.5000,0.045290
fullSamp,500,20,73,37.0000,0.043747
fullSamp,500,20,74,37.5000,0.042836
fullSamp,500,20,75,38.0000,0.042427
fullSamp,500,20,76,38.5000,0.042022
fullSamp,500,20,77,39.0000,0.041486
fullSamp,500,20,78,39.5000,0.041124
fullSamp,500,20,79,40.0000,0.040660
fullSamp,500,20,80,40.5000,0.042843
fullSamp,500,20,81,41.0000,0.042429
fullSamp,500,20,82,41.5000,0.043704
fullSamp,500,20,83,42.0000,0.041979
fullSamp,500,20,84,42.5000,0.041830
fullSamp,500,20,85,43.0000,0.041806
fullSamp,500,20,86,43.5000,0.041696
fullSamp,500,20,87,44.0000,0.042170
fullSamp,500,20,88,44.5000,0.043815
fullSamp,500,20,89,45.0000,0.043285
fullSamp,500,20,90,45.5000,0.042415
fullSamp,500,20,91,46.0000,0.041724
fullSamp,500,20,92,46.5000,0.042644
fullSamp,500,20,93,47.0000,0.043250
fullSamp,500,20,94,47.5000,0.041996
fullSamp,500,20,95,48.0000,0.040163
fullSamp,500,20,96,48.5000,0.038715
fullSamp,500,20,97,49.0000,0.039410
fullSamp,500,20,98,49.5000,0.039447
fullSamp,500,20,99,50.0000,0.038197
fullSamp,500,30,0,0.5000,6.187887
fullSamp,500,30,1,1.0000,4.747926
fullSamp,500,30,2,1.5000,4.116065
fullSamp,500,30,3,2.0000,3.533199
fullSamp,500,30,4,2.5000,2.694802
fullSamp,500,30,5,3.0000,2.149256
fullSamp,500,30,6,3.5000,1.520724
fullSamp,500,30,7,4.0000,1.235332
fullSamp,500,30,8,4.5000,0.985796
fullSamp,500,30,9,5.0000,0.756641
fullSamp,500,30,10,5.5000,0.489327
fullSamp,500,30,11,6.0000,0.393607
fullSamp,500,30,12,6.5000,0.213202
fullSamp,500,30,13,7.0000,0.142481
fullSamp,500,30,14,7.5000,0.142987
fullSamp,500,30,15,8.0000,0.122932
fullSamp,500,30,16,8.5000,0.121022
fullSamp,500,30,17,9.0000,0.121075
fullSamp,500,30,18,9.5000,0.113873
fullSamp,500,30,19,10.0000,0.102742
fullSamp,500,30,20,10.5000,0.109051
fullSamp,500,30,21,11.0000,0.108929
fullSamp,500,30,22,11.5000,0.109345
fullSamp,500,30,23,12.0000,0.101024
fullSamp,500,30,24,12.5000,0.103949
fullSamp,500,30,25,13.0000,0.101310
fullSamp,500,30,26,13.5000,0.101205
fullSamp,500,30,27,14.0000,0.099359
fullSamp,500,30,28,14.5000,0.086278
fullSamp,500,30,29,15.0000,0.074578
fullSamp,500,30,30,15.5000,0.067787
fullSamp,500,30,31,16.0000,0.063081
fullSamp,500,30,32,16.5000,0.060257
fullSamp,500,30,33,17.0000,0.059702
fullSamp,500,30,34,17.5000,0.059585
fullSamp,500,30,35,18.0000,0.059382
fullSamp,500,30,36,18.5000,0.059750
fullSamp,500,30,37,19.0000,0.056936
fullSamp,500,30,38,19.5000,0.058179
fullSamp,500,30,39,20.0000,0.055326
fullSamp,500,30,40,20.5000,0.054194
fullSamp,500,30,41,21.0000,0.055405
fullSamp,500,30,42,21.5000,0.053438
fullSamp,500,30,43,22.0000,0.051788
fullSamp,500,30,44,22.5000,0.051118
fullSamp,500,30,45,23.0000,0.051763
fullSamp,500,30,46,23.5000,0.051542
fullSamp,500,30,47,24.0000,0.051100
fullSamp,500,30,48,24.5000,0.051002
fullSamp,500,30,49,25.0000,0.051644
fullSamp,500,30,50,25.5000,0.053472
fullSamp,500,30,51,26.0000,0.053244
fullSamp,500,30,52,26.5000,0.051936
fullSamp,500,30,53,27.0000,0.051391
fullSamp,500,30,54,27.5000,0.052577
fullSamp,500,30,55,28.0000,0.052001
fullSamp,500,30,56,28.5000,0.056638
fullSamp,500,30,57,29.0000,0.059194
fullSamp,500,30,58,29.5000,0.059402
fullSamp,500,30,59,30.0000,0.055003
fullSamp,500,30,60,30.5000,0.057370
fullSamp,500,30,61,31.0000,0.055044
fullSamp,500,30,62,31.5000,0.055210
fullSamp,500,30,63,32.0000,0.060827
fullSamp,500,30,64,32.5000,0.062448
fullSamp,500,30,65,33.0000,0.063432
fullSamp,500,30,66,33.5000,0.067143
fullSamp,500,30,67,34.0000,0.067763
fullSamp,500,30,68,34.5000,0.064031
fullSamp,500,30,69,35.0000,0.066080
fullSamp,500,30,70,35.5000,0.058185
fullSamp,500,30,71,36.0000,0.057606
fullSamp,500,30,72,36.5000,0.051190
fullSamp,500,30,73,37.0000,0.052808
fullSamp,500,30,74,37.5000,0.053352
fullSamp,500,30,75,38.0000,0.053901
fullSamp,500,30,76,38.5000,0.049171
fullSamp,500,30,77,39.0000,0.048714
fullSamp,500,30,78,39.5000,0.047635
fullSamp,500,30,79,40.0000,0.044344
fullSamp,500,30,80,40.5000,0.047216
fullSamp,500,30,81,41.0000,0.047527
fullSamp,500,30,82,41.5000,0.050136
fullSamp,500,30,83,42.0000,0.051085
fullSamp,500,30,84,42.5000,0.050210
fullSamp,500,30,85,43.0000,0.051801
fullSamp,500,30,86,43.5000,0.051731
fullSamp,500,30,87,44.0000,0.049512
fullSamp,500,30,88,44.5000,0.047124
fullSamp,500,30,89,45.0000,0.045877
fullSamp,500,30,90,45.5000,0.046249
fullSamp,500,30,91,46.0000,0.048540
fullSamp,500,30,92,46.5000,0.047718
fullSamp,500,30,93,47.0000,0.050500
fullSamp,500,30,94,47.5000,0.048194
fullSamp,500,30,95,48.0000,0.047522
fullSamp,500,30,96,48.5000,0.046962
fullSamp,500,30,97,49.0000,0.043936
fullSamp,500,30,98,49.5000,0.042991
fullSamp,500,30,99,50.0000,0.043190
fullSamp,500,40,0,0.5000,5.951295
fullSamp,500,40,1,1.0000,4.844739
fullSamp,500,40,2,1.5000,4.238368
fullSamp,500,40,3,2.0000,3.553230
fullSamp,500,40,4,2.5000,2.804589
fullSamp,500,40,5,3.0000,2.286491
fullSamp,500,40,6,3.5000,1.861760
fullSamp,500,40,7,4.0000,1.462400
fullSamp,500,40,8,4.5000,1.123338
fullSamp,500,40,9,5.0000,0.829143
fullSamp,500,40,10,5.5000,0.488754
fullSamp,500,40,11,6.0000,0.382804
fullSamp,500,40,12,6.5000,0.228172
fullSamp,500,40,13,7.0000,0.239086
fullSamp,500,40,14,7.5000,0.165900
fullSamp,500,40,15,8.0000,0.149150
fullSamp,500,40,16,8.5000,0.123544
fullSamp,500,40,17,9.0000,0.125125
fullSamp,500,40,18,9.5000,0.108792
fullSamp,500,40,19,10.0000,0.100632
fullSamp,500,40,20,10.5000,0.113137
fullSamp,500,40,21,11.0000,0.117420
fullSamp,500,40,22,11.5000,0.118421
fullSamp,500,40,23,12.0000,0.098125
fullSamp,500,40,24,12.5000,0.111975
fullSamp,500,40,25,13.0000,0.119224
fullSamp,500,40,26,13.5000,0.107002
fullSamp,500,40,27,14.0000,0.111774
fullSamp,500,40,28,14.5000,0.105906
fullSamp,500,40,29,15.0000,0.105370
fullSamp,500,40,30,15.5000,0.104151
fullSamp,500,40,31,16.0000,0.108581
fullSamp,500,40,32,16.5000,0.121039
fullSamp,500,40,33,17.0000,0.124306
fullSamp,500,40,34,17.5000,0.132124
fullSamp,500,40,35,18.0000,0.130959
fullSamp,500,40,36,18.5000,0.136380
fullSamp,500,40,37,19.0000,0.125515
fullSamp,500,40,38,19.5000,0.135352
fullSamp,500,40,39,20.0000,0.132185
fullSamp,500,40,40,20.5000,0.133933
fullSamp,500,40,41,21.0000,0.136149
fullSamp,500,40,42,21.5000,0.131046
fullSamp,500,40,43,22.0000,0.131541
fullSamp,500,40,44,22.5000,0.119426
fullSamp,500,40,45,23.0000,0.114256
fullSamp,500,40,46,23.5000,0.103946
fullSamp,500,40,47,24.0000,0.101058
fullSamp,500,40,48,24.5000,0.095117
fullSamp,500,40,49,25.0000,0.087631
fullSamp,500,40,50,25.5000,0.093579
fullSamp,500,40,51,26.0000,0.090086
fullSamp,500,40,52,26.5000,0.086619
fullSamp,500,40,53,27.0000,0.087871
fullSamp,500,40,54,27.5000,0.086343
fullSamp,500,40,55,28.0000,0.079956
fullSamp,500,40,56,28.5000,0.078789
fullSamp,500,40,57,29.0000,0.068012
fullSamp,500,40,58,29.5000,0.071065
fullSamp,500,40,59,30.0000,0.071033
fullSamp,500,40,60,30.5000,0.072193
fullSamp,500,40,61,31.0000,0.071314
fullSamp,500,40,62,31.5000,0.071466
fullSamp,500,40,63,32.0000,0.072929
fullSamp,500,40,64,32.5000,0.070108
fullSamp,500,40,65,33.0000,0.066340
fullSamp,500,40,66,33.5000,0.065623
fullSamp,500,40,67,34.0000,0.053402
fullSamp,500,40,68,34.5000,0.056939
fullSamp,500,40,69,35.0000,0.060392
fullSamp,500,40,70,35.5000,0.060031
fullSamp,500,40,71,36.0000,0.056779
fullSamp,500,40,72,36.5000,0.055030
fullSamp,500,40,73,37.0000,0.052412
fullSamp,500,40,74,37.5000,0.050342
fullSamp,500,40,75,38.0000,0.049101
fullSamp,500,40,76,38.5000,0.052378
fullSamp,500,40,77,39.0000,0.050158
fullSamp,500,40,78,39.5000,0.050666
fullSamp,500,40,79,40.0000,0.052402
fullSamp,500,40,80,40.5000,0.057157
fullSamp,500,40,81,41.0000,0.059620
fullSamp,500,40,82,41.5000,0.063471
fullSamp,500,40,83,42.0000,0.067859
fullSamp,500,40,84,42.5000,0.068956
fullSamp,500,40,85,43.0000,0.064850
fullSamp,500,40,86,43.5000,0.059920
fullSamp,500,40,87,44.0000,0.061315
fullSamp,500,40,88,44.5000,0.061406
fullSamp,500,40,89,45.0000,0.060690
fullSamp,500,40,90,45.5000,0.062739
fullSamp,500,40,91,46.0000,0.059591
fullSamp,500,40,92,46.5000,0.058222
fullSamp,500,40,93,47.0000,0.057826
fullSamp,500,40,94,47.5000,0.054508
fullSamp,500,40,95,48.0000,0.056356
fullSamp,500,40,96,48.5000,0.059015
fullSamp,500,40,97,49.0000,0.060643
fullSamp,500,40,98,49.5000,0.058876
fullSamp,500,40,99,50.0000,0.060106
fullSamp,500,50,0,0.5000,5.459549
fullSamp,500,50,1,1.0000,5.430093
fullSamp,500,50,2,1.5000,4.040387
fullSamp,500,50,3,2.0000,3.295786
fullSamp,500,50,4,2.5000,2.571035
fullSamp,500,50,5,3.0000,2.082907
fullSamp,500,50,6,3.5000,1.643330
fullSamp,500,50,7,4.0000,1.182262
fullSamp,500,50,8,4.5000,0.802053
fullSamp,500,50,9,5.0000,0.568532
fullSamp,500,50,10,5.5000,0.453539
fullSamp,500,50,11,6.0000,0.213954
fullSamp,500,50,12,6.5000,0.139473
fullSamp,500,50,13,7.0000,0.125182
fullSamp,500,50,14,7.5000,0.108194
fullSamp,500,50,15,8.0000,0.100040
fullSamp,500,50,16,8.5000,0.095018
fullSamp,500,50,17,9.0000,0.093437
fullSamp,500,50,18,9.5000,0.102610
fullSamp,500,50,19,10.0000,0.090192
fullSamp,500,50,20,10.5000,0.092291
fullSamp,500,50,21,11.0000,0.090342
fullSamp,500,50,22,11.5000,0.087272
fullSamp,500,50,23,12.0000,0.078822
fullSamp,500,50,24,12.5000,0.076342
fullSamp,500,50,25,13.0000,0.080746
fullSamp,500,50,26,13.5000,0.072747
fullSamp,500,50,27,14.0000,0.069798
fullSamp,500,50,28,14.5000,0.067527
fullSamp,500,50,29,15.0000,0.075429
fullSamp,500,50,30,15.5000,0.074749
fullSamp,500,50,31,16.0000,0.088501
fullSamp,500,50,32,16.5000,0.082369
fullSamp,500,50,33,17.0000,0.072142
fullSamp,500,50,34,17.5000,0.072628
fullSamp,500,50,35,18.0000,0.064925
fullSamp,500,50,36,18.5000,0.067203
fullSamp,500,50,37,19.0000,0.074842
fullSamp,500,50,38,19.5000,0.078562
fullSamp,500,50,39,20.0000,0.080585
fullSamp,500,50,40,20.5000,0.081025
fullSamp,500,50,41,21.0000,0.086728
fullSamp,500,50,42,21.5000,0.090647
fullSamp,500,50,43,22.0000,0.095591
fullSamp,500,50,44,22.5000,0.089222
fullSamp,500,50,45,23.0000,0.085931
fullSamp,500,50,46,23.5000,0.068297
fullSamp,500,50,47,24.0000,0.062460
fullSamp,500,50,48,24.5000,0.063159
fullSamp,500,50,49,25.0000,0.060489
fullSamp,500,50,50,25.5000,0.061922
fullSamp,500,50,51,26.0000,0.065747
fullSamp,500,50,52,26.5000,0.063679
fullSamp,500,50,53,27.0000,0.063527
fullSamp,500,50,54,27.5000,0.060872
fullSamp,500,50,55,28.0000,0.064075
fullSamp,500,50,56,28.5000,0.058908
fullSamp,500,50,57,29.0000,0.063398
fullSamp,500,50,58,29.5000,0.070133
fullSamp,500,50,59,30.0000,0.073237
fullSamp,500,50,60,30.5000,0.070849
fullSamp,500,50,61,31.0000,0.073072
fullSamp,500,50,62,31.5000,0.072883
fullSamp,500,50,63,32.0000,0.082180
fullSamp,500,50,64,32.5000,0.082296
fullSamp,500,50,65,33.0000,0.080784
fullSamp,500,50,66,33.5000,0.076635
fullSamp,500,50,67,34.0000,0.074816
fullSamp,500,50,68,34.5000,0.076198
fullSamp,500,50,69,35.0000,0.076126
fullSamp,500,50,70,35.5000,0.076045
fullSamp,500,50,71,36.0000,0.073968
fullSamp,500,50,72,36.5000,0.069692
fullSamp,500,50,73,37.0000,0.068753
fullSamp,500,50,74,37.5000,0.070206
fullSamp,500,50,75,38.0000,0.065712
fullSamp,500,50,76,38.5000,0.066779
fullSamp,500,50,77,39.0000,0.062778
fullSamp,500,50,78,39.5000,0.064342
fullSamp,500,50,79,40.0000,0.065288
fullSamp,500,50,80,40.5000,0.069266
fullSamp,500,50,81,41.0000,0.070716
fullSamp,500,50,82,41.5000,0.070048
fullSamp,500,50,83,42.0000,0.070316
fullSamp,500,50,84,42.5000,0.074693
fullSamp,500,50,85,43.0000,0.059263
fullSamp,500,50,86,43.5000,0.057385
fullSamp,500,50,87,44.0000,0.054514
fullSamp,500,50,88,44.5000,0.054701
fullSamp,500,50,89,45.0000,0.051614
fullSamp,500,50,90,45.5000,0.051040
fullSamp,500,50,91,46.0000,0.049205
fullSamp,500,50,92,46.5000,0.051339
fullSamp,500,50,93,47.0000,0.050244
fullSamp,500,50,94,47.5000,0.047023
fullSamp,500,50,95,48.0000,0.049006
fullSamp,500,50,96,48.5000,0.048006
fullSamp,500,50,97,49.0000,0.048261
fullSamp,500,50,98,49.5000,0.048881
fullSamp,500,50,99,50.0000,0.047444
fullSamp,50,10,0,0.5000,2.398676
fullSamp,50,10,1,1.0000,0.668129
fullSamp,50,10,2,1.5000,0.488624
fullSamp,50,10,3,2.0000,0.373495
fullSamp,50,10,4,2.5000,0.341053
fullSamp,50,10,5,3.0000,0.328023
fullSamp,50,10,6,3.5000,0.356241
fullSamp,50,10,7,4.0000,0.357343
fullSamp,50,10,8,4.5000,0.333323
fullSamp,50,10,9,5.0000,0.339729
fullSamp,50,10,10,5.5000,0.340549
fullSamp,50,10,11,6.0000,0.286439
fullSamp,50,10,12,6.5000,0.284625
fullSamp,50,10,13,7.0000,0.293601
fullSamp,50,10,14,7.5000,0.290211
fullSamp,50,10,15,8.0000,0.266382
fullSamp,50,10,16,8.5000,0.249685
fullSamp,50,10,17,9.0000,0.232615
fullSamp,50,10,18,9.5000,0.221465
fullSamp,50,10,19,10.0000,0.193106
fullSamp,50,10,20,10.5000,0.187493
fullSamp,50,10,21,11.0000,0.194023
fullSamp,50,10,22,11.5000,0.172367
fullSamp,50,10,23,12.0000,0.159641
fullSamp,50,10,24,12.5000,0.152971
fullSamp,50,10,25,13.0000,0.155773
fullSamp,50,10,26,13.5000,0.153896
fullSamp,50,10,27,14.0000,0.133904
fullSamp,50,10,28,14.5000,0.129174
fullSamp,50,10,29,15.0000,0.133039
fullSamp,50,10,30,15.5000,0.121349
fullSamp,50,10,31,16.0000,0.118531
fullSamp,50,10,32,16.5000,0.113889
fullSamp,50,10,33,17.0000,0.118541
fullSamp,50,10,34,17.5000,0.111920
fullSamp,50,10,35,18.0000,0.120244
fullSamp,50,10,36,18.5000,0.122755
fullSamp,50,10,37,19.0000,0.120215
fullSamp,50,10,38,19.5000,0.113167
fullSamp,50,10,39,20.0000,0.109294
fullSamp,50,10,40,20.5000,0.108389
fullSamp,50,10,41,21.0000,0.111274
fullSamp,50,10,42,21.5000,0.109588
fullSamp,50,10,43,22.0000,0.101794
fullSamp,50,10,44,22.5000,0.096931
fullSamp,50,10,45,23.0000,0.097152
fullSamp,50,10,46,23.5000,0.096018
fullSamp,50,10,47,24.0000,0.091824
fullSamp,50,10,48,24.5000,0.091703
fullSamp,50,10,49,25.0000,0.089493
fullSamp,50,10,50,25.5000,0.082964
fullSamp,50,10,51,26.0000,0.082992
fullSamp,50,10,52,26.5000,0.082377
fullSamp,50,10,53,27.0000,0.083118
fullSamp,50,10,54,27.5000,0.082850
fullSamp,50,10,55,28.0000,0.080647
fullSamp,50,10,56,28.5000,0.078647
fullSamp,50,10,57,29.0000,0.076873
fullSamp,50,10,58,29.5000,0.073840
fullSamp,50,10,59,30.0000,0.070716
fullSamp,50,10,60,30.5000,0.066819
fullSamp,50,10,61,31.0000,0.063079
fullSamp,50,10,62,31.5000,0.062045
fullSamp,50,10,63,32.0000,0.062589
fullSamp,50,10,64,32.5000,0.060183
fullSamp,50,10,65,33.0000,0.058422
fullSamp,50,10,66,33.5000,0.057080
fullSamp,50,10,67,34.0000,0.055498
fullSamp,50,10,68,34.5000,0.054698
fullSamp,50,10,69,35.0000,0.053215
fullSamp,50,10,70,35.5000,0.053123
fullSamp,50,10,71,36.0000,0.052669
fullSamp,50,10,72,36.5000,0.052217
fullSamp,50,10,73,37.0000,0.052540
fullSamp,50,10,74,37.5000,0.051885
fullSamp,50,10,75,38.0000,0.050361
fullSamp,50,10,76,38.5000,0.050261
fullSamp,50,10,77,39.0000,0.050482
fullSamp,50,10,78,39.5000,0.052195
fullSamp,50,10,79,40.0000,0.051862
fullSamp,50,10,80,40.5000,0.051861
fullSamp,50,10,81,41.0000,0.049998
fullSamp,50,10,82,41.5000,0.050008
fullSamp,50,10,83,42.0000,0.051276
fullSamp,50,10,84,42.5000,0.052059
fullSamp,50,10,85,43.0000,0.050867
fullSamp,50,10,86,43.5000,0.054884
fullSamp,50,10,87,44.0000,0.055057
fullSamp,50,10,88,44.5000,0.058905
fullSamp,50,10,89,45.0000,0.059613
fullSamp,50,10,90,45.5000,0.061609
fullSamp,50,10,91,46.0000,0.058201
fullSamp,50,10,92,46.5000,0.054413
fullSamp,50,10,93,47.0000,0.053712
fullSamp,50,10,94,47.5000,0.052422
fullSamp,50,10,95,48.0000,0.051975
fullSamp,50,10,96,48.5000,0.056247
fullSamp,50,10,97,49.0000,0.055992
fullSamp,50,10,98,49.5000,0.056789
fullSamp,50,10,99,50.0000,0.056015
fullSamp,50,20,0,0.5000,1.942070
fullSamp,50,20,1,1.0000,0.975667
fullSamp,50,20,2,1.5000,0.291941
fullSamp,50,20,3,2.0000,0.239265
fullSamp,50,20,4,2.5000,0.188428
fullSamp,50,20,5,3.0000,0.158434
fullSamp,50,20,6,3.5000,0.162962
fullSamp,50,20,7,4.0000,0.131983
fullSamp,50,20,8,4.5000,0.120337
fullSamp,50,20,9,5.0000,0.123587
fullSamp,50,20,10,5.5000,0.142144
fullSamp,50,20,11,6.0000,0.142343
fullSamp,50,20,12,6.5000,0.143147
fullSamp,50,20,13,7.0000,0.134521
fullSamp,50,20,14,7.5000,0.128303
fullSamp,50,20,15,8.0000,0.125609
fullSamp,50,20,16,8.5000,0.105951
fullSamp,50,20,17,9.0000,0.087546
fullSamp,50,20,18,9.5000,0.084032
fullSamp,50,20,19,10.0000,0.081366
fullSamp,50,20,20,10.5000,0.080928
fullSamp,50,20,21,11.0000,0.080796
fullSamp,50,20,22,11.5000,0.078536
fullSamp,50,20,23,12.0000,0.076126
fullSamp,50,20,24,12.5000,0.076723
fullSamp,50,20,25,13.0000,0.080454
fullSamp,50,20,26,13.5000,0.076800
fullSamp,50,20,27,14.0000,0.072045
fullSamp,50,20,28,14.5000,0.069312
fullSamp,50,20,29,15.0000,0.066408
fullSamp,50,20,30,15.5000,0.064825
fullSamp,50,20,31,16.0000,0.067712
fullSamp,50,20,32,16.5000,0.065455
fullSamp,50,20,33,17.0000,0.067699
fullSamp,50,20,34,17.5000,0.065658
fullSamp,50,20,35,18.0000,0.063999
fullSamp,50,20,36,18.5000,0.061810
fullSamp,50,20,37,19.0000,0.061585
fullSamp,50,20,38,19.5000,0.059696
fullSamp,50,20,39,20.0000,0.059400
fullSamp,50,20,40,20.5000,0.057661
fullSamp,50,20,41,21.0000,0.059293
fullSamp,50,20,42,21.5000,0.062061
fullSamp,50,20,43,22.0000,0.061507
fullSamp,50,20,44,22.5000,0.061300
fullSamp,50,20,45,23.0000,0.059439
fullSamp,50,20,46,23.5000,0.058743
fullSamp,50,20,47,24.0000,0.057336
fullSamp,50,20,48,24.5000,0.059074
fullSamp,50,20,49,25.0000,0.057196
fullSamp,50,20,50,25.5000,0.056760
fullSamp,50,20,51,26.0000,0.058715
fullSamp,50,20,52,26.5000,0.058937
fullSamp,50,20,53,27.0000,0.059246
fullSamp,50,20,54,27.5000,0.061080
fullSamp,50,20,55,28.0000,0.060480
fullSamp,50,20,56,28.5000,0.059260
fullSamp,50,20,57,29.0000,0.062703
fullSamp,50,20,58,29.5000,0.058800
fullSamp,50,20,59,30.0000,0.053428
fullSamp,50,20,60,30.5000,0.052837
fullSamp,50,20,61,31.0000,0.053403
fullSamp,50,20,62,31.5000,0.055026
fullSamp,50,20,63,32.0000,0.053629
fullSamp,50,20,64,32.5000,0.054293
fullSamp,50,20,65,33.0000,0.058208
fullSamp,50,20,66,33.5000,0.056782
fullSamp,50,20,67,34.0000,0.056719
fullSamp,50,20,68,34.5000,0.054027
fullSamp,50,20,69,35.0000,0.060934
fullSamp,50,20,70,35.5000,0.065233
fullSamp,50,20,71,36.0000,0.062542
fullSamp,50,20,72,36.5000,0.062979
fullSamp,50,20,73,37.0000,0.060180
fullSamp,50,20,74,37.5000,0.060908
fullSamp,50,20,75,38.0000,0.056905
fullSamp,50,20,76,38.5000,0.054998
fullSamp,50,20,77,39.0000,0.052470
fullSamp,50,20,78,39.5000,0.054239
fullSamp,50,20,79,40.0000,0.053261
fullSamp,50,20,80,40.5000,0.055321
fullSamp,50,20,81,41.0000,0.058300
fullSamp,50,20,82,41.5000,0.058499
fullSamp,50,20,83,42.0000,0.055290
fullSamp,50,20,84,42.5000,0.054917
fullSamp,50,20,85,43.0000,0.054749
fullSamp,50,20,86,43.5000,0.053332
fullSamp,50,20,87,44.0000,0.053390
fullSamp,50,20,88,44.5000,0.060117
fullSamp,50,20,89,45.0000,0.060780
fullSamp,50,20,90,45.5000,0.065513
fullSamp,50,20,91,46.0000,0.064996
fullSamp,50,20,92,46.5000,0.068459
fullSamp,50,20,93,47.0000,0.065448
fullSamp,50,20,94,47.5000,0.064640
fullSamp,50,20,95,48.0000,0.066531
fullSamp,50,20,96,48.5000,0.070186
fullSamp,50,20,97,49.0000,0.069120
fullSamp,50,20,98,49.5000,0.072340
fullSamp,50,20,99,50.0000,0.072405
fullSamp,50,30,0,0.5000,1.564783
fullSamp,50,30,1,1.0000,0.666074
fullSamp,50,30,2,1.5000,0.393904
fullSamp,50,30,3,2.0000,0.254488
fullSamp,50,30,4,2.5000,0.233007
fullSamp,50,30,5,3.0000,0.211981
fullSamp,50,30,6,3.5000,0.191440
fullSamp,50,30,7,4.0000,0.189039
fullSamp,50,30,8,4.5000,0.197787
fullSamp,50,30,9,5.0000,0.173622
fullSamp,50,30,10,5.5000,0.162198
fullSamp,50,30,11,6.0000,0.153149
fullSamp,50,30,12,6.5000,0.141226
fullSamp,50,30,13,7.0000,0.125387
fullSamp,50,30,14,7.5000,0.140010
fullSamp,50,30,15,8.0000,0.137333
fullSamp,50,30,16,8.5000,0.139955
fullSamp,50,30,17,9.0000,0.126029
fullSamp,50,30,18,9.5000,0.131594
fullSamp,50,30,19,10.0000,0.137657
fullSamp,50,30,20,10.5000,0.145747
fullSamp,50,30,21,11.0000,0.154647
fullSamp,50,30,22,11.5000,0.160815
fullSamp,50,30,23,12.0000,0.158110
fullSamp,50,30,24,12.5000,0.157794
fullSamp,50,30,25,13.0000,0.159747
fullSamp,50,30,26,13.5000,0.144452
fullSamp,50,30,27,14.0000,0.137539
fullSamp,50,30,28,14.5000,0.137274
fullSamp,50,30,29,15.0000,0.134438
fullSamp,50,30,30,15.5000,0.127220
fullSamp,50,30,31,16.0000,0.126301
fullSamp,50,30,32,16.5000,0.112563
fullSamp,50,30,33,17.0000,0.109600
fullSamp,50,30,34,17.5000,0.113228
fullSamp,50,30,35,18.0000,0.117145
fullSamp,50,30,36,18.5000,0.133330
fullSamp,50,30,37,19.0000,0.132326
fullSamp,50,30,38,19.5000,0.126730
fullSamp,50,30,39,20.0000,0.134504
fullSamp,50,30,40,20.5000,0.127838
fullSamp,50,30,41,21.0000,0.129782
fullSamp,50,30,42,21.5000,0.130221
fullSamp,50,30,43,22.0000,0.134486
fullSamp,50,30,44,22.5000,0.121553
fullSamp,50,30,45,23.0000,0.116410
fullSamp,50,30,46,23.5000,0.119285
fullSamp,50,30,47,24.0000,0.129799
fullSamp,50,30,48,24.5000,0.127483
fullSamp,50,30,49,25.0000,0.130895
fullSamp,50,30,50,25.5000,0.133130
fullSamp,50,30,51,26.0000,0.132899
fullSamp,50,30,52,26.5000,0.128361
fullSamp,50,30,53,27.0000,0.126958
fullSamp,50,30,54,27.5000,0.121662
fullSamp,50,30,55,28.0000,0.114697
fullSamp,50,30,56,28.5000,0.117250
fullSamp,50,30,57,29.0000,0.110376
fullSamp,50,30,58,29.5000,0.110146
fullSamp,50,30,59,30.0000,0.112857
fullSamp,50,30,60,30.5000,0.117315
fullSamp,50,30,61,31.0000,0.121328
fullSamp,50,30,62,31.5000,0.116162
fullSamp,50,30,63,32.0000,0.111963
fullSamp,50,30,64,32.5000,0.111524
fullSamp,50,30,65,33.0000,0.109189
fullSamp,50,30,66,33.5000,0.110957
fullSamp,50,30,67,34.0000,0.111924
fullSamp,50,30,68,34.5000,0.114044
fullSamp,50,30,69,35.0000,0.110796
fullSamp,50,30,70,35.5000,0.117011
fullSamp,50,30,71,36.0000,0.113910
fullSamp,50,30,72,36.5000,0.112117
fullSamp,50,30,73,37.0000,0.104381
fullSamp,50,30,74,37.5000,0.108538
fullSamp,50,30,75,38.0000,0.106095
fullSamp,50,30,76,38.5000,0.102031
fullSamp,50,30,77,39.0000,0.096478
fullSamp,50,30,78,39.5000,0.103872
fullSamp,50,30,79,40.0000,0.105424
fullSamp,50,30,80,40.5000,0.102961
fullSamp,50,30,81,41.0000,0.105259
fullSamp,50,30,82,41.5000,0.107055
fullSamp,50,30,83,42.0000,0.102488
fullSamp,50,30,84,42.5000,0.099677
fullSamp,50,30,85,43.0000,0.103657
fullSamp,50,30,86,43.5000,0.099726
fullSamp,50,30,87,44.0000,0.102669
fullSamp,50,30,88,44.5000,0.111751
fullSamp,50,30,89,45.0000,0.109514
fullSamp,50,30,90,45.5000,0.113460
fullSamp,50,30,91,46.0000,0.109894
fullSamp,50,30,92,46.5000,0.104828
fullSamp,50,30,93,47.0000,0.110876
fullSamp,50,30,94,47.5000,0.109295
fullSamp,50,30,95,48.0000,0.105094
fullSamp,50,30,96,48.5000,0.105639
fullSamp,50,30,97,49.0000,0.105370
fullSamp,50,30,98,49.5000,0.107284
fullSamp,50,30,99,50.0000,0.105136
fullSamp,50,40,0,0.5000,1.967648
fullSamp,50,40,1,1.0000,0.818148
fullSamp,50,40,2,1.5000,0.345999
fullSamp,50,40,3,2.0000,0.250303
fullSamp,50,40,4,2.5000,0.192290
fullSamp,50,40,5,3.0000,0.185815
fullSamp,50,40,6,3.5000,0.172817
fullSamp,50,40,7,4.0000,0.149685
fullSamp,50,40,8,4.5000,0.136129
fullSamp,50,40,9,5.0000,0.138967
fullSamp,50,40,10,5.5000,0.139036
fullSamp,50,40,11,6.0000,0.138325
fullSamp,50,40,12,6.5000,0.122859
fullSamp,50,40,13,7.0000,0.117086
fullSamp,50,40,14,7.5000,0.113758
fullSamp,50,40,15,8.0000,0.117592
fullSamp,50,40,16,8.5000,0.114423
fullSamp,50,40,17,9.0000,0.103546
fullSamp,50,40,18,9.5000,0.107107
fullSamp,50,40,19,10.0000,0.095641
fullSamp,50,40,20,10.5000,0.098628
fullSamp,50,40,21,11.0000,0.100258
fullSamp,50,40,22,11.5000,0.092478
fullSamp,50,40,23,12.0000,0.104511
fullSamp,50,40,24,12.5000,0.098128
fullSamp,50,40,25,13.0000,0.097615
fullSamp,50,40,26,13.5000,0.089289
fullSamp,50,40,27,14.0000,0.084060
fullSamp,50,40,28,14.5000,0.082372
fullSamp,50,40,29,15.0000,0.077212
fullSamp,50,40,30,15.5000,0.075220
fullSamp,50,40,31,16.0000,0.076650
fullSamp,50,40,32,16.5000,0.077173
fullSamp,50,40,33,17.0000,0.078939
fullSamp,50,40,34,17.5000,0.077710
fullSamp,50,40,35,18.0000,0.078699
fullSamp,50,40,36,18.5000,0.071447
fullSamp,50,40,37,19.0000,0.068783
fullSamp,50,40,38,19.5000,0.067910
fullSamp,50,40,39,20.0000,0.067721
fullSamp,50,40,40,20.5000,0.067697
fullSamp,50,40,41,21.0000,0.067722
fullSamp,50,40,42,21.5000,0.068292
fullSamp,50,40,43,22.0000,0.069283
fullSamp,50,40,44,22.5000,0.067628
fullSamp,50,40,45,23.0000,0.071503
fullSamp,50,40,46,23.5000,0.075153
fullSamp,50,40,47,24.0000,0.064381
fullSamp,50,40,48,24.5000,0.063888
fullSamp,50,40,49,25.0000,0.066580
fullSamp,50,40,50,25.5000,0.064158
fullSamp,50,40,51,26.0000,0.063292
fullSamp,50,40,52,26.5000,0.065512
fullSamp,50,40,53,27.0000,0.063538
fullSamp,50,40,54,27.5000,0.063034
fullSamp,50,40,55,28.0000,0.060606
fullSamp,50,40,56,28.5000,0.062096
fullSamp,50,40,57,29.0000,0.061489
fullSamp,50,40,58,29.5000,0.060202
fullSamp,50,40,59,30.0000,0.058451
fullSamp,50,40,60,30.5000,0.058648
fullSamp,50,40,61,31.0000,0.062897
fullSamp,50,40,62,31.5000,0.060701
fullSamp,50,40,63,32.0000,0.059764
fullSamp,50,40,64,32.5000,0.056760
fullSamp,50,40,65,33.0000,0.056361
fullSamp,50,40,66,33.5000,0.055199
fullSamp,50,40,67,34.0000,0.055714
fullSamp,50,40,68,34.5000,0.055141
fullSamp,50,40,69,35.0000,0.054872
fullSamp,50,40,70,35.5000,0.054324
fullSamp,50,40,71,36.0000,0.055954
fullSamp,50,40,72,36.5000,0.056843
fullSamp,50,40,73,37.0000,0.057843
fullSamp,50,40,74,37.5000,0.058378
fullSamp,50,40,75,38.0000,0.059006
fullSamp,50,40,76,38.5000,0.057443
fullSamp,50,40,77,39.0000,0.058222
fullSamp,50,40,78,39.5000,0.057975
fullSamp,50,40,79,40.0000,0.058403
fullSamp,50,40,80,40.5000,0.061039
fullSamp,50,40,81,41.0000,0.059253
fullSamp,50,40,82,41.5000,0.059881
fullSamp,50,40,83,42.0000,0.058982
fullSamp,50,40,84,42.5000,0.055226
fullSamp,50,40,85,43.0000,0.053310
fullSamp,50,40,86,43.5000,0.053212
fullSamp,50,40,87,44.0000,0.051920
fullSamp,50,40,88,44.5000,0.051152
fullSamp,50,40,89,45.0000,0.050727
fullSamp,50,40,90,45.5000,0.049862
fullSamp,50,40,91,46.0000,0.049918
fullSamp,50,40,92,46.5000,0.050208
fullSamp,50,40,93,47.0000,0.050622
fullSamp,50,40,94,47.5000,0.050718
fullSamp,50,40,95,48.0000,0.051807
fullSamp,50,40,96,48.5000,0.052637
fullSamp,50,40,97,49.0000,0.054799
fullSamp,50,40,98,49.5000,0.054647
fullSamp,50,40,99,50.0000,0.054551
fullSamp,50,50,0,0.5000,1.873621
fullSamp,50,50,1,1.0000,0.835882
fullSamp,50,50,2,1.5000,0.349445
fullSamp,50,50,3,2.0000,0.244584
fullSamp,50,50,4,2.5000,0.214002
fullSamp,50,50,5,3.0000,0.164286
fullSamp,50,50,6,3.5000,0.148853
fullSamp,50,50,7,4.0000,0.158064
fullSamp,50,50,8,4.5000,0.138887
fullSamp,50,50,9,5.0000,0.129429
fullSamp,50,50,10,5.5000,0.128580
fullSamp,50,50,11,6.0000,0.122490
fullSamp,50,50,12,6.5000,0.111503
fullSamp,50,50,13,7.0000,0.108076
fullSamp,50,50,14,7.5000,0.107301
fullSamp,50,50,15,8.0000,0.100705
fullSamp,50,50,16,8.5000,0.102225
fullSamp,50,50,17,9.0000,0.100739
fullSamp,50,50,18,9.5000,0.100492
fullSamp,50,50,19,10.0000,0.095550
fullSamp,50,50,20,10.5000,0.088967
fullSamp,50,50,21,11.0000,0.083996
fullSamp,50,50,22,11.5000,0.085443
fullSamp,50,50,23,12.0000,0.090448
fullSamp,50,50,24,12.5000,0.094930
fullSamp,50,50,25,13.0000,0.090642
fullSamp,50,50,26,13.5000,0.094144
fullSamp,50,50,27,14.0000,0.088191
fullSamp,50,50,28,14.5000,0.086573
fullSamp,50,50,29,15.0000,0.086798
fullSamp,50,50,30,15.5000,0.077219
fullSamp,50,50,31,16.0000,0.084582
fullSamp,50,50,32,16.5000,0.085256
fullSamp,50,50,33,17.0000,0.088483
fullSamp,50,50,34,17.5000,0.083617
fullSamp,50,50,35,18.0000,0.072721
fullSamp,50,50,36,18.5000,0.071502
fullSamp,50,50,37,19.0000,0.065163
fullSamp,50,50,38,19.5000,0.062907
fullSamp,50,50,39,20.0000,0.062392
fullSamp,50,50,40,20.5000,0.060619
fullSamp,50,50,41,21.0000,0.060956
fullSamp,50,50,42,21.5000,0.060716
fullSamp,50,50,43,22.0000,0.058560
fullSamp,50,50,44,22.5000,0.058068
fullSamp,50,50,45,23.0000,0.058044
fullSamp,50,50,46,23.5000,0.057805
fullSamp,50,50,47,24.0000,0.057043
fullSamp,50,50,48,24.5000,0.057171
fullSamp,50,50,49,25.0000,0.058332
fullSamp,50,50,50,25.5000,0.060489
fullSamp,50,50,51,26.0000,0.060891
fullSamp,50,50,52,26.5000,0.061910
fullSamp,50,50,53,27.0000,0.062286
fullSamp,50,50,54,27.5000,0.062988
fullSamp,50,50,55,28.0000,0.060240
fullSamp,50,50,56,28.5000,0.057898
fullSamp,50,50,57,29.0000,0.056653
fullSamp,50,50,58,29.5000,0.055614
fullSamp,50,50,59,30.0000,0.053360
fullSamp,50,50,60,30.5000,0.051409
fullSamp,50,50,61,31.0000,0.049016
fullSamp,50,50,62,31.5000,0.048972
fullSamp,50,50,63,32.0000,0.050247
fullSamp,50,50,64,32.5000,0.049944
fullSamp,50,50,65,33.0000,0.050451
fullSamp,50,50,66,33.5000,0.049832
fullSamp,50,50,67,34.0000,0.048666
fullSamp,50,50,68,34.5000,0.049308
fullSamp,50,50,69,35.0000,0.048164
fullSamp,50,50,70,35.5000,0.047948
fullSamp,50,50,71,36.0000,0.047126
fullSamp,50,50,72,36.5000,0.046680
fullSamp,50,50,73,37.0000,0.046510
fullSamp,50,50,74,37.5000,0.046043
fullSamp,50,50,75,38.0000,0.045742
fullSamp,50,50,76,38.5000,0.045039
fullSamp,50,50,77,39.0000,0.044558
fullSamp,50,50,78,39.5000,0.045429
fullSamp,50,50,79,40.0000,0.045033
fullSamp,50,50,80,40.5000,0.045234
fullSamp,50,50,81,41.0000,0.045274
fullSamp,50,50,82,41.5000,0.046309
fullSamp,50,50,83,42.0000,0.045528
fullSamp,50,50,84,42.5000,0.044430
fullSamp,50,50,85,43.0000,0.044362
fullSamp,50,50,86,43.5000,0.043685
fullSamp,50,50,87,44.0000,0.045901
fullSamp,50,50,88,44.5000,0.051940
fullSamp,50,50,89,45.0000,0.051197
fullSamp,50,50,90,45.5000,0.050591
fullSamp,50,50,91,46.0000,0.050445
fullSamp,50,50,92,46.5000,0.051078
fullSamp,50,50,93,47.0000,0.052475
fullSamp,50,50,94,47.5000,0.052251
fullSamp,50,50,95,48.0000,0.050378
fullSamp,50,50,96,48.5000,0.049082
fullSamp,50,50,97,49.0000,0.050997
fullSamp,50,50,98,49.5000,0.050116
fullSamp,50,50,99,50.0000,0.047144
