param,value,seed,frame,time_ns,rmsd
MTDheight,0.050,10,0,0.0500,14.653833
MTDheight,0.050,10,1,0.1000,14.073405
MTDheight,0.050,10,2,0.1500,13.544198
MTDheight,0.050,10,3,0.2000,13.087266
MTDheight,0.050,10,4,0.2500,12.767332
MTDheight,0.050,10,5,0.3000,12.532714
MTDheight,0.050,10,6,0.3500,12.039757
MTDheight,0.050,10,7,0.4000,11.796094
MTDheight,0.050,10,8,0.4500,11.477083
MTDheight,0.050,10,9,0.5000,11.310456
MTDheight,0.050,10,10,0.5500,11.153724
MTDheight,0.050,10,11,0.6000,10.890773
MTDheight,0.050,10,12,0.6500,10.492015
MTDheight,0.050,10,13,0.7000,10.088615
MTDheight,0.050,10,14,0.7500,9.927689
MTDheight,0.050,10,15,0.8000,9.849801
MTDheight,0.050,10,16,0.8500,9.627311
MTDheight,0.050,10,17,0.9000,9.420448
MTDheight,0.050,10,18,0.9500,9.420443
MTDheight,0.050,10,19,1.0000,9.422057
MTDheight,0.050,10,20,1.0500,9.251604
MTDheight,0.050,10,21,1.1000,9.008176
MTDheight,0.050,10,22,1.1500,8.720535
MTDheight,0.050,10,23,1.2000,8.561703
MTDheight,0.050,10,24,1.2500,8.395202
MTDheight,0.050,10,25,1.3000,8.219324
MTDheight,0.050,10,26,1.3500,8.035886
MTDheight,0.050,10,27,1.4000,7.884529
MTDheight,0.050,10,28,1.4500,7.735760
MTDheight,0.050,10,29,1.5000,7.644644
MTDheight,0.050,10,30,1.5500,7.498016
MTDheight,0.050,10,31,1.6000,7.335069
MTDheight,0.050,10,32,1.6500,7.301114
MTDheight,0.050,10,33,1.7000,7.064240
MTDheight,0.050,10,34,1.7500,6.981830
MTDheight,0.050,10,35,1.8000,6.896146
MTDheight,0.050,10,36,1.8500,6.705001
MTDheight,0.050,10,37,1.9000,6.389090
MTDheight,0.050,10,38,1.9500,6.279588
MTDheight,0.050,10,39,2.0000,6.238439
MTDheight,0.050,10,40,2.0500,6.236997
MTDheight,0.050,10,41,2.1000,6.203232
MTDheight,0.050,10,42,2.1500,6.003600
MTDheight,0.050,10,43,2.2000,5.924238
MTDheight,0.050,10,44,2.2500,5.920241
MTDheight,0.050,10,45,2.3000,5.821749
MTDheight,0.050,10,46,2.3500,5.571307
MTDheight,0.050,10,47,2.4000,5.411006
MTDheight,0.050,10,48,2.4500,5.256029
MTDheight,0.050,10,49,2.5000,5.200642
MTDheight,0.050,10,50,2.5500,5.117970
MTDheight,0.050,10,51,2.6000,5.063554
MTDheight,0.050,10,52,2.6500,4.920346
MTDheight,0.050,10,53,2.7000,4.763798
MTDheight,0.050,10,54,2.7500,4.687037
MTDheight,0.050,10,55,2.8000,4.665543
MTDheight,0.050,10,56,2.8500,4.477094
MTDheight,0.050,10,57,2.9000,4.449158
MTDheight,0.050,10,58,2.9500,4.442454
MTDheight,0.050,10,59,3.0000,4.233363
MTDheight,0.050,10,60,3.0500,4.135154
MTDheight,0.050,10,61,3.1000,4.074120
MTDheight,0.050,10,62,3.1500,4.034620
MTDheight,0.050,10,63,3.2000,3.958306
MTDheight,0.050,10,64,3.2500,3.906093
MTDheight,0.050,10,65,3.3000,3.850197
MTDheight,0.050,10,66,3.3500,3.755119
MTDheight,0.050,10,67,3.4000,3.607172
MTDheight,0.050,10,68,3.4500,3.448908
MTDheight,0.050,10,69,3.5000,3.384353
MTDheight,0.050,10,70,3.5500,3.325999
MTDheight,0.050,10,71,3.6000,3.254064
MTDheight,0.050,10,72,3.6500,3.130505
MTDheight,0.050,10,73,3.7000,3.021735
MTDheight,0.050,10,74,3.7500,2.957783
MTDheight,0.050,10,75,3.8000,2.847771
MTDheight,0.050,10,76,3.8500,2.773059
MTDheight,0.050,10,77,3.9000,2.751816
MTDheight,0.050,10,78,3.9500,2.670253
MTDheight,0.050,10,79,4.0000,2.601379
MTDheight,0.050,10,80,4.0500,2.575775
MTDheight,0.050,10,81,4.1000,2.567427
MTDheight,0.050,10,82,4.1500,2.514749
MTDheight,0.050,10,83,4.2000,2.472559
MTDheight,0.050,10,84,4.2500,2.372105
MTDheight,0.050,10,85,4.3000,2.281695
MTDheight,0.050,10,86,4.3500,2.251729
MTDheight,0.050,10,87,4.4000,2.216244
MTDheight,0.050,10,88,4.4500,2.183414
MTDheight,0.050,10,89,4.5000,2.180581
MTDheight,0.050,10,90,4.5500,2.158408
MTDheight,0.050,10,91,4.6000,2.080389
MTDheight,0.050,10,92,4.6500,2.064791
MTDheight,0.050,10,93,4.7000,2.007923
MTDheight,0.050,10,94,4.7500,1.915793
MTDheight,0.050,10,95,4.8000,1.852485
MTDheight,0.050,10,96,4.8500,1.828175
MTDheight,0.050,10,97,4.9000,1.788209
MTDheight,0.050,10,98,4.9500,1.737655
MTDheight,0.050,10,99,5.0000,1.694421
MTDheight,0.050,10,100,5.0500,1.668020
MTDheight,0.050,10,101,5.1000,1.630395
MTDheight,0.050,10,102,5.1500,1.571798
MTDheight,0.050,10,103,5.2000,1.503002
MTDheight,0.050,10,104,5.2500,1.472484
MTDheight,0.050,10,105,5.3000,1.440213
MTDheight,0.050,10,106,5.3500,1.414011
MTDheight,0.050,10,107,5.4000,1.413392
MTDheight,0.050,10,108,5.4500,1.476186
MTDheight,0.050,10,109,5.5000,1.547865
MTDheight,0.050,10,110,5.5500,1.608880
MTDheight,0.050,10,111,5.6000,1.706461
MTDheight,0.050,10,112,5.6500,1.779010
MTDheight,0.050,10,113,5.7000,1.916018
MTDheight,0.050,10,114,5.7500,2.029105
MTDheight,0.050,10,115,5.8000,2.102463
MTDheight,0.050,10,116,5.8500,2.217940
MTDheight,0.050,10,117,5.9000,2.315301
MTDheight,0.050,10,118,5.9500,2.329209
MTDheight,0.050,10,119,6.0000,2.330869
MTDheight,0.050,10,120,6.0500,2.267572
MTDheight,0.050,10,121,6.1000,2.213070
MTDheight,0.050,10,122,6.1500,2.200123
MTDheight,0.050,10,123,6.2000,2.009829
MTDheight,0.050,10,124,6.2500,1.909218
MTDheight,0.050,10,125,6.3000,1.818431
MTDheight,0.050,10,126,6.3500,1.798262
MTDheight,0.050,10,127,6.4000,1.804138
MTDheight,0.050,10,128,6.4500,1.807083
MTDheight,0.050,10,129,6.5000,1.763314
MTDheight,0.050,10,130,6.5500,1.710260
MTDheight,0.050,10,131,6.6000,1.704075
MTDheight,0.050,10,132,6.6500,1.687314
MTDheight,0.050,10,133,6.7000,1.575799
MTDheight,0.050,10,134,6.7500,1.572666
MTDheight,0.050,10,135,6.8000,1.511222
MTDheight,0.050,10,136,6.8500,1.437683
MTDheight,0.050,10,137,6.9000,1.367402
MTDheight,0.050,10,138,6.9500,1.280162
MTDheight,0.050,10,139,7.0000,1.247273
MTDheight,0.050,10,140,7.0500,1.186814
MTDheight,0.050,10,141,7.1000,1.151878
MTDheight,0.050,10,142,7.1500,1.138351
MTDheight,0.050,10,143,7.2000,1.137417
MTDheight,0.050,10,144,7.2500,1.018138
MTDheight,0.050,10,145,7.3000,0.956151
MTDheight,0.050,10,146,7.3500,0.913701
MTDheight,0.050,10,147,7.4000,0.862838
MTDheight,0.050,10,148,7.4500,0.835600
MTDheight,0.050,10,149,7.5000,0.776837
MTDheight,0.050,10,150,7.5500,0.719672
MTDheight,0.050,10,151,7.6000,0.687536
MTDheight,0.050,10,152,7.6500,0.669187
MTDheight,0.050,10,153,7.7000,0.657093
MTDheight,0.050,10,154,7.7500,0.628983
MTDheight,0.050,10,155,7.8000,0.614687
MTDheight,0.050,10,156,7.8500,0.612963
MTDheight,0.050,10,157,7.9000,0.621160
MTDheight,0.050,10,158,7.9500,0.636217
MTDheight,0.050,10,159,8.0000,0.656561
MTDheight,0.050,10,160,8.0500,0.663152
MTDheight,0.050,10,161,8.1000,0.684793
MTDheight,0.050,10,162,8.1500,0.685219
MTDheight,0.050,10,163,8.2000,0.721106
MTDheight,0.050,10,164,8.2500,0.717050
MTDheight,0.050,10,165,8.3000,0.823257
MTDheight,0.050,10,166,8.3500,0.820353
MTDheight,0.050,10,167,8.4000,0.873254
MTDheight,0.050,10,168,8.4500,0.796263
MTDheight,0.050,10,169,8.5000,0.798054
MTDheight,0.050,10,170,8.5500,0.886838
MTDheight,0.050,10,171,8.6000,0.949791
MTDheight,0.050,10,172,8.6500,1.056842
MTDheight,0.050,10,173,8.7000,1.106645
MTDheight,0.050,10,174,8.7500,1.050975
MTDheight,0.050,10,175,8.8000,0.930920
MTDheight,0.050,10,176,8.8500,0.841774
MTDheight,0.050,10,177,8.9000,0.756427
MTDheight,0.050,10,178,8.9500,0.677724
MTDheight,0.050,10,179,9.0000,0.589025
MTDheight,0.050,10,180,9.0500,0.558534
MTDheight,0.050,10,181,9.1000,0.548112
MTDheight,0.050,10,182,9.1500,0.554756
MTDheight,0.050,10,183,9.2000,0.517777
MTDheight,0.050,10,184,9.2500,0.473298
MTDheight,0.050,10,185,9.3000,0.417916
MTDheight,0.050,10,186,9.3500,0.369359
MTDheight,0.050,10,187,9.4000,0.334054
MTDheight,0.050,10,188,9.4500,0.318838
MTDheight,0.050,10,189,9.5000,0.309880
MTDheight,0.050,10,190,9.5500,0.320600
MTDheight,0.050,10,191,9.6000,0.369948
MTDheight,0.050,10,192,9.6500,0.419333
MTDheight,0.050,10,193,9.7000,0.451106
MTDheight,0.050,10,194,9.7500,0.529752
MTDheight,0.050,10,195,9.8000,0.605708
MTDheight,0.050,10,196,9.8500,0.664492
MTDheight,0.050,10,197,9.9000,0.565649
MTDheight,0.050,10,198,9.9500,0.593860
MTDheight,0.050,10,199,10.0000,0.680023
MTDheight,0.050,20,0,0.0500,14.567657
MTDheight,0.050,20,1,0.1000,13.949903
MTDheight,0.050,20,2,0.1500,13.483827
MTDheight,0.050,20,3,0.2000,13.069044
MTDheight,0.050,20,4,0.2500,12.738446
MTDheight,0.050,20,5,0.3000,12.396017
MTDheight,0.050,20,6,0.3500,12.058836
MTDheight,0.050,20,7,0.4000,11.696045
MTDheight,0.050,20,8,0.4500,11.555911
MTDheight,0.050,20,9,0.5000,11.358215
MTDheight,0.050,20,10,0.5500,11.068878
MTDheight,0.050,20,11,0.6000,10.600386
MTDheight,0.050,20,12,0.6500,10.462676
MTDheight,0.050,20,13,0.7000,10.145396
MTDheight,0.050,20,14,0.7500,9.986200
MTDheight,0.050,20,15,0.8000,9.829939
MTDheight,0.050,20,16,0.8500,9.686661
MTDheight,0.050,20,17,0.9000,9.411501
MTDheight,0.050,20,18,0.9500,9.383360
MTDheight,0.050,20,19,1.0000,9.148957
MTDheight,0.050,20,20,1.0500,9.013941
MTDheight,0.050,20,21,1.1000,8.841318
MTDheight,0.050,20,22,1.1500,8.673551
MTDheight,0.050,20,23,1.2000,8.599738
MTDheight,0.050,20,24,1.2500,8.411306
MTDheight,0.050,20,25,1.3000,8.365330
MTDheight,0.050,20,26,1.3500,8.179201
MTDheight,0.050,20,27,1.4000,7.838003
MTDheight,0.050,20,28,1.4500,7.720413
MTDheight,0.050,20,29,1.5000,7.576338
MTDheight,0.050,20,30,1.5500,7.535253
MTDheight,0.050,20,31,1.6000,7.307243
MTDheight,0.050,20,32,1.6500,7.231119
MTDheight,0.050,20,33,1.7000,6.902082
MTDheight,0.050,20,34,1.7500,6.858821
MTDheight,0.050,20,35,1.8000,6.764733
MTDheight,0.050,20,36,1.8500,6.589029
MTDheight,0.050,20,37,1.9000,6.485075
MTDheight,0.050,20,38,1.9500,6.350622
MTDheight,0.050,20,39,2.0000,6.330486
MTDheight,0.050,20,40,2.0500,6.274684
MTDheight,0.050,20,41,2.1000,6.062448
MTDheight,0.050,20,42,2.1500,5.957445
MTDheight,0.050,20,43,2.2000,5.751140
MTDheight,0.050,20,44,2.2500,5.587443
MTDheight,0.050,20,45,2.3000,5.446219
MTDheight,0.050,20,46,2.3500,5.442672
MTDheight,0.050,20,47,2.4000,5.422691
MTDheight,0.050,20,48,2.4500,5.363931
MTDheight,0.050,20,49,2.5000,5.303914
MTDheight,0.050,20,50,2.5500,5.104574
MTDheight,0.050,20,51,2.6000,5.018302
MTDheight,0.050,20,52,2.6500,4.971169
MTDheight,0.050,20,53,2.7000,4.890771
MTDheight,0.050,20,54,2.7500,4.629134
MTDheight,0.050,20,55,2.8000,4.528527
MTDheight,0.050,20,56,2.8500,4.487801
MTDheight,0.050,20,57,2.9000,4.427446
MTDheight,0.050,20,58,2.9500,4.424896
MTDheight,0.050,20,59,3.0000,4.428711
MTDheight,0.050,20,60,3.0500,4.322442
MTDheight,0.050,20,61,3.1000,4.242905
MTDheight,0.050,20,62,3.1500,4.060928
MTDheight,0.050,20,63,3.2000,3.999169
MTDheight,0.050,20,64,3.2500,3.895772
MTDheight,0.050,20,65,3.3000,3.899270
MTDheight,0.050,20,66,3.3500,3.910480
MTDheight,0.050,20,67,3.4000,3.907481
MTDheight,0.050,20,68,3.4500,3.688259
MTDheight,0.050,20,69,3.5000,3.622973
MTDheight,0.050,20,70,3.5500,3.510986
MTDheight,0.050,20,71,3.6000,3.516747
MTDheight,0.050,20,72,3.6500,3.408990
MTDheight,0.050,20,73,3.7000,3.417576
MTDheight,0.050,20,74,3.7500,3.418172
MTDheight,0.050,20,75,3.8000,3.198955
MTDheight,0.050,20,76,3.8500,3.079689
MTDheight,0.050,20,77,3.9000,3.036099
MTDheight,0.050,20,78,3.9500,3.036658
MTDheight,0.050,20,79,4.0000,2.948514
MTDheight,0.050,20,80,4.0500,2.870442
MTDheight,0.050,20,81,4.1000,2.835027
MTDheight,0.050,20,82,4.1500,2.834993
MTDheight,0.050,20,83,4.2000,2.774612
MTDheight,0.050,20,84,4.2500,2.823836
MTDheight,0.050,20,85,4.3000,2.891255
MTDheight,0.050,20,86,4.3500,2.979546
MTDheight,0.050,20,87,4.4000,3.045545
MTDheight,0.050,20,88,4.4500,3.108224
MTDheight,0.050,20,89,4.5000,3.036584
MTDheight,0.050,20,90,4.5500,2.955272
MTDheight,0.050,20,91,4.6000,2.755352
MTDheight,0.050,20,92,4.6500,2.615070
MTDheight,0.050,20,93,4.7000,2.464681
MTDheight,0.050,20,94,4.7500,2.421252
MTDheight,0.050,20,95,4.8000,2.423325
MTDheight,0.050,20,96,4.8500,2.299143
MTDheight,0.050,20,97,4.9000,2.262763
MTDheight,0.050,20,98,4.9500,2.108720
MTDheight,0.050,20,99,5.0000,2.106762
MTDheight,0.050,20,100,5.0500,1.996363
MTDheight,0.050,20,101,5.1000,1.907939
MTDheight,0.050,20,102,5.1500,1.896764
MTDheight,0.050,20,103,5.2000,1.762364
MTDheight,0.050,20,104,5.2500,1.752388
MTDheight,0.050,20,105,5.3000,1.635858
MTDheight,0.050,20,106,5.3500,1.563463
MTDheight,0.050,20,107,5.4000,1.557242
MTDheight,0.050,20,108,5.4500,1.593020
MTDheight,0.050,20,109,5.5000,1.672849
MTDheight,0.050,20,110,5.5500,1.762872
MTDheight,0.050,20,111,5.6000,1.843057
MTDheight,0.050,20,112,5.6500,1.851253
MTDheight,0.050,20,113,5.7000,1.706449
MTDheight,0.050,20,114,5.7500,1.617735
MTDheight,0.050,20,115,5.8000,1.611219
MTDheight,0.050,20,116,5.8500,1.522604
MTDheight,0.050,20,117,5.9000,1.493770
MTDheight,0.050,20,118,5.9500,1.367384
MTDheight,0.050,20,119,6.0000,1.277040
MTDheight,0.050,20,120,6.0500,1.237275
MTDheight,0.050,20,121,6.1000,1.208700
MTDheight,0.050,20,122,6.1500,1.158406
MTDheight,0.050,20,123,6.2000,1.134548
MTDheight,0.050,20,124,6.2500,1.093416
MTDheight,0.050,20,125,6.3000,1.049077
MTDheight,0.050,20,126,6.3500,1.035317
MTDheight,0.050,20,127,6.4000,1.020050
MTDheight,0.050,20,128,6.4500,0.916777
MTDheight,0.050,20,129,6.5000,0.897582
MTDheight,0.050,20,130,6.5500,0.898154
MTDheight,0.050,20,131,6.6000,0.876162
MTDheight,0.050,20,132,6.6500,0.845632
MTDheight,0.050,20,133,6.7000,0.816430
MTDheight,0.050,20,134,6.7500,0.800160
MTDheight,0.050,20,135,6.8000,0.801090
MTDheight,0.050,20,136,6.8500,0.792339
MTDheight,0.050,20,137,6.9000,0.798619
MTDheight,0.050,20,138,6.9500,0.822786
MTDheight,0.050,20,139,7.0000,0.833903
MTDheight,0.050,20,140,7.0500,0.812829
MTDheight,0.050,20,141,7.1000,0.788460
MTDheight,0.050,20,142,7.1500,0.845434
MTDheight,0.050,20,143,7.2000,0.844891
MTDheight,0.050,20,144,7.2500,0.778074
MTDheight,0.050,20,145,7.3000,0.690675
MTDheight,0.050,20,146,7.3500,0.645924
MTDheight,0.050,20,147,7.4000,0.664503
MTDheight,0.050,20,148,7.4500,0.660355
MTDheight,0.050,20,149,7.5000,0.743213
MTDheight,0.050,20,150,7.5500,0.750446
MTDheight,0.050,20,151,7.6000,0.767725
MTDheight,0.050,20,152,7.6500,0.863668
MTDheight,0.050,20,153,7.7000,0.958543
MTDheight,0.050,20,154,7.7500,1.067067
MTDheight,0.050,20,155,7.8000,1.137151
MTDheight,0.050,20,156,7.8500,1.263630
MTDheight,0.050,20,157,7.9000,1.381589
MTDheight,0.050,20,158,7.9500,1.370409
MTDheight,0.050,20,159,8.0000,1.372025
MTDheight,0.050,20,160,8.0500,1.338755
MTDheight,0.050,20,161,8.1000,1.298225
MTDheight,0.050,20,162,8.1500,1.205410
MTDheight,0.050,20,163,8.2000,1.198132
MTDheight,0.050,20,164,8.2500,1.231665
MTDheight,0.050,20,165,8.3000,1.272646
MTDheight,0.050,20,166,8.3500,1.300727
MTDheight,0.050,20,167,8.4000,1.292532
MTDheight,0.050,20,168,8.4500,1.171669
MTDheight,0.050,20,169,8.5000,1.076248
MTDheight,0.050,20,170,8.5500,0.944685
MTDheight,0.050,20,171,8.6000,0.843523
MTDheight,0.050,20,172,8.6500,0.763486
MTDheight,0.050,20,173,8.7000,0.711168
MTDheight,0.050,20,174,8.7500,0.696359
MTDheight,0.050,20,175,8.8000,0.642834
MTDheight,0.050,20,176,8.8500,0.606839
MTDheight,0.050,20,177,8.9000,0.607793
MTDheight,0.050,20,178,8.9500,0.611977
MTDheight,0.050,20,179,9.0000,0.625894
MTDheight,0.050,20,180,9.0500,0.586280
MTDheight,0.050,20,181,9.1000,0.522277
MTDheight,0.050,20,182,9.1500,0.519981
MTDheight,0.050,20,183,9.2000,0.583562
MTDheight,0.050,20,184,9.2500,0.645554
MTDheight,0.050,20,185,9.3000,0.631840
MTDheight,0.050,20,186,9.3500,0.551187
MTDheight,0.050,20,187,9.4000,0.497209
MTDheight,0.050,20,188,9.4500,0.438503
MTDheight,0.050,20,189,9.5000,0.357931
MTDheight,0.050,20,190,9.5500,0.331857
MTDheight,0.050,20,191,9.6000,0.306105
MTDheight,0.050,20,192,9.6500,0.274945
MTDheight,0.050,20,193,9.7000,0.271525
MTDheight,0.050,20,194,9.7500,0.281824
MTDheight,0.050,20,195,9.8000,0.257016
MTDheight,0.050,20,196,9.8500,0.299600
MTDheight,0.050,20,197,9.9000,0.362026
MTDheight,0.050,20,198,9.9500,0.321768
MTDheight,0.050,20,199,10.0000,0.324928
MTDheight,0.050,30,0,0.0500,14.608778
MTDheight,0.050,30,1,0.1000,13.991390
MTDheight,0.050,30,2,0.1500,13.386548
MTDheight,0.050,30,3,0.2000,13.041239
MTDheight,0.050,30,4,0.2500,12.699968
MTDheight,0.050,30,5,0.3000,12.388130
MTDheight,0.050,30,6,0.3500,12.056494
MTDheight,0.050,30,7,0.4000,11.722742
MTDheight,0.050,30,8,0.4500,11.343284
MTDheight,0.050,30,9,0.5000,11.125855
MTDheight,0.050,30,10,0.5500,10.967227
MTDheight,0.050,30,11,0.6000,10.693631
MTDheight,0.050,30,12,0.6500,10.480614
MTDheight,0.050,30,13,0.7000,10.209169
MTDheight,0.050,30,14,0.7500,9.907372
MTDheight,0.050,30,15,0.8000,9.784655
MTDheight,0.050,30,16,0.8500,9.697402
MTDheight,0.050,30,17,0.9000,9.412958
MTDheight,0.050,30,18,0.9500,9.304800
MTDheight,0.050,30,19,1.0000,9.108195
MTDheight,0.050,30,20,1.0500,8.952290
MTDheight,0.050,30,21,1.1000,8.807114
MTDheight,0.050,30,22,1.1500,8.675737
MTDheight,0.050,30,23,1.2000,8.554976
MTDheight,0.050,30,24,1.2500,8.489036
MTDheight,0.050,30,25,1.3000,8.219300
MTDheight,0.050,30,26,1.3500,8.217482
MTDheight,0.050,30,27,1.4000,8.134939
MTDheight,0.050,30,28,1.4500,7.860756
MTDheight,0.050,30,29,1.5000,7.584243
MTDheight,0.050,30,30,1.5500,7.438537
MTDheight,0.050,30,31,1.6000,7.243339
MTDheight,0.050,30,32,1.6500,7.166334
MTDheight,0.050,30,33,1.7000,6.987463
MTDheight,0.050,30,34,1.7500,6.850321
MTDheight,0.050,30,35,1.8000,6.849580
MTDheight,0.050,30,36,1.8500,6.593360
MTDheight,0.050,30,37,1.9000,6.490335
MTDheight,0.050,30,38,1.9500,6.437996
MTDheight,0.050,30,39,2.0000,6.394655
MTDheight,0.050,30,40,2.0500,6.377638
MTDheight,0.050,30,41,2.1000,6.152585
MTDheight,0.050,30,42,2.1500,6.101957
MTDheight,0.050,30,43,2.2000,6.119271
MTDheight,0.050,30,44,2.2500,6.014089
MTDheight,0.050,30,45,2.3000,5.751759
MTDheight,0.050,30,46,2.3500,5.616610
MTDheight,0.050,30,47,2.4000,5.377015
MTDheight,0.050,30,48,2.4500,5.352103
MTDheight,0.050,30,49,2.5000,5.213987
MTDheight,0.050,30,50,2.5500,5.049805
MTDheight,0.050,30,51,2.6000,5.052447
MTDheight,0.050,30,52,2.6500,4.958503
MTDheight,0.050,30,53,2.7000,4.824783
MTDheight,0.050,30,54,2.7500,4.774302
MTDheight,0.050,30,55,2.8000,4.679788
MTDheight,0.050,30,56,2.8500,4.640535
MTDheight,0.050,30,57,2.9000,4.451757
MTDheight,0.050,30,58,2.9500,4.432245
MTDheight,0.050,30,59,3.0000,4.306139
MTDheight,0.050,30,60,3.0500,4.175441
MTDheight,0.050,30,61,3.1000,4.109273
MTDheight,0.050,30,62,3.1500,4.058379
MTDheight,0.050,30,63,3.2000,3.858457
MTDheight,0.050,30,64,3.2500,3.817620
MTDheight,0.050,30,65,3.3000,3.711319
MTDheight,0.050,30,66,3.3500,3.555632
MTDheight,0.050,30,67,3.4000,3.481644
MTDheight,0.050,30,68,3.4500,3.403188
MTDheight,0.050,30,69,3.5000,3.288757
MTDheight,0.050,30,70,3.5500,3.279849
MTDheight,0.050,30,71,3.6000,3.278590
MTDheight,0.050,30,72,3.6500,3.281479
MTDheight,0.050,30,73,3.7000,3.206735
MTDheight,0.050,30,74,3.7500,3.153855
MTDheight,0.050,30,75,3.8000,3.047562
MTDheight,0.050,30,76,3.8500,2.950356
MTDheight,0.050,30,77,3.9000,2.864054
MTDheight,0.050,30,78,3.9500,2.761072
MTDheight,0.050,30,79,4.0000,2.692317
MTDheight,0.050,30,80,4.0500,2.604282
MTDheight,0.050,30,81,4.1000,2.580734
MTDheight,0.050,30,82,4.1500,2.575495
MTDheight,0.050,30,83,4.2000,2.560036
MTDheight,0.050,30,84,4.2500,2.557532
MTDheight,0.050,30,85,4.3000,2.549549
MTDheight,0.050,30,86,4.3500,2.459818
MTDheight,0.050,30,87,4.4000,2.354556
MTDheight,0.050,30,88,4.4500,2.354215
MTDheight,0.050,30,89,4.5000,2.282131
MTDheight,0.050,30,90,4.5500,2.155873
MTDheight,0.050,30,91,4.6000,2.071696
MTDheight,0.050,30,92,4.6500,2.075275
MTDheight,0.050,30,93,4.7000,2.080417
MTDheight,0.050,30,94,4.7500,2.042686
MTDheight,0.050,30,95,4.8000,1.957778
MTDheight,0.050,30,96,4.8500,1.955347
MTDheight,0.050,30,97,4.9000,1.928338
MTDheight,0.050,30,98,4.9500,1.888019
MTDheight,0.050,30,99,5.0000,1.878447
MTDheight,0.050,30,100,5.0500,1.773140
MTDheight,0.050,30,101,5.1000,1.714474
MTDheight,0.050,30,102,5.1500,1.631606
MTDheight,0.050,30,103,5.2000,1.633160
MTDheight,0.050,30,104,5.2500,1.620934
MTDheight,0.050,30,105,5.3000,1.527705
MTDheight,0.050,30,106,5.3500,1.494527
MTDheight,0.050,30,107,5.4000,1.467340
MTDheight,0.050,30,108,5.4500,1.436436
MTDheight,0.050,30,109,5.5000,1.369052
MTDheight,0.050,30,110,5.5500,1.316453
MTDheight,0.050,30,111,5.6000,1.293638
MTDheight,0.050,30,112,5.6500,1.299544
MTDheight,0.050,30,113,5.7000,1.295430
MTDheight,0.050,30,114,5.7500,1.246378
MTDheight,0.050,30,115,5.8000,1.205104
MTDheight,0.050,30,116,5.8500,1.201069
MTDheight,0.050,30,117,5.9000,1.115296
MTDheight,0.050,30,118,5.9500,1.090557
MTDheight,0.050,30,119,6.0000,1.038675
MTDheight,0.050,30,120,6.0500,1.018482
MTDheight,0.050,30,121,6.1000,1.005213
MTDheight,0.050,30,122,6.1500,1.011910
MTDheight,0.050,30,123,6.2000,1.013485
MTDheight,0.050,30,124,6.2500,1.036444
MTDheight,0.050,30,125,6.3000,1.057281
MTDheight,0.050,30,126,6.3500,1.023323
MTDheight,0.050,30,127,6.4000,1.021455
MTDheight,0.050,30,128,6.4500,1.017412
MTDheight,0.050,30,129,6.5000,0.928445
MTDheight,0.050,30,130,6.5500,0.899739
MTDheight,0.050,30,131,6.6000,0.878322
MTDheight,0.050,30,132,6.6500,0.861613
MTDheight,0.050,30,133,6.7000,0.896360
MTDheight,0.050,30,134,6.7500,0.952384
MTDheight,0.050,30,135,6.8000,0.926413
MTDheight,0.050,30,136,6.8500,0.899826
MTDheight,0.050,30,137,6.9000,0.833097
MTDheight,0.050,30,138,6.9500,0.803994
MTDheight,0.050,30,139,7.0000,0.780690
MTDheight,0.050,30,140,7.0500,0.757624
MTDheight,0.050,30,141,7.1000,0.755061
MTDheight,0.050,30,142,7.1500,0.738259
MTDheight,0.050,30,143,7.2000,0.738767
MTDheight,0.050,30,144,7.2500,0.676783
MTDheight,0.050,30,145,7.3000,0.645461
MTDheight,0.050,30,146,7.3500,0.605914
MTDheight,0.050,30,147,7.4000,0.592476
MTDheight,0.050,30,148,7.4500,0.591158
MTDheight,0.050,30,149,7.5000,0.586716
MTDheight,0.050,30,150,7.5500,0.593415
MTDheight,0.050,30,151,7.6000,0.597771
MTDheight,0.050,30,152,7.6500,0.611598
MTDheight,0.050,30,153,7.7000,0.619248
MTDheight,0.050,30,154,7.7500,0.544265
MTDheight,0.050,30,155,7.8000,0.533410
MTDheight,0.050,30,156,7.8500,0.542787
MTDheight,0.050,30,157,7.9000,0.563350
MTDheight,0.050,30,158,7.9500,0.566247
MTDheight,0.050,30,159,8.0000,0.588740
MTDheight,0.050,30,160,8.0500,0.598399
MTDheight,0.050,30,161,8.1000,0.630709
MTDheight,0.050,30,162,8.1500,0.722026
MTDheight,0.050,30,163,8.2000,0.733885
MTDheight,0.050,30,164,8.2500,0.811892
MTDheight,0.050,30,165,8.3000,0.844497
MTDheight,0.050,30,166,8.3500,0.860959
MTDheight,0.050,30,167,8.4000,0.926881
MTDheight,0.050,30,168,8.4500,0.949002
MTDheight,0.050,30,169,8.5000,0.979767
MTDheight,0.050,30,170,8.5500,0.973057
MTDheight,0.050,30,171,8.6000,0.846129
MTDheight,0.050,30,172,8.6500,0.713732
MTDheight,0.050,30,173,8.7000,0.591981
MTDheight,0.050,30,174,8.7500,0.497408
MTDheight,0.050,30,175,8.8000,0.454800
MTDheight,0.050,30,176,8.8500,0.457156
MTDheight,0.050,30,177,8.9000,0.469660
MTDheight,0.050,30,178,8.9500,0.496395
MTDheight,0.050,30,179,9.0000,0.436469
MTDheight,0.050,30,180,9.0500,0.466256
MTDheight,0.050,30,181,9.1000,0.566627
MTDheight,0.050,30,182,9.1500,0.628247
MTDheight,0.050,30,183,9.2000,0.530531
MTDheight,0.050,30,184,9.2500,0.455049
MTDheight,0.050,30,185,9.3000,0.414278
MTDheight,0.050,30,186,9.3500,0.395167
MTDheight,0.050,30,187,9.4000,0.393586
MTDheight,0.050,30,188,9.4500,0.407186
MTDheight,0.050,30,189,9.5000,0.381544
MTDheight,0.050,30,190,9.5500,0.401059
MTDheight,0.050,30,191,9.6000,0.358600
MTDheight,0.050,30,192,9.6500,0.384026
MTDheight,0.050,30,193,9.7000,0.425474
MTDheight,0.050,30,194,9.7500,0.413364
MTDheight,0.050,30,195,9.8000,0.402995
MTDheight,0.050,30,196,9.8500,0.416765
MTDheight,0.050,30,197,9.9000,0.471499
MTDheight,0.050,30,198,9.9500,0.531852
MTDheight,0.050,30,199,10.0000,0.511880
MTDheight,0.050,40,0,0.0500,14.642730
MTDheight,0.050,40,1,0.1000,13.922447
MTDheight,0.050,40,2,0.1500,13.558237
MTDheight,0.050,40,3,0.2000,13.065725
MTDheight,0.050,40,4,0.2500,12.660329
MTDheight,0.050,40,5,0.3000,12.134281
MTDheight,0.050,40,6,0.3500,11.806961
MTDheight,0.050,40,7,0.4000,11.589752
MTDheight,0.050,40,8,0.4500,11.321462
MTDheight,0.050,40,9,0.5000,11.096443
MTDheight,0.050,40,10,0.5500,11.045138
MTDheight,0.050,40,11,0.6000,10.629896
MTDheight,0.050,40,12,0.6500,10.560980
MTDheight,0.050,40,13,0.7000,10.359125
MTDheight,0.050,40,14,0.7500,10.149605
MTDheight,0.050,40,15,0.8000,9.906855
MTDheight,0.050,40,16,0.8500,9.751985
MTDheight,0.050,40,17,0.9000,9.514915
MTDheight,0.050,40,18,0.9500,9.164867
MTDheight,0.050,40,19,1.0000,8.967645
MTDheight,0.050,40,20,1.0500,8.775864
MTDheight,0.050,40,21,1.1000,8.613431
MTDheight,0.050,40,22,1.1500,8.538110
MTDheight,0.050,40,23,1.2000,8.279213
MTDheight,0.050,40,24,1.2500,8.170080
MTDheight,0.050,40,25,1.3000,8.022220
MTDheight,0.050,40,26,1.3500,7.869717
MTDheight,0.050,40,27,1.4000,7.776896
MTDheight,0.050,40,28,1.4500,7.725308
MTDheight,0.050,40,29,1.5000,7.612786
MTDheight,0.050,40,30,1.5500,7.518755
MTDheight,0.050,40,31,1.6000,7.358492
MTDheight,0.050,40,32,1.6500,7.224909
MTDheight,0.050,40,33,1.7000,7.214711
MTDheight,0.050,40,34,1.7500,6.934520
MTDheight,0.050,40,35,1.8000,6.754728
MTDheight,0.050,40,36,1.8500,6.545920
MTDheight,0.050,40,37,1.9000,6.449597
MTDheight,0.050,40,38,1.9500,6.314362
MTDheight,0.050,40,39,2.0000,6.158048
MTDheight,0.050,40,40,2.0500,6.077030
MTDheight,0.050,40,41,2.1000,6.028667
MTDheight,0.050,40,42,2.1500,5.903947
MTDheight,0.050,40,43,2.2000,5.752244
MTDheight,0.050,40,44,2.2500,5.676972
MTDheight,0.050,40,45,2.3000,5.633108
MTDheight,0.050,40,46,2.3500,5.536608
MTDheight,0.050,40,47,2.4000,5.458374
MTDheight,0.050,40,48,2.4500,5.280353
MTDheight,0.050,40,49,2.5000,5.090527
MTDheight,0.050,40,50,2.5500,5.089709
MTDheight,0.050,40,51,2.6000,5.032076
MTDheight,0.050,40,52,2.6500,4.989245
MTDheight,0.050,40,53,2.7000,4.845769
MTDheight,0.050,40,54,2.7500,4.739770
MTDheight,0.050,40,55,2.8000,4.702434
MTDheight,0.050,40,56,2.8500,4.650919
MTDheight,0.050,40,57,2.9000,4.406871
MTDheight,0.050,40,58,2.9500,4.378397
MTDheight,0.050,40,59,3.0000,4.373223
MTDheight,0.050,40,60,3.0500,4.355960
MTDheight,0.050,40,61,3.1000,4.340991
MTDheight,0.050,40,62,3.1500,4.173340
MTDheight,0.050,40,63,3.2000,3.993931
MTDheight,0.050,40,64,3.2500,3.941134
MTDheight,0.050,40,65,3.3000,3.817121
MTDheight,0.050,40,66,3.3500,3.692349
MTDheight,0.050,40,67,3.4000,3.690259
MTDheight,0.050,40,68,3.4500,3.561911
MTDheight,0.050,40,69,3.5000,3.426873
MTDheight,0.050,40,70,3.5500,3.362075
MTDheight,0.050,40,71,3.6000,3.329303
MTDheight,0.050,40,72,3.6500,3.263438
MTDheight,0.050,40,73,3.7000,3.278494
MTDheight,0.050,40,74,3.7500,3.297712
MTDheight,0.050,40,75,3.8000,3.194293
MTDheight,0.050,40,76,3.8500,3.206620
MTDheight,0.050,40,77,3.9000,3.083419
MTDheight,0.050,40,78,3.9500,2.872684
MTDheight,0.050,40,79,4.0000,2.750889
MTDheight,0.050,40,80,4.0500,2.716162
MTDheight,0.050,40,81,4.1000,2.644894
MTDheight,0.050,40,82,4.1500,2.605899
MTDheight,0.050,40,83,4.2000,2.573920
MTDheight,0.050,40,84,4.2500,2.540762
MTDheight,0.050,40,85,4.3000,2.435108
MTDheight,0.050,40,86,4.3500,2.312107
MTDheight,0.050,40,87,4.4000,2.225998
MTDheight,0.050,40,88,4.4500,2.184324
MTDheight,0.050,40,89,4.5000,2.185268
MTDheight,0.050,40,90,4.5500,2.194306
MTDheight,0.050,40,91,4.6000,2.165483
MTDheight,0.050,40,92,4.6500,2.054490
MTDheight,0.050,40,93,4.7000,1.994500
MTDheight,0.050,40,94,4.7500,1.961906
MTDheight,0.050,40,95,4.8000,1.960733
MTDheight,0.050,40,96,4.8500,1.943670
MTDheight,0.050,40,97,4.9000,1.834108
MTDheight,0.050,40,98,4.9500,1.775696
MTDheight,0.050,40,99,5.0000,1.706058
MTDheight,0.050,40,100,5.0500,1.698580
MTDheight,0.050,40,101,5.1000,1.646359
MTDheight,0.050,40,102,5.1500,1.545502
MTDheight,0.050,40,103,5.2000,1.492550
MTDheight,0.050,40,104,5.2500,1.483246
MTDheight,0.050,40,105,5.3000,1.460434
MTDheight,0.050,40,106,5.3500,1.423641
MTDheight,0.050,40,107,5.4000,1.393718
MTDheight,0.050,40,108,5.4500,1.373669
MTDheight,0.050,40,109,5.5000,1.361081
MTDheight,0.050,40,110,5.5500,1.352591
MTDheight,0.050,40,111,5.6000,1.342061
MTDheight,0.050,40,112,5.6500,1.293266
MTDheight,0.050,40,113,5.7000,1.289074
MTDheight,0.050,40,114,5.7500,1.292406
MTDheight,0.050,40,115,5.8000,1.291081
MTDheight,0.050,40,116,5.8500,1.232432
MTDheight,0.050,40,117,5.9000,1.175744
MTDheight,0.050,40,118,5.9500,1.088505
MTDheight,0.050,40,119,6.0000,1.042933
MTDheight,0.050,40,120,6.0500,1.030348
MTDheight,0.050,40,121,6.1000,1.008805
MTDheight,0.050,40,122,6.1500,0.968207
MTDheight,0.050,40,123,6.2000,0.961152
MTDheight,0.050,40,124,6.2500,0.937071
MTDheight,0.050,40,125,6.3000,0.919417
MTDheight,0.050,40,126,6.3500,0.912721
MTDheight,0.050,40,127,6.4000,0.911635
MTDheight,0.050,40,128,6.4500,0.898430
MTDheight,0.050,40,129,6.5000,0.899897
MTDheight,0.050,40,130,6.5500,0.899432
MTDheight,0.050,40,131,6.6000,0.898799
MTDheight,0.050,40,132,6.6500,0.901975
MTDheight,0.050,40,133,6.7000,0.909602
MTDheight,0.050,40,134,6.7500,0.913082
MTDheight,0.050,40,135,6.8000,0.925694
MTDheight,0.050,40,136,6.8500,0.940383
MTDheight,0.050,40,137,6.9000,0.961559
MTDheight,0.050,40,138,6.9500,0.904818
MTDheight,0.050,40,139,7.0000,0.786979
MTDheight,0.050,40,140,7.0500,0.728487
MTDheight,0.050,40,141,7.1000,0.713641
MTDheight,0.050,40,142,7.1500,0.777937
MTDheight,0.050,40,143,7.2000,0.837088
MTDheight,0.050,40,144,7.2500,0.830829
MTDheight,0.050,40,145,7.3000,0.860342
MTDheight,0.050,40,146,7.3500,0.900339
MTDheight,0.050,40,147,7.4000,0.841558
MTDheight,0.050,40,148,7.4500,0.711760
MTDheight,0.050,40,149,7.5000,0.697373
MTDheight,0.050,40,150,7.5500,0.640003
MTDheight,0.050,40,151,7.6000,0.606877
MTDheight,0.050,40,152,7.6500,0.606251
MTDheight,0.050,40,153,7.7000,0.607653
MTDheight,0.050,40,154,7.7500,0.612848
MTDheight,0.050,40,155,7.8000,0.627193
MTDheight,0.050,40,156,7.8500,0.642532
MTDheight,0.050,40,157,7.9000,0.641049
MTDheight,0.050,40,158,7.9500,0.657266
MTDheight,0.050,40,159,8.0000,0.664848
MTDheight,0.050,40,160,8.0500,0.652542
MTDheight,0.050,40,161,8.1000,0.661678
MTDheight,0.050,40,162,8.1500,0.705619
MTDheight,0.050,40,163,8.2000,0.763771
MTDheight,0.050,40,164,8.2500,0.839133
MTDheight,0.050,40,165,8.3000,0.870249
MTDheight,0.050,40,166,8.3500,0.895246
MTDheight,0.050,40,167,8.4000,0.992345
MTDheight,0.050,40,168,8.4500,0.895273
MTDheight,0.050,40,169,8.5000,0.753395
MTDheight,0.050,40,170,8.5500,0.644241
MTDheight,0.050,40,171,8.6000,0.534915
MTDheight,0.050,40,172,8.6500,0.461491
MTDheight,0.050,40,173,8.7000,0.386713
MTDheight,0.050,40,174,8.7500,0.437120
MTDheight,0.050,40,175,8.8000,0.483466
MTDheight,0.050,40,176,8.8500,0.537516
MTDheight,0.050,40,177,8.9000,0.512425
MTDheight,0.050,40,178,8.9500,0.596177
MTDheight,0.050,40,179,9.0000,0.685683
MTDheight,0.050,40,180,9.0500,0.839129
MTDheight,0.050,40,181,9.1000,0.942550
MTDheight,0.050,40,182,9.1500,0.966159
MTDheight,0.050,40,183,9.2000,0.947877
MTDheight,0.050,40,184,9.2500,0.940079
MTDheight,0.050,40,185,9.3000,0.839988
MTDheight,0.050,40,186,9.3500,0.742166
MTDheight,0.050,40,187,9.4000,0.665830
MTDheight,0.050,40,188,9.4500,0.561624
MTDheight,0.050,40,189,9.5000,0.484266
MTDheight,0.050,40,190,9.5500,0.445066
MTDheight,0.050,40,191,9.6000,0.424113
MTDheight,0.050,40,192,9.6500,0.469741
MTDheight,0.050,40,193,9.7000,0.539499
MTDheight,0.050,40,194,9.7500,0.605649
MTDheight,0.050,40,195,9.8000,0.699026
MTDheight,0.050,40,196,9.8500,0.760497
MTDheight,0.050,40,197,9.9000,0.836170
MTDheight,0.050,40,198,9.9500,0.815329
MTDheight,0.050,40,199,10.0000,0.806867
MTDheight,0.050,50,0,0.0500,14.574858
MTDheight,0.050,50,1,0.1000,13.871018
MTDheight,0.050,50,2,0.1500,13.357049
MTDheight,0.050,50,3,0.2000,13.136521
MTDheight,0.050,50,4,0.2500,12.592550
MTDheight,0.050,50,5,0.3000,12.339788
MTDheight,0.050,50,6,0.3500,12.007081
MTDheight,0.050,50,7,0.4000,11.674285
MTDheight,0.050,50,8,0.4500,11.406285
MTDheight,0.050,50,9,0.5000,11.280866
MTDheight,0.050,50,10,0.5500,10.961860
MTDheight,0.050,50,11,0.6000,10.798530
MTDheight,0.050,50,12,0.6500,10.380588
MTDheight,0.050,50,13,0.7000,10.243541
MTDheight,0.050,50,14,0.7500,10.038544
MTDheight,0.050,50,15,0.8000,9.813731
MTDheight,0.050,50,16,0.8500,9.754061
MTDheight,0.050,50,17,0.9000,9.615362
MTDheight,0.050,50,18,0.9500,9.463747
MTDheight,0.050,50,19,1.0000,9.062122
MTDheight,0.050,50,20,1.0500,9.001902
MTDheight,0.050,50,21,1.1000,8.725982
MTDheight,0.050,50,22,1.1500,8.535454
MTDheight,0.050,50,23,1.2000,8.225342
MTDheight,0.050,50,24,1.2500,8.112204
MTDheight,0.050,50,25,1.3000,7.983824
MTDheight,0.050,50,26,1.3500,7.878724
MTDheight,0.050,50,27,1.4000,7.721723
MTDheight,0.050,50,28,1.4500,7.585661
MTDheight,0.050,50,29,1.5000,7.428241
MTDheight,0.050,50,30,1.5500,7.218835
MTDheight,0.050,50,31,1.6000,7.105241
MTDheight,0.050,50,32,1.6500,7.018715
MTDheight,0.050,50,33,1.7000,6.910370
MTDheight,0.050,50,34,1.7500,6.724784
MTDheight,0.050,50,35,1.8000,6.689765
MTDheight,0.050,50,36,1.8500,6.535891
MTDheight,0.050,50,37,1.9000,6.340187
MTDheight,0.050,50,38,1.9500,6.204799
MTDheight,0.050,50,39,2.0000,6.190371
MTDheight,0.050,50,40,2.0500,6.192316
MTDheight,0.050,50,41,2.1000,6.120350
MTDheight,0.050,50,42,2.1500,5.931253
MTDheight,0.050,50,43,2.2000,5.915012
MTDheight,0.050,50,44,2.2500,5.805172
MTDheight,0.050,50,45,2.3000,5.782180
MTDheight,0.050,50,46,2.3500,5.529281
MTDheight,0.050,50,47,2.4000,5.380281
MTDheight,0.050,50,48,2.4500,5.281741
MTDheight,0.050,50,49,2.5000,5.189010
MTDheight,0.050,50,50,2.5500,5.016921
MTDheight,0.050,50,51,2.6000,5.016590
MTDheight,0.050,50,52,2.6500,4.935219
MTDheight,0.050,50,53,2.7000,4.918453
MTDheight,0.050,50,54,2.7500,4.774651
MTDheight,0.050,50,55,2.8000,4.701022
MTDheight,0.050,50,56,2.8500,4.552033
MTDheight,0.050,50,57,2.9000,4.501524
MTDheight,0.050,50,58,2.9500,4.372431
MTDheight,0.050,50,59,3.0000,4.222661
MTDheight,0.050,50,60,3.0500,4.107569
MTDheight,0.050,50,61,3.1000,4.067574
MTDheight,0.050,50,62,3.1500,3.980871
MTDheight,0.050,50,63,3.2000,3.980259
MTDheight,0.050,50,64,3.2500,3.931660
MTDheight,0.050,50,65,3.3000,3.825187
MTDheight,0.050,50,66,3.3500,3.659730
MTDheight,0.050,50,67,3.4000,3.661191
MTDheight,0.050,50,68,3.4500,3.517520
MTDheight,0.050,50,69,3.5000,3.472290
MTDheight,0.050,50,70,3.5500,3.415804
MTDheight,0.050,50,71,3.6000,3.349854
MTDheight,0.050,50,72,3.6500,3.188051
MTDheight,0.050,50,73,3.7000,3.068521
MTDheight,0.050,50,74,3.7500,2.954445
MTDheight,0.050,50,75,3.8000,2.881986
MTDheight,0.050,50,76,3.8500,2.824904
MTDheight,0.050,50,77,3.9000,2.817272
MTDheight,0.050,50,78,3.9500,2.796933
MTDheight,0.050,50,79,4.0000,2.790409
MTDheight,0.050,50,80,4.0500,2.761923
MTDheight,0.050,50,81,4.1000,2.703157
MTDheight,0.050,50,82,4.1500,2.603264
MTDheight,0.050,50,83,4.2000,2.504740
MTDheight,0.050,50,84,4.2500,2.439196
MTDheight,0.050,50,85,4.3000,2.363876
MTDheight,0.050,50,86,4.3500,2.282222
MTDheight,0.050,50,87,4.4000,2.273016
MTDheight,0.050,50,88,4.4500,2.276410
MTDheight,0.050,50,89,4.5000,2.194651
MTDheight,0.050,50,90,4.5500,2.199976
MTDheight,0.050,50,91,4.6000,2.189371
MTDheight,0.050,50,92,4.6500,2.107092
MTDheight,0.050,50,93,4.7000,1.992158
MTDheight,0.050,50,94,4.7500,1.954332
MTDheight,0.050,50,95,4.8000,1.951135
MTDheight,0.050,50,96,4.8500,1.930178
MTDheight,0.050,50,97,4.9000,1.930589
MTDheight,0.050,50,98,4.9500,1.890827
MTDheight,0.050,50,99,5.0000,1.766121
MTDheight,0.050,50,100,5.0500,1.657418
MTDheight,0.050,50,101,5.1000,1.612240
MTDheight,0.050,50,102,5.1500,1.585995
MTDheight,0.050,50,103,5.2000,1.533744
MTDheight,0.050,50,104,5.2500,1.518902
MTDheight,0.050,50,105,5.3000,1.533073
MTDheight,0.050,50,106,5.3500,1.522284
MTDheight,0.050,50,107,5.4000,1.512262
MTDheight,0.050,50,108,5.4500,1.510369
MTDheight,0.050,50,109,5.5000,1.449334
MTDheight,0.050,50,110,5.5500,1.383432
MTDheight,0.050,50,111,5.6000,1.368138
MTDheight,0.050,50,112,5.6500,1.342823
MTDheight,0.050,50,113,5.7000,1.324204
MTDheight,0.050,50,114,5.7500,1.307787
MTDheight,0.050,50,115,5.8000,1.331974
MTDheight,0.050,50,116,5.8500,1.400721
MTDheight,0.050,50,117,5.9000,1.462427
MTDheight,0.050,50,118,5.9500,1.517558
MTDheight,0.050,50,119,6.0000,1.423519
MTDheight,0.050,50,120,6.0500,1.360223
MTDheight,0.050,50,121,6.1000,1.242554
MTDheight,0.050,50,122,6.1500,1.145322
MTDheight,0.050,50,123,6.2000,1.068990
MTDheight,0.050,50,124,6.2500,1.048430
MTDheight,0.050,50,125,6.3000,0.992609
MTDheight,0.050,50,126,6.3500,0.978561
MTDheight,0.050,50,127,6.4000,0.989994
MTDheight,0.050,50,128,6.4500,1.000466
MTDheight,0.050,50,129,6.5000,0.989311
MTDheight,0.050,50,130,6.5500,0.908587
MTDheight,0.050,50,131,6.6000,0.850921
MTDheight,0.050,50,132,6.6500,0.875037
MTDheight,0.050,50,133,6.7000,0.831020
MTDheight,0.050,50,134,6.7500,0.840995
MTDheight,0.050,50,135,6.8000,0.797009
MTDheight,0.050,50,136,6.8500,0.754533
MTDheight,0.050,50,137,6.9000,0.714059
MTDheight,0.050,50,138,6.9500,0.694778
MTDheight,0.050,50,139,7.0000,0.682452
MTDheight,0.050,50,140,7.0500,0.681505
MTDheight,0.050,50,141,7.1000,0.676511
MTDheight,0.050,50,142,7.1500,0.684376
MTDheight,0.050,50,143,7.2000,0.680633
MTDheight,0.050,50,144,7.2500,0.696126
MTDheight,0.050,50,145,7.3000,0.686666
MTDheight,0.050,50,146,7.3500,0.712806
MTDheight,0.050,50,147,7.4000,0.682049
MTDheight,0.050,50,148,7.4500,0.655328
MTDheight,0.050,50,149,7.5000,0.669612
MTDheight,0.050,50,150,7.5500,0.666156
MTDheight,0.050,50,151,7.6000,0.687400
MTDheight,0.050,50,152,7.6500,0.715905
MTDheight,0.050,50,153,7.7000,0.725475
MTDheight,0.050,50,154,7.7500,0.602673
MTDheight,0.050,50,155,7.8000,0.564660
MTDheight,0.050,50,156,7.8500,0.602972
MTDheight,0.050,50,157,7.9000,0.671369
MTDheight,0.050,50,158,7.9500,0.661632
MTDheight,0.050,50,159,8.0000,0.635929
MTDheight,0.050,50,160,8.0500,0.636297
MTDheight,0.050,50,161,8.1000,0.656042
MTDheight,0.050,50,162,8.1500,0.708027
MTDheight,0.050,50,163,8.2000,0.733368
MTDheight,0.050,50,164,8.2500,0.759678
MTDheight,0.050,50,165,8.3000,0.791710
MTDheight,0.050,50,166,8.3500,0.811691
MTDheight,0.050,50,167,8.4000,0.874109
MTDheight,0.050,50,168,8.4500,0.946528
MTDheight,0.050,50,169,8.5000,0.925216
MTDheight,0.050,50,170,8.5500,0.917621
MTDheight,0.050,50,171,8.6000,0.923586
MTDheight,0.050,50,172,8.6500,0.936002
MTDheight,0.050,50,173,8.7000,0.961297
MTDheight,0.050,50,174,8.7500,0.982176
MTDheight,0.050,50,175,8.8000,0.995872
MTDheight,0.050,50,176,8.8500,1.059829
MTDheight,0.050,50,177,8.9000,1.061084
MTDheight,0.050,50,178,8.9500,1.119332
MTDheight,0.050,50,179,9.0000,1.183218
MTDheight,0.050,50,180,9.0500,1.255715
MTDheight,0.050,50,181,9.1000,1.253850
MTDheight,0.050,50,182,9.1500,1.342393
MTDheight,0.050,50,183,9.2000,1.419591
MTDheight,0.050,50,184,9.2500,1.475948
MTDheight,0.050,50,185,9.3000,1.487138
MTDheight,0.050,50,186,9.3500,1.551803
MTDheight,0.050,50,187,9.4000,1.602842
MTDheight,0.050,50,188,9.4500,1.600526
MTDheight,0.050,50,189,9.5000,1.639928
MTDheight,0.050,50,190,9.5500,1.676099
MTDheight,0.050,50,191,9.6000,1.632456
MTDheight,0.050,50,192,9.6500,1.460904
MTDheight,0.050,50,193,9.7000,1.312048
MTDheight,0.050,50,194,9.7500,1.163815
MTDheight,0.050,50,195,9.8000,1.026031
MTDheight,0.050,50,196,9.8500,0.886882
MTDheight,0.050,50,197,9.9000,0.768180
MTDheight,0.050,50,198,9.9500,0.649830
MTDheight,0.050,50,199,10.0000,0.553329
MTDheight,0.100,10,0,0.0500,14.020285
MTDheight,0.100,10,1,0.1000,13.021196
MTDheight,0.100,10,2,0.1500,12.256484
MTDheight,0.100,10,3,0.2000,11.665175
MTDheight,0.100,10,4,0.2500,11.123776
MTDheight,0.100,10,5,0.3000,10.994189
MTDheight,0.100,10,6,0.3500,10.442204
MTDheight,0.100,10,7,0.4000,9.917298
MTDheight,0.100,10,8,0.4500,9.797697
MTDheight,0.100,10,9,0.5000,9.014996
MTDheight,0.100,10,10,0.5500,8.464332
MTDheight,0.100,10,11,0.6000,8.104812
MTDheight,0.100,10,12,0.6500,7.941427
MTDheight,0.100,10,13,0.7000,7.642761
MTDheight,0.100,10,14,0.7500,7.245198
MTDheight,0.100,10,15,0.8000,6.935781
MTDheight,0.100,10,16,0.8500,6.839872
MTDheight,0.100,10,17,0.9000,6.636589
MTDheight,0.100,10,18,0.9500,6.401246
MTDheight,0.100,10,19,1.0000,6.272116
MTDheight,0.100,10,20,1.0500,6.171049
MTDheight,0.100,10,21,1.1000,5.815665
MTDheight,0.100,10,22,1.1500,5.653399
MTDheight,0.100,10,23,1.2000,5.380976
MTDheight,0.100,10,24,1.2500,5.148203
MTDheight,0.100,10,25,1.3000,4.979824
MTDheight,0.100,10,26,1.3500,4.871889
MTDheight,0.100,10,27,1.4000,4.652745
MTDheight,0.100,10,28,1.4500,4.402067
MTDheight,0.100,10,29,1.5000,4.378420
MTDheight,0.100,10,30,1.5500,4.090071
MTDheight,0.100,10,31,1.6000,3.717414
MTDheight,0.100,10,32,1.6500,3.541357
MTDheight,0.100,10,33,1.7000,3.444537
MTDheight,0.100,10,34,1.7500,3.280321
MTDheight,0.100,10,35,1.8000,3.245160
MTDheight,0.100,10,36,1.8500,3.272527
MTDheight,0.100,10,37,1.9000,3.327401
MTDheight,0.100,10,38,1.9500,3.394191
MTDheight,0.100,10,39,2.0000,3.017840
MTDheight,0.100,10,40,2.0500,2.905464
MTDheight,0.100,10,41,2.1000,2.871215
MTDheight,0.100,10,42,2.1500,2.870034
MTDheight,0.100,10,43,2.2000,2.687071
MTDheight,0.100,10,44,2.2500,2.362979
MTDheight,0.100,10,45,2.3000,2.222980
MTDheight,0.100,10,46,2.3500,2.089680
MTDheight,0.100,10,47,2.4000,1.918452
MTDheight,0.100,10,48,2.4500,1.868350
MTDheight,0.100,10,49,2.5000,1.787867
MTDheight,0.100,10,50,2.5500,1.791674
MTDheight,0.100,10,51,2.6000,1.654838
MTDheight,0.100,10,52,2.6500,1.484086
MTDheight,0.100,10,53,2.7000,1.436383
MTDheight,0.100,10,54,2.7500,1.427013
MTDheight,0.100,10,55,2.8000,1.487040
MTDheight,0.100,10,56,2.8500,1.470806
MTDheight,0.100,10,57,2.9000,1.488521
MTDheight,0.100,10,58,2.9500,1.440769
MTDheight,0.100,10,59,3.0000,1.327228
MTDheight,0.100,10,60,3.0500,1.233701
MTDheight,0.100,10,61,3.1000,1.213962
MTDheight,0.100,10,62,3.1500,1.148264
MTDheight,0.100,10,63,3.2000,1.194950
MTDheight,0.100,10,64,3.2500,1.309269
MTDheight,0.100,10,65,3.3000,1.464207
MTDheight,0.100,10,66,3.3500,1.668171
MTDheight,0.100,10,67,3.4000,1.882781
MTDheight,0.100,10,68,3.4500,2.107177
MTDheight,0.100,10,69,3.5000,2.358442
MTDheight,0.100,10,70,3.5500,2.627066
MTDheight,0.100,10,71,3.6000,2.848652
MTDheight,0.100,10,72,3.6500,3.088836
MTDheight,0.100,10,73,3.7000,3.220887
MTDheight,0.100,10,74,3.7500,3.165656
MTDheight,0.100,10,75,3.8000,3.010945
MTDheight,0.100,10,76,3.8500,2.798520
MTDheight,0.100,10,77,3.9000,2.737373
MTDheight,0.100,10,78,3.9500,2.645572
MTDheight,0.100,10,79,4.0000,2.388835
MTDheight,0.100,10,80,4.0500,2.321652
MTDheight,0.100,10,81,4.1000,2.067038
MTDheight,0.100,10,82,4.1500,2.006886
MTDheight,0.100,10,83,4.2000,1.829703
MTDheight,0.100,10,84,4.2500,1.730182
MTDheight,0.100,10,85,4.3000,1.606894
MTDheight,0.100,10,86,4.3500,1.439270
MTDheight,0.100,10,87,4.4000,1.344119
MTDheight,0.100,10,88,4.4500,1.242962
MTDheight,0.100,10,89,4.5000,1.183644
MTDheight,0.100,10,90,4.5500,1.069568
MTDheight,0.100,10,91,4.6000,1.040649
MTDheight,0.100,10,92,4.6500,1.026507
MTDheight,0.100,10,93,4.7000,0.966304
MTDheight,0.100,10,94,4.7500,0.839720
MTDheight,0.100,10,95,4.8000,0.773857
MTDheight,0.100,10,96,4.8500,0.720696
MTDheight,0.100,10,97,4.9000,0.644740
MTDheight,0.100,10,98,4.9500,0.600793
MTDheight,0.100,10,99,5.0000,0.562419
MTDheight,0.100,10,100,5.0500,0.668736
MTDheight,0.100,10,101,5.1000,0.870799
MTDheight,0.100,10,102,5.1500,1.045940
MTDheight,0.100,10,103,5.2000,1.272620
MTDheight,0.100,10,104,5.2500,1.482130
MTDheight,0.100,10,105,5.3000,1.708742
MTDheight,0.100,10,106,5.3500,1.878970
MTDheight,0.100,10,107,5.4000,1.961019
MTDheight,0.100,10,108,5.4500,1.976354
MTDheight,0.100,10,109,5.5000,1.878713
MTDheight,0.100,10,110,5.5500,1.707370
MTDheight,0.100,10,111,5.6000,1.569962
MTDheight,0.100,10,112,5.6500,1.395828
MTDheight,0.100,10,113,5.7000,1.313080
MTDheight,0.100,10,114,5.7500,1.333547
MTDheight,0.100,10,115,5.8000,1.110921
MTDheight,0.100,10,116,5.8500,1.103445
MTDheight,0.100,10,117,5.9000,1.017942
MTDheight,0.100,10,118,5.9500,0.945913
MTDheight,0.100,10,119,6.0000,0.788146
MTDheight,0.100,10,120,6.0500,0.648801
MTDheight,0.100,10,121,6.1000,0.581340
MTDheight,0.100,10,122,6.1500,0.527072
MTDheight,0.100,10,123,6.2000,0.537448
MTDheight,0.100,10,124,6.2500,0.546652
MTDheight,0.100,10,125,6.3000,0.467581
MTDheight,0.100,10,126,6.3500,0.356310
MTDheight,0.100,10,127,6.4000,0.364465
MTDheight,0.100,10,128,6.4500,0.417451
MTDheight,0.100,10,129,6.5000,0.563841
MTDheight,0.100,10,130,6.5500,0.623876
MTDheight,0.100,10,131,6.6000,0.752599
MTDheight,0.100,10,132,6.6500,0.969347
MTDheight,0.100,10,133,6.7000,1.097832
MTDheight,0.100,10,134,6.7500,1.166558
MTDheight,0.100,10,135,6.8000,1.122751
MTDheight,0.100,10,136,6.8500,1.026133
MTDheight,0.100,10,137,6.9000,0.889609
MTDheight,0.100,10,138,6.9500,0.759909
MTDheight,0.100,10,139,7.0000,0.710641
MTDheight,0.100,10,140,7.0500,0.722861
MTDheight,0.100,10,141,7.1000,0.712772
MTDheight,0.100,10,142,7.1500,0.720382
MTDheight,0.100,10,143,7.2000,0.788420
MTDheight,0.100,10,144,7.2500,0.860835
MTDheight,0.100,10,145,7.3000,0.977219
MTDheight,0.100,10,146,7.3500,1.024118
MTDheight,0.100,10,147,7.4000,1.054053
MTDheight,0.100,10,148,7.4500,1.065441
MTDheight,0.100,10,149,7.5000,1.208172
MTDheight,0.100,10,150,7.5500,1.234564
MTDheight,0.100,10,151,7.6000,1.225823
MTDheight,0.100,10,152,7.6500,1.206938
MTDheight,0.100,10,153,7.7000,1.246239
MTDheight,0.100,10,154,7.7500,1.318597
MTDheight,0.100,10,155,7.8000,1.390217
MTDheight,0.100,10,156,7.8500,1.439341
MTDheight,0.100,10,157,7.9000,1.501845
MTDheight,0.100,10,158,7.9500,1.684592
MTDheight,0.100,10,159,8.0000,1.836356
MTDheight,0.100,10,160,8.0500,1.992098
MTDheight,0.100,10,161,8.1000,2.077067
MTDheight,0.100,10,162,8.1500,2.104106
MTDheight,0.100,10,163,8.2000,2.130146
MTDheight,0.100,10,164,8.2500,2.206999
MTDheight,0.100,10,165,8.3000,2.349166
MTDheight,0.100,10,166,8.3500,2.358391
MTDheight,0.100,10,167,8.4000,2.519608
MTDheight,0.100,10,168,8.4500,2.445708
MTDheight,0.100,10,169,8.5000,2.334381
MTDheight,0.100,10,170,8.5500,2.090818
MTDheight,0.100,10,171,8.6000,1.866635
MTDheight,0.100,10,172,8.6500,1.684092
MTDheight,0.100,10,173,8.7000,1.487417
MTDheight,0.100,10,174,8.7500,1.324434
MTDheight,0.100,10,175,8.8000,1.166112
MTDheight,0.100,10,176,8.8500,1.000163
MTDheight,0.100,10,177,8.9000,0.872514
MTDheight,0.100,10,178,8.9500,0.773406
MTDheight,0.100,10,179,9.0000,0.603613
MTDheight,0.100,10,180,9.0500,0.476284
MTDheight,0.100,10,181,9.1000,0.378356
MTDheight,0.100,10,182,9.1500,0.421169
MTDheight,0.100,10,183,9.2000,0.499836
MTDheight,0.100,10,184,9.2500,0.527572
MTDheight,0.100,10,185,9.3000,0.658069
MTDheight,0.100,10,186,9.3500,0.813979
MTDheight,0.100,10,187,9.4000,0.876338
MTDheight,0.100,10,188,9.4500,0.885335
MTDheight,0.100,10,189,9.5000,0.918228
MTDheight,0.100,10,190,9.5500,0.921132
MTDheight,0.100,10,191,9.6000,0.872688
MTDheight,0.100,10,192,9.6500,0.754740
MTDheight,0.100,10,193,9.7000,0.763539
MTDheight,0.100,10,194,9.7500,0.688171
MTDheight,0.100,10,195,9.8000,0.567694
MTDheight,0.100,10,196,9.8500,0.500740
MTDheight,0.100,10,197,9.9000,0.428919
MTDheight,0.100,10,198,9.9500,0.421026
MTDheight,0.100,10,199,10.0000,0.360412
MTDheight,0.100,20,0,0.0500,14.119475
MTDheight,0.100,20,1,0.1000,13.011206
MTDheight,0.100,20,2,0.1500,12.122541
MTDheight,0.100,20,3,0.2000,11.710121
MTDheight,0.100,20,4,0.2500,11.138839
MTDheight,0.100,20,5,0.3000,10.666319
MTDheight,0.100,20,6,0.3500,10.430542
MTDheight,0.100,20,7,0.4000,9.843976
MTDheight,0.100,20,8,0.4500,9.419770
MTDheight,0.100,20,9,0.5000,9.051541
MTDheight,0.100,20,10,0.5500,8.664670
MTDheight,0.100,20,11,0.6000,8.421224
MTDheight,0.100,20,12,0.6500,8.138195
MTDheight,0.100,20,13,0.7000,7.773696
MTDheight,0.100,20,14,0.7500,7.655589
MTDheight,0.100,20,15,0.8000,7.658510
MTDheight,0.100,20,16,0.8500,7.671084
MTDheight,0.100,20,17,0.9000,7.255167
MTDheight,0.100,20,18,0.9500,6.678901
MTDheight,0.100,20,19,1.0000,6.375973
MTDheight,0.100,20,20,1.0500,6.216713
MTDheight,0.100,20,21,1.1000,6.030026
MTDheight,0.100,20,22,1.1500,5.617421
MTDheight,0.100,20,23,1.2000,5.414742
MTDheight,0.100,20,24,1.2500,5.416779
MTDheight,0.100,20,25,1.3000,5.091452
MTDheight,0.100,20,26,1.3500,4.997207
MTDheight,0.100,20,27,1.4000,4.776876
MTDheight,0.100,20,28,1.4500,4.800739
MTDheight,0.100,20,29,1.5000,4.690658
MTDheight,0.100,20,30,1.5500,4.769137
MTDheight,0.100,20,31,1.6000,4.752224
MTDheight,0.100,20,32,1.6500,4.317711
MTDheight,0.100,20,33,1.7000,3.908112
MTDheight,0.100,20,34,1.7500,3.686793
MTDheight,0.100,20,35,1.8000,3.389399
MTDheight,0.100,20,36,1.8500,3.379165
MTDheight,0.100,20,37,1.9000,3.384698
MTDheight,0.100,20,38,1.9500,3.400677
MTDheight,0.100,20,39,2.0000,3.171997
MTDheight,0.100,20,40,2.0500,3.040810
MTDheight,0.100,20,41,2.1000,2.707343
MTDheight,0.100,20,42,2.1500,2.714558
MTDheight,0.100,20,43,2.2000,2.572877
MTDheight,0.100,20,44,2.2500,2.215317
MTDheight,0.100,20,45,2.3000,2.059730
MTDheight,0.100,20,46,2.3500,1.928064
MTDheight,0.100,20,47,2.4000,1.867068
MTDheight,0.100,20,48,2.4500,1.839071
MTDheight,0.100,20,49,2.5000,1.801017
MTDheight,0.100,20,50,2.5500,1.822391
MTDheight,0.100,20,51,2.6000,1.900447
MTDheight,0.100,20,52,2.6500,2.024758
MTDheight,0.100,20,53,2.7000,2.205501
MTDheight,0.100,20,54,2.7500,2.395510
MTDheight,0.100,20,55,2.8000,2.399750
MTDheight,0.100,20,56,2.8500,2.186632
MTDheight,0.100,20,57,2.9000,1.963288
MTDheight,0.100,20,58,2.9500,1.913851
MTDheight,0.100,20,59,3.0000,1.845289
MTDheight,0.100,20,60,3.0500,1.597886
MTDheight,0.100,20,61,3.1000,1.493379
MTDheight,0.100,20,62,3.1500,1.268867
MTDheight,0.100,20,63,3.2000,1.109785
MTDheight,0.100,20,64,3.2500,0.951011
MTDheight,0.100,20,65,3.3000,0.859681
MTDheight,0.100,20,66,3.3500,0.836833
MTDheight,0.100,20,67,3.4000,0.746978
MTDheight,0.100,20,68,3.4500,0.731851
MTDheight,0.100,20,69,3.5000,0.709985
MTDheight,0.100,20,70,3.5500,0.687342
MTDheight,0.100,20,71,3.6000,0.707357
MTDheight,0.100,20,72,3.6500,0.718044
MTDheight,0.100,20,73,3.7000,0.729838
MTDheight,0.100,20,74,3.7500,0.803427
MTDheight,0.100,20,75,3.8000,0.849191
MTDheight,0.100,20,76,3.8500,0.924482
MTDheight,0.100,20,77,3.9000,1.013789
MTDheight,0.100,20,78,3.9500,1.097668
MTDheight,0.100,20,79,4.0000,1.312957
MTDheight,0.100,20,80,4.0500,1.401668
MTDheight,0.100,20,81,4.1000,1.472638
MTDheight,0.100,20,82,4.1500,1.586666
MTDheight,0.100,20,83,4.2000,1.793551
MTDheight,0.100,20,84,4.2500,2.090280
MTDheight,0.100,20,85,4.3000,1.936933
MTDheight,0.100,20,86,4.3500,1.825325
MTDheight,0.100,20,87,4.4000,1.738279
MTDheight,0.100,20,88,4.4500,1.461498
MTDheight,0.100,20,89,4.5000,1.165346
MTDheight,0.100,20,90,4.5500,0.910657
MTDheight,0.100,20,91,4.6000,0.736743
MTDheight,0.100,20,92,4.6500,0.525342
MTDheight,0.100,20,93,4.7000,0.397913
MTDheight,0.100,20,94,4.7500,0.426831
MTDheight,0.100,20,95,4.8000,0.584203
MTDheight,0.100,20,96,4.8500,0.523513
MTDheight,0.100,20,97,4.9000,0.478771
MTDheight,0.100,20,98,4.9500,0.377455
MTDheight,0.100,20,99,5.0000,0.339722
MTDheight,0.100,20,100,5.0500,0.376255
MTDheight,0.100,20,101,5.1000,0.311237
MTDheight,0.100,20,102,5.1500,0.300309
MTDheight,0.100,20,103,5.2000,0.324187
MTDheight,0.100,20,104,5.2500,0.505546
MTDheight,0.100,20,105,5.3000,0.514997
MTDheight,0.100,20,106,5.3500,0.569524
MTDheight,0.100,20,107,5.4000,0.683494
MTDheight,0.100,20,108,5.4500,0.858070
MTDheight,0.100,20,109,5.5000,0.995492
MTDheight,0.100,20,110,5.5500,1.038216
MTDheight,0.100,20,111,5.6000,1.107623
MTDheight,0.100,20,112,5.6500,1.047726
MTDheight,0.100,20,113,5.7000,0.897351
MTDheight,0.100,20,114,5.7500,0.824703
MTDheight,0.100,20,115,5.8000,1.041559
MTDheight,0.100,20,116,5.8500,1.235748
MTDheight,0.100,20,117,5.9000,1.289047
MTDheight,0.100,20,118,5.9500,1.409763
MTDheight,0.100,20,119,6.0000,1.530120
MTDheight,0.100,20,120,6.0500,1.385871
MTDheight,0.100,20,121,6.1000,1.200254
MTDheight,0.100,20,122,6.1500,0.963787
MTDheight,0.100,20,123,6.2000,0.816103
MTDheight,0.100,20,124,6.2500,0.723180
MTDheight,0.100,20,125,6.3000,0.779680
MTDheight,0.100,20,126,6.3500,0.710415
MTDheight,0.100,20,127,6.4000,0.688485
MTDheight,0.100,20,128,6.4500,0.822351
MTDheight,0.100,20,129,6.5000,0.893624
MTDheight,0.100,20,130,6.5500,0.871389
MTDheight,0.100,20,131,6.6000,0.872745
MTDheight,0.100,20,132,6.6500,1.039509
MTDheight,0.100,20,133,6.7000,1.072374
MTDheight,0.100,20,134,6.7500,1.217050
MTDheight,0.100,20,135,6.8000,1.305713
MTDheight,0.100,20,136,6.8500,1.453215
MTDheight,0.100,20,137,6.9000,1.566806
MTDheight,0.100,20,138,6.9500,1.708643
MTDheight,0.100,20,139,7.0000,1.822445
MTDheight,0.100,20,140,7.0500,1.803988
MTDheight,0.100,20,141,7.1000,1.914935
MTDheight,0.100,20,142,7.1500,1.993905
MTDheight,0.100,20,143,7.2000,1.988357
MTDheight,0.100,20,144,7.2500,1.970465
MTDheight,0.100,20,145,7.3000,1.981743
MTDheight,0.100,20,146,7.3500,2.035876
MTDheight,0.100,20,147,7.4000,2.128438
MTDheight,0.100,20,148,7.4500,2.289652
MTDheight,0.100,20,149,7.5000,2.295182
MTDheight,0.100,20,150,7.5500,2.357621
MTDheight,0.100,20,151,7.6000,2.407659
MTDheight,0.100,20,152,7.6500,2.336271
MTDheight,0.100,20,153,7.7000,2.090377
MTDheight,0.100,20,154,7.7500,1.879796
MTDheight,0.100,20,155,7.8000,1.699026
MTDheight,0.100,20,156,7.8500,1.482563
MTDheight,0.100,20,157,7.9000,1.277774
MTDheight,0.100,20,158,7.9500,1.123322
MTDheight,0.100,20,159,8.0000,0.977844
MTDheight,0.100,20,160,8.0500,0.786249
MTDheight,0.100,20,161,8.1000,0.600659
MTDheight,0.100,20,162,8.1500,0.476423
MTDheight,0.100,20,163,8.2000,0.337968
MTDheight,0.100,20,164,8.2500,0.351689
MTDheight,0.100,20,165,8.3000,0.389645
MTDheight,0.100,20,166,8.3500,0.468587
MTDheight,0.100,20,167,8.4000,0.470536
MTDheight,0.100,20,168,8.4500,0.516594
MTDheight,0.100,20,169,8.5000,0.707293
MTDheight,0.100,20,170,8.5500,0.845511
MTDheight,0.100,20,171,8.6000,0.929000
MTDheight,0.100,20,172,8.6500,0.919439
MTDheight,0.100,20,173,8.7000,0.933397
MTDheight,0.100,20,174,8.7500,1.013780
MTDheight,0.100,20,175,8.8000,1.116616
MTDheight,0.100,20,176,8.8500,1.251048
MTDheight,0.100,20,177,8.9000,1.183918
MTDheight,0.100,20,178,8.9500,1.067843
MTDheight,0.100,20,179,9.0000,1.013472
MTDheight,0.100,20,180,9.0500,0.903930
MTDheight,0.100,20,181,9.1000,0.788928
MTDheight,0.100,20,182,9.1500,0.788899
MTDheight,0.100,20,183,9.2000,0.826604
MTDheight,0.100,20,184,9.2500,0.890407
MTDheight,0.100,20,185,9.3000,0.918067
MTDheight,0.100,20,186,9.3500,0.941302
MTDheight,0.100,20,187,9.4000,0.966954
MTDheight,0.100,20,188,9.4500,1.003898
MTDheight,0.100,20,189,9.5000,0.888044
MTDheight,0.100,20,190,9.5500,0.695639
MTDheight,0.100,20,191,9.6000,0.607556
MTDheight,0.100,20,192,9.6500,0.586000
MTDheight,0.100,20,193,9.7000,0.634569
MTDheight,0.100,20,194,9.7500,0.718831
MTDheight,0.100,20,195,9.8000,0.816818
MTDheight,0.100,20,196,9.8500,0.947441
MTDheight,0.100,20,197,9.9000,1.067944
MTDheight,0.100,20,198,9.9500,1.207098
MTDheight,0.100,20,199,10.0000,1.339534
MTDheight,0.100,30,0,0.0500,13.963474
MTDheight,0.100,30,1,0.1000,13.051689
MTDheight,0.100,30,2,0.1500,12.583833
MTDheight,0.100,30,3,0.2000,11.929374
MTDheight,0.100,30,4,0.2500,11.100017
MTDheight,0.100,30,5,0.3000,10.443649
MTDheight,0.100,30,6,0.3500,10.208249
MTDheight,0.100,30,7,0.4000,9.799866
MTDheight,0.100,30,8,0.4500,9.328057
MTDheight,0.100,30,9,0.5000,9.080578
MTDheight,0.100,30,10,0.5500,8.700017
MTDheight,0.100,30,11,0.6000,8.294522
MTDheight,0.100,30,12,0.6500,8.259151
MTDheight,0.100,30,13,0.7000,7.752367
MTDheight,0.100,30,14,0.7500,7.441174
MTDheight,0.100,30,15,0.8000,7.170525
MTDheight,0.100,30,16,0.8500,6.963435
MTDheight,0.100,30,17,0.9000,6.627210
MTDheight,0.100,30,18,0.9500,6.434866
MTDheight,0.100,30,19,1.0000,6.203467
MTDheight,0.100,30,20,1.0500,5.853197
MTDheight,0.100,30,21,1.1000,5.677229
MTDheight,0.100,30,22,1.1500,5.450963
MTDheight,0.100,30,23,1.2000,5.412594
MTDheight,0.100,30,24,1.2500,5.336542
MTDheight,0.100,30,25,1.3000,5.094383
MTDheight,0.100,30,26,1.3500,4.880147
MTDheight,0.100,30,27,1.4000,4.871227
MTDheight,0.100,30,28,1.4500,4.520118
MTDheight,0.100,30,29,1.5000,4.504504
MTDheight,0.100,30,30,1.5500,4.029816
MTDheight,0.100,30,31,1.6000,3.983177
MTDheight,0.100,30,32,1.6500,3.887165
MTDheight,0.100,30,33,1.7000,3.545634
MTDheight,0.100,30,34,1.7500,3.292686
MTDheight,0.100,30,35,1.8000,3.276375
MTDheight,0.100,30,36,1.8500,3.273574
MTDheight,0.100,30,37,1.9000,3.111084
MTDheight,0.100,30,38,1.9500,3.051841
MTDheight,0.100,30,39,2.0000,2.912092
MTDheight,0.100,30,40,2.0500,2.783711
MTDheight,0.100,30,41,2.1000,2.728888
MTDheight,0.100,30,42,2.1500,2.401787
MTDheight,0.100,30,43,2.2000,2.414864
MTDheight,0.100,30,44,2.2500,2.498599
MTDheight,0.100,30,45,2.3000,2.515740
MTDheight,0.100,30,46,2.3500,2.522711
MTDheight,0.100,30,47,2.4000,2.408871
MTDheight,0.100,30,48,2.4500,2.285079
MTDheight,0.100,30,49,2.5000,1.992167
MTDheight,0.100,30,50,2.5500,1.955385
MTDheight,0.100,30,51,2.6000,1.871245
MTDheight,0.100,30,52,2.6500,1.687645
MTDheight,0.100,30,53,2.7000,1.440554
MTDheight,0.100,30,54,2.7500,1.373684
MTDheight,0.100,30,55,2.8000,1.328655
MTDheight,0.100,30,56,2.8500,1.322911
MTDheight,0.100,30,57,2.9000,1.278966
MTDheight,0.100,30,58,2.9500,1.182682
MTDheight,0.100,30,59,3.0000,1.147058
MTDheight,0.100,30,60,3.0500,1.140583
MTDheight,0.100,30,61,3.1000,1.159499
MTDheight,0.100,30,62,3.1500,1.325072
MTDheight,0.100,30,63,3.2000,1.428824
MTDheight,0.100,30,64,3.2500,1.186600
MTDheight,0.100,30,65,3.3000,1.008803
MTDheight,0.100,30,66,3.3500,0.921723
MTDheight,0.100,30,67,3.4000,0.939579
MTDheight,0.100,30,68,3.4500,0.850501
MTDheight,0.100,30,69,3.5000,0.790329
MTDheight,0.100,30,70,3.5500,0.801797
MTDheight,0.100,30,71,3.6000,0.924858
MTDheight,0.100,30,72,3.6500,0.845130
MTDheight,0.100,30,73,3.7000,0.780793
MTDheight,0.100,30,74,3.7500,0.675829
MTDheight,0.100,30,75,3.8000,0.630177
MTDheight,0.100,30,76,3.8500,0.672185
MTDheight,0.100,30,77,3.9000,0.712835
MTDheight,0.100,30,78,3.9500,0.806532
MTDheight,0.100,30,79,4.0000,0.734835
MTDheight,0.100,30,80,4.0500,0.802434
MTDheight,0.100,30,81,4.1000,0.793676
MTDheight,0.100,30,82,4.1500,0.735677
MTDheight,0.100,30,83,4.2000,0.767543
MTDheight,0.100,30,84,4.2500,0.951618
MTDheight,0.100,30,85,4.3000,1.015630
MTDheight,0.100,30,86,4.3500,1.038434
MTDheight,0.100,30,87,4.4000,1.065200
MTDheight,0.100,30,88,4.4500,1.043679
MTDheight,0.100,30,89,4.5000,0.942057
MTDheight,0.100,30,90,4.5500,0.850311
MTDheight,0.100,30,91,4.6000,0.766220
MTDheight,0.100,30,92,4.6500,0.925817
MTDheight,0.100,30,93,4.7000,0.963300
MTDheight,0.100,30,94,4.7500,0.958162
MTDheight,0.100,30,95,4.8000,1.093184
MTDheight,0.100,30,96,4.8500,1.235185
MTDheight,0.100,30,97,4.9000,1.104741
MTDheight,0.100,30,98,4.9500,1.077193
MTDheight,0.100,30,99,5.0000,1.005263
MTDheight,0.100,30,100,5.0500,0.964611
MTDheight,0.100,30,101,5.1000,0.884227
MTDheight,0.100,30,102,5.1500,0.883465
MTDheight,0.100,30,103,5.2000,0.871848
MTDheight,0.100,30,104,5.2500,0.894376
MTDheight,0.100,30,105,5.3000,0.942520
MTDheight,0.100,30,106,5.3500,0.972820
MTDheight,0.100,30,107,5.4000,1.022885
MTDheight,0.100,30,108,5.4500,1.125400
MTDheight,0.100,30,109,5.5000,1.177569
MTDheight,0.100,30,110,5.5500,1.223732
MTDheight,0.100,30,111,5.6000,1.241966
MTDheight,0.100,30,112,5.6500,1.294189
MTDheight,0.100,30,113,5.7000,1.308424
MTDheight,0.100,30,114,5.7500,1.331194
MTDheight,0.100,30,115,5.8000,1.388746
MTDheight,0.100,30,116,5.8500,1.461540
MTDheight,0.100,30,117,5.9000,1.477438
MTDheight,0.100,30,118,5.9500,1.261832
MTDheight,0.100,30,119,6.0000,0.949945
MTDheight,0.100,30,120,6.0500,0.748547
MTDheight,0.100,30,121,6.1000,0.657634
MTDheight,0.100,30,122,6.1500,0.694665
MTDheight,0.100,30,123,6.2000,0.784878
MTDheight,0.100,30,124,6.2500,0.901582
MTDheight,0.100,30,125,6.3000,1.065760
MTDheight,0.100,30,126,6.3500,1.254861
MTDheight,0.100,30,127,6.4000,1.421800
MTDheight,0.100,30,128,6.4500,1.585245
MTDheight,0.100,30,129,6.5000,1.774571
MTDheight,0.100,30,130,6.5500,1.950168
MTDheight,0.100,30,131,6.6000,2.131538
MTDheight,0.100,30,132,6.6500,2.285042
MTDheight,0.100,30,133,6.7000,2.363837
MTDheight,0.100,30,134,6.7500,2.449905
MTDheight,0.100,30,135,6.8000,2.590639
MTDheight,0.100,30,136,6.8500,2.732381
MTDheight,0.100,30,137,6.9000,2.905117
MTDheight,0.100,30,138,6.9500,3.075130
MTDheight,0.100,30,139,7.0000,3.214414
MTDheight,0.100,30,140,7.0500,3.265906
MTDheight,0.100,30,141,7.1000,3.192796
MTDheight,0.100,30,142,7.1500,3.024642
MTDheight,0.100,30,143,7.2000,2.947902
MTDheight,0.100,30,144,7.2500,2.739031
MTDheight,0.100,30,145,7.3000,2.667812
MTDheight,0.100,30,146,7.3500,2.479088
MTDheight,0.100,30,147,7.4000,2.317920
MTDheight,0.100,30,148,7.4500,2.193984
MTDheight,0.100,30,149,7.5000,2.152530
MTDheight,0.100,30,150,7.5500,2.077202
MTDheight,0.100,30,151,7.6000,1.930372
MTDheight,0.100,30,152,7.6500,1.785809
MTDheight,0.100,30,153,7.7000,1.766064
MTDheight,0.100,30,154,7.7500,1.615404
MTDheight,0.100,30,155,7.8000,1.470763
MTDheight,0.100,30,156,7.8500,1.343900
MTDheight,0.100,30,157,7.9000,1.275818
MTDheight,0.100,30,158,7.9500,1.267462
MTDheight,0.100,30,159,8.0000,1.149832
MTDheight,0.100,30,160,8.0500,1.053675
MTDheight,0.100,30,161,8.1000,1.067978
MTDheight,0.100,30,162,8.1500,1.104953
MTDheight,0.100,30,163,8.2000,1.102824
MTDheight,0.100,30,164,8.2500,1.050895
MTDheight,0.100,30,165,8.3000,0.925830
MTDheight,0.100,30,166,8.3500,0.836841
MTDheight,0.100,30,167,8.4000,0.762173
MTDheight,0.100,30,168,8.4500,0.653494
MTDheight,0.100,30,169,8.5000,0.610709
MTDheight,0.100,30,170,8.5500,0.531550
MTDheight,0.100,30,171,8.6000,0.433685
MTDheight,0.100,30,172,8.6500,0.424467
MTDheight,0.100,30,173,8.7000,0.424406
MTDheight,0.100,30,174,8.7500,0.471693
MTDheight,0.100,30,175,8.8000,0.475781
MTDheight,0.100,30,176,8.8500,0.559769
MTDheight,0.100,30,177,8.9000,0.531264
MTDheight,0.100,30,178,8.9500,0.511883
MTDheight,0.100,30,179,9.0000,0.629355
MTDheight,0.100,30,180,9.0500,0.703651
MTDheight,0.100,30,181,9.1000,0.823058
MTDheight,0.100,30,182,9.1500,0.954369
MTDheight,0.100,30,183,9.2000,1.031839
MTDheight,0.100,30,184,9.2500,0.932028
MTDheight,0.100,30,185,9.3000,0.896255
MTDheight,0.100,30,186,9.3500,0.968680
MTDheight,0.100,30,187,9.4000,0.930122
MTDheight,0.100,30,188,9.4500,1.128225
MTDheight,0.100,30,189,9.5000,1.291991
MTDheight,0.100,30,190,9.5500,1.302087
MTDheight,0.100,30,191,9.6000,1.319190
MTDheight,0.100,30,192,9.6500,1.301618
MTDheight,0.100,30,193,9.7000,1.232704
MTDheight,0.100,30,194,9.7500,1.202290
MTDheight,0.100,30,195,9.8000,1.043313
MTDheight,0.100,30,196,9.8500,0.869702
MTDheight,0.100,30,197,9.9000,0.727083
MTDheight,0.100,30,198,9.9500,0.565225
MTDheight,0.100,30,199,10.0000,0.422715
MTDheight,0.100,40,0,0.0500,14.058594
MTDheight,0.100,40,1,0.1000,13.013978
MTDheight,0.100,40,2,0.1500,12.552475
MTDheight,0.100,40,3,0.2000,11.971654
MTDheight,0.100,40,4,0.2500,11.467356
MTDheight,0.100,40,5,0.3000,10.923648
MTDheight,0.100,40,6,0.3500,10.167614
MTDheight,0.100,40,7,0.4000,9.893246
MTDheight,0.100,40,8,0.4500,9.661610
MTDheight,0.100,40,9,0.5000,9.238903
MTDheight,0.100,40,10,0.5500,8.588868
MTDheight,0.100,40,11,0.6000,8.316381
MTDheight,0.100,40,12,0.6500,8.050521
MTDheight,0.100,40,13,0.7000,7.664559
MTDheight,0.100,40,14,0.7500,7.337210
MTDheight,0.100,40,15,0.8000,7.028820
MTDheight,0.100,40,16,0.8500,6.739425
MTDheight,0.100,40,17,0.9000,6.619830
MTDheight,0.100,40,18,0.9500,6.548513
MTDheight,0.100,40,19,1.0000,6.293125
MTDheight,0.100,40,20,1.0500,6.124488
MTDheight,0.100,40,21,1.1000,5.874594
MTDheight,0.100,40,22,1.1500,5.850595
MTDheight,0.100,40,23,1.2000,5.608910
MTDheight,0.100,40,24,1.2500,5.463630
MTDheight,0.100,40,25,1.3000,5.264528
MTDheight,0.100,40,26,1.3500,4.820589
MTDheight,0.100,40,27,1.4000,4.693979
MTDheight,0.100,40,28,1.4500,4.615042
MTDheight,0.100,40,29,1.5000,4.342169
MTDheight,0.100,40,30,1.5500,4.257956
MTDheight,0.100,40,31,1.6000,3.999514
MTDheight,0.100,40,32,1.6500,3.690494
MTDheight,0.100,40,33,1.7000,3.436292
MTDheight,0.100,40,34,1.7500,3.234416
MTDheight,0.100,40,35,1.8000,3.209543
MTDheight,0.100,40,36,1.8500,3.223130
MTDheight,0.100,40,37,1.9000,3.190089
MTDheight,0.100,40,38,1.9500,3.161782
MTDheight,0.100,40,39,2.0000,2.875179
MTDheight,0.100,40,40,2.0500,2.663702
MTDheight,0.100,40,41,2.1000,2.451347
MTDheight,0.100,40,42,2.1500,2.447020
MTDheight,0.100,40,43,2.2000,2.364820
MTDheight,0.100,40,44,2.2500,2.384031
MTDheight,0.100,40,45,2.3000,2.316527
MTDheight,0.100,40,46,2.3500,2.108500
MTDheight,0.100,40,47,2.4000,2.156875
MTDheight,0.100,40,48,2.4500,2.238475
MTDheight,0.100,40,49,2.5000,2.035412
MTDheight,0.100,40,50,2.5500,1.944780
MTDheight,0.100,40,51,2.6000,1.721694
MTDheight,0.100,40,52,2.6500,1.503589
MTDheight,0.100,40,53,2.7000,1.374659
MTDheight,0.100,40,54,2.7500,1.296267
MTDheight,0.100,40,55,2.8000,1.230317
MTDheight,0.100,40,56,2.8500,1.217859
MTDheight,0.100,40,57,2.9000,1.215977
MTDheight,0.100,40,58,2.9500,1.284668
MTDheight,0.100,40,59,3.0000,1.379862
MTDheight,0.100,40,60,3.0500,1.576880
MTDheight,0.100,40,61,3.1000,1.565538
MTDheight,0.100,40,62,3.1500,1.657127
MTDheight,0.100,40,63,3.2000,1.538548
MTDheight,0.100,40,64,3.2500,1.447834
MTDheight,0.100,40,65,3.3000,1.452410
MTDheight,0.100,40,66,3.3500,1.430492
MTDheight,0.100,40,67,3.4000,1.394866
MTDheight,0.100,40,68,3.4500,1.177252
MTDheight,0.100,40,69,3.5000,0.955923
MTDheight,0.100,40,70,3.5500,0.892094
MTDheight,0.100,40,71,3.6000,0.978175
MTDheight,0.100,40,72,3.6500,1.018719
MTDheight,0.100,40,73,3.7000,1.046738
MTDheight,0.100,40,74,3.7500,1.106839
MTDheight,0.100,40,75,3.8000,1.151646
MTDheight,0.100,40,76,3.8500,1.183681
MTDheight,0.100,40,77,3.9000,1.239756
MTDheight,0.100,40,78,3.9500,1.333269
MTDheight,0.100,40,79,4.0000,1.402882
MTDheight,0.100,40,80,4.0500,1.081522
MTDheight,0.100,40,81,4.1000,0.792444
MTDheight,0.100,40,82,4.1500,0.569444
MTDheight,0.100,40,83,4.2000,0.423344
MTDheight,0.100,40,84,4.2500,0.449962
MTDheight,0.100,40,85,4.3000,0.666793
MTDheight,0.100,40,86,4.3500,0.896326
MTDheight,0.100,40,87,4.4000,1.002476
MTDheight,0.100,40,88,4.4500,1.184632
MTDheight,0.100,40,89,4.5000,1.409395
MTDheight,0.100,40,90,4.5500,1.624340
MTDheight,0.100,40,91,4.6000,1.850698
MTDheight,0.100,40,92,4.6500,2.092031
MTDheight,0.100,40,93,4.7000,2.263211
MTDheight,0.100,40,94,4.7500,2.369414
MTDheight,0.100,40,95,4.8000,2.168676
MTDheight,0.100,40,96,4.8500,2.109491
MTDheight,0.100,40,97,4.9000,1.931330
MTDheight,0.100,40,98,4.9500,1.844952
MTDheight,0.100,40,99,5.0000,1.641147
MTDheight,0.100,40,100,5.0500,1.511526
MTDheight,0.100,40,101,5.1000,1.461094
MTDheight,0.100,40,102,5.1500,1.398963
MTDheight,0.100,40,103,5.2000,1.360871
MTDheight,0.100,40,104,5.2500,1.349033
MTDheight,0.100,40,105,5.3000,1.244164
MTDheight,0.100,40,106,5.3500,1.172199
MTDheight,0.100,40,107,5.4000,1.043598
MTDheight,0.100,40,108,5.4500,0.987264
MTDheight,0.100,40,109,5.5000,0.933517
MTDheight,0.100,40,110,5.5500,0.883966
MTDheight,0.100,40,111,5.6000,0.725814
MTDheight,0.100,40,112,5.6500,0.724755
MTDheight,0.100,40,113,5.7000,0.549826
MTDheight,0.100,40,114,5.7500,0.519340
MTDheight,0.100,40,115,5.8000,0.497311
MTDheight,0.100,40,116,5.8500,0.538017
MTDheight,0.100,40,117,5.9000,0.399428
MTDheight,0.100,40,118,5.9500,0.293983
MTDheight,0.100,40,119,6.0000,0.403239
MTDheight,0.100,40,120,6.0500,0.425955
MTDheight,0.100,40,121,6.1000,0.519646
MTDheight,0.100,40,122,6.1500,0.640395
MTDheight,0.100,40,123,6.2000,0.864326
MTDheight,0.100,40,124,6.2500,0.921729
MTDheight,0.100,40,125,6.3000,0.908788
MTDheight,0.100,40,126,6.3500,0.890586
MTDheight,0.100,40,127,6.4000,0.824158
MTDheight,0.100,40,128,6.4500,0.695843
MTDheight,0.100,40,129,6.5000,0.630261
MTDheight,0.100,40,130,6.5500,0.534457
MTDheight,0.100,40,131,6.6000,0.342387
MTDheight,0.100,40,132,6.6500,0.226108
MTDheight,0.100,40,133,6.7000,0.280987
MTDheight,0.100,40,134,6.7500,0.453670
MTDheight,0.100,40,135,6.8000,0.646675
MTDheight,0.100,40,136,6.8500,0.861778
MTDheight,0.100,40,137,6.9000,1.091850
MTDheight,0.100,40,138,6.9500,1.259802
MTDheight,0.100,40,139,7.0000,1.452372
MTDheight,0.100,40,140,7.0500,1.571953
MTDheight,0.100,40,141,7.1000,1.663087
MTDheight,0.100,40,142,7.1500,1.678538
MTDheight,0.100,40,143,7.2000,1.578902
MTDheight,0.100,40,144,7.2500,1.400860
MTDheight,0.100,40,145,7.3000,1.266329
MTDheight,0.100,40,146,7.3500,1.123584
MTDheight,0.100,40,147,7.4000,1.093405
MTDheight,0.100,40,148,7.4500,1.088460
MTDheight,0.100,40,149,7.5000,1.006515
MTDheight,0.100,40,150,7.5500,0.886483
MTDheight,0.100,40,151,7.6000,0.741046
MTDheight,0.100,40,152,7.6500,0.689583
MTDheight,0.100,40,153,7.7000,0.664485
MTDheight,0.100,40,154,7.7500,0.660770
MTDheight,0.100,40,155,7.8000,0.655808
MTDheight,0.100,40,156,7.8500,0.607446
MTDheight,0.100,40,157,7.9000,0.588057
MTDheight,0.100,40,158,7.9500,0.501858
MTDheight,0.100,40,159,8.0000,0.436296
MTDheight,0.100,40,160,8.0500,0.362746
MTDheight,0.100,40,161,8.1000,0.382009
MTDheight,0.100,40,162,8.1500,0.349365
MTDheight,0.100,40,163,8.2000,0.370323
MTDheight,0.100,40,164,8.2500,0.289679
MTDheight,0.100,40,165,8.3000,0.311266
MTDheight,0.100,40,166,8.3500,0.338030
MTDheight,0.100,40,167,8.4000,0.342104
MTDheight,0.100,40,168,8.4500,0.442451
MTDheight,0.100,40,169,8.5000,0.556541
MTDheight,0.100,40,170,8.5500,0.650231
MTDheight,0.100,40,171,8.6000,0.747999
MTDheight,0.100,40,172,8.6500,0.721089
MTDheight,0.100,40,173,8.7000,0.762323
MTDheight,0.100,40,174,8.7500,0.846548
MTDheight,0.100,40,175,8.8000,0.912014
MTDheight,0.100,40,176,8.8500,0.966387
MTDheight,0.100,40,177,8.9000,1.068403
MTDheight,0.100,40,178,8.9500,1.291568
MTDheight,0.100,40,179,9.0000,1.193589
MTDheight,0.100,40,180,9.0500,1.100346
MTDheight,0.100,40,181,9.1000,0.940025
MTDheight,0.100,40,182,9.1500,0.773485
MTDheight,0.100,40,183,9.2000,0.610222
MTDheight,0.100,40,184,9.2500,0.493159
MTDheight,0.100,40,185,9.3000,0.418843
MTDheight,0.100,40,186,9.3500,0.374415
MTDheight,0.100,40,187,9.4000,0.344985
MTDheight,0.100,40,188,9.4500,0.355928
MTDheight,0.100,40,189,9.5000,0.450821
MTDheight,0.100,40,190,9.5500,0.552201
MTDheight,0.100,40,191,9.6000,0.485317
MTDheight,0.100,40,192,9.6500,0.437917
MTDheight,0.100,40,193,9.7000,0.452951
MTDheight,0.100,40,194,9.7500,0.467540
MTDheight,0.100,40,195,9.8000,0.481593
MTDheight,0.100,40,196,9.8500,0.514811
MTDheight,0.100,40,197,9.9000,0.519071
MTDheight,0.100,40,198,9.9500,0.634603
MTDheight,0.100,40,199,10.0000,0.642913
MTDheight,0.100,50,0,0.0500,14.087349
MTDheight,0.100,50,1,0.1000,13.014428
MTDheight,0.100,50,2,0.1500,12.268359
MTDheight,0.100,50,3,0.2000,11.822219
MTDheight,0.100,50,4,0.2500,11.204636
MTDheight,0.100,50,5,0.3000,10.526684
MTDheight,0.100,50,6,0.3500,10.406845
MTDheight,0.100,50,7,0.4000,10.295956
MTDheight,0.100,50,8,0.4500,9.800870
MTDheight,0.100,50,9,0.5000,9.668101
MTDheight,0.100,50,10,0.5500,8.987385
MTDheight,0.100,50,11,0.6000,8.411540
MTDheight,0.100,50,12,0.6500,8.047273
MTDheight,0.100,50,13,0.7000,7.661961
MTDheight,0.100,50,14,0.7500,7.373118
MTDheight,0.100,50,15,0.8000,7.148247
MTDheight,0.100,50,16,0.8500,6.996421
MTDheight,0.100,50,17,0.9000,6.835585
MTDheight,0.100,50,18,0.9500,6.680724
MTDheight,0.100,50,19,1.0000,6.296484
MTDheight,0.100,50,20,1.0500,5.977891
MTDheight,0.100,50,21,1.1000,5.781404
MTDheight,0.100,50,22,1.1500,5.661540
MTDheight,0.100,50,23,1.2000,5.350995
MTDheight,0.100,50,24,1.2500,5.257168
MTDheight,0.100,50,25,1.3000,5.086796
MTDheight,0.100,50,26,1.3500,5.060403
MTDheight,0.100,50,27,1.4000,4.448147
MTDheight,0.100,50,28,1.4500,4.272500
MTDheight,0.100,50,29,1.5000,4.085077
MTDheight,0.100,50,30,1.5500,4.082764
MTDheight,0.100,50,31,1.6000,3.967501
MTDheight,0.100,50,32,1.6500,3.777023
MTDheight,0.100,50,33,1.7000,3.785636
MTDheight,0.100,50,34,1.7500,3.826161
MTDheight,0.100,50,35,1.8000,3.617384
MTDheight,0.100,50,36,1.8500,3.484843
MTDheight,0.100,50,37,1.9000,3.390954
MTDheight,0.100,50,38,1.9500,3.121348
MTDheight,0.100,50,39,2.0000,3.083810
MTDheight,0.100,50,40,2.0500,2.717932
MTDheight,0.100,50,41,2.1000,2.483032
MTDheight,0.100,50,42,2.1500,2.266600
MTDheight,0.100,50,43,2.2000,2.135192
MTDheight,0.100,50,44,2.2500,2.005989
MTDheight,0.100,50,45,2.3000,1.996594
MTDheight,0.100,50,46,2.3500,1.949920
MTDheight,0.100,50,47,2.4000,1.847304
MTDheight,0.100,50,48,2.4500,1.742635
MTDheight,0.100,50,49,2.5000,1.610833
MTDheight,0.100,50,50,2.5500,1.551430
MTDheight,0.100,50,51,2.6000,1.478911
MTDheight,0.100,50,52,2.6500,1.468591
MTDheight,0.100,50,53,2.7000,1.375084
MTDheight,0.100,50,54,2.7500,1.343743
MTDheight,0.100,50,55,2.8000,1.351192
MTDheight,0.100,50,56,2.8500,1.406901
MTDheight,0.100,50,57,2.9000,1.235168
MTDheight,0.100,50,58,2.9500,1.126662
MTDheight,0.100,50,59,3.0000,1.133879
MTDheight,0.100,50,60,3.0500,1.158012
MTDheight,0.100,50,61,3.1000,1.356865
MTDheight,0.100,50,62,3.1500,1.540452
MTDheight,0.100,50,63,3.2000,1.753177
MTDheight,0.100,50,64,3.2500,1.839744
MTDheight,0.100,50,65,3.3000,1.819491
MTDheight,0.100,50,66,3.3500,1.720984
MTDheight,0.100,50,67,3.4000,1.614758
MTDheight,0.100,50,68,3.4500,1.470272
MTDheight,0.100,50,69,3.5000,1.346849
MTDheight,0.100,50,70,3.5500,1.264296
MTDheight,0.100,50,71,3.6000,1.249628
MTDheight,0.100,50,72,3.6500,1.214400
MTDheight,0.100,50,73,3.7000,1.132797
MTDheight,0.100,50,74,3.7500,1.046125
MTDheight,0.100,50,75,3.8000,1.011306
MTDheight,0.100,50,76,3.8500,0.843124
MTDheight,0.100,50,77,3.9000,0.767558
MTDheight,0.100,50,78,3.9500,0.738656
MTDheight,0.100,50,79,4.0000,0.702363
MTDheight,0.100,50,80,4.0500,0.631415
MTDheight,0.100,50,81,4.1000,0.504471
MTDheight,0.100,50,82,4.1500,0.588587
MTDheight,0.100,50,83,4.2000,0.790440
MTDheight,0.100,50,84,4.2500,1.025255
MTDheight,0.100,50,85,4.3000,1.204140
MTDheight,0.100,50,86,4.3500,1.397391
MTDheight,0.100,50,87,4.4000,1.537222
MTDheight,0.100,50,88,4.4500,1.718745
MTDheight,0.100,50,89,4.5000,1.943690
MTDheight,0.100,50,90,4.5500,2.158657
MTDheight,0.100,50,91,4.6000,2.337862
MTDheight,0.100,50,92,4.6500,2.543940
MTDheight,0.100,50,93,4.7000,2.762401
MTDheight,0.100,50,94,4.7500,2.952850
MTDheight,0.100,50,95,4.8000,3.146170
MTDheight,0.100,50,96,4.8500,3.254510
MTDheight,0.100,50,97,4.9000,3.125526
MTDheight,0.100,50,98,4.9500,3.036709
MTDheight,0.100,50,99,5.0000,2.809644
MTDheight,0.100,50,100,5.0500,2.809466
MTDheight,0.100,50,101,5.1000,2.623024
MTDheight,0.100,50,102,5.1500,2.563813
MTDheight,0.100,50,103,5.2000,2.586787
MTDheight,0.100,50,104,5.2500,2.740891
MTDheight,0.100,50,105,5.3000,2.938158
MTDheight,0.100,50,106,5.3500,3.119647
MTDheight,0.100,50,107,5.4000,3.223278
MTDheight,0.100,50,108,5.4500,3.237373
MTDheight,0.100,50,109,5.5000,3.211505
MTDheight,0.100,50,110,5.5500,3.172619
MTDheight,0.100,50,111,5.6000,3.080381
MTDheight,0.100,50,112,5.6500,2.852745
MTDheight,0.100,50,113,5.7000,2.471471
MTDheight,0.100,50,114,5.7500,2.399325
MTDheight,0.100,50,115,5.8000,2.224949
MTDheight,0.100,50,116,5.8500,2.092775
MTDheight,0.100,50,117,5.9000,2.000022
MTDheight,0.100,50,118,5.9500,1.838045
MTDheight,0.100,50,119,6.0000,1.775234
MTDheight,0.100,50,120,6.0500,1.590577
MTDheight,0.100,50,121,6.1000,1.607715
MTDheight,0.100,50,122,6.1500,1.665476
MTDheight,0.100,50,123,6.2000,1.554989
MTDheight,0.100,50,124,6.2500,1.516375
MTDheight,0.100,50,125,6.3000,1.377095
MTDheight,0.100,50,126,6.3500,1.285912
MTDheight,0.100,50,127,6.4000,1.117634
MTDheight,0.100,50,128,6.4500,0.941814
MTDheight,0.100,50,129,6.5000,0.890798
MTDheight,0.100,50,130,6.5500,0.779399
MTDheight,0.100,50,131,6.6000,0.728818
MTDheight,0.100,50,132,6.6500,0.736751
MTDheight,0.100,50,133,6.7000,0.814123
MTDheight,0.100,50,134,6.7500,0.958178
MTDheight,0.100,50,135,6.8000,0.901143
MTDheight,0.100,50,136,6.8500,0.756620
MTDheight,0.100,50,137,6.9000,0.841804
MTDheight,0.100,50,138,6.9500,1.011584
MTDheight,0.100,50,139,7.0000,1.166354
MTDheight,0.100,50,140,7.0500,1.310052
MTDheight,0.100,50,141,7.1000,1.458148
MTDheight,0.100,50,142,7.1500,1.631835
MTDheight,0.100,50,143,7.2000,1.778905
MTDheight,0.100,50,144,7.2500,1.871232
MTDheight,0.100,50,145,7.3000,1.866605
MTDheight,0.100,50,146,7.3500,1.631818
MTDheight,0.100,50,147,7.4000,1.573253
MTDheight,0.100,50,148,7.4500,1.445511
MTDheight,0.100,50,149,7.5000,1.356019
MTDheight,0.100,50,150,7.5500,1.354615
MTDheight,0.100,50,151,7.6000,1.230017
MTDheight,0.100,50,152,7.6500,1.139808
MTDheight,0.100,50,153,7.7000,1.020938
MTDheight,0.100,50,154,7.7500,0.907360
MTDheight,0.100,50,155,7.8000,1.036007
MTDheight,0.100,50,156,7.8500,1.143190
MTDheight,0.100,50,157,7.9000,1.093674
MTDheight,0.100,50,158,7.9500,0.966739
MTDheight,0.100,50,159,8.0000,0.843659
MTDheight,0.100,50,160,8.0500,0.707204
MTDheight,0.100,50,161,8.1000,0.594087
MTDheight,0.100,50,162,8.1500,0.533846
MTDheight,0.100,50,163,8.2000,0.504312
MTDheight,0.100,50,164,8.2500,0.474155
MTDheight,0.100,50,165,8.3000,0.487841
MTDheight,0.100,50,166,8.3500,0.389747
MTDheight,0.100,50,167,8.4000,0.385379
MTDheight,0.100,50,168,8.4500,0.403969
MTDheight,0.100,50,169,8.5000,0.441917
MTDheight,0.100,50,170,8.5500,0.506000
MTDheight,0.100,50,171,8.6000,0.554665
MTDheight,0.100,50,172,8.6500,0.516732
MTDheight,0.100,50,173,8.7000,0.522126
MTDheight,0.100,50,174,8.7500,0.575233
MTDheight,0.100,50,175,8.8000,0.581553
MTDheight,0.100,50,176,8.8500,0.613753
MTDheight,0.100,50,177,8.9000,0.657923
MTDheight,0.100,50,178,8.9500,0.722835
MTDheight,0.100,50,179,9.0000,0.743663
MTDheight,0.100,50,180,9.0500,0.799576
MTDheight,0.100,50,181,9.1000,0.837682
MTDheight,0.100,50,182,9.1500,0.884815
MTDheight,0.100,50,183,9.2000,0.912730
MTDheight,0.100,50,184,9.2500,0.886890
MTDheight,0.100,50,185,9.3000,0.737870
MTDheight,0.100,50,186,9.3500,0.659599
MTDheight,0.100,50,187,9.4000,0.636078
MTDheight,0.100,50,188,9.4500,0.673089
MTDheight,0.100,50,189,9.5000,0.759306
MTDheight,0.100,50,190,9.5500,0.871175
MTDheight,0.100,50,191,9.6000,1.010273
MTDheight,0.100,50,192,9.6500,1.169571
MTDheight,0.100,50,193,9.7000,1.279014
MTDheight,0.100,50,194,9.7500,1.404036
MTDheight,0.100,50,195,9.8000,1.485733
MTDheight,0.100,50,196,9.8500,1.480473
MTDheight,0.100,50,197,9.9000,1.550726
MTDheight,0.100,50,198,9.9500,1.492841
MTDheight,0.100,50,199,10.0000,1.330363
MTDheight,0.200,10,0,0.0500,12.787249
MTDheight,0.200,10,1,0.1000,11.717353
MTDheight,0.200,10,2,0.1500,10.716858
MTDheight,0.200,10,3,0.2000,10.086628
MTDheight,0.200,10,4,0.2500,9.046598
MTDheight,0.200,10,5,0.3000,8.370093
MTDheight,0.200,10,6,0.3500,7.776640
MTDheight,0.200,10,7,0.4000,7.165535
MTDheight,0.200,10,8,0.4500,6.705518
MTDheight,0.200,10,9,0.5000,6.238599
MTDheight,0.200,10,10,0.5500,5.414017
MTDheight,0.200,10,11,0.6000,5.026625
MTDheight,0.200,10,12,0.6500,4.856254
MTDheight,0.200,10,13,0.7000,4.520449
MTDheight,0.200,10,14,0.7500,4.260240
MTDheight,0.200,10,15,0.8000,4.021580
MTDheight,0.200,10,16,0.8500,3.547723
MTDheight,0.200,10,17,0.9000,3.197931
MTDheight,0.200,10,18,0.9500,2.970856
MTDheight,0.200,10,19,1.0000,2.845232
MTDheight,0.200,10,20,1.0500,2.508982
MTDheight,0.200,10,21,1.1000,2.284487
MTDheight,0.200,10,22,1.1500,2.195656
MTDheight,0.200,10,23,1.2000,1.857710
MTDheight,0.200,10,24,1.2500,1.732350
MTDheight,0.200,10,25,1.3000,1.663385
MTDheight,0.200,10,26,1.3500,1.725860
MTDheight,0.200,10,27,1.4000,1.433224
MTDheight,0.200,10,28,1.4500,1.230423
MTDheight,0.200,10,29,1.5000,1.227747
MTDheight,0.200,10,30,1.5500,1.217771
MTDheight,0.200,10,31,1.6000,1.268791
MTDheight,0.200,10,32,1.6500,1.087457
MTDheight,0.200,10,33,1.7000,1.083317
MTDheight,0.200,10,34,1.7500,1.206681
MTDheight,0.200,10,35,1.8000,1.598836
MTDheight,0.200,10,36,1.8500,2.010868
MTDheight,0.200,10,37,1.9000,2.430729
MTDheight,0.200,10,38,1.9500,2.614785
MTDheight,0.200,10,39,2.0000,2.271113
MTDheight,0.200,10,40,2.0500,1.516543
MTDheight,0.200,10,41,2.1000,1.442457
MTDheight,0.200,10,42,2.1500,1.168529
MTDheight,0.200,10,43,2.2000,1.155071
MTDheight,0.200,10,44,2.2500,0.965934
MTDheight,0.200,10,45,2.3000,0.916530
MTDheight,0.200,10,46,2.3500,0.386676
MTDheight,0.200,10,47,2.4000,0.439026
MTDheight,0.200,10,48,2.4500,0.375677
MTDheight,0.200,10,49,2.5000,0.464726
MTDheight,0.200,10,50,2.5500,0.772317
MTDheight,0.200,10,51,2.6000,0.836431
MTDheight,0.200,10,52,2.6500,0.797092
MTDheight,0.200,10,53,2.7000,0.906998
MTDheight,0.200,10,54,2.7500,1.043852
MTDheight,0.200,10,55,2.8000,1.277503
MTDheight,0.200,10,56,2.8500,1.757046
MTDheight,0.200,10,57,2.9000,1.830086
MTDheight,0.200,10,58,2.9500,1.806937
MTDheight,0.200,10,59,3.0000,1.485595
MTDheight,0.200,10,60,3.0500,1.008964
MTDheight,0.200,10,61,3.1000,0.693251
MTDheight,0.200,10,62,3.1500,0.585814
MTDheight,0.200,10,63,3.2000,0.611769
MTDheight,0.200,10,64,3.2500,0.948196
MTDheight,0.200,10,65,3.3000,1.082589
MTDheight,0.200,10,66,3.3500,0.868455
MTDheight,0.200,10,67,3.4000,0.679902
MTDheight,0.200,10,68,3.4500,0.584872
MTDheight,0.200,10,69,3.5000,0.433958
MTDheight,0.200,10,70,3.5500,0.428825
MTDheight,0.200,10,71,3.6000,0.392996
MTDheight,0.200,10,72,3.6500,0.402869
MTDheight,0.200,10,73,3.7000,0.517286
MTDheight,0.200,10,74,3.7500,0.655596
MTDheight,0.200,10,75,3.8000,0.798220
MTDheight,0.200,10,76,3.8500,0.926672
MTDheight,0.200,10,77,3.9000,1.074547
MTDheight,0.200,10,78,3.9500,1.499850
MTDheight,0.200,10,79,4.0000,1.850690
MTDheight,0.200,10,80,4.0500,1.715995
MTDheight,0.200,10,81,4.1000,1.841042
MTDheight,0.200,10,82,4.1500,1.902163
MTDheight,0.200,10,83,4.2000,1.945574
MTDheight,0.200,10,84,4.2500,1.885532
MTDheight,0.200,10,85,4.3000,1.825109
MTDheight,0.200,10,86,4.3500,1.600748
MTDheight,0.200,10,87,4.4000,1.222827
MTDheight,0.200,10,88,4.4500,0.868354
MTDheight,0.200,10,89,4.5000,0.568947
MTDheight,0.200,10,90,4.5500,0.410208
MTDheight,0.200,10,91,4.6000,0.399921
MTDheight,0.200,10,92,4.6500,0.620138
MTDheight,0.200,10,93,4.7000,0.785956
MTDheight,0.200,10,94,4.7500,0.936897
MTDheight,0.200,10,95,4.8000,0.719645
MTDheight,0.200,10,96,4.8500,0.700415
MTDheight,0.200,10,97,4.9000,0.774971
MTDheight,0.200,10,98,4.9500,0.622950
MTDheight,0.200,10,99,5.0000,0.451541
MTDheight,0.200,10,100,5.0500,0.363181
MTDheight,0.200,10,101,5.1000,0.397573
MTDheight,0.200,10,102,5.1500,0.435672
MTDheight,0.200,10,103,5.2000,0.656245
MTDheight,0.200,10,104,5.2500,0.683465
MTDheight,0.200,10,105,5.3000,0.643835
MTDheight,0.200,10,106,5.3500,0.471315
MTDheight,0.200,10,107,5.4000,0.345730
MTDheight,0.200,10,108,5.4500,0.539647
MTDheight,0.200,10,109,5.5000,0.713173
MTDheight,0.200,10,110,5.5500,0.963211
MTDheight,0.200,10,111,5.6000,1.145877
MTDheight,0.200,10,112,5.6500,1.136760
MTDheight,0.200,10,113,5.7000,0.809623
MTDheight,0.200,10,114,5.7500,0.655228
MTDheight,0.200,10,115,5.8000,0.589040
MTDheight,0.200,10,116,5.8500,0.493892
MTDheight,0.200,10,117,5.9000,0.391474
MTDheight,0.200,10,118,5.9500,0.484918
MTDheight,0.200,10,119,6.0000,0.690106
MTDheight,0.200,10,120,6.0500,0.840764
MTDheight,0.200,10,121,6.1000,0.780887
MTDheight,0.200,10,122,6.1500,0.687566
MTDheight,0.200,10,123,6.2000,0.714899
MTDheight,0.200,10,124,6.2500,0.702269
MTDheight,0.200,10,125,6.3000,0.808222
MTDheight,0.200,10,126,6.3500,0.649411
MTDheight,0.200,10,127,6.4000,0.488313
MTDheight,0.200,10,128,6.4500,0.527921
MTDheight,0.200,10,129,6.5000,0.579960
MTDheight,0.200,10,130,6.5500,0.733433
MTDheight,0.200,10,131,6.6000,0.939944
MTDheight,0.200,10,132,6.6500,1.156416
MTDheight,0.200,10,133,6.7000,1.421583
MTDheight,0.200,10,134,6.7500,1.612706
MTDheight,0.200,10,135,6.8000,1.815282
MTDheight,0.200,10,136,6.8500,2.007207
MTDheight,0.200,10,137,6.9000,2.144961
MTDheight,0.200,10,138,6.9500,1.988701
MTDheight,0.200,10,139,7.0000,1.752549
MTDheight,0.200,10,140,7.0500,1.619251
MTDheight,0.200,10,141,7.1000,1.568179
MTDheight,0.200,10,142,7.1500,1.413381
MTDheight,0.200,10,143,7.2000,1.326644
MTDheight,0.200,10,144,7.2500,1.344002
MTDheight,0.200,10,145,7.3000,1.126511
MTDheight,0.200,10,146,7.3500,0.959997
MTDheight,0.200,10,147,7.4000,0.834604
MTDheight,0.200,10,148,7.4500,0.748302
MTDheight,0.200,10,149,7.5000,0.782980
MTDheight,0.200,10,150,7.5500,0.748650
MTDheight,0.200,10,151,7.6000,0.762743
MTDheight,0.200,10,152,7.6500,0.658873
MTDheight,0.200,10,153,7.7000,0.757201
MTDheight,0.200,10,154,7.7500,0.581423
MTDheight,0.200,10,155,7.8000,0.559720
MTDheight,0.200,10,156,7.8500,0.479070
MTDheight,0.200,10,157,7.9000,0.418249
MTDheight,0.200,10,158,7.9500,0.469329
MTDheight,0.200,10,159,8.0000,0.559268
MTDheight,0.200,10,160,8.0500,0.603305
MTDheight,0.200,10,161,8.1000,0.722913
MTDheight,0.200,10,162,8.1500,0.910936
MTDheight,0.200,10,163,8.2000,1.094222
MTDheight,0.200,10,164,8.2500,1.401192
MTDheight,0.200,10,165,8.3000,1.381633
MTDheight,0.200,10,166,8.3500,1.191799
MTDheight,0.200,10,167,8.4000,0.995445
MTDheight,0.200,10,168,8.4500,0.793557
MTDheight,0.200,10,169,8.5000,0.661273
MTDheight,0.200,10,170,8.5500,0.623021
MTDheight,0.200,10,171,8.6000,0.615007
MTDheight,0.200,10,172,8.6500,0.699023
MTDheight,0.200,10,173,8.7000,0.784695
MTDheight,0.200,10,174,8.7500,0.794965
MTDheight,0.200,10,175,8.8000,1.011921
MTDheight,0.200,10,176,8.8500,1.110208
MTDheight,0.200,10,177,8.9000,1.203027
MTDheight,0.200,10,178,8.9500,1.346570
MTDheight,0.200,10,179,9.0000,1.431564
MTDheight,0.200,10,180,9.0500,1.596716
MTDheight,0.200,10,181,9.1000,1.771244
MTDheight,0.200,10,182,9.1500,1.754831
MTDheight,0.200,10,183,9.2000,1.692994
MTDheight,0.200,10,184,9.2500,1.677259
MTDheight,0.200,10,185,9.3000,1.572366
MTDheight,0.200,10,186,9.3500,1.473331
MTDheight,0.200,10,187,9.4000,1.441665
MTDheight,0.200,10,188,9.4500,1.307009
MTDheight,0.200,10,189,9.5000,1.231885
MTDheight,0.200,10,190,9.5500,1.229480
MTDheight,0.200,10,191,9.6000,1.184468
MTDheight,0.200,10,192,9.6500,1.095060
MTDheight,0.200,10,193,9.7000,0.938510
MTDheight,0.200,10,194,9.7500,0.849198
MTDheight,0.200,10,195,9.8000,0.761237
MTDheight,0.200,10,196,9.8500,0.749020
MTDheight,0.200,10,197,9.9000,0.804280
MTDheight,0.200,10,198,9.9500,0.768628
MTDheight,0.200,10,199,10.0000,0.709852
MTDheight,0.200,20,0,0.0500,12.785093
MTDheight,0.200,20,1,0.1000,11.410457
MTDheight,0.200,20,2,0.1500,10.660881
MTDheight,0.200,20,3,0.2000,9.640026
MTDheight,0.200,20,4,0.2500,8.729022
MTDheight,0.200,20,5,0.3000,8.130287
MTDheight,0.200,20,6,0.3500,8.111457
MTDheight,0.200,20,7,0.4000,7.367961
MTDheight,0.200,20,8,0.4500,6.911396
MTDheight,0.200,20,9,0.5000,5.740141
MTDheight,0.200,20,10,0.5500,5.416802
MTDheight,0.200,20,11,0.6000,4.955606
MTDheight,0.200,20,12,0.6500,4.764657
MTDheight,0.200,20,13,0.7000,4.766953
MTDheight,0.200,20,14,0.7500,4.633015
MTDheight,0.200,20,15,0.8000,4.312284
MTDheight,0.200,20,16,0.8500,3.994884
MTDheight,0.200,20,17,0.9000,3.044098
MTDheight,0.200,20,18,0.9500,2.762745
MTDheight,0.200,20,19,1.0000,2.808030
MTDheight,0.200,20,20,1.0500,2.678730
MTDheight,0.200,20,21,1.1000,2.316337
MTDheight,0.200,20,22,1.1500,2.160605
MTDheight,0.200,20,23,1.2000,2.094539
MTDheight,0.200,20,24,1.2500,1.615972
MTDheight,0.200,20,25,1.3000,1.508262
MTDheight,0.200,20,26,1.3500,1.401822
MTDheight,0.200,20,27,1.4000,1.351995
MTDheight,0.200,20,28,1.4500,1.302006
MTDheight,0.200,20,29,1.5000,1.200128
MTDheight,0.200,20,30,1.5500,1.174634
MTDheight,0.200,20,31,1.6000,1.135895
MTDheight,0.200,20,32,1.6500,1.285259
MTDheight,0.200,20,33,1.7000,1.325356
MTDheight,0.200,20,34,1.7500,1.365486
MTDheight,0.200,20,35,1.8000,1.460027
MTDheight,0.200,20,36,1.8500,1.855012
MTDheight,0.200,20,37,1.9000,2.297362
MTDheight,0.200,20,38,1.9500,2.588230
MTDheight,0.200,20,39,2.0000,2.309525
MTDheight,0.200,20,40,2.0500,1.725962
MTDheight,0.200,20,41,2.1000,1.362806
MTDheight,0.200,20,42,2.1500,0.863950
MTDheight,0.200,20,43,2.2000,0.579820
MTDheight,0.200,20,44,2.2500,0.740217
MTDheight,0.200,20,45,2.3000,0.703621
MTDheight,0.200,20,46,2.3500,0.570603
MTDheight,0.200,20,47,2.4000,0.606215
MTDheight,0.200,20,48,2.4500,0.580368
MTDheight,0.200,20,49,2.5000,0.390454
MTDheight,0.200,20,50,2.5500,0.398330
MTDheight,0.200,20,51,2.6000,0.559146
MTDheight,0.200,20,52,2.6500,0.877966
MTDheight,0.200,20,53,2.7000,1.181522
MTDheight,0.200,20,54,2.7500,1.386847
MTDheight,0.200,20,55,2.8000,1.376428
MTDheight,0.200,20,56,2.8500,1.162587
MTDheight,0.200,20,57,2.9000,0.866736
MTDheight,0.200,20,58,2.9500,0.451161
MTDheight,0.200,20,59,3.0000,0.487274
MTDheight,0.200,20,60,3.0500,0.883443
MTDheight,0.200,20,61,3.1000,1.134013
MTDheight,0.200,20,62,3.1500,1.376006
MTDheight,0.200,20,63,3.2000,1.643579
MTDheight,0.200,20,64,3.2500,1.977163
MTDheight,0.200,20,65,3.3000,2.287096
MTDheight,0.200,20,66,3.3500,2.372513
MTDheight,0.200,20,67,3.4000,2.567085
MTDheight,0.200,20,68,3.4500,2.894062
MTDheight,0.200,20,69,3.5000,3.211541
MTDheight,0.200,20,70,3.5500,3.537300
MTDheight,0.200,20,71,3.6000,3.841443
MTDheight,0.200,20,72,3.6500,4.099424
MTDheight,0.200,20,73,3.7000,4.347214
MTDheight,0.200,20,74,3.7500,4.544770
MTDheight,0.200,20,75,3.8000,4.809615
MTDheight,0.200,20,76,3.8500,4.931623
MTDheight,0.200,20,77,3.9000,4.822525
MTDheight,0.200,20,78,3.9500,4.695640
MTDheight,0.200,20,79,4.0000,4.336124
MTDheight,0.200,20,80,4.0500,4.064060
MTDheight,0.200,20,81,4.1000,3.869825
MTDheight,0.200,20,82,4.1500,3.689272
MTDheight,0.200,20,83,4.2000,3.213087
MTDheight,0.200,20,84,4.2500,3.163037
MTDheight,0.200,20,85,4.3000,3.150261
MTDheight,0.200,20,86,4.3500,3.027168
MTDheight,0.200,20,87,4.4000,2.927748
MTDheight,0.200,20,88,4.4500,2.894453
MTDheight,0.200,20,89,4.5000,2.411194
MTDheight,0.200,20,90,4.5500,2.264053
MTDheight,0.200,20,91,4.6000,1.991727
MTDheight,0.200,20,92,4.6500,1.970297
MTDheight,0.200,20,93,4.7000,2.017441
MTDheight,0.200,20,94,4.7500,1.875516
MTDheight,0.200,20,95,4.8000,1.700213
MTDheight,0.200,20,96,4.8500,1.588967
MTDheight,0.200,20,97,4.9000,1.270501
MTDheight,0.200,20,98,4.9500,1.191925
MTDheight,0.200,20,99,5.0000,1.076971
MTDheight,0.200,20,100,5.0500,0.947474
MTDheight,0.200,20,101,5.1000,0.861856
MTDheight,0.200,20,102,5.1500,0.683829
MTDheight,0.200,20,103,5.2000,0.625377
MTDheight,0.200,20,104,5.2500,0.571944
MTDheight,0.200,20,105,5.3000,0.346801
MTDheight,0.200,20,106,5.3500,0.308249
MTDheight,0.200,20,107,5.4000,0.345977
MTDheight,0.200,20,108,5.4500,0.312329
MTDheight,0.200,20,109,5.5000,0.505169
MTDheight,0.200,20,110,5.5500,0.795436
MTDheight,0.200,20,111,5.6000,0.711969
MTDheight,0.200,20,112,5.6500,0.674416
MTDheight,0.200,20,113,5.7000,0.677996
MTDheight,0.200,20,114,5.7500,0.719325
MTDheight,0.200,20,115,5.8000,0.831176
MTDheight,0.200,20,116,5.8500,0.995634
MTDheight,0.200,20,117,5.9000,1.275198
MTDheight,0.200,20,118,5.9500,1.334774
MTDheight,0.200,20,119,6.0000,1.129206
MTDheight,0.200,20,120,6.0500,0.929178
MTDheight,0.200,20,121,6.1000,0.636986
MTDheight,0.200,20,122,6.1500,0.400410
MTDheight,0.200,20,123,6.2000,0.298727
MTDheight,0.200,20,124,6.2500,0.415639
MTDheight,0.200,20,125,6.3000,0.660643
MTDheight,0.200,20,126,6.3500,0.904812
MTDheight,0.200,20,127,6.4000,1.126325
MTDheight,0.200,20,128,6.4500,1.423867
MTDheight,0.200,20,129,6.5000,1.572515
MTDheight,0.200,20,130,6.5500,1.389730
MTDheight,0.200,20,131,6.6000,1.368286
MTDheight,0.200,20,132,6.6500,1.387833
MTDheight,0.200,20,133,6.7000,1.242890
MTDheight,0.200,20,134,6.7500,1.157016
MTDheight,0.200,20,135,6.8000,0.974254
MTDheight,0.200,20,136,6.8500,0.928707
MTDheight,0.200,20,137,6.9000,0.849181
MTDheight,0.200,20,138,6.9500,0.828620
MTDheight,0.200,20,139,7.0000,0.917181
MTDheight,0.200,20,140,7.0500,1.085939
MTDheight,0.200,20,141,7.1000,1.287528
MTDheight,0.200,20,142,7.1500,1.491163
MTDheight,0.200,20,143,7.2000,1.679330
MTDheight,0.200,20,144,7.2500,1.894656
MTDheight,0.200,20,145,7.3000,1.974487
MTDheight,0.200,20,146,7.3500,1.769238
MTDheight,0.200,20,147,7.4000,1.705605
MTDheight,0.200,20,148,7.4500,1.649750
MTDheight,0.200,20,149,7.5000,1.415233
MTDheight,0.200,20,150,7.5500,1.308382
MTDheight,0.200,20,151,7.6000,1.244178
MTDheight,0.200,20,152,7.6500,1.245388
MTDheight,0.200,20,153,7.7000,1.268396
MTDheight,0.200,20,154,7.7500,1.002846
MTDheight,0.200,20,155,7.8000,0.884436
MTDheight,0.200,20,156,7.8500,0.752881
MTDheight,0.200,20,157,7.9000,0.576481
MTDheight,0.200,20,158,7.9500,0.506638
MTDheight,0.200,20,159,8.0000,0.456027
MTDheight,0.200,20,160,8.0500,0.566978
MTDheight,0.200,20,161,8.1000,0.600320
MTDheight,0.200,20,162,8.1500,0.395856
MTDheight,0.200,20,163,8.2000,0.324601
MTDheight,0.200,20,164,8.2500,0.347986
MTDheight,0.200,20,165,8.3000,0.456726
MTDheight,0.200,20,166,8.3500,0.576164
MTDheight,0.200,20,167,8.4000,0.509203
MTDheight,0.200,20,168,8.4500,0.432142
MTDheight,0.200,20,169,8.5000,0.459131
MTDheight,0.200,20,170,8.5500,0.507374
MTDheight,0.200,20,171,8.6000,0.556527
MTDheight,0.200,20,172,8.6500,0.594071
MTDheight,0.200,20,173,8.7000,0.687446
MTDheight,0.200,20,174,8.7500,0.736068
MTDheight,0.200,20,175,8.8000,0.799729
MTDheight,0.200,20,176,8.8500,0.878412
MTDheight,0.200,20,177,8.9000,1.009174
MTDheight,0.200,20,178,8.9500,1.123589
MTDheight,0.200,20,179,9.0000,1.242784
MTDheight,0.200,20,180,9.0500,1.309795
MTDheight,0.200,20,181,9.1000,1.283875
MTDheight,0.200,20,182,9.1500,1.324200
MTDheight,0.200,20,183,9.2000,1.425527
MTDheight,0.200,20,184,9.2500,1.401277
MTDheight,0.200,20,185,9.3000,1.202283
MTDheight,0.200,20,186,9.3500,0.996954
MTDheight,0.200,20,187,9.4000,0.828101
MTDheight,0.200,20,188,9.4500,0.571070
MTDheight,0.200,20,189,9.5000,0.423404
MTDheight,0.200,20,190,9.5500,0.383410
MTDheight,0.200,20,191,9.6000,0.425313
MTDheight,0.200,20,192,9.6500,0.555472
MTDheight,0.200,20,193,9.7000,0.547599
MTDheight,0.200,20,194,9.7500,0.681254
MTDheight,0.200,20,195,9.8000,0.867026
MTDheight,0.200,20,196,9.8500,0.992729
MTDheight,0.200,20,197,9.9000,1.154286
MTDheight,0.200,20,198,9.9500,1.206119
MTDheight,0.200,20,199,10.0000,1.050825
MTDheight,0.200,30,0,0.0500,13.102126
MTDheight,0.200,30,1,0.1000,11.731446
MTDheight,0.200,30,2,0.1500,10.406373
MTDheight,0.200,30,3,0.2000,9.804984
MTDheight,0.200,30,4,0.2500,9.153919
MTDheight,0.200,30,5,0.3000,8.261425
MTDheight,0.200,30,6,0.3500,7.603274
MTDheight,0.200,30,7,0.4000,7.082697
MTDheight,0.200,30,8,0.4500,6.564183
MTDheight,0.200,30,9,0.5000,6.273107
MTDheight,0.200,30,10,0.5500,6.016318
MTDheight,0.200,30,11,0.6000,5.704586
MTDheight,0.200,30,12,0.6500,5.141519
MTDheight,0.200,30,13,0.7000,4.695826
MTDheight,0.200,30,14,0.7500,4.289332
MTDheight,0.200,30,15,0.8000,3.877966
MTDheight,0.200,30,16,0.8500,3.618180
MTDheight,0.200,30,17,0.9000,3.600640
MTDheight,0.200,30,18,0.9500,3.307191
MTDheight,0.200,30,19,1.0000,2.827460
MTDheight,0.200,30,20,1.0500,2.588073
MTDheight,0.200,30,21,1.1000,2.250721
MTDheight,0.200,30,22,1.1500,2.102479
MTDheight,0.200,30,23,1.2000,2.132746
MTDheight,0.200,30,24,1.2500,2.231517
MTDheight,0.200,30,25,1.3000,1.957321
MTDheight,0.200,30,26,1.3500,1.574482
MTDheight,0.200,30,27,1.4000,1.598911
MTDheight,0.200,30,28,1.4500,1.252045
MTDheight,0.200,30,29,1.5000,1.202235
MTDheight,0.200,30,30,1.5500,1.386880
MTDheight,0.200,30,31,1.6000,1.301692
MTDheight,0.200,30,32,1.6500,1.514056
MTDheight,0.200,30,33,1.7000,1.738181
MTDheight,0.200,30,34,1.7500,1.597812
MTDheight,0.200,30,35,1.8000,1.114612
MTDheight,0.200,30,36,1.8500,0.721768
MTDheight,0.200,30,37,1.9000,0.842746
MTDheight,0.200,30,38,1.9500,0.786679
MTDheight,0.200,30,39,2.0000,0.763299
MTDheight,0.200,30,40,2.0500,0.782824
MTDheight,0.200,30,41,2.1000,0.948970
MTDheight,0.200,30,42,2.1500,1.055069
MTDheight,0.200,30,43,2.2000,1.113995
MTDheight,0.200,30,44,2.2500,1.381156
MTDheight,0.200,30,45,2.3000,1.577314
MTDheight,0.200,30,46,2.3500,1.878047
MTDheight,0.200,30,47,2.4000,1.849867
MTDheight,0.200,30,48,2.4500,1.893114
MTDheight,0.200,30,49,2.5000,1.963032
MTDheight,0.200,30,50,2.5500,2.097795
MTDheight,0.200,30,51,2.6000,2.183141
MTDheight,0.200,30,52,2.6500,2.540153
MTDheight,0.200,30,53,2.7000,2.951672
MTDheight,0.200,30,54,2.7500,3.281969
MTDheight,0.200,30,55,2.8000,3.394177
MTDheight,0.200,30,56,2.8500,3.009805
MTDheight,0.200,30,57,2.9000,2.438060
MTDheight,0.200,30,58,2.9500,1.918186
MTDheight,0.200,30,59,3.0000,1.452981
MTDheight,0.200,30,60,3.0500,1.126161
MTDheight,0.200,30,61,3.1000,0.757769
MTDheight,0.200,30,62,3.1500,0.641014
MTDheight,0.200,30,63,3.2000,0.666184
MTDheight,0.200,30,64,3.2500,0.898322
MTDheight,0.200,30,65,3.3000,1.039874
MTDheight,0.200,30,66,3.3500,1.370677
MTDheight,0.200,30,67,3.4000,1.743840
MTDheight,0.200,30,68,3.4500,1.782018
MTDheight,0.200,30,69,3.5000,1.803541
MTDheight,0.200,30,70,3.5500,1.520401
MTDheight,0.200,30,71,3.6000,1.472828
MTDheight,0.200,30,72,3.6500,1.226975
MTDheight,0.200,30,73,3.7000,1.175449
MTDheight,0.200,30,74,3.7500,1.133222
MTDheight,0.200,30,75,3.8000,0.867868
MTDheight,0.200,30,76,3.8500,0.771631
MTDheight,0.200,30,77,3.9000,0.613860
MTDheight,0.200,30,78,3.9500,0.464539
MTDheight,0.200,30,79,4.0000,0.543251
MTDheight,0.200,30,80,4.0500,0.759089
MTDheight,0.200,30,81,4.1000,0.500783
MTDheight,0.200,30,82,4.1500,0.506986
MTDheight,0.200,30,83,4.2000,0.517050
MTDheight,0.200,30,84,4.2500,0.652473
MTDheight,0.200,30,85,4.3000,0.753103
MTDheight,0.200,30,86,4.3500,0.989101
MTDheight,0.200,30,87,4.4000,1.032609
MTDheight,0.200,30,88,4.4500,1.395081
MTDheight,0.200,30,89,4.5000,1.298367
MTDheight,0.200,30,90,4.5500,1.245848
MTDheight,0.200,30,91,4.6000,0.948865
MTDheight,0.200,30,92,4.6500,0.631881
MTDheight,0.200,30,93,4.7000,0.550429
MTDheight,0.200,30,94,4.7500,0.464706
MTDheight,0.200,30,95,4.8000,0.667578
MTDheight,0.200,30,96,4.8500,0.613686
MTDheight,0.200,30,97,4.9000,0.552771
MTDheight,0.200,30,98,4.9500,0.566542
MTDheight,0.200,30,99,5.0000,0.565135
MTDheight,0.200,30,100,5.0500,0.595312
MTDheight,0.200,30,101,5.1000,0.630348
MTDheight,0.200,30,102,5.1500,0.616956
MTDheight,0.200,30,103,5.2000,0.701327
MTDheight,0.200,30,104,5.2500,0.913832
MTDheight,0.200,30,105,5.3000,0.888476
MTDheight,0.200,30,106,5.3500,0.837021
MTDheight,0.200,30,107,5.4000,0.567006
MTDheight,0.200,30,108,5.4500,0.473930
MTDheight,0.200,30,109,5.5000,0.562922
MTDheight,0.200,30,110,5.5500,0.799612
MTDheight,0.200,30,111,5.6000,0.997823
MTDheight,0.200,30,112,5.6500,1.242347
MTDheight,0.200,30,113,5.7000,1.526775
MTDheight,0.200,30,114,5.7500,1.637201
MTDheight,0.200,30,115,5.8000,1.301976
MTDheight,0.200,30,116,5.8500,1.105230
MTDheight,0.200,30,117,5.9000,0.962434
MTDheight,0.200,30,118,5.9500,0.825917
MTDheight,0.200,30,119,6.0000,0.834500
MTDheight,0.200,30,120,6.0500,0.623894
MTDheight,0.200,30,121,6.1000,0.523083
MTDheight,0.200,30,122,6.1500,0.433505
MTDheight,0.200,30,123,6.2000,0.373361
MTDheight,0.200,30,124,6.2500,0.315055
MTDheight,0.200,30,125,6.3000,0.398375
MTDheight,0.200,30,126,6.3500,0.401047
MTDheight,0.200,30,127,6.4000,0.393362
MTDheight,0.200,30,128,6.4500,0.471559
MTDheight,0.200,30,129,6.5000,0.517103
MTDheight,0.200,30,130,6.5500,0.657800
MTDheight,0.200,30,131,6.6000,0.679860
MTDheight,0.200,30,132,6.6500,1.053804
MTDheight,0.200,30,133,6.7000,1.094654
MTDheight,0.200,30,134,6.7500,0.972044
MTDheight,0.200,30,135,6.8000,0.790437
MTDheight,0.200,30,136,6.8500,0.629025
MTDheight,0.200,30,137,6.9000,0.596823
MTDheight,0.200,30,138,6.9500,0.347957
MTDheight,0.200,30,139,7.0000,0.275271
MTDheight,0.200,30,140,7.0500,0.521259
MTDheight,0.200,30,141,7.1000,0.674086
MTDheight,0.200,30,142,7.1500,0.699964
MTDheight,0.200,30,143,7.2000,0.528411
MTDheight,0.200,30,144,7.2500,0.480204
MTDheight,0.200,30,145,7.3000,0.500257
MTDheight,0.200,30,146,7.3500,0.564559
MTDheight,0.200,30,147,7.4000,0.723726
MTDheight,0.200,30,148,7.4500,0.793816
MTDheight,0.200,30,149,7.5000,0.786325
MTDheight,0.200,30,150,7.5500,0.773442
MTDheight,0.200,30,151,7.6000,0.776374
MTDheight,0.200,30,152,7.6500,0.827629
MTDheight,0.200,30,153,7.7000,0.827242
MTDheight,0.200,30,154,7.7500,1.048673
MTDheight,0.200,30,155,7.8000,1.216976
MTDheight,0.200,30,156,7.8500,1.461006
MTDheight,0.200,30,157,7.9000,1.679273
MTDheight,0.200,30,158,7.9500,1.768518
MTDheight,0.200,30,159,8.0000,1.792815
MTDheight,0.200,30,160,8.0500,1.707288
MTDheight,0.200,30,161,8.1000,1.521709
MTDheight,0.200,30,162,8.1500,1.282214
MTDheight,0.200,30,163,8.2000,1.086361
MTDheight,0.200,30,164,8.2500,0.834676
MTDheight,0.200,30,165,8.3000,0.659634
MTDheight,0.200,30,166,8.3500,0.511412
MTDheight,0.200,30,167,8.4000,0.480324
MTDheight,0.200,30,168,8.4500,0.423204
MTDheight,0.200,30,169,8.5000,0.301776
MTDheight,0.200,30,170,8.5500,0.296455
MTDheight,0.200,30,171,8.6000,0.396194
MTDheight,0.200,30,172,8.6500,0.589041
MTDheight,0.200,30,173,8.7000,0.783718
MTDheight,0.200,30,174,8.7500,0.960347
MTDheight,0.200,30,175,8.8000,1.175311
MTDheight,0.200,30,176,8.8500,1.351553
MTDheight,0.200,30,177,8.9000,1.496478
MTDheight,0.200,30,178,8.9500,1.420419
MTDheight,0.200,30,179,9.0000,1.418295
MTDheight,0.200,30,180,9.0500,1.310474
MTDheight,0.200,30,181,9.1000,1.201758
MTDheight,0.200,30,182,9.1500,1.161888
MTDheight,0.200,30,183,9.2000,1.136701
MTDheight,0.200,30,184,9.2500,1.027221
MTDheight,0.200,30,185,9.3000,0.960863
MTDheight,0.200,30,186,9.3500,0.942956
MTDheight,0.200,30,187,9.4000,0.924968
MTDheight,0.200,30,188,9.4500,0.954361
MTDheight,0.200,30,189,9.5000,0.940367
MTDheight,0.200,30,190,9.5500,0.941098
MTDheight,0.200,30,191,9.6000,0.967142
MTDheight,0.200,30,192,9.6500,0.993624
MTDheight,0.200,30,193,9.7000,1.037348
MTDheight,0.200,30,194,9.7500,1.058924
MTDheight,0.200,30,195,9.8000,1.104550
MTDheight,0.200,30,196,9.8500,1.143850
MTDheight,0.200,30,197,9.9000,1.213537
MTDheight,0.200,30,198,9.9500,1.259481
MTDheight,0.200,30,199,10.0000,1.360954
MTDheight,0.200,40,0,0.0500,12.760874
MTDheight,0.200,40,1,0.1000,11.395219
MTDheight,0.200,40,2,0.1500,10.782792
MTDheight,0.200,40,3,0.2000,9.815350
MTDheight,0.200,40,4,0.2500,9.124615
MTDheight,0.200,40,5,0.3000,8.218672
MTDheight,0.200,40,6,0.3500,7.608061
MTDheight,0.200,40,7,0.4000,7.132454
MTDheight,0.200,40,8,0.4500,6.751598
MTDheight,0.200,40,9,0.5000,6.454480
MTDheight,0.200,40,10,0.5500,5.977662
MTDheight,0.200,40,11,0.6000,5.190598
MTDheight,0.200,40,12,0.6500,5.046472
MTDheight,0.200,40,13,0.7000,4.718889
MTDheight,0.200,40,14,0.7500,4.408857
MTDheight,0.200,40,15,0.8000,3.903035
MTDheight,0.200,40,16,0.8500,3.796783
MTDheight,0.200,40,17,0.9000,3.186587
MTDheight,0.200,40,18,0.9500,2.778112
MTDheight,0.200,40,19,1.0000,2.839007
MTDheight,0.200,40,20,1.0500,3.082444
MTDheight,0.200,40,21,1.1000,3.482983
MTDheight,0.200,40,22,1.1500,3.949723
MTDheight,0.200,40,23,1.2000,4.452560
MTDheight,0.200,40,24,1.2500,4.903895
MTDheight,0.200,40,25,1.3000,5.350641
MTDheight,0.200,40,26,1.3500,5.385925
MTDheight,0.200,40,27,1.4000,5.233254
MTDheight,0.200,40,28,1.4500,4.784423
MTDheight,0.200,40,29,1.5000,4.167981
MTDheight,0.200,40,30,1.5500,4.098898
MTDheight,0.200,40,31,1.6000,4.090652
MTDheight,0.200,40,32,1.6500,4.106695
MTDheight,0.200,40,33,1.7000,3.552222
MTDheight,0.200,40,34,1.7500,3.110335
MTDheight,0.200,40,35,1.8000,2.711000
MTDheight,0.200,40,36,1.8500,2.345976
MTDheight,0.200,40,37,1.9000,2.238682
MTDheight,0.200,40,38,1.9500,2.152168
MTDheight,0.200,40,39,2.0000,2.262045
MTDheight,0.200,40,40,2.0500,1.872659
MTDheight,0.200,40,41,2.1000,1.462961
MTDheight,0.200,40,42,2.1500,1.211832
MTDheight,0.200,40,43,2.2000,1.067193
MTDheight,0.200,40,44,2.2500,1.185510
MTDheight,0.200,40,45,2.3000,1.635741
MTDheight,0.200,40,46,2.3500,2.092591
MTDheight,0.200,40,47,2.4000,2.279670
MTDheight,0.200,40,48,2.4500,1.997791
MTDheight,0.200,40,49,2.5000,1.756534
MTDheight,0.200,40,50,2.5500,1.541648
MTDheight,0.200,40,51,2.6000,1.309980
MTDheight,0.200,40,52,2.6500,1.190195
MTDheight,0.200,40,53,2.7000,1.269052
MTDheight,0.200,40,54,2.7500,0.958688
MTDheight,0.200,40,55,2.8000,0.741526
MTDheight,0.200,40,56,2.8500,0.658636
MTDheight,0.200,40,57,2.9000,0.619723
MTDheight,0.200,40,58,2.9500,0.673785
MTDheight,0.200,40,59,3.0000,0.633880
MTDheight,0.200,40,60,3.0500,0.349477
MTDheight,0.200,40,61,3.1000,0.517426
MTDheight,0.200,40,62,3.1500,0.676909
MTDheight,0.200,40,63,3.2000,0.753676
MTDheight,0.200,40,64,3.2500,1.021457
MTDheight,0.200,40,65,3.3000,1.307656
MTDheight,0.200,40,66,3.3500,1.577029
MTDheight,0.200,40,67,3.4000,1.865294
MTDheight,0.200,40,68,3.4500,2.233343
MTDheight,0.200,40,69,3.5000,2.549646
MTDheight,0.200,40,70,3.5500,2.896748
MTDheight,0.200,40,71,3.6000,3.141768
MTDheight,0.200,40,72,3.6500,3.019549
MTDheight,0.200,40,73,3.7000,2.771217
MTDheight,0.200,40,74,3.7500,2.530377
MTDheight,0.200,40,75,3.8000,2.311138
MTDheight,0.200,40,76,3.8500,2.063007
MTDheight,0.200,40,77,3.9000,2.001278
MTDheight,0.200,40,78,3.9500,1.883686
MTDheight,0.200,40,79,4.0000,1.805546
MTDheight,0.200,40,80,4.0500,1.632264
MTDheight,0.200,40,81,4.1000,1.478000
MTDheight,0.200,40,82,4.1500,1.200452
MTDheight,0.200,40,83,4.2000,1.125389
MTDheight,0.200,40,84,4.2500,0.981577
MTDheight,0.200,40,85,4.3000,0.936748
MTDheight,0.200,40,86,4.3500,0.731573
MTDheight,0.200,40,87,4.4000,0.660557
MTDheight,0.200,40,88,4.4500,0.638414
MTDheight,0.200,40,89,4.5000,0.619545
MTDheight,0.200,40,90,4.5500,0.967842
MTDheight,0.200,40,91,4.6000,1.060268
MTDheight,0.200,40,92,4.6500,0.781677
MTDheight,0.200,40,93,4.7000,0.636211
MTDheight,0.200,40,94,4.7500,0.595673
MTDheight,0.200,40,95,4.8000,0.601091
MTDheight,0.200,40,96,4.8500,0.655451
MTDheight,0.200,40,97,4.9000,0.753128
MTDheight,0.200,40,98,4.9500,0.847377
MTDheight,0.200,40,99,5.0000,0.950514
MTDheight,0.200,40,100,5.0500,1.090883
MTDheight,0.200,40,101,5.1000,1.438099
MTDheight,0.200,40,102,5.1500,1.470119
MTDheight,0.200,40,103,5.2000,1.318142
MTDheight,0.200,40,104,5.2500,1.020834
MTDheight,0.200,40,105,5.3000,0.720092
MTDheight,0.200,40,106,5.3500,0.484270
MTDheight,0.200,40,107,5.4000,0.427292
MTDheight,0.200,40,108,5.4500,0.477149
MTDheight,0.200,40,109,5.5000,0.625490
MTDheight,0.200,40,110,5.5500,0.849087
MTDheight,0.200,40,111,5.6000,0.890630
MTDheight,0.200,40,112,5.6500,0.892194
MTDheight,0.200,40,113,5.7000,0.933325
MTDheight,0.200,40,114,5.7500,0.958040
MTDheight,0.200,40,115,5.8000,0.874669
MTDheight,0.200,40,116,5.8500,0.864946
MTDheight,0.200,40,117,5.9000,0.881012
MTDheight,0.200,40,118,5.9500,0.957390
MTDheight,0.200,40,119,6.0000,0.754032
MTDheight,0.200,40,120,6.0500,0.541363
MTDheight,0.200,40,121,6.1000,0.553087
MTDheight,0.200,40,122,6.1500,0.695339
MTDheight,0.200,40,123,6.2000,0.879328
MTDheight,0.200,40,124,6.2500,1.138929
MTDheight,0.200,40,125,6.3000,1.323170
MTDheight,0.200,40,126,6.3500,1.370975
MTDheight,0.200,40,127,6.4000,1.155210
MTDheight,0.200,40,128,6.4500,1.109889
MTDheight,0.200,40,129,6.5000,1.030247
MTDheight,0.200,40,130,6.5500,0.724530
MTDheight,0.200,40,131,6.6000,0.535932
MTDheight,0.200,40,132,6.6500,0.540149
MTDheight,0.200,40,133,6.7000,0.428300
MTDheight,0.200,40,134,6.7500,0.309274
MTDheight,0.200,40,135,6.8000,0.300444
MTDheight,0.200,40,136,6.8500,0.340971
MTDheight,0.200,40,137,6.9000,0.417329
MTDheight,0.200,40,138,6.9500,0.585768
MTDheight,0.200,40,139,7.0000,0.586559
MTDheight,0.200,40,140,7.0500,0.780658
MTDheight,0.200,40,141,7.1000,0.602286
MTDheight,0.200,40,142,7.1500,0.570880
MTDheight,0.200,40,143,7.2000,0.550311
MTDheight,0.200,40,144,7.2500,0.678815
MTDheight,0.200,40,145,7.3000,0.729252
MTDheight,0.200,40,146,7.3500,0.747589
MTDheight,0.200,40,147,7.4000,0.732297
MTDheight,0.200,40,148,7.4500,0.636582
MTDheight,0.200,40,149,7.5000,0.515906
MTDheight,0.200,40,150,7.5500,0.502094
MTDheight,0.200,40,151,7.6000,0.408762
MTDheight,0.200,40,152,7.6500,0.354412
MTDheight,0.200,40,153,7.7000,0.314356
MTDheight,0.200,40,154,7.7500,0.339003
MTDheight,0.200,40,155,7.8000,0.425784
MTDheight,0.200,40,156,7.8500,0.492692
MTDheight,0.200,40,157,7.9000,0.559918
MTDheight,0.200,40,158,7.9500,0.479408
MTDheight,0.200,40,159,8.0000,0.464419
MTDheight,0.200,40,160,8.0500,0.527483
MTDheight,0.200,40,161,8.1000,0.578790
MTDheight,0.200,40,162,8.1500,0.709518
MTDheight,0.200,40,163,8.2000,0.851309
MTDheight,0.200,40,164,8.2500,0.962093
MTDheight,0.200,40,165,8.3000,1.094378
MTDheight,0.200,40,166,8.3500,1.100392
MTDheight,0.200,40,167,8.4000,1.318409
MTDheight,0.200,40,168,8.4500,1.360659
MTDheight,0.200,40,169,8.5000,1.389477
MTDheight,0.200,40,170,8.5500,1.511515
MTDheight,0.200,40,171,8.6000,1.482410
MTDheight,0.200,40,172,8.6500,1.469735
MTDheight,0.200,40,173,8.7000,1.395439
MTDheight,0.200,40,174,8.7500,1.166737
MTDheight,0.200,40,175,8.8000,0.914198
MTDheight,0.200,40,176,8.8500,0.677159
MTDheight,0.200,40,177,8.9000,0.500267
MTDheight,0.200,40,178,8.9500,0.450422
MTDheight,0.200,40,179,9.0000,0.376698
MTDheight,0.200,40,180,9.0500,0.365821
MTDheight,0.200,40,181,9.1000,0.492746
MTDheight,0.200,40,182,9.1500,0.674251
MTDheight,0.200,40,183,9.2000,0.598299
MTDheight,0.200,40,184,9.2500,0.502289
MTDheight,0.200,40,185,9.3000,0.427683
MTDheight,0.200,40,186,9.3500,0.384010
MTDheight,0.200,40,187,9.4000,0.385004
MTDheight,0.200,40,188,9.4500,0.406220
MTDheight,0.200,40,189,9.5000,0.488926
MTDheight,0.200,40,190,9.5500,0.535314
MTDheight,0.200,40,191,9.6000,0.543626
MTDheight,0.200,40,192,9.6500,0.581812
MTDheight,0.200,40,193,9.7000,0.628158
MTDheight,0.200,40,194,9.7500,0.699650
MTDheight,0.200,40,195,9.8000,0.774327
MTDheight,0.200,40,196,9.8500,0.845644
MTDheight,0.200,40,197,9.9000,0.923340
MTDheight,0.200,40,198,9.9500,1.025630
MTDheight,0.200,40,199,10.0000,1.077698
MTDheight,0.200,50,0,0.0500,12.898530
MTDheight,0.200,50,1,0.1000,11.902441
MTDheight,0.200,50,2,0.1500,11.030378
MTDheight,0.200,50,3,0.2000,9.787655
MTDheight,0.200,50,4,0.2500,9.042065
MTDheight,0.200,50,5,0.3000,8.013185
MTDheight,0.200,50,6,0.3500,7.613783
MTDheight,0.200,50,7,0.4000,7.527447
MTDheight,0.200,50,8,0.4500,6.767171
MTDheight,0.200,50,9,0.5000,6.375811
MTDheight,0.200,50,10,0.5500,6.191722
MTDheight,0.200,50,11,0.6000,5.398448
MTDheight,0.200,50,12,0.6500,5.007628
MTDheight,0.200,50,13,0.7000,4.462956
MTDheight,0.200,50,14,0.7500,4.208804
MTDheight,0.200,50,15,0.8000,3.562207
MTDheight,0.200,50,16,0.8500,3.230994
MTDheight,0.200,50,17,0.9000,2.983169
MTDheight,0.200,50,18,0.9500,2.873198
MTDheight,0.200,50,19,1.0000,2.890243
MTDheight,0.200,50,20,1.0500,2.577474
MTDheight,0.200,50,21,1.1000,2.296319
MTDheight,0.200,50,22,1.1500,1.971608
MTDheight,0.200,50,23,1.2000,1.888591
MTDheight,0.200,50,24,1.2500,1.787239
MTDheight,0.200,50,25,1.3000,1.711828
MTDheight,0.200,50,26,1.3500,1.413921
MTDheight,0.200,50,27,1.4000,1.360140
MTDheight,0.200,50,28,1.4500,1.348378
MTDheight,0.200,50,29,1.5000,1.386238
MTDheight,0.200,50,30,1.5500,1.617910
MTDheight,0.200,50,31,1.6000,1.569846
MTDheight,0.200,50,32,1.6500,1.094513
MTDheight,0.200,50,33,1.7000,0.941060
MTDheight,0.200,50,34,1.7500,0.839802
MTDheight,0.200,50,35,1.8000,0.838862
MTDheight,0.200,50,36,1.8500,0.700460
MTDheight,0.200,50,37,1.9000,0.640708
MTDheight,0.200,50,38,1.9500,0.650802
MTDheight,0.200,50,39,2.0000,1.004488
MTDheight,0.200,50,40,2.0500,1.425602
MTDheight,0.200,50,41,2.1000,1.934089
MTDheight,0.200,50,42,2.1500,2.251067
MTDheight,0.200,50,43,2.2000,2.599774
MTDheight,0.200,50,44,2.2500,3.031319
MTDheight,0.200,50,45,2.3000,3.417647
MTDheight,0.200,50,46,2.3500,3.785708
MTDheight,0.200,50,47,2.4000,3.989569
MTDheight,0.200,50,48,2.4500,4.100781
MTDheight,0.200,50,49,2.5000,4.153413
MTDheight,0.200,50,50,2.5500,3.563555
MTDheight,0.200,50,51,2.6000,3.149658
MTDheight,0.200,50,52,2.6500,3.061604
MTDheight,0.200,50,53,2.7000,2.879650
MTDheight,0.200,50,54,2.7500,2.568555
MTDheight,0.200,50,55,2.8000,2.111698
MTDheight,0.200,50,56,2.8500,1.686469
MTDheight,0.200,50,57,2.9000,1.615480
MTDheight,0.200,50,58,2.9500,1.690219
MTDheight,0.200,50,59,3.0000,1.602428
MTDheight,0.200,50,60,3.0500,1.105527
MTDheight,0.200,50,61,3.1000,0.881206
MTDheight,0.200,50,62,3.1500,0.673911
MTDheight,0.200,50,63,3.2000,0.618674
MTDheight,0.200,50,64,3.2500,0.559215
MTDheight,0.200,50,65,3.3000,0.492457
MTDheight,0.200,50,66,3.3500,0.487047
MTDheight,0.200,50,67,3.4000,0.532166
MTDheight,0.200,50,68,3.4500,0.582130
MTDheight,0.200,50,69,3.5000,0.982208
MTDheight,0.200,50,70,3.5500,0.972136
MTDheight,0.200,50,71,3.6000,0.844154
MTDheight,0.200,50,72,3.6500,0.843868
MTDheight,0.200,50,73,3.7000,1.018158
MTDheight,0.200,50,74,3.7500,1.283690
MTDheight,0.200,50,75,3.8000,1.704296
MTDheight,0.200,50,76,3.8500,1.769616
MTDheight,0.200,50,77,3.9000,1.851826
MTDheight,0.200,50,78,3.9500,1.476770
MTDheight,0.200,50,79,4.0000,1.166614
MTDheight,0.200,50,80,4.0500,0.919025
MTDheight,0.200,50,81,4.1000,0.620243
MTDheight,0.200,50,82,4.1500,0.472753
MTDheight,0.200,50,83,4.2000,0.413973
MTDheight,0.200,50,84,4.2500,0.403096
MTDheight,0.200,50,85,4.3000,0.365429
MTDheight,0.200,50,86,4.3500,0.291047
MTDheight,0.200,50,87,4.4000,0.392847
MTDheight,0.200,50,88,4.4500,0.577658
MTDheight,0.200,50,89,4.5000,0.701740
MTDheight,0.200,50,90,4.5500,0.670556
MTDheight,0.200,50,91,4.6000,0.710566
MTDheight,0.200,50,92,4.6500,0.791775
MTDheight,0.200,50,93,4.7000,0.908809
MTDheight,0.200,50,94,4.7500,0.988813
MTDheight,0.200,50,95,4.8000,0.950381
MTDheight,0.200,50,96,4.8500,0.706470
MTDheight,0.200,50,97,4.9000,0.593869
MTDheight,0.200,50,98,4.9500,0.678488
MTDheight,0.200,50,99,5.0000,0.869863
MTDheight,0.200,50,100,5.0500,1.102508
MTDheight,0.200,50,101,5.1000,1.362331
MTDheight,0.200,50,102,5.1500,1.600329
MTDheight,0.200,50,103,5.2000,1.885628
MTDheight,0.200,50,104,5.2500,2.203462
MTDheight,0.200,50,105,5.3000,2.426996
MTDheight,0.200,50,106,5.3500,2.599191
MTDheight,0.200,50,107,5.4000,2.818737
MTDheight,0.200,50,108,5.4500,2.961790
MTDheight,0.200,50,109,5.5000,2.750318
MTDheight,0.200,50,110,5.5500,2.533891
MTDheight,0.200,50,111,5.6000,2.316254
MTDheight,0.200,50,112,5.6500,2.165757
MTDheight,0.200,50,113,5.7000,2.024533
MTDheight,0.200,50,114,5.7500,1.946898
MTDheight,0.200,50,115,5.8000,2.000400
MTDheight,0.200,50,116,5.8500,1.806291
MTDheight,0.200,50,117,5.9000,1.596962
MTDheight,0.200,50,118,5.9500,1.334580
MTDheight,0.200,50,119,6.0000,1.046494
MTDheight,0.200,50,120,6.0500,1.028338
MTDheight,0.200,50,121,6.1000,1.047552
MTDheight,0.200,50,122,6.1500,0.768892
MTDheight,0.200,50,123,6.2000,0.668414
MTDheight,0.200,50,124,6.2500,0.724691
MTDheight,0.200,50,125,6.3000,0.546449
MTDheight,0.200,50,126,6.3500,0.447969
MTDheight,0.200,50,127,6.4000,0.358610
MTDheight,0.200,50,128,6.4500,0.363195
MTDheight,0.200,50,129,6.5000,0.473841
MTDheight,0.200,50,130,6.5500,0.419103
MTDheight,0.200,50,131,6.6000,0.425541
MTDheight,0.200,50,132,6.6500,0.497185
MTDheight,0.200,50,133,6.7000,0.556209
MTDheight,0.200,50,134,6.7500,0.714555
MTDheight,0.200,50,135,6.8000,0.894171
MTDheight,0.200,50,136,6.8500,1.112554
MTDheight,0.200,50,137,6.9000,1.335510
MTDheight,0.200,50,138,6.9500,1.545744
MTDheight,0.200,50,139,7.0000,1.731118
MTDheight,0.200,50,140,7.0500,1.946708
MTDheight,0.200,50,141,7.1000,2.156200
MTDheight,0.200,50,142,7.1500,2.144559
MTDheight,0.200,50,143,7.2000,2.050738
MTDheight,0.200,50,144,7.2500,1.964523
MTDheight,0.200,50,145,7.3000,1.818601
MTDheight,0.200,50,146,7.3500,1.757294
MTDheight,0.200,50,147,7.4000,1.703971
MTDheight,0.200,50,148,7.4500,1.529500
MTDheight,0.200,50,149,7.5000,1.516188
MTDheight,0.200,50,150,7.5500,1.554174
MTDheight,0.200,50,151,7.6000,1.445641
MTDheight,0.200,50,152,7.6500,1.413667
MTDheight,0.200,50,153,7.7000,1.199430
MTDheight,0.200,50,154,7.7500,0.977532
MTDheight,0.200,50,155,7.8000,0.904568
MTDheight,0.200,50,156,7.8500,0.723254
MTDheight,0.200,50,157,7.9000,0.645364
MTDheight,0.200,50,158,7.9500,0.608586
MTDheight,0.200,50,159,8.0000,0.553917
MTDheight,0.200,50,160,8.0500,0.520682
MTDheight,0.200,50,161,8.1000,0.572416
MTDheight,0.200,50,162,8.1500,0.656876
MTDheight,0.200,50,163,8.2000,0.631013
MTDheight,0.200,50,164,8.2500,0.425326
MTDheight,0.200,50,165,8.3000,0.316733
MTDheight,0.200,50,166,8.3500,0.276971
MTDheight,0.200,50,167,8.4000,0.288281
MTDheight,0.200,50,168,8.4500,0.449190
MTDheight,0.200,50,169,8.5000,0.625961
MTDheight,0.200,50,170,8.5500,0.563569
MTDheight,0.200,50,171,8.6000,0.561593
MTDheight,0.200,50,172,8.6500,0.613341
MTDheight,0.200,50,173,8.7000,0.746743
MTDheight,0.200,50,174,8.7500,0.930829
MTDheight,0.200,50,175,8.8000,0.926109
MTDheight,0.200,50,176,8.8500,1.028668
MTDheight,0.200,50,177,8.9000,1.019427
MTDheight,0.200,50,178,8.9500,1.054807
MTDheight,0.200,50,179,9.0000,1.150961
MTDheight,0.200,50,180,9.0500,1.276383
MTDheight,0.200,50,181,9.1000,1.460458
MTDheight,0.200,50,182,9.1500,1.694548
MTDheight,0.200,50,183,9.2000,1.730574
MTDheight,0.200,50,184,9.2500,1.584067
MTDheight,0.200,50,185,9.3000,1.385926
MTDheight,0.200,50,186,9.3500,1.183018
MTDheight,0.200,50,187,9.4000,0.978644
MTDheight,0.200,50,188,9.4500,0.839943
MTDheight,0.200,50,189,9.5000,0.620351
MTDheight,0.200,50,190,9.5500,0.484572
MTDheight,0.200,50,191,9.6000,0.330922
MTDheight,0.200,50,192,9.6500,0.247127
MTDheight,0.200,50,193,9.7000,0.281113
MTDheight,0.200,50,194,9.7500,0.443325
MTDheight,0.200,50,195,9.8000,0.643972
MTDheight,0.200,50,196,9.8500,0.788728
MTDheight,0.200,50,197,9.9000,0.953183
MTDheight,0.200,50,198,9.9500,1.152235
MTDheight,0.200,50,199,10.0000,1.288582
MTDheight,0.500,10,0,0.0500,11.331988
MTDheight,0.500,10,1,0.1000,8.715333
MTDheight,0.500,10,2,0.1500,7.131606
MTDheight,0.500,10,3,0.2000,6.298072
MTDheight,0.500,10,4,0.2500,5.377349
MTDheight,0.500,10,5,0.3000,3.956407
MTDheight,0.500,10,6,0.3500,3.467293
MTDheight,0.500,10,7,0.4000,2.392943
MTDheight,0.500,10,8,0.4500,2.049823
MTDheight,0.500,10,9,0.5000,1.900527
MTDheight,0.500,10,10,0.5500,1.473213
MTDheight,0.500,10,11,0.6000,1.207389
MTDheight,0.500,10,12,0.6500,1.278995
MTDheight,0.500,10,13,0.7000,1.004712
MTDheight,0.500,10,14,0.7500,1.837683
MTDheight,0.500,10,15,0.8000,2.875986
MTDheight,0.500,10,16,0.8500,2.521746
MTDheight,0.500,10,17,0.9000,2.122464
MTDheight,0.500,10,18,0.9500,1.267657
MTDheight,0.500,10,19,1.0000,0.896963
MTDheight,0.500,10,20,1.0500,0.841854
MTDheight,0.500,10,21,1.1000,0.526331
MTDheight,0.500,10,22,1.1500,1.223584
MTDheight,0.500,10,23,1.2000,1.347973
MTDheight,0.500,10,24,1.2500,1.673345
MTDheight,0.500,10,25,1.3000,2.534267
MTDheight,0.500,10,26,1.3500,2.094628
MTDheight,0.500,10,27,1.4000,1.020048
MTDheight,0.500,10,28,1.4500,0.698002
MTDheight,0.500,10,29,1.5000,0.505889
MTDheight,0.500,10,30,1.5500,0.428351
MTDheight,0.500,10,31,1.6000,0.652821
MTDheight,0.500,10,32,1.6500,1.134033
MTDheight,0.500,10,33,1.7000,1.204366
MTDheight,0.500,10,34,1.7500,1.508849
MTDheight,0.500,10,35,1.8000,1.248586
MTDheight,0.500,10,36,1.8500,0.551092
MTDheight,0.500,10,37,1.9000,0.954810
MTDheight,0.500,10,38,1.9500,1.410010
MTDheight,0.500,10,39,2.0000,2.140355
MTDheight,0.500,10,40,2.0500,2.708707
MTDheight,0.500,10,41,2.1000,3.310187
MTDheight,0.500,10,42,2.1500,3.876356
MTDheight,0.500,10,43,2.2000,4.399230
MTDheight,0.500,10,44,2.2500,4.502150
MTDheight,0.500,10,45,2.3000,4.052180
MTDheight,0.500,10,46,2.3500,3.444029
MTDheight,0.500,10,47,2.4000,3.415242
MTDheight,0.500,10,48,2.4500,2.831035
MTDheight,0.500,10,49,2.5000,2.647431
MTDheight,0.500,10,50,2.5500,2.069513
MTDheight,0.500,10,51,2.6000,1.740447
MTDheight,0.500,10,52,2.6500,1.475801
MTDheight,0.500,10,53,2.7000,1.161418
MTDheight,0.500,10,54,2.7500,0.955554
MTDheight,0.500,10,55,2.8000,1.293006
MTDheight,0.500,10,56,2.8500,1.158166
MTDheight,0.500,10,57,2.9000,1.145271
MTDheight,0.500,10,58,2.9500,0.952591
MTDheight,0.500,10,59,3.0000,0.897416
MTDheight,0.500,10,60,3.0500,0.770118
MTDheight,0.500,10,61,3.1000,1.137837
MTDheight,0.500,10,62,3.1500,1.278091
MTDheight,0.500,10,63,3.2000,1.615308
MTDheight,0.500,10,64,3.2500,2.049064
MTDheight,0.500,10,65,3.3000,2.731414
MTDheight,0.500,10,66,3.3500,2.542974
MTDheight,0.500,10,67,3.4000,2.290848
MTDheight,0.500,10,68,3.4500,1.865807
MTDheight,0.500,10,69,3.5000,1.317533
MTDheight,0.500,10,70,3.5500,1.036081
MTDheight,0.500,10,71,3.6000,0.754608
MTDheight,0.500,10,72,3.6500,0.634727
MTDheight,0.500,10,73,3.7000,0.550048
MTDheight,0.500,10,74,3.7500,0.538405
MTDheight,0.500,10,75,3.8000,0.560321
MTDheight,0.500,10,76,3.8500,0.808798
MTDheight,0.500,10,77,3.9000,0.981180
MTDheight,0.500,10,78,3.9500,0.979062
MTDheight,0.500,10,79,4.0000,1.166661
MTDheight,0.500,10,80,4.0500,1.691492
MTDheight,0.500,10,81,4.1000,1.844224
MTDheight,0.500,10,82,4.1500,2.067029
MTDheight,0.500,10,83,4.2000,1.760789
MTDheight,0.500,10,84,4.2500,1.325205
MTDheight,0.500,10,85,4.3000,0.914224
MTDheight,0.500,10,86,4.3500,0.668908
MTDheight,0.500,10,87,4.4000,0.564985
MTDheight,0.500,10,88,4.4500,0.636735
MTDheight,0.500,10,89,4.5000,0.745842
MTDheight,0.500,10,90,4.5500,1.077051
MTDheight,0.500,10,91,4.6000,1.424425
MTDheight,0.500,10,92,4.6500,1.413734
MTDheight,0.500,10,93,4.7000,1.383900
MTDheight,0.500,10,94,4.7500,1.077774
MTDheight,0.500,10,95,4.8000,0.832861
MTDheight,0.500,10,96,4.8500,0.667890
MTDheight,0.500,10,97,4.9000,0.550017
MTDheight,0.500,10,98,4.9500,0.425742
MTDheight,0.500,10,99,5.0000,0.382459
MTDheight,0.500,10,100,5.0500,0.360448
MTDheight,0.500,10,101,5.1000,0.354336
MTDheight,0.500,10,102,5.1500,0.432616
MTDheight,0.500,10,103,5.2000,0.714375
MTDheight,0.500,10,104,5.2500,0.812647
MTDheight,0.500,10,105,5.3000,0.860909
MTDheight,0.500,10,106,5.3500,0.916535
MTDheight,0.500,10,107,5.4000,0.951443
MTDheight,0.500,10,108,5.4500,1.172047
MTDheight,0.500,10,109,5.5000,1.395046
MTDheight,0.500,10,110,5.5500,1.698620
MTDheight,0.500,10,111,5.6000,1.713896
MTDheight,0.500,10,112,5.6500,1.742484
MTDheight,0.500,10,113,5.7000,2.010467
MTDheight,0.500,10,114,5.7500,1.844806
MTDheight,0.500,10,115,5.8000,1.446830
MTDheight,0.500,10,116,5.8500,1.047659
MTDheight,0.500,10,117,5.9000,0.737184
MTDheight,0.500,10,118,5.9500,0.594775
MTDheight,0.500,10,119,6.0000,0.355527
MTDheight,0.500,10,120,6.0500,0.517482
MTDheight,0.500,10,121,6.1000,0.851857
MTDheight,0.500,10,122,6.1500,1.053630
MTDheight,0.500,10,123,6.2000,1.317179
MTDheight,0.500,10,124,6.2500,1.583492
MTDheight,0.500,10,125,6.3000,1.899187
MTDheight,0.500,10,126,6.3500,2.167834
MTDheight,0.500,10,127,6.4000,2.326201
MTDheight,0.500,10,128,6.4500,2.581061
MTDheight,0.500,10,129,6.5000,2.840846
MTDheight,0.500,10,130,6.5500,3.090290
MTDheight,0.500,10,131,6.6000,3.280535
MTDheight,0.500,10,132,6.6500,3.444755
MTDheight,0.500,10,133,6.7000,3.468878
MTDheight,0.500,10,134,6.7500,3.147935
MTDheight,0.500,10,135,6.8000,2.947733
MTDheight,0.500,10,136,6.8500,2.849818
MTDheight,0.500,10,137,6.9000,2.866500
MTDheight,0.500,10,138,6.9500,2.932951
MTDheight,0.500,10,139,7.0000,2.875542
MTDheight,0.500,10,140,7.0500,2.517966
MTDheight,0.500,10,141,7.1000,2.307125
MTDheight,0.500,10,142,7.1500,2.134877
MTDheight,0.500,10,143,7.2000,2.182564
MTDheight,0.500,10,144,7.2500,1.962626
MTDheight,0.500,10,145,7.3000,1.962656
MTDheight,0.500,10,146,7.3500,1.669851
MTDheight,0.500,10,147,7.4000,1.575237
MTDheight,0.500,10,148,7.4500,1.563999
MTDheight,0.500,10,149,7.5000,1.658525
MTDheight,0.500,10,150,7.5500,1.277411
MTDheight,0.500,10,151,7.6000,0.952228
MTDheight,0.500,10,152,7.6500,0.813729
MTDheight,0.500,10,153,7.7000,0.684301
MTDheight,0.500,10,154,7.7500,0.597179
MTDheight,0.500,10,155,7.8000,0.542377
MTDheight,0.500,10,156,7.8500,0.548887
MTDheight,0.500,10,157,7.9000,0.484966
MTDheight,0.500,10,158,7.9500,0.344335
MTDheight,0.500,10,159,8.0000,0.415936
MTDheight,0.500,10,160,8.0500,0.426625
MTDheight,0.500,10,161,8.1000,0.535029
MTDheight,0.500,10,162,8.1500,0.798225
MTDheight,0.500,10,163,8.2000,0.674216
MTDheight,0.500,10,164,8.2500,0.734843
MTDheight,0.500,10,165,8.3000,0.887723
MTDheight,0.500,10,166,8.3500,0.724412
MTDheight,0.500,10,167,8.4000,0.564469
MTDheight,0.500,10,168,8.4500,0.365000
MTDheight,0.500,10,169,8.5000,0.345821
MTDheight,0.500,10,170,8.5500,0.497106
MTDheight,0.500,10,171,8.6000,0.655612
MTDheight,0.500,10,172,8.6500,0.865734
MTDheight,0.500,10,173,8.7000,0.878913
MTDheight,0.500,10,174,8.7500,0.889949
MTDheight,0.500,10,175,8.8000,0.777013
MTDheight,0.500,10,176,8.8500,0.555667
MTDheight,0.500,10,177,8.9000,0.510205
MTDheight,0.500,10,178,8.9500,0.402166
MTDheight,0.500,10,179,9.0000,0.366311
MTDheight,0.500,10,180,9.0500,0.370620
MTDheight,0.500,10,181,9.1000,0.407191
MTDheight,0.500,10,182,9.1500,0.421880
MTDheight,0.500,10,183,9.2000,0.615625
MTDheight,0.500,10,184,9.2500,0.812117
MTDheight,0.500,10,185,9.3000,0.843010
MTDheight,0.500,10,186,9.3500,0.669325
MTDheight,0.500,10,187,9.4000,0.745475
MTDheight,0.500,10,188,9.4500,0.816428
MTDheight,0.500,10,189,9.5000,0.767207
MTDheight,0.500,10,190,9.5500,0.883208
MTDheight,0.500,10,191,9.6000,0.947158
MTDheight,0.500,10,192,9.6500,1.298716
MTDheight,0.500,10,193,9.7000,1.274096
MTDheight,0.500,10,194,9.7500,1.339100
MTDheight,0.500,10,195,9.8000,1.425981
MTDheight,0.500,10,196,9.8500,1.622314
MTDheight,0.500,10,197,9.9000,1.572815
MTDheight,0.500,10,198,9.9500,1.662540
MTDheight,0.500,10,199,10.0000,1.687512
MTDheight,0.500,20,0,0.0500,10.989261
MTDheight,0.500,20,1,0.1000,8.194865
MTDheight,0.500,20,2,0.1500,6.942194
MTDheight,0.500,20,3,0.2000,6.040712
MTDheight,0.500,20,4,0.2500,4.839521
MTDheight,0.500,20,5,0.3000,4.514757
MTDheight,0.500,20,6,0.3500,3.603516
MTDheight,0.500,20,7,0.4000,2.670887
MTDheight,0.500,20,8,0.4500,2.162283
MTDheight,0.500,20,9,0.5000,1.723178
MTDheight,0.500,20,10,0.5500,1.789119
MTDheight,0.500,20,11,0.6000,1.289056
MTDheight,0.500,20,12,0.6500,1.528293
MTDheight,0.500,20,13,0.7000,2.430225
MTDheight,0.500,20,14,0.7500,1.567981
MTDheight,0.500,20,15,0.8000,0.945576
MTDheight,0.500,20,16,0.8500,2.071151
MTDheight,0.500,20,17,0.9000,2.806408
MTDheight,0.500,20,18,0.9500,2.399862
MTDheight,0.500,20,19,1.0000,2.187060
MTDheight,0.500,20,20,1.0500,1.927547
MTDheight,0.500,20,21,1.1000,1.701668
MTDheight,0.500,20,22,1.1500,1.265532
MTDheight,0.500,20,23,1.2000,1.416470
MTDheight,0.500,20,24,1.2500,1.479285
MTDheight,0.500,20,25,1.3000,1.958119
MTDheight,0.500,20,26,1.3500,2.055766
MTDheight,0.500,20,27,1.4000,2.786406
MTDheight,0.500,20,28,1.4500,2.448903
MTDheight,0.500,20,29,1.5000,1.490754
MTDheight,0.500,20,30,1.5500,1.091218
MTDheight,0.500,20,31,1.6000,0.866607
MTDheight,0.500,20,32,1.6500,1.500584
MTDheight,0.500,20,33,1.7000,2.011186
MTDheight,0.500,20,34,1.7500,2.257019
MTDheight,0.500,20,35,1.8000,1.803030
MTDheight,0.500,20,36,1.8500,1.571174
MTDheight,0.500,20,37,1.9000,1.884801
MTDheight,0.500,20,38,1.9500,1.482547
MTDheight,0.500,20,39,2.0000,1.478447
MTDheight,0.500,20,40,2.0500,0.822494
MTDheight,0.500,20,41,2.1000,0.482451
MTDheight,0.500,20,42,2.1500,1.012201
MTDheight,0.500,20,43,2.2000,0.913095
MTDheight,0.500,20,44,2.2500,1.184803
MTDheight,0.500,20,45,2.3000,1.551197
MTDheight,0.500,20,46,2.3500,0.950933
MTDheight,0.500,20,47,2.4000,0.645406
MTDheight,0.500,20,48,2.4500,0.697000
MTDheight,0.500,20,49,2.5000,0.885503
MTDheight,0.500,20,50,2.5500,0.590359
MTDheight,0.500,20,51,2.6000,0.498035
MTDheight,0.500,20,52,2.6500,0.745456
MTDheight,0.500,20,53,2.7000,1.268233
MTDheight,0.500,20,54,2.7500,1.088244
MTDheight,0.500,20,55,2.8000,1.499591
MTDheight,0.500,20,56,2.8500,1.733464
MTDheight,0.500,20,57,2.9000,1.658567
MTDheight,0.500,20,58,2.9500,1.645098
MTDheight,0.500,20,59,3.0000,2.147389
MTDheight,0.500,20,60,3.0500,2.368478
MTDheight,0.500,20,61,3.1000,2.560848
MTDheight,0.500,20,62,3.1500,2.515133
MTDheight,0.500,20,63,3.2000,2.065300
MTDheight,0.500,20,64,3.2500,1.402762
MTDheight,0.500,20,65,3.3000,0.874130
MTDheight,0.500,20,66,3.3500,0.587960
MTDheight,0.500,20,67,3.4000,0.524090
MTDheight,0.500,20,68,3.4500,1.016885
MTDheight,0.500,20,69,3.5000,1.334310
MTDheight,0.500,20,70,3.5500,1.591799
MTDheight,0.500,20,71,3.6000,2.066942
MTDheight,0.500,20,72,3.6500,2.304644
MTDheight,0.500,20,73,3.7000,2.138960
MTDheight,0.500,20,74,3.7500,1.797826
MTDheight,0.500,20,75,3.8000,1.441074
MTDheight,0.500,20,76,3.8500,1.164482
MTDheight,0.500,20,77,3.9000,1.172639
MTDheight,0.500,20,78,3.9500,1.378975
MTDheight,0.500,20,79,4.0000,1.610124
MTDheight,0.500,20,80,4.0500,1.094040
MTDheight,0.500,20,81,4.1000,0.982297
MTDheight,0.500,20,82,4.1500,0.895208
MTDheight,0.500,20,83,4.2000,0.909092
MTDheight,0.500,20,84,4.2500,0.932286
MTDheight,0.500,20,85,4.3000,0.970105
MTDheight,0.500,20,86,4.3500,1.097115
MTDheight,0.500,20,87,4.4000,1.315407
MTDheight,0.500,20,88,4.4500,1.421552
MTDheight,0.500,20,89,4.5000,1.667349
MTDheight,0.500,20,90,4.5500,1.877861
MTDheight,0.500,20,91,4.6000,1.895765
MTDheight,0.500,20,92,4.6500,2.219613
MTDheight,0.500,20,93,4.7000,2.340437
MTDheight,0.500,20,94,4.7500,2.325992
MTDheight,0.500,20,95,4.8000,2.579021
MTDheight,0.500,20,96,4.8500,2.741154
MTDheight,0.500,20,97,4.9000,2.862386
MTDheight,0.500,20,98,4.9500,2.722597
MTDheight,0.500,20,99,5.0000,2.217125
MTDheight,0.500,20,100,5.0500,1.730591
MTDheight,0.500,20,101,5.1000,1.325092
MTDheight,0.500,20,102,5.1500,0.925387
MTDheight,0.500,20,103,5.2000,0.846173
MTDheight,0.500,20,104,5.2500,1.119052
MTDheight,0.500,20,105,5.3000,1.183492
MTDheight,0.500,20,106,5.3500,1.414800
MTDheight,0.500,20,107,5.4000,1.535828
MTDheight,0.500,20,108,5.4500,1.676383
MTDheight,0.500,20,109,5.5000,1.953870
MTDheight,0.500,20,110,5.5500,2.117361
MTDheight,0.500,20,111,5.6000,2.256905
MTDheight,0.500,20,112,5.6500,2.366393
MTDheight,0.500,20,113,5.7000,2.561566
MTDheight,0.500,20,114,5.7500,2.732589
MTDheight,0.500,20,115,5.8000,2.811285
MTDheight,0.500,20,116,5.8500,2.529759
MTDheight,0.500,20,117,5.9000,2.120678
MTDheight,0.500,20,118,5.9500,1.996616
MTDheight,0.500,20,119,6.0000,1.655534
MTDheight,0.500,20,120,6.0500,1.266220
MTDheight,0.500,20,121,6.1000,0.992632
MTDheight,0.500,20,122,6.1500,0.664072
MTDheight,0.500,20,123,6.2000,0.417486
MTDheight,0.500,20,124,6.2500,0.386517
MTDheight,0.500,20,125,6.3000,0.359817
MTDheight,0.500,20,126,6.3500,0.645898
MTDheight,0.500,20,127,6.4000,0.914886
MTDheight,0.500,20,128,6.4500,1.145334
MTDheight,0.500,20,129,6.5000,1.427185
MTDheight,0.500,20,130,6.5500,1.673247
MTDheight,0.500,20,131,6.6000,1.967888
MTDheight,0.500,20,132,6.6500,2.171832
MTDheight,0.500,20,133,6.7000,2.252360
MTDheight,0.500,20,134,6.7500,2.112889
MTDheight,0.500,20,135,6.8000,2.083334
MTDheight,0.500,20,136,6.8500,2.072815
MTDheight,0.500,20,137,6.9000,1.857696
MTDheight,0.500,20,138,6.9500,1.574807
MTDheight,0.500,20,139,7.0000,1.493860
MTDheight,0.500,20,140,7.0500,1.292953
MTDheight,0.500,20,141,7.1000,1.028919
MTDheight,0.500,20,142,7.1500,0.875865
MTDheight,0.500,20,143,7.2000,0.863971
MTDheight,0.500,20,144,7.2500,0.654676
MTDheight,0.500,20,145,7.3000,0.509267
MTDheight,0.500,20,146,7.3500,0.444175
MTDheight,0.500,20,147,7.4000,0.399097
MTDheight,0.500,20,148,7.4500,0.462470
MTDheight,0.500,20,149,7.5000,0.630091
MTDheight,0.500,20,150,7.5500,0.864317
MTDheight,0.500,20,151,7.6000,0.862141
MTDheight,0.500,20,152,7.6500,0.700655
MTDheight,0.500,20,153,7.7000,0.573327
MTDheight,0.500,20,154,7.7500,0.550174
MTDheight,0.500,20,155,7.8000,0.606706
MTDheight,0.500,20,156,7.8500,0.699794
MTDheight,0.500,20,157,7.9000,0.799488
MTDheight,0.500,20,158,7.9500,0.886227
MTDheight,0.500,20,159,8.0000,1.044767
MTDheight,0.500,20,160,8.0500,1.030624
MTDheight,0.500,20,161,8.1000,1.275087
MTDheight,0.500,20,162,8.1500,1.210326
MTDheight,0.500,20,163,8.2000,1.016544
MTDheight,0.500,20,164,8.2500,0.681148
MTDheight,0.500,20,165,8.3000,0.513814
MTDheight,0.500,20,166,8.3500,0.384037
MTDheight,0.500,20,167,8.4000,0.376715
MTDheight,0.500,20,168,8.4500,0.398003
MTDheight,0.500,20,169,8.5000,0.614237
MTDheight,0.500,20,170,8.5500,0.693802
MTDheight,0.500,20,171,8.6000,0.542762
MTDheight,0.500,20,172,8.6500,0.430304
MTDheight,0.500,20,173,8.7000,0.351168
MTDheight,0.500,20,174,8.7500,0.312292
MTDheight,0.500,20,175,8.8000,0.354205
MTDheight,0.500,20,176,8.8500,0.356656
MTDheight,0.500,20,177,8.9000,0.379958
MTDheight,0.500,20,178,8.9500,0.442483
MTDheight,0.500,20,179,9.0000,0.451977
MTDheight,0.500,20,180,9.0500,0.482593
MTDheight,0.500,20,181,9.1000,0.560774
MTDheight,0.500,20,182,9.1500,0.605651
MTDheight,0.500,20,183,9.2000,0.673593
MTDheight,0.500,20,184,9.2500,0.824864
MTDheight,0.500,20,185,9.3000,0.954424
MTDheight,0.500,20,186,9.3500,1.066843
MTDheight,0.500,20,187,9.4000,1.016153
MTDheight,0.500,20,188,9.4500,0.743616
MTDheight,0.500,20,189,9.5000,0.532653
MTDheight,0.500,20,190,9.5500,0.337221
MTDheight,0.500,20,191,9.6000,0.172810
MTDheight,0.500,20,192,9.6500,0.343166
MTDheight,0.500,20,193,9.7000,0.502799
MTDheight,0.500,20,194,9.7500,0.634499
MTDheight,0.500,20,195,9.8000,0.863533
MTDheight,0.500,20,196,9.8500,1.012191
MTDheight,0.500,20,197,9.9000,0.862615
MTDheight,0.500,20,198,9.9500,0.847472
MTDheight,0.500,20,199,10.0000,0.770397
MTDheight,0.500,30,0,0.0500,10.287842
MTDheight,0.500,30,1,0.1000,8.541568
MTDheight,0.500,30,2,0.1500,7.620116
MTDheight,0.500,30,3,0.2000,6.678319
MTDheight,0.500,30,4,0.2500,5.359327
MTDheight,0.500,30,5,0.3000,4.836635
MTDheight,0.500,30,6,0.3500,3.371887
MTDheight,0.500,30,7,0.4000,2.615650
MTDheight,0.500,30,8,0.4500,2.170249
MTDheight,0.500,30,9,0.5000,1.752932
MTDheight,0.500,30,10,0.5500,1.461495
MTDheight,0.500,30,11,0.6000,2.017692
MTDheight,0.500,30,12,0.6500,1.690650
MTDheight,0.500,30,13,0.7000,0.971950
MTDheight,0.500,30,14,0.7500,0.870513
MTDheight,0.500,30,15,0.8000,1.119996
MTDheight,0.500,30,16,0.8500,1.910679
MTDheight,0.500,30,17,0.9000,2.380728
MTDheight,0.500,30,18,0.9500,2.552916
MTDheight,0.500,30,19,1.0000,1.323303
MTDheight,0.500,30,20,1.0500,0.787345
MTDheight,0.500,30,21,1.1000,1.171100
MTDheight,0.500,30,22,1.1500,1.984597
MTDheight,0.500,30,23,1.2000,2.327056
MTDheight,0.500,30,24,1.2500,2.951687
MTDheight,0.500,30,25,1.3000,3.717788
MTDheight,0.500,30,26,1.3500,4.445758
MTDheight,0.500,30,27,1.4000,5.170218
MTDheight,0.500,30,28,1.4500,5.817599
MTDheight,0.500,30,29,1.5000,6.443573
MTDheight,0.500,30,30,1.5500,7.117554
MTDheight,0.500,30,31,1.6000,7.591902
MTDheight,0.500,30,32,1.6500,7.155828
MTDheight,0.500,30,33,1.7000,6.289215
MTDheight,0.500,30,34,1.7500,5.681751
MTDheight,0.500,30,35,1.8000,5.305592
MTDheight,0.500,30,36,1.8500,4.670226
MTDheight,0.500,30,37,1.9000,4.445133
MTDheight,0.500,30,38,1.9500,3.988600
MTDheight,0.500,30,39,2.0000,3.929495
MTDheight,0.500,30,40,2.0500,3.446404
MTDheight,0.500,30,41,2.1000,2.993292
MTDheight,0.500,30,42,2.1500,2.818296
MTDheight,0.500,30,43,2.2000,2.803403
MTDheight,0.500,30,44,2.2500,2.118747
MTDheight,0.500,30,45,2.3000,1.409381
MTDheight,0.500,30,46,2.3500,1.119413
MTDheight,0.500,30,47,2.4000,1.179211
MTDheight,0.500,30,48,2.4500,1.239305
MTDheight,0.500,30,49,2.5000,1.103541
MTDheight,0.500,30,50,2.5500,0.977943
MTDheight,0.500,30,51,2.6000,1.367706
MTDheight,0.500,30,52,2.6500,1.360402
MTDheight,0.500,30,53,2.7000,1.770452
MTDheight,0.500,30,54,2.7500,2.313318
MTDheight,0.500,30,55,2.8000,2.581598
MTDheight,0.500,30,56,2.8500,2.603150
MTDheight,0.500,30,57,2.9000,2.048875
MTDheight,0.500,30,58,2.9500,1.843838
MTDheight,0.500,30,59,3.0000,1.599397
MTDheight,0.500,30,60,3.0500,1.281682
MTDheight,0.500,30,61,3.1000,1.092726
MTDheight,0.500,30,62,3.1500,0.902798
MTDheight,0.500,30,63,3.2000,0.857930
MTDheight,0.500,30,64,3.2500,0.842472
MTDheight,0.500,30,65,3.3000,0.809803
MTDheight,0.500,30,66,3.3500,0.926127
MTDheight,0.500,30,67,3.4000,1.362734
MTDheight,0.500,30,68,3.4500,1.014977
MTDheight,0.500,30,69,3.5000,0.985275
MTDheight,0.500,30,70,3.5500,1.172056
MTDheight,0.500,30,71,3.6000,1.334303
MTDheight,0.500,30,72,3.6500,1.634506
MTDheight,0.500,30,73,3.7000,1.999538
MTDheight,0.500,30,74,3.7500,2.332278
MTDheight,0.500,30,75,3.8000,2.258394
MTDheight,0.500,30,76,3.8500,2.049197
MTDheight,0.500,30,77,3.9000,1.902060
MTDheight,0.500,30,78,3.9500,2.127390
MTDheight,0.500,30,79,4.0000,2.190868
MTDheight,0.500,30,80,4.0500,2.628939
MTDheight,0.500,30,81,4.1000,2.844493
MTDheight,0.500,30,82,4.1500,2.856756
MTDheight,0.500,30,83,4.2000,2.795598
MTDheight,0.500,30,84,4.2500,2.415800
MTDheight,0.500,30,85,4.3000,1.716238
MTDheight,0.500,30,86,4.3500,1.133165
MTDheight,0.500,30,87,4.4000,0.669752
MTDheight,0.500,30,88,4.4500,0.487350
MTDheight,0.500,30,89,4.5000,0.436867
MTDheight,0.500,30,90,4.5500,0.532602
MTDheight,0.500,30,91,4.6000,0.573409
MTDheight,0.500,30,92,4.6500,0.615587
MTDheight,0.500,30,93,4.7000,0.734535
MTDheight,0.500,30,94,4.7500,0.933253
MTDheight,0.500,30,95,4.8000,0.921598
MTDheight,0.500,30,96,4.8500,1.050827
MTDheight,0.500,30,97,4.9000,1.326998
MTDheight,0.500,30,98,4.9500,1.561006
MTDheight,0.500,30,99,5.0000,1.887969
MTDheight,0.500,30,100,5.0500,1.949438
MTDheight,0.500,30,101,5.1000,2.336939
MTDheight,0.500,30,102,5.1500,2.430896
MTDheight,0.500,30,103,5.2000,2.385874
MTDheight,0.500,30,104,5.2500,1.983442
MTDheight,0.500,30,105,5.3000,1.603087
MTDheight,0.500,30,106,5.3500,1.271199
MTDheight,0.500,30,107,5.4000,1.077392
MTDheight,0.500,30,108,5.4500,0.921218
MTDheight,0.500,30,109,5.5000,0.637623
MTDheight,0.500,30,110,5.5500,0.682812
MTDheight,0.500,30,111,5.6000,0.908713
MTDheight,0.500,30,112,5.6500,1.107426
MTDheight,0.500,30,113,5.7000,1.176279
MTDheight,0.500,30,114,5.7500,1.441372
MTDheight,0.500,30,115,5.8000,1.449497
MTDheight,0.500,30,116,5.8500,1.342011
MTDheight,0.500,30,117,5.9000,1.157665
MTDheight,0.500,30,118,5.9500,1.200946
MTDheight,0.500,30,119,6.0000,1.113745
MTDheight,0.500,30,120,6.0500,0.829613
MTDheight,0.500,30,121,6.1000,0.739207
MTDheight,0.500,30,122,6.1500,0.730082
MTDheight,0.500,30,123,6.2000,0.685926
MTDheight,0.500,30,124,6.2500,0.487301
MTDheight,0.500,30,125,6.3000,0.403917
MTDheight,0.500,30,126,6.3500,0.452895
MTDheight,0.500,30,127,6.4000,0.343413
MTDheight,0.500,30,128,6.4500,0.531237
MTDheight,0.500,30,129,6.5000,0.853206
MTDheight,0.500,30,130,6.5500,0.793349
MTDheight,0.500,30,131,6.6000,0.776457
MTDheight,0.500,30,132,6.6500,0.864939
MTDheight,0.500,30,133,6.7000,0.895249
MTDheight,0.500,30,134,6.7500,0.986040
MTDheight,0.500,30,135,6.8000,1.180283
MTDheight,0.500,30,136,6.8500,1.488900
MTDheight,0.500,30,137,6.9000,1.408289
MTDheight,0.500,30,138,6.9500,1.522674
MTDheight,0.500,30,139,7.0000,1.760909
MTDheight,0.500,30,140,7.0500,2.073364
MTDheight,0.500,30,141,7.1000,2.081285
MTDheight,0.500,30,142,7.1500,1.983021
MTDheight,0.500,30,143,7.2000,1.685622
MTDheight,0.500,30,144,7.2500,1.367058
MTDheight,0.500,30,145,7.3000,1.063544
MTDheight,0.500,30,146,7.3500,0.767905
MTDheight,0.500,30,147,7.4000,0.506922
MTDheight,0.500,30,148,7.4500,0.374680
MTDheight,0.500,30,149,7.5000,0.344349
MTDheight,0.500,30,150,7.5500,0.567005
MTDheight,0.500,30,151,7.6000,0.833187
MTDheight,0.500,30,152,7.6500,0.985645
MTDheight,0.500,30,153,7.7000,1.238347
MTDheight,0.500,30,154,7.7500,1.503339
MTDheight,0.500,30,155,7.8000,1.753739
MTDheight,0.500,30,156,7.8500,1.955170
MTDheight,0.500,30,157,7.9000,2.190839
MTDheight,0.500,30,158,7.9500,2.348923
MTDheight,0.500,30,159,8.0000,2.460030
MTDheight,0.500,30,160,8.0500,2.606893
MTDheight,0.500,30,161,8.1000,2.575693
MTDheight,0.500,30,162,8.1500,2.386396
MTDheight,0.500,30,163,8.2000,2.288348
MTDheight,0.500,30,164,8.2500,2.246141
MTDheight,0.500,30,165,8.3000,2.092396
MTDheight,0.500,30,166,8.3500,2.115191
MTDheight,0.500,30,167,8.4000,2.122475
MTDheight,0.500,30,168,8.4500,1.891462
MTDheight,0.500,30,169,8.5000,1.820281
MTDheight,0.500,30,170,8.5500,1.556470
MTDheight,0.500,30,171,8.6000,1.566527
MTDheight,0.500,30,172,8.6500,1.423320
MTDheight,0.500,30,173,8.7000,1.160288
MTDheight,0.500,30,174,8.7500,1.050422
MTDheight,0.500,30,175,8.8000,0.967817
MTDheight,0.500,30,176,8.8500,0.833629
MTDheight,0.500,30,177,8.9000,0.689733
MTDheight,0.500,30,178,8.9500,0.580234
MTDheight,0.500,30,179,9.0000,0.498380
MTDheight,0.500,30,180,9.0500,0.421481
MTDheight,0.500,30,181,9.1000,0.419301
MTDheight,0.500,30,182,9.1500,0.384730
MTDheight,0.500,30,183,9.2000,0.440046
MTDheight,0.500,30,184,9.2500,0.321112
MTDheight,0.500,30,185,9.3000,0.308102
MTDheight,0.500,30,186,9.3500,0.418470
MTDheight,0.500,30,187,9.4000,0.448851
MTDheight,0.500,30,188,9.4500,0.476936
MTDheight,0.500,30,189,9.5000,0.489143
MTDheight,0.500,30,190,9.5500,0.616275
MTDheight,0.500,30,191,9.6000,0.675521
MTDheight,0.500,30,192,9.6500,0.696249
MTDheight,0.500,30,193,9.7000,0.751580
MTDheight,0.500,30,194,9.7500,0.844657
MTDheight,0.500,30,195,9.8000,0.724336
MTDheight,0.500,30,196,9.8500,0.511064
MTDheight,0.500,30,197,9.9000,0.350440
MTDheight,0.500,30,198,9.9500,0.370531
MTDheight,0.500,30,199,10.0000,0.512795
MTDheight,0.500,40,0,0.0500,10.869696
MTDheight,0.500,40,1,0.1000,8.851880
MTDheight,0.500,40,2,0.1500,7.189910
MTDheight,0.500,40,3,0.2000,5.934873
MTDheight,0.500,40,4,0.2500,4.638292
MTDheight,0.500,40,5,0.3000,4.143967
MTDheight,0.500,40,6,0.3500,3.238223
MTDheight,0.500,40,7,0.4000,2.850025
MTDheight,0.500,40,8,0.4500,2.537184
MTDheight,0.500,40,9,0.5000,3.171420
MTDheight,0.500,40,10,0.5500,4.257631
MTDheight,0.500,40,11,0.6000,5.476015
MTDheight,0.500,40,12,0.6500,6.436981
MTDheight,0.500,40,13,0.7000,7.070914
MTDheight,0.500,40,14,0.7500,6.306886
MTDheight,0.500,40,15,0.8000,4.639606
MTDheight,0.500,40,16,0.8500,3.755555
MTDheight,0.500,40,17,0.9000,3.378343
MTDheight,0.500,40,18,0.9500,2.831165
MTDheight,0.500,40,19,1.0000,2.970381
MTDheight,0.500,40,20,1.0500,2.986235
MTDheight,0.500,40,21,1.1000,1.895770
MTDheight,0.500,40,22,1.1500,1.227999
MTDheight,0.500,40,23,1.2000,1.204522
MTDheight,0.500,40,24,1.2500,1.400494
MTDheight,0.500,40,25,1.3000,1.448895
MTDheight,0.500,40,26,1.3500,0.970681
MTDheight,0.500,40,27,1.4000,0.819024
MTDheight,0.500,40,28,1.4500,1.380309
MTDheight,0.500,40,29,1.5000,2.185037
MTDheight,0.500,40,30,1.5500,2.896207
MTDheight,0.500,40,31,1.6000,3.631499
MTDheight,0.500,40,32,1.6500,4.145880
MTDheight,0.500,40,33,1.7000,4.590087
MTDheight,0.500,40,34,1.7500,3.941782
MTDheight,0.500,40,35,1.8000,3.681784
MTDheight,0.500,40,36,1.8500,2.979278
MTDheight,0.500,40,37,1.9000,2.339380
MTDheight,0.500,40,38,1.9500,1.989763
MTDheight,0.500,40,39,2.0000,1.831486
MTDheight,0.500,40,40,2.0500,1.787693
MTDheight,0.500,40,41,2.1000,1.227860
MTDheight,0.500,40,42,2.1500,0.839233
MTDheight,0.500,40,43,2.2000,0.812953
MTDheight,0.500,40,44,2.2500,0.852383
MTDheight,0.500,40,45,2.3000,0.370455
MTDheight,0.500,40,46,2.3500,0.522452
MTDheight,0.500,40,47,2.4000,1.035383
MTDheight,0.500,40,48,2.4500,1.492979
MTDheight,0.500,40,49,2.5000,1.339761
MTDheight,0.500,40,50,2.5500,2.110271
MTDheight,0.500,40,51,2.6000,2.096992
MTDheight,0.500,40,52,2.6500,2.072975
MTDheight,0.500,40,53,2.7000,2.502775
MTDheight,0.500,40,54,2.7500,2.635746
MTDheight,0.500,40,55,2.8000,3.065225
MTDheight,0.500,40,56,2.8500,3.299279
MTDheight,0.500,40,57,2.9000,3.598668
MTDheight,0.500,40,58,2.9500,3.248707
MTDheight,0.500,40,59,3.0000,2.794142
MTDheight,0.500,40,60,3.0500,2.035452
MTDheight,0.500,40,61,3.1000,1.520689
MTDheight,0.500,40,62,3.1500,1.148749
MTDheight,0.500,40,63,3.2000,0.842139
MTDheight,0.500,40,64,3.2500,1.052620
MTDheight,0.500,40,65,3.3000,1.476796
MTDheight,0.500,40,66,3.3500,2.028118
MTDheight,0.500,40,67,3.4000,2.008675
MTDheight,0.500,40,68,3.4500,2.100039
MTDheight,0.500,40,69,3.5000,2.280962
MTDheight,0.500,40,70,3.5500,2.301969
MTDheight,0.500,40,71,3.6000,2.102330
MTDheight,0.500,40,72,3.6500,1.705960
MTDheight,0.500,40,73,3.7000,1.497898
MTDheight,0.500,40,74,3.7500,1.280545
MTDheight,0.500,40,75,3.8000,1.186401
MTDheight,0.500,40,76,3.8500,0.986920
MTDheight,0.500,40,77,3.9000,0.840742
MTDheight,0.500,40,78,3.9500,0.863898
MTDheight,0.500,40,79,4.0000,1.124844
MTDheight,0.500,40,80,4.0500,1.513935
MTDheight,0.500,40,81,4.1000,1.885349
MTDheight,0.500,40,82,4.1500,2.252974
MTDheight,0.500,40,83,4.2000,2.661375
MTDheight,0.500,40,84,4.2500,3.006393
MTDheight,0.500,40,85,4.3000,3.335565
MTDheight,0.500,40,86,4.3500,3.587799
MTDheight,0.500,40,87,4.4000,3.729004
MTDheight,0.500,40,88,4.4500,3.903115
MTDheight,0.500,40,89,4.5000,3.746882
MTDheight,0.500,40,90,4.5500,3.346824
MTDheight,0.500,40,91,4.6000,2.844200
MTDheight,0.500,40,92,4.6500,2.785326
MTDheight,0.500,40,93,4.7000,2.712152
MTDheight,0.500,40,94,4.7500,2.266754
MTDheight,0.500,40,95,4.8000,2.016597
MTDheight,0.500,40,96,4.8500,1.949080
MTDheight,0.500,40,97,4.9000,1.517375
MTDheight,0.500,40,98,4.9500,1.343460
MTDheight,0.500,40,99,5.0000,1.170311
MTDheight,0.500,40,100,5.0500,0.992395
MTDheight,0.500,40,101,5.1000,0.832453
MTDheight,0.500,40,102,5.1500,0.649078
MTDheight,0.500,40,103,5.2000,0.584906
MTDheight,0.500,40,104,5.2500,0.709034
MTDheight,0.500,40,105,5.3000,0.580804
MTDheight,0.500,40,106,5.3500,0.426268
MTDheight,0.500,40,107,5.4000,0.513252
MTDheight,0.500,40,108,5.4500,0.533053
MTDheight,0.500,40,109,5.5000,0.699875
MTDheight,0.500,40,110,5.5500,1.122825
MTDheight,0.500,40,111,5.6000,1.142146
MTDheight,0.500,40,112,5.6500,0.803799
MTDheight,0.500,40,113,5.7000,0.508243
MTDheight,0.500,40,114,5.7500,0.368535
MTDheight,0.500,40,115,5.8000,0.608291
MTDheight,0.500,40,116,5.8500,0.701872
MTDheight,0.500,40,117,5.9000,1.019715
MTDheight,0.500,40,118,5.9500,1.333653
MTDheight,0.500,40,119,6.0000,1.567066
MTDheight,0.500,40,120,6.0500,1.843814
MTDheight,0.500,40,121,6.1000,2.183630
MTDheight,0.500,40,122,6.1500,2.312357
MTDheight,0.500,40,123,6.2000,2.350280
MTDheight,0.500,40,124,6.2500,2.334923
MTDheight,0.500,40,125,6.3000,2.365229
MTDheight,0.500,40,126,6.3500,2.040816
MTDheight,0.500,40,127,6.4000,1.859874
MTDheight,0.500,40,128,6.4500,1.638204
MTDheight,0.500,40,129,6.5000,1.587054
MTDheight,0.500,40,130,6.5500,1.461751
MTDheight,0.500,40,131,6.6000,1.301286
MTDheight,0.500,40,132,6.6500,1.126874
MTDheight,0.500,40,133,6.7000,1.027629
MTDheight,0.500,40,134,6.7500,0.916238
MTDheight,0.500,40,135,6.8000,0.722898
MTDheight,0.500,40,136,6.8500,0.677671
MTDheight,0.500,40,137,6.9000,0.585338
MTDheight,0.500,40,138,6.9500,0.517716
MTDheight,0.500,40,139,7.0000,0.491439
MTDheight,0.500,40,140,7.0500,0.498659
MTDheight,0.500,40,141,7.1000,0.504314
MTDheight,0.500,40,142,7.1500,0.486255
MTDheight,0.500,40,143,7.2000,0.557767
MTDheight,0.500,40,144,7.2500,0.396003
MTDheight,0.500,40,145,7.3000,0.310301
MTDheight,0.500,40,146,7.3500,0.407026
MTDheight,0.500,40,147,7.4000,0.379373
MTDheight,0.500,40,148,7.4500,0.402530
MTDheight,0.500,40,149,7.5000,0.554907
MTDheight,0.500,40,150,7.5500,0.704041
MTDheight,0.500,40,151,7.6000,0.777527
MTDheight,0.500,40,152,7.6500,0.817107
MTDheight,0.500,40,153,7.7000,0.640788
MTDheight,0.500,40,154,7.7500,0.630247
MTDheight,0.500,40,155,7.8000,0.536770
MTDheight,0.500,40,156,7.8500,0.520002
MTDheight,0.500,40,157,7.9000,0.728280
MTDheight,0.500,40,158,7.9500,0.975573
MTDheight,0.500,40,159,8.0000,1.088569
MTDheight,0.500,40,160,8.0500,1.293456
MTDheight,0.500,40,161,8.1000,1.387263
MTDheight,0.500,40,162,8.1500,1.445180
MTDheight,0.500,40,163,8.2000,1.075199
MTDheight,0.500,40,164,8.2500,0.907509
MTDheight,0.500,40,165,8.3000,0.836472
MTDheight,0.500,40,166,8.3500,0.613167
MTDheight,0.500,40,167,8.4000,0.504887
MTDheight,0.500,40,168,8.4500,0.343141
MTDheight,0.500,40,169,8.5000,0.324087
MTDheight,0.500,40,170,8.5500,0.317059
MTDheight,0.500,40,171,8.6000,0.350500
MTDheight,0.500,40,172,8.6500,0.387837
MTDheight,0.500,40,173,8.7000,0.495128
MTDheight,0.500,40,174,8.7500,0.580140
MTDheight,0.500,40,175,8.8000,0.583165
MTDheight,0.500,40,176,8.8500,0.593228
MTDheight,0.500,40,177,8.9000,0.640756
MTDheight,0.500,40,178,8.9500,0.692768
MTDheight,0.500,40,179,9.0000,0.840715
MTDheight,0.500,40,180,9.0500,1.029724
MTDheight,0.500,40,181,9.1000,1.180252
MTDheight,0.500,40,182,9.1500,1.345649
MTDheight,0.500,40,183,9.2000,1.474870
MTDheight,0.500,40,184,9.2500,1.701914
MTDheight,0.500,40,185,9.3000,1.870279
MTDheight,0.500,40,186,9.3500,2.191921
MTDheight,0.500,40,187,9.4000,2.316965
MTDheight,0.500,40,188,9.4500,2.143612
MTDheight,0.500,40,189,9.5000,1.909081
MTDheight,0.500,40,190,9.5500,1.684343
MTDheight,0.500,40,191,9.6000,1.487064
MTDheight,0.500,40,192,9.6500,1.312112
MTDheight,0.500,40,193,9.7000,1.151132
MTDheight,0.500,40,194,9.7500,1.145147
MTDheight,0.500,40,195,9.8000,1.000815
MTDheight,0.500,40,196,9.8500,0.903790
MTDheight,0.500,40,197,9.9000,0.757159
MTDheight,0.500,40,198,9.9500,0.679846
MTDheight,0.500,40,199,10.0000,0.656081
MTDheight,0.500,50,0,0.0500,11.061228
MTDheight,0.500,50,1,0.1000,8.874873
MTDheight,0.500,50,2,0.1500,7.324622
MTDheight,0.500,50,3,0.2000,5.952478
MTDheight,0.500,50,4,0.2500,5.923359
MTDheight,0.500,50,5,0.3000,4.268287
MTDheight,0.500,50,6,0.3500,3.104333
MTDheight,0.500,50,7,0.4000,2.410378
MTDheight,0.500,50,8,0.4500,2.555772
MTDheight,0.500,50,9,0.5000,2.157925
MTDheight,0.500,50,10,0.5500,1.305980
MTDheight,0.500,50,11,0.6000,1.711960
MTDheight,0.500,50,12,0.6500,1.461632
MTDheight,0.500,50,13,0.7000,1.509435
MTDheight,0.500,50,14,0.7500,2.615874
MTDheight,0.500,50,15,0.8000,2.459628
MTDheight,0.500,50,16,0.8500,2.616280
MTDheight,0.500,50,17,0.9000,3.308694
MTDheight,0.500,50,18,0.9500,2.989086
MTDheight,0.500,50,19,1.0000,1.931231
MTDheight,0.500,50,20,1.0500,2.168352
MTDheight,0.500,50,21,1.1000,2.355272
MTDheight,0.500,50,22,1.1500,2.511925
MTDheight,0.500,50,23,1.2000,3.279440
MTDheight,0.500,50,24,1.2500,4.042120
MTDheight,0.500,50,25,1.3000,4.282766
MTDheight,0.500,50,26,1.3500,4.190099
MTDheight,0.500,50,27,1.4000,3.133048
MTDheight,0.500,50,28,1.4500,1.957014
MTDheight,0.500,50,29,1.5000,0.774136
MTDheight,0.500,50,30,1.5500,0.465546
MTDheight,0.500,50,31,1.6000,1.315876
MTDheight,0.500,50,32,1.6500,2.054658
MTDheight,0.500,50,33,1.7000,2.309966
MTDheight,0.500,50,34,1.7500,2.586708
MTDheight,0.500,50,35,1.8000,1.816288
MTDheight,0.500,50,36,1.8500,1.387849
MTDheight,0.500,50,37,1.9000,0.834539
MTDheight,0.500,50,38,1.9500,0.775663
MTDheight,0.500,50,39,2.0000,0.897195
MTDheight,0.500,50,40,2.0500,1.114665
MTDheight,0.500,50,41,2.1000,1.169264
MTDheight,0.500,50,42,2.1500,1.204369
MTDheight,0.500,50,43,2.2000,1.407484
MTDheight,0.500,50,44,2.2500,1.750368
MTDheight,0.500,50,45,2.3000,2.203384
MTDheight,0.500,50,46,2.3500,2.264678
MTDheight,0.500,50,47,2.4000,2.325656
MTDheight,0.500,50,48,2.4500,2.953780
MTDheight,0.500,50,49,2.5000,3.531515
MTDheight,0.500,50,50,2.5500,3.712763
MTDheight,0.500,50,51,2.6000,3.956482
MTDheight,0.500,50,52,2.6500,3.260619
MTDheight,0.500,50,53,2.7000,2.634234
MTDheight,0.500,50,54,2.7500,1.975686
MTDheight,0.500,50,55,2.8000,1.398824
MTDheight,0.500,50,56,2.8500,0.987752
MTDheight,0.500,50,57,2.9000,0.569876
MTDheight,0.500,50,58,2.9500,0.323368
MTDheight,0.500,50,59,3.0000,0.481201
MTDheight,0.500,50,60,3.0500,0.514312
MTDheight,0.500,50,61,3.1000,0.717962
MTDheight,0.500,50,62,3.1500,0.874371
MTDheight,0.500,50,63,3.2000,1.294785
MTDheight,0.500,50,64,3.2500,1.344687
MTDheight,0.500,50,65,3.3000,1.268540
MTDheight,0.500,50,66,3.3500,1.382101
MTDheight,0.500,50,67,3.4000,1.225338
MTDheight,0.500,50,68,3.4500,0.882984
MTDheight,0.500,50,69,3.5000,0.974765
MTDheight,0.500,50,70,3.5500,1.156527
MTDheight,0.500,50,71,3.6000,1.533532
MTDheight,0.500,50,72,3.6500,1.964463
MTDheight,0.500,50,73,3.7000,2.329364
MTDheight,0.500,50,74,3.7500,2.753440
MTDheight,0.500,50,75,3.8000,3.125460
MTDheight,0.500,50,76,3.8500,3.509489
MTDheight,0.500,50,77,3.9000,3.516739
MTDheight,0.500,50,78,3.9500,2.808926
MTDheight,0.500,50,79,4.0000,2.804300
MTDheight,0.500,50,80,4.0500,2.267435
MTDheight,0.500,50,81,4.1000,2.013246
MTDheight,0.500,50,82,4.1500,1.968202
MTDheight,0.500,50,83,4.2000,1.776744
MTDheight,0.500,50,84,4.2500,1.699173
MTDheight,0.500,50,85,4.3000,1.397476
MTDheight,0.500,50,86,4.3500,1.262573
MTDheight,0.500,50,87,4.4000,0.860503
MTDheight,0.500,50,88,4.4500,0.832530
MTDheight,0.500,50,89,4.5000,0.889263
MTDheight,0.500,50,90,4.5500,0.684313
MTDheight,0.500,50,91,4.6000,0.693712
MTDheight,0.500,50,92,4.6500,0.586257
MTDheight,0.500,50,93,4.7000,0.577830
MTDheight,0.500,50,94,4.7500,0.834802
MTDheight,0.500,50,95,4.8000,1.104233
MTDheight,0.500,50,96,4.8500,0.892843
MTDheight,0.500,50,97,4.9000,0.762270
MTDheight,0.500,50,98,4.9500,0.832563
MTDheight,0.500,50,99,5.0000,0.938941
MTDheight,0.500,50,100,5.0500,1.081658
MTDheight,0.500,50,101,5.1000,1.307207
MTDheight,0.500,50,102,5.1500,1.422070
MTDheight,0.500,50,103,5.2000,1.699220
MTDheight,0.500,50,104,5.2500,2.027883
MTDheight,0.500,50,105,5.3000,1.824745
MTDheight,0.500,50,106,5.3500,1.467005
MTDheight,0.500,50,107,5.4000,1.067501
MTDheight,0.500,50,108,5.4500,0.747812
MTDheight,0.500,50,109,5.5000,0.758665
MTDheight,0.500,50,110,5.5500,0.539663
MTDheight,0.500,50,111,5.6000,0.583113
MTDheight,0.500,50,112,5.6500,0.652333
MTDheight,0.500,50,113,5.7000,0.848954
MTDheight,0.500,50,114,5.7500,0.701278
MTDheight,0.500,50,115,5.8000,0.508939
MTDheight,0.500,50,116,5.8500,0.634619
MTDheight,0.500,50,117,5.9000,0.777244
MTDheight,0.500,50,118,5.9500,0.705297
MTDheight,0.500,50,119,6.0000,0.667018
MTDheight,0.500,50,120,6.0500,0.714152
MTDheight,0.500,50,121,6.1000,0.673850
MTDheight,0.500,50,122,6.1500,0.841163
MTDheight,0.500,50,123,6.2000,1.057463
MTDheight,0.500,50,124,6.2500,1.045036
MTDheight,0.500,50,125,6.3000,0.834886
MTDheight,0.500,50,126,6.3500,0.566610
MTDheight,0.500,50,127,6.4000,0.526739
MTDheight,0.500,50,128,6.4500,0.501705
MTDheight,0.500,50,129,6.5000,0.713146
MTDheight,0.500,50,130,6.5500,0.964844
MTDheight,0.500,50,131,6.6000,1.153884
MTDheight,0.500,50,132,6.6500,0.911085
MTDheight,0.500,50,133,6.7000,0.968231
MTDheight,0.500,50,134,6.7500,0.634019
MTDheight,0.500,50,135,6.8000,0.567582
MTDheight,0.500,50,136,6.8500,0.407955
MTDheight,0.500,50,137,6.9000,0.412564
MTDheight,0.500,50,138,6.9500,0.236085
MTDheight,0.500,50,139,7.0000,0.376745
MTDheight,0.500,50,140,7.0500,0.648782
MTDheight,0.500,50,141,7.1000,0.781851
MTDheight,0.500,50,142,7.1500,0.894951
MTDheight,0.500,50,143,7.2000,1.069082
MTDheight,0.500,50,144,7.2500,1.311050
MTDheight,0.500,50,145,7.3000,1.560572
MTDheight,0.500,50,146,7.3500,1.590355
MTDheight,0.500,50,147,7.4000,1.322282
MTDheight,0.500,50,148,7.4500,1.162138
MTDheight,0.500,50,149,7.5000,0.889679
MTDheight,0.500,50,150,7.5500,0.751157
MTDheight,0.500,50,151,7.6000,0.722407
MTDheight,0.500,50,152,7.6500,0.636760
MTDheight,0.500,50,153,7.7000,0.580407
MTDheight,0.500,50,154,7.7500,0.600857
MTDheight,0.500,50,155,7.8000,0.630158
MTDheight,0.500,50,156,7.8500,0.736526
MTDheight,0.500,50,157,7.9000,0.934582
MTDheight,0.500,50,158,7.9500,1.158310
MTDheight,0.500,50,159,8.0000,1.395990
MTDheight,0.500,50,160,8.0500,1.623865
MTDheight,0.500,50,161,8.1000,1.842238
MTDheight,0.500,50,162,8.1500,2.075629
MTDheight,0.500,50,163,8.2000,2.290490
MTDheight,0.500,50,164,8.2500,2.389912
MTDheight,0.500,50,165,8.3000,2.273929
MTDheight,0.500,50,166,8.3500,2.062921
MTDheight,0.500,50,167,8.4000,1.941902
MTDheight,0.500,50,168,8.4500,1.748959
MTDheight,0.500,50,169,8.5000,1.614300
MTDheight,0.500,50,170,8.5500,1.508468
MTDheight,0.500,50,171,8.6000,1.347851
MTDheight,0.500,50,172,8.6500,1.283707
MTDheight,0.500,50,173,8.7000,1.127632
MTDheight,0.500,50,174,8.7500,1.111984
MTDheight,0.500,50,175,8.8000,0.942384
MTDheight,0.500,50,176,8.8500,0.955050
MTDheight,0.500,50,177,8.9000,0.980452
MTDheight,0.500,50,178,8.9500,1.070933
MTDheight,0.500,50,179,9.0000,1.231163
MTDheight,0.500,50,180,9.0500,1.120973
MTDheight,0.500,50,181,9.1000,0.939227
MTDheight,0.500,50,182,9.1500,0.977779
MTDheight,0.500,50,183,9.2000,1.130725
MTDheight,0.500,50,184,9.2500,1.051174
MTDheight,0.500,50,185,9.3000,1.021484
MTDheight,0.500,50,186,9.3500,1.075636
MTDheight,0.500,50,187,9.4000,0.822497
MTDheight,0.500,50,188,9.4500,0.820090
MTDheight,0.500,50,189,9.5000,0.804844
MTDheight,0.500,50,190,9.5500,0.788384
MTDheight,0.500,50,191,9.6000,0.683549
MTDheight,0.500,50,192,9.6500,0.665303
MTDheight,0.500,50,193,9.7000,0.665359
MTDheight,0.500,50,194,9.7500,0.696831
MTDheight,0.500,50,195,9.8000,0.772041
MTDheight,0.500,50,196,9.8500,0.945389
MTDheight,0.500,50,197,9.9000,1.176425
MTDheight,0.500,50,198,9.9500,1.418800
MTDheight,0.500,50,199,10.0000,1.526343
MTDheight,1.00,10,0,0.0500,8.802344
MTDheight,1.00,10,1,0.1000,5.808691
MTDheight,1.00,10,2,0.1500,3.773786
MTDheight,1.00,10,3,0.2000,3.066680
MTDheight,1.00,10,4,0.2500,5.265132
MTDheight,1.00,10,5,0.3000,6.777313
MTDheight,1.00,10,6,0.3500,4.459373
MTDheight,1.00,10,7,0.4000,3.027524
MTDheight,1.00,10,8,0.4500,1.657277
MTDheight,1.00,10,9,0.5000,1.005561
MTDheight,1.00,10,10,0.5500,0.918942
MTDheight,1.00,10,11,0.6000,1.439983
MTDheight,1.00,10,12,0.6500,1.893997
MTDheight,1.00,10,13,0.7000,2.534133
MTDheight,1.00,10,14,0.7500,2.746936
MTDheight,1.00,10,15,0.8000,3.678714
MTDheight,1.00,10,16,0.8500,4.917034
MTDheight,1.00,10,17,0.9000,4.773335
MTDheight,1.00,10,18,0.9500,2.900602
MTDheight,1.00,10,19,1.0000,1.787289
MTDheight,1.00,10,20,1.0500,1.196602
MTDheight,1.00,10,21,1.1000,2.347128
MTDheight,1.00,10,22,1.1500,3.087096
MTDheight,1.00,10,23,1.2000,3.118097
MTDheight,1.00,10,24,1.2500,2.441431
MTDheight,1.00,10,25,1.3000,1.888140
MTDheight,1.00,10,26,1.3500,1.736660
MTDheight,1.00,10,27,1.4000,1.117413
MTDheight,1.00,10,28,1.4500,0.884453
MTDheight,1.00,10,29,1.5000,0.744785
MTDheight,1.00,10,30,1.5500,1.108282
MTDheight,1.00,10,31,1.6000,1.027420
MTDheight,1.00,10,32,1.6500,0.495109
MTDheight,1.00,10,33,1.7000,0.927771
MTDheight,1.00,10,34,1.7500,0.876065
MTDheight,1.00,10,35,1.8000,1.190766
MTDheight,1.00,10,36,1.8500,1.625429
MTDheight,1.00,10,37,1.9000,1.956675
MTDheight,1.00,10,38,1.9500,2.634133
MTDheight,1.00,10,39,2.0000,3.378687
MTDheight,1.00,10,40,2.0500,4.058846
MTDheight,1.00,10,41,2.1000,4.368624
MTDheight,1.00,10,42,2.1500,3.084394
MTDheight,1.00,10,43,2.2000,2.834360
MTDheight,1.00,10,44,2.2500,2.170985
MTDheight,1.00,10,45,2.3000,1.664278
MTDheight,1.00,10,46,2.3500,1.544420
MTDheight,1.00,10,47,2.4000,1.165709
MTDheight,1.00,10,48,2.4500,0.869544
MTDheight,1.00,10,49,2.5000,0.835900
MTDheight,1.00,10,50,2.5500,0.832348
MTDheight,1.00,10,51,2.6000,1.413544
MTDheight,1.00,10,52,2.6500,1.638098
MTDheight,1.00,10,53,2.7000,1.504365
MTDheight,1.00,10,54,2.7500,1.441283
MTDheight,1.00,10,55,2.8000,1.502045
MTDheight,1.00,10,56,2.8500,1.627982
MTDheight,1.00,10,57,2.9000,1.979729
MTDheight,1.00,10,58,2.9500,2.220221
MTDheight,1.00,10,59,3.0000,2.323802
MTDheight,1.00,10,60,3.0500,2.503573
MTDheight,1.00,10,61,3.1000,2.953615
MTDheight,1.00,10,62,3.1500,3.142726
MTDheight,1.00,10,63,3.2000,3.175802
MTDheight,1.00,10,64,3.2500,3.306922
MTDheight,1.00,10,65,3.3000,3.024620
MTDheight,1.00,10,66,3.3500,2.294998
MTDheight,1.00,10,67,3.4000,1.859071
MTDheight,1.00,10,68,3.4500,1.874347
MTDheight,1.00,10,69,3.5000,2.036122
MTDheight,1.00,10,70,3.5500,2.204617
MTDheight,1.00,10,71,3.6000,2.405596
MTDheight,1.00,10,72,3.6500,2.638258
MTDheight,1.00,10,73,3.7000,2.757669
MTDheight,1.00,10,74,3.7500,3.114434
MTDheight,1.00,10,75,3.8000,3.334695
MTDheight,1.00,10,76,3.8500,3.735073
MTDheight,1.00,10,77,3.9000,3.923154
MTDheight,1.00,10,78,3.9500,4.348108
MTDheight,1.00,10,79,4.0000,4.084582
MTDheight,1.00,10,80,4.0500,3.245395
MTDheight,1.00,10,81,4.1000,2.587059
MTDheight,1.00,10,82,4.1500,2.008057
MTDheight,1.00,10,83,4.2000,1.581099
MTDheight,1.00,10,84,4.2500,1.222440
MTDheight,1.00,10,85,4.3000,0.819256
MTDheight,1.00,10,86,4.3500,0.828072
MTDheight,1.00,10,87,4.4000,0.732515
MTDheight,1.00,10,88,4.4500,0.999983
MTDheight,1.00,10,89,4.5000,1.051899
MTDheight,1.00,10,90,4.5500,1.298419
MTDheight,1.00,10,91,4.6000,1.190040
MTDheight,1.00,10,92,4.6500,0.777615
MTDheight,1.00,10,93,4.7000,0.457714
MTDheight,1.00,10,94,4.7500,0.619648
MTDheight,1.00,10,95,4.8000,0.842105
MTDheight,1.00,10,96,4.8500,1.203624
MTDheight,1.00,10,97,4.9000,1.550157
MTDheight,1.00,10,98,4.9500,1.961196
MTDheight,1.00,10,99,5.0000,2.327367
MTDheight,1.00,10,100,5.0500,2.583528
MTDheight,1.00,10,101,5.1000,2.894865
MTDheight,1.00,10,102,5.1500,3.272123
MTDheight,1.00,10,103,5.2000,3.582308
MTDheight,1.00,10,104,5.2500,3.879508
MTDheight,1.00,10,105,5.3000,3.894492
MTDheight,1.00,10,106,5.3500,3.740417
MTDheight,1.00,10,107,5.4000,3.738091
MTDheight,1.00,10,108,5.4500,3.549358
MTDheight,1.00,10,109,5.5000,3.070801
MTDheight,1.00,10,110,5.5500,2.823746
MTDheight,1.00,10,111,5.6000,2.598946
MTDheight,1.00,10,112,5.6500,2.288096
MTDheight,1.00,10,113,5.7000,2.268349
MTDheight,1.00,10,114,5.7500,2.008676
MTDheight,1.00,10,115,5.8000,1.775626
MTDheight,1.00,10,116,5.8500,1.732743
MTDheight,1.00,10,117,5.9000,1.448532
MTDheight,1.00,10,118,5.9500,1.463781
MTDheight,1.00,10,119,6.0000,1.501018
MTDheight,1.00,10,120,6.0500,1.375493
MTDheight,1.00,10,121,6.1000,1.000279
MTDheight,1.00,10,122,6.1500,0.799613
MTDheight,1.00,10,123,6.2000,0.678845
MTDheight,1.00,10,124,6.2500,0.606242
MTDheight,1.00,10,125,6.3000,0.594243
MTDheight,1.00,10,126,6.3500,0.515627
MTDheight,1.00,10,127,6.4000,0.533561
MTDheight,1.00,10,128,6.4500,0.749771
MTDheight,1.00,10,129,6.5000,0.813089
MTDheight,1.00,10,130,6.5500,0.575335
MTDheight,1.00,10,131,6.6000,0.458733
MTDheight,1.00,10,132,6.6500,0.263803
MTDheight,1.00,10,133,6.7000,0.461454
MTDheight,1.00,10,134,6.7500,0.755081
MTDheight,1.00,10,135,6.8000,0.885383
MTDheight,1.00,10,136,6.8500,1.202896
MTDheight,1.00,10,137,6.9000,1.423926
MTDheight,1.00,10,138,6.9500,1.575015
MTDheight,1.00,10,139,7.0000,1.836255
MTDheight,1.00,10,140,7.0500,2.117950
MTDheight,1.00,10,141,7.1000,2.410019
MTDheight,1.00,10,142,7.1500,2.657586
MTDheight,1.00,10,143,7.2000,2.808036
MTDheight,1.00,10,144,7.2500,2.798146
MTDheight,1.00,10,145,7.3000,2.557251
MTDheight,1.00,10,146,7.3500,2.251858
MTDheight,1.00,10,147,7.4000,2.191536
MTDheight,1.00,10,148,7.4500,2.129171
MTDheight,1.00,10,149,7.5000,1.881956
MTDheight,1.00,10,150,7.5500,1.724985
MTDheight,1.00,10,151,7.6000,1.492827
MTDheight,1.00,10,152,7.6500,1.277420
MTDheight,1.00,10,153,7.7000,1.076557
MTDheight,1.00,10,154,7.7500,0.969887
MTDheight,1.00,10,155,7.8000,0.843106
MTDheight,1.00,10,156,7.8500,0.773832
MTDheight,1.00,10,157,7.9000,0.705017
MTDheight,1.00,10,158,7.9500,0.605888
MTDheight,1.00,10,159,8.0000,0.683452
MTDheight,1.00,10,160,8.0500,0.946507
MTDheight,1.00,10,161,8.1000,1.090588
MTDheight,1.00,10,162,8.1500,1.079368
MTDheight,1.00,10,163,8.2000,0.834115
MTDheight,1.00,10,164,8.2500,0.618982
MTDheight,1.00,10,165,8.3000,0.551443
MTDheight,1.00,10,166,8.3500,0.495626
MTDheight,1.00,10,167,8.4000,0.409079
MTDheight,1.00,10,168,8.4500,0.394979
MTDheight,1.00,10,169,8.5000,0.462992
MTDheight,1.00,10,170,8.5500,0.453300
MTDheight,1.00,10,171,8.6000,0.352537
MTDheight,1.00,10,172,8.6500,0.487883
MTDheight,1.00,10,173,8.7000,0.855527
MTDheight,1.00,10,174,8.7500,0.887627
MTDheight,1.00,10,175,8.8000,0.787693
MTDheight,1.00,10,176,8.8500,0.754855
MTDheight,1.00,10,177,8.9000,0.922489
MTDheight,1.00,10,178,8.9500,1.080205
MTDheight,1.00,10,179,9.0000,1.143554
MTDheight,1.00,10,180,9.0500,1.180162
MTDheight,1.00,10,181,9.1000,1.248800
MTDheight,1.00,10,182,9.1500,1.333110
MTDheight,1.00,10,183,9.2000,1.302871
MTDheight,1.00,10,184,9.2500,1.393449
MTDheight,1.00,10,185,9.3000,1.467414
MTDheight,1.00,10,186,9.3500,1.493913
MTDheight,1.00,10,187,9.4000,1.525210
MTDheight,1.00,10,188,9.4500,1.398021
MTDheight,1.00,10,189,9.5000,1.328469
MTDheight,1.00,10,190,9.5500,1.405146
MTDheight,1.00,10,191,9.6000,1.507388
MTDheight,1.00,10,192,9.6500,1.545552
MTDheight,1.00,10,193,9.7000,1.525640
MTDheight,1.00,10,194,9.7500,1.272947
MTDheight,1.00,10,195,9.8000,1.020380
MTDheight,1.00,10,196,9.8500,0.807768
MTDheight,1.00,10,197,9.9000,0.700674
MTDheight,1.00,10,198,9.9500,0.561697
MTDheight,1.00,10,199,10.0000,0.507273
MTDheight,1.00,20,0,0.0500,8.300044
MTDheight,1.00,20,1,0.1000,6.029587
MTDheight,1.00,20,2,0.1500,4.656724
MTDheight,1.00,20,3,0.2000,2.476058
MTDheight,1.00,20,4,0.2500,2.010144
MTDheight,1.00,20,5,0.3000,3.137251
MTDheight,1.00,20,6,0.3500,4.980120
MTDheight,1.00,20,7,0.4000,4.427794
MTDheight,1.00,20,8,0.4500,3.378607
MTDheight,1.00,20,9,0.5000,2.312292
MTDheight,1.00,20,10,0.5500,1.435692
MTDheight,1.00,20,11,0.6000,1.341079
MTDheight,1.00,20,12,0.6500,1.259338
MTDheight,1.00,20,13,0.7000,2.609286
MTDheight,1.00,20,14,0.7500,1.750993
MTDheight,1.00,20,15,0.8000,1.461837
MTDheight,1.00,20,16,0.8500,1.841188
MTDheight,1.00,20,17,0.9000,2.284004
MTDheight,1.00,20,18,0.9500,2.535130
MTDheight,1.00,20,19,1.0000,1.603942
MTDheight,1.00,20,20,1.0500,1.790879
MTDheight,1.00,20,21,1.1000,3.002237
MTDheight,1.00,20,22,1.1500,3.918214
MTDheight,1.00,20,23,1.2000,4.979665
MTDheight,1.00,20,24,1.2500,5.644690
MTDheight,1.00,20,25,1.3000,5.251958
MTDheight,1.00,20,26,1.3500,4.105932
MTDheight,1.00,20,27,1.4000,2.876753
MTDheight,1.00,20,28,1.4500,2.962573
MTDheight,1.00,20,29,1.5000,2.113439
MTDheight,1.00,20,30,1.5500,2.352668
MTDheight,1.00,20,31,1.6000,2.094071
MTDheight,1.00,20,32,1.6500,1.087134
MTDheight,1.00,20,33,1.7000,0.657258
MTDheight,1.00,20,34,1.7500,0.892654
MTDheight,1.00,20,35,1.8000,1.736758
MTDheight,1.00,20,36,1.8500,2.332947
MTDheight,1.00,20,37,1.9000,2.089771
MTDheight,1.00,20,38,1.9500,1.630541
MTDheight,1.00,20,39,2.0000,0.794179
MTDheight,1.00,20,40,2.0500,1.117520
MTDheight,1.00,20,41,2.1000,1.394414
MTDheight,1.00,20,42,2.1500,1.639590
MTDheight,1.00,20,43,2.2000,1.279492
MTDheight,1.00,20,44,2.2500,1.184556
MTDheight,1.00,20,45,2.3000,1.238264
MTDheight,1.00,20,46,2.3500,1.576998
MTDheight,1.00,20,47,2.4000,1.626316
MTDheight,1.00,20,48,2.4500,1.792142
MTDheight,1.00,20,49,2.5000,1.972172
MTDheight,1.00,20,50,2.5500,2.168650
MTDheight,1.00,20,51,2.6000,2.469281
MTDheight,1.00,20,52,2.6500,2.654702
MTDheight,1.00,20,53,2.7000,3.149802
MTDheight,1.00,20,54,2.7500,3.385341
MTDheight,1.00,20,55,2.8000,3.614497
MTDheight,1.00,20,56,2.8500,3.549566
MTDheight,1.00,20,57,2.9000,2.433269
MTDheight,1.00,20,58,2.9500,1.798071
MTDheight,1.00,20,59,3.0000,1.129200
MTDheight,1.00,20,60,3.0500,0.473367
MTDheight,1.00,20,61,3.1000,0.762127
MTDheight,1.00,20,62,3.1500,1.273393
MTDheight,1.00,20,63,3.2000,1.810141
MTDheight,1.00,20,64,3.2500,2.403295
MTDheight,1.00,20,65,3.3000,2.857167
MTDheight,1.00,20,66,3.3500,3.208476
MTDheight,1.00,20,67,3.4000,3.744980
MTDheight,1.00,20,68,3.4500,4.194963
MTDheight,1.00,20,69,3.5000,4.484179
MTDheight,1.00,20,70,3.5500,4.884677
MTDheight,1.00,20,71,3.6000,5.128004
MTDheight,1.00,20,72,3.6500,4.661146
MTDheight,1.00,20,73,3.7000,4.324055
MTDheight,1.00,20,74,3.7500,4.036078
MTDheight,1.00,20,75,3.8000,3.762833
MTDheight,1.00,20,76,3.8500,3.235972
MTDheight,1.00,20,77,3.9000,3.251834
MTDheight,1.00,20,78,3.9500,3.052617
MTDheight,1.00,20,79,4.0000,2.550970
MTDheight,1.00,20,80,4.0500,2.072423
MTDheight,1.00,20,81,4.1000,1.789877
MTDheight,1.00,20,82,4.1500,1.709544
MTDheight,1.00,20,83,4.2000,1.314969
MTDheight,1.00,20,84,4.2500,1.111878
MTDheight,1.00,20,85,4.3000,1.122960
MTDheight,1.00,20,86,4.3500,1.431778
MTDheight,1.00,20,87,4.4000,1.767540
MTDheight,1.00,20,88,4.4500,2.099320
MTDheight,1.00,20,89,4.5000,2.440209
MTDheight,1.00,20,90,4.5500,2.780763
MTDheight,1.00,20,91,4.6000,3.129910
MTDheight,1.00,20,92,4.6500,3.493849
MTDheight,1.00,20,93,4.7000,3.840847
MTDheight,1.00,20,94,4.7500,4.224119
MTDheight,1.00,20,95,4.8000,4.498348
MTDheight,1.00,20,96,4.8500,4.554518
MTDheight,1.00,20,97,4.9000,4.517575
MTDheight,1.00,20,98,4.9500,4.174805
MTDheight,1.00,20,99,5.0000,4.056214
MTDheight,1.00,20,100,5.0500,3.738213
MTDheight,1.00,20,101,5.1000,3.780078
MTDheight,1.00,20,102,5.1500,3.298348
MTDheight,1.00,20,103,5.2000,2.761410
MTDheight,1.00,20,104,5.2500,2.417387
MTDheight,1.00,20,105,5.3000,2.417658
MTDheight,1.00,20,106,5.3500,1.912699
MTDheight,1.00,20,107,5.4000,1.700152
MTDheight,1.00,20,108,5.4500,1.549108
MTDheight,1.00,20,109,5.5000,1.415991
MTDheight,1.00,20,110,5.5500,1.379912
MTDheight,1.00,20,111,5.6000,1.110019
MTDheight,1.00,20,112,5.6500,1.078663
MTDheight,1.00,20,113,5.7000,1.044941
MTDheight,1.00,20,114,5.7500,1.057068
MTDheight,1.00,20,115,5.8000,0.707642
MTDheight,1.00,20,116,5.8500,0.445481
MTDheight,1.00,20,117,5.9000,0.438615
MTDheight,1.00,20,118,5.9500,0.456708
MTDheight,1.00,20,119,6.0000,0.491951
MTDheight,1.00,20,120,6.0500,0.794185
MTDheight,1.00,20,121,6.1000,0.574390
MTDheight,1.00,20,122,6.1500,0.668616
MTDheight,1.00,20,123,6.2000,0.758296
MTDheight,1.00,20,124,6.2500,1.043677
MTDheight,1.00,20,125,6.3000,1.352254
MTDheight,1.00,20,126,6.3500,1.421316
MTDheight,1.00,20,127,6.4000,1.748860
MTDheight,1.00,20,128,6.4500,1.819523
MTDheight,1.00,20,129,6.5000,1.507668
MTDheight,1.00,20,130,6.5500,1.186051
MTDheight,1.00,20,131,6.6000,0.982340
MTDheight,1.00,20,132,6.6500,0.712675
MTDheight,1.00,20,133,6.7000,0.541928
MTDheight,1.00,20,134,6.7500,0.555482
MTDheight,1.00,20,135,6.8000,0.597975
MTDheight,1.00,20,136,6.8500,0.567865
MTDheight,1.00,20,137,6.9000,0.591592
MTDheight,1.00,20,138,6.9500,0.697247
MTDheight,1.00,20,139,7.0000,0.705536
MTDheight,1.00,20,140,7.0500,0.576754
MTDheight,1.00,20,141,7.1000,0.584549
MTDheight,1.00,20,142,7.1500,0.831961
MTDheight,1.00,20,143,7.2000,1.105769
MTDheight,1.00,20,144,7.2500,1.359617
MTDheight,1.00,20,145,7.3000,1.555960
MTDheight,1.00,20,146,7.3500,1.830789
MTDheight,1.00,20,147,7.4000,2.058051
MTDheight,1.00,20,148,7.4500,2.326725
MTDheight,1.00,20,149,7.5000,2.598520
MTDheight,1.00,20,150,7.5500,2.856158
MTDheight,1.00,20,151,7.6000,3.085799
MTDheight,1.00,20,152,7.6500,3.267973
MTDheight,1.00,20,153,7.7000,3.162686
MTDheight,1.00,20,154,7.7500,3.034800
MTDheight,1.00,20,155,7.8000,2.952788
MTDheight,1.00,20,156,7.8500,2.690135
MTDheight,1.00,20,157,7.9000,2.537598
MTDheight,1.00,20,158,7.9500,2.411499
MTDheight,1.00,20,159,8.0000,2.152892
MTDheight,1.00,20,160,8.0500,2.108224
MTDheight,1.00,20,161,8.1000,2.042798
MTDheight,1.00,20,162,8.1500,1.958244
MTDheight,1.00,20,163,8.2000,1.953014
MTDheight,1.00,20,164,8.2500,1.925344
MTDheight,1.00,20,165,8.3000,1.799158
MTDheight,1.00,20,166,8.3500,1.516966
MTDheight,1.00,20,167,8.4000,1.522654
MTDheight,1.00,20,168,8.4500,1.353961
MTDheight,1.00,20,169,8.5000,1.195427
MTDheight,1.00,20,170,8.5500,0.986367
MTDheight,1.00,20,171,8.6000,0.953004
MTDheight,1.00,20,172,8.6500,0.914891
MTDheight,1.00,20,173,8.7000,0.893318
MTDheight,1.00,20,174,8.7500,0.872557
MTDheight,1.00,20,175,8.8000,0.676712
MTDheight,1.00,20,176,8.8500,0.650429
MTDheight,1.00,20,177,8.9000,0.529261
MTDheight,1.00,20,178,8.9500,0.497992
MTDheight,1.00,20,179,9.0000,0.450250
MTDheight,1.00,20,180,9.0500,0.429181
MTDheight,1.00,20,181,9.1000,0.405549
MTDheight,1.00,20,182,9.1500,0.437107
MTDheight,1.00,20,183,9.2000,0.655864
MTDheight,1.00,20,184,9.2500,0.895673
MTDheight,1.00,20,185,9.3000,1.043507
MTDheight,1.00,20,186,9.3500,1.200795
MTDheight,1.00,20,187,9.4000,1.368195
MTDheight,1.00,20,188,9.4500,1.573232
MTDheight,1.00,20,189,9.5000,1.804057
MTDheight,1.00,20,190,9.5500,1.983887
MTDheight,1.00,20,191,9.6000,2.167964
MTDheight,1.00,20,192,9.6500,2.363571
MTDheight,1.00,20,193,9.7000,2.568331
MTDheight,1.00,20,194,9.7500,2.763874
MTDheight,1.00,20,195,9.8000,2.965789
MTDheight,1.00,20,196,9.8500,3.111535
MTDheight,1.00,20,197,9.9000,3.137992
MTDheight,1.00,20,198,9.9500,3.083990
MTDheight,1.00,20,199,10.0000,2.842386
MTDheight,1.00,30,0,0.0500,8.895454
MTDheight,1.00,30,1,0.1000,6.629039
MTDheight,1.00,30,2,0.1500,5.792110
MTDheight,1.00,30,3,0.2000,3.733672
MTDheight,1.00,30,4,0.2500,2.624170
MTDheight,1.00,30,5,0.3000,1.689282
MTDheight,1.00,30,6,0.3500,1.642111
MTDheight,1.00,30,7,0.4000,2.121496
MTDheight,1.00,30,8,0.4500,1.045055
MTDheight,1.00,30,9,0.5000,2.723532
MTDheight,1.00,30,10,0.5500,3.983413
MTDheight,1.00,30,11,0.6000,5.508328
MTDheight,1.00,30,12,0.6500,6.800680
MTDheight,1.00,30,13,0.7000,8.103241
MTDheight,1.00,30,14,0.7500,8.855171
MTDheight,1.00,30,15,0.8000,6.664007
MTDheight,1.00,30,16,0.8500,5.393944
MTDheight,1.00,30,17,0.9000,4.070314
MTDheight,1.00,30,18,0.9500,3.346616
MTDheight,1.00,30,19,1.0000,2.529868
MTDheight,1.00,30,20,1.0500,1.971329
MTDheight,1.00,30,21,1.1000,1.320494
MTDheight,1.00,30,22,1.1500,0.998963
MTDheight,1.00,30,23,1.2000,1.318976
MTDheight,1.00,30,24,1.2500,2.177404
MTDheight,1.00,30,25,1.3000,1.590460
MTDheight,1.00,30,26,1.3500,1.053380
MTDheight,1.00,30,27,1.4000,1.113679
MTDheight,1.00,30,28,1.4500,1.534191
MTDheight,1.00,30,29,1.5000,0.997511
MTDheight,1.00,30,30,1.5500,0.754909
MTDheight,1.00,30,31,1.6000,1.762077
MTDheight,1.00,30,32,1.6500,2.520000
MTDheight,1.00,30,33,1.7000,2.138531
MTDheight,1.00,30,34,1.7500,1.764349
MTDheight,1.00,30,35,1.8000,1.875308
MTDheight,1.00,30,36,1.8500,2.520239
MTDheight,1.00,30,37,1.9000,2.028195
MTDheight,1.00,30,38,1.9500,1.454654
MTDheight,1.00,30,39,2.0000,0.852440
MTDheight,1.00,30,40,2.0500,1.185419
MTDheight,1.00,30,41,2.1000,1.202519
MTDheight,1.00,30,42,2.1500,1.356691
MTDheight,1.00,30,43,2.2000,1.904027
MTDheight,1.00,30,44,2.2500,2.237865
MTDheight,1.00,30,45,2.3000,2.537442
MTDheight,1.00,30,46,2.3500,2.682691
MTDheight,1.00,30,47,2.4000,2.823485
MTDheight,1.00,30,48,2.4500,1.959223
MTDheight,1.00,30,49,2.5000,1.310533
MTDheight,1.00,30,50,2.5500,0.834088
MTDheight,1.00,30,51,2.6000,0.439289
MTDheight,1.00,30,52,2.6500,0.965374
MTDheight,1.00,30,53,2.7000,0.980636
MTDheight,1.00,30,54,2.7500,0.974691
MTDheight,1.00,30,55,2.8000,1.337823
MTDheight,1.00,30,56,2.8500,1.421274
MTDheight,1.00,30,57,2.9000,1.062562
MTDheight,1.00,30,58,2.9500,0.396857
MTDheight,1.00,30,59,3.0000,0.816828
MTDheight,1.00,30,60,3.0500,1.394829
MTDheight,1.00,30,61,3.1000,1.905206
MTDheight,1.00,30,62,3.1500,2.387722
MTDheight,1.00,30,63,3.2000,2.836633
MTDheight,1.00,30,64,3.2500,3.395885
MTDheight,1.00,30,65,3.3000,3.834884
MTDheight,1.00,30,66,3.3500,4.257309
MTDheight,1.00,30,67,3.4000,4.475557
MTDheight,1.00,30,68,3.4500,4.197092
MTDheight,1.00,30,69,3.5000,3.870681
MTDheight,1.00,30,70,3.5500,3.854791
MTDheight,1.00,30,71,3.6000,3.503693
MTDheight,1.00,30,72,3.6500,3.551629
MTDheight,1.00,30,73,3.7000,3.163045
MTDheight,1.00,30,74,3.7500,3.095014
MTDheight,1.00,30,75,3.8000,2.266392
MTDheight,1.00,30,76,3.8500,1.868082
MTDheight,1.00,30,77,3.9000,1.561837
MTDheight,1.00,30,78,3.9500,1.625846
MTDheight,1.00,30,79,4.0000,1.319826
MTDheight,1.00,30,80,4.0500,1.096245
MTDheight,1.00,30,81,4.1000,1.394775
MTDheight,1.00,30,82,4.1500,1.602804
MTDheight,1.00,30,83,4.2000,1.455324
MTDheight,1.00,30,84,4.2500,1.308038
MTDheight,1.00,30,85,4.3000,0.769041
MTDheight,1.00,30,86,4.3500,0.594134
MTDheight,1.00,30,87,4.4000,0.501307
MTDheight,1.00,30,88,4.4500,0.535969
MTDheight,1.00,30,89,4.5000,0.695308
MTDheight,1.00,30,90,4.5500,0.897825
MTDheight,1.00,30,91,4.6000,1.078947
MTDheight,1.00,30,92,4.6500,1.173539
MTDheight,1.00,30,93,4.7000,1.269377
MTDheight,1.00,30,94,4.7500,1.486004
MTDheight,1.00,30,95,4.8000,1.675472
MTDheight,1.00,30,96,4.8500,1.868129
MTDheight,1.00,30,97,4.9000,1.920196
MTDheight,1.00,30,98,4.9500,2.127613
MTDheight,1.00,30,99,5.0000,2.436128
MTDheight,1.00,30,100,5.0500,2.667492
MTDheight,1.00,30,101,5.1000,2.730510
MTDheight,1.00,30,102,5.1500,2.782446
MTDheight,1.00,30,103,5.2000,3.039840
MTDheight,1.00,30,104,5.2500,3.323175
MTDheight,1.00,30,105,5.3000,3.611973
MTDheight,1.00,30,106,5.3500,3.785646
MTDheight,1.00,30,107,5.4000,3.900820
MTDheight,1.00,30,108,5.4500,3.498862
MTDheight,1.00,30,109,5.5000,3.054730
MTDheight,1.00,30,110,5.5500,2.582310
MTDheight,1.00,30,111,5.6000,2.161770
MTDheight,1.00,30,112,5.6500,1.786683
MTDheight,1.00,30,113,5.7000,1.453362
MTDheight,1.00,30,114,5.7500,1.110511
MTDheight,1.00,30,115,5.8000,1.384513
MTDheight,1.00,30,116,5.8500,1.554024
MTDheight,1.00,30,117,5.9000,1.538599
MTDheight,1.00,30,118,5.9500,1.855127
MTDheight,1.00,30,119,6.0000,2.047897
MTDheight,1.00,30,120,6.0500,1.800605
MTDheight,1.00,30,121,6.1000,1.666986
MTDheight,1.00,30,122,6.1500,1.370991
MTDheight,1.00,30,123,6.2000,0.946101
MTDheight,1.00,30,124,6.2500,0.719768
MTDheight,1.00,30,125,6.3000,0.582212
MTDheight,1.00,30,126,6.3500,0.582191
MTDheight,1.00,30,127,6.4000,0.692869
MTDheight,1.00,30,128,6.4500,0.623535
MTDheight,1.00,30,129,6.5000,0.580016
MTDheight,1.00,30,130,6.5500,0.467943
MTDheight,1.00,30,131,6.6000,0.508430
MTDheight,1.00,30,132,6.6500,0.426920
MTDheight,1.00,30,133,6.7000,0.647156
MTDheight,1.00,30,134,6.7500,0.869215
MTDheight,1.00,30,135,6.8000,0.926841
MTDheight,1.00,30,136,6.8500,1.385665
MTDheight,1.00,30,137,6.9000,1.509293
MTDheight,1.00,30,138,6.9500,1.362267
MTDheight,1.00,30,139,7.0000,1.072316
MTDheight,1.00,30,140,7.0500,0.793501
MTDheight,1.00,30,141,7.1000,0.531276
MTDheight,1.00,30,142,7.1500,0.340311
MTDheight,1.00,30,143,7.2000,0.376062
MTDheight,1.00,30,144,7.2500,0.565333
MTDheight,1.00,30,145,7.3000,0.726210
MTDheight,1.00,30,146,7.3500,0.693635
MTDheight,1.00,30,147,7.4000,0.728482
MTDheight,1.00,30,148,7.4500,0.739302
MTDheight,1.00,30,149,7.5000,0.901374
MTDheight,1.00,30,150,7.5500,0.953207
MTDheight,1.00,30,151,7.6000,1.054683
MTDheight,1.00,30,152,7.6500,1.073283
MTDheight,1.00,30,153,7.7000,1.100864
MTDheight,1.00,30,154,7.7500,1.232257
MTDheight,1.00,30,155,7.8000,1.306760
MTDheight,1.00,30,156,7.8500,1.330478
MTDheight,1.00,30,157,7.9000,1.051780
MTDheight,1.00,30,158,7.9500,0.851263
MTDheight,1.00,30,159,8.0000,0.746738
MTDheight,1.00,30,160,8.0500,0.717769
MTDheight,1.00,30,161,8.1000,0.865192
MTDheight,1.00,30,162,8.1500,1.032261
MTDheight,1.00,30,163,8.2000,1.186419
MTDheight,1.00,30,164,8.2500,1.449999
MTDheight,1.00,30,165,8.3000,1.636945
MTDheight,1.00,30,166,8.3500,1.720047
MTDheight,1.00,30,167,8.4000,1.580394
MTDheight,1.00,30,168,8.4500,1.276152
MTDheight,1.00,30,169,8.5000,1.222410
MTDheight,1.00,30,170,8.5500,1.004713
MTDheight,1.00,30,171,8.6000,0.846757
MTDheight,1.00,30,172,8.6500,0.668507
MTDheight,1.00,30,173,8.7000,0.659644
MTDheight,1.00,30,174,8.7500,0.761342
MTDheight,1.00,30,175,8.8000,0.935788
MTDheight,1.00,30,176,8.8500,0.983537
MTDheight,1.00,30,177,8.9000,0.762991
MTDheight,1.00,30,178,8.9500,0.709714
MTDheight,1.00,30,179,9.0000,0.824548
MTDheight,1.00,30,180,9.0500,0.782785
MTDheight,1.00,30,181,9.1000,0.773768
MTDheight,1.00,30,182,9.1500,0.718778
MTDheight,1.00,30,183,9.2000,0.744928
MTDheight,1.00,30,184,9.2500,0.745654
MTDheight,1.00,30,185,9.3000,0.844264
MTDheight,1.00,30,186,9.3500,0.903556
MTDheight,1.00,30,187,9.4000,0.979071
MTDheight,1.00,30,188,9.4500,1.041405
MTDheight,1.00,30,189,9.5000,1.092679
MTDheight,1.00,30,190,9.5500,1.119591
MTDheight,1.00,30,191,9.6000,1.207453
MTDheight,1.00,30,192,9.6500,1.303718
MTDheight,1.00,30,193,9.7000,1.355053
MTDheight,1.00,30,194,9.7500,1.487929
MTDheight,1.00,30,195,9.8000,1.495374
MTDheight,1.00,30,196,9.8500,1.507927
MTDheight,1.00,30,197,9.9000,1.487295
MTDheight,1.00,30,198,9.9500,1.307809
MTDheight,1.00,30,199,10.0000,0.969019
MTDheight,1.00,40,0,0.0500,9.037838
MTDheight,1.00,40,1,0.1000,5.923099
MTDheight,1.00,40,2,0.1500,5.175001
MTDheight,1.00,40,3,0.2000,2.423524
MTDheight,1.00,40,4,0.2500,1.829893
MTDheight,1.00,40,5,0.3000,1.398981
MTDheight,1.00,40,6,0.3500,1.584120
MTDheight,1.00,40,7,0.4000,3.255435
MTDheight,1.00,40,8,0.4500,5.095266
MTDheight,1.00,40,9,0.5000,6.522244
MTDheight,1.00,40,10,0.5500,6.833869
MTDheight,1.00,40,11,0.6000,5.820549
MTDheight,1.00,40,12,0.6500,3.785781
MTDheight,1.00,40,13,0.7000,1.980351
MTDheight,1.00,40,14,0.7500,1.432677
MTDheight,1.00,40,15,0.8000,0.863475
MTDheight,1.00,40,16,0.8500,0.953217
MTDheight,1.00,40,17,0.9000,1.236359
MTDheight,1.00,40,18,0.9500,1.280603
MTDheight,1.00,40,19,1.0000,2.769185
MTDheight,1.00,40,20,1.0500,3.364174
MTDheight,1.00,40,21,1.1000,4.478626
MTDheight,1.00,40,22,1.1500,3.605517
MTDheight,1.00,40,23,1.2000,3.358435
MTDheight,1.00,40,24,1.2500,4.080019
MTDheight,1.00,40,25,1.3000,4.608228
MTDheight,1.00,40,26,1.3500,6.312266
MTDheight,1.00,40,27,1.4000,6.035440
MTDheight,1.00,40,28,1.4500,5.912277
MTDheight,1.00,40,29,1.5000,5.623947
MTDheight,1.00,40,30,1.5500,4.034187
MTDheight,1.00,40,31,1.6000,2.641649
MTDheight,1.00,40,32,1.6500,1.868613
MTDheight,1.00,40,33,1.7000,0.936147
MTDheight,1.00,40,34,1.7500,1.018223
MTDheight,1.00,40,35,1.8000,1.678232
MTDheight,1.00,40,36,1.8500,2.397573
MTDheight,1.00,40,37,1.9000,3.150032
MTDheight,1.00,40,38,1.9500,3.884590
MTDheight,1.00,40,39,2.0000,4.420070
MTDheight,1.00,40,40,2.0500,4.892624
MTDheight,1.00,40,41,2.1000,5.154197
MTDheight,1.00,40,42,2.1500,5.127618
MTDheight,1.00,40,43,2.2000,3.953064
MTDheight,1.00,40,44,2.2500,3.083360
MTDheight,1.00,40,45,2.3000,2.561243
MTDheight,1.00,40,46,2.3500,1.944884
MTDheight,1.00,40,47,2.4000,1.606257
MTDheight,1.00,40,48,2.4500,1.106338
MTDheight,1.00,40,49,2.5000,0.846177
MTDheight,1.00,40,50,2.5500,0.631640
MTDheight,1.00,40,51,2.6000,0.482496
MTDheight,1.00,40,52,2.6500,0.793155
MTDheight,1.00,40,53,2.7000,0.806690
MTDheight,1.00,40,54,2.7500,0.933011
MTDheight,1.00,40,55,2.8000,1.141281
MTDheight,1.00,40,56,2.8500,1.855735
MTDheight,1.00,40,57,2.9000,1.407294
MTDheight,1.00,40,58,2.9500,0.899183
MTDheight,1.00,40,59,3.0000,0.778762
MTDheight,1.00,40,60,3.0500,1.035098
MTDheight,1.00,40,61,3.1000,1.184383
MTDheight,1.00,40,62,3.1500,0.901090
MTDheight,1.00,40,63,3.2000,0.647655
MTDheight,1.00,40,64,3.2500,0.791999
MTDheight,1.00,40,65,3.3000,0.832760
MTDheight,1.00,40,66,3.3500,0.737901
MTDheight,1.00,40,67,3.4000,0.813855
MTDheight,1.00,40,68,3.4500,0.975080
MTDheight,1.00,40,69,3.5000,1.035301
MTDheight,1.00,40,70,3.5500,1.313131
MTDheight,1.00,40,71,3.6000,1.277099
MTDheight,1.00,40,72,3.6500,1.219376
MTDheight,1.00,40,73,3.7000,1.490609
MTDheight,1.00,40,74,3.7500,1.850340
MTDheight,1.00,40,75,3.8000,2.310978
MTDheight,1.00,40,76,3.8500,2.683220
MTDheight,1.00,40,77,3.9000,3.135057
MTDheight,1.00,40,78,3.9500,3.641365
MTDheight,1.00,40,79,4.0000,4.014204
MTDheight,1.00,40,80,4.0500,4.369401
MTDheight,1.00,40,81,4.1000,4.761617
MTDheight,1.00,40,82,4.1500,5.118816
MTDheight,1.00,40,83,4.2000,5.364356
MTDheight,1.00,40,84,4.2500,4.965598
MTDheight,1.00,40,85,4.3000,4.539241
MTDheight,1.00,40,86,4.3500,4.366743
MTDheight,1.00,40,87,4.4000,4.270353
MTDheight,1.00,40,88,4.4500,3.882622
MTDheight,1.00,40,89,4.5000,3.704971
MTDheight,1.00,40,90,4.5500,3.469317
MTDheight,1.00,40,91,4.6000,3.265911
MTDheight,1.00,40,92,4.6500,3.140157
MTDheight,1.00,40,93,4.7000,2.828318
MTDheight,1.00,40,94,4.7500,2.711931
MTDheight,1.00,40,95,4.8000,2.376662
MTDheight,1.00,40,96,4.8500,2.219773
MTDheight,1.00,40,97,4.9000,1.945859
MTDheight,1.00,40,98,4.9500,1.544645
MTDheight,1.00,40,99,5.0000,1.389124
MTDheight,1.00,40,100,5.0500,1.374700
MTDheight,1.00,40,101,5.1000,1.577760
MTDheight,1.00,40,102,5.1500,1.956135
MTDheight,1.00,40,103,5.2000,2.309911
MTDheight,1.00,40,104,5.2500,2.694956
MTDheight,1.00,40,105,5.3000,3.064062
MTDheight,1.00,40,106,5.3500,3.415159
MTDheight,1.00,40,107,5.4000,3.621762
MTDheight,1.00,40,108,5.4500,3.722307
MTDheight,1.00,40,109,5.5000,3.397718
MTDheight,1.00,40,110,5.5500,3.260752
MTDheight,1.00,40,111,5.6000,2.997693
MTDheight,1.00,40,112,5.6500,3.044185
MTDheight,1.00,40,113,5.7000,2.746330
MTDheight,1.00,40,114,5.7500,2.646626
MTDheight,1.00,40,115,5.8000,2.440670
MTDheight,1.00,40,116,5.8500,2.051913
MTDheight,1.00,40,117,5.9000,1.897261
MTDheight,1.00,40,118,5.9500,1.865604
MTDheight,1.00,40,119,6.0000,1.809215
MTDheight,1.00,40,120,6.0500,1.766925
MTDheight,1.00,40,121,6.1000,1.358994
MTDheight,1.00,40,122,6.1500,1.051522
MTDheight,1.00,40,123,6.2000,0.965927
MTDheight,1.00,40,124,6.2500,0.762396
MTDheight,1.00,40,125,6.3000,0.705974
MTDheight,1.00,40,126,6.3500,0.645258
MTDheight,1.00,40,127,6.4000,0.634798
MTDheight,1.00,40,128,6.4500,0.849254
MTDheight,1.00,40,129,6.5000,0.866465
MTDheight,1.00,40,130,6.5500,0.876189
MTDheight,1.00,40,131,6.6000,0.985454
MTDheight,1.00,40,132,6.6500,1.287166
MTDheight,1.00,40,133,6.7000,0.964541
MTDheight,1.00,40,134,6.7500,0.823332
MTDheight,1.00,40,135,6.8000,0.727086
MTDheight,1.00,40,136,6.8500,0.448892
MTDheight,1.00,40,137,6.9000,0.520856
MTDheight,1.00,40,138,6.9500,0.749978
MTDheight,1.00,40,139,7.0000,0.907626
MTDheight,1.00,40,140,7.0500,0.859880
MTDheight,1.00,40,141,7.1000,0.717882
MTDheight,1.00,40,142,7.1500,0.501608
MTDheight,1.00,40,143,7.2000,0.431197
MTDheight,1.00,40,144,7.2500,0.296116
MTDheight,1.00,40,145,7.3000,0.277965
MTDheight,1.00,40,146,7.3500,0.495664
MTDheight,1.00,40,147,7.4000,0.636434
MTDheight,1.00,40,148,7.4500,0.507752
MTDheight,1.00,40,149,7.5000,0.524473
MTDheight,1.00,40,150,7.5500,0.511834
MTDheight,1.00,40,151,7.6000,0.594890
MTDheight,1.00,40,152,7.6500,0.718828
MTDheight,1.00,40,153,7.7000,0.768022
MTDheight,1.00,40,154,7.7500,0.840758
MTDheight,1.00,40,155,7.8000,0.858182
MTDheight,1.00,40,156,7.8500,0.635604
MTDheight,1.00,40,157,7.9000,0.479397
MTDheight,1.00,40,158,7.9500,0.524469
MTDheight,1.00,40,159,8.0000,0.708788
MTDheight,1.00,40,160,8.0500,0.904419
MTDheight,1.00,40,161,8.1000,1.096884
MTDheight,1.00,40,162,8.1500,1.309637
MTDheight,1.00,40,163,8.2000,1.551417
MTDheight,1.00,40,164,8.2500,1.808950
MTDheight,1.00,40,165,8.3000,2.068313
MTDheight,1.00,40,166,8.3500,2.241688
MTDheight,1.00,40,167,8.4000,2.370671
MTDheight,1.00,40,168,8.4500,2.403534
MTDheight,1.00,40,169,8.5000,2.363215
MTDheight,1.00,40,170,8.5500,2.253444
MTDheight,1.00,40,171,8.6000,1.831070
MTDheight,1.00,40,172,8.6500,1.618168
MTDheight,1.00,40,173,8.7000,1.587624
MTDheight,1.00,40,174,8.7500,1.489064
MTDheight,1.00,40,175,8.8000,1.293327
MTDheight,1.00,40,176,8.8500,1.093624
MTDheight,1.00,40,177,8.9000,1.102562
MTDheight,1.00,40,178,8.9500,1.008657
MTDheight,1.00,40,179,9.0000,0.770160
MTDheight,1.00,40,180,9.0500,0.619850
MTDheight,1.00,40,181,9.1000,0.483437
MTDheight,1.00,40,182,9.1500,0.420926
MTDheight,1.00,40,183,9.2000,0.413037
MTDheight,1.00,40,184,9.2500,0.403932
MTDheight,1.00,40,185,9.3000,0.355906
MTDheight,1.00,40,186,9.3500,0.492076
MTDheight,1.00,40,187,9.4000,0.639455
MTDheight,1.00,40,188,9.4500,0.704810
MTDheight,1.00,40,189,9.5000,0.605961
MTDheight,1.00,40,190,9.5500,0.384927
MTDheight,1.00,40,191,9.6000,0.351141
MTDheight,1.00,40,192,9.6500,0.296765
MTDheight,1.00,40,193,9.7000,0.283494
MTDheight,1.00,40,194,9.7500,0.275337
MTDheight,1.00,40,195,9.8000,0.287193
MTDheight,1.00,40,196,9.8500,0.385165
MTDheight,1.00,40,197,9.9000,0.313628
MTDheight,1.00,40,198,9.9500,0.347616
MTDheight,1.00,40,199,10.0000,0.388580
MTDheight,1.00,50,0,0.0500,8.746968
MTDheight,1.00,50,1,0.1000,6.308511
MTDheight,1.00,50,2,0.1500,3.624071
MTDheight,1.00,50,3,0.2000,3.016889
MTDheight,1.00,50,4,0.2500,2.233239
MTDheight,1.00,50,5,0.3000,4.048184
MTDheight,1.00,50,6,0.3500,5.970437
MTDheight,1.00,50,7,0.4000,6.876689
MTDheight,1.00,50,8,0.4500,5.352225
MTDheight,1.00,50,9,0.5000,3.227119
MTDheight,1.00,50,10,0.5500,1.974878
MTDheight,1.00,50,11,0.6000,1.857156
MTDheight,1.00,50,12,0.6500,1.555632
MTDheight,1.00,50,13,0.7000,2.183283
MTDheight,1.00,50,14,0.7500,2.669370
MTDheight,1.00,50,15,0.8000,2.843168
MTDheight,1.00,50,16,0.8500,3.431679
MTDheight,1.00,50,17,0.9000,4.269513
MTDheight,1.00,50,18,0.9500,5.416818
MTDheight,1.00,50,19,1.0000,5.750591
MTDheight,1.00,50,20,1.0500,5.922535
MTDheight,1.00,50,21,1.1000,7.024297
MTDheight,1.00,50,22,1.1500,7.192739
MTDheight,1.00,50,23,1.2000,5.187404
MTDheight,1.00,50,24,1.2500,3.939765
MTDheight,1.00,50,25,1.3000,2.357962
MTDheight,1.00,50,26,1.3500,1.155524
MTDheight,1.00,50,27,1.4000,1.071289
MTDheight,1.00,50,28,1.4500,1.510715
MTDheight,1.00,50,29,1.5000,2.338689
MTDheight,1.00,50,30,1.5500,3.322556
MTDheight,1.00,50,31,1.6000,3.856878
MTDheight,1.00,50,32,1.6500,3.501206
MTDheight,1.00,50,33,1.7000,2.765789
MTDheight,1.00,50,34,1.7500,2.499325
MTDheight,1.00,50,35,1.8000,2.065414
MTDheight,1.00,50,36,1.8500,1.931532
MTDheight,1.00,50,37,1.9000,1.686526
MTDheight,1.00,50,38,1.9500,1.434100
MTDheight,1.00,50,39,2.0000,0.678890
MTDheight,1.00,50,40,2.0500,1.164968
MTDheight,1.00,50,41,2.1000,0.911905
MTDheight,1.00,50,42,2.1500,1.047082
MTDheight,1.00,50,43,2.2000,1.312037
MTDheight,1.00,50,44,2.2500,1.816861
MTDheight,1.00,50,45,2.3000,2.146530
MTDheight,1.00,50,46,2.3500,2.570914
MTDheight,1.00,50,47,2.4000,2.316488
MTDheight,1.00,50,48,2.4500,1.591221
MTDheight,1.00,50,49,2.5000,0.974604
MTDheight,1.00,50,50,2.5500,0.884279
MTDheight,1.00,50,51,2.6000,1.020729
MTDheight,1.00,50,52,2.6500,1.557050
MTDheight,1.00,50,53,2.7000,1.612646
MTDheight,1.00,50,54,2.7500,1.931799
MTDheight,1.00,50,55,2.8000,1.345175
MTDheight,1.00,50,56,2.8500,0.811243
MTDheight,1.00,50,57,2.9000,0.682420
MTDheight,1.00,50,58,2.9500,0.533649
MTDheight,1.00,50,59,3.0000,0.838708
MTDheight,1.00,50,60,3.0500,0.890116
MTDheight,1.00,50,61,3.1000,1.098713
MTDheight,1.00,50,62,3.1500,1.252577
MTDheight,1.00,50,63,3.2000,1.424785
MTDheight,1.00,50,64,3.2500,1.437989
MTDheight,1.00,50,65,3.3000,1.474041
MTDheight,1.00,50,66,3.3500,0.855827
MTDheight,1.00,50,67,3.4000,0.593867
MTDheight,1.00,50,68,3.4500,0.945010
MTDheight,1.00,50,69,3.5000,1.471646
MTDheight,1.00,50,70,3.5500,2.042157
MTDheight,1.00,50,71,3.6000,2.357393
MTDheight,1.00,50,72,3.6500,2.863171
MTDheight,1.00,50,73,3.7000,3.255990
MTDheight,1.00,50,74,3.7500,3.669073
MTDheight,1.00,50,75,3.8000,4.123232
MTDheight,1.00,50,76,3.8500,4.515478
MTDheight,1.00,50,77,3.9000,4.701531
MTDheight,1.00,50,78,3.9500,4.410160
MTDheight,1.00,50,79,4.0000,3.881406
MTDheight,1.00,50,80,4.0500,3.738125
MTDheight,1.00,50,81,4.1000,3.271535
MTDheight,1.00,50,82,4.1500,3.335950
MTDheight,1.00,50,83,4.2000,2.981988
MTDheight,1.00,50,84,4.2500,2.621268
MTDheight,1.00,50,85,4.3000,2.494351
MTDheight,1.00,50,86,4.3500,1.744122
MTDheight,1.00,50,87,4.4000,1.377919
MTDheight,1.00,50,88,4.4500,1.099697
MTDheight,1.00,50,89,4.5000,0.928002
MTDheight,1.00,50,90,4.5500,0.769298
MTDheight,1.00,50,91,4.6000,0.627159
MTDheight,1.00,50,92,4.6500,0.499502
MTDheight,1.00,50,93,4.7000,0.496758
MTDheight,1.00,50,94,4.7500,0.435433
MTDheight,1.00,50,95,4.8000,0.411242
MTDheight,1.00,50,96,4.8500,0.435501
MTDheight,1.00,50,97,4.9000,0.531901
MTDheight,1.00,50,98,4.9500,0.765213
MTDheight,1.00,50,99,5.0000,0.820854
MTDheight,1.00,50,100,5.0500,0.768599
MTDheight,1.00,50,101,5.1000,0.987895
MTDheight,1.00,50,102,5.1500,1.138958
MTDheight,1.00,50,103,5.2000,0.956404
MTDheight,1.00,50,104,5.2500,1.106762
MTDheight,1.00,50,105,5.3000,1.320856
MTDheight,1.00,50,106,5.3500,1.637139
MTDheight,1.00,50,107,5.4000,2.004969
MTDheight,1.00,50,108,5.4500,2.337842
MTDheight,1.00,50,109,5.5000,2.220426
MTDheight,1.00,50,110,5.5500,1.873205
MTDheight,1.00,50,111,5.6000,1.505124
MTDheight,1.00,50,112,5.6500,1.228753
MTDheight,1.00,50,113,5.7000,1.071742
MTDheight,1.00,50,114,5.7500,0.930992
MTDheight,1.00,50,115,5.8000,0.804844
MTDheight,1.00,50,116,5.8500,0.702311
MTDheight,1.00,50,117,5.9000,0.665780
MTDheight,1.00,50,118,5.9500,0.587159
MTDheight,1.00,50,119,6.0000,0.595041
MTDheight,1.00,50,120,6.0500,0.709549
MTDheight,1.00,50,121,6.1000,0.780135
MTDheight,1.00,50,122,6.1500,1.018166
MTDheight,1.00,50,123,6.2000,1.362178
MTDheight,1.00,50,124,6.2500,1.677119
MTDheight,1.00,50,125,6.3000,1.812928
MTDheight,1.00,50,126,6.3500,1.971533
MTDheight,1.00,50,127,6.4000,1.908750
MTDheight,1.00,50,128,6.4500,1.868907
MTDheight,1.00,50,129,6.5000,1.372654
MTDheight,1.00,50,130,6.5500,1.350820
MTDheight,1.00,50,131,6.6000,1.006097
MTDheight,1.00,50,132,6.6500,0.653394
MTDheight,1.00,50,133,6.7000,0.436696
MTDheight,1.00,50,134,6.7500,0.403431
MTDheight,1.00,50,135,6.8000,0.414230
MTDheight,1.00,50,136,6.8500,0.417354
MTDheight,1.00,50,137,6.9000,0.596872
MTDheight,1.00,50,138,6.9500,0.865627
MTDheight,1.00,50,139,7.0000,1.123796
MTDheight,1.00,50,140,7.0500,1.188261
MTDheight,1.00,50,141,7.1000,1.243824
MTDheight,1.00,50,142,7.1500,1.030230
MTDheight,1.00,50,143,7.2000,0.721798
MTDheight,1.00,50,144,7.2500,0.478769
MTDheight,1.00,50,145,7.3000,0.423406
MTDheight,1.00,50,146,7.3500,0.416469
MTDheight,1.00,50,147,7.4000,0.705602
MTDheight,1.00,50,148,7.4500,0.931809
MTDheight,1.00,50,149,7.5000,1.161089
MTDheight,1.00,50,150,7.5500,1.418518
MTDheight,1.00,50,151,7.6000,1.709190
MTDheight,1.00,50,152,7.6500,1.920115
MTDheight,1.00,50,153,7.7000,1.966599
MTDheight,1.00,50,154,7.7500,2.051679
MTDheight,1.00,50,155,7.8000,2.210255
MTDheight,1.00,50,156,7.8500,2.133145
MTDheight,1.00,50,157,7.9000,1.867111
MTDheight,1.00,50,158,7.9500,1.676834
MTDheight,1.00,50,159,8.0000,1.506428
MTDheight,1.00,50,160,8.0500,1.446951
MTDheight,1.00,50,161,8.1000,1.361057
MTDheight,1.00,50,162,8.1500,1.369863
MTDheight,1.00,50,163,8.2000,1.250620
MTDheight,1.00,50,164,8.2500,1.264188
MTDheight,1.00,50,165,8.3000,1.087755
MTDheight,1.00,50,166,8.3500,1.047661
MTDheight,1.00,50,167,8.4000,0.684257
MTDheight,1.00,50,168,8.4500,0.434120
MTDheight,1.00,50,169,8.5000,0.422838
MTDheight,1.00,50,170,8.5500,0.464861
MTDheight,1.00,50,171,8.6000,0.606394
MTDheight,1.00,50,172,8.6500,0.699940
MTDheight,1.00,50,173,8.7000,0.918215
MTDheight,1.00,50,174,8.7500,0.907475
MTDheight,1.00,50,175,8.8000,0.810648
MTDheight,1.00,50,176,8.8500,0.630146
MTDheight,1.00,50,177,8.9000,0.544873
MTDheight,1.00,50,178,8.9500,0.314029
MTDheight,1.00,50,179,9.0000,0.249985
MTDheight,1.00,50,180,9.0500,0.403015
MTDheight,1.00,50,181,9.1000,0.575414
MTDheight,1.00,50,182,9.1500,0.759202
MTDheight,1.00,50,183,9.2000,0.636977
MTDheight,1.00,50,184,9.2500,0.596378
MTDheight,1.00,50,185,9.3000,0.522697
MTDheight,1.00,50,186,9.3500,0.452355
MTDheight,1.00,50,187,9.4000,0.379176
MTDheight,1.00,50,188,9.4500,0.420362
MTDheight,1.00,50,189,9.5000,0.291564
MTDheight,1.00,50,190,9.5500,0.253073
MTDheight,1.00,50,191,9.6000,0.322637
MTDheight,1.00,50,192,9.6500,0.371957
MTDheight,1.00,50,193,9.7000,0.441012
MTDheight,1.00,50,194,9.7500,0.477059
MTDheight,1.00,50,195,9.8000,0.572620
MTDheight,1.00,50,196,9.8500,0.692562
MTDheight,1.00,50,197,9.9000,0.642462
MTDheight,1.00,50,198,9.9500,0.757522
MTDheight,1.00,50,199,10.0000,0.796406
MTDnewhill,1000,10,0,0.0500,14.078486
MTDnewhill,1000,10,1,0.1000,13.036924
MTDnewhill,1000,10,2,0.1500,12.378598
MTDnewhill,1000,10,3,0.2000,11.680526
MTDnewhill,1000,10,4,0.2500,11.259017
MTDnewhill,1000,10,5,0.3000,10.424341
MTDnewhill,1000,10,6,0.3500,10.196958
MTDnewhill,1000,10,7,0.4000,9.879366
MTDnewhill,1000,10,8,0.4500,9.428609
MTDnewhill,1000,10,9,0.5000,8.880892
MTDnewhill,1000,10,10,0.5500,8.718685
MTDnewhill,1000,10,11,0.6000,8.404083
MTDnewhill,1000,10,12,0.6500,7.894459
MTDnewhill,1000,10,13,0.7000,7.687667
MTDnewhill,1000,10,14,0.7500,7.363493
MTDnewhill,1000,10,15,0.8000,7.154102
MTDnewhill,1000,10,16,0.8500,6.867970
MTDnewhill,1000,10,17,0.9000,6.515536
MTDnewhill,1000,10,18,0.9500,6.438708
MTDnewhill,1000,10,19,1.0000,6.210967
MTDnewhill,1000,10,20,1.0500,5.919966
MTDnewhill,1000,10,21,1.1000,5.728249
MTDnewhill,1000,10,22,1.1500,5.608692
MTDnewhill,1000,10,23,1.2000,5.362892
MTDnewhill,1000,10,24,1.2500,5.189869
MTDnewhill,1000,10,25,1.3000,4.939748
MTDnewhill,1000,10,26,1.3500,4.828319
MTDnewhill,1000,10,27,1.4000,4.451873
MTDnewhill,1000,10,28,1.4500,4.337089
MTDnewhill,1000,10,29,1.5000,4.214182
MTDnewhill,1000,10,30,1.5500,3.990399
MTDnewhill,1000,10,31,1.6000,3.783573
MTDnewhill,1000,10,32,1.6500,3.673714
MTDnewhill,1000,10,33,1.7000,3.597820
MTDnewhill,1000,10,34,1.7500,3.347593
MTDnewhill,1000,10,35,1.8000,3.185287
MTDnewhill,1000,10,36,1.8500,3.007280
MTDnewhill,1000,10,37,1.9000,2.837803
MTDnewhill,1000,10,38,1.9500,2.808719
MTDnewhill,1000,10,39,2.0000,2.811780
MTDnewhill,1000,10,40,2.0500,2.710247
MTDnewhill,1000,10,41,2.1000,2.437777
MTDnewhill,1000,10,42,2.1500,2.399651
MTDnewhill,1000,10,43,2.2000,2.342455
MTDnewhill,1000,10,44,2.2500,2.390505
MTDnewhill,1000,10,45,2.3000,2.226409
MTDnewhill,1000,10,46,2.3500,2.211947
MTDnewhill,1000,10,47,2.4000,2.095227
MTDnewhill,1000,10,48,2.4500,1.855066
MTDnewhill,1000,10,49,2.5000,1.731109
MTDnewhill,1000,10,50,2.5500,1.677079
MTDnewhill,1000,10,51,2.6000,1.656656
MTDnewhill,1000,10,52,2.6500,1.526269
MTDnewhill,1000,10,53,2.7000,1.367460
MTDnewhill,1000,10,54,2.7500,1.347869
MTDnewhill,1000,10,55,2.8000,1.352775
MTDnewhill,1000,10,56,2.8500,1.272549
MTDnewhill,1000,10,57,2.9000,1.197938
MTDnewhill,1000,10,58,2.9500,1.149295
MTDnewhill,1000,10,59,3.0000,1.116973
MTDnewhill,1000,10,60,3.0500,1.177352
MTDnewhill,1000,10,61,3.1000,1.313055
MTDnewhill,1000,10,62,3.1500,1.558136
MTDnewhill,1000,10,63,3.2000,1.734727
MTDnewhill,1000,10,64,3.2500,1.582310
MTDnewhill,1000,10,65,3.3000,1.533731
MTDnewhill,1000,10,66,3.3500,1.265781
MTDnewhill,1000,10,67,3.4000,1.216408
MTDnewhill,1000,10,68,3.4500,1.146064
MTDnewhill,1000,10,69,3.5000,1.113168
MTDnewhill,1000,10,70,3.5500,1.105062
MTDnewhill,1000,10,71,3.6000,1.091969
MTDnewhill,1000,10,72,3.6500,1.049334
MTDnewhill,1000,10,73,3.7000,0.827605
MTDnewhill,1000,10,74,3.7500,0.718757
MTDnewhill,1000,10,75,3.8000,0.664129
MTDnewhill,1000,10,76,3.8500,0.735196
MTDnewhill,1000,10,77,3.9000,0.881416
MTDnewhill,1000,10,78,3.9500,1.038928
MTDnewhill,1000,10,79,4.0000,1.271412
MTDnewhill,1000,10,80,4.0500,1.471826
MTDnewhill,1000,10,81,4.1000,1.653221
MTDnewhill,1000,10,82,4.1500,1.748965
MTDnewhill,1000,10,83,4.2000,1.584615
MTDnewhill,1000,10,84,4.2500,1.386913
MTDnewhill,1000,10,85,4.3000,1.301782
MTDnewhill,1000,10,86,4.3500,1.165694
MTDnewhill,1000,10,87,4.4000,1.168964
MTDnewhill,1000,10,88,4.4500,0.869008
MTDnewhill,1000,10,89,4.5000,0.836748
MTDnewhill,1000,10,90,4.5500,0.789112
MTDnewhill,1000,10,91,4.6000,0.726616
MTDnewhill,1000,10,92,4.6500,0.597122
MTDnewhill,1000,10,93,4.7000,0.478970
MTDnewhill,1000,10,94,4.7500,0.337803
MTDnewhill,1000,10,95,4.8000,0.279061
MTDnewhill,1000,10,96,4.8500,0.301664
MTDnewhill,1000,10,97,4.9000,0.473827
MTDnewhill,1000,10,98,4.9500,0.573464
MTDnewhill,1000,10,99,5.0000,0.757651
MTDnewhill,1000,10,100,5.0500,0.988331
MTDnewhill,1000,10,101,5.1000,1.190694
MTDnewhill,1000,10,102,5.1500,1.390256
MTDnewhill,1000,10,103,5.2000,1.465309
MTDnewhill,1000,10,104,5.2500,1.440908
MTDnewhill,1000,10,105,5.3000,1.367377
MTDnewhill,1000,10,106,5.3500,1.096806
MTDnewhill,1000,10,107,5.4000,1.075173
MTDnewhill,1000,10,108,5.4500,1.024227
MTDnewhill,1000,10,109,5.5000,0.972846
MTDnewhill,1000,10,110,5.5500,0.904599
MTDnewhill,1000,10,111,5.6000,0.873379
MTDnewhill,1000,10,112,5.6500,0.936550
MTDnewhill,1000,10,113,5.7000,0.753427
MTDnewhill,1000,10,114,5.7500,0.497599
MTDnewhill,1000,10,115,5.8000,0.373769
MTDnewhill,1000,10,116,5.8500,0.299023
MTDnewhill,1000,10,117,5.9000,0.290646
MTDnewhill,1000,10,118,5.9500,0.313162
MTDnewhill,1000,10,119,6.0000,0.373054
MTDnewhill,1000,10,120,6.0500,0.397425
MTDnewhill,1000,10,121,6.1000,0.295235
MTDnewhill,1000,10,122,6.1500,0.318965
MTDnewhill,1000,10,123,6.2000,0.428731
MTDnewhill,1000,10,124,6.2500,0.623403
MTDnewhill,1000,10,125,6.3000,0.847970
MTDnewhill,1000,10,126,6.3500,1.103959
MTDnewhill,1000,10,127,6.4000,1.236615
MTDnewhill,1000,10,128,6.4500,1.386129
MTDnewhill,1000,10,129,6.5000,1.567310
MTDnewhill,1000,10,130,6.5500,1.641121
MTDnewhill,1000,10,131,6.6000,1.759136
MTDnewhill,1000,10,132,6.6500,1.813028
MTDnewhill,1000,10,133,6.7000,1.879632
MTDnewhill,1000,10,134,6.7500,1.920690
MTDnewhill,1000,10,135,6.8000,1.817144
MTDnewhill,1000,10,136,6.8500,1.773161
MTDnewhill,1000,10,137,6.9000,1.519042
MTDnewhill,1000,10,138,6.9500,1.390474
MTDnewhill,1000,10,139,7.0000,1.135705
MTDnewhill,1000,10,140,7.0500,1.044851
MTDnewhill,1000,10,141,7.1000,0.903808
MTDnewhill,1000,10,142,7.1500,0.861729
MTDnewhill,1000,10,143,7.2000,0.760029
MTDnewhill,1000,10,144,7.2500,0.704797
MTDnewhill,1000,10,145,7.3000,0.646882
MTDnewhill,1000,10,146,7.3500,0.563773
MTDnewhill,1000,10,147,7.4000,0.466782
MTDnewhill,1000,10,148,7.4500,0.434116
MTDnewhill,1000,10,149,7.5000,0.364920
MTDnewhill,1000,10,150,7.5500,0.289926
MTDnewhill,1000,10,151,7.6000,0.369022
MTDnewhill,1000,10,152,7.6500,0.321359
MTDnewhill,1000,10,153,7.7000,0.344222
MTDnewhill,1000,10,154,7.7500,0.426028
MTDnewhill,1000,10,155,7.8000,0.486184
MTDnewhill,1000,10,156,7.8500,0.573483
MTDnewhill,1000,10,157,7.9000,0.706727
MTDnewhill,1000,10,158,7.9500,0.888927
MTDnewhill,1000,10,159,8.0000,1.064980
MTDnewhill,1000,10,160,8.0500,0.950795
MTDnewhill,1000,10,161,8.1000,0.860990
MTDnewhill,1000,10,162,8.1500,0.815652
MTDnewhill,1000,10,163,8.2000,0.798566
MTDnewhill,1000,10,164,8.2500,0.837759
MTDnewhill,1000,10,165,8.3000,0.892635
MTDnewhill,1000,10,166,8.3500,0.969755
MTDnewhill,1000,10,167,8.4000,1.106714
MTDnewhill,1000,10,168,8.4500,1.168917
MTDnewhill,1000,10,169,8.5000,1.225021
MTDnewhill,1000,10,170,8.5500,1.263451
MTDnewhill,1000,10,171,8.6000,1.292581
MTDnewhill,1000,10,172,8.6500,1.160512
MTDnewhill,1000,10,173,8.7000,1.003711
MTDnewhill,1000,10,174,8.7500,0.828520
MTDnewhill,1000,10,175,8.8000,0.682907
MTDnewhill,1000,10,176,8.8500,0.523495
MTDnewhill,1000,10,177,8.9000,0.470498
MTDnewhill,1000,10,178,8.9500,0.396814
MTDnewhill,1000,10,179,9.0000,0.320840
MTDnewhill,1000,10,180,9.0500,0.380823
MTDnewhill,1000,10,181,9.1000,0.421436
MTDnewhill,1000,10,182,9.1500,0.514370
MTDnewhill,1000,10,183,9.2000,0.513256
MTDnewhill,1000,10,184,9.2500,0.494798
MTDnewhill,1000,10,185,9.3000,0.507829
MTDnewhill,1000,10,186,9.3500,0.548734
MTDnewhill,1000,10,187,9.4000,0.664525
MTDnewhill,1000,10,188,9.4500,0.743501
MTDnewhill,1000,10,189,9.5000,0.772022
MTDnewhill,1000,10,190,9.5500,0.828858
MTDnewhill,1000,10,191,9.6000,0.924482
MTDnewhill,1000,10,192,9.6500,0.939608
MTDnewhill,1000,10,193,9.7000,0.958462
MTDnewhill,1000,10,194,9.7500,1.092767
MTDnewhill,1000,10,195,9.8000,1.310880
MTDnewhill,1000,10,196,9.8500,1.408129
MTDnewhill,1000,10,197,9.9000,1.388449
MTDnewhill,1000,10,198,9.9500,1.446778
MTDnewhill,1000,10,199,10.0000,1.522148
MTDnewhill,1000,20,0,0.0500,13.983554
MTDnewhill,1000,20,1,0.1000,12.774678
MTDnewhill,1000,20,2,0.1500,12.291649
MTDnewhill,1000,20,3,0.2000,11.786123
MTDnewhill,1000,20,4,0.2500,11.548862
MTDnewhill,1000,20,5,0.3000,10.935060
MTDnewhill,1000,20,6,0.3500,10.173832
MTDnewhill,1000,20,7,0.4000,9.824229
MTDnewhill,1000,20,8,0.4500,9.654082
MTDnewhill,1000,20,9,0.5000,9.504181
MTDnewhill,1000,20,10,0.5500,8.884048
MTDnewhill,1000,20,11,0.6000,8.543280
MTDnewhill,1000,20,12,0.6500,8.376000
MTDnewhill,1000,20,13,0.7000,7.806166
MTDnewhill,1000,20,14,0.7500,7.438748
MTDnewhill,1000,20,15,0.8000,7.133541
MTDnewhill,1000,20,16,0.8500,7.021162
MTDnewhill,1000,20,17,0.9000,6.476453
MTDnewhill,1000,20,18,0.9500,6.392007
MTDnewhill,1000,20,19,1.0000,6.377591
MTDnewhill,1000,20,20,1.0500,6.313962
MTDnewhill,1000,20,21,1.1000,6.086989
MTDnewhill,1000,20,22,1.1500,5.622913
MTDnewhill,1000,20,23,1.2000,5.250390
MTDnewhill,1000,20,24,1.2500,5.072931
MTDnewhill,1000,20,25,1.3000,4.725890
MTDnewhill,1000,20,26,1.3500,4.645512
MTDnewhill,1000,20,27,1.4000,4.646021
MTDnewhill,1000,20,28,1.4500,4.368995
MTDnewhill,1000,20,29,1.5000,4.035170
MTDnewhill,1000,20,30,1.5500,4.029828
MTDnewhill,1000,20,31,1.6000,3.802124
MTDnewhill,1000,20,32,1.6500,3.758036
MTDnewhill,1000,20,33,1.7000,3.686313
MTDnewhill,1000,20,34,1.7500,3.509253
MTDnewhill,1000,20,35,1.8000,3.512329
MTDnewhill,1000,20,36,1.8500,3.295103
MTDnewhill,1000,20,37,1.9000,3.315565
MTDnewhill,1000,20,38,1.9500,3.004315
MTDnewhill,1000,20,39,2.0000,2.819570
MTDnewhill,1000,20,40,2.0500,2.824240
MTDnewhill,1000,20,41,2.1000,2.846890
MTDnewhill,1000,20,42,2.1500,2.586346
MTDnewhill,1000,20,43,2.2000,2.328945
MTDnewhill,1000,20,44,2.2500,2.108505
MTDnewhill,1000,20,45,2.3000,2.089007
MTDnewhill,1000,20,46,2.3500,1.962658
MTDnewhill,1000,20,47,2.4000,1.961852
MTDnewhill,1000,20,48,2.4500,1.898516
MTDnewhill,1000,20,49,2.5000,1.745309
MTDnewhill,1000,20,50,2.5500,1.604547
MTDnewhill,1000,20,51,2.6000,1.578367
MTDnewhill,1000,20,52,2.6500,1.593717
MTDnewhill,1000,20,53,2.7000,1.526211
MTDnewhill,1000,20,54,2.7500,1.453329
MTDnewhill,1000,20,55,2.8000,1.432783
MTDnewhill,1000,20,56,2.8500,1.498719
MTDnewhill,1000,20,57,2.9000,1.533748
MTDnewhill,1000,20,58,2.9500,1.676728
MTDnewhill,1000,20,59,3.0000,1.906941
MTDnewhill,1000,20,60,3.0500,2.102831
MTDnewhill,1000,20,61,3.1000,2.374724
MTDnewhill,1000,20,62,3.1500,2.584340
MTDnewhill,1000,20,63,3.2000,2.698105
MTDnewhill,1000,20,64,3.2500,2.546317
MTDnewhill,1000,20,65,3.3000,2.538446
MTDnewhill,1000,20,66,3.3500,2.445271
MTDnewhill,1000,20,67,3.4000,2.140799
MTDnewhill,1000,20,68,3.4500,1.901918
MTDnewhill,1000,20,69,3.5000,1.880877
MTDnewhill,1000,20,70,3.5500,1.801524
MTDnewhill,1000,20,71,3.6000,1.645628
MTDnewhill,1000,20,72,3.6500,1.443686
MTDnewhill,1000,20,73,3.7000,1.416165
MTDnewhill,1000,20,74,3.7500,1.189772
MTDnewhill,1000,20,75,3.8000,1.127962
MTDnewhill,1000,20,76,3.8500,0.974354
MTDnewhill,1000,20,77,3.9000,0.886311
MTDnewhill,1000,20,78,3.9500,0.842198
MTDnewhill,1000,20,79,4.0000,0.766436
MTDnewhill,1000,20,80,4.0500,0.709204
MTDnewhill,1000,20,81,4.1000,0.739398
MTDnewhill,1000,20,82,4.1500,0.691203
MTDnewhill,1000,20,83,4.2000,0.678571
MTDnewhill,1000,20,84,4.2500,0.695557
MTDnewhill,1000,20,85,4.3000,0.716530
MTDnewhill,1000,20,86,4.3500,0.781016
MTDnewhill,1000,20,87,4.4000,0.891422
MTDnewhill,1000,20,88,4.4500,1.085662
MTDnewhill,1000,20,89,4.5000,1.115104
MTDnewhill,1000,20,90,4.5500,1.221750
MTDnewhill,1000,20,91,4.6000,1.339460
MTDnewhill,1000,20,92,4.6500,1.118886
MTDnewhill,1000,20,93,4.7000,0.898410
MTDnewhill,1000,20,94,4.7500,0.790665
MTDnewhill,1000,20,95,4.8000,0.728060
MTDnewhill,1000,20,96,4.8500,0.745453
MTDnewhill,1000,20,97,4.9000,0.861988
MTDnewhill,1000,20,98,4.9500,0.946693
MTDnewhill,1000,20,99,5.0000,1.077432
MTDnewhill,1000,20,100,5.0500,1.063895
MTDnewhill,1000,20,101,5.1000,0.870638
MTDnewhill,1000,20,102,5.1500,0.608698
MTDnewhill,1000,20,103,5.2000,0.436316
MTDnewhill,1000,20,104,5.2500,0.323932
MTDnewhill,1000,20,105,5.3000,0.493591
MTDnewhill,1000,20,106,5.3500,0.649009
MTDnewhill,1000,20,107,5.4000,0.717324
MTDnewhill,1000,20,108,5.4500,0.894397
MTDnewhill,1000,20,109,5.5000,1.124760
MTDnewhill,1000,20,110,5.5500,1.305995
MTDnewhill,1000,20,111,5.6000,1.428851
MTDnewhill,1000,20,112,5.6500,1.514869
MTDnewhill,1000,20,113,5.7000,1.537219
MTDnewhill,1000,20,114,5.7500,1.378510
MTDnewhill,1000,20,115,5.8000,1.386809
MTDnewhill,1000,20,116,5.8500,1.334319
MTDnewhill,1000,20,117,5.9000,1.163446
MTDnewhill,1000,20,118,5.9500,1.137374
MTDnewhill,1000,20,119,6.0000,1.093356
MTDnewhill,1000,20,120,6.0500,1.093564
MTDnewhill,1000,20,121,6.1000,0.941285
MTDnewhill,1000,20,122,6.1500,0.891465
MTDnewhill,1000,20,123,6.2000,0.851117
MTDnewhill,1000,20,124,6.2500,0.573748
MTDnewhill,1000,20,125,6.3000,0.375021
MTDnewhill,1000,20,126,6.3500,0.217563
MTDnewhill,1000,20,127,6.4000,0.202109
MTDnewhill,1000,20,128,6.4500,0.191074
MTDnewhill,1000,20,129,6.5000,0.285307
MTDnewhill,1000,20,130,6.5500,0.505762
MTDnewhill,1000,20,131,6.6000,0.513634
MTDnewhill,1000,20,132,6.6500,0.553171
MTDnewhill,1000,20,133,6.7000,0.638936
MTDnewhill,1000,20,134,6.7500,0.712588
MTDnewhill,1000,20,135,6.8000,0.625180
MTDnewhill,1000,20,136,6.8500,0.429370
MTDnewhill,1000,20,137,6.9000,0.267405
MTDnewhill,1000,20,138,6.9500,0.233915
MTDnewhill,1000,20,139,7.0000,0.318622
MTDnewhill,1000,20,140,7.0500,0.375815
MTDnewhill,1000,20,141,7.1000,0.393161
MTDnewhill,1000,20,142,7.1500,0.314667
MTDnewhill,1000,20,143,7.2000,0.339671
MTDnewhill,1000,20,144,7.2500,0.367155
MTDnewhill,1000,20,145,7.3000,0.442076
MTDnewhill,1000,20,146,7.3500,0.496460
MTDnewhill,1000,20,147,7.4000,0.630870
MTDnewhill,1000,20,148,7.4500,0.648853
MTDnewhill,1000,20,149,7.5000,0.767831
MTDnewhill,1000,20,150,7.5500,0.712401
MTDnewhill,1000,20,151,7.6000,0.554906
MTDnewhill,1000,20,152,7.6500,0.386726
MTDnewhill,1000,20,153,7.7000,0.433330
MTDnewhill,1000,20,154,7.7500,0.292527
MTDnewhill,1000,20,155,7.8000,0.350627
MTDnewhill,1000,20,156,7.8500,0.509664
MTDnewhill,1000,20,157,7.9000,0.619317
MTDnewhill,1000,20,158,7.9500,0.779440
MTDnewhill,1000,20,159,8.0000,0.944440
MTDnewhill,1000,20,160,8.0500,1.115480
MTDnewhill,1000,20,161,8.1000,1.224592
MTDnewhill,1000,20,162,8.1500,1.401102
MTDnewhill,1000,20,163,8.2000,1.571665
MTDnewhill,1000,20,164,8.2500,1.662389
MTDnewhill,1000,20,165,8.3000,1.579880
MTDnewhill,1000,20,166,8.3500,1.444334
MTDnewhill,1000,20,167,8.4000,1.375556
MTDnewhill,1000,20,168,8.4500,1.365379
MTDnewhill,1000,20,169,8.5000,1.377178
MTDnewhill,1000,20,170,8.5500,1.332382
MTDnewhill,1000,20,171,8.6000,1.341332
MTDnewhill,1000,20,172,8.6500,1.291007
MTDnewhill,1000,20,173,8.7000,1.094515
MTDnewhill,1000,20,174,8.7500,0.985887
MTDnewhill,1000,20,175,8.8000,0.896909
MTDnewhill,1000,20,176,8.8500,0.836191
MTDnewhill,1000,20,177,8.9000,0.883507
MTDnewhill,1000,20,178,8.9500,0.791308
MTDnewhill,1000,20,179,9.0000,0.660887
MTDnewhill,1000,20,180,9.0500,0.605818
MTDnewhill,1000,20,181,9.1000,0.535928
MTDnewhill,1000,20,182,9.1500,0.519646
MTDnewhill,1000,20,183,9.2000,0.495334
MTDnewhill,1000,20,184,9.2500,0.471165
MTDnewhill,1000,20,185,9.3000,0.402523
MTDnewhill,1000,20,186,9.3500,0.321104
MTDnewhill,1000,20,187,9.4000,0.327548
MTDnewhill,1000,20,188,9.4500,0.335599
MTDnewhill,1000,20,189,9.5000,0.263415
MTDnewhill,1000,20,190,9.5500,0.341976
MTDnewhill,1000,20,191,9.6000,0.347570
MTDnewhill,1000,20,192,9.6500,0.393283
MTDnewhill,1000,20,193,9.7000,0.412954
MTDnewhill,1000,20,194,9.7500,0.504962
MTDnewhill,1000,20,195,9.8000,0.576807
MTDnewhill,1000,20,196,9.8500,0.488593
MTDnewhill,1000,20,197,9.9000,0.416971
MTDnewhill,1000,20,198,9.9500,0.377956
MTDnewhill,1000,20,199,10.0000,0.273199
MTDnewhill,1000,30,0,0.0500,13.974160
MTDnewhill,1000,30,1,0.1000,13.072258
MTDnewhill,1000,30,2,0.1500,12.456480
MTDnewhill,1000,30,3,0.2000,11.646882
MTDnewhill,1000,30,4,0.2500,11.201859
MTDnewhill,1000,30,5,0.3000,10.809094
MTDnewhill,1000,30,6,0.3500,10.334078
MTDnewhill,1000,30,7,0.4000,9.777322
MTDnewhill,1000,30,8,0.4500,9.420725
MTDnewhill,1000,30,9,0.5000,9.140411
MTDnewhill,1000,30,10,0.5500,8.469299
MTDnewhill,1000,30,11,0.6000,8.202544
MTDnewhill,1000,30,12,0.6500,8.022247
MTDnewhill,1000,30,13,0.7000,7.506764
MTDnewhill,1000,30,14,0.7500,7.452814
MTDnewhill,1000,30,15,0.8000,7.302832
MTDnewhill,1000,30,16,0.8500,6.967594
MTDnewhill,1000,30,17,0.9000,6.637382
MTDnewhill,1000,30,18,0.9500,6.331102
MTDnewhill,1000,30,19,1.0000,6.134816
MTDnewhill,1000,30,20,1.0500,5.837521
MTDnewhill,1000,30,21,1.1000,5.529621
MTDnewhill,1000,30,22,1.1500,5.501129
MTDnewhill,1000,30,23,1.2000,5.341920
MTDnewhill,1000,30,24,1.2500,5.005829
MTDnewhill,1000,30,25,1.3000,4.913438
MTDnewhill,1000,30,26,1.3500,4.622498
MTDnewhill,1000,30,27,1.4000,4.428926
MTDnewhill,1000,30,28,1.4500,4.432925
MTDnewhill,1000,30,29,1.5000,4.199750
MTDnewhill,1000,30,30,1.5500,4.110716
MTDnewhill,1000,30,31,1.6000,3.901435
MTDnewhill,1000,30,32,1.6500,3.869073
MTDnewhill,1000,30,33,1.7000,3.653629
MTDnewhill,1000,30,34,1.7500,3.662710
MTDnewhill,1000,30,35,1.8000,3.474652
MTDnewhill,1000,30,36,1.8500,3.152121
MTDnewhill,1000,30,37,1.9000,3.010013
MTDnewhill,1000,30,38,1.9500,2.841125
MTDnewhill,1000,30,39,2.0000,2.636337
MTDnewhill,1000,30,40,2.0500,2.510005
MTDnewhill,1000,30,41,2.1000,2.425675
MTDnewhill,1000,30,42,2.1500,2.322702
MTDnewhill,1000,30,43,2.2000,2.204151
MTDnewhill,1000,30,44,2.2500,2.048449
MTDnewhill,1000,30,45,2.3000,1.965747
MTDnewhill,1000,30,46,2.3500,1.894323
MTDnewhill,1000,30,47,2.4000,1.813203
MTDnewhill,1000,30,48,2.4500,1.728978
MTDnewhill,1000,30,49,2.5000,1.633404
MTDnewhill,1000,30,50,2.5500,1.607313
MTDnewhill,1000,30,51,2.6000,1.570033
MTDnewhill,1000,30,52,2.6500,1.488344
MTDnewhill,1000,30,53,2.7000,1.423660
MTDnewhill,1000,30,54,2.7500,1.373906
MTDnewhill,1000,30,55,2.8000,1.325894
MTDnewhill,1000,30,56,2.8500,1.328884
MTDnewhill,1000,30,57,2.9000,1.353557
MTDnewhill,1000,30,58,2.9500,1.377138
MTDnewhill,1000,30,59,3.0000,1.414825
MTDnewhill,1000,30,60,3.0500,1.317265
MTDnewhill,1000,30,61,3.1000,1.480900
MTDnewhill,1000,30,62,3.1500,1.539315
MTDnewhill,1000,30,63,3.2000,1.454798
MTDnewhill,1000,30,64,3.2500,1.201205
MTDnewhill,1000,30,65,3.3000,1.234081
MTDnewhill,1000,30,66,3.3500,1.090900
MTDnewhill,1000,30,67,3.4000,0.843800
MTDnewhill,1000,30,68,3.4500,0.750311
MTDnewhill,1000,30,69,3.5000,0.703186
MTDnewhill,1000,30,70,3.5500,0.731417
MTDnewhill,1000,30,71,3.6000,0.860823
MTDnewhill,1000,30,72,3.6500,1.049053
MTDnewhill,1000,30,73,3.7000,1.256862
MTDnewhill,1000,30,74,3.7500,1.515691
MTDnewhill,1000,30,75,3.8000,1.722049
MTDnewhill,1000,30,76,3.8500,1.721076
MTDnewhill,1000,30,77,3.9000,1.654259
MTDnewhill,1000,30,78,3.9500,1.493222
MTDnewhill,1000,30,79,4.0000,1.292744
MTDnewhill,1000,30,80,4.0500,1.075113
MTDnewhill,1000,30,81,4.1000,0.983655
MTDnewhill,1000,30,82,4.1500,0.899270
MTDnewhill,1000,30,83,4.2000,0.780211
MTDnewhill,1000,30,84,4.2500,0.730617
MTDnewhill,1000,30,85,4.3000,0.661559
MTDnewhill,1000,30,86,4.3500,0.644310
MTDnewhill,1000,30,87,4.4000,0.767519
MTDnewhill,1000,30,88,4.4500,0.822621
MTDnewhill,1000,30,89,4.5000,0.666275
MTDnewhill,1000,30,90,4.5500,0.616224
MTDnewhill,1000,30,91,4.6000,0.559231
MTDnewhill,1000,30,92,4.6500,0.512968
MTDnewhill,1000,30,93,4.7000,0.408759
MTDnewhill,1000,30,94,4.7500,0.370497
MTDnewhill,1000,30,95,4.8000,0.376536
MTDnewhill,1000,30,96,4.8500,0.365940
MTDnewhill,1000,30,97,4.9000,0.423926
MTDnewhill,1000,30,98,4.9500,0.524916
MTDnewhill,1000,30,99,5.0000,0.785127
MTDnewhill,1000,30,100,5.0500,0.952789
MTDnewhill,1000,30,101,5.1000,1.156965
MTDnewhill,1000,30,102,5.1500,1.379495
MTDnewhill,1000,30,103,5.2000,1.522577
MTDnewhill,1000,30,104,5.2500,1.501382
MTDnewhill,1000,30,105,5.3000,1.489269
MTDnewhill,1000,30,106,5.3500,1.363026
MTDnewhill,1000,30,107,5.4000,1.412561
MTDnewhill,1000,30,108,5.4500,1.359150
MTDnewhill,1000,30,109,5.5000,1.199431
MTDnewhill,1000,30,110,5.5500,0.944590
MTDnewhill,1000,30,111,5.6000,0.977573
MTDnewhill,1000,30,112,5.6500,0.918791
MTDnewhill,1000,30,113,5.7000,0.733635
MTDnewhill,1000,30,114,5.7500,0.774155
MTDnewhill,1000,30,115,5.8000,0.870186
MTDnewhill,1000,30,116,5.8500,1.021930
MTDnewhill,1000,30,117,5.9000,1.202705
MTDnewhill,1000,30,118,5.9500,1.363863
MTDnewhill,1000,30,119,6.0000,1.490632
MTDnewhill,1000,30,120,6.0500,1.623931
MTDnewhill,1000,30,121,6.1000,1.790701
MTDnewhill,1000,30,122,6.1500,1.968298
MTDnewhill,1000,30,123,6.2000,2.135288
MTDnewhill,1000,30,124,6.2500,2.306196
MTDnewhill,1000,30,125,6.3000,2.476474
MTDnewhill,1000,30,126,6.3500,2.655154
MTDnewhill,1000,30,127,6.4000,2.838817
MTDnewhill,1000,30,128,6.4500,2.997711
MTDnewhill,1000,30,129,6.5000,3.042230
MTDnewhill,1000,30,130,6.5500,2.904380
MTDnewhill,1000,30,131,6.6000,2.692583
MTDnewhill,1000,30,132,6.6500,2.606138
MTDnewhill,1000,30,133,6.7000,2.605844
MTDnewhill,1000,30,134,6.7500,2.489937
MTDnewhill,1000,30,135,6.8000,2.381032
MTDnewhill,1000,30,136,6.8500,2.399015
MTDnewhill,1000,30,137,6.9000,2.162085
MTDnewhill,1000,30,138,6.9500,1.965917
MTDnewhill,1000,30,139,7.0000,1.791793
MTDnewhill,1000,30,140,7.0500,1.702860
MTDnewhill,1000,30,141,7.1000,1.487895
MTDnewhill,1000,30,142,7.1500,1.497322
MTDnewhill,1000,30,143,7.2000,1.456398
MTDnewhill,1000,30,144,7.2500,1.417795
MTDnewhill,1000,30,145,7.3000,1.455915
MTDnewhill,1000,30,146,7.3500,1.387995
MTDnewhill,1000,30,147,7.4000,1.302106
MTDnewhill,1000,30,148,7.4500,1.167715
MTDnewhill,1000,30,149,7.5000,1.039977
MTDnewhill,1000,30,150,7.5500,0.972795
MTDnewhill,1000,30,151,7.6000,0.871617
MTDnewhill,1000,30,152,7.6500,0.868373
MTDnewhill,1000,30,153,7.7000,0.887372
MTDnewhill,1000,30,154,7.7500,0.959950
MTDnewhill,1000,30,155,7.8000,1.089816
MTDnewhill,1000,30,156,7.8500,1.276098
MTDnewhill,1000,30,157,7.9000,1.405426
MTDnewhill,1000,30,158,7.9500,1.573375
MTDnewhill,1000,30,159,8.0000,1.659247
MTDnewhill,1000,30,160,8.0500,1.589249
MTDnewhill,1000,30,161,8.1000,1.509137
MTDnewhill,1000,30,162,8.1500,1.313438
MTDnewhill,1000,30,163,8.2000,1.087928
MTDnewhill,1000,30,164,8.2500,1.001307
MTDnewhill,1000,30,165,8.3000,1.007095
MTDnewhill,1000,30,166,8.3500,1.046535
MTDnewhill,1000,30,167,8.4000,0.982510
MTDnewhill,1000,30,168,8.4500,0.909907
MTDnewhill,1000,30,169,8.5000,0.677610
MTDnewhill,1000,30,170,8.5500,0.572388
MTDnewhill,1000,30,171,8.6000,0.458271
MTDnewhill,1000,30,172,8.6500,0.392513
MTDnewhill,1000,30,173,8.7000,0.378473
MTDnewhill,1000,30,174,8.7500,0.452265
MTDnewhill,1000,30,175,8.8000,0.347153
MTDnewhill,1000,30,176,8.8500,0.260957
MTDnewhill,1000,30,177,8.9000,0.236138
MTDnewhill,1000,30,178,8.9500,0.216466
MTDnewhill,1000,30,179,9.0000,0.219866
MTDnewhill,1000,30,180,9.0500,0.298239
MTDnewhill,1000,30,181,9.1000,0.394357
MTDnewhill,1000,30,182,9.1500,0.381946
MTDnewhill,1000,30,183,9.2000,0.445029
MTDnewhill,1000,30,184,9.2500,0.395930
MTDnewhill,1000,30,185,9.3000,0.346290
MTDnewhill,1000,30,186,9.3500,0.278652
MTDnewhill,1000,30,187,9.4000,0.287285
MTDnewhill,1000,30,188,9.4500,0.400683
MTDnewhill,1000,30,189,9.5000,0.451347
MTDnewhill,1000,30,190,9.5500,0.551694
MTDnewhill,1000,30,191,9.6000,0.611946
MTDnewhill,1000,30,192,9.6500,0.593635
MTDnewhill,1000,30,193,9.7000,0.676948
MTDnewhill,1000,30,194,9.7500,0.626652
MTDnewhill,1000,30,195,9.8000,0.577318
MTDnewhill,1000,30,196,9.8500,0.438382
MTDnewhill,1000,30,197,9.9000,0.282291
MTDnewhill,1000,30,198,9.9500,0.344884
MTDnewhill,1000,30,199,10.0000,0.223775
MTDnewhill,1000,40,0,0.0500,13.921450
MTDnewhill,1000,40,1,0.1000,12.999600
MTDnewhill,1000,40,2,0.1500,12.369899
MTDnewhill,1000,40,3,0.2000,11.678432
MTDnewhill,1000,40,4,0.2500,11.400113
MTDnewhill,1000,40,5,0.3000,10.519653
MTDnewhill,1000,40,6,0.3500,10.292978
MTDnewhill,1000,40,7,0.4000,9.945699
MTDnewhill,1000,40,8,0.4500,9.443023
MTDnewhill,1000,40,9,0.5000,8.995742
MTDnewhill,1000,40,10,0.5500,8.432376
MTDnewhill,1000,40,11,0.6000,8.327726
MTDnewhill,1000,40,12,0.6500,7.834576
MTDnewhill,1000,40,13,0.7000,7.717397
MTDnewhill,1000,40,14,0.7500,7.561731
MTDnewhill,1000,40,15,0.8000,7.556406
MTDnewhill,1000,40,16,0.8500,7.098010
MTDnewhill,1000,40,17,0.9000,6.799289
MTDnewhill,1000,40,18,0.9500,6.640853
MTDnewhill,1000,40,19,1.0000,6.269364
MTDnewhill,1000,40,20,1.0500,5.920881
MTDnewhill,1000,40,21,1.1000,5.842660
MTDnewhill,1000,40,22,1.1500,5.435255
MTDnewhill,1000,40,23,1.2000,5.404276
MTDnewhill,1000,40,24,1.2500,5.109899
MTDnewhill,1000,40,25,1.3000,4.854811
MTDnewhill,1000,40,26,1.3500,4.867165
MTDnewhill,1000,40,27,1.4000,4.661182
MTDnewhill,1000,40,28,1.4500,4.590822
MTDnewhill,1000,40,29,1.5000,4.279327
MTDnewhill,1000,40,30,1.5500,4.198823
MTDnewhill,1000,40,31,1.6000,3.812870
MTDnewhill,1000,40,32,1.6500,3.631571
MTDnewhill,1000,40,33,1.7000,3.540546
MTDnewhill,1000,40,34,1.7500,3.549295
MTDnewhill,1000,40,35,1.8000,3.420190
MTDnewhill,1000,40,36,1.8500,3.148408
MTDnewhill,1000,40,37,1.9000,3.084806
MTDnewhill,1000,40,38,1.9500,2.790514
MTDnewhill,1000,40,39,2.0000,2.683783
MTDnewhill,1000,40,40,2.0500,2.532215
MTDnewhill,1000,40,41,2.1000,2.304186
MTDnewhill,1000,40,42,2.1500,2.254735
MTDnewhill,1000,40,43,2.2000,2.139573
MTDnewhill,1000,40,44,2.2500,2.110953
MTDnewhill,1000,40,45,2.3000,2.097769
MTDnewhill,1000,40,46,2.3500,1.953072
MTDnewhill,1000,40,47,2.4000,1.801872
MTDnewhill,1000,40,48,2.4500,1.743707
MTDnewhill,1000,40,49,2.5000,1.648678
MTDnewhill,1000,40,50,2.5500,1.570942
MTDnewhill,1000,40,51,2.6000,1.533840
MTDnewhill,1000,40,52,2.6500,1.522966
MTDnewhill,1000,40,53,2.7000,1.543879
MTDnewhill,1000,40,54,2.7500,1.613052
MTDnewhill,1000,40,55,2.8000,1.693840
MTDnewhill,1000,40,56,2.8500,1.495330
MTDnewhill,1000,40,57,2.9000,1.330789
MTDnewhill,1000,40,58,2.9500,1.196665
MTDnewhill,1000,40,59,3.0000,1.069258
MTDnewhill,1000,40,60,3.0500,1.082429
MTDnewhill,1000,40,61,3.1000,1.200911
MTDnewhill,1000,40,62,3.1500,1.350831
MTDnewhill,1000,40,63,3.2000,1.520824
MTDnewhill,1000,40,64,3.2500,1.492272
MTDnewhill,1000,40,65,3.3000,1.398914
MTDnewhill,1000,40,66,3.3500,1.357882
MTDnewhill,1000,40,67,3.4000,1.233483
MTDnewhill,1000,40,68,3.4500,1.131420
MTDnewhill,1000,40,69,3.5000,1.040624
MTDnewhill,1000,40,70,3.5500,0.892115
MTDnewhill,1000,40,71,3.6000,0.903730
MTDnewhill,1000,40,72,3.6500,0.916422
MTDnewhill,1000,40,73,3.7000,0.885268
MTDnewhill,1000,40,74,3.7500,0.836360
MTDnewhill,1000,40,75,3.8000,0.780622
MTDnewhill,1000,40,76,3.8500,0.784539
MTDnewhill,1000,40,77,3.9000,0.549086
MTDnewhill,1000,40,78,3.9500,0.506856
MTDnewhill,1000,40,79,4.0000,0.508583
MTDnewhill,1000,40,80,4.0500,0.509709
MTDnewhill,1000,40,81,4.1000,0.552277
MTDnewhill,1000,40,82,4.1500,0.663406
MTDnewhill,1000,40,83,4.2000,0.645724
MTDnewhill,1000,40,84,4.2500,0.787547
MTDnewhill,1000,40,85,4.3000,0.827628
MTDnewhill,1000,40,86,4.3500,1.104483
MTDnewhill,1000,40,87,4.4000,0.988825
MTDnewhill,1000,40,88,4.4500,0.727878
MTDnewhill,1000,40,89,4.5000,0.514302
MTDnewhill,1000,40,90,4.5500,0.374471
MTDnewhill,1000,40,91,4.6000,0.452132
MTDnewhill,1000,40,92,4.6500,0.542009
MTDnewhill,1000,40,93,4.7000,0.726826
MTDnewhill,1000,40,94,4.7500,0.962051
MTDnewhill,1000,40,95,4.8000,1.206370
MTDnewhill,1000,40,96,4.8500,1.412912
MTDnewhill,1000,40,97,4.9000,1.546190
MTDnewhill,1000,40,98,4.9500,1.574591
MTDnewhill,1000,40,99,5.0000,1.549583
MTDnewhill,1000,40,100,5.0500,1.499271
MTDnewhill,1000,40,101,5.1000,1.393706
MTDnewhill,1000,40,102,5.1500,1.330658
MTDnewhill,1000,40,103,5.2000,1.183719
MTDnewhill,1000,40,104,5.2500,1.126295
MTDnewhill,1000,40,105,5.3000,1.100139
MTDnewhill,1000,40,106,5.3500,0.985521
MTDnewhill,1000,40,107,5.4000,1.017881
MTDnewhill,1000,40,108,5.4500,0.876209
MTDnewhill,1000,40,109,5.5000,0.711686
MTDnewhill,1000,40,110,5.5500,0.661626
MTDnewhill,1000,40,111,5.6000,0.654648
MTDnewhill,1000,40,112,5.6500,0.565378
MTDnewhill,1000,40,113,5.7000,0.505490
MTDnewhill,1000,40,114,5.7500,0.458271
MTDnewhill,1000,40,115,5.8000,0.471093
MTDnewhill,1000,40,116,5.8500,0.516015
MTDnewhill,1000,40,117,5.9000,0.596059
MTDnewhill,1000,40,118,5.9500,0.623220
MTDnewhill,1000,40,119,6.0000,0.592837
MTDnewhill,1000,40,120,6.0500,0.595579
MTDnewhill,1000,40,121,6.1000,0.739010
MTDnewhill,1000,40,122,6.1500,0.873831
MTDnewhill,1000,40,123,6.2000,0.814090
MTDnewhill,1000,40,124,6.2500,0.670803
MTDnewhill,1000,40,125,6.3000,0.489958
MTDnewhill,1000,40,126,6.3500,0.434252
MTDnewhill,1000,40,127,6.4000,0.329473
MTDnewhill,1000,40,128,6.4500,0.402976
MTDnewhill,1000,40,129,6.5000,0.416441
MTDnewhill,1000,40,130,6.5500,0.577531
MTDnewhill,1000,40,131,6.6000,0.700636
MTDnewhill,1000,40,132,6.6500,0.654295
MTDnewhill,1000,40,133,6.7000,0.686323
MTDnewhill,1000,40,134,6.7500,0.686989
MTDnewhill,1000,40,135,6.8000,0.602751
MTDnewhill,1000,40,136,6.8500,0.461671
MTDnewhill,1000,40,137,6.9000,0.431621
MTDnewhill,1000,40,138,6.9500,0.520327
MTDnewhill,1000,40,139,7.0000,0.504990
MTDnewhill,1000,40,140,7.0500,0.479362
MTDnewhill,1000,40,141,7.1000,0.517245
MTDnewhill,1000,40,142,7.1500,0.591996
MTDnewhill,1000,40,143,7.2000,0.643689
MTDnewhill,1000,40,144,7.2500,0.761424
MTDnewhill,1000,40,145,7.3000,0.961147
MTDnewhill,1000,40,146,7.3500,1.009261
MTDnewhill,1000,40,147,7.4000,1.248085
MTDnewhill,1000,40,148,7.4500,1.402070
MTDnewhill,1000,40,149,7.5000,1.357369
MTDnewhill,1000,40,150,7.5500,1.340127
MTDnewhill,1000,40,151,7.6000,1.401118
MTDnewhill,1000,40,152,7.6500,1.374624
MTDnewhill,1000,40,153,7.7000,1.417885
MTDnewhill,1000,40,154,7.7500,1.447948
MTDnewhill,1000,40,155,7.8000,1.613267
MTDnewhill,1000,40,156,7.8500,1.687025
MTDnewhill,1000,40,157,7.9000,1.685871
MTDnewhill,1000,40,158,7.9500,1.686000
MTDnewhill,1000,40,159,8.0000,1.717326
MTDnewhill,1000,40,160,8.0500,1.856297
MTDnewhill,1000,40,161,8.1000,1.945969
MTDnewhill,1000,40,162,8.1500,1.945902
MTDnewhill,1000,40,163,8.2000,1.958342
MTDnewhill,1000,40,164,8.2500,2.035015
MTDnewhill,1000,40,165,8.3000,2.172101
MTDnewhill,1000,40,166,8.3500,2.335118
MTDnewhill,1000,40,167,8.4000,2.436821
MTDnewhill,1000,40,168,8.4500,2.602553
MTDnewhill,1000,40,169,8.5000,2.684354
MTDnewhill,1000,40,170,8.5500,2.720272
MTDnewhill,1000,40,171,8.6000,2.543375
MTDnewhill,1000,40,172,8.6500,2.346557
MTDnewhill,1000,40,173,8.7000,2.172120
MTDnewhill,1000,40,174,8.7500,1.969560
MTDnewhill,1000,40,175,8.8000,1.804933
MTDnewhill,1000,40,176,8.8500,1.636800
MTDnewhill,1000,40,177,8.9000,1.448854
MTDnewhill,1000,40,178,8.9500,1.279066
MTDnewhill,1000,40,179,9.0000,1.138999
MTDnewhill,1000,40,180,9.0500,1.039963
MTDnewhill,1000,40,181,9.1000,0.938721
MTDnewhill,1000,40,182,9.1500,0.798973
MTDnewhill,1000,40,183,9.2000,0.631567
MTDnewhill,1000,40,184,9.2500,0.540127
MTDnewhill,1000,40,185,9.3000,0.540376
MTDnewhill,1000,40,186,9.3500,0.495584
MTDnewhill,1000,40,187,9.4000,0.408307
MTDnewhill,1000,40,188,9.4500,0.368848
MTDnewhill,1000,40,189,9.5000,0.342390
MTDnewhill,1000,40,190,9.5500,0.250071
MTDnewhill,1000,40,191,9.6000,0.387363
MTDnewhill,1000,40,192,9.6500,0.551958
MTDnewhill,1000,40,193,9.7000,0.697563
MTDnewhill,1000,40,194,9.7500,0.827241
MTDnewhill,1000,40,195,9.8000,0.969824
MTDnewhill,1000,40,196,9.8500,0.996684
MTDnewhill,1000,40,197,9.9000,1.012049
MTDnewhill,1000,40,198,9.9500,0.854660
MTDnewhill,1000,40,199,10.0000,0.791129
MTDnewhill,1000,50,0,0.0500,13.992531
MTDnewhill,1000,50,1,0.1000,13.086826
MTDnewhill,1000,50,2,0.1500,12.244020
MTDnewhill,1000,50,3,0.2000,11.705641
MTDnewhill,1000,50,4,0.2500,11.272849
MTDnewhill,1000,50,5,0.3000,10.660724
MTDnewhill,1000,50,6,0.3500,10.155241
MTDnewhill,1000,50,7,0.4000,9.734306
MTDnewhill,1000,50,8,0.4500,9.261373
MTDnewhill,1000,50,9,0.5000,8.815281
MTDnewhill,1000,50,10,0.5500,8.463910
MTDnewhill,1000,50,11,0.6000,8.385687
MTDnewhill,1000,50,12,0.6500,8.293172
MTDnewhill,1000,50,13,0.7000,7.850472
MTDnewhill,1000,50,14,0.7500,7.419655
MTDnewhill,1000,50,15,0.8000,7.127031
MTDnewhill,1000,50,16,0.8500,6.959628
MTDnewhill,1000,50,17,0.9000,6.606278
MTDnewhill,1000,50,18,0.9500,6.292947
MTDnewhill,1000,50,19,1.0000,6.064796
MTDnewhill,1000,50,20,1.0500,5.977879
MTDnewhill,1000,50,21,1.1000,5.816534
MTDnewhill,1000,50,22,1.1500,5.781061
MTDnewhill,1000,50,23,1.2000,5.433033
MTDnewhill,1000,50,24,1.2500,5.114276
MTDnewhill,1000,50,25,1.3000,4.726114
MTDnewhill,1000,50,26,1.3500,4.710705
MTDnewhill,1000,50,27,1.4000,4.505477
MTDnewhill,1000,50,28,1.4500,4.444098
MTDnewhill,1000,50,29,1.5000,4.305446
MTDnewhill,1000,50,30,1.5500,4.228989
MTDnewhill,1000,50,31,1.6000,3.938007
MTDnewhill,1000,50,32,1.6500,3.735729
MTDnewhill,1000,50,33,1.7000,3.749984
MTDnewhill,1000,50,34,1.7500,3.625908
MTDnewhill,1000,50,35,1.8000,3.406101
MTDnewhill,1000,50,36,1.8500,3.090090
MTDnewhill,1000,50,37,1.9000,2.867289
MTDnewhill,1000,50,38,1.9500,2.806087
MTDnewhill,1000,50,39,2.0000,2.677701
MTDnewhill,1000,50,40,2.0500,2.505512
MTDnewhill,1000,50,41,2.1000,2.396922
MTDnewhill,1000,50,42,2.1500,2.390296
MTDnewhill,1000,50,43,2.2000,2.190939
MTDnewhill,1000,50,44,2.2500,2.161863
MTDnewhill,1000,50,45,2.3000,2.085575
MTDnewhill,1000,50,46,2.3500,2.102726
MTDnewhill,1000,50,47,2.4000,2.069392
MTDnewhill,1000,50,48,2.4500,1.983133
MTDnewhill,1000,50,49,2.5000,1.714196
MTDnewhill,1000,50,50,2.5500,1.665366
MTDnewhill,1000,50,51,2.6000,1.490131
MTDnewhill,1000,50,52,2.6500,1.420905
MTDnewhill,1000,50,53,2.7000,1.391627
MTDnewhill,1000,50,54,2.7500,1.358877
MTDnewhill,1000,50,55,2.8000,1.255974
MTDnewhill,1000,50,56,2.8500,1.254623
MTDnewhill,1000,50,57,2.9000,1.241785
MTDnewhill,1000,50,58,2.9500,1.295136
MTDnewhill,1000,50,59,3.0000,1.318881
MTDnewhill,1000,50,60,3.0500,1.253692
MTDnewhill,1000,50,61,3.1000,1.338308
MTDnewhill,1000,50,62,3.1500,1.335095
MTDnewhill,1000,50,63,3.2000,1.356859
MTDnewhill,1000,50,64,3.2500,1.318541
MTDnewhill,1000,50,65,3.3000,1.101213
MTDnewhill,1000,50,66,3.3500,0.874281
MTDnewhill,1000,50,67,3.4000,0.841265
MTDnewhill,1000,50,68,3.4500,0.872523
MTDnewhill,1000,50,69,3.5000,0.941914
MTDnewhill,1000,50,70,3.5500,1.158171
MTDnewhill,1000,50,71,3.6000,1.345539
MTDnewhill,1000,50,72,3.6500,1.463267
MTDnewhill,1000,50,73,3.7000,1.488705
MTDnewhill,1000,50,74,3.7500,1.555598
MTDnewhill,1000,50,75,3.8000,1.387042
MTDnewhill,1000,50,76,3.8500,1.253047
MTDnewhill,1000,50,77,3.9000,1.103690
MTDnewhill,1000,50,78,3.9500,0.908529
MTDnewhill,1000,50,79,4.0000,0.832572
MTDnewhill,1000,50,80,4.0500,0.665623
MTDnewhill,1000,50,81,4.1000,0.607457
MTDnewhill,1000,50,82,4.1500,0.582888
MTDnewhill,1000,50,83,4.2000,0.553609
MTDnewhill,1000,50,84,4.2500,0.527596
MTDnewhill,1000,50,85,4.3000,0.413909
MTDnewhill,1000,50,86,4.3500,0.402327
MTDnewhill,1000,50,87,4.4000,0.499369
MTDnewhill,1000,50,88,4.4500,0.661258
MTDnewhill,1000,50,89,4.5000,0.815911
MTDnewhill,1000,50,90,4.5500,1.065937
MTDnewhill,1000,50,91,4.6000,1.284494
MTDnewhill,1000,50,92,4.6500,1.548202
MTDnewhill,1000,50,93,4.7000,1.763440
MTDnewhill,1000,50,94,4.7500,1.901166
MTDnewhill,1000,50,95,4.8000,1.805474
MTDnewhill,1000,50,96,4.8500,1.781067
MTDnewhill,1000,50,97,4.9000,1.623331
MTDnewhill,1000,50,98,4.9500,1.510567
MTDnewhill,1000,50,99,5.0000,1.320702
MTDnewhill,1000,50,100,5.0500,1.248801
MTDnewhill,1000,50,101,5.1000,1.057820
MTDnewhill,1000,50,102,5.1500,1.038528
MTDnewhill,1000,50,103,5.2000,0.880762
MTDnewhill,1000,50,104,5.2500,0.805841
MTDnewhill,1000,50,105,5.3000,0.728118
MTDnewhill,1000,50,106,5.3500,0.699376
MTDnewhill,1000,50,107,5.4000,0.633134
MTDnewhill,1000,50,108,5.4500,0.572350
MTDnewhill,1000,50,109,5.5000,0.444076
MTDnewhill,1000,50,110,5.5500,0.384596
MTDnewhill,1000,50,111,5.6000,0.351695
MTDnewhill,1000,50,112,5.6500,0.343647
MTDnewhill,1000,50,113,5.7000,0.336575
MTDnewhill,1000,50,114,5.7500,0.363455
MTDnewhill,1000,50,115,5.8000,0.369302
MTDnewhill,1000,50,116,5.8500,0.494548
MTDnewhill,1000,50,117,5.9000,0.626391
MTDnewhill,1000,50,118,5.9500,0.733613
MTDnewhill,1000,50,119,6.0000,0.703440
MTDnewhill,1000,50,120,6.0500,0.610597
MTDnewhill,1000,50,121,6.1000,0.705210
MTDnewhill,1000,50,122,6.1500,0.832719
MTDnewhill,1000,50,123,6.2000,0.921801
MTDnewhill,1000,50,124,6.2500,1.095792
MTDnewhill,1000,50,125,6.3000,1.211071
MTDnewhill,1000,50,126,6.3500,1.405529
MTDnewhill,1000,50,127,6.4000,1.334990
MTDnewhill,1000,50,128,6.4500,1.137643
MTDnewhill,1000,50,129,6.5000,0.948217
MTDnewhill,1000,50,130,6.5500,0.795418
MTDnewhill,1000,50,131,6.6000,0.629264
MTDnewhill,1000,50,132,6.6500,0.570959
MTDnewhill,1000,50,133,6.7000,0.513257
MTDnewhill,1000,50,134,6.7500,0.487629
MTDnewhill,1000,50,135,6.8000,0.595403
MTDnewhill,1000,50,136,6.8500,0.732758
MTDnewhill,1000,50,137,6.9000,0.668390
MTDnewhill,1000,50,138,6.9500,0.640097
MTDnewhill,1000,50,139,7.0000,0.645887
MTDnewhill,1000,50,140,7.0500,0.520038
MTDnewhill,1000,50,141,7.1000,0.452549
MTDnewhill,1000,50,142,7.1500,0.378685
MTDnewhill,1000,50,143,7.2000,0.369803
MTDnewhill,1000,50,144,7.2500,0.422976
MTDnewhill,1000,50,145,7.3000,0.521288
MTDnewhill,1000,50,146,7.3500,0.519674
MTDnewhill,1000,50,147,7.4000,0.529675
MTDnewhill,1000,50,148,7.4500,0.524857
MTDnewhill,1000,50,149,7.5000,0.419645
MTDnewhill,1000,50,150,7.5500,0.428122
MTDnewhill,1000,50,151,7.6000,0.486191
MTDnewhill,1000,50,152,7.6500,0.614264
MTDnewhill,1000,50,153,7.7000,0.739230
MTDnewhill,1000,50,154,7.7500,0.812060
MTDnewhill,1000,50,155,7.8000,0.773801
MTDnewhill,1000,50,156,7.8500,0.743876
MTDnewhill,1000,50,157,7.9000,0.656494
MTDnewhill,1000,50,158,7.9500,0.564352
MTDnewhill,1000,50,159,8.0000,0.547243
MTDnewhill,1000,50,160,8.0500,0.499919
MTDnewhill,1000,50,161,8.1000,0.532434
MTDnewhill,1000,50,162,8.1500,0.574654
MTDnewhill,1000,50,163,8.2000,0.583086
MTDnewhill,1000,50,164,8.2500,0.704119
MTDnewhill,1000,50,165,8.3000,0.696730
MTDnewhill,1000,50,166,8.3500,0.741509
MTDnewhill,1000,50,167,8.4000,0.531332
MTDnewhill,1000,50,168,8.4500,0.375203
MTDnewhill,1000,50,169,8.5000,0.327868
MTDnewhill,1000,50,170,8.5500,0.305741
MTDnewhill,1000,50,171,8.6000,0.306752
MTDnewhill,1000,50,172,8.6500,0.370943
MTDnewhill,1000,50,173,8.7000,0.454290
MTDnewhill,1000,50,174,8.7500,0.528652
MTDnewhill,1000,50,175,8.8000,0.678231
MTDnewhill,1000,50,176,8.8500,0.685665
MTDnewhill,1000,50,177,8.9000,0.686683
MTDnewhill,1000,50,178,8.9500,0.771694
MTDnewhill,1000,50,179,9.0000,0.832456
MTDnewhill,1000,50,180,9.0500,1.020808
MTDnewhill,1000,50,181,9.1000,1.137275
MTDnewhill,1000,50,182,9.1500,1.154308
MTDnewhill,1000,50,183,9.2000,1.162254
MTDnewhill,1000,50,184,9.2500,1.095252
MTDnewhill,1000,50,185,9.3000,1.077034
MTDnewhill,1000,50,186,9.3500,1.083129
MTDnewhill,1000,50,187,9.4000,1.227180
MTDnewhill,1000,50,188,9.4500,1.368334
MTDnewhill,1000,50,189,9.5000,1.418191
MTDnewhill,1000,50,190,9.5500,1.478141
MTDnewhill,1000,50,191,9.6000,1.526938
MTDnewhill,1000,50,192,9.6500,1.619361
MTDnewhill,1000,50,193,9.7000,1.653678
MTDnewhill,1000,50,194,9.7500,1.536758
MTDnewhill,1000,50,195,9.8000,1.361523
MTDnewhill,1000,50,196,9.8500,1.187739
MTDnewhill,1000,50,197,9.9000,1.058123
MTDnewhill,1000,50,198,9.9500,0.949991
MTDnewhill,1000,50,199,10.0000,0.772936
MTDnewhill,1500,10,0,0.0500,14.283466
MTDnewhill,1500,10,1,0.1000,13.497230
MTDnewhill,1500,10,2,0.1500,13.018135
MTDnewhill,1500,10,3,0.2000,12.622583
MTDnewhill,1500,10,4,0.2500,12.114013
MTDnewhill,1500,10,5,0.3000,11.792762
MTDnewhill,1500,10,6,0.3500,11.329215
MTDnewhill,1500,10,7,0.4000,10.860487
MTDnewhill,1500,10,8,0.4500,10.552640
MTDnewhill,1500,10,9,0.5000,10.310888
MTDnewhill,1500,10,10,0.5500,10.048855
MTDnewhill,1500,10,11,0.6000,9.854852
MTDnewhill,1500,10,12,0.6500,9.637268
MTDnewhill,1500,10,13,0.7000,9.541823
MTDnewhill,1500,10,14,0.7500,9.396677
MTDnewhill,1500,10,15,0.8000,9.209155
MTDnewhill,1500,10,16,0.8500,8.794654
MTDnewhill,1500,10,17,0.9000,8.396661
MTDnewhill,1500,10,18,0.9500,8.170169
MTDnewhill,1500,10,19,1.0000,8.174750
MTDnewhill,1500,10,20,1.0500,7.796214
MTDnewhill,1500,10,21,1.1000,7.578560
MTDnewhill,1500,10,22,1.1500,7.306734
MTDnewhill,1500,10,23,1.2000,7.090720
MTDnewhill,1500,10,24,1.2500,6.924567
MTDnewhill,1500,10,25,1.3000,6.878875
MTDnewhill,1500,10,26,1.3500,6.706205
MTDnewhill,1500,10,27,1.4000,6.581725
MTDnewhill,1500,10,28,1.4500,6.386839
MTDnewhill,1500,10,29,1.5000,6.270947
MTDnewhill,1500,10,30,1.5500,6.009526
MTDnewhill,1500,10,31,1.6000,5.949090
MTDnewhill,1500,10,32,1.6500,5.835583
MTDnewhill,1500,10,33,1.7000,5.588061
MTDnewhill,1500,10,34,1.7500,5.363291
MTDnewhill,1500,10,35,1.8000,5.353556
MTDnewhill,1500,10,36,1.8500,5.090755
MTDnewhill,1500,10,37,1.9000,4.985885
MTDnewhill,1500,10,38,1.9500,4.797710
MTDnewhill,1500,10,39,2.0000,4.564479
MTDnewhill,1500,10,40,2.0500,4.492860
MTDnewhill,1500,10,41,2.1000,4.444586
MTDnewhill,1500,10,42,2.1500,4.430636
MTDnewhill,1500,10,43,2.2000,4.312878
MTDnewhill,1500,10,44,2.2500,4.142233
MTDnewhill,1500,10,45,2.3000,4.072831
MTDnewhill,1500,10,46,2.3500,3.933956
MTDnewhill,1500,10,47,2.4000,3.800485
MTDnewhill,1500,10,48,2.4500,3.800528
MTDnewhill,1500,10,49,2.5000,3.585284
MTDnewhill,1500,10,50,2.5500,3.517050
MTDnewhill,1500,10,51,2.6000,3.221056
MTDnewhill,1500,10,52,2.6500,3.121365
MTDnewhill,1500,10,53,2.7000,3.070355
MTDnewhill,1500,10,54,2.7500,3.038776
MTDnewhill,1500,10,55,2.8000,3.025140
MTDnewhill,1500,10,56,2.8500,2.888377
MTDnewhill,1500,10,57,2.9000,2.877391
MTDnewhill,1500,10,58,2.9500,2.842548
MTDnewhill,1500,10,59,3.0000,2.760481
MTDnewhill,1500,10,60,3.0500,2.647073
MTDnewhill,1500,10,61,3.1000,2.609996
MTDnewhill,1500,10,62,3.1500,2.580113
MTDnewhill,1500,10,63,3.2000,2.440395
MTDnewhill,1500,10,64,3.2500,2.307347
MTDnewhill,1500,10,65,3.3000,2.247189
MTDnewhill,1500,10,66,3.3500,2.192628
MTDnewhill,1500,10,67,3.4000,2.203007
MTDnewhill,1500,10,68,3.4500,2.197547
MTDnewhill,1500,10,69,3.5000,2.126056
MTDnewhill,1500,10,70,3.5500,2.056127
MTDnewhill,1500,10,71,3.6000,1.996872
MTDnewhill,1500,10,72,3.6500,1.987968
MTDnewhill,1500,10,73,3.7000,1.840685
MTDnewhill,1500,10,74,3.7500,1.711584
MTDnewhill,1500,10,75,3.8000,1.656563
MTDnewhill,1500,10,76,3.8500,1.644226
MTDnewhill,1500,10,77,3.9000,1.647978
MTDnewhill,1500,10,78,3.9500,1.714224
MTDnewhill,1500,10,79,4.0000,1.795246
MTDnewhill,1500,10,80,4.0500,1.896555
MTDnewhill,1500,10,81,4.1000,2.011538
MTDnewhill,1500,10,82,4.1500,2.141017
MTDnewhill,1500,10,83,4.2000,2.101818
MTDnewhill,1500,10,84,4.2500,1.908762
MTDnewhill,1500,10,85,4.3000,1.824861
MTDnewhill,1500,10,86,4.3500,1.765919
MTDnewhill,1500,10,87,4.4000,1.715638
MTDnewhill,1500,10,88,4.4500,1.499822
MTDnewhill,1500,10,89,4.5000,1.429165
MTDnewhill,1500,10,90,4.5500,1.397228
MTDnewhill,1500,10,91,4.6000,1.348055
MTDnewhill,1500,10,92,4.6500,1.214177
MTDnewhill,1500,10,93,4.7000,1.172273
MTDnewhill,1500,10,94,4.7500,1.141517
MTDnewhill,1500,10,95,4.8000,1.071013
MTDnewhill,1500,10,96,4.8500,1.024328
MTDnewhill,1500,10,97,4.9000,0.975187
MTDnewhill,1500,10,98,4.9500,0.930243
MTDnewhill,1500,10,99,5.0000,0.898578
MTDnewhill,1500,10,100,5.0500,0.846739
MTDnewhill,1500,10,101,5.1000,0.800083
MTDnewhill,1500,10,102,5.1500,0.783147
MTDnewhill,1500,10,103,5.2000,0.771568
MTDnewhill,1500,10,104,5.2500,0.770741
MTDnewhill,1500,10,105,5.3000,0.755147
MTDnewhill,1500,10,106,5.3500,0.759226
MTDnewhill,1500,10,107,5.4000,0.815723
MTDnewhill,1500,10,108,5.4500,0.755217
MTDnewhill,1500,10,109,5.5000,0.768783
MTDnewhill,1500,10,110,5.5500,0.792131
MTDnewhill,1500,10,111,5.6000,0.817116
MTDnewhill,1500,10,112,5.6500,0.848060
MTDnewhill,1500,10,113,5.7000,0.839696
MTDnewhill,1500,10,114,5.7500,0.848668
MTDnewhill,1500,10,115,5.8000,0.904851
MTDnewhill,1500,10,116,5.8500,0.936083
MTDnewhill,1500,10,117,5.9000,1.008582
MTDnewhill,1500,10,118,5.9500,1.049647
MTDnewhill,1500,10,119,6.0000,1.089203
MTDnewhill,1500,10,120,6.0500,0.935894
MTDnewhill,1500,10,121,6.1000,0.763356
MTDnewhill,1500,10,122,6.1500,0.638752
MTDnewhill,1500,10,123,6.2000,0.609315
MTDnewhill,1500,10,124,6.2500,0.522952
MTDnewhill,1500,10,125,6.3000,0.450006
MTDnewhill,1500,10,126,6.3500,0.477318
MTDnewhill,1500,10,127,6.4000,0.486795
MTDnewhill,1500,10,128,6.4500,0.449625
MTDnewhill,1500,10,129,6.5000,0.450249
MTDnewhill,1500,10,130,6.5500,0.456575
MTDnewhill,1500,10,131,6.6000,0.538559
MTDnewhill,1500,10,132,6.6500,0.591197
MTDnewhill,1500,10,133,6.7000,0.718835
MTDnewhill,1500,10,134,6.7500,0.715949
MTDnewhill,1500,10,135,6.8000,0.691320
MTDnewhill,1500,10,136,6.8500,0.680163
MTDnewhill,1500,10,137,6.9000,0.702757
MTDnewhill,1500,10,138,6.9500,0.750603
MTDnewhill,1500,10,139,7.0000,0.829983
MTDnewhill,1500,10,140,7.0500,0.866049
MTDnewhill,1500,10,141,7.1000,0.987059
MTDnewhill,1500,10,142,7.1500,1.036662
MTDnewhill,1500,10,143,7.2000,1.107424
MTDnewhill,1500,10,144,7.2500,1.150040
MTDnewhill,1500,10,145,7.3000,1.257017
MTDnewhill,1500,10,146,7.3500,1.300657
MTDnewhill,1500,10,147,7.4000,1.435637
MTDnewhill,1500,10,148,7.4500,1.491229
MTDnewhill,1500,10,149,7.5000,1.541727
MTDnewhill,1500,10,150,7.5500,1.535862
MTDnewhill,1500,10,151,7.6000,1.411848
MTDnewhill,1500,10,152,7.6500,1.245733
MTDnewhill,1500,10,153,7.7000,1.073299
MTDnewhill,1500,10,154,7.7500,0.923340
MTDnewhill,1500,10,155,7.8000,0.775295
MTDnewhill,1500,10,156,7.8500,0.672568
MTDnewhill,1500,10,157,7.9000,0.694328
MTDnewhill,1500,10,158,7.9500,0.558385
MTDnewhill,1500,10,159,8.0000,0.417841
MTDnewhill,1500,10,160,8.0500,0.354747
MTDnewhill,1500,10,161,8.1000,0.364426
MTDnewhill,1500,10,162,8.1500,0.333141
MTDnewhill,1500,10,163,8.2000,0.416055
MTDnewhill,1500,10,164,8.2500,0.551646
MTDnewhill,1500,10,165,8.3000,0.716398
MTDnewhill,1500,10,166,8.3500,0.866766
MTDnewhill,1500,10,167,8.4000,0.939892
MTDnewhill,1500,10,168,8.4500,1.076898
MTDnewhill,1500,10,169,8.5000,1.203169
MTDnewhill,1500,10,170,8.5500,1.308082
MTDnewhill,1500,10,171,8.6000,1.428230
MTDnewhill,1500,10,172,8.6500,1.470426
MTDnewhill,1500,10,173,8.7000,1.403485
MTDnewhill,1500,10,174,8.7500,1.349614
MTDnewhill,1500,10,175,8.8000,1.306106
MTDnewhill,1500,10,176,8.8500,1.206879
MTDnewhill,1500,10,177,8.9000,1.056171
MTDnewhill,1500,10,178,8.9500,1.054145
MTDnewhill,1500,10,179,9.0000,0.885826
MTDnewhill,1500,10,180,9.0500,0.892836
MTDnewhill,1500,10,181,9.1000,0.909211
MTDnewhill,1500,10,182,9.1500,0.955402
MTDnewhill,1500,10,183,9.2000,0.865103
MTDnewhill,1500,10,184,9.2500,0.778262
MTDnewhill,1500,10,185,9.3000,0.707063
MTDnewhill,1500,10,186,9.3500,0.755857
MTDnewhill,1500,10,187,9.4000,0.805930
MTDnewhill,1500,10,188,9.4500,0.751114
MTDnewhill,1500,10,189,9.5000,0.603427
MTDnewhill,1500,10,190,9.5500,0.533834
MTDnewhill,1500,10,191,9.6000,0.411975
MTDnewhill,1500,10,192,9.6500,0.346745
MTDnewhill,1500,10,193,9.7000,0.408149
MTDnewhill,1500,10,194,9.7500,0.489312
MTDnewhill,1500,10,195,9.8000,0.598683
MTDnewhill,1500,10,196,9.8500,0.526357
MTDnewhill,1500,10,197,9.9000,0.418300
MTDnewhill,1500,10,198,9.9500,0.428671
MTDnewhill,1500,10,199,10.0000,0.364430
MTDnewhill,1500,20,0,0.0500,14.584701
MTDnewhill,1500,20,1,0.1000,13.528439
MTDnewhill,1500,20,2,0.1500,13.195021
MTDnewhill,1500,20,3,0.2000,12.516470
MTDnewhill,1500,20,4,0.2500,11.974194
MTDnewhill,1500,20,5,0.3000,11.653976
MTDnewhill,1500,20,6,0.3500,11.358342
MTDnewhill,1500,20,7,0.4000,11.064130
MTDnewhill,1500,20,8,0.4500,10.616778
MTDnewhill,1500,20,9,0.5000,10.329979
MTDnewhill,1500,20,10,0.5500,10.064129
MTDnewhill,1500,20,11,0.6000,9.805000
MTDnewhill,1500,20,12,0.6500,9.473898
MTDnewhill,1500,20,13,0.7000,9.398774
MTDnewhill,1500,20,14,0.7500,9.161652
MTDnewhill,1500,20,15,0.8000,8.932403
MTDnewhill,1500,20,16,0.8500,8.542619
MTDnewhill,1500,20,17,0.9000,8.308579
MTDnewhill,1500,20,18,0.9500,8.056026
MTDnewhill,1500,20,19,1.0000,7.903531
MTDnewhill,1500,20,20,1.0500,7.700252
MTDnewhill,1500,20,21,1.1000,7.509045
MTDnewhill,1500,20,22,1.1500,7.403697
MTDnewhill,1500,20,23,1.2000,7.284038
MTDnewhill,1500,20,24,1.2500,7.062567
MTDnewhill,1500,20,25,1.3000,6.927182
MTDnewhill,1500,20,26,1.3500,6.887733
MTDnewhill,1500,20,27,1.4000,6.540737
MTDnewhill,1500,20,28,1.4500,6.499426
MTDnewhill,1500,20,29,1.5000,6.511522
MTDnewhill,1500,20,30,1.5500,6.412175
MTDnewhill,1500,20,31,1.6000,6.182936
MTDnewhill,1500,20,32,1.6500,5.984601
MTDnewhill,1500,20,33,1.7000,5.780055
MTDnewhill,1500,20,34,1.7500,5.786876
MTDnewhill,1500,20,35,1.8000,5.485041
MTDnewhill,1500,20,36,1.8500,5.310546
MTDnewhill,1500,20,37,1.9000,5.209796
MTDnewhill,1500,20,38,1.9500,5.081693
MTDnewhill,1500,20,39,2.0000,4.963693
MTDnewhill,1500,20,40,2.0500,4.934334
MTDnewhill,1500,20,41,2.1000,4.748154
MTDnewhill,1500,20,42,2.1500,4.623000
MTDnewhill,1500,20,43,2.2000,4.451349
MTDnewhill,1500,20,44,2.2500,4.131876
MTDnewhill,1500,20,45,2.3000,4.054425
MTDnewhill,1500,20,46,2.3500,3.938628
MTDnewhill,1500,20,47,2.4000,3.805687
MTDnewhill,1500,20,48,2.4500,3.706003
MTDnewhill,1500,20,49,2.5000,3.689567
MTDnewhill,1500,20,50,2.5500,3.578772
MTDnewhill,1500,20,51,2.6000,3.576276
MTDnewhill,1500,20,52,2.6500,3.477497
MTDnewhill,1500,20,53,2.7000,3.488737
MTDnewhill,1500,20,54,2.7500,3.224039
MTDnewhill,1500,20,55,2.8000,3.089610
MTDnewhill,1500,20,56,2.8500,2.966689
MTDnewhill,1500,20,57,2.9000,2.928988
MTDnewhill,1500,20,58,2.9500,2.935563
MTDnewhill,1500,20,59,3.0000,2.770964
MTDnewhill,1500,20,60,3.0500,2.710087
MTDnewhill,1500,20,61,3.1000,2.693136
MTDnewhill,1500,20,62,3.1500,2.551321
MTDnewhill,1500,20,63,3.2000,2.394270
MTDnewhill,1500,20,64,3.2500,2.392904
MTDnewhill,1500,20,65,3.3000,2.290101
MTDnewhill,1500,20,66,3.3500,2.268673
MTDnewhill,1500,20,67,3.4000,2.265793
MTDnewhill,1500,20,68,3.4500,2.298987
MTDnewhill,1500,20,69,3.5000,2.365736
MTDnewhill,1500,20,70,3.5500,2.398313
MTDnewhill,1500,20,71,3.6000,2.416476
MTDnewhill,1500,20,72,3.6500,2.140489
MTDnewhill,1500,20,73,3.7000,1.933312
MTDnewhill,1500,20,74,3.7500,1.933333
MTDnewhill,1500,20,75,3.8000,1.659752
MTDnewhill,1500,20,76,3.8500,1.610418
MTDnewhill,1500,20,77,3.9000,1.596776
MTDnewhill,1500,20,78,3.9500,1.557656
MTDnewhill,1500,20,79,4.0000,1.580392
MTDnewhill,1500,20,80,4.0500,1.530253
MTDnewhill,1500,20,81,4.1000,1.505586
MTDnewhill,1500,20,82,4.1500,1.429417
MTDnewhill,1500,20,83,4.2000,1.454601
MTDnewhill,1500,20,84,4.2500,1.362821
MTDnewhill,1500,20,85,4.3000,1.280027
MTDnewhill,1500,20,86,4.3500,1.229921
MTDnewhill,1500,20,87,4.4000,1.182441
MTDnewhill,1500,20,88,4.4500,1.205180
MTDnewhill,1500,20,89,4.5000,1.225920
MTDnewhill,1500,20,90,4.5500,1.153102
MTDnewhill,1500,20,91,4.6000,1.104397
MTDnewhill,1500,20,92,4.6500,1.109475
MTDnewhill,1500,20,93,4.7000,1.095682
MTDnewhill,1500,20,94,4.7500,1.088921
MTDnewhill,1500,20,95,4.8000,1.098582
MTDnewhill,1500,20,96,4.8500,1.081432
MTDnewhill,1500,20,97,4.9000,1.103158
MTDnewhill,1500,20,98,4.9500,1.116654
MTDnewhill,1500,20,99,5.0000,1.172118
MTDnewhill,1500,20,100,5.0500,1.192381
MTDnewhill,1500,20,101,5.1000,1.253658
MTDnewhill,1500,20,102,5.1500,1.249864
MTDnewhill,1500,20,103,5.2000,1.229760
MTDnewhill,1500,20,104,5.2500,1.074469
MTDnewhill,1500,20,105,5.3000,0.911017
MTDnewhill,1500,20,106,5.3500,0.890304
MTDnewhill,1500,20,107,5.4000,0.943165
MTDnewhill,1500,20,108,5.4500,1.012869
MTDnewhill,1500,20,109,5.5000,1.035890
MTDnewhill,1500,20,110,5.5500,1.019069
MTDnewhill,1500,20,111,5.6000,1.038545
MTDnewhill,1500,20,112,5.6500,1.065525
MTDnewhill,1500,20,113,5.7000,1.077408
MTDnewhill,1500,20,114,5.7500,1.117196
MTDnewhill,1500,20,115,5.8000,1.242745
MTDnewhill,1500,20,116,5.8500,1.334408
MTDnewhill,1500,20,117,5.9000,1.333366
MTDnewhill,1500,20,118,5.9500,1.389104
MTDnewhill,1500,20,119,6.0000,1.468609
MTDnewhill,1500,20,120,6.0500,1.505196
MTDnewhill,1500,20,121,6.1000,1.517523
MTDnewhill,1500,20,122,6.1500,1.568315
MTDnewhill,1500,20,123,6.2000,1.674989
MTDnewhill,1500,20,124,6.2500,1.755508
MTDnewhill,1500,20,125,6.3000,1.760892
MTDnewhill,1500,20,126,6.3500,1.607046
MTDnewhill,1500,20,127,6.4000,1.382392
MTDnewhill,1500,20,128,6.4500,1.231040
MTDnewhill,1500,20,129,6.5000,1.007675
MTDnewhill,1500,20,130,6.5500,0.795893
MTDnewhill,1500,20,131,6.6000,0.648456
MTDnewhill,1500,20,132,6.6500,0.474321
MTDnewhill,1500,20,133,6.7000,0.394745
MTDnewhill,1500,20,134,6.7500,0.271333
MTDnewhill,1500,20,135,6.8000,0.319446
MTDnewhill,1500,20,136,6.8500,0.429143
MTDnewhill,1500,20,137,6.9000,0.614996
MTDnewhill,1500,20,138,6.9500,0.765259
MTDnewhill,1500,20,139,7.0000,0.882453
MTDnewhill,1500,20,140,7.0500,0.988014
MTDnewhill,1500,20,141,7.1000,1.029899
MTDnewhill,1500,20,142,7.1500,0.915630
MTDnewhill,1500,20,143,7.2000,0.822323
MTDnewhill,1500,20,144,7.2500,0.739036
MTDnewhill,1500,20,145,7.3000,0.688360
MTDnewhill,1500,20,146,7.3500,0.641216
MTDnewhill,1500,20,147,7.4000,0.615623
MTDnewhill,1500,20,148,7.4500,0.585475
MTDnewhill,1500,20,149,7.5000,0.547749
MTDnewhill,1500,20,150,7.5500,0.528857
MTDnewhill,1500,20,151,7.6000,0.544668
MTDnewhill,1500,20,152,7.6500,0.391120
MTDnewhill,1500,20,153,7.7000,0.318697
MTDnewhill,1500,20,154,7.7500,0.305507
MTDnewhill,1500,20,155,7.8000,0.314490
MTDnewhill,1500,20,156,7.8500,0.395168
MTDnewhill,1500,20,157,7.9000,0.360699
MTDnewhill,1500,20,158,7.9500,0.256490
MTDnewhill,1500,20,159,8.0000,0.245293
MTDnewhill,1500,20,160,8.0500,0.353375
MTDnewhill,1500,20,161,8.1000,0.521662
MTDnewhill,1500,20,162,8.1500,0.594588
MTDnewhill,1500,20,163,8.2000,0.684650
MTDnewhill,1500,20,164,8.2500,0.708468
MTDnewhill,1500,20,165,8.3000,0.682071
MTDnewhill,1500,20,166,8.3500,0.626885
MTDnewhill,1500,20,167,8.4000,0.543787
MTDnewhill,1500,20,168,8.4500,0.543540
MTDnewhill,1500,20,169,8.5000,0.531778
MTDnewhill,1500,20,170,8.5500,0.445989
MTDnewhill,1500,20,171,8.6000,0.395340
MTDnewhill,1500,20,172,8.6500,0.337905
MTDnewhill,1500,20,173,8.7000,0.289148
MTDnewhill,1500,20,174,8.7500,0.225138
MTDnewhill,1500,20,175,8.8000,0.193261
MTDnewhill,1500,20,176,8.8500,0.199785
MTDnewhill,1500,20,177,8.9000,0.187762
MTDnewhill,1500,20,178,8.9500,0.196682
MTDnewhill,1500,20,179,9.0000,0.194454
MTDnewhill,1500,20,180,9.0500,0.272105
MTDnewhill,1500,20,181,9.1000,0.210536
MTDnewhill,1500,20,182,9.1500,0.214087
MTDnewhill,1500,20,183,9.2000,0.245597
MTDnewhill,1500,20,184,9.2500,0.257301
MTDnewhill,1500,20,185,9.3000,0.328366
MTDnewhill,1500,20,186,9.3500,0.440378
MTDnewhill,1500,20,187,9.4000,0.377233
MTDnewhill,1500,20,188,9.4500,0.371703
MTDnewhill,1500,20,189,9.5000,0.409988
MTDnewhill,1500,20,190,9.5500,0.506141
MTDnewhill,1500,20,191,9.6000,0.520709
MTDnewhill,1500,20,192,9.6500,0.529887
MTDnewhill,1500,20,193,9.7000,0.636690
MTDnewhill,1500,20,194,9.7500,0.710707
MTDnewhill,1500,20,195,9.8000,0.803485
MTDnewhill,1500,20,196,9.8500,0.788797
MTDnewhill,1500,20,197,9.9000,0.804940
MTDnewhill,1500,20,198,9.9500,0.862384
MTDnewhill,1500,20,199,10.0000,0.972799
MTDnewhill,1500,30,0,0.0500,14.450772
MTDnewhill,1500,30,1,0.1000,13.540637
MTDnewhill,1500,30,2,0.1500,12.862914
MTDnewhill,1500,30,3,0.2000,12.489320
MTDnewhill,1500,30,4,0.2500,12.155804
MTDnewhill,1500,30,5,0.3000,11.652657
MTDnewhill,1500,30,6,0.3500,11.214981
MTDnewhill,1500,30,7,0.4000,10.906981
MTDnewhill,1500,30,8,0.4500,10.526040
MTDnewhill,1500,30,9,0.5000,10.406231
MTDnewhill,1500,30,10,0.5500,10.141881
MTDnewhill,1500,30,11,0.6000,9.871642
MTDnewhill,1500,30,12,0.6500,9.594425
MTDnewhill,1500,30,13,0.7000,9.425952
MTDnewhill,1500,30,14,0.7500,9.184438
MTDnewhill,1500,30,15,0.8000,8.918566
MTDnewhill,1500,30,16,0.8500,8.699967
MTDnewhill,1500,30,17,0.9000,8.281573
MTDnewhill,1500,30,18,0.9500,8.067422
MTDnewhill,1500,30,19,1.0000,7.682821
MTDnewhill,1500,30,20,1.0500,7.557798
MTDnewhill,1500,30,21,1.1000,7.537453
MTDnewhill,1500,30,22,1.1500,7.450421
MTDnewhill,1500,30,23,1.2000,7.078066
MTDnewhill,1500,30,24,1.2500,6.953367
MTDnewhill,1500,30,25,1.3000,6.869745
MTDnewhill,1500,30,26,1.3500,6.736383
MTDnewhill,1500,30,27,1.4000,6.555049
MTDnewhill,1500,30,28,1.4500,6.469618
MTDnewhill,1500,30,29,1.5000,6.335360
MTDnewhill,1500,30,30,1.5500,6.110066
MTDnewhill,1500,30,31,1.6000,5.865336
MTDnewhill,1500,30,32,1.6500,5.745496
MTDnewhill,1500,30,33,1.7000,5.629879
MTDnewhill,1500,30,34,1.7500,5.560348
MTDnewhill,1500,30,35,1.8000,5.446617
MTDnewhill,1500,30,36,1.8500,5.354630
MTDnewhill,1500,30,37,1.9000,5.262748
MTDnewhill,1500,30,38,1.9500,5.182834
MTDnewhill,1500,30,39,2.0000,5.201541
MTDnewhill,1500,30,40,2.0500,5.185044
MTDnewhill,1500,30,41,2.1000,4.915303
MTDnewhill,1500,30,42,2.1500,4.611488
MTDnewhill,1500,30,43,2.2000,4.345084
MTDnewhill,1500,30,44,2.2500,4.138010
MTDnewhill,1500,30,45,2.3000,3.990861
MTDnewhill,1500,30,46,2.3500,3.957483
MTDnewhill,1500,30,47,2.4000,3.863387
MTDnewhill,1500,30,48,2.4500,3.755628
MTDnewhill,1500,30,49,2.5000,3.711993
MTDnewhill,1500,30,50,2.5500,3.568981
MTDnewhill,1500,30,51,2.6000,3.527425
MTDnewhill,1500,30,52,2.6500,3.380740
MTDnewhill,1500,30,53,2.7000,3.242273
MTDnewhill,1500,30,54,2.7500,3.176466
MTDnewhill,1500,30,55,2.8000,3.113298
MTDnewhill,1500,30,56,2.8500,3.060348
MTDnewhill,1500,30,57,2.9000,3.009058
MTDnewhill,1500,30,58,2.9500,2.830255
MTDnewhill,1500,30,59,3.0000,2.657168
MTDnewhill,1500,30,60,3.0500,2.566941
MTDnewhill,1500,30,61,3.1000,2.448974
MTDnewhill,1500,30,62,3.1500,2.415717
MTDnewhill,1500,30,63,3.2000,2.397502
MTDnewhill,1500,30,64,3.2500,2.401078
MTDnewhill,1500,30,65,3.3000,2.382374
MTDnewhill,1500,30,66,3.3500,2.228363
MTDnewhill,1500,30,67,3.4000,2.130341
MTDnewhill,1500,30,68,3.4500,1.975500
MTDnewhill,1500,30,69,3.5000,1.877597
MTDnewhill,1500,30,70,3.5500,1.830901
MTDnewhill,1500,30,71,3.6000,1.752555
MTDnewhill,1500,30,72,3.6500,1.686144
MTDnewhill,1500,30,73,3.7000,1.633903
MTDnewhill,1500,30,74,3.7500,1.599205
MTDnewhill,1500,30,75,3.8000,1.580420
MTDnewhill,1500,30,76,3.8500,1.559554
MTDnewhill,1500,30,77,3.9000,1.513095
MTDnewhill,1500,30,78,3.9500,1.495755
MTDnewhill,1500,30,79,4.0000,1.471719
MTDnewhill,1500,30,80,4.0500,1.390207
MTDnewhill,1500,30,81,4.1000,1.352407
MTDnewhill,1500,30,82,4.1500,1.316329
MTDnewhill,1500,30,83,4.2000,1.288449
MTDnewhill,1500,30,84,4.2500,1.268369
MTDnewhill,1500,30,85,4.3000,1.256936
MTDnewhill,1500,30,86,4.3500,1.251848
MTDnewhill,1500,30,87,4.4000,1.253520
MTDnewhill,1500,30,88,4.4500,1.289294
MTDnewhill,1500,30,89,4.5000,1.323061
MTDnewhill,1500,30,90,4.5500,1.346093
MTDnewhill,1500,30,91,4.6000,1.406470
MTDnewhill,1500,30,92,4.6500,1.314501
MTDnewhill,1500,30,93,4.7000,1.148187
MTDnewhill,1500,30,94,4.7500,1.022972
MTDnewhill,1500,30,95,4.8000,0.947669
MTDnewhill,1500,30,96,4.8500,0.938216
MTDnewhill,1500,30,97,4.9000,0.876585
MTDnewhill,1500,30,98,4.9500,0.845193
MTDnewhill,1500,30,99,5.0000,0.834051
MTDnewhill,1500,30,100,5.0500,0.838547
MTDnewhill,1500,30,101,5.1000,0.806344
MTDnewhill,1500,30,102,5.1500,0.780638
MTDnewhill,1500,30,103,5.2000,0.798852
MTDnewhill,1500,30,104,5.2500,0.734006
MTDnewhill,1500,30,105,5.3000,0.705291
MTDnewhill,1500,30,106,5.3500,0.735556
MTDnewhill,1500,30,107,5.4000,0.764397
MTDnewhill,1500,30,108,5.4500,0.720461
MTDnewhill,1500,30,109,5.5000,0.723469
MTDnewhill,1500,30,110,5.5500,0.779773
MTDnewhill,1500,30,111,5.6000,0.852392
MTDnewhill,1500,30,112,5.6500,0.841125
MTDnewhill,1500,30,113,5.7000,0.845997
MTDnewhill,1500,30,114,5.7500,0.891971
MTDnewhill,1500,30,115,5.8000,0.953979
MTDnewhill,1500,30,116,5.8500,0.992426
MTDnewhill,1500,30,117,5.9000,1.101271
MTDnewhill,1500,30,118,5.9500,1.268488
MTDnewhill,1500,30,119,6.0000,1.303181
MTDnewhill,1500,30,120,6.0500,1.253100
MTDnewhill,1500,30,121,6.1000,1.061856
MTDnewhill,1500,30,122,6.1500,0.884531
MTDnewhill,1500,30,123,6.2000,0.732473
MTDnewhill,1500,30,124,6.2500,0.606341
MTDnewhill,1500,30,125,6.3000,0.560949
MTDnewhill,1500,30,126,6.3500,0.548822
MTDnewhill,1500,30,127,6.4000,0.579468
MTDnewhill,1500,30,128,6.4500,0.629214
MTDnewhill,1500,30,129,6.5000,0.715620
MTDnewhill,1500,30,130,6.5500,0.825238
MTDnewhill,1500,30,131,6.6000,0.812239
MTDnewhill,1500,30,132,6.6500,0.798914
MTDnewhill,1500,30,133,6.7000,0.831309
MTDnewhill,1500,30,134,6.7500,0.655989
MTDnewhill,1500,30,135,6.8000,0.503003
MTDnewhill,1500,30,136,6.8500,0.424419
MTDnewhill,1500,30,137,6.9000,0.392763
MTDnewhill,1500,30,138,6.9500,0.456512
MTDnewhill,1500,30,139,7.0000,0.550852
MTDnewhill,1500,30,140,7.0500,0.479514
MTDnewhill,1500,30,141,7.1000,0.556774
MTDnewhill,1500,30,142,7.1500,0.548652
MTDnewhill,1500,30,143,7.2000,0.547211
MTDnewhill,1500,30,144,7.2500,0.454642
MTDnewhill,1500,30,145,7.3000,0.423084
MTDnewhill,1500,30,146,7.3500,0.368312
MTDnewhill,1500,30,147,7.4000,0.366697
MTDnewhill,1500,30,148,7.4500,0.386807
MTDnewhill,1500,30,149,7.5000,0.480330
MTDnewhill,1500,30,150,7.5500,0.559743
MTDnewhill,1500,30,151,7.6000,0.535526
MTDnewhill,1500,30,152,7.6500,0.569714
MTDnewhill,1500,30,153,7.7000,0.668043
MTDnewhill,1500,30,154,7.7500,0.775004
MTDnewhill,1500,30,155,7.8000,0.875725
MTDnewhill,1500,30,156,7.8500,0.988136
MTDnewhill,1500,30,157,7.9000,1.107653
MTDnewhill,1500,30,158,7.9500,1.249895
MTDnewhill,1500,30,159,8.0000,1.393800
MTDnewhill,1500,30,160,8.0500,1.512106
MTDnewhill,1500,30,161,8.1000,1.622278
MTDnewhill,1500,30,162,8.1500,1.686305
MTDnewhill,1500,30,163,8.2000,1.719347
MTDnewhill,1500,30,164,8.2500,1.757617
MTDnewhill,1500,30,165,8.3000,1.866545
MTDnewhill,1500,30,166,8.3500,1.949802
MTDnewhill,1500,30,167,8.4000,1.927862
MTDnewhill,1500,30,168,8.4500,1.809843
MTDnewhill,1500,30,169,8.5000,1.779683
MTDnewhill,1500,30,170,8.5500,1.656250
MTDnewhill,1500,30,171,8.6000,1.508739
MTDnewhill,1500,30,172,8.6500,1.482184
MTDnewhill,1500,30,173,8.7000,1.369688
MTDnewhill,1500,30,174,8.7500,1.264246
MTDnewhill,1500,30,175,8.8000,1.143168
MTDnewhill,1500,30,176,8.8500,1.115813
MTDnewhill,1500,30,177,8.9000,1.093266
MTDnewhill,1500,30,178,8.9500,1.029190
MTDnewhill,1500,30,179,9.0000,1.025254
MTDnewhill,1500,30,180,9.0500,1.054165
MTDnewhill,1500,30,181,9.1000,1.024088
MTDnewhill,1500,30,182,9.1500,0.882095
MTDnewhill,1500,30,183,9.2000,0.774741
MTDnewhill,1500,30,184,9.2500,0.655697
MTDnewhill,1500,30,185,9.3000,0.642732
MTDnewhill,1500,30,186,9.3500,0.490931
MTDnewhill,1500,30,187,9.4000,0.448121
MTDnewhill,1500,30,188,9.4500,0.429956
MTDnewhill,1500,30,189,9.5000,0.363680
MTDnewhill,1500,30,190,9.5500,0.238063
MTDnewhill,1500,30,191,9.6000,0.234775
MTDnewhill,1500,30,192,9.6500,0.265135
MTDnewhill,1500,30,193,9.7000,0.319124
MTDnewhill,1500,30,194,9.7500,0.350035
MTDnewhill,1500,30,195,9.8000,0.402411
MTDnewhill,1500,30,196,9.8500,0.515442
MTDnewhill,1500,30,197,9.9000,0.530827
MTDnewhill,1500,30,198,9.9500,0.554391
MTDnewhill,1500,30,199,10.0000,0.568864
MTDnewhill,1500,40,0,0.0500,14.324087
MTDnewhill,1500,40,1,0.1000,13.693168
MTDnewhill,1500,40,2,0.1500,12.963089
MTDnewhill,1500,40,3,0.2000,12.553620
MTDnewhill,1500,40,4,0.2500,12.051462
MTDnewhill,1500,40,5,0.3000,11.780452
MTDnewhill,1500,40,6,0.3500,11.452056
MTDnewhill,1500,40,7,0.4000,11.231815
MTDnewhill,1500,40,8,0.4500,10.729459
MTDnewhill,1500,40,9,0.5000,10.406528
MTDnewhill,1500,40,10,0.5500,10.005167
MTDnewhill,1500,40,11,0.6000,9.761798
MTDnewhill,1500,40,12,0.6500,9.750719
MTDnewhill,1500,40,13,0.7000,9.335370
MTDnewhill,1500,40,14,0.7500,9.009505
MTDnewhill,1500,40,15,0.8000,8.787272
MTDnewhill,1500,40,16,0.8500,8.523592
MTDnewhill,1500,40,17,0.9000,8.215696
MTDnewhill,1500,40,18,0.9500,7.952366
MTDnewhill,1500,40,19,1.0000,7.847645
MTDnewhill,1500,40,20,1.0500,7.851901
MTDnewhill,1500,40,21,1.1000,7.712706
MTDnewhill,1500,40,22,1.1500,7.654190
MTDnewhill,1500,40,23,1.2000,7.363820
MTDnewhill,1500,40,24,1.2500,7.168026
MTDnewhill,1500,40,25,1.3000,6.942843
MTDnewhill,1500,40,26,1.3500,6.738693
MTDnewhill,1500,40,27,1.4000,6.525797
MTDnewhill,1500,40,28,1.4500,6.421171
MTDnewhill,1500,40,29,1.5000,6.222113
MTDnewhill,1500,40,30,1.5500,6.222863
MTDnewhill,1500,40,31,1.6000,5.989273
MTDnewhill,1500,40,32,1.6500,5.808012
MTDnewhill,1500,40,33,1.7000,5.491811
MTDnewhill,1500,40,34,1.7500,5.244907
MTDnewhill,1500,40,35,1.8000,5.212904
MTDnewhill,1500,40,36,1.8500,5.163142
MTDnewhill,1500,40,37,1.9000,4.957159
MTDnewhill,1500,40,38,1.9500,4.867014
MTDnewhill,1500,40,39,2.0000,4.834413
MTDnewhill,1500,40,40,2.0500,4.739776
MTDnewhill,1500,40,41,2.1000,4.608043
MTDnewhill,1500,40,42,2.1500,4.388432
MTDnewhill,1500,40,43,2.2000,4.380367
MTDnewhill,1500,40,44,2.2500,4.395950
MTDnewhill,1500,40,45,2.3000,4.407215
MTDnewhill,1500,40,46,2.3500,4.408898
MTDnewhill,1500,40,47,2.4000,4.384960
MTDnewhill,1500,40,48,2.4500,4.257076
MTDnewhill,1500,40,49,2.5000,4.273488
MTDnewhill,1500,40,50,2.5500,3.986360
MTDnewhill,1500,40,51,2.6000,3.684482
MTDnewhill,1500,40,52,2.6500,3.564346
MTDnewhill,1500,40,53,2.7000,3.366040
MTDnewhill,1500,40,54,2.7500,3.369637
MTDnewhill,1500,40,55,2.8000,3.266883
MTDnewhill,1500,40,56,2.8500,3.020354
MTDnewhill,1500,40,57,2.9000,2.835832
MTDnewhill,1500,40,58,2.9500,2.813695
MTDnewhill,1500,40,59,3.0000,2.802901
MTDnewhill,1500,40,60,3.0500,2.822724
MTDnewhill,1500,40,61,3.1000,2.856258
MTDnewhill,1500,40,62,3.1500,2.793246
MTDnewhill,1500,40,63,3.2000,2.620111
MTDnewhill,1500,40,64,3.2500,2.412148
MTDnewhill,1500,40,65,3.3000,2.366078
MTDnewhill,1500,40,66,3.3500,2.340333
MTDnewhill,1500,40,67,3.4000,2.248799
MTDnewhill,1500,40,68,3.4500,2.231767
MTDnewhill,1500,40,69,3.5000,2.180570
MTDnewhill,1500,40,70,3.5500,2.081023
MTDnewhill,1500,40,71,3.6000,2.103885
MTDnewhill,1500,40,72,3.6500,2.022241
MTDnewhill,1500,40,73,3.7000,1.887190
MTDnewhill,1500,40,74,3.7500,1.751652
MTDnewhill,1500,40,75,3.8000,1.640170
MTDnewhill,1500,40,76,3.8500,1.570009
MTDnewhill,1500,40,77,3.9000,1.504193
MTDnewhill,1500,40,78,3.9500,1.480073
MTDnewhill,1500,40,79,4.0000,1.436620
MTDnewhill,1500,40,80,4.0500,1.434293
MTDnewhill,1500,40,81,4.1000,1.450077
MTDnewhill,1500,40,82,4.1500,1.412030
MTDnewhill,1500,40,83,4.2000,1.271294
MTDnewhill,1500,40,84,4.2500,1.205536
MTDnewhill,1500,40,85,4.3000,1.173661
MTDnewhill,1500,40,86,4.3500,1.160935
MTDnewhill,1500,40,87,4.4000,1.157866
MTDnewhill,1500,40,88,4.4500,1.148038
MTDnewhill,1500,40,89,4.5000,1.137136
MTDnewhill,1500,40,90,4.5500,1.129072
MTDnewhill,1500,40,91,4.6000,1.126889
MTDnewhill,1500,40,92,4.6500,1.130802
MTDnewhill,1500,40,93,4.7000,1.144987
MTDnewhill,1500,40,94,4.7500,1.190201
MTDnewhill,1500,40,95,4.8000,1.202179
MTDnewhill,1500,40,96,4.8500,1.370705
MTDnewhill,1500,40,97,4.9000,1.371485
MTDnewhill,1500,40,98,4.9500,1.341876
MTDnewhill,1500,40,99,5.0000,1.391077
MTDnewhill,1500,40,100,5.0500,1.387142
MTDnewhill,1500,40,101,5.1000,1.207681
MTDnewhill,1500,40,102,5.1500,1.011457
MTDnewhill,1500,40,103,5.2000,0.856875
MTDnewhill,1500,40,104,5.2500,0.764349
MTDnewhill,1500,40,105,5.3000,0.710692
MTDnewhill,1500,40,106,5.3500,0.656797
MTDnewhill,1500,40,107,5.4000,0.632045
MTDnewhill,1500,40,108,5.4500,0.618758
MTDnewhill,1500,40,109,5.5000,0.606300
MTDnewhill,1500,40,110,5.5500,0.610689
MTDnewhill,1500,40,111,5.6000,0.583648
MTDnewhill,1500,40,112,5.6500,0.563278
MTDnewhill,1500,40,113,5.7000,0.566097
MTDnewhill,1500,40,114,5.7500,0.571259
MTDnewhill,1500,40,115,5.8000,0.545002
MTDnewhill,1500,40,116,5.8500,0.533137
MTDnewhill,1500,40,117,5.9000,0.608788
MTDnewhill,1500,40,118,5.9500,0.684425
MTDnewhill,1500,40,119,6.0000,0.835229
MTDnewhill,1500,40,120,6.0500,0.972176
MTDnewhill,1500,40,121,6.1000,1.061356
MTDnewhill,1500,40,122,6.1500,1.199864
MTDnewhill,1500,40,123,6.2000,1.352314
MTDnewhill,1500,40,124,6.2500,1.502746
MTDnewhill,1500,40,125,6.3000,1.648944
MTDnewhill,1500,40,126,6.3500,1.804908
MTDnewhill,1500,40,127,6.4000,1.975041
MTDnewhill,1500,40,128,6.4500,2.134908
MTDnewhill,1500,40,129,6.5000,2.268260
MTDnewhill,1500,40,130,6.5500,2.408275
MTDnewhill,1500,40,131,6.6000,2.465202
MTDnewhill,1500,40,132,6.6500,2.375277
MTDnewhill,1500,40,133,6.7000,2.339788
MTDnewhill,1500,40,134,6.7500,2.327783
MTDnewhill,1500,40,135,6.8000,2.200076
MTDnewhill,1500,40,136,6.8500,2.116079
MTDnewhill,1500,40,137,6.9000,2.065401
MTDnewhill,1500,40,138,6.9500,2.105700
MTDnewhill,1500,40,139,7.0000,2.149445
MTDnewhill,1500,40,140,7.0500,1.950433
MTDnewhill,1500,40,141,7.1000,1.825236
MTDnewhill,1500,40,142,7.1500,1.714556
MTDnewhill,1500,40,143,7.2000,1.717634
MTDnewhill,1500,40,144,7.2500,1.749377
MTDnewhill,1500,40,145,7.3000,1.728696
MTDnewhill,1500,40,146,7.3500,1.685978
MTDnewhill,1500,40,147,7.4000,1.520672
MTDnewhill,1500,40,148,7.4500,1.380381
MTDnewhill,1500,40,149,7.5000,1.286710
MTDnewhill,1500,40,150,7.5500,1.180495
MTDnewhill,1500,40,151,7.6000,1.113202
MTDnewhill,1500,40,152,7.6500,1.096926
MTDnewhill,1500,40,153,7.7000,0.955105
MTDnewhill,1500,40,154,7.7500,0.945982
MTDnewhill,1500,40,155,7.8000,0.801940
MTDnewhill,1500,40,156,7.8500,0.715305
MTDnewhill,1500,40,157,7.9000,0.708028
MTDnewhill,1500,40,158,7.9500,0.548234
MTDnewhill,1500,40,159,8.0000,0.506225
MTDnewhill,1500,40,160,8.0500,0.468681
MTDnewhill,1500,40,161,8.1000,0.482924
MTDnewhill,1500,40,162,8.1500,0.516371
MTDnewhill,1500,40,163,8.2000,0.524705
MTDnewhill,1500,40,164,8.2500,0.495516
MTDnewhill,1500,40,165,8.3000,0.559545
MTDnewhill,1500,40,166,8.3500,0.599011
MTDnewhill,1500,40,167,8.4000,0.680477
MTDnewhill,1500,40,168,8.4500,0.686092
MTDnewhill,1500,40,169,8.5000,0.650824
MTDnewhill,1500,40,170,8.5500,0.650787
MTDnewhill,1500,40,171,8.6000,0.652316
MTDnewhill,1500,40,172,8.6500,0.482485
MTDnewhill,1500,40,173,8.7000,0.380295
MTDnewhill,1500,40,174,8.7500,0.361041
MTDnewhill,1500,40,175,8.8000,0.376877
MTDnewhill,1500,40,176,8.8500,0.406986
MTDnewhill,1500,40,177,8.9000,0.418919
MTDnewhill,1500,40,178,8.9500,0.432414
MTDnewhill,1500,40,179,9.0000,0.524643
MTDnewhill,1500,40,180,9.0500,0.669599
MTDnewhill,1500,40,181,9.1000,0.687279
MTDnewhill,1500,40,182,9.1500,0.696507
MTDnewhill,1500,40,183,9.2000,0.600965
MTDnewhill,1500,40,184,9.2500,0.485695
MTDnewhill,1500,40,185,9.3000,0.422097
MTDnewhill,1500,40,186,9.3500,0.390627
MTDnewhill,1500,40,187,9.4000,0.306887
MTDnewhill,1500,40,188,9.4500,0.335381
MTDnewhill,1500,40,189,9.5000,0.417241
MTDnewhill,1500,40,190,9.5500,0.510069
MTDnewhill,1500,40,191,9.6000,0.638728
MTDnewhill,1500,40,192,9.6500,0.730933
MTDnewhill,1500,40,193,9.7000,0.757200
MTDnewhill,1500,40,194,9.7500,0.779826
MTDnewhill,1500,40,195,9.8000,0.715645
MTDnewhill,1500,40,196,9.8500,0.613242
MTDnewhill,1500,40,197,9.9000,0.490980
MTDnewhill,1500,40,198,9.9500,0.362855
MTDnewhill,1500,40,199,10.0000,0.332089
MTDnewhill,1500,50,0,0.0500,14.198626
MTDnewhill,1500,50,1,0.1000,13.429873
MTDnewhill,1500,50,2,0.1500,13.116458
MTDnewhill,1500,50,3,0.2000,12.749662
MTDnewhill,1500,50,4,0.2500,12.043820
MTDnewhill,1500,50,5,0.3000,11.704669
MTDnewhill,1500,50,6,0.3500,11.563725
MTDnewhill,1500,50,7,0.4000,11.236764
MTDnewhill,1500,50,8,0.4500,10.536722
MTDnewhill,1500,50,9,0.5000,10.482918
MTDnewhill,1500,50,10,0.5500,10.334479
MTDnewhill,1500,50,11,0.6000,10.259100
MTDnewhill,1500,50,12,0.6500,9.829597
MTDnewhill,1500,50,13,0.7000,9.466430
MTDnewhill,1500,50,14,0.7500,9.252603
MTDnewhill,1500,50,15,0.8000,8.938380
MTDnewhill,1500,50,16,0.8500,8.754737
MTDnewhill,1500,50,17,0.9000,8.738653
MTDnewhill,1500,50,18,0.9500,8.298999
MTDnewhill,1500,50,19,1.0000,8.172713
MTDnewhill,1500,50,20,1.0500,7.957187
MTDnewhill,1500,50,21,1.1000,7.806826
MTDnewhill,1500,50,22,1.1500,7.744533
MTDnewhill,1500,50,23,1.2000,7.448487
MTDnewhill,1500,50,24,1.2500,7.120244
MTDnewhill,1500,50,25,1.3000,6.809492
MTDnewhill,1500,50,26,1.3500,6.628789
MTDnewhill,1500,50,27,1.4000,6.464099
MTDnewhill,1500,50,28,1.4500,6.313449
MTDnewhill,1500,50,29,1.5000,6.283092
MTDnewhill,1500,50,30,1.5500,6.050367
MTDnewhill,1500,50,31,1.6000,6.036508
MTDnewhill,1500,50,32,1.6500,5.879444
MTDnewhill,1500,50,33,1.7000,5.804880
MTDnewhill,1500,50,34,1.7500,5.686469
MTDnewhill,1500,50,35,1.8000,5.571574
MTDnewhill,1500,50,36,1.8500,5.422922
MTDnewhill,1500,50,37,1.9000,5.317150
MTDnewhill,1500,50,38,1.9500,5.289677
MTDnewhill,1500,50,39,2.0000,5.096239
MTDnewhill,1500,50,40,2.0500,4.886420
MTDnewhill,1500,50,41,2.1000,4.664201
MTDnewhill,1500,50,42,2.1500,4.594252
MTDnewhill,1500,50,43,2.2000,4.494166
MTDnewhill,1500,50,44,2.2500,4.510062
MTDnewhill,1500,50,45,2.3000,4.416409
MTDnewhill,1500,50,46,2.3500,4.276395
MTDnewhill,1500,50,47,2.4000,4.113237
MTDnewhill,1500,50,48,2.4500,3.961992
MTDnewhill,1500,50,49,2.5000,3.967993
MTDnewhill,1500,50,50,2.5500,3.873615
MTDnewhill,1500,50,51,2.6000,3.895686
MTDnewhill,1500,50,52,2.6500,3.783018
MTDnewhill,1500,50,53,2.7000,3.486752
MTDnewhill,1500,50,54,2.7500,3.410325
MTDnewhill,1500,50,55,2.8000,3.295201
MTDnewhill,1500,50,56,2.8500,2.980580
MTDnewhill,1500,50,57,2.9000,2.924278
MTDnewhill,1500,50,58,2.9500,2.866574
MTDnewhill,1500,50,59,3.0000,2.823405
MTDnewhill,1500,50,60,3.0500,2.812414
MTDnewhill,1500,50,61,3.1000,2.692121
MTDnewhill,1500,50,62,3.1500,2.555217
MTDnewhill,1500,50,63,3.2000,2.534551
MTDnewhill,1500,50,64,3.2500,2.431895
MTDnewhill,1500,50,65,3.3000,2.459150
MTDnewhill,1500,50,66,3.3500,2.574540
MTDnewhill,1500,50,67,3.4000,2.699175
MTDnewhill,1500,50,68,3.4500,2.765695
MTDnewhill,1500,50,69,3.5000,2.756604
MTDnewhill,1500,50,70,3.5500,2.623329
MTDnewhill,1500,50,71,3.6000,2.648221
MTDnewhill,1500,50,72,3.6500,2.581154
MTDnewhill,1500,50,73,3.7000,2.503168
MTDnewhill,1500,50,74,3.7500,2.238492
MTDnewhill,1500,50,75,3.8000,2.099420
MTDnewhill,1500,50,76,3.8500,2.027671
MTDnewhill,1500,50,77,3.9000,2.028036
MTDnewhill,1500,50,78,3.9500,1.837339
MTDnewhill,1500,50,79,4.0000,1.728420
MTDnewhill,1500,50,80,4.0500,1.646106
MTDnewhill,1500,50,81,4.1000,1.664746
MTDnewhill,1500,50,82,4.1500,1.713118
MTDnewhill,1500,50,83,4.2000,1.714050
MTDnewhill,1500,50,84,4.2500,1.634771
MTDnewhill,1500,50,85,4.3000,1.608316
MTDnewhill,1500,50,86,4.3500,1.494820
MTDnewhill,1500,50,87,4.4000,1.507578
MTDnewhill,1500,50,88,4.4500,1.369146
MTDnewhill,1500,50,89,4.5000,1.336088
MTDnewhill,1500,50,90,4.5500,1.225569
MTDnewhill,1500,50,91,4.6000,1.168126
MTDnewhill,1500,50,92,4.6500,1.033855
MTDnewhill,1500,50,93,4.7000,0.973418
MTDnewhill,1500,50,94,4.7500,0.962164
MTDnewhill,1500,50,95,4.8000,0.980518
MTDnewhill,1500,50,96,4.8500,0.976890
MTDnewhill,1500,50,97,4.9000,0.895340
MTDnewhill,1500,50,98,4.9500,0.864685
MTDnewhill,1500,50,99,5.0000,0.889040
MTDnewhill,1500,50,100,5.0500,0.977232
MTDnewhill,1500,50,101,5.1000,1.044340
MTDnewhill,1500,50,102,5.1500,1.036892
MTDnewhill,1500,50,103,5.2000,1.009199
MTDnewhill,1500,50,104,5.2500,0.942965
MTDnewhill,1500,50,105,5.3000,0.895974
MTDnewhill,1500,50,106,5.3500,0.915625
MTDnewhill,1500,50,107,5.4000,0.882756
MTDnewhill,1500,50,108,5.4500,0.845679
MTDnewhill,1500,50,109,5.5000,0.760280
MTDnewhill,1500,50,110,5.5500,0.729492
MTDnewhill,1500,50,111,5.6000,0.661169
MTDnewhill,1500,50,112,5.6500,0.591936
MTDnewhill,1500,50,113,5.7000,0.567873
MTDnewhill,1500,50,114,5.7500,0.547678
MTDnewhill,1500,50,115,5.8000,0.544160
MTDnewhill,1500,50,116,5.8500,0.479861
MTDnewhill,1500,50,117,5.9000,0.463363
MTDnewhill,1500,50,118,5.9500,0.492609
MTDnewhill,1500,50,119,6.0000,0.568468
MTDnewhill,1500,50,120,6.0500,0.559445
MTDnewhill,1500,50,121,6.1000,0.542969
MTDnewhill,1500,50,122,6.1500,0.664179
MTDnewhill,1500,50,123,6.2000,0.578638
MTDnewhill,1500,50,124,6.2500,0.487369
MTDnewhill,1500,50,125,6.3000,0.588086
MTDnewhill,1500,50,126,6.3500,0.569386
MTDnewhill,1500,50,127,6.4000,0.586239
MTDnewhill,1500,50,128,6.4500,0.601242
MTDnewhill,1500,50,129,6.5000,0.696110
MTDnewhill,1500,50,130,6.5500,0.783548
MTDnewhill,1500,50,131,6.6000,0.952645
MTDnewhill,1500,50,132,6.6500,0.945592
MTDnewhill,1500,50,133,6.7000,0.886878
MTDnewhill,1500,50,134,6.7500,0.730958
MTDnewhill,1500,50,135,6.8000,0.691805
MTDnewhill,1500,50,136,6.8500,0.518497
MTDnewhill,1500,50,137,6.9000,0.342696
MTDnewhill,1500,50,138,6.9500,0.292128
MTDnewhill,1500,50,139,7.0000,0.315365
MTDnewhill,1500,50,140,7.0500,0.435331
MTDnewhill,1500,50,141,7.1000,0.504195
MTDnewhill,1500,50,142,7.1500,0.540495
MTDnewhill,1500,50,143,7.2000,0.624590
MTDnewhill,1500,50,144,7.2500,0.670843
MTDnewhill,1500,50,145,7.3000,0.635316
MTDnewhill,1500,50,146,7.3500,0.551505
MTDnewhill,1500,50,147,7.4000,0.430485
MTDnewhill,1500,50,148,7.4500,0.329342
MTDnewhill,1500,50,149,7.5000,0.327684
MTDnewhill,1500,50,150,7.5500,0.338439
MTDnewhill,1500,50,151,7.6000,0.368410
MTDnewhill,1500,50,152,7.6500,0.341928
MTDnewhill,1500,50,153,7.7000,0.346051
MTDnewhill,1500,50,154,7.7500,0.346982
MTDnewhill,1500,50,155,7.8000,0.326413
MTDnewhill,1500,50,156,7.8500,0.359320
MTDnewhill,1500,50,157,7.9000,0.405232
MTDnewhill,1500,50,158,7.9500,0.350403
MTDnewhill,1500,50,159,8.0000,0.347242
MTDnewhill,1500,50,160,8.0500,0.419164
MTDnewhill,1500,50,161,8.1000,0.528149
MTDnewhill,1500,50,162,8.1500,0.668521
MTDnewhill,1500,50,163,8.2000,0.806031
MTDnewhill,1500,50,164,8.2500,0.856699
MTDnewhill,1500,50,165,8.3000,0.753233
MTDnewhill,1500,50,166,8.3500,0.713005
MTDnewhill,1500,50,167,8.4000,0.652642
MTDnewhill,1500,50,168,8.4500,0.576189
MTDnewhill,1500,50,169,8.5000,0.554670
MTDnewhill,1500,50,170,8.5500,0.421253
MTDnewhill,1500,50,171,8.6000,0.343694
MTDnewhill,1500,50,172,8.6500,0.318164
MTDnewhill,1500,50,173,8.7000,0.288086
MTDnewhill,1500,50,174,8.7500,0.268671
MTDnewhill,1500,50,175,8.8000,0.258517
MTDnewhill,1500,50,176,8.8500,0.317113
MTDnewhill,1500,50,177,8.9000,0.288355
MTDnewhill,1500,50,178,8.9500,0.248592
MTDnewhill,1500,50,179,9.0000,0.189455
MTDnewhill,1500,50,180,9.0500,0.298866
MTDnewhill,1500,50,181,9.1000,0.426559
MTDnewhill,1500,50,182,9.1500,0.499916
MTDnewhill,1500,50,183,9.2000,0.477973
MTDnewhill,1500,50,184,9.2500,0.467111
MTDnewhill,1500,50,185,9.3000,0.503719
MTDnewhill,1500,50,186,9.3500,0.563908
MTDnewhill,1500,50,187,9.4000,0.508777
MTDnewhill,1500,50,188,9.4500,0.386337
MTDnewhill,1500,50,189,9.5000,0.309854
MTDnewhill,1500,50,190,9.5500,0.261517
MTDnewhill,1500,50,191,9.6000,0.247766
MTDnewhill,1500,50,192,9.6500,0.269091
MTDnewhill,1500,50,193,9.7000,0.309133
MTDnewhill,1500,50,194,9.7500,0.330603
MTDnewhill,1500,50,195,9.8000,0.360974
MTDnewhill,1500,50,196,9.8500,0.406301
MTDnewhill,1500,50,197,9.9000,0.379002
MTDnewhill,1500,50,198,9.9500,0.424014
MTDnewhill,1500,50,199,10.0000,0.478796
MTDnewhill,2000,10,0,0.0500,14.620677
MTDnewhill,2000,10,1,0.1000,13.882678
MTDnewhill,2000,10,2,0.1500,13.493882
MTDnewhill,2000,10,3,0.2000,13.112691
MTDnewhill,2000,10,4,0.2500,12.381042
MTDnewhill,2000,10,5,0.3000,12.254121
MTDnewhill,2000,10,6,0.3500,12.023921
MTDnewhill,2000,10,7,0.4000,11.726152
MTDnewhill,2000,10,8,0.4500,11.408995
MTDnewhill,2000,10,9,0.5000,11.148960
MTDnewhill,2000,10,10,0.5500,11.093330
MTDnewhill,2000,10,11,0.6000,10.815797
MTDnewhill,2000,10,12,0.6500,10.404355
MTDnewhill,2000,10,13,0.7000,10.188562
MTDnewhill,2000,10,14,0.7500,9.957441
MTDnewhill,2000,10,15,0.8000,9.742350
MTDnewhill,2000,10,16,0.8500,9.685429
MTDnewhill,2000,10,17,0.9000,9.400086
MTDnewhill,2000,10,18,0.9500,9.148264
MTDnewhill,2000,10,19,1.0000,9.111017
MTDnewhill,2000,10,20,1.0500,8.846343
MTDnewhill,2000,10,21,1.1000,8.720702
MTDnewhill,2000,10,22,1.1500,8.491603
MTDnewhill,2000,10,23,1.2000,8.491993
MTDnewhill,2000,10,24,1.2500,8.291281
MTDnewhill,2000,10,25,1.3000,7.970742
MTDnewhill,2000,10,26,1.3500,7.919679
MTDnewhill,2000,10,27,1.4000,7.839798
MTDnewhill,2000,10,28,1.4500,7.709806
MTDnewhill,2000,10,29,1.5000,7.436988
MTDnewhill,2000,10,30,1.5500,7.291870
MTDnewhill,2000,10,31,1.6000,7.265663
MTDnewhill,2000,10,32,1.6500,7.090983
MTDnewhill,2000,10,33,1.7000,6.968723
MTDnewhill,2000,10,34,1.7500,6.761010
MTDnewhill,2000,10,35,1.8000,6.741190
MTDnewhill,2000,10,36,1.8500,6.577032
MTDnewhill,2000,10,37,1.9000,6.578592
MTDnewhill,2000,10,38,1.9500,6.588700
MTDnewhill,2000,10,39,2.0000,6.477470
MTDnewhill,2000,10,40,2.0500,6.351422
MTDnewhill,2000,10,41,2.1000,6.127662
MTDnewhill,2000,10,42,2.1500,5.961312
MTDnewhill,2000,10,43,2.2000,5.849251
MTDnewhill,2000,10,44,2.2500,5.814253
MTDnewhill,2000,10,45,2.3000,5.694014
MTDnewhill,2000,10,46,2.3500,5.571222
MTDnewhill,2000,10,47,2.4000,5.440125
MTDnewhill,2000,10,48,2.4500,5.283238
MTDnewhill,2000,10,49,2.5000,5.182330
MTDnewhill,2000,10,50,2.5500,5.104528
MTDnewhill,2000,10,51,2.6000,4.997866
MTDnewhill,2000,10,52,2.6500,4.771640
MTDnewhill,2000,10,53,2.7000,4.763992
MTDnewhill,2000,10,54,2.7500,4.660672
MTDnewhill,2000,10,55,2.8000,4.624134
MTDnewhill,2000,10,56,2.8500,4.568593
MTDnewhill,2000,10,57,2.9000,4.560114
MTDnewhill,2000,10,58,2.9500,4.406952
MTDnewhill,2000,10,59,3.0000,4.260420
MTDnewhill,2000,10,60,3.0500,4.132255
MTDnewhill,2000,10,61,3.1000,3.978258
MTDnewhill,2000,10,62,3.1500,3.937744
MTDnewhill,2000,10,63,3.2000,3.876938
MTDnewhill,2000,10,64,3.2500,3.849291
MTDnewhill,2000,10,65,3.3000,3.678487
MTDnewhill,2000,10,66,3.3500,3.663640
MTDnewhill,2000,10,67,3.4000,3.664401
MTDnewhill,2000,10,68,3.4500,3.642313
MTDnewhill,2000,10,69,3.5000,3.429874
MTDnewhill,2000,10,70,3.5500,3.428911
MTDnewhill,2000,10,71,3.6000,3.358461
MTDnewhill,2000,10,72,3.6500,3.359866
MTDnewhill,2000,10,73,3.7000,3.285495
MTDnewhill,2000,10,74,3.7500,3.189220
MTDnewhill,2000,10,75,3.8000,3.092141
MTDnewhill,2000,10,76,3.8500,3.092458
MTDnewhill,2000,10,77,3.9000,3.067207
MTDnewhill,2000,10,78,3.9500,2.897221
MTDnewhill,2000,10,79,4.0000,2.707217
MTDnewhill,2000,10,80,4.0500,2.577960
MTDnewhill,2000,10,81,4.1000,2.517359
MTDnewhill,2000,10,82,4.1500,2.434487
MTDnewhill,2000,10,83,4.2000,2.406705
MTDnewhill,2000,10,84,4.2500,2.394365
MTDnewhill,2000,10,85,4.3000,2.336976
MTDnewhill,2000,10,86,4.3500,2.268460
MTDnewhill,2000,10,87,4.4000,2.202111
MTDnewhill,2000,10,88,4.4500,2.156963
MTDnewhill,2000,10,89,4.5000,2.131431
MTDnewhill,2000,10,90,4.5500,2.125577
MTDnewhill,2000,10,91,4.6000,2.006257
MTDnewhill,2000,10,92,4.6500,1.981879
MTDnewhill,2000,10,93,4.7000,1.886360
MTDnewhill,2000,10,94,4.7500,1.875921
MTDnewhill,2000,10,95,4.8000,1.869118
MTDnewhill,2000,10,96,4.8500,1.843798
MTDnewhill,2000,10,97,4.9000,1.799207
MTDnewhill,2000,10,98,4.9500,1.754279
MTDnewhill,2000,10,99,5.0000,1.733490
MTDnewhill,2000,10,100,5.0500,1.750700
MTDnewhill,2000,10,101,5.1000,1.818360
MTDnewhill,2000,10,102,5.1500,1.836398
MTDnewhill,2000,10,103,5.2000,1.835990
MTDnewhill,2000,10,104,5.2500,1.783462
MTDnewhill,2000,10,105,5.3000,1.773810
MTDnewhill,2000,10,106,5.3500,1.684953
MTDnewhill,2000,10,107,5.4000,1.694721
MTDnewhill,2000,10,108,5.4500,1.724109
MTDnewhill,2000,10,109,5.5000,1.766909
MTDnewhill,2000,10,110,5.5500,1.825926
MTDnewhill,2000,10,111,5.6000,1.898620
MTDnewhill,2000,10,112,5.6500,1.971959
MTDnewhill,2000,10,113,5.7000,2.057984
MTDnewhill,2000,10,114,5.7500,2.096234
MTDnewhill,2000,10,115,5.8000,1.838813
MTDnewhill,2000,10,116,5.8500,1.800418
MTDnewhill,2000,10,117,5.9000,1.704181
MTDnewhill,2000,10,118,5.9500,1.650428
MTDnewhill,2000,10,119,6.0000,1.458494
MTDnewhill,2000,10,120,6.0500,1.458615
MTDnewhill,2000,10,121,6.1000,1.387645
MTDnewhill,2000,10,122,6.1500,1.275902
MTDnewhill,2000,10,123,6.2000,1.173746
MTDnewhill,2000,10,124,6.2500,1.183317
MTDnewhill,2000,10,125,6.3000,1.159925
MTDnewhill,2000,10,126,6.3500,1.027100
MTDnewhill,2000,10,127,6.4000,0.992316
MTDnewhill,2000,10,128,6.4500,0.980725
MTDnewhill,2000,10,129,6.5000,1.001753
MTDnewhill,2000,10,130,6.5500,1.046241
MTDnewhill,2000,10,131,6.6000,1.031510
MTDnewhill,2000,10,132,6.6500,1.063379
MTDnewhill,2000,10,133,6.7000,0.990705
MTDnewhill,2000,10,134,6.7500,0.865435
MTDnewhill,2000,10,135,6.8000,0.821710
MTDnewhill,2000,10,136,6.8500,0.795899
MTDnewhill,2000,10,137,6.9000,0.794372
MTDnewhill,2000,10,138,6.9500,0.755642
MTDnewhill,2000,10,139,7.0000,0.757582
MTDnewhill,2000,10,140,7.0500,0.720313
MTDnewhill,2000,10,141,7.1000,0.714141
MTDnewhill,2000,10,142,7.1500,0.722934
MTDnewhill,2000,10,143,7.2000,0.789715
MTDnewhill,2000,10,144,7.2500,0.871698
MTDnewhill,2000,10,145,7.3000,0.895943
MTDnewhill,2000,10,146,7.3500,0.912788
MTDnewhill,2000,10,147,7.4000,0.964828
MTDnewhill,2000,10,148,7.4500,0.955675
MTDnewhill,2000,10,149,7.5000,1.005112
MTDnewhill,2000,10,150,7.5500,0.961277
MTDnewhill,2000,10,151,7.6000,0.870242
MTDnewhill,2000,10,152,7.6500,0.730041
MTDnewhill,2000,10,153,7.7000,0.620014
MTDnewhill,2000,10,154,7.7500,0.544672
MTDnewhill,2000,10,155,7.8000,0.486379
MTDnewhill,2000,10,156,7.8500,0.467576
MTDnewhill,2000,10,157,7.9000,0.495467
MTDnewhill,2000,10,158,7.9500,0.484095
MTDnewhill,2000,10,159,8.0000,0.457864
MTDnewhill,2000,10,160,8.0500,0.451688
MTDnewhill,2000,10,161,8.1000,0.469809
MTDnewhill,2000,10,162,8.1500,0.459137
MTDnewhill,2000,10,163,8.2000,0.483930
MTDnewhill,2000,10,164,8.2500,0.494956
MTDnewhill,2000,10,165,8.3000,0.438288
MTDnewhill,2000,10,166,8.3500,0.420512
MTDnewhill,2000,10,167,8.4000,0.390635
MTDnewhill,2000,10,168,8.4500,0.398352
MTDnewhill,2000,10,169,8.5000,0.409337
MTDnewhill,2000,10,170,8.5500,0.438579
MTDnewhill,2000,10,171,8.6000,0.445812
MTDnewhill,2000,10,172,8.6500,0.458533
MTDnewhill,2000,10,173,8.7000,0.468682
MTDnewhill,2000,10,174,8.7500,0.497652
MTDnewhill,2000,10,175,8.8000,0.519042
MTDnewhill,2000,10,176,8.8500,0.521323
MTDnewhill,2000,10,177,8.9000,0.578992
MTDnewhill,2000,10,178,8.9500,0.662867
MTDnewhill,2000,10,179,9.0000,0.752289
MTDnewhill,2000,10,180,9.0500,0.833501
MTDnewhill,2000,10,181,9.1000,0.891252
MTDnewhill,2000,10,182,9.1500,0.993658
MTDnewhill,2000,10,183,9.2000,0.972826
MTDnewhill,2000,10,184,9.2500,0.962664
MTDnewhill,2000,10,185,9.3000,0.957150
MTDnewhill,2000,10,186,9.3500,0.948766
MTDnewhill,2000,10,187,9.4000,1.007733
MTDnewhill,2000,10,188,9.4500,1.094050
MTDnewhill,2000,10,189,9.5000,1.156292
MTDnewhill,2000,10,190,9.5500,1.261898
MTDnewhill,2000,10,191,9.6000,1.288249
MTDnewhill,2000,10,192,9.6500,1.416783
MTDnewhill,2000,10,193,9.7000,1.374781
MTDnewhill,2000,10,194,9.7500,1.261831
MTDnewhill,2000,10,195,9.8000,1.138126
MTDnewhill,2000,10,196,9.8500,0.986955
MTDnewhill,2000,10,197,9.9000,0.858669
MTDnewhill,2000,10,198,9.9500,0.738795
MTDnewhill,2000,10,199,10.0000,0.643792
MTDnewhill,2000,20,0,0.0500,14.610367
MTDnewhill,2000,20,1,0.1000,14.051306
MTDnewhill,2000,20,2,0.1500,13.490116
MTDnewhill,2000,20,3,0.2000,12.925536
MTDnewhill,2000,20,4,0.2500,12.623366
MTDnewhill,2000,20,5,0.3000,12.142475
MTDnewhill,2000,20,6,0.3500,11.863305
MTDnewhill,2000,20,7,0.4000,11.643506
MTDnewhill,2000,20,8,0.4500,11.338627
MTDnewhill,2000,20,9,0.5000,11.203129
MTDnewhill,2000,20,10,0.5500,10.918046
MTDnewhill,2000,20,11,0.6000,10.454407
MTDnewhill,2000,20,12,0.6500,10.360797
MTDnewhill,2000,20,13,0.7000,10.181369
MTDnewhill,2000,20,14,0.7500,9.941323
MTDnewhill,2000,20,15,0.8000,9.755230
MTDnewhill,2000,20,16,0.8500,9.650293
MTDnewhill,2000,20,17,0.9000,9.432211
MTDnewhill,2000,20,18,0.9500,9.259439
MTDnewhill,2000,20,19,1.0000,9.101386
MTDnewhill,2000,20,20,1.0500,9.007166
MTDnewhill,2000,20,21,1.1000,8.731755
MTDnewhill,2000,20,22,1.1500,8.576759
MTDnewhill,2000,20,23,1.2000,8.412099
MTDnewhill,2000,20,24,1.2500,8.290887
MTDnewhill,2000,20,25,1.3000,8.076833
MTDnewhill,2000,20,26,1.3500,7.984487
MTDnewhill,2000,20,27,1.4000,7.792932
MTDnewhill,2000,20,28,1.4500,7.757541
MTDnewhill,2000,20,29,1.5000,7.493694
MTDnewhill,2000,20,30,1.5500,7.284067
MTDnewhill,2000,20,31,1.6000,7.249622
MTDnewhill,2000,20,32,1.6500,7.174250
MTDnewhill,2000,20,33,1.7000,6.884355
MTDnewhill,2000,20,34,1.7500,6.628013
MTDnewhill,2000,20,35,1.8000,6.611097
MTDnewhill,2000,20,36,1.8500,6.504635
MTDnewhill,2000,20,37,1.9000,6.427209
MTDnewhill,2000,20,38,1.9500,6.323309
MTDnewhill,2000,20,39,2.0000,6.146444
MTDnewhill,2000,20,40,2.0500,6.147935
MTDnewhill,2000,20,41,2.1000,6.105980
MTDnewhill,2000,20,42,2.1500,6.024115
MTDnewhill,2000,20,43,2.2000,5.976607
MTDnewhill,2000,20,44,2.2500,5.715373
MTDnewhill,2000,20,45,2.3000,5.487057
MTDnewhill,2000,20,46,2.3500,5.486621
MTDnewhill,2000,20,47,2.4000,5.447836
MTDnewhill,2000,20,48,2.4500,5.341069
MTDnewhill,2000,20,49,2.5000,5.191853
MTDnewhill,2000,20,50,2.5500,4.930027
MTDnewhill,2000,20,51,2.6000,4.745409
MTDnewhill,2000,20,52,2.6500,4.706545
MTDnewhill,2000,20,53,2.7000,4.666629
MTDnewhill,2000,20,54,2.7500,4.575672
MTDnewhill,2000,20,55,2.8000,4.499468
MTDnewhill,2000,20,56,2.8500,4.415290
MTDnewhill,2000,20,57,2.9000,4.412334
MTDnewhill,2000,20,58,2.9500,4.352193
MTDnewhill,2000,20,59,3.0000,4.228685
MTDnewhill,2000,20,60,3.0500,4.142572
MTDnewhill,2000,20,61,3.1000,4.048092
MTDnewhill,2000,20,62,3.1500,3.932282
MTDnewhill,2000,20,63,3.2000,3.856458
MTDnewhill,2000,20,64,3.2500,3.868935
MTDnewhill,2000,20,65,3.3000,3.809549
MTDnewhill,2000,20,66,3.3500,3.584903
MTDnewhill,2000,20,67,3.4000,3.507159
MTDnewhill,2000,20,68,3.4500,3.419786
MTDnewhill,2000,20,69,3.5000,3.314678
MTDnewhill,2000,20,70,3.5500,3.301293
MTDnewhill,2000,20,71,3.6000,3.290994
MTDnewhill,2000,20,72,3.6500,3.198149
MTDnewhill,2000,20,73,3.7000,3.152216
MTDnewhill,2000,20,74,3.7500,3.131190
MTDnewhill,2000,20,75,3.8000,3.135993
MTDnewhill,2000,20,76,3.8500,3.049012
MTDnewhill,2000,20,77,3.9000,2.994383
MTDnewhill,2000,20,78,3.9500,2.931447
MTDnewhill,2000,20,79,4.0000,2.724308
MTDnewhill,2000,20,80,4.0500,2.566303
MTDnewhill,2000,20,81,4.1000,2.553837
MTDnewhill,2000,20,82,4.1500,2.439354
MTDnewhill,2000,20,83,4.2000,2.412023
MTDnewhill,2000,20,84,4.2500,2.402083
MTDnewhill,2000,20,85,4.3000,2.397058
MTDnewhill,2000,20,86,4.3500,2.426838
MTDnewhill,2000,20,87,4.4000,2.412292
MTDnewhill,2000,20,88,4.4500,2.423166
MTDnewhill,2000,20,89,4.5000,2.416904
MTDnewhill,2000,20,90,4.5500,2.243591
MTDnewhill,2000,20,91,4.6000,2.192994
MTDnewhill,2000,20,92,4.6500,2.096739
MTDnewhill,2000,20,93,4.7000,2.072131
MTDnewhill,2000,20,94,4.7500,1.972049
MTDnewhill,2000,20,95,4.8000,1.943639
MTDnewhill,2000,20,96,4.8500,1.845449
MTDnewhill,2000,20,97,4.9000,1.824007
MTDnewhill,2000,20,98,4.9500,1.804706
MTDnewhill,2000,20,99,5.0000,1.736202
MTDnewhill,2000,20,100,5.0500,1.711783
MTDnewhill,2000,20,101,5.1000,1.706523
MTDnewhill,2000,20,102,5.1500,1.702129
MTDnewhill,2000,20,103,5.2000,1.669903
MTDnewhill,2000,20,104,5.2500,1.624779
MTDnewhill,2000,20,105,5.3000,1.552274
MTDnewhill,2000,20,106,5.3500,1.497088
MTDnewhill,2000,20,107,5.4000,1.451950
MTDnewhill,2000,20,108,5.4500,1.465073
MTDnewhill,2000,20,109,5.5000,1.410796
MTDnewhill,2000,20,110,5.5500,1.433859
MTDnewhill,2000,20,111,5.6000,1.468998
MTDnewhill,2000,20,112,5.6500,1.514655
MTDnewhill,2000,20,113,5.7000,1.528488
MTDnewhill,2000,20,114,5.7500,1.452531
MTDnewhill,2000,20,115,5.8000,1.381522
MTDnewhill,2000,20,116,5.8500,1.377328
MTDnewhill,2000,20,117,5.9000,1.324935
MTDnewhill,2000,20,118,5.9500,1.285050
MTDnewhill,2000,20,119,6.0000,1.253832
MTDnewhill,2000,20,120,6.0500,1.162248
MTDnewhill,2000,20,121,6.1000,1.146206
MTDnewhill,2000,20,122,6.1500,1.139044
MTDnewhill,2000,20,123,6.2000,1.128712
MTDnewhill,2000,20,124,6.2500,1.109036
MTDnewhill,2000,20,125,6.3000,1.099588
MTDnewhill,2000,20,126,6.3500,1.099949
MTDnewhill,2000,20,127,6.4000,1.108443
MTDnewhill,2000,20,128,6.4500,1.125261
MTDnewhill,2000,20,129,6.5000,1.158603
MTDnewhill,2000,20,130,6.5500,1.127608
MTDnewhill,2000,20,131,6.6000,1.087982
MTDnewhill,2000,20,132,6.6500,1.045541
MTDnewhill,2000,20,133,6.7000,1.022626
MTDnewhill,2000,20,134,6.7500,1.043489
MTDnewhill,2000,20,135,6.8000,1.107423
MTDnewhill,2000,20,136,6.8500,1.163362
MTDnewhill,2000,20,137,6.9000,1.048057
MTDnewhill,2000,20,138,6.9500,1.062831
MTDnewhill,2000,20,139,7.0000,1.100672
MTDnewhill,2000,20,140,7.0500,1.170604
MTDnewhill,2000,20,141,7.1000,1.254776
MTDnewhill,2000,20,142,7.1500,1.298176
MTDnewhill,2000,20,143,7.2000,1.150608
MTDnewhill,2000,20,144,7.2500,1.106597
MTDnewhill,2000,20,145,7.3000,1.099947
MTDnewhill,2000,20,146,7.3500,1.077154
MTDnewhill,2000,20,147,7.4000,0.987006
MTDnewhill,2000,20,148,7.4500,0.871667
MTDnewhill,2000,20,149,7.5000,0.807237
MTDnewhill,2000,20,150,7.5500,0.676901
MTDnewhill,2000,20,151,7.6000,0.620057
MTDnewhill,2000,20,152,7.6500,0.626587
MTDnewhill,2000,20,153,7.7000,0.587368
MTDnewhill,2000,20,154,7.7500,0.510163
MTDnewhill,2000,20,155,7.8000,0.495548
MTDnewhill,2000,20,156,7.8500,0.493584
MTDnewhill,2000,20,157,7.9000,0.498745
MTDnewhill,2000,20,158,7.9500,0.505280
MTDnewhill,2000,20,159,8.0000,0.520407
MTDnewhill,2000,20,160,8.0500,0.541372
MTDnewhill,2000,20,161,8.1000,0.526110
MTDnewhill,2000,20,162,8.1500,0.505629
MTDnewhill,2000,20,163,8.2000,0.469968
MTDnewhill,2000,20,164,8.2500,0.491249
MTDnewhill,2000,20,165,8.3000,0.477771
MTDnewhill,2000,20,166,8.3500,0.469546
MTDnewhill,2000,20,167,8.4000,0.463528
MTDnewhill,2000,20,168,8.4500,0.477700
MTDnewhill,2000,20,169,8.5000,0.475071
MTDnewhill,2000,20,170,8.5500,0.495107
MTDnewhill,2000,20,171,8.6000,0.512901
MTDnewhill,2000,20,172,8.6500,0.524943
MTDnewhill,2000,20,173,8.7000,0.627256
MTDnewhill,2000,20,174,8.7500,0.697141
MTDnewhill,2000,20,175,8.8000,0.746046
MTDnewhill,2000,20,176,8.8500,0.739474
MTDnewhill,2000,20,177,8.9000,0.721908
MTDnewhill,2000,20,178,8.9500,0.797321
MTDnewhill,2000,20,179,9.0000,0.895635
MTDnewhill,2000,20,180,9.0500,0.965039
MTDnewhill,2000,20,181,9.1000,1.034719
MTDnewhill,2000,20,182,9.1500,0.993795
MTDnewhill,2000,20,183,9.2000,0.974663
MTDnewhill,2000,20,184,9.2500,0.975618
MTDnewhill,2000,20,185,9.3000,1.017203
MTDnewhill,2000,20,186,9.3500,1.004776
MTDnewhill,2000,20,187,9.4000,0.941349
MTDnewhill,2000,20,188,9.4500,0.790931
MTDnewhill,2000,20,189,9.5000,0.622474
MTDnewhill,2000,20,190,9.5500,0.484958
MTDnewhill,2000,20,191,9.6000,0.365936
MTDnewhill,2000,20,192,9.6500,0.277091
MTDnewhill,2000,20,193,9.7000,0.298645
MTDnewhill,2000,20,194,9.7500,0.283949
MTDnewhill,2000,20,195,9.8000,0.308750
MTDnewhill,2000,20,196,9.8500,0.386430
MTDnewhill,2000,20,197,9.9000,0.489698
MTDnewhill,2000,20,198,9.9500,0.597623
MTDnewhill,2000,20,199,10.0000,0.697826
MTDnewhill,2000,30,0,0.0500,14.514716
MTDnewhill,2000,30,1,0.1000,13.907040
MTDnewhill,2000,30,2,0.1500,13.433405
MTDnewhill,2000,30,3,0.2000,12.982253
MTDnewhill,2000,30,4,0.2500,12.564538
MTDnewhill,2000,30,5,0.3000,12.000834
MTDnewhill,2000,30,6,0.3500,11.947425
MTDnewhill,2000,30,7,0.4000,11.716328
MTDnewhill,2000,30,8,0.4500,11.452562
MTDnewhill,2000,30,9,0.5000,11.122502
MTDnewhill,2000,30,10,0.5500,10.823865
MTDnewhill,2000,30,11,0.6000,10.484036
MTDnewhill,2000,30,12,0.6500,10.303856
MTDnewhill,2000,30,13,0.7000,10.085669
MTDnewhill,2000,30,14,0.7500,9.833725
MTDnewhill,2000,30,15,0.8000,9.715404
MTDnewhill,2000,30,16,0.8500,9.619711
MTDnewhill,2000,30,17,0.9000,9.445851
MTDnewhill,2000,30,18,0.9500,9.309000
MTDnewhill,2000,30,19,1.0000,9.035372
MTDnewhill,2000,30,20,1.0500,8.930815
MTDnewhill,2000,30,21,1.1000,8.663535
MTDnewhill,2000,30,22,1.1500,8.419679
MTDnewhill,2000,30,23,1.2000,8.426221
MTDnewhill,2000,30,24,1.2500,8.301982
MTDnewhill,2000,30,25,1.3000,8.045384
MTDnewhill,2000,30,26,1.3500,7.988784
MTDnewhill,2000,30,27,1.4000,7.643746
MTDnewhill,2000,30,28,1.4500,7.560027
MTDnewhill,2000,30,29,1.5000,7.417941
MTDnewhill,2000,30,30,1.5500,7.236150
MTDnewhill,2000,30,31,1.6000,7.228908
MTDnewhill,2000,30,32,1.6500,7.088664
MTDnewhill,2000,30,33,1.7000,7.087944
MTDnewhill,2000,30,34,1.7500,7.051677
MTDnewhill,2000,30,35,1.8000,6.719245
MTDnewhill,2000,30,36,1.8500,6.559721
MTDnewhill,2000,30,37,1.9000,6.333301
MTDnewhill,2000,30,38,1.9500,6.209533
MTDnewhill,2000,30,39,2.0000,6.198986
MTDnewhill,2000,30,40,2.0500,6.045004
MTDnewhill,2000,30,41,2.1000,6.017797
MTDnewhill,2000,30,42,2.1500,5.935411
MTDnewhill,2000,30,43,2.2000,5.897289
MTDnewhill,2000,30,44,2.2500,5.840867
MTDnewhill,2000,30,45,2.3000,5.667809
MTDnewhill,2000,30,46,2.3500,5.557802
MTDnewhill,2000,30,47,2.4000,5.479584
MTDnewhill,2000,30,48,2.4500,5.249341
MTDnewhill,2000,30,49,2.5000,5.214942
MTDnewhill,2000,30,50,2.5500,5.149119
MTDnewhill,2000,30,51,2.6000,5.040361
MTDnewhill,2000,30,52,2.6500,4.889134
MTDnewhill,2000,30,53,2.7000,4.889060
MTDnewhill,2000,30,54,2.7500,4.770432
MTDnewhill,2000,30,55,2.8000,4.670676
MTDnewhill,2000,30,56,2.8500,4.510779
MTDnewhill,2000,30,57,2.9000,4.334276
MTDnewhill,2000,30,58,2.9500,4.330129
MTDnewhill,2000,30,59,3.0000,4.294278
MTDnewhill,2000,30,60,3.0500,4.226521
MTDnewhill,2000,30,61,3.1000,4.113302
MTDnewhill,2000,30,62,3.1500,3.912902
MTDnewhill,2000,30,63,3.2000,3.906428
MTDnewhill,2000,30,64,3.2500,3.858475
MTDnewhill,2000,30,65,3.3000,3.639284
MTDnewhill,2000,30,66,3.3500,3.639168
MTDnewhill,2000,30,67,3.4000,3.645421
MTDnewhill,2000,30,68,3.4500,3.646540
MTDnewhill,2000,30,69,3.5000,3.646707
MTDnewhill,2000,30,70,3.5500,3.569139
MTDnewhill,2000,30,71,3.6000,3.548210
MTDnewhill,2000,30,72,3.6500,3.417106
MTDnewhill,2000,30,73,3.7000,3.338465
MTDnewhill,2000,30,74,3.7500,3.323472
MTDnewhill,2000,30,75,3.8000,3.213045
MTDnewhill,2000,30,76,3.8500,3.038784
MTDnewhill,2000,30,77,3.9000,2.972110
MTDnewhill,2000,30,78,3.9500,2.871976
MTDnewhill,2000,30,79,4.0000,2.805047
MTDnewhill,2000,30,80,4.0500,2.653780
MTDnewhill,2000,30,81,4.1000,2.638264
MTDnewhill,2000,30,82,4.1500,2.519385
MTDnewhill,2000,30,83,4.2000,2.511194
MTDnewhill,2000,30,84,4.2500,2.434347
MTDnewhill,2000,30,85,4.3000,2.426288
MTDnewhill,2000,30,86,4.3500,2.416729
MTDnewhill,2000,30,87,4.4000,2.213628
MTDnewhill,2000,30,88,4.4500,2.153273
MTDnewhill,2000,30,89,4.5000,2.119783
MTDnewhill,2000,30,90,4.5500,2.051803
MTDnewhill,2000,30,91,4.6000,1.973225
MTDnewhill,2000,30,92,4.6500,1.923496
MTDnewhill,2000,30,93,4.7000,1.892179
MTDnewhill,2000,30,94,4.7500,1.855192
MTDnewhill,2000,30,95,4.8000,1.808906
MTDnewhill,2000,30,96,4.8500,1.790728
MTDnewhill,2000,30,97,4.9000,1.804157
MTDnewhill,2000,30,98,4.9500,1.851114
MTDnewhill,2000,30,99,5.0000,1.888507
MTDnewhill,2000,30,100,5.0500,1.901977
MTDnewhill,2000,30,101,5.1000,1.927165
MTDnewhill,2000,30,102,5.1500,1.895177
MTDnewhill,2000,30,103,5.2000,1.874422
MTDnewhill,2000,30,104,5.2500,1.780594
MTDnewhill,2000,30,105,5.3000,1.707229
MTDnewhill,2000,30,106,5.3500,1.571514
MTDnewhill,2000,30,107,5.4000,1.538647
MTDnewhill,2000,30,108,5.4500,1.529578
MTDnewhill,2000,30,109,5.5000,1.523166
MTDnewhill,2000,30,110,5.5500,1.527742
MTDnewhill,2000,30,111,5.6000,1.484846
MTDnewhill,2000,30,112,5.6500,1.375959
MTDnewhill,2000,30,113,5.7000,1.361171
MTDnewhill,2000,30,114,5.7500,1.385074
MTDnewhill,2000,30,115,5.8000,1.430764
MTDnewhill,2000,30,116,5.8500,1.480742
MTDnewhill,2000,30,117,5.9000,1.544591
MTDnewhill,2000,30,118,5.9500,1.626868
MTDnewhill,2000,30,119,6.0000,1.722363
MTDnewhill,2000,30,120,6.0500,1.841215
MTDnewhill,2000,30,121,6.1000,1.965831
MTDnewhill,2000,30,122,6.1500,2.085013
MTDnewhill,2000,30,123,6.2000,2.168410
MTDnewhill,2000,30,124,6.2500,2.205584
MTDnewhill,2000,30,125,6.3000,2.164605
MTDnewhill,2000,30,126,6.3500,2.067044
MTDnewhill,2000,30,127,6.4000,1.858635
MTDnewhill,2000,30,128,6.4500,1.771673
MTDnewhill,2000,30,129,6.5000,1.696343
MTDnewhill,2000,30,130,6.5500,1.699760
MTDnewhill,2000,30,131,6.6000,1.659916
MTDnewhill,2000,30,132,6.6500,1.549416
MTDnewhill,2000,30,133,6.7000,1.476116
MTDnewhill,2000,30,134,6.7500,1.320759
MTDnewhill,2000,30,135,6.8000,1.253849
MTDnewhill,2000,30,136,6.8500,1.250135
MTDnewhill,2000,30,137,6.9000,1.170103
MTDnewhill,2000,30,138,6.9500,1.065629
MTDnewhill,2000,30,139,7.0000,1.010622
MTDnewhill,2000,30,140,7.0500,0.991643
MTDnewhill,2000,30,141,7.1000,0.941120
MTDnewhill,2000,30,142,7.1500,0.910869
MTDnewhill,2000,30,143,7.2000,0.867884
MTDnewhill,2000,30,144,7.2500,0.836573
MTDnewhill,2000,30,145,7.3000,0.792458
MTDnewhill,2000,30,146,7.3500,0.749454
MTDnewhill,2000,30,147,7.4000,0.718986
MTDnewhill,2000,30,148,7.4500,0.699412
MTDnewhill,2000,30,149,7.5000,0.642825
MTDnewhill,2000,30,150,7.5500,0.619734
MTDnewhill,2000,30,151,7.6000,0.594477
MTDnewhill,2000,30,152,7.6500,0.575551
MTDnewhill,2000,30,153,7.7000,0.571559
MTDnewhill,2000,30,154,7.7500,0.539350
MTDnewhill,2000,30,155,7.8000,0.521285
MTDnewhill,2000,30,156,7.8500,0.551241
MTDnewhill,2000,30,157,7.9000,0.536655
MTDnewhill,2000,30,158,7.9500,0.463811
MTDnewhill,2000,30,159,8.0000,0.463430
MTDnewhill,2000,30,160,8.0500,0.454044
MTDnewhill,2000,30,161,8.1000,0.452570
MTDnewhill,2000,30,162,8.1500,0.457532
MTDnewhill,2000,30,163,8.2000,0.507707
MTDnewhill,2000,30,164,8.2500,0.543970
MTDnewhill,2000,30,165,8.3000,0.573355
MTDnewhill,2000,30,166,8.3500,0.604667
MTDnewhill,2000,30,167,8.4000,0.607546
MTDnewhill,2000,30,168,8.4500,0.615381
MTDnewhill,2000,30,169,8.5000,0.673322
MTDnewhill,2000,30,170,8.5500,0.672125
MTDnewhill,2000,30,171,8.6000,0.596395
MTDnewhill,2000,30,172,8.6500,0.515327
MTDnewhill,2000,30,173,8.7000,0.449460
MTDnewhill,2000,30,174,8.7500,0.457213
MTDnewhill,2000,30,175,8.8000,0.480568
MTDnewhill,2000,30,176,8.8500,0.488609
MTDnewhill,2000,30,177,8.9000,0.529309
MTDnewhill,2000,30,178,8.9500,0.615552
MTDnewhill,2000,30,179,9.0000,0.642807
MTDnewhill,2000,30,180,9.0500,0.645231
MTDnewhill,2000,30,181,9.1000,0.713895
MTDnewhill,2000,30,182,9.1500,0.768234
MTDnewhill,2000,30,183,9.2000,0.857680
MTDnewhill,2000,30,184,9.2500,0.851532
MTDnewhill,2000,30,185,9.3000,0.810695
MTDnewhill,2000,30,186,9.3500,0.701098
MTDnewhill,2000,30,187,9.4000,0.574805
MTDnewhill,2000,30,188,9.4500,0.467903
MTDnewhill,2000,30,189,9.5000,0.374530
MTDnewhill,2000,30,190,9.5500,0.311429
MTDnewhill,2000,30,191,9.6000,0.260207
MTDnewhill,2000,30,192,9.6500,0.286170
MTDnewhill,2000,30,193,9.7000,0.369364
MTDnewhill,2000,30,194,9.7500,0.504316
MTDnewhill,2000,30,195,9.8000,0.582461
MTDnewhill,2000,30,196,9.8500,0.655757
MTDnewhill,2000,30,197,9.9000,0.738275
MTDnewhill,2000,30,198,9.9500,0.761570
MTDnewhill,2000,30,199,10.0000,0.692567
MTDnewhill,2000,40,0,0.0500,14.493905
MTDnewhill,2000,40,1,0.1000,14.044282
MTDnewhill,2000,40,2,0.1500,13.461772
MTDnewhill,2000,40,3,0.2000,12.916431
MTDnewhill,2000,40,4,0.2500,12.647498
MTDnewhill,2000,40,5,0.3000,12.268142
MTDnewhill,2000,40,6,0.3500,12.054341
MTDnewhill,2000,40,7,0.4000,11.547021
MTDnewhill,2000,40,8,0.4500,11.346190
MTDnewhill,2000,40,9,0.5000,11.178196
MTDnewhill,2000,40,10,0.5500,10.952051
MTDnewhill,2000,40,11,0.6000,10.908107
MTDnewhill,2000,40,12,0.6500,10.580287
MTDnewhill,2000,40,13,0.7000,10.251174
MTDnewhill,2000,40,14,0.7500,9.898355
MTDnewhill,2000,40,15,0.8000,9.805087
MTDnewhill,2000,40,16,0.8500,9.617493
MTDnewhill,2000,40,17,0.9000,9.470092
MTDnewhill,2000,40,18,0.9500,9.381193
MTDnewhill,2000,40,19,1.0000,9.278572
MTDnewhill,2000,40,20,1.0500,9.086446
MTDnewhill,2000,40,21,1.1000,8.828943
MTDnewhill,2000,40,22,1.1500,8.674037
MTDnewhill,2000,40,23,1.2000,8.679137
MTDnewhill,2000,40,24,1.2500,8.591957
MTDnewhill,2000,40,25,1.3000,8.302998
MTDnewhill,2000,40,26,1.3500,8.229889
MTDnewhill,2000,40,27,1.4000,8.070454
MTDnewhill,2000,40,28,1.4500,7.941207
MTDnewhill,2000,40,29,1.5000,7.577126
MTDnewhill,2000,40,30,1.5500,7.413758
MTDnewhill,2000,40,31,1.6000,7.234232
MTDnewhill,2000,40,32,1.6500,7.015677
MTDnewhill,2000,40,33,1.7000,6.881046
MTDnewhill,2000,40,34,1.7500,6.853272
MTDnewhill,2000,40,35,1.8000,6.763011
MTDnewhill,2000,40,36,1.8500,6.632241
MTDnewhill,2000,40,37,1.9000,6.435449
MTDnewhill,2000,40,38,1.9500,6.317801
MTDnewhill,2000,40,39,2.0000,6.246179
MTDnewhill,2000,40,40,2.0500,6.147149
MTDnewhill,2000,40,41,2.1000,5.918525
MTDnewhill,2000,40,42,2.1500,5.902809
MTDnewhill,2000,40,43,2.2000,5.723651
MTDnewhill,2000,40,44,2.2500,5.639801
MTDnewhill,2000,40,45,2.3000,5.574194
MTDnewhill,2000,40,46,2.3500,5.375064
MTDnewhill,2000,40,47,2.4000,5.375666
MTDnewhill,2000,40,48,2.4500,5.288846
MTDnewhill,2000,40,49,2.5000,5.237057
MTDnewhill,2000,40,50,2.5500,5.127204
MTDnewhill,2000,40,51,2.6000,5.124235
MTDnewhill,2000,40,52,2.6500,5.128153
MTDnewhill,2000,40,53,2.7000,4.907471
MTDnewhill,2000,40,54,2.7500,4.803704
MTDnewhill,2000,40,55,2.8000,4.706511
MTDnewhill,2000,40,56,2.8500,4.649545
MTDnewhill,2000,40,57,2.9000,4.558755
MTDnewhill,2000,40,58,2.9500,4.448169
MTDnewhill,2000,40,59,3.0000,4.457569
MTDnewhill,2000,40,60,3.0500,4.358444
MTDnewhill,2000,40,61,3.1000,4.358318
MTDnewhill,2000,40,62,3.1500,4.214251
MTDnewhill,2000,40,63,3.2000,4.088033
MTDnewhill,2000,40,64,3.2500,3.866030
MTDnewhill,2000,40,65,3.3000,3.690980
MTDnewhill,2000,40,66,3.3500,3.639232
MTDnewhill,2000,40,67,3.4000,3.491955
MTDnewhill,2000,40,68,3.4500,3.410004
MTDnewhill,2000,40,69,3.5000,3.441761
MTDnewhill,2000,40,70,3.5500,3.437501
MTDnewhill,2000,40,71,3.6000,3.400562
MTDnewhill,2000,40,72,3.6500,3.224277
MTDnewhill,2000,40,73,3.7000,3.216405
MTDnewhill,2000,40,74,3.7500,3.192206
MTDnewhill,2000,40,75,3.8000,3.063074
MTDnewhill,2000,40,76,3.8500,2.949898
MTDnewhill,2000,40,77,3.9000,2.947414
MTDnewhill,2000,40,78,3.9500,2.948092
MTDnewhill,2000,40,79,4.0000,2.892974
MTDnewhill,2000,40,80,4.0500,2.839654
MTDnewhill,2000,40,81,4.1000,2.751701
MTDnewhill,2000,40,82,4.1500,2.657159
MTDnewhill,2000,40,83,4.2000,2.582050
MTDnewhill,2000,40,84,4.2500,2.562570
MTDnewhill,2000,40,85,4.3000,2.548679
MTDnewhill,2000,40,86,4.3500,2.501027
MTDnewhill,2000,40,87,4.4000,2.317752
MTDnewhill,2000,40,88,4.4500,2.226695
MTDnewhill,2000,40,89,4.5000,2.175838
MTDnewhill,2000,40,90,4.5500,2.126338
MTDnewhill,2000,40,91,4.6000,2.122541
MTDnewhill,2000,40,92,4.6500,2.124653
MTDnewhill,2000,40,93,4.7000,2.083643
MTDnewhill,2000,40,94,4.7500,2.046860
MTDnewhill,2000,40,95,4.8000,2.047048
MTDnewhill,2000,40,96,4.8500,1.824320
MTDnewhill,2000,40,97,4.9000,1.786827
MTDnewhill,2000,40,98,4.9500,1.768526
MTDnewhill,2000,40,99,5.0000,1.718437
MTDnewhill,2000,40,100,5.0500,1.651649
MTDnewhill,2000,40,101,5.1000,1.582252
MTDnewhill,2000,40,102,5.1500,1.525116
MTDnewhill,2000,40,103,5.2000,1.509535
MTDnewhill,2000,40,104,5.2500,1.479426
MTDnewhill,2000,40,105,5.3000,1.434997
MTDnewhill,2000,40,106,5.3500,1.393629
MTDnewhill,2000,40,107,5.4000,1.379060
MTDnewhill,2000,40,108,5.4500,1.354233
MTDnewhill,2000,40,109,5.5000,1.346128
MTDnewhill,2000,40,110,5.5500,1.344646
MTDnewhill,2000,40,111,5.6000,1.329515
MTDnewhill,2000,40,112,5.6500,1.318785
MTDnewhill,2000,40,113,5.7000,1.318429
MTDnewhill,2000,40,114,5.7500,1.320162
MTDnewhill,2000,40,115,5.8000,1.324964
MTDnewhill,2000,40,116,5.8500,1.337380
MTDnewhill,2000,40,117,5.9000,1.349410
MTDnewhill,2000,40,118,5.9500,1.325116
MTDnewhill,2000,40,119,6.0000,1.289835
MTDnewhill,2000,40,120,6.0500,1.285041
MTDnewhill,2000,40,121,6.1000,1.285913
MTDnewhill,2000,40,122,6.1500,1.241909
MTDnewhill,2000,40,123,6.2000,1.190996
MTDnewhill,2000,40,124,6.2500,1.162475
MTDnewhill,2000,40,125,6.3000,1.140044
MTDnewhill,2000,40,126,6.3500,1.132352
MTDnewhill,2000,40,127,6.4000,1.140689
MTDnewhill,2000,40,128,6.4500,1.133204
MTDnewhill,2000,40,129,6.5000,1.139428
MTDnewhill,2000,40,130,6.5500,1.163898
MTDnewhill,2000,40,131,6.6000,1.207824
MTDnewhill,2000,40,132,6.6500,1.307012
MTDnewhill,2000,40,133,6.7000,1.268346
MTDnewhill,2000,40,134,6.7500,1.307338
MTDnewhill,2000,40,135,6.8000,1.407175
MTDnewhill,2000,40,136,6.8500,1.453788
MTDnewhill,2000,40,137,6.9000,1.565316
MTDnewhill,2000,40,138,6.9500,1.603303
MTDnewhill,2000,40,139,7.0000,1.553027
MTDnewhill,2000,40,140,7.0500,1.465787
MTDnewhill,2000,40,141,7.1000,1.296520
MTDnewhill,2000,40,142,7.1500,1.141570
MTDnewhill,2000,40,143,7.2000,1.026260
MTDnewhill,2000,40,144,7.2500,0.914789
MTDnewhill,2000,40,145,7.3000,0.968026
MTDnewhill,2000,40,146,7.3500,0.981123
MTDnewhill,2000,40,147,7.4000,1.021176
MTDnewhill,2000,40,148,7.4500,1.178146
MTDnewhill,2000,40,149,7.5000,1.149626
MTDnewhill,2000,40,150,7.5500,1.140788
MTDnewhill,2000,40,151,7.6000,1.138430
MTDnewhill,2000,40,152,7.6500,1.109924
MTDnewhill,2000,40,153,7.7000,1.132311
MTDnewhill,2000,40,154,7.7500,1.142524
MTDnewhill,2000,40,155,7.8000,1.216297
MTDnewhill,2000,40,156,7.8500,1.208861
MTDnewhill,2000,40,157,7.9000,1.197410
MTDnewhill,2000,40,158,7.9500,1.192383
MTDnewhill,2000,40,159,8.0000,1.294956
MTDnewhill,2000,40,160,8.0500,1.303132
MTDnewhill,2000,40,161,8.1000,1.443794
MTDnewhill,2000,40,162,8.1500,1.513991
MTDnewhill,2000,40,163,8.2000,1.506392
MTDnewhill,2000,40,164,8.2500,1.405422
MTDnewhill,2000,40,165,8.3000,1.259814
MTDnewhill,2000,40,166,8.3500,1.121715
MTDnewhill,2000,40,167,8.4000,1.003507
MTDnewhill,2000,40,168,8.4500,0.861416
MTDnewhill,2000,40,169,8.5000,0.753521
MTDnewhill,2000,40,170,8.5500,0.627195
MTDnewhill,2000,40,171,8.6000,0.526950
MTDnewhill,2000,40,172,8.6500,0.449122
MTDnewhill,2000,40,173,8.7000,0.360905
MTDnewhill,2000,40,174,8.7500,0.409913
MTDnewhill,2000,40,175,8.8000,0.410050
MTDnewhill,2000,40,176,8.8500,0.428233
MTDnewhill,2000,40,177,8.9000,0.468770
MTDnewhill,2000,40,178,8.9500,0.449454
MTDnewhill,2000,40,179,9.0000,0.410708
MTDnewhill,2000,40,180,9.0500,0.326171
MTDnewhill,2000,40,181,9.1000,0.294445
MTDnewhill,2000,40,182,9.1500,0.322072
MTDnewhill,2000,40,183,9.2000,0.402302
MTDnewhill,2000,40,184,9.2500,0.485407
MTDnewhill,2000,40,185,9.3000,0.585059
MTDnewhill,2000,40,186,9.3500,0.640313
MTDnewhill,2000,40,187,9.4000,0.687002
MTDnewhill,2000,40,188,9.4500,0.626474
MTDnewhill,2000,40,189,9.5000,0.512753
MTDnewhill,2000,40,190,9.5500,0.442971
MTDnewhill,2000,40,191,9.6000,0.403631
MTDnewhill,2000,40,192,9.6500,0.421013
MTDnewhill,2000,40,193,9.7000,0.298595
MTDnewhill,2000,40,194,9.7500,0.287709
MTDnewhill,2000,40,195,9.8000,0.235116
MTDnewhill,2000,40,196,9.8500,0.205065
MTDnewhill,2000,40,197,9.9000,0.195023
MTDnewhill,2000,40,198,9.9500,0.259894
MTDnewhill,2000,40,199,10.0000,0.316227
MTDnewhill,2000,50,0,0.0500,14.616291
MTDnewhill,2000,50,1,0.1000,13.810741
MTDnewhill,2000,50,2,0.1500,13.461664
MTDnewhill,2000,50,3,0.2000,13.057764
MTDnewhill,2000,50,4,0.2500,12.441932
MTDnewhill,2000,50,5,0.3000,12.225180
MTDnewhill,2000,50,6,0.3500,11.889749
MTDnewhill,2000,50,7,0.4000,11.499735
MTDnewhill,2000,50,8,0.4500,11.460246
MTDnewhill,2000,50,9,0.5000,11.273116
MTDnewhill,2000,50,10,0.5500,10.912067
MTDnewhill,2000,50,11,0.6000,10.679095
MTDnewhill,2000,50,12,0.6500,10.505299
MTDnewhill,2000,50,13,0.7000,10.370213
MTDnewhill,2000,50,14,0.7500,10.090973
MTDnewhill,2000,50,15,0.8000,9.906348
MTDnewhill,2000,50,16,0.8500,9.566688
MTDnewhill,2000,50,17,0.9000,9.373104
MTDnewhill,2000,50,18,0.9500,9.204329
MTDnewhill,2000,50,19,1.0000,9.179982
MTDnewhill,2000,50,20,1.0500,8.891537
MTDnewhill,2000,50,21,1.1000,8.780832
MTDnewhill,2000,50,22,1.1500,8.665965
MTDnewhill,2000,50,23,1.2000,8.498412
MTDnewhill,2000,50,24,1.2500,8.338581
MTDnewhill,2000,50,25,1.3000,8.151649
MTDnewhill,2000,50,26,1.3500,7.943801
MTDnewhill,2000,50,27,1.4000,7.931426
MTDnewhill,2000,50,28,1.4500,7.885122
MTDnewhill,2000,50,29,1.5000,7.716774
MTDnewhill,2000,50,30,1.5500,7.499779
MTDnewhill,2000,50,31,1.6000,7.350846
MTDnewhill,2000,50,32,1.6500,7.318854
MTDnewhill,2000,50,33,1.7000,7.191384
MTDnewhill,2000,50,34,1.7500,7.075199
MTDnewhill,2000,50,35,1.8000,7.055774
MTDnewhill,2000,50,36,1.8500,6.836301
MTDnewhill,2000,50,37,1.9000,6.581151
MTDnewhill,2000,50,38,1.9500,6.421352
MTDnewhill,2000,50,39,2.0000,6.249168
MTDnewhill,2000,50,40,2.0500,6.056952
MTDnewhill,2000,50,41,2.1000,6.007536
MTDnewhill,2000,50,42,2.1500,5.952018
MTDnewhill,2000,50,43,2.2000,5.908779
MTDnewhill,2000,50,44,2.2500,5.787108
MTDnewhill,2000,50,45,2.3000,5.733893
MTDnewhill,2000,50,46,2.3500,5.494717
MTDnewhill,2000,50,47,2.4000,5.328433
MTDnewhill,2000,50,48,2.4500,5.265632
MTDnewhill,2000,50,49,2.5000,5.097755
MTDnewhill,2000,50,50,2.5500,4.983471
MTDnewhill,2000,50,51,2.6000,4.877902
MTDnewhill,2000,50,52,2.6500,4.789354
MTDnewhill,2000,50,53,2.7000,4.787286
MTDnewhill,2000,50,54,2.7500,4.699228
MTDnewhill,2000,50,55,2.8000,4.664180
MTDnewhill,2000,50,56,2.8500,4.634689
MTDnewhill,2000,50,57,2.9000,4.596794
MTDnewhill,2000,50,58,2.9500,4.549558
MTDnewhill,2000,50,59,3.0000,4.553771
MTDnewhill,2000,50,60,3.0500,4.470996
MTDnewhill,2000,50,61,3.1000,4.412889
MTDnewhill,2000,50,62,3.1500,4.156063
MTDnewhill,2000,50,63,3.2000,4.030941
MTDnewhill,2000,50,64,3.2500,3.916530
MTDnewhill,2000,50,65,3.3000,3.841463
MTDnewhill,2000,50,66,3.3500,3.620962
MTDnewhill,2000,50,67,3.4000,3.528042
MTDnewhill,2000,50,68,3.4500,3.452308
MTDnewhill,2000,50,69,3.5000,3.278765
MTDnewhill,2000,50,70,3.5500,3.216613
MTDnewhill,2000,50,71,3.6000,3.207923
MTDnewhill,2000,50,72,3.6500,3.205628
MTDnewhill,2000,50,73,3.7000,3.067145
MTDnewhill,2000,50,74,3.7500,3.063553
MTDnewhill,2000,50,75,3.8000,3.025126
MTDnewhill,2000,50,76,3.8500,2.986292
MTDnewhill,2000,50,77,3.9000,2.824262
MTDnewhill,2000,50,78,3.9500,2.737203
MTDnewhill,2000,50,79,4.0000,2.651239
MTDnewhill,2000,50,80,4.0500,2.624795
MTDnewhill,2000,50,81,4.1000,2.546261
MTDnewhill,2000,50,82,4.1500,2.479135
MTDnewhill,2000,50,83,4.2000,2.416775
MTDnewhill,2000,50,84,4.2500,2.404186
MTDnewhill,2000,50,85,4.3000,2.377662
MTDnewhill,2000,50,86,4.3500,2.289049
MTDnewhill,2000,50,87,4.4000,2.248312
MTDnewhill,2000,50,88,4.4500,2.233411
MTDnewhill,2000,50,89,4.5000,2.227490
MTDnewhill,2000,50,90,4.5500,2.228771
MTDnewhill,2000,50,91,4.6000,2.142961
MTDnewhill,2000,50,92,4.6500,2.033322
MTDnewhill,2000,50,93,4.7000,2.033706
MTDnewhill,2000,50,94,4.7500,1.942036
MTDnewhill,2000,50,95,4.8000,1.885221
MTDnewhill,2000,50,96,4.8500,1.886198
MTDnewhill,2000,50,97,4.9000,1.842209
MTDnewhill,2000,50,98,4.9500,1.752477
MTDnewhill,2000,50,99,5.0000,1.740206
MTDnewhill,2000,50,100,5.0500,1.734966
MTDnewhill,2000,50,101,5.1000,1.708326
MTDnewhill,2000,50,102,5.1500,1.735605
MTDnewhill,2000,50,103,5.2000,1.765153
MTDnewhill,2000,50,104,5.2500,1.670860
MTDnewhill,2000,50,105,5.3000,1.590825
MTDnewhill,2000,50,106,5.3500,1.532526
MTDnewhill,2000,50,107,5.4000,1.508178
MTDnewhill,2000,50,108,5.4500,1.427260
MTDnewhill,2000,50,109,5.5000,1.363594
MTDnewhill,2000,50,110,5.5500,1.319705
MTDnewhill,2000,50,111,5.6000,1.261316
MTDnewhill,2000,50,112,5.6500,1.247490
MTDnewhill,2000,50,113,5.7000,1.214720
MTDnewhill,2000,50,114,5.7500,1.211258
MTDnewhill,2000,50,115,5.8000,1.147767
MTDnewhill,2000,50,116,5.8500,1.113369
MTDnewhill,2000,50,117,5.9000,1.096739
MTDnewhill,2000,50,118,5.9500,1.079774
MTDnewhill,2000,50,119,6.0000,1.060624
MTDnewhill,2000,50,120,6.0500,1.057224
MTDnewhill,2000,50,121,6.1000,1.032391
MTDnewhill,2000,50,122,6.1500,1.028630
MTDnewhill,2000,50,123,6.2000,1.030047
MTDnewhill,2000,50,124,6.2500,1.002326
MTDnewhill,2000,50,125,6.3000,0.988061
MTDnewhill,2000,50,126,6.3500,0.946373
MTDnewhill,2000,50,127,6.4000,0.928489
MTDnewhill,2000,50,128,6.4500,0.968165
MTDnewhill,2000,50,129,6.5000,1.017473
MTDnewhill,2000,50,130,6.5500,1.073932
MTDnewhill,2000,50,131,6.6000,1.145693
MTDnewhill,2000,50,132,6.6500,1.243276
MTDnewhill,2000,50,133,6.7000,1.367748
MTDnewhill,2000,50,134,6.7500,1.492183
MTDnewhill,2000,50,135,6.8000,1.565485
MTDnewhill,2000,50,136,6.8500,1.583373
MTDnewhill,2000,50,137,6.9000,1.480799
MTDnewhill,2000,50,138,6.9500,1.479272
MTDnewhill,2000,50,139,7.0000,1.466730
MTDnewhill,2000,50,140,7.0500,1.325129
MTDnewhill,2000,50,141,7.1000,1.287322
MTDnewhill,2000,50,142,7.1500,1.214557
MTDnewhill,2000,50,143,7.2000,1.123149
MTDnewhill,2000,50,144,7.2500,1.095997
MTDnewhill,2000,50,145,7.3000,1.007547
MTDnewhill,2000,50,146,7.3500,0.924436
MTDnewhill,2000,50,147,7.4000,0.892264
MTDnewhill,2000,50,148,7.4500,0.824239
MTDnewhill,2000,50,149,7.5000,0.753780
MTDnewhill,2000,50,150,7.5500,0.723782
MTDnewhill,2000,50,151,7.6000,0.700465
MTDnewhill,2000,50,152,7.6500,0.681215
MTDnewhill,2000,50,153,7.7000,0.657804
MTDnewhill,2000,50,154,7.7500,0.634189
MTDnewhill,2000,50,155,7.8000,0.607164
MTDnewhill,2000,50,156,7.8500,0.619407
MTDnewhill,2000,50,157,7.9000,0.589258
MTDnewhill,2000,50,158,7.9500,0.531282
MTDnewhill,2000,50,159,8.0000,0.450655
MTDnewhill,2000,50,160,8.0500,0.446841
MTDnewhill,2000,50,161,8.1000,0.429409
MTDnewhill,2000,50,162,8.1500,0.429787
MTDnewhill,2000,50,163,8.2000,0.405426
MTDnewhill,2000,50,164,8.2500,0.404977
MTDnewhill,2000,50,165,8.3000,0.419648
MTDnewhill,2000,50,166,8.3500,0.377395
MTDnewhill,2000,50,167,8.4000,0.400299
MTDnewhill,2000,50,168,8.4500,0.401305
MTDnewhill,2000,50,169,8.5000,0.448981
MTDnewhill,2000,50,170,8.5500,0.535094
MTDnewhill,2000,50,171,8.6000,0.648307
MTDnewhill,2000,50,172,8.6500,0.752760
MTDnewhill,2000,50,173,8.7000,0.870680
MTDnewhill,2000,50,174,8.7500,0.988196
MTDnewhill,2000,50,175,8.8000,1.062085
MTDnewhill,2000,50,176,8.8500,1.171974
MTDnewhill,2000,50,177,8.9000,1.283089
MTDnewhill,2000,50,178,8.9500,1.335130
MTDnewhill,2000,50,179,9.0000,1.267272
MTDnewhill,2000,50,180,9.0500,1.207303
MTDnewhill,2000,50,181,9.1000,1.163466
MTDnewhill,2000,50,182,9.1500,1.033455
MTDnewhill,2000,50,183,9.2000,0.932350
MTDnewhill,2000,50,184,9.2500,0.945585
MTDnewhill,2000,50,185,9.3000,0.853808
MTDnewhill,2000,50,186,9.3500,0.857245
MTDnewhill,2000,50,187,9.4000,0.854236
MTDnewhill,2000,50,188,9.4500,0.833102
MTDnewhill,2000,50,189,9.5000,0.861574
MTDnewhill,2000,50,190,9.5500,0.822980
MTDnewhill,2000,50,191,9.6000,0.633200
MTDnewhill,2000,50,192,9.6500,0.573291
MTDnewhill,2000,50,193,9.7000,0.572359
MTDnewhill,2000,50,194,9.7500,0.558223
MTDnewhill,2000,50,195,9.8000,0.531796
MTDnewhill,2000,50,196,9.8500,0.434601
MTDnewhill,2000,50,197,9.9000,0.368353
MTDnewhill,2000,50,198,9.9500,0.318797
MTDnewhill,2000,50,199,10.0000,0.296083
MTDnewhill,3000,10,0,0.0500,14.924669
MTDnewhill,3000,10,1,0.1000,14.315555
MTDnewhill,3000,10,2,0.1500,14.076478
MTDnewhill,3000,10,3,0.2000,13.575897
MTDnewhill,3000,10,4,0.2500,13.191021
MTDnewhill,3000,10,5,0.3000,12.922266
MTDnewhill,3000,10,6,0.3500,12.724731
MTDnewhill,3000,10,7,0.4000,12.519482
MTDnewhill,3000,10,8,0.4500,12.263937
MTDnewhill,3000,10,9,0.5000,12.105622
MTDnewhill,3000,10,10,0.5500,11.956423
MTDnewhill,3000,10,11,0.6000,11.748470
MTDnewhill,3000,10,12,0.6500,11.660035
MTDnewhill,3000,10,13,0.7000,11.360025
MTDnewhill,3000,10,14,0.7500,11.262388
MTDnewhill,3000,10,15,0.8000,11.027945
MTDnewhill,3000,10,16,0.8500,11.001076
MTDnewhill,3000,10,17,0.9000,10.757087
MTDnewhill,3000,10,18,0.9500,10.511228
MTDnewhill,3000,10,19,1.0000,10.381553
MTDnewhill,3000,10,20,1.0500,10.331864
MTDnewhill,3000,10,21,1.1000,10.240950
MTDnewhill,3000,10,22,1.1500,10.010060
MTDnewhill,3000,10,23,1.2000,9.866684
MTDnewhill,3000,10,24,1.2500,9.761063
MTDnewhill,3000,10,25,1.3000,9.654921
MTDnewhill,3000,10,26,1.3500,9.656864
MTDnewhill,3000,10,27,1.4000,9.473821
MTDnewhill,3000,10,28,1.4500,9.341671
MTDnewhill,3000,10,29,1.5000,9.167223
MTDnewhill,3000,10,30,1.5500,9.125945
MTDnewhill,3000,10,31,1.6000,9.009152
MTDnewhill,3000,10,32,1.6500,8.804396
MTDnewhill,3000,10,33,1.7000,8.643591
MTDnewhill,3000,10,34,1.7500,8.538628
MTDnewhill,3000,10,35,1.8000,8.457730
MTDnewhill,3000,10,36,1.8500,8.277464
MTDnewhill,3000,10,37,1.9000,8.276756
MTDnewhill,3000,10,38,1.9500,8.085862
MTDnewhill,3000,10,39,2.0000,7.966924
MTDnewhill,3000,10,40,2.0500,7.911615
MTDnewhill,3000,10,41,2.1000,7.769947
MTDnewhill,3000,10,42,2.1500,7.652672
MTDnewhill,3000,10,43,2.2000,7.559385
MTDnewhill,3000,10,44,2.2500,7.450129
MTDnewhill,3000,10,45,2.3000,7.450033
MTDnewhill,3000,10,46,2.3500,7.353174
MTDnewhill,3000,10,47,2.4000,7.348532
MTDnewhill,3000,10,48,2.4500,7.191962
MTDnewhill,3000,10,49,2.5000,7.122792
MTDnewhill,3000,10,50,2.5500,7.041732
MTDnewhill,3000,10,51,2.6000,6.944092
MTDnewhill,3000,10,52,2.6500,6.764270
MTDnewhill,3000,10,53,2.7000,6.682785
MTDnewhill,3000,10,54,2.7500,6.660362
MTDnewhill,3000,10,55,2.8000,6.499287
MTDnewhill,3000,10,56,2.8500,6.361170
MTDnewhill,3000,10,57,2.9000,6.298283
MTDnewhill,3000,10,58,2.9500,6.258454
MTDnewhill,3000,10,59,3.0000,6.257123
MTDnewhill,3000,10,60,3.0500,6.203945
MTDnewhill,3000,10,61,3.1000,6.104334
MTDnewhill,3000,10,62,3.1500,6.047947
MTDnewhill,3000,10,63,3.2000,6.049053
MTDnewhill,3000,10,64,3.2500,6.048820
MTDnewhill,3000,10,65,3.3000,5.926551
MTDnewhill,3000,10,66,3.3500,5.924489
MTDnewhill,3000,10,67,3.4000,5.781231
MTDnewhill,3000,10,68,3.4500,5.753683
MTDnewhill,3000,10,69,3.5000,5.673448
MTDnewhill,3000,10,70,3.5500,5.584757
MTDnewhill,3000,10,71,3.6000,5.585929
MTDnewhill,3000,10,72,3.6500,5.469633
MTDnewhill,3000,10,73,3.7000,5.407241
MTDnewhill,3000,10,74,3.7500,5.301198
MTDnewhill,3000,10,75,3.8000,5.234299
MTDnewhill,3000,10,76,3.8500,5.178773
MTDnewhill,3000,10,77,3.9000,5.102074
MTDnewhill,3000,10,78,3.9500,5.066146
MTDnewhill,3000,10,79,4.0000,5.027717
MTDnewhill,3000,10,80,4.0500,4.790272
MTDnewhill,3000,10,81,4.1000,4.788331
MTDnewhill,3000,10,82,4.1500,4.754982
MTDnewhill,3000,10,83,4.2000,4.600520
MTDnewhill,3000,10,84,4.2500,4.599769
MTDnewhill,3000,10,85,4.3000,4.596864
MTDnewhill,3000,10,86,4.3500,4.595752
MTDnewhill,3000,10,87,4.4000,4.489755
MTDnewhill,3000,10,88,4.4500,4.479373
MTDnewhill,3000,10,89,4.5000,4.372012
MTDnewhill,3000,10,90,4.5500,4.294522
MTDnewhill,3000,10,91,4.6000,4.275563
MTDnewhill,3000,10,92,4.6500,4.241554
MTDnewhill,3000,10,93,4.7000,4.182828
MTDnewhill,3000,10,94,4.7500,3.967832
MTDnewhill,3000,10,95,4.8000,3.954348
MTDnewhill,3000,10,96,4.8500,3.936862
MTDnewhill,3000,10,97,4.9000,3.760734
MTDnewhill,3000,10,98,4.9500,3.631935
MTDnewhill,3000,10,99,5.0000,3.550850
MTDnewhill,3000,10,100,5.0500,3.506797
MTDnewhill,3000,10,101,5.1000,3.501403
MTDnewhill,3000,10,102,5.1500,3.497249
MTDnewhill,3000,10,103,5.2000,3.474992
MTDnewhill,3000,10,104,5.2500,3.371541
MTDnewhill,3000,10,105,5.3000,3.327860
MTDnewhill,3000,10,106,5.3500,3.273591
MTDnewhill,3000,10,107,5.4000,3.218962
MTDnewhill,3000,10,108,5.4500,3.141633
MTDnewhill,3000,10,109,5.5000,3.131938
MTDnewhill,3000,10,110,5.5500,3.102888
MTDnewhill,3000,10,111,5.6000,3.100947
MTDnewhill,3000,10,112,5.6500,3.106068
MTDnewhill,3000,10,113,5.7000,3.112268
MTDnewhill,3000,10,114,5.7500,3.114203
MTDnewhill,3000,10,115,5.8000,3.035454
MTDnewhill,3000,10,116,5.8500,3.010402
MTDnewhill,3000,10,117,5.9000,2.960791
MTDnewhill,3000,10,118,5.9500,2.934337
MTDnewhill,3000,10,119,6.0000,2.833806
MTDnewhill,3000,10,120,6.0500,2.721951
MTDnewhill,3000,10,121,6.1000,2.669918
MTDnewhill,3000,10,122,6.1500,2.608836
MTDnewhill,3000,10,123,6.2000,2.539316
MTDnewhill,3000,10,124,6.2500,2.501872
MTDnewhill,3000,10,125,6.3000,2.449456
MTDnewhill,3000,10,126,6.3500,2.433581
MTDnewhill,3000,10,127,6.4000,2.402446
MTDnewhill,3000,10,128,6.4500,2.399266
MTDnewhill,3000,10,129,6.5000,2.369368
MTDnewhill,3000,10,130,6.5500,2.320704
MTDnewhill,3000,10,131,6.6000,2.264059
MTDnewhill,3000,10,132,6.6500,2.268136
MTDnewhill,3000,10,133,6.7000,2.283343
MTDnewhill,3000,10,134,6.7500,2.263016
MTDnewhill,3000,10,135,6.8000,2.183219
MTDnewhill,3000,10,136,6.8500,2.170823
MTDnewhill,3000,10,137,6.9000,2.160890
MTDnewhill,3000,10,138,6.9500,2.086540
MTDnewhill,3000,10,139,7.0000,2.079101
MTDnewhill,3000,10,140,7.0500,2.042844
MTDnewhill,3000,10,141,7.1000,2.044121
MTDnewhill,3000,10,142,7.1500,1.998168
MTDnewhill,3000,10,143,7.2000,1.952426
MTDnewhill,3000,10,144,7.2500,1.879310
MTDnewhill,3000,10,145,7.3000,1.866821
MTDnewhill,3000,10,146,7.3500,1.787269
MTDnewhill,3000,10,147,7.4000,1.782092
MTDnewhill,3000,10,148,7.4500,1.785556
MTDnewhill,3000,10,149,7.5000,1.808751
MTDnewhill,3000,10,150,7.5500,1.838860
MTDnewhill,3000,10,151,7.6000,1.895607
MTDnewhill,3000,10,152,7.6500,1.926176
MTDnewhill,3000,10,153,7.7000,1.970922
MTDnewhill,3000,10,154,7.7500,1.988505
MTDnewhill,3000,10,155,7.8000,1.948419
MTDnewhill,3000,10,156,7.8500,1.947997
MTDnewhill,3000,10,157,7.9000,1.919016
MTDnewhill,3000,10,158,7.9500,1.831962
MTDnewhill,3000,10,159,8.0000,1.829342
MTDnewhill,3000,10,160,8.0500,1.781909
MTDnewhill,3000,10,161,8.1000,1.745240
MTDnewhill,3000,10,162,8.1500,1.719083
MTDnewhill,3000,10,163,8.2000,1.721320
MTDnewhill,3000,10,164,8.2500,1.675525
MTDnewhill,3000,10,165,8.3000,1.617884
MTDnewhill,3000,10,166,8.3500,1.574713
MTDnewhill,3000,10,167,8.4000,1.559161
MTDnewhill,3000,10,168,8.4500,1.511141
MTDnewhill,3000,10,169,8.5000,1.516478
MTDnewhill,3000,10,170,8.5500,1.489386
MTDnewhill,3000,10,171,8.6000,1.435181
MTDnewhill,3000,10,172,8.6500,1.395408
MTDnewhill,3000,10,173,8.7000,1.310931
MTDnewhill,3000,10,174,8.7500,1.291739
MTDnewhill,3000,10,175,8.8000,1.259535
MTDnewhill,3000,10,176,8.8500,1.247637
MTDnewhill,3000,10,177,8.9000,1.205129
MTDnewhill,3000,10,178,8.9500,1.153593
MTDnewhill,3000,10,179,9.0000,1.126317
MTDnewhill,3000,10,180,9.0500,1.111822
MTDnewhill,3000,10,181,9.1000,1.093834
MTDnewhill,3000,10,182,9.1500,1.054548
MTDnewhill,3000,10,183,9.2000,1.040933
MTDnewhill,3000,10,184,9.2500,1.039338
MTDnewhill,3000,10,185,9.3000,0.997445
MTDnewhill,3000,10,186,9.3500,0.967479
MTDnewhill,3000,10,187,9.4000,0.944609
MTDnewhill,3000,10,188,9.4500,0.930980
MTDnewhill,3000,10,189,9.5000,0.931135
MTDnewhill,3000,10,190,9.5500,0.932790
MTDnewhill,3000,10,191,9.6000,0.941850
MTDnewhill,3000,10,192,9.6500,0.941621
MTDnewhill,3000,10,193,9.7000,0.961591
MTDnewhill,3000,10,194,9.7500,0.954022
MTDnewhill,3000,10,195,9.8000,0.925328
MTDnewhill,3000,10,196,9.8500,0.900235
MTDnewhill,3000,10,197,9.9000,0.887204
MTDnewhill,3000,10,198,9.9500,0.862406
MTDnewhill,3000,10,199,10.0000,0.846043
MTDnewhill,3000,20,0,0.0500,14.853275
MTDnewhill,3000,20,1,0.1000,14.330550
MTDnewhill,3000,20,2,0.1500,14.064182
MTDnewhill,3000,20,3,0.2000,13.633167
MTDnewhill,3000,20,4,0.2500,13.428880
MTDnewhill,3000,20,5,0.3000,12.812014
MTDnewhill,3000,20,6,0.3500,12.730048
MTDnewhill,3000,20,7,0.4000,12.556140
MTDnewhill,3000,20,8,0.4500,12.178292
MTDnewhill,3000,20,9,0.5000,12.015559
MTDnewhill,3000,20,10,0.5500,11.860103
MTDnewhill,3000,20,11,0.6000,11.662463
MTDnewhill,3000,20,12,0.6500,11.379116
MTDnewhill,3000,20,13,0.7000,11.239681
MTDnewhill,3000,20,14,0.7500,11.062853
MTDnewhill,3000,20,15,0.8000,10.983079
MTDnewhill,3000,20,16,0.8500,10.778711
MTDnewhill,3000,20,17,0.9000,10.699638
MTDnewhill,3000,20,18,0.9500,10.572408
MTDnewhill,3000,20,19,1.0000,10.307235
MTDnewhill,3000,20,20,1.0500,10.277487
MTDnewhill,3000,20,21,1.1000,10.143098
MTDnewhill,3000,20,22,1.1500,10.003926
MTDnewhill,3000,20,23,1.2000,9.923527
MTDnewhill,3000,20,24,1.2500,9.764502
MTDnewhill,3000,20,25,1.3000,9.594191
MTDnewhill,3000,20,26,1.3500,9.550717
MTDnewhill,3000,20,27,1.4000,9.414778
MTDnewhill,3000,20,28,1.4500,9.245197
MTDnewhill,3000,20,29,1.5000,9.102037
MTDnewhill,3000,20,30,1.5500,9.006549
MTDnewhill,3000,20,31,1.6000,8.810819
MTDnewhill,3000,20,32,1.6500,8.778074
MTDnewhill,3000,20,33,1.7000,8.705690
MTDnewhill,3000,20,34,1.7500,8.546054
MTDnewhill,3000,20,35,1.8000,8.387978
MTDnewhill,3000,20,36,1.8500,8.270100
MTDnewhill,3000,20,37,1.9000,8.139344
MTDnewhill,3000,20,38,1.9500,7.936574
MTDnewhill,3000,20,39,2.0000,7.936225
MTDnewhill,3000,20,40,2.0500,7.883316
MTDnewhill,3000,20,41,2.1000,7.827300
MTDnewhill,3000,20,42,2.1500,7.797906
MTDnewhill,3000,20,43,2.2000,7.611810
MTDnewhill,3000,20,44,2.2500,7.385242
MTDnewhill,3000,20,45,2.3000,7.224582
MTDnewhill,3000,20,46,2.3500,7.222611
MTDnewhill,3000,20,47,2.4000,7.107549
MTDnewhill,3000,20,48,2.4500,7.026323
MTDnewhill,3000,20,49,2.5000,6.997096
MTDnewhill,3000,20,50,2.5500,6.950315
MTDnewhill,3000,20,51,2.6000,6.893309
MTDnewhill,3000,20,52,2.6500,6.843505
MTDnewhill,3000,20,53,2.7000,6.814768
MTDnewhill,3000,20,54,2.7500,6.728853
MTDnewhill,3000,20,55,2.8000,6.569957
MTDnewhill,3000,20,56,2.8500,6.440528
MTDnewhill,3000,20,57,2.9000,6.362400
MTDnewhill,3000,20,58,2.9500,6.253644
MTDnewhill,3000,20,59,3.0000,6.253735
MTDnewhill,3000,20,60,3.0500,6.194332
MTDnewhill,3000,20,61,3.1000,6.058917
MTDnewhill,3000,20,62,3.1500,6.011483
MTDnewhill,3000,20,63,3.2000,6.013576
MTDnewhill,3000,20,64,3.2500,5.891678
MTDnewhill,3000,20,65,3.3000,5.844677
MTDnewhill,3000,20,66,3.3500,5.846015
MTDnewhill,3000,20,67,3.4000,5.849858
MTDnewhill,3000,20,68,3.4500,5.819347
MTDnewhill,3000,20,69,3.5000,5.824445
MTDnewhill,3000,20,70,3.5500,5.698011
MTDnewhill,3000,20,71,3.6000,5.479154
MTDnewhill,3000,20,72,3.6500,5.462178
MTDnewhill,3000,20,73,3.7000,5.366634
MTDnewhill,3000,20,74,3.7500,5.229902
MTDnewhill,3000,20,75,3.8000,5.148350
MTDnewhill,3000,20,76,3.8500,5.071031
MTDnewhill,3000,20,77,3.9000,5.067208
MTDnewhill,3000,20,78,3.9500,5.067609
MTDnewhill,3000,20,79,4.0000,4.932127
MTDnewhill,3000,20,80,4.0500,4.841302
MTDnewhill,3000,20,81,4.1000,4.794803
MTDnewhill,3000,20,82,4.1500,4.765366
MTDnewhill,3000,20,83,4.2000,4.627941
MTDnewhill,3000,20,84,4.2500,4.484617
MTDnewhill,3000,20,85,4.3000,4.455380
MTDnewhill,3000,20,86,4.3500,4.447797
MTDnewhill,3000,20,87,4.4000,4.449568
MTDnewhill,3000,20,88,4.4500,4.380661
MTDnewhill,3000,20,89,4.5000,4.307246
MTDnewhill,3000,20,90,4.5500,4.237587
MTDnewhill,3000,20,91,4.6000,4.238017
MTDnewhill,3000,20,92,4.6500,4.169175
MTDnewhill,3000,20,93,4.7000,4.111540
MTDnewhill,3000,20,94,4.7500,4.074315
MTDnewhill,3000,20,95,4.8000,4.068990
MTDnewhill,3000,20,96,4.8500,4.007842
MTDnewhill,3000,20,97,4.9000,3.892025
MTDnewhill,3000,20,98,4.9500,3.743894
MTDnewhill,3000,20,99,5.0000,3.742311
MTDnewhill,3000,20,100,5.0500,3.645603
MTDnewhill,3000,20,101,5.1000,3.627280
MTDnewhill,3000,20,102,5.1500,3.528929
MTDnewhill,3000,20,103,5.2000,3.511428
MTDnewhill,3000,20,104,5.2500,3.506331
MTDnewhill,3000,20,105,5.3000,3.430612
MTDnewhill,3000,20,106,5.3500,3.332135
MTDnewhill,3000,20,107,5.4000,3.330808
MTDnewhill,3000,20,108,5.4500,3.247910
MTDnewhill,3000,20,109,5.5000,3.226616
MTDnewhill,3000,20,110,5.5500,3.225857
MTDnewhill,3000,20,111,5.6000,3.093283
MTDnewhill,3000,20,112,5.6500,3.065802
MTDnewhill,3000,20,113,5.7000,3.049791
MTDnewhill,3000,20,114,5.7500,2.882198
MTDnewhill,3000,20,115,5.8000,2.879098
MTDnewhill,3000,20,116,5.8500,2.822018
MTDnewhill,3000,20,117,5.9000,2.816938
MTDnewhill,3000,20,118,5.9500,2.813463
MTDnewhill,3000,20,119,6.0000,2.753513
MTDnewhill,3000,20,120,6.0500,2.729642
MTDnewhill,3000,20,121,6.1000,2.725746
MTDnewhill,3000,20,122,6.1500,2.700361
MTDnewhill,3000,20,123,6.2000,2.703590
MTDnewhill,3000,20,124,6.2500,2.718425
MTDnewhill,3000,20,125,6.3000,2.729737
MTDnewhill,3000,20,126,6.3500,2.651980
MTDnewhill,3000,20,127,6.4000,2.589247
MTDnewhill,3000,20,128,6.4500,2.594262
MTDnewhill,3000,20,129,6.5000,2.603060
MTDnewhill,3000,20,130,6.5500,2.523042
MTDnewhill,3000,20,131,6.6000,2.431110
MTDnewhill,3000,20,132,6.6500,2.422220
MTDnewhill,3000,20,133,6.7000,2.421102
MTDnewhill,3000,20,134,6.7500,2.395214
MTDnewhill,3000,20,135,6.8000,2.395403
MTDnewhill,3000,20,136,6.8500,2.340288
MTDnewhill,3000,20,137,6.9000,2.247686
MTDnewhill,3000,20,138,6.9500,2.212804
MTDnewhill,3000,20,139,7.0000,2.193116
MTDnewhill,3000,20,140,7.0500,2.137574
MTDnewhill,3000,20,141,7.1000,2.027511
MTDnewhill,3000,20,142,7.1500,2.031922
MTDnewhill,3000,20,143,7.2000,1.991871
MTDnewhill,3000,20,144,7.2500,1.994607
MTDnewhill,3000,20,145,7.3000,1.999608
MTDnewhill,3000,20,146,7.3500,2.008988
MTDnewhill,3000,20,147,7.4000,2.014407
MTDnewhill,3000,20,148,7.4500,1.887686
MTDnewhill,3000,20,149,7.5000,1.771211
MTDnewhill,3000,20,150,7.5500,1.778229
MTDnewhill,3000,20,151,7.6000,1.790639
MTDnewhill,3000,20,152,7.6500,1.805123
MTDnewhill,3000,20,153,7.7000,1.808134
MTDnewhill,3000,20,154,7.7500,1.776577
MTDnewhill,3000,20,155,7.8000,1.694031
MTDnewhill,3000,20,156,7.8500,1.635951
MTDnewhill,3000,20,157,7.9000,1.570104
MTDnewhill,3000,20,158,7.9500,1.555071
MTDnewhill,3000,20,159,8.0000,1.496104
MTDnewhill,3000,20,160,8.0500,1.482666
MTDnewhill,3000,20,161,8.1000,1.432438
MTDnewhill,3000,20,162,8.1500,1.399623
MTDnewhill,3000,20,163,8.2000,1.399519
MTDnewhill,3000,20,164,8.2500,1.352462
MTDnewhill,3000,20,165,8.3000,1.331496
MTDnewhill,3000,20,166,8.3500,1.326012
MTDnewhill,3000,20,167,8.4000,1.310240
MTDnewhill,3000,20,168,8.4500,1.294730
MTDnewhill,3000,20,169,8.5000,1.279618
MTDnewhill,3000,20,170,8.5500,1.266761
MTDnewhill,3000,20,171,8.6000,1.258987
MTDnewhill,3000,20,172,8.6500,1.252674
MTDnewhill,3000,20,173,8.7000,1.232681
MTDnewhill,3000,20,174,8.7500,1.211597
MTDnewhill,3000,20,175,8.8000,1.207073
MTDnewhill,3000,20,176,8.8500,1.201759
MTDnewhill,3000,20,177,8.9000,1.197812
MTDnewhill,3000,20,178,8.9500,1.196376
MTDnewhill,3000,20,179,9.0000,1.203946
MTDnewhill,3000,20,180,9.0500,1.199618
MTDnewhill,3000,20,181,9.1000,1.201735
MTDnewhill,3000,20,182,9.1500,1.186595
MTDnewhill,3000,20,183,9.2000,1.157027
MTDnewhill,3000,20,184,9.2500,1.155601
MTDnewhill,3000,20,185,9.3000,1.141683
MTDnewhill,3000,20,186,9.3500,1.120556
MTDnewhill,3000,20,187,9.4000,1.119130
MTDnewhill,3000,20,188,9.4500,1.119582
MTDnewhill,3000,20,189,9.5000,1.124073
MTDnewhill,3000,20,190,9.5500,1.135194
MTDnewhill,3000,20,191,9.6000,1.148157
MTDnewhill,3000,20,192,9.6500,1.163081
MTDnewhill,3000,20,193,9.7000,1.184187
MTDnewhill,3000,20,194,9.7500,1.164633
MTDnewhill,3000,20,195,9.8000,1.131928
MTDnewhill,3000,20,196,9.8500,1.025890
MTDnewhill,3000,20,197,9.9000,0.943106
MTDnewhill,3000,20,198,9.9500,0.874944
MTDnewhill,3000,20,199,10.0000,0.842838
MTDnewhill,3000,30,0,0.0500,14.687782
MTDnewhill,3000,30,1,0.1000,14.256880
MTDnewhill,3000,30,2,0.1500,14.041104
MTDnewhill,3000,30,3,0.2000,13.716559
MTDnewhill,3000,30,4,0.2500,13.444318
MTDnewhill,3000,30,5,0.3000,13.011700
MTDnewhill,3000,30,6,0.3500,12.624870
MTDnewhill,3000,30,7,0.4000,12.450632
MTDnewhill,3000,30,8,0.4500,12.218245
MTDnewhill,3000,30,9,0.5000,11.907843
MTDnewhill,3000,30,10,0.5500,11.859512
MTDnewhill,3000,30,11,0.6000,11.626042
MTDnewhill,3000,30,12,0.6500,11.363633
MTDnewhill,3000,30,13,0.7000,11.195468
MTDnewhill,3000,30,14,0.7500,11.000081
MTDnewhill,3000,30,15,0.8000,10.844536
MTDnewhill,3000,30,16,0.8500,10.753890
MTDnewhill,3000,30,17,0.9000,10.713668
MTDnewhill,3000,30,18,0.9500,10.550060
MTDnewhill,3000,30,19,1.0000,10.461462
MTDnewhill,3000,30,20,1.0500,10.371363
MTDnewhill,3000,30,21,1.1000,9.891250
MTDnewhill,3000,30,22,1.1500,9.853117
MTDnewhill,3000,30,23,1.2000,9.744476
MTDnewhill,3000,30,24,1.2500,9.697343
MTDnewhill,3000,30,25,1.3000,9.644197
MTDnewhill,3000,30,26,1.3500,9.487728
MTDnewhill,3000,30,27,1.4000,9.392697
MTDnewhill,3000,30,28,1.4500,9.280478
MTDnewhill,3000,30,29,1.5000,9.141275
MTDnewhill,3000,30,30,1.5500,9.087417
MTDnewhill,3000,30,31,1.6000,8.854301
MTDnewhill,3000,30,32,1.6500,8.854217
MTDnewhill,3000,30,33,1.7000,8.747263
MTDnewhill,3000,30,34,1.7500,8.651213
MTDnewhill,3000,30,35,1.8000,8.528972
MTDnewhill,3000,30,36,1.8500,8.283142
MTDnewhill,3000,30,37,1.9000,8.166221
MTDnewhill,3000,30,38,1.9500,8.011528
MTDnewhill,3000,30,39,2.0000,7.940961
MTDnewhill,3000,30,40,2.0500,7.805740
MTDnewhill,3000,30,41,2.1000,7.794236
MTDnewhill,3000,30,42,2.1500,7.664174
MTDnewhill,3000,30,43,2.2000,7.527654
MTDnewhill,3000,30,44,2.2500,7.483099
MTDnewhill,3000,30,45,2.3000,7.413875
MTDnewhill,3000,30,46,2.3500,7.395818
MTDnewhill,3000,30,47,2.4000,7.387647
MTDnewhill,3000,30,48,2.4500,7.187182
MTDnewhill,3000,30,49,2.5000,7.172227
MTDnewhill,3000,30,50,2.5500,6.993287
MTDnewhill,3000,30,51,2.6000,6.799323
MTDnewhill,3000,30,52,2.6500,6.784038
MTDnewhill,3000,30,53,2.7000,6.771977
MTDnewhill,3000,30,54,2.7500,6.669279
MTDnewhill,3000,30,55,2.8000,6.559713
MTDnewhill,3000,30,56,2.8500,6.414981
MTDnewhill,3000,30,57,2.9000,6.292059
MTDnewhill,3000,30,58,2.9500,6.248383
MTDnewhill,3000,30,59,3.0000,6.175127
MTDnewhill,3000,30,60,3.0500,6.148487
MTDnewhill,3000,30,61,3.1000,6.023153
MTDnewhill,3000,30,62,3.1500,6.021563
MTDnewhill,3000,30,63,3.2000,5.943154
MTDnewhill,3000,30,64,3.2500,5.808897
MTDnewhill,3000,30,65,3.3000,5.721735
MTDnewhill,3000,30,66,3.3500,5.569611
MTDnewhill,3000,30,67,3.4000,5.534039
MTDnewhill,3000,30,68,3.4500,5.533058
MTDnewhill,3000,30,69,3.5000,5.492704
MTDnewhill,3000,30,70,3.5500,5.398700
MTDnewhill,3000,30,71,3.6000,5.398477
MTDnewhill,3000,30,72,3.6500,5.336690
MTDnewhill,3000,30,73,3.7000,5.247718
MTDnewhill,3000,30,74,3.7500,5.194450
MTDnewhill,3000,30,75,3.8000,5.156712
MTDnewhill,3000,30,76,3.8500,5.081712
MTDnewhill,3000,30,77,3.9000,4.956329
MTDnewhill,3000,30,78,3.9500,4.881584
MTDnewhill,3000,30,79,4.0000,4.882203
MTDnewhill,3000,30,80,4.0500,4.834750
MTDnewhill,3000,30,81,4.1000,4.705159
MTDnewhill,3000,30,82,4.1500,4.626013
MTDnewhill,3000,30,83,4.2000,4.551733
MTDnewhill,3000,30,84,4.2500,4.495332
MTDnewhill,3000,30,85,4.3000,4.494011
MTDnewhill,3000,30,86,4.3500,4.381575
MTDnewhill,3000,30,87,4.4000,4.275630
MTDnewhill,3000,30,88,4.4500,4.225965
MTDnewhill,3000,30,89,4.5000,4.193660
MTDnewhill,3000,30,90,4.5500,4.086649
MTDnewhill,3000,30,91,4.6000,4.085317
MTDnewhill,3000,30,92,4.6500,4.023045
MTDnewhill,3000,30,93,4.7000,4.023173
MTDnewhill,3000,30,94,4.7500,4.004318
MTDnewhill,3000,30,95,4.8000,3.947222
MTDnewhill,3000,30,96,4.8500,3.948587
MTDnewhill,3000,30,97,4.9000,3.892257
MTDnewhill,3000,30,98,4.9500,3.864395
MTDnewhill,3000,30,99,5.0000,3.711462
MTDnewhill,3000,30,100,5.0500,3.608669
MTDnewhill,3000,30,101,5.1000,3.579138
MTDnewhill,3000,30,102,5.1500,3.514514
MTDnewhill,3000,30,103,5.2000,3.514624
MTDnewhill,3000,30,104,5.2500,3.514992
MTDnewhill,3000,30,105,5.3000,3.516714
MTDnewhill,3000,30,106,5.3500,3.495782
MTDnewhill,3000,30,107,5.4000,3.444857
MTDnewhill,3000,30,108,5.4500,3.442238
MTDnewhill,3000,30,109,5.5000,3.286697
MTDnewhill,3000,30,110,5.5500,3.256621
MTDnewhill,3000,30,111,5.6000,3.226842
MTDnewhill,3000,30,112,5.6500,3.096690
MTDnewhill,3000,30,113,5.7000,2.983509
MTDnewhill,3000,30,114,5.7500,2.973654
MTDnewhill,3000,30,115,5.8000,2.949041
MTDnewhill,3000,30,116,5.8500,2.942644
MTDnewhill,3000,30,117,5.9000,2.940554
MTDnewhill,3000,30,118,5.9500,2.918245
MTDnewhill,3000,30,119,6.0000,2.857769
MTDnewhill,3000,30,120,6.0500,2.758580
MTDnewhill,3000,30,121,6.1000,2.757425
MTDnewhill,3000,30,122,6.1500,2.757614
MTDnewhill,3000,30,123,6.2000,2.756847
MTDnewhill,3000,30,124,6.2500,2.702129
MTDnewhill,3000,30,125,6.3000,2.574274
MTDnewhill,3000,30,126,6.3500,2.552793
MTDnewhill,3000,30,127,6.4000,2.478819
MTDnewhill,3000,30,128,6.4500,2.476102
MTDnewhill,3000,30,129,6.5000,2.379363
MTDnewhill,3000,30,130,6.5500,2.322249
MTDnewhill,3000,30,131,6.6000,2.254291
MTDnewhill,3000,30,132,6.6500,2.185239
MTDnewhill,3000,30,133,6.7000,2.155756
MTDnewhill,3000,30,134,6.7500,2.133917
MTDnewhill,3000,30,135,6.8000,2.104304
MTDnewhill,3000,30,136,6.8500,2.063602
MTDnewhill,3000,30,137,6.9000,2.012012
MTDnewhill,3000,30,138,6.9500,1.970024
MTDnewhill,3000,30,139,7.0000,1.946320
MTDnewhill,3000,30,140,7.0500,1.924992
MTDnewhill,3000,30,141,7.1000,1.883434
MTDnewhill,3000,30,142,7.1500,1.866497
MTDnewhill,3000,30,143,7.2000,1.859020
MTDnewhill,3000,30,144,7.2500,1.810103
MTDnewhill,3000,30,145,7.3000,1.802326
MTDnewhill,3000,30,146,7.3500,1.790640
MTDnewhill,3000,30,147,7.4000,1.776504
MTDnewhill,3000,30,148,7.4500,1.753835
MTDnewhill,3000,30,149,7.5000,1.748845
MTDnewhill,3000,30,150,7.5500,1.749519
MTDnewhill,3000,30,151,7.6000,1.753399
MTDnewhill,3000,30,152,7.6500,1.758368
MTDnewhill,3000,30,153,7.7000,1.682360
MTDnewhill,3000,30,154,7.7500,1.644630
MTDnewhill,3000,30,155,7.8000,1.617663
MTDnewhill,3000,30,156,7.8500,1.612475
MTDnewhill,3000,30,157,7.9000,1.618254
MTDnewhill,3000,30,158,7.9500,1.633915
MTDnewhill,3000,30,159,8.0000,1.643136
MTDnewhill,3000,30,160,8.0500,1.652615
MTDnewhill,3000,30,161,8.1000,1.663777
MTDnewhill,3000,30,162,8.1500,1.680493
MTDnewhill,3000,30,163,8.2000,1.584368
MTDnewhill,3000,30,164,8.2500,1.503791
MTDnewhill,3000,30,165,8.3000,1.505960
MTDnewhill,3000,30,166,8.3500,1.487328
MTDnewhill,3000,30,167,8.4000,1.487151
MTDnewhill,3000,30,168,8.4500,1.487888
MTDnewhill,3000,30,169,8.5000,1.489423
MTDnewhill,3000,30,170,8.5500,1.450795
MTDnewhill,3000,30,171,8.6000,1.393733
MTDnewhill,3000,30,172,8.6500,1.300327
MTDnewhill,3000,30,173,8.7000,1.256715
MTDnewhill,3000,30,174,8.7500,1.233578
MTDnewhill,3000,30,175,8.8000,1.217211
MTDnewhill,3000,30,176,8.8500,1.215598
MTDnewhill,3000,30,177,8.9000,1.219416
MTDnewhill,3000,30,178,8.9500,1.229817
MTDnewhill,3000,30,179,9.0000,1.234900
MTDnewhill,3000,30,180,9.0500,1.236533
MTDnewhill,3000,30,181,9.1000,1.245403
MTDnewhill,3000,30,182,9.1500,1.257972
MTDnewhill,3000,30,183,9.2000,1.245001
MTDnewhill,3000,30,184,9.2500,1.156601
MTDnewhill,3000,30,185,9.3000,1.101924
MTDnewhill,3000,30,186,9.3500,1.059823
MTDnewhill,3000,30,187,9.4000,1.036265
MTDnewhill,3000,30,188,9.4500,1.029249
MTDnewhill,3000,30,189,9.5000,1.029372
MTDnewhill,3000,30,190,9.5500,1.026657
MTDnewhill,3000,30,191,9.6000,1.026713
MTDnewhill,3000,30,192,9.6500,1.021930
MTDnewhill,3000,30,193,9.7000,1.017902
MTDnewhill,3000,30,194,9.7500,1.018803
MTDnewhill,3000,30,195,9.8000,1.030212
MTDnewhill,3000,30,196,9.8500,1.054635
MTDnewhill,3000,30,197,9.9000,1.055905
MTDnewhill,3000,30,198,9.9500,1.073369
MTDnewhill,3000,30,199,10.0000,1.070711
MTDnewhill,3000,40,0,0.0500,14.756412
MTDnewhill,3000,40,1,0.1000,14.360057
MTDnewhill,3000,40,2,0.1500,13.991017
MTDnewhill,3000,40,3,0.2000,13.620184
MTDnewhill,3000,40,4,0.2500,13.330740
MTDnewhill,3000,40,5,0.3000,12.968036
MTDnewhill,3000,40,6,0.3500,12.618776
MTDnewhill,3000,40,7,0.4000,12.341251
MTDnewhill,3000,40,8,0.4500,12.086495
MTDnewhill,3000,40,9,0.5000,12.019077
MTDnewhill,3000,40,10,0.5500,11.893350
MTDnewhill,3000,40,11,0.6000,11.750530
MTDnewhill,3000,40,12,0.6500,11.621411
MTDnewhill,3000,40,13,0.7000,11.391307
MTDnewhill,3000,40,14,0.7500,11.370802
MTDnewhill,3000,40,15,0.8000,11.290665
MTDnewhill,3000,40,16,0.8500,11.057215
MTDnewhill,3000,40,17,0.9000,10.854751
MTDnewhill,3000,40,18,0.9500,10.672489
MTDnewhill,3000,40,19,1.0000,10.557604
MTDnewhill,3000,40,20,1.0500,10.297967
MTDnewhill,3000,40,21,1.1000,10.209496
MTDnewhill,3000,40,22,1.1500,10.025231
MTDnewhill,3000,40,23,1.2000,9.874995
MTDnewhill,3000,40,24,1.2500,9.801457
MTDnewhill,3000,40,25,1.3000,9.561125
MTDnewhill,3000,40,26,1.3500,9.417643
MTDnewhill,3000,40,27,1.4000,9.409373
MTDnewhill,3000,40,28,1.4500,9.223262
MTDnewhill,3000,40,29,1.5000,9.021790
MTDnewhill,3000,40,30,1.5500,8.824047
MTDnewhill,3000,40,31,1.6000,8.721364
MTDnewhill,3000,40,32,1.6500,8.684389
MTDnewhill,3000,40,33,1.7000,8.621550
MTDnewhill,3000,40,34,1.7500,8.561611
MTDnewhill,3000,40,35,1.8000,8.420060
MTDnewhill,3000,40,36,1.8500,8.274029
MTDnewhill,3000,40,37,1.9000,8.248588
MTDnewhill,3000,40,38,1.9500,8.081976
MTDnewhill,3000,40,39,2.0000,8.051117
MTDnewhill,3000,40,40,2.0500,8.038301
MTDnewhill,3000,40,41,2.1000,7.929515
MTDnewhill,3000,40,42,2.1500,7.858012
MTDnewhill,3000,40,43,2.2000,7.691240
MTDnewhill,3000,40,44,2.2500,7.691553
MTDnewhill,3000,40,45,2.3000,7.528437
MTDnewhill,3000,40,46,2.3500,7.329492
MTDnewhill,3000,40,47,2.4000,7.249932
MTDnewhill,3000,40,48,2.4500,7.246788
MTDnewhill,3000,40,49,2.5000,7.170692
MTDnewhill,3000,40,50,2.5500,6.974929
MTDnewhill,3000,40,51,2.6000,6.963163
MTDnewhill,3000,40,52,2.6500,6.818989
MTDnewhill,3000,40,53,2.7000,6.684166
MTDnewhill,3000,40,54,2.7500,6.502941
MTDnewhill,3000,40,55,2.8000,6.500809
MTDnewhill,3000,40,56,2.8500,6.356990
MTDnewhill,3000,40,57,2.9000,6.304217
MTDnewhill,3000,40,58,2.9500,6.265147
MTDnewhill,3000,40,59,3.0000,6.252952
MTDnewhill,3000,40,60,3.0500,6.178563
MTDnewhill,3000,40,61,3.1000,6.104118
MTDnewhill,3000,40,62,3.1500,6.009458
MTDnewhill,3000,40,63,3.2000,5.958192
MTDnewhill,3000,40,64,3.2500,5.911907
MTDnewhill,3000,40,65,3.3000,5.850035
MTDnewhill,3000,40,66,3.3500,5.766862
MTDnewhill,3000,40,67,3.4000,5.690327
MTDnewhill,3000,40,68,3.4500,5.593225
MTDnewhill,3000,40,69,3.5000,5.498653
MTDnewhill,3000,40,70,3.5500,5.451691
MTDnewhill,3000,40,71,3.6000,5.301261
MTDnewhill,3000,40,72,3.6500,5.220539
MTDnewhill,3000,40,73,3.7000,5.217542
MTDnewhill,3000,40,74,3.7500,5.194532
MTDnewhill,3000,40,75,3.8000,5.121426
MTDnewhill,3000,40,76,3.8500,5.123863
MTDnewhill,3000,40,77,3.9000,5.127893
MTDnewhill,3000,40,78,3.9500,5.103425
MTDnewhill,3000,40,79,4.0000,4.982184
MTDnewhill,3000,40,80,4.0500,4.836910
MTDnewhill,3000,40,81,4.1000,4.803354
MTDnewhill,3000,40,82,4.1500,4.765747
MTDnewhill,3000,40,83,4.2000,4.681348
MTDnewhill,3000,40,84,4.2500,4.667546
MTDnewhill,3000,40,85,4.3000,4.560354
MTDnewhill,3000,40,86,4.3500,4.512768
MTDnewhill,3000,40,87,4.4000,4.482093
MTDnewhill,3000,40,88,4.4500,4.486286
MTDnewhill,3000,40,89,4.5000,4.491697
MTDnewhill,3000,40,90,4.5500,4.440755
MTDnewhill,3000,40,91,4.6000,4.374562
MTDnewhill,3000,40,92,4.6500,4.328044
MTDnewhill,3000,40,93,4.7000,4.258692
MTDnewhill,3000,40,94,4.7500,4.199567
MTDnewhill,3000,40,95,4.8000,4.200847
MTDnewhill,3000,40,96,4.8500,4.121062
MTDnewhill,3000,40,97,4.9000,3.958201
MTDnewhill,3000,40,98,4.9500,3.861279
MTDnewhill,3000,40,99,5.0000,3.792080
MTDnewhill,3000,40,100,5.0500,3.717422
MTDnewhill,3000,40,101,5.1000,3.720454
MTDnewhill,3000,40,102,5.1500,3.674708
MTDnewhill,3000,40,103,5.2000,3.542492
MTDnewhill,3000,40,104,5.2500,3.509100
MTDnewhill,3000,40,105,5.3000,3.471443
MTDnewhill,3000,40,106,5.3500,3.365225
MTDnewhill,3000,40,107,5.4000,3.325458
MTDnewhill,3000,40,108,5.4500,3.282989
MTDnewhill,3000,40,109,5.5000,3.238310
MTDnewhill,3000,40,110,5.5500,3.211235
MTDnewhill,3000,40,111,5.6000,3.129590
MTDnewhill,3000,40,112,5.6500,3.054118
MTDnewhill,3000,40,113,5.7000,3.054718
MTDnewhill,3000,40,114,5.7500,3.005311
MTDnewhill,3000,40,115,5.8000,3.002757
MTDnewhill,3000,40,116,5.8500,3.002489
MTDnewhill,3000,40,117,5.9000,2.898880
MTDnewhill,3000,40,118,5.9500,2.853411
MTDnewhill,3000,40,119,6.0000,2.751936
MTDnewhill,3000,40,120,6.0500,2.746051
MTDnewhill,3000,40,121,6.1000,2.744468
MTDnewhill,3000,40,122,6.1500,2.660214
MTDnewhill,3000,40,123,6.2000,2.652948
MTDnewhill,3000,40,124,6.2500,2.653727
MTDnewhill,3000,40,125,6.3000,2.593988
MTDnewhill,3000,40,126,6.3500,2.595800
MTDnewhill,3000,40,127,6.4000,2.599258
MTDnewhill,3000,40,128,6.4500,2.611368
MTDnewhill,3000,40,129,6.5000,2.626415
MTDnewhill,3000,40,130,6.5500,2.570204
MTDnewhill,3000,40,131,6.6000,2.500851
MTDnewhill,3000,40,132,6.6500,2.439723
MTDnewhill,3000,40,133,6.7000,2.410955
MTDnewhill,3000,40,134,6.7500,2.378438
MTDnewhill,3000,40,135,6.8000,2.356624
MTDnewhill,3000,40,136,6.8500,2.224748
MTDnewhill,3000,40,137,6.9000,2.110362
MTDnewhill,3000,40,138,6.9500,2.084376
MTDnewhill,3000,40,139,7.0000,2.110495
MTDnewhill,3000,40,140,7.0500,2.141262
MTDnewhill,3000,40,141,7.1000,2.191908
MTDnewhill,3000,40,142,7.1500,2.211887
MTDnewhill,3000,40,143,7.2000,2.173664
MTDnewhill,3000,40,144,7.2500,2.096980
MTDnewhill,3000,40,145,7.3000,2.077793
MTDnewhill,3000,40,146,7.3500,1.987838
MTDnewhill,3000,40,147,7.4000,1.989044
MTDnewhill,3000,40,148,7.4500,1.952158
MTDnewhill,3000,40,149,7.5000,1.904496
MTDnewhill,3000,40,150,7.5500,1.878471
MTDnewhill,3000,40,151,7.6000,1.769811
MTDnewhill,3000,40,152,7.6500,1.748027
MTDnewhill,3000,40,153,7.7000,1.681633
MTDnewhill,3000,40,154,7.7500,1.668006
MTDnewhill,3000,40,155,7.8000,1.655036
MTDnewhill,3000,40,156,7.8500,1.572373
MTDnewhill,3000,40,157,7.9000,1.555844
MTDnewhill,3000,40,158,7.9500,1.508973
MTDnewhill,3000,40,159,8.0000,1.504269
MTDnewhill,3000,40,160,8.0500,1.467135
MTDnewhill,3000,40,161,8.1000,1.445176
MTDnewhill,3000,40,162,8.1500,1.444153
MTDnewhill,3000,40,163,8.2000,1.438524
MTDnewhill,3000,40,164,8.2500,1.387495
MTDnewhill,3000,40,165,8.3000,1.371871
MTDnewhill,3000,40,166,8.3500,1.326000
MTDnewhill,3000,40,167,8.4000,1.312553
MTDnewhill,3000,40,168,8.4500,1.291364
MTDnewhill,3000,40,169,8.5000,1.279705
MTDnewhill,3000,40,170,8.5500,1.244080
MTDnewhill,3000,40,171,8.6000,1.206753
MTDnewhill,3000,40,172,8.6500,1.194068
MTDnewhill,3000,40,173,8.7000,1.185917
MTDnewhill,3000,40,174,8.7500,1.182705
MTDnewhill,3000,40,175,8.8000,1.163655
MTDnewhill,3000,40,176,8.8500,1.157791
MTDnewhill,3000,40,177,8.9000,1.153287
MTDnewhill,3000,40,178,8.9500,1.154124
MTDnewhill,3000,40,179,9.0000,1.103232
MTDnewhill,3000,40,180,9.0500,1.072195
MTDnewhill,3000,40,181,9.1000,1.056179
MTDnewhill,3000,40,182,9.1500,1.050891
MTDnewhill,3000,40,183,9.2000,1.039371
MTDnewhill,3000,40,184,9.2500,0.996545
MTDnewhill,3000,40,185,9.3000,0.966100
MTDnewhill,3000,40,186,9.3500,0.938353
MTDnewhill,3000,40,187,9.4000,0.954648
MTDnewhill,3000,40,188,9.4500,0.960241
MTDnewhill,3000,40,189,9.5000,0.989239
MTDnewhill,3000,40,190,9.5500,1.011492
MTDnewhill,3000,40,191,9.6000,1.051357
MTDnewhill,3000,40,192,9.6500,1.112374
MTDnewhill,3000,40,193,9.7000,1.141220
MTDnewhill,3000,40,194,9.7500,1.138383
MTDnewhill,3000,40,195,9.8000,1.138936
MTDnewhill,3000,40,196,9.8500,1.122233
MTDnewhill,3000,40,197,9.9000,1.071082
MTDnewhill,3000,40,198,9.9500,1.071586
MTDnewhill,3000,40,199,10.0000,1.009664
MTDnewhill,3000,50,0,0.0500,14.868213
MTDnewhill,3000,50,1,0.1000,14.358983
MTDnewhill,3000,50,2,0.1500,14.001066
MTDnewhill,3000,50,3,0.2000,13.661310
MTDnewhill,3000,50,4,0.2500,13.435129
MTDnewhill,3000,50,5,0.3000,13.208678
MTDnewhill,3000,50,6,0.3500,12.908502
MTDnewhill,3000,50,7,0.4000,12.675341
MTDnewhill,3000,50,8,0.4500,12.428404
MTDnewhill,3000,50,9,0.5000,12.142854
MTDnewhill,3000,50,10,0.5500,11.814942
MTDnewhill,3000,50,11,0.6000,11.709705
MTDnewhill,3000,50,12,0.6500,11.563389
MTDnewhill,3000,50,13,0.7000,11.368850
MTDnewhill,3000,50,14,0.7500,11.118064
MTDnewhill,3000,50,15,0.8000,10.889416
MTDnewhill,3000,50,16,0.8500,10.697982
MTDnewhill,3000,50,17,0.9000,10.504261
MTDnewhill,3000,50,18,0.9500,10.503531
MTDnewhill,3000,50,19,1.0000,10.380517
MTDnewhill,3000,50,20,1.0500,10.243867
MTDnewhill,3000,50,21,1.1000,9.971706
MTDnewhill,3000,50,22,1.1500,9.949430
MTDnewhill,3000,50,23,1.2000,9.781001
MTDnewhill,3000,50,24,1.2500,9.620344
MTDnewhill,3000,50,25,1.3000,9.538636
MTDnewhill,3000,50,26,1.3500,9.531329
MTDnewhill,3000,50,27,1.4000,9.442944
MTDnewhill,3000,50,28,1.4500,9.305831
MTDnewhill,3000,50,29,1.5000,9.098989
MTDnewhill,3000,50,30,1.5500,8.981153
MTDnewhill,3000,50,31,1.6000,8.927537
MTDnewhill,3000,50,32,1.6500,8.842250
MTDnewhill,3000,50,33,1.7000,8.683099
MTDnewhill,3000,50,34,1.7500,8.601771
MTDnewhill,3000,50,35,1.8000,8.587217
MTDnewhill,3000,50,36,1.8500,8.461350
MTDnewhill,3000,50,37,1.9000,8.385214
MTDnewhill,3000,50,38,1.9500,8.250719
MTDnewhill,3000,50,39,2.0000,8.107645
MTDnewhill,3000,50,40,2.0500,8.054749
MTDnewhill,3000,50,41,2.1000,7.964950
MTDnewhill,3000,50,42,2.1500,7.847300
MTDnewhill,3000,50,43,2.2000,7.741306
MTDnewhill,3000,50,44,2.2500,7.740475
MTDnewhill,3000,50,45,2.3000,7.572456
MTDnewhill,3000,50,46,2.3500,7.449837
MTDnewhill,3000,50,47,2.4000,7.224113
MTDnewhill,3000,50,48,2.4500,7.056352
MTDnewhill,3000,50,49,2.5000,6.975816
MTDnewhill,3000,50,50,2.5500,6.975250
MTDnewhill,3000,50,51,2.6000,6.902332
MTDnewhill,3000,50,52,2.6500,6.829303
MTDnewhill,3000,50,53,2.7000,6.717379
MTDnewhill,3000,50,54,2.7500,6.717278
MTDnewhill,3000,50,55,2.8000,6.718238
MTDnewhill,3000,50,56,2.8500,6.598895
MTDnewhill,3000,50,57,2.9000,6.527738
MTDnewhill,3000,50,58,2.9500,6.444354
MTDnewhill,3000,50,59,3.0000,6.366504
MTDnewhill,3000,50,60,3.0500,6.226646
MTDnewhill,3000,50,61,3.1000,6.141861
MTDnewhill,3000,50,62,3.1500,5.984102
MTDnewhill,3000,50,63,3.2000,5.889020
MTDnewhill,3000,50,64,3.2500,5.842864
MTDnewhill,3000,50,65,3.3000,5.774527
MTDnewhill,3000,50,66,3.3500,5.601465
MTDnewhill,3000,50,67,3.4000,5.600836
MTDnewhill,3000,50,68,3.4500,5.520562
MTDnewhill,3000,50,69,3.5000,5.515370
MTDnewhill,3000,50,70,3.5500,5.506765
MTDnewhill,3000,50,71,3.6000,5.506682
MTDnewhill,3000,50,72,3.6500,5.511849
MTDnewhill,3000,50,73,3.7000,5.385606
MTDnewhill,3000,50,74,3.7500,5.259339
MTDnewhill,3000,50,75,3.8000,5.194716
MTDnewhill,3000,50,76,3.8500,5.196811
MTDnewhill,3000,50,77,3.9000,5.160568
MTDnewhill,3000,50,78,3.9500,4.932833
MTDnewhill,3000,50,79,4.0000,4.816637
MTDnewhill,3000,50,80,4.0500,4.749246
MTDnewhill,3000,50,81,4.1000,4.694890
MTDnewhill,3000,50,82,4.1500,4.659536
MTDnewhill,3000,50,83,4.2000,4.622214
MTDnewhill,3000,50,84,4.2500,4.537576
MTDnewhill,3000,50,85,4.3000,4.437716
MTDnewhill,3000,50,86,4.3500,4.362228
MTDnewhill,3000,50,87,4.4000,4.363508
MTDnewhill,3000,50,88,4.4500,4.328867
MTDnewhill,3000,50,89,4.5000,4.311726
MTDnewhill,3000,50,90,4.5500,4.194611
MTDnewhill,3000,50,91,4.6000,4.120350
MTDnewhill,3000,50,92,4.6500,4.106862
MTDnewhill,3000,50,93,4.7000,4.077997
MTDnewhill,3000,50,94,4.7500,3.996601
MTDnewhill,3000,50,95,4.8000,3.996500
MTDnewhill,3000,50,96,4.8500,3.997367
MTDnewhill,3000,50,97,4.9000,3.849564
MTDnewhill,3000,50,98,4.9500,3.771258
MTDnewhill,3000,50,99,5.0000,3.717134
MTDnewhill,3000,50,100,5.0500,3.705176
MTDnewhill,3000,50,101,5.1000,3.678704
MTDnewhill,3000,50,102,5.1500,3.595595
MTDnewhill,3000,50,103,5.2000,3.535235
MTDnewhill,3000,50,104,5.2500,3.497515
MTDnewhill,3000,50,105,5.3000,3.430419
MTDnewhill,3000,50,106,5.3500,3.414053
MTDnewhill,3000,50,107,5.4000,3.361859
MTDnewhill,3000,50,108,5.4500,3.255533
MTDnewhill,3000,50,109,5.5000,3.258748
MTDnewhill,3000,50,110,5.5500,3.119938
MTDnewhill,3000,50,111,5.6000,3.046336
MTDnewhill,3000,50,112,5.6500,2.977001
MTDnewhill,3000,50,113,5.7000,2.938600
MTDnewhill,3000,50,114,5.7500,2.936227
MTDnewhill,3000,50,115,5.8000,2.937239
MTDnewhill,3000,50,116,5.8500,2.844374
MTDnewhill,3000,50,117,5.9000,2.804414
MTDnewhill,3000,50,118,5.9500,2.785386
MTDnewhill,3000,50,119,6.0000,2.730055
MTDnewhill,3000,50,120,6.0500,2.696632
MTDnewhill,3000,50,121,6.1000,2.656381
MTDnewhill,3000,50,122,6.1500,2.569199
MTDnewhill,3000,50,123,6.2000,2.523137
MTDnewhill,3000,50,124,6.2500,2.493432
MTDnewhill,3000,50,125,6.3000,2.491863
MTDnewhill,3000,50,126,6.3500,2.434005
MTDnewhill,3000,50,127,6.4000,2.414084
MTDnewhill,3000,50,128,6.4500,2.383245
MTDnewhill,3000,50,129,6.5000,2.332526
MTDnewhill,3000,50,130,6.5500,2.280860
MTDnewhill,3000,50,131,6.6000,2.238309
MTDnewhill,3000,50,132,6.6500,2.225565
MTDnewhill,3000,50,133,6.7000,2.213631
MTDnewhill,3000,50,134,6.7500,2.169773
MTDnewhill,3000,50,135,6.8000,2.152909
MTDnewhill,3000,50,136,6.8500,2.072960
MTDnewhill,3000,50,137,6.9000,1.980259
MTDnewhill,3000,50,138,6.9500,1.958565
MTDnewhill,3000,50,139,7.0000,1.924462
MTDnewhill,3000,50,140,7.0500,1.910328
MTDnewhill,3000,50,141,7.1000,1.875218
MTDnewhill,3000,50,142,7.1500,1.866193
MTDnewhill,3000,50,143,7.2000,1.854395
MTDnewhill,3000,50,144,7.2500,1.792960
MTDnewhill,3000,50,145,7.3000,1.777842
MTDnewhill,3000,50,146,7.3500,1.734111
MTDnewhill,3000,50,147,7.4000,1.680347
MTDnewhill,3000,50,148,7.4500,1.674055
MTDnewhill,3000,50,149,7.5000,1.639335
MTDnewhill,3000,50,150,7.5500,1.625355
MTDnewhill,3000,50,151,7.6000,1.592908
MTDnewhill,3000,50,152,7.6500,1.583184
MTDnewhill,3000,50,153,7.7000,1.570282
MTDnewhill,3000,50,154,7.7500,1.561340
MTDnewhill,3000,50,155,7.8000,1.546093
MTDnewhill,3000,50,156,7.8500,1.511317
MTDnewhill,3000,50,157,7.9000,1.474827
MTDnewhill,3000,50,158,7.9500,1.421650
MTDnewhill,3000,50,159,8.0000,1.421021
MTDnewhill,3000,50,160,8.0500,1.418681
MTDnewhill,3000,50,161,8.1000,1.398344
MTDnewhill,3000,50,162,8.1500,1.380447
MTDnewhill,3000,50,163,8.2000,1.367605
MTDnewhill,3000,50,164,8.2500,1.363369
MTDnewhill,3000,50,165,8.3000,1.354220
MTDnewhill,3000,50,166,8.3500,1.344928
MTDnewhill,3000,50,167,8.4000,1.345088
MTDnewhill,3000,50,168,8.4500,1.324939
MTDnewhill,3000,50,169,8.5000,1.290267
MTDnewhill,3000,50,170,8.5500,1.277173
MTDnewhill,3000,50,171,8.6000,1.268678
MTDnewhill,3000,50,172,8.6500,1.258296
MTDnewhill,3000,50,173,8.7000,1.233281
MTDnewhill,3000,50,174,8.7500,1.232481
MTDnewhill,3000,50,175,8.8000,1.230053
MTDnewhill,3000,50,176,8.8500,1.219096
MTDnewhill,3000,50,177,8.9000,1.219850
MTDnewhill,3000,50,178,8.9500,1.223358
MTDnewhill,3000,50,179,9.0000,1.249551
MTDnewhill,3000,50,180,9.0500,1.255251
MTDnewhill,3000,50,181,9.1000,1.229707
MTDnewhill,3000,50,182,9.1500,1.201243
MTDnewhill,3000,50,183,9.2000,1.134679
MTDnewhill,3000,50,184,9.2500,1.058794
MTDnewhill,3000,50,185,9.3000,0.998656
MTDnewhill,3000,50,186,9.3500,0.954352
MTDnewhill,3000,50,187,9.4000,0.948622
MTDnewhill,3000,50,188,9.4500,0.924880
MTDnewhill,3000,50,189,9.5000,0.907009
MTDnewhill,3000,50,190,9.5500,0.895217
MTDnewhill,3000,50,191,9.6000,0.885005
MTDnewhill,3000,50,192,9.6500,0.879237
MTDnewhill,3000,50,193,9.7000,0.874959
MTDnewhill,3000,50,194,9.7500,0.860091
MTDnewhill,3000,50,195,9.8000,0.837574
MTDnewhill,3000,50,196,9.8500,0.817501
MTDnewhill,3000,50,197,9.9000,0.808669
MTDnewhill,3000,50,198,9.9500,0.814956
MTDnewhill,3000,50,199,10.0000,0.852453
MTDnewhill,500,10,0,0.0500,13.050457
MTDnewhill,500,10,1,0.1000,12.109880
MTDnewhill,500,10,2,0.1500,10.840030
MTDnewhill,500,10,3,0.2000,9.769680
MTDnewhill,500,10,4,0.2500,9.016343
MTDnewhill,500,10,5,0.3000,8.521453
MTDnewhill,500,10,6,0.3500,7.708088
MTDnewhill,500,10,7,0.4000,7.166428
MTDnewhill,500,10,8,0.4500,6.641228
MTDnewhill,500,10,9,0.5000,6.310668
MTDnewhill,500,10,10,0.5500,5.803103
MTDnewhill,500,10,11,0.6000,5.652705
MTDnewhill,500,10,12,0.6500,5.424210
MTDnewhill,500,10,13,0.7000,4.697531
MTDnewhill,500,10,14,0.7500,4.076716
MTDnewhill,500,10,15,0.8000,3.945835
MTDnewhill,500,10,16,0.8500,3.955214
MTDnewhill,500,10,17,0.9000,3.566414
MTDnewhill,500,10,18,0.9500,3.158472
MTDnewhill,500,10,19,1.0000,2.775196
MTDnewhill,500,10,20,1.0500,2.477985
MTDnewhill,500,10,21,1.1000,2.294654
MTDnewhill,500,10,22,1.1500,2.252324
MTDnewhill,500,10,23,1.2000,2.370440
MTDnewhill,500,10,24,1.2500,2.724206
MTDnewhill,500,10,25,1.3000,3.116814
MTDnewhill,500,10,26,1.3500,2.903414
MTDnewhill,500,10,27,1.4000,2.111767
MTDnewhill,500,10,28,1.4500,1.979205
MTDnewhill,500,10,29,1.5000,2.022369
MTDnewhill,500,10,30,1.5500,1.867043
MTDnewhill,500,10,31,1.6000,1.627633
MTDnewhill,500,10,32,1.6500,1.186065
MTDnewhill,500,10,33,1.7000,1.056297
MTDnewhill,500,10,34,1.7500,1.320794
MTDnewhill,500,10,35,1.8000,1.774633
MTDnewhill,500,10,36,1.8500,2.183965
MTDnewhill,500,10,37,1.9000,2.521323
MTDnewhill,500,10,38,1.9500,2.903417
MTDnewhill,500,10,39,2.0000,3.331691
MTDnewhill,500,10,40,2.0500,3.741776
MTDnewhill,500,10,41,2.1000,4.175077
MTDnewhill,500,10,42,2.1500,4.471992
MTDnewhill,500,10,43,2.2000,4.836073
MTDnewhill,500,10,44,2.2500,5.160778
MTDnewhill,500,10,45,2.3000,5.142257
MTDnewhill,500,10,46,2.3500,4.897081
MTDnewhill,500,10,47,2.4000,4.838866
MTDnewhill,500,10,48,2.4500,4.504589
MTDnewhill,500,10,49,2.5000,3.944179
MTDnewhill,500,10,50,2.5500,3.514287
MTDnewhill,500,10,51,2.6000,3.366983
MTDnewhill,500,10,52,2.6500,3.243049
MTDnewhill,500,10,53,2.7000,3.346296
MTDnewhill,500,10,54,2.7500,2.865089
MTDnewhill,500,10,55,2.8000,2.550015
MTDnewhill,500,10,56,2.8500,2.399944
MTDnewhill,500,10,57,2.9000,2.154997
MTDnewhill,500,10,58,2.9500,1.885272
MTDnewhill,500,10,59,3.0000,1.635010
MTDnewhill,500,10,60,3.0500,1.388827
MTDnewhill,500,10,61,3.1000,1.132057
MTDnewhill,500,10,62,3.1500,0.978447
MTDnewhill,500,10,63,3.2000,0.913093
MTDnewhill,500,10,64,3.2500,0.848770
MTDnewhill,500,10,65,3.3000,0.677694
MTDnewhill,500,10,66,3.3500,0.571150
MTDnewhill,500,10,67,3.4000,0.469878
MTDnewhill,500,10,68,3.4500,0.400544
MTDnewhill,500,10,69,3.5000,0.524594
MTDnewhill,500,10,70,3.5500,0.455531
MTDnewhill,500,10,71,3.6000,0.581365
MTDnewhill,500,10,72,3.6500,0.691770
MTDnewhill,500,10,73,3.7000,1.082861
MTDnewhill,500,10,74,3.7500,1.350315
MTDnewhill,500,10,75,3.8000,1.111477
MTDnewhill,500,10,76,3.8500,1.169729
MTDnewhill,500,10,77,3.9000,1.173608
MTDnewhill,500,10,78,3.9500,1.230024
MTDnewhill,500,10,79,4.0000,1.091354
MTDnewhill,500,10,80,4.0500,0.786888
MTDnewhill,500,10,81,4.1000,0.561040
MTDnewhill,500,10,82,4.1500,0.619626
MTDnewhill,500,10,83,4.2000,0.921612
MTDnewhill,500,10,84,4.2500,1.001131
MTDnewhill,500,10,85,4.3000,1.239922
MTDnewhill,500,10,86,4.3500,1.538029
MTDnewhill,500,10,87,4.4000,1.883225
MTDnewhill,500,10,88,4.4500,2.222351
MTDnewhill,500,10,89,4.5000,2.439331
MTDnewhill,500,10,90,4.5500,2.674957
MTDnewhill,500,10,91,4.6000,2.744345
MTDnewhill,500,10,92,4.6500,2.439871
MTDnewhill,500,10,93,4.7000,2.097904
MTDnewhill,500,10,94,4.7500,1.952777
MTDnewhill,500,10,95,4.8000,1.894112
MTDnewhill,500,10,96,4.8500,1.733188
MTDnewhill,500,10,97,4.9000,1.654689
MTDnewhill,500,10,98,4.9500,1.307531
MTDnewhill,500,10,99,5.0000,1.231766
MTDnewhill,500,10,100,5.0500,1.086781
MTDnewhill,500,10,101,5.1000,1.012206
MTDnewhill,500,10,102,5.1500,0.966495
MTDnewhill,500,10,103,5.2000,0.830492
MTDnewhill,500,10,104,5.2500,0.842901
MTDnewhill,500,10,105,5.3000,0.699081
MTDnewhill,500,10,106,5.3500,0.521811
MTDnewhill,500,10,107,5.4000,0.465669
MTDnewhill,500,10,108,5.4500,0.430417
MTDnewhill,500,10,109,5.5000,0.391632
MTDnewhill,500,10,110,5.5500,0.565252
MTDnewhill,500,10,111,5.6000,0.650072
MTDnewhill,500,10,112,5.6500,0.619662
MTDnewhill,500,10,113,5.7000,0.465201
MTDnewhill,500,10,114,5.7500,0.583652
MTDnewhill,500,10,115,5.8000,0.752061
MTDnewhill,500,10,116,5.8500,1.085689
MTDnewhill,500,10,117,5.9000,1.177779
MTDnewhill,500,10,118,5.9500,1.276821
MTDnewhill,500,10,119,6.0000,1.280454
MTDnewhill,500,10,120,6.0500,1.447780
MTDnewhill,500,10,121,6.1000,1.601300
MTDnewhill,500,10,122,6.1500,1.441531
MTDnewhill,500,10,123,6.2000,1.188339
MTDnewhill,500,10,124,6.2500,0.965062
MTDnewhill,500,10,125,6.3000,0.748237
MTDnewhill,500,10,126,6.3500,0.557759
MTDnewhill,500,10,127,6.4000,0.457352
MTDnewhill,500,10,128,6.4500,0.509895
MTDnewhill,500,10,129,6.5000,0.659988
MTDnewhill,500,10,130,6.5500,0.839087
MTDnewhill,500,10,131,6.6000,1.010068
MTDnewhill,500,10,132,6.6500,1.031827
MTDnewhill,500,10,133,6.7000,1.071015
MTDnewhill,500,10,134,6.7500,0.986315
MTDnewhill,500,10,135,6.8000,0.902724
MTDnewhill,500,10,136,6.8500,0.902610
MTDnewhill,500,10,137,6.9000,0.876190
MTDnewhill,500,10,138,6.9500,0.691362
MTDnewhill,500,10,139,7.0000,0.531781
MTDnewhill,500,10,140,7.0500,0.520437
MTDnewhill,500,10,141,7.1000,0.461311
MTDnewhill,500,10,142,7.1500,0.483525
MTDnewhill,500,10,143,7.2000,0.485439
MTDnewhill,500,10,144,7.2500,0.455294
MTDnewhill,500,10,145,7.3000,0.487057
MTDnewhill,500,10,146,7.3500,0.522714
MTDnewhill,500,10,147,7.4000,0.594572
MTDnewhill,500,10,148,7.4500,0.695966
MTDnewhill,500,10,149,7.5000,0.785921
MTDnewhill,500,10,150,7.5500,0.787548
MTDnewhill,500,10,151,7.6000,0.833021
MTDnewhill,500,10,152,7.6500,0.951432
MTDnewhill,500,10,153,7.7000,1.103198
MTDnewhill,500,10,154,7.7500,0.911236
MTDnewhill,500,10,155,7.8000,0.638962
MTDnewhill,500,10,156,7.8500,0.402309
MTDnewhill,500,10,157,7.9000,0.324258
MTDnewhill,500,10,158,7.9500,0.373237
MTDnewhill,500,10,159,8.0000,0.557910
MTDnewhill,500,10,160,8.0500,0.692218
MTDnewhill,500,10,161,8.1000,0.815365
MTDnewhill,500,10,162,8.1500,0.974893
MTDnewhill,500,10,163,8.2000,1.090737
MTDnewhill,500,10,164,8.2500,0.899640
MTDnewhill,500,10,165,8.3000,0.752600
MTDnewhill,500,10,166,8.3500,0.736935
MTDnewhill,500,10,167,8.4000,0.609918
MTDnewhill,500,10,168,8.4500,0.464568
MTDnewhill,500,10,169,8.5000,0.436776
MTDnewhill,500,10,170,8.5500,0.459165
MTDnewhill,500,10,171,8.6000,0.467183
MTDnewhill,500,10,172,8.6500,0.401419
MTDnewhill,500,10,173,8.7000,0.499226
MTDnewhill,500,10,174,8.7500,0.633511
MTDnewhill,500,10,175,8.8000,0.497911
MTDnewhill,500,10,176,8.8500,0.439621
MTDnewhill,500,10,177,8.9000,0.335852
MTDnewhill,500,10,178,8.9500,0.302647
MTDnewhill,500,10,179,9.0000,0.336720
MTDnewhill,500,10,180,9.0500,0.526142
MTDnewhill,500,10,181,9.1000,0.526166
MTDnewhill,500,10,182,9.1500,0.572868
MTDnewhill,500,10,183,9.2000,0.506091
MTDnewhill,500,10,184,9.2500,0.336956
MTDnewhill,500,10,185,9.3000,0.370487
MTDnewhill,500,10,186,9.3500,0.530421
MTDnewhill,500,10,187,9.4000,0.647748
MTDnewhill,500,10,188,9.4500,0.796894
MTDnewhill,500,10,189,9.5000,0.883104
MTDnewhill,500,10,190,9.5500,0.836060
MTDnewhill,500,10,191,9.6000,0.793893
MTDnewhill,500,10,192,9.6500,0.758055
MTDnewhill,500,10,193,9.7000,0.743571
MTDnewhill,500,10,194,9.7500,0.750973
MTDnewhill,500,10,195,9.8000,0.762132
MTDnewhill,500,10,196,9.8500,0.808696
MTDnewhill,500,10,197,9.9000,0.920160
MTDnewhill,500,10,198,9.9500,0.941658
MTDnewhill,500,10,199,10.0000,0.982754
MTDnewhill,500,20,0,0.0500,13.138013
MTDnewhill,500,20,1,0.1000,11.670945
MTDnewhill,500,20,2,0.1500,10.891450
MTDnewhill,500,20,3,0.2000,10.062552
MTDnewhill,500,20,4,0.2500,8.930444
MTDnewhill,500,20,5,0.3000,8.161463
MTDnewhill,500,20,6,0.3500,7.629290
MTDnewhill,500,20,7,0.4000,7.400453
MTDnewhill,500,20,8,0.4500,6.571730
MTDnewhill,500,20,9,0.5000,6.103547
MTDnewhill,500,20,10,0.5500,6.123696
MTDnewhill,500,20,11,0.6000,5.912883
MTDnewhill,500,20,12,0.6500,5.058489
MTDnewhill,500,20,13,0.7000,4.479295
MTDnewhill,500,20,14,0.7500,4.309786
MTDnewhill,500,20,15,0.8000,4.291960
MTDnewhill,500,20,16,0.8500,4.066107
MTDnewhill,500,20,17,0.9000,3.615247
MTDnewhill,500,20,18,0.9500,3.782603
MTDnewhill,500,20,19,1.0000,3.806591
MTDnewhill,500,20,20,1.0500,3.276243
MTDnewhill,500,20,21,1.1000,2.474247
MTDnewhill,500,20,22,1.1500,2.335503
MTDnewhill,500,20,23,1.2000,2.034486
MTDnewhill,500,20,24,1.2500,1.588658
MTDnewhill,500,20,25,1.3000,1.495865
MTDnewhill,500,20,26,1.3500,1.530637
MTDnewhill,500,20,27,1.4000,1.893559
MTDnewhill,500,20,28,1.4500,2.180596
MTDnewhill,500,20,29,1.5000,2.610998
MTDnewhill,500,20,30,1.5500,3.074038
MTDnewhill,500,20,31,1.6000,3.546580
MTDnewhill,500,20,32,1.6500,3.742164
MTDnewhill,500,20,33,1.7000,3.666816
MTDnewhill,500,20,34,1.7500,3.483583
MTDnewhill,500,20,35,1.8000,3.159857
MTDnewhill,500,20,36,1.8500,2.870988
MTDnewhill,500,20,37,1.9000,2.283955
MTDnewhill,500,20,38,1.9500,2.115468
MTDnewhill,500,20,39,2.0000,2.133705
MTDnewhill,500,20,40,2.0500,2.203763
MTDnewhill,500,20,41,2.1000,1.956761
MTDnewhill,500,20,42,2.1500,1.628250
MTDnewhill,500,20,43,2.2000,1.127156
MTDnewhill,500,20,44,2.2500,0.883767
MTDnewhill,500,20,45,2.3000,0.679390
MTDnewhill,500,20,46,2.3500,0.484350
MTDnewhill,500,20,47,2.4000,0.367542
MTDnewhill,500,20,48,2.4500,0.354308
MTDnewhill,500,20,49,2.5000,0.565339
MTDnewhill,500,20,50,2.5500,0.737290
MTDnewhill,500,20,51,2.6000,0.520971
MTDnewhill,500,20,52,2.6500,0.666274
MTDnewhill,500,20,53,2.7000,1.076603
MTDnewhill,500,20,54,2.7500,1.241034
MTDnewhill,500,20,55,2.8000,0.881692
MTDnewhill,500,20,56,2.8500,0.541608
MTDnewhill,500,20,57,2.9000,0.547073
MTDnewhill,500,20,58,2.9500,0.682315
MTDnewhill,500,20,59,3.0000,0.921158
MTDnewhill,500,20,60,3.0500,1.163683
MTDnewhill,500,20,61,3.1000,1.512695
MTDnewhill,500,20,62,3.1500,1.842945
MTDnewhill,500,20,63,3.2000,2.203593
MTDnewhill,500,20,64,3.2500,2.557722
MTDnewhill,500,20,65,3.3000,2.931164
MTDnewhill,500,20,66,3.3500,3.199870
MTDnewhill,500,20,67,3.4000,3.404268
MTDnewhill,500,20,68,3.4500,3.475466
MTDnewhill,500,20,69,3.5000,3.243701
MTDnewhill,500,20,70,3.5500,3.178757
MTDnewhill,500,20,71,3.6000,3.040793
MTDnewhill,500,20,72,3.6500,2.827243
MTDnewhill,500,20,73,3.7000,2.530906
MTDnewhill,500,20,74,3.7500,2.396211
MTDnewhill,500,20,75,3.8000,1.997198
MTDnewhill,500,20,76,3.8500,1.795252
MTDnewhill,500,20,77,3.9000,1.692565
MTDnewhill,500,20,78,3.9500,1.739793
MTDnewhill,500,20,79,4.0000,1.500874
MTDnewhill,500,20,80,4.0500,1.347445
MTDnewhill,500,20,81,4.1000,1.227207
MTDnewhill,500,20,82,4.1500,1.280010
MTDnewhill,500,20,83,4.2000,1.179157
MTDnewhill,500,20,84,4.2500,1.371219
MTDnewhill,500,20,85,4.3000,1.205926
MTDnewhill,500,20,86,4.3500,1.078351
MTDnewhill,500,20,87,4.4000,1.048770
MTDnewhill,500,20,88,4.4500,0.988036
MTDnewhill,500,20,89,4.5000,0.715544
MTDnewhill,500,20,90,4.5500,0.534425
MTDnewhill,500,20,91,4.6000,0.454934
MTDnewhill,500,20,92,4.6500,0.608449
MTDnewhill,500,20,93,4.7000,0.577426
MTDnewhill,500,20,94,4.7500,0.618698
MTDnewhill,500,20,95,4.8000,0.846631
MTDnewhill,500,20,96,4.8500,0.842455
MTDnewhill,500,20,97,4.9000,0.887691
MTDnewhill,500,20,98,4.9500,1.067428
MTDnewhill,500,20,99,5.0000,1.205451
MTDnewhill,500,20,100,5.0500,1.217982
MTDnewhill,500,20,101,5.1000,1.332397
MTDnewhill,500,20,102,5.1500,1.347664
MTDnewhill,500,20,103,5.2000,1.199071
MTDnewhill,500,20,104,5.2500,0.826694
MTDnewhill,500,20,105,5.3000,0.524116
MTDnewhill,500,20,106,5.3500,0.356350
MTDnewhill,500,20,107,5.4000,0.350478
MTDnewhill,500,20,108,5.4500,0.593083
MTDnewhill,500,20,109,5.5000,0.770826
MTDnewhill,500,20,110,5.5500,1.034239
MTDnewhill,500,20,111,5.6000,1.213895
MTDnewhill,500,20,112,5.6500,1.467256
MTDnewhill,500,20,113,5.7000,1.701381
MTDnewhill,500,20,114,5.7500,1.906957
MTDnewhill,500,20,115,5.8000,1.692223
MTDnewhill,500,20,116,5.8500,1.537392
MTDnewhill,500,20,117,5.9000,1.381151
MTDnewhill,500,20,118,5.9500,1.173603
MTDnewhill,500,20,119,6.0000,1.097000
MTDnewhill,500,20,120,6.0500,1.036131
MTDnewhill,500,20,121,6.1000,0.975398
MTDnewhill,500,20,122,6.1500,1.004149
MTDnewhill,500,20,123,6.2000,0.730475
MTDnewhill,500,20,124,6.2500,0.527355
MTDnewhill,500,20,125,6.3000,0.359351
MTDnewhill,500,20,126,6.3500,0.315001
MTDnewhill,500,20,127,6.4000,0.295114
MTDnewhill,500,20,128,6.4500,0.403103
MTDnewhill,500,20,129,6.5000,0.619917
MTDnewhill,500,20,130,6.5500,0.483612
MTDnewhill,500,20,131,6.6000,0.415466
MTDnewhill,500,20,132,6.6500,0.445440
MTDnewhill,500,20,133,6.7000,0.444620
MTDnewhill,500,20,134,6.7500,0.466613
MTDnewhill,500,20,135,6.8000,0.816464
MTDnewhill,500,20,136,6.8500,0.930262
MTDnewhill,500,20,137,6.9000,0.873054
MTDnewhill,500,20,138,6.9500,1.050778
MTDnewhill,500,20,139,7.0000,1.121577
MTDnewhill,500,20,140,7.0500,1.309580
MTDnewhill,500,20,141,7.1000,1.311041
MTDnewhill,500,20,142,7.1500,1.401433
MTDnewhill,500,20,143,7.2000,1.403989
MTDnewhill,500,20,144,7.2500,1.345395
MTDnewhill,500,20,145,7.3000,1.428892
MTDnewhill,500,20,146,7.3500,1.431693
MTDnewhill,500,20,147,7.4000,1.633811
MTDnewhill,500,20,148,7.4500,1.807593
MTDnewhill,500,20,149,7.5000,1.934168
MTDnewhill,500,20,150,7.5500,2.036192
MTDnewhill,500,20,151,7.6000,2.085789
MTDnewhill,500,20,152,7.6500,1.977363
MTDnewhill,500,20,153,7.7000,1.748106
MTDnewhill,500,20,154,7.7500,1.625073
MTDnewhill,500,20,155,7.8000,1.450710
MTDnewhill,500,20,156,7.8500,1.403450
MTDnewhill,500,20,157,7.9000,1.423565
MTDnewhill,500,20,158,7.9500,1.500334
MTDnewhill,500,20,159,8.0000,1.553767
MTDnewhill,500,20,160,8.0500,1.571392
MTDnewhill,500,20,161,8.1000,1.632118
MTDnewhill,500,20,162,8.1500,1.721045
MTDnewhill,500,20,163,8.2000,1.821684
MTDnewhill,500,20,164,8.2500,1.856519
MTDnewhill,500,20,165,8.3000,1.930638
MTDnewhill,500,20,166,8.3500,1.979656
MTDnewhill,500,20,167,8.4000,1.981901
MTDnewhill,500,20,168,8.4500,2.007054
MTDnewhill,500,20,169,8.5000,2.102025
MTDnewhill,500,20,170,8.5500,2.228170
MTDnewhill,500,20,171,8.6000,2.355551
MTDnewhill,500,20,172,8.6500,2.622258
MTDnewhill,500,20,173,8.7000,2.837188
MTDnewhill,500,20,174,8.7500,3.030259
MTDnewhill,500,20,175,8.8000,2.993838
MTDnewhill,500,20,176,8.8500,2.949644
MTDnewhill,500,20,177,8.9000,2.817965
MTDnewhill,500,20,178,8.9500,2.541906
MTDnewhill,500,20,179,9.0000,2.255850
MTDnewhill,500,20,180,9.0500,2.007523
MTDnewhill,500,20,181,9.1000,1.764855
MTDnewhill,500,20,182,9.1500,1.571229
MTDnewhill,500,20,183,9.2000,1.324001
MTDnewhill,500,20,184,9.2500,1.099960
MTDnewhill,500,20,185,9.3000,0.912529
MTDnewhill,500,20,186,9.3500,0.802964
MTDnewhill,500,20,187,9.4000,0.785941
MTDnewhill,500,20,188,9.4500,0.834884
MTDnewhill,500,20,189,9.5000,0.923746
MTDnewhill,500,20,190,9.5500,1.094243
MTDnewhill,500,20,191,9.6000,1.072316
MTDnewhill,500,20,192,9.6500,1.088450
MTDnewhill,500,20,193,9.7000,1.188325
MTDnewhill,500,20,194,9.7500,1.202730
MTDnewhill,500,20,195,9.8000,1.237492
MTDnewhill,500,20,196,9.8500,1.318953
MTDnewhill,500,20,197,9.9000,1.437280
MTDnewhill,500,20,198,9.9500,1.553965
MTDnewhill,500,20,199,10.0000,1.691120
MTDnewhill,500,30,0,0.0500,13.096009
MTDnewhill,500,30,1,0.1000,11.620877
MTDnewhill,500,30,2,0.1500,10.491928
MTDnewhill,500,30,3,0.2000,9.961788
MTDnewhill,500,30,4,0.2500,9.099579
MTDnewhill,500,30,5,0.3000,8.300272
MTDnewhill,500,30,6,0.3500,7.744824
MTDnewhill,500,30,7,0.4000,7.470619
MTDnewhill,500,30,8,0.4500,6.942748
MTDnewhill,500,30,9,0.5000,6.511766
MTDnewhill,500,30,10,0.5500,6.233271
MTDnewhill,500,30,11,0.6000,6.188168
MTDnewhill,500,30,12,0.6500,5.112527
MTDnewhill,500,30,13,0.7000,4.740948
MTDnewhill,500,30,14,0.7500,4.259776
MTDnewhill,500,30,15,0.8000,3.939749
MTDnewhill,500,30,16,0.8500,3.572020
MTDnewhill,500,30,17,0.9000,3.513341
MTDnewhill,500,30,18,0.9500,3.593008
MTDnewhill,500,30,19,1.0000,3.579339
MTDnewhill,500,30,20,1.0500,2.800872
MTDnewhill,500,30,21,1.1000,2.518579
MTDnewhill,500,30,22,1.1500,2.300392
MTDnewhill,500,30,23,1.2000,1.904267
MTDnewhill,500,30,24,1.2500,1.625002
MTDnewhill,500,30,25,1.3000,1.481254
MTDnewhill,500,30,26,1.3500,1.385200
MTDnewhill,500,30,27,1.4000,1.303967
MTDnewhill,500,30,28,1.4500,1.404063
MTDnewhill,500,30,29,1.5000,1.831336
MTDnewhill,500,30,30,1.5500,2.218799
MTDnewhill,500,30,31,1.6000,2.602227
MTDnewhill,500,30,32,1.6500,2.847426
MTDnewhill,500,30,33,1.7000,2.309874
MTDnewhill,500,30,34,1.7500,2.077328
MTDnewhill,500,30,35,1.8000,1.790226
MTDnewhill,500,30,36,1.8500,1.580478
MTDnewhill,500,30,37,1.9000,1.406369
MTDnewhill,500,30,38,1.9500,1.195156
MTDnewhill,500,30,39,2.0000,1.080410
MTDnewhill,500,30,40,2.0500,0.956786
MTDnewhill,500,30,41,2.1000,0.801660
MTDnewhill,500,30,42,2.1500,0.791799
MTDnewhill,500,30,43,2.2000,0.576033
MTDnewhill,500,30,44,2.2500,0.522698
MTDnewhill,500,30,45,2.3000,0.629100
MTDnewhill,500,30,46,2.3500,0.718841
MTDnewhill,500,30,47,2.4000,0.798355
MTDnewhill,500,30,48,2.4500,0.852306
MTDnewhill,500,30,49,2.5000,1.001212
MTDnewhill,500,30,50,2.5500,0.718814
MTDnewhill,500,30,51,2.6000,0.909246
MTDnewhill,500,30,52,2.6500,1.286073
MTDnewhill,500,30,53,2.7000,1.699299
MTDnewhill,500,30,54,2.7500,2.046148
MTDnewhill,500,30,55,2.8000,2.341112
MTDnewhill,500,30,56,2.8500,2.665183
MTDnewhill,500,30,57,2.9000,3.020097
MTDnewhill,500,30,58,2.9500,3.368424
MTDnewhill,500,30,59,3.0000,3.737490
MTDnewhill,500,30,60,3.0500,3.783336
MTDnewhill,500,30,61,3.1000,3.748740
MTDnewhill,500,30,62,3.1500,3.632353
MTDnewhill,500,30,63,3.2000,3.282953
MTDnewhill,500,30,64,3.2500,3.236147
MTDnewhill,500,30,65,3.3000,2.938185
MTDnewhill,500,30,66,3.3500,2.672011
MTDnewhill,500,30,67,3.4000,2.425075
MTDnewhill,500,30,68,3.4500,2.015353
MTDnewhill,500,30,69,3.5000,1.734641
MTDnewhill,500,30,70,3.5500,1.465130
MTDnewhill,500,30,71,3.6000,1.456108
MTDnewhill,500,30,72,3.6500,1.419391
MTDnewhill,500,30,73,3.7000,1.039321
MTDnewhill,500,30,74,3.7500,0.895005
MTDnewhill,500,30,75,3.8000,0.871981
MTDnewhill,500,30,76,3.8500,0.794140
MTDnewhill,500,30,77,3.9000,0.815567
MTDnewhill,500,30,78,3.9500,0.565665
MTDnewhill,500,30,79,4.0000,0.583256
MTDnewhill,500,30,80,4.0500,0.681431
MTDnewhill,500,30,81,4.1000,0.985199
MTDnewhill,500,30,82,4.1500,1.108183
MTDnewhill,500,30,83,4.2000,1.153658
MTDnewhill,500,30,84,4.2500,0.968859
MTDnewhill,500,30,85,4.3000,0.870578
MTDnewhill,500,30,86,4.3500,0.676390
MTDnewhill,500,30,87,4.4000,0.629836
MTDnewhill,500,30,88,4.4500,0.776103
MTDnewhill,500,30,89,4.5000,1.016687
MTDnewhill,500,30,90,4.5500,1.258018
MTDnewhill,500,30,91,4.6000,1.570819
MTDnewhill,500,30,92,4.6500,1.799126
MTDnewhill,500,30,93,4.7000,1.798340
MTDnewhill,500,30,94,4.7500,1.770159
MTDnewhill,500,30,95,4.8000,1.640931
MTDnewhill,500,30,96,4.8500,1.622884
MTDnewhill,500,30,97,4.9000,1.473399
MTDnewhill,500,30,98,4.9500,1.253710
MTDnewhill,500,30,99,5.0000,1.079365
MTDnewhill,500,30,100,5.0500,0.943083
MTDnewhill,500,30,101,5.1000,0.881171
MTDnewhill,500,30,102,5.1500,0.840379
MTDnewhill,500,30,103,5.2000,0.751587
MTDnewhill,500,30,104,5.2500,0.617680
MTDnewhill,500,30,105,5.3000,0.544969
MTDnewhill,500,30,106,5.3500,0.552590
MTDnewhill,500,30,107,5.4000,0.473064
MTDnewhill,500,30,108,5.4500,0.492166
MTDnewhill,500,30,109,5.5000,0.566271
MTDnewhill,500,30,110,5.5500,0.764187
MTDnewhill,500,30,111,5.6000,1.045296
MTDnewhill,500,30,112,5.6500,1.144120
MTDnewhill,500,30,113,5.7000,1.274138
MTDnewhill,500,30,114,5.7500,1.425336
MTDnewhill,500,30,115,5.8000,1.552615
MTDnewhill,500,30,116,5.8500,1.336522
MTDnewhill,500,30,117,5.9000,1.067406
MTDnewhill,500,30,118,5.9500,0.854427
MTDnewhill,500,30,119,6.0000,0.682515
MTDnewhill,500,30,120,6.0500,0.597112
MTDnewhill,500,30,121,6.1000,0.673675
MTDnewhill,500,30,122,6.1500,0.584866
MTDnewhill,500,30,123,6.2000,0.644358
MTDnewhill,500,30,124,6.2500,0.847537
MTDnewhill,500,30,125,6.3000,1.030252
MTDnewhill,500,30,126,6.3500,1.284943
MTDnewhill,500,30,127,6.4000,1.498810
MTDnewhill,500,30,128,6.4500,1.604841
MTDnewhill,500,30,129,6.5000,1.539848
MTDnewhill,500,30,130,6.5500,1.370811
MTDnewhill,500,30,131,6.6000,1.247113
MTDnewhill,500,30,132,6.6500,1.144990
MTDnewhill,500,30,133,6.7000,1.047640
MTDnewhill,500,30,134,6.7500,0.972913
MTDnewhill,500,30,135,6.8000,0.877872
MTDnewhill,500,30,136,6.8500,0.882353
MTDnewhill,500,30,137,6.9000,0.824501
MTDnewhill,500,30,138,6.9500,0.622941
MTDnewhill,500,30,139,7.0000,0.510045
MTDnewhill,500,30,140,7.0500,0.402751
MTDnewhill,500,30,141,7.1000,0.435787
MTDnewhill,500,30,142,7.1500,0.412500
MTDnewhill,500,30,143,7.2000,0.274222
MTDnewhill,500,30,144,7.2500,0.304452
MTDnewhill,500,30,145,7.3000,0.268589
MTDnewhill,500,30,146,7.3500,0.330423
MTDnewhill,500,30,147,7.4000,0.343590
MTDnewhill,500,30,148,7.4500,0.442138
MTDnewhill,500,30,149,7.5000,0.541035
MTDnewhill,500,30,150,7.5500,0.604987
MTDnewhill,500,30,151,7.6000,0.620817
MTDnewhill,500,30,152,7.6500,0.779599
MTDnewhill,500,30,153,7.7000,0.888665
MTDnewhill,500,30,154,7.7500,0.761158
MTDnewhill,500,30,155,7.8000,0.694248
MTDnewhill,500,30,156,7.8500,0.407628
MTDnewhill,500,30,157,7.9000,0.278383
MTDnewhill,500,30,158,7.9500,0.325339
MTDnewhill,500,30,159,8.0000,0.433229
MTDnewhill,500,30,160,8.0500,0.648918
MTDnewhill,500,30,161,8.1000,0.900028
MTDnewhill,500,30,162,8.1500,1.136277
MTDnewhill,500,30,163,8.2000,1.285669
MTDnewhill,500,30,164,8.2500,1.429333
MTDnewhill,500,30,165,8.3000,1.641605
MTDnewhill,500,30,166,8.3500,1.822561
MTDnewhill,500,30,167,8.4000,1.941382
MTDnewhill,500,30,168,8.4500,1.904068
MTDnewhill,500,30,169,8.5000,1.764069
MTDnewhill,500,30,170,8.5500,1.594761
MTDnewhill,500,30,171,8.6000,1.466717
MTDnewhill,500,30,172,8.6500,1.476440
MTDnewhill,500,30,173,8.7000,1.502596
MTDnewhill,500,30,174,8.7500,1.631059
MTDnewhill,500,30,175,8.8000,1.785471
MTDnewhill,500,30,176,8.8500,1.983915
MTDnewhill,500,30,177,8.9000,2.162282
MTDnewhill,500,30,178,8.9500,2.307710
MTDnewhill,500,30,179,9.0000,2.363107
MTDnewhill,500,30,180,9.0500,2.323334
MTDnewhill,500,30,181,9.1000,2.144309
MTDnewhill,500,30,182,9.1500,2.041915
MTDnewhill,500,30,183,9.2000,1.929386
MTDnewhill,500,30,184,9.2500,1.790248
MTDnewhill,500,30,185,9.3000,1.624176
MTDnewhill,500,30,186,9.3500,1.535305
MTDnewhill,500,30,187,9.4000,1.363713
MTDnewhill,500,30,188,9.4500,1.197567
MTDnewhill,500,30,189,9.5000,1.111876
MTDnewhill,500,30,190,9.5500,1.102999
MTDnewhill,500,30,191,9.6000,1.104900
MTDnewhill,500,30,192,9.6500,1.125929
MTDnewhill,500,30,193,9.7000,1.040638
MTDnewhill,500,30,194,9.7500,0.886623
MTDnewhill,500,30,195,9.8000,0.658971
MTDnewhill,500,30,196,9.8500,0.543190
MTDnewhill,500,30,197,9.9000,0.516172
MTDnewhill,500,30,198,9.9500,0.437124
MTDnewhill,500,30,199,10.0000,0.380410
MTDnewhill,500,40,0,0.0500,12.672210
MTDnewhill,500,40,1,0.1000,12.114850
MTDnewhill,500,40,2,0.1500,10.524208
MTDnewhill,500,40,3,0.2000,10.067405
MTDnewhill,500,40,4,0.2500,9.068379
MTDnewhill,500,40,5,0.3000,8.694957
MTDnewhill,500,40,6,0.3500,7.912172
MTDnewhill,500,40,7,0.4000,7.622703
MTDnewhill,500,40,8,0.4500,6.959815
MTDnewhill,500,40,9,0.5000,6.409312
MTDnewhill,500,40,10,0.5500,5.683618
MTDnewhill,500,40,11,0.6000,5.671947
MTDnewhill,500,40,12,0.6500,5.022845
MTDnewhill,500,40,13,0.7000,4.942948
MTDnewhill,500,40,14,0.7500,4.501149
MTDnewhill,500,40,15,0.8000,3.809682
MTDnewhill,500,40,16,0.8500,3.417891
MTDnewhill,500,40,17,0.9000,3.439651
MTDnewhill,500,40,18,0.9500,2.788325
MTDnewhill,500,40,19,1.0000,2.820875
MTDnewhill,500,40,20,1.0500,2.845430
MTDnewhill,500,40,21,1.1000,2.444542
MTDnewhill,500,40,22,1.1500,2.217783
MTDnewhill,500,40,23,1.2000,1.753278
MTDnewhill,500,40,24,1.2500,1.588322
MTDnewhill,500,40,25,1.3000,1.510207
MTDnewhill,500,40,26,1.3500,1.437288
MTDnewhill,500,40,27,1.4000,1.281197
MTDnewhill,500,40,28,1.4500,1.270500
MTDnewhill,500,40,29,1.5000,1.655823
MTDnewhill,500,40,30,1.5500,1.940615
MTDnewhill,500,40,31,1.6000,1.738988
MTDnewhill,500,40,32,1.6500,1.374116
MTDnewhill,500,40,33,1.7000,1.198504
MTDnewhill,500,40,34,1.7500,1.027418
MTDnewhill,500,40,35,1.8000,0.851020
MTDnewhill,500,40,36,1.8500,0.815708
MTDnewhill,500,40,37,1.9000,0.725594
MTDnewhill,500,40,38,1.9500,0.552348
MTDnewhill,500,40,39,2.0000,0.601589
MTDnewhill,500,40,40,2.0500,0.571698
MTDnewhill,500,40,41,2.1000,0.661724
MTDnewhill,500,40,42,2.1500,0.890045
MTDnewhill,500,40,43,2.2000,0.867078
MTDnewhill,500,40,44,2.2500,0.719012
MTDnewhill,500,40,45,2.3000,0.791603
MTDnewhill,500,40,46,2.3500,1.010356
MTDnewhill,500,40,47,2.4000,1.167285
MTDnewhill,500,40,48,2.4500,1.165980
MTDnewhill,500,40,49,2.5000,1.186429
MTDnewhill,500,40,50,2.5500,1.296228
MTDnewhill,500,40,51,2.6000,1.433447
MTDnewhill,500,40,52,2.6500,1.795865
MTDnewhill,500,40,53,2.7000,2.105385
MTDnewhill,500,40,54,2.7500,2.255095
MTDnewhill,500,40,55,2.8000,2.368774
MTDnewhill,500,40,56,2.8500,2.813306
MTDnewhill,500,40,57,2.9000,2.962144
MTDnewhill,500,40,58,2.9500,3.024314
MTDnewhill,500,40,59,3.0000,3.117928
MTDnewhill,500,40,60,3.0500,3.531445
MTDnewhill,500,40,61,3.1000,3.716121
MTDnewhill,500,40,62,3.1500,3.752757
MTDnewhill,500,40,63,3.2000,3.807315
MTDnewhill,500,40,64,3.2500,3.841547
MTDnewhill,500,40,65,3.3000,4.100575
MTDnewhill,500,40,66,3.3500,3.917293
MTDnewhill,500,40,67,3.4000,3.400753
MTDnewhill,500,40,68,3.4500,2.868971
MTDnewhill,500,40,69,3.5000,2.480505
MTDnewhill,500,40,70,3.5500,2.029883
MTDnewhill,500,40,71,3.6000,1.660551
MTDnewhill,500,40,72,3.6500,1.368146
MTDnewhill,500,40,73,3.7000,1.022776
MTDnewhill,500,40,74,3.7500,0.829304
MTDnewhill,500,40,75,3.8000,0.813995
MTDnewhill,500,40,76,3.8500,0.678470
MTDnewhill,500,40,77,3.9000,0.471226
MTDnewhill,500,40,78,3.9500,0.310992
MTDnewhill,500,40,79,4.0000,0.369975
MTDnewhill,500,40,80,4.0500,0.481804
MTDnewhill,500,40,81,4.1000,0.397431
MTDnewhill,500,40,82,4.1500,0.393876
MTDnewhill,500,40,83,4.2000,0.477933
MTDnewhill,500,40,84,4.2500,0.623958
MTDnewhill,500,40,85,4.3000,0.828040
MTDnewhill,500,40,86,4.3500,1.024996
MTDnewhill,500,40,87,4.4000,1.202097
MTDnewhill,500,40,88,4.4500,1.353445
MTDnewhill,500,40,89,4.5000,1.560906
MTDnewhill,500,40,90,4.5500,1.761257
MTDnewhill,500,40,91,4.6000,1.611321
MTDnewhill,500,40,92,4.6500,1.311664
MTDnewhill,500,40,93,4.7000,1.044589
MTDnewhill,500,40,94,4.7500,0.893419
MTDnewhill,500,40,95,4.8000,0.760156
MTDnewhill,500,40,96,4.8500,0.629818
MTDnewhill,500,40,97,4.9000,0.724331
MTDnewhill,500,40,98,4.9500,0.880942
MTDnewhill,500,40,99,5.0000,0.788244
MTDnewhill,500,40,100,5.0500,0.699734
MTDnewhill,500,40,101,5.1000,0.683880
MTDnewhill,500,40,102,5.1500,0.707942
MTDnewhill,500,40,103,5.2000,0.797310
MTDnewhill,500,40,104,5.2500,0.864174
MTDnewhill,500,40,105,5.3000,0.767983
MTDnewhill,500,40,106,5.3500,0.802867
MTDnewhill,500,40,107,5.4000,0.899747
MTDnewhill,500,40,108,5.4500,0.575995
MTDnewhill,500,40,109,5.5000,0.484792
MTDnewhill,500,40,110,5.5500,0.679411
MTDnewhill,500,40,111,5.6000,0.930301
MTDnewhill,500,40,112,5.6500,1.101824
MTDnewhill,500,40,113,5.7000,1.323075
MTDnewhill,500,40,114,5.7500,1.201918
MTDnewhill,500,40,115,5.8000,1.228201
MTDnewhill,500,40,116,5.8500,1.274153
MTDnewhill,500,40,117,5.9000,1.258038
MTDnewhill,500,40,118,5.9500,1.144191
MTDnewhill,500,40,119,6.0000,0.834420
MTDnewhill,500,40,120,6.0500,0.604013
MTDnewhill,500,40,121,6.1000,0.414692
MTDnewhill,500,40,122,6.1500,0.179458
MTDnewhill,500,40,123,6.2000,0.433059
MTDnewhill,500,40,124,6.2500,0.643102
MTDnewhill,500,40,125,6.3000,0.830215
MTDnewhill,500,40,126,6.3500,0.993755
MTDnewhill,500,40,127,6.4000,1.016483
MTDnewhill,500,40,128,6.4500,0.769914
MTDnewhill,500,40,129,6.5000,0.684872
MTDnewhill,500,40,130,6.5500,0.502766
MTDnewhill,500,40,131,6.6000,0.415085
MTDnewhill,500,40,132,6.6500,0.384778
MTDnewhill,500,40,133,6.7000,0.386513
MTDnewhill,500,40,134,6.7500,0.586662
MTDnewhill,500,40,135,6.8000,0.723539
MTDnewhill,500,40,136,6.8500,0.714139
MTDnewhill,500,40,137,6.9000,0.711583
MTDnewhill,500,40,138,6.9500,0.866967
MTDnewhill,500,40,139,7.0000,0.842782
MTDnewhill,500,40,140,7.0500,0.891412
MTDnewhill,500,40,141,7.1000,0.980023
MTDnewhill,500,40,142,7.1500,1.191180
MTDnewhill,500,40,143,7.2000,1.432958
MTDnewhill,500,40,144,7.2500,1.368488
MTDnewhill,500,40,145,7.3000,1.321292
MTDnewhill,500,40,146,7.3500,1.352317
MTDnewhill,500,40,147,7.4000,1.471226
MTDnewhill,500,40,148,7.4500,1.531185
MTDnewhill,500,40,149,7.5000,1.519892
MTDnewhill,500,40,150,7.5500,1.388209
MTDnewhill,500,40,151,7.6000,1.122434
MTDnewhill,500,40,152,7.6500,0.853249
MTDnewhill,500,40,153,7.7000,0.614717
MTDnewhill,500,40,154,7.7500,0.419496
MTDnewhill,500,40,155,7.8000,0.319679
MTDnewhill,500,40,156,7.8500,0.281838
MTDnewhill,500,40,157,7.9000,0.405442
MTDnewhill,500,40,158,7.9500,0.560235
MTDnewhill,500,40,159,8.0000,0.782776
MTDnewhill,500,40,160,8.0500,0.847315
MTDnewhill,500,40,161,8.1000,0.744562
MTDnewhill,500,40,162,8.1500,0.665514
MTDnewhill,500,40,163,8.2000,0.645013
MTDnewhill,500,40,164,8.2500,0.580957
MTDnewhill,500,40,165,8.3000,0.511503
MTDnewhill,500,40,166,8.3500,0.512020
MTDnewhill,500,40,167,8.4000,0.461692
MTDnewhill,500,40,168,8.4500,0.485133
MTDnewhill,500,40,169,8.5000,0.674513
MTDnewhill,500,40,170,8.5500,0.631902
MTDnewhill,500,40,171,8.6000,0.642209
MTDnewhill,500,40,172,8.6500,0.686352
MTDnewhill,500,40,173,8.7000,0.787237
MTDnewhill,500,40,174,8.7500,0.708397
MTDnewhill,500,40,175,8.8000,0.563872
MTDnewhill,500,40,176,8.8500,0.561307
MTDnewhill,500,40,177,8.9000,0.620378
MTDnewhill,500,40,178,8.9500,0.777478
MTDnewhill,500,40,179,9.0000,0.969850
MTDnewhill,500,40,180,9.0500,1.128239
MTDnewhill,500,40,181,9.1000,1.270086
MTDnewhill,500,40,182,9.1500,1.421630
MTDnewhill,500,40,183,9.2000,1.606892
MTDnewhill,500,40,184,9.2500,1.818032
MTDnewhill,500,40,185,9.3000,1.961510
MTDnewhill,500,40,186,9.3500,2.066773
MTDnewhill,500,40,187,9.4000,1.996098
MTDnewhill,500,40,188,9.4500,1.881546
MTDnewhill,500,40,189,9.5000,1.655540
MTDnewhill,500,40,190,9.5500,1.589016
MTDnewhill,500,40,191,9.6000,1.560242
MTDnewhill,500,40,192,9.6500,1.430487
MTDnewhill,500,40,193,9.7000,1.249458
MTDnewhill,500,40,194,9.7500,1.123279
MTDnewhill,500,40,195,9.8000,1.053599
MTDnewhill,500,40,196,9.8500,1.014135
MTDnewhill,500,40,197,9.9000,0.930215
MTDnewhill,500,40,198,9.9500,0.942080
MTDnewhill,500,40,199,10.0000,0.934874
MTDnewhill,500,50,0,0.0500,13.117895
MTDnewhill,500,50,1,0.1000,11.556696
MTDnewhill,500,50,2,0.1500,10.906367
MTDnewhill,500,50,3,0.2000,9.654313
MTDnewhill,500,50,4,0.2500,9.441456
MTDnewhill,500,50,5,0.3000,8.894589
MTDnewhill,500,50,6,0.3500,8.184175
MTDnewhill,500,50,7,0.4000,7.330670
MTDnewhill,500,50,8,0.4500,6.658675
MTDnewhill,500,50,9,0.5000,5.940875
MTDnewhill,500,50,10,0.5500,5.760006
MTDnewhill,500,50,11,0.6000,5.439794
MTDnewhill,500,50,12,0.6500,4.747869
MTDnewhill,500,50,13,0.7000,4.531376
MTDnewhill,500,50,14,0.7500,4.017682
MTDnewhill,500,50,15,0.8000,3.739164
MTDnewhill,500,50,16,0.8500,3.642195
MTDnewhill,500,50,17,0.9000,3.697873
MTDnewhill,500,50,18,0.9500,2.996396
MTDnewhill,500,50,19,1.0000,2.706775
MTDnewhill,500,50,20,1.0500,2.295706
MTDnewhill,500,50,21,1.1000,2.138318
MTDnewhill,500,50,22,1.1500,1.989626
MTDnewhill,500,50,23,1.2000,1.905678
MTDnewhill,500,50,24,1.2500,1.849281
MTDnewhill,500,50,25,1.3000,1.795029
MTDnewhill,500,50,26,1.3500,1.986200
MTDnewhill,500,50,27,1.4000,2.342287
MTDnewhill,500,50,28,1.4500,2.773070
MTDnewhill,500,50,29,1.5000,3.263848
MTDnewhill,500,50,30,1.5500,3.713683
MTDnewhill,500,50,31,1.6000,3.846517
MTDnewhill,500,50,32,1.6500,3.304431
MTDnewhill,500,50,33,1.7000,2.676007
MTDnewhill,500,50,34,1.7500,2.480535
MTDnewhill,500,50,35,1.8000,2.312767
MTDnewhill,500,50,36,1.8500,2.019493
MTDnewhill,500,50,37,1.9000,1.679743
MTDnewhill,500,50,38,1.9500,1.689234
MTDnewhill,500,50,39,2.0000,1.282597
MTDnewhill,500,50,40,2.0500,1.004821
MTDnewhill,500,50,41,2.1000,0.885535
MTDnewhill,500,50,42,2.1500,0.827641
MTDnewhill,500,50,43,2.2000,1.009916
MTDnewhill,500,50,44,2.2500,1.360738
MTDnewhill,500,50,45,2.3000,1.849901
MTDnewhill,500,50,46,2.3500,2.241358
MTDnewhill,500,50,47,2.4000,2.314169
MTDnewhill,500,50,48,2.4500,1.980180
MTDnewhill,500,50,49,2.5000,1.869379
MTDnewhill,500,50,50,2.5500,1.329227
MTDnewhill,500,50,51,2.6000,1.254250
MTDnewhill,500,50,52,2.6500,1.218019
MTDnewhill,500,50,53,2.7000,0.873033
MTDnewhill,500,50,54,2.7500,0.726861
MTDnewhill,500,50,55,2.8000,0.666797
MTDnewhill,500,50,56,2.8500,0.629141
MTDnewhill,500,50,57,2.9000,0.481225
MTDnewhill,500,50,58,2.9500,0.573999
MTDnewhill,500,50,59,3.0000,0.957475
MTDnewhill,500,50,60,3.0500,1.088538
MTDnewhill,500,50,61,3.1000,0.754502
MTDnewhill,500,50,62,3.1500,0.477301
MTDnewhill,500,50,63,3.2000,0.446076
MTDnewhill,500,50,64,3.2500,0.665144
MTDnewhill,500,50,65,3.3000,0.945071
MTDnewhill,500,50,66,3.3500,1.265734
MTDnewhill,500,50,67,3.4000,1.556260
MTDnewhill,500,50,68,3.4500,1.582037
MTDnewhill,500,50,69,3.5000,1.614096
MTDnewhill,500,50,70,3.5500,1.437386
MTDnewhill,500,50,71,3.6000,1.113481
MTDnewhill,500,50,72,3.6500,0.894302
MTDnewhill,500,50,73,3.7000,0.725331
MTDnewhill,500,50,74,3.7500,0.563111
MTDnewhill,500,50,75,3.8000,0.446395
MTDnewhill,500,50,76,3.8500,0.496501
MTDnewhill,500,50,77,3.9000,0.517704
MTDnewhill,500,50,78,3.9500,0.649765
MTDnewhill,500,50,79,4.0000,0.611818
MTDnewhill,500,50,80,4.0500,0.458068
MTDnewhill,500,50,81,4.1000,0.522309
MTDnewhill,500,50,82,4.1500,0.516432
MTDnewhill,500,50,83,4.2000,0.612977
MTDnewhill,500,50,84,4.2500,0.814675
MTDnewhill,500,50,85,4.3000,0.835970
MTDnewhill,500,50,86,4.3500,0.832662
MTDnewhill,500,50,87,4.4000,1.137869
MTDnewhill,500,50,88,4.4500,1.332058
MTDnewhill,500,50,89,4.5000,1.533757
MTDnewhill,500,50,90,4.5500,1.703463
MTDnewhill,500,50,91,4.6000,1.777473
MTDnewhill,500,50,92,4.6500,1.918654
MTDnewhill,500,50,93,4.7000,2.062420
MTDnewhill,500,50,94,4.7500,2.168385
MTDnewhill,500,50,95,4.8000,2.379558
MTDnewhill,500,50,96,4.8500,2.494474
MTDnewhill,500,50,97,4.9000,2.648788
MTDnewhill,500,50,98,4.9500,2.443477
MTDnewhill,500,50,99,5.0000,2.073820
MTDnewhill,500,50,100,5.0500,1.764516
MTDnewhill,500,50,101,5.1000,1.473889
MTDnewhill,500,50,102,5.1500,1.168574
MTDnewhill,500,50,103,5.2000,1.003744
MTDnewhill,500,50,104,5.2500,0.816690
MTDnewhill,500,50,105,5.3000,0.567151
MTDnewhill,500,50,106,5.3500,0.541717
MTDnewhill,500,50,107,5.4000,0.520400
MTDnewhill,500,50,108,5.4500,0.671375
MTDnewhill,500,50,109,5.5000,0.879859
MTDnewhill,500,50,110,5.5500,1.130021
MTDnewhill,500,50,111,5.6000,1.378029
MTDnewhill,500,50,112,5.6500,1.509684
MTDnewhill,500,50,113,5.7000,1.448822
MTDnewhill,500,50,114,5.7500,1.241593
MTDnewhill,500,50,115,5.8000,1.092907
MTDnewhill,500,50,116,5.8500,1.028136
MTDnewhill,500,50,117,5.9000,0.937100
MTDnewhill,500,50,118,5.9500,0.829857
MTDnewhill,500,50,119,6.0000,0.979350
MTDnewhill,500,50,120,6.0500,0.998926
MTDnewhill,500,50,121,6.1000,0.862087
MTDnewhill,500,50,122,6.1500,0.824421
MTDnewhill,500,50,123,6.2000,0.620867
MTDnewhill,500,50,124,6.2500,0.458238
MTDnewhill,500,50,125,6.3000,0.357275
MTDnewhill,500,50,126,6.3500,0.273462
MTDnewhill,500,50,127,6.4000,0.314450
MTDnewhill,500,50,128,6.4500,0.287889
MTDnewhill,500,50,129,6.5000,0.488096
MTDnewhill,500,50,130,6.5500,0.425437
MTDnewhill,500,50,131,6.6000,0.665206
MTDnewhill,500,50,132,6.6500,0.759593
MTDnewhill,500,50,133,6.7000,0.654441
MTDnewhill,500,50,134,6.7500,0.651958
MTDnewhill,500,50,135,6.8000,0.694451
MTDnewhill,500,50,136,6.8500,0.828275
MTDnewhill,500,50,137,6.9000,0.949112
MTDnewhill,500,50,138,6.9500,0.955995
MTDnewhill,500,50,139,7.0000,0.977714
MTDnewhill,500,50,140,7.0500,1.025942
MTDnewhill,500,50,141,7.1000,1.062348
MTDnewhill,500,50,142,7.1500,1.130116
MTDnewhill,500,50,143,7.2000,1.240622
MTDnewhill,500,50,144,7.2500,1.451806
MTDnewhill,500,50,145,7.3000,1.754291
MTDnewhill,500,50,146,7.3500,1.774306
MTDnewhill,500,50,147,7.4000,1.812771
MTDnewhill,500,50,148,7.4500,1.964795
MTDnewhill,500,50,149,7.5000,2.010927
MTDnewhill,500,50,150,7.5500,2.207676
MTDnewhill,500,50,151,7.6000,2.491279
MTDnewhill,500,50,152,7.6500,2.693417
MTDnewhill,500,50,153,7.7000,2.643424
MTDnewhill,500,50,154,7.7500,2.502916
MTDnewhill,500,50,155,7.8000,2.247613
MTDnewhill,500,50,156,7.8500,1.999673
MTDnewhill,500,50,157,7.9000,1.749298
MTDnewhill,500,50,158,7.9500,1.526548
MTDnewhill,500,50,159,8.0000,1.305372
MTDnewhill,500,50,160,8.0500,1.096312
MTDnewhill,500,50,161,8.1000,0.896201
MTDnewhill,500,50,162,8.1500,0.741914
MTDnewhill,500,50,163,8.2000,0.582779
MTDnewhill,500,50,164,8.2500,0.512361
MTDnewhill,500,50,165,8.3000,0.466264
MTDnewhill,500,50,166,8.3500,0.597799
MTDnewhill,500,50,167,8.4000,0.633722
MTDnewhill,500,50,168,8.4500,0.777667
MTDnewhill,500,50,169,8.5000,0.954526
MTDnewhill,500,50,170,8.5500,1.158843
MTDnewhill,500,50,171,8.6000,1.271367
MTDnewhill,500,50,172,8.6500,1.241186
MTDnewhill,500,50,173,8.7000,1.131253
MTDnewhill,500,50,174,8.7500,1.070202
MTDnewhill,500,50,175,8.8000,0.980844
MTDnewhill,500,50,176,8.8500,0.912001
MTDnewhill,500,50,177,8.9000,0.786221
MTDnewhill,500,50,178,8.9500,0.755031
MTDnewhill,500,50,179,9.0000,0.698137
MTDnewhill,500,50,180,9.0500,0.574666
MTDnewhill,500,50,181,9.1000,0.520174
MTDnewhill,500,50,182,9.1500,0.426235
MTDnewhill,500,50,183,9.2000,0.418155
MTDnewhill,500,50,184,9.2500,0.567631
MTDnewhill,500,50,185,9.3000,0.492210
MTDnewhill,500,50,186,9.3500,0.460629
MTDnewhill,500,50,187,9.4000,0.362070
MTDnewhill,500,50,188,9.4500,0.336550
MTDnewhill,500,50,189,9.5000,0.372930
MTDnewhill,500,50,190,9.5500,0.545127
MTDnewhill,500,50,191,9.6000,0.567507
MTDnewhill,500,50,192,9.6500,0.467365
MTDnewhill,500,50,193,9.7000,0.450428
MTDnewhill,500,50,194,9.7500,0.430019
MTDnewhill,500,50,195,9.8000,0.521754
MTDnewhill,500,50,196,9.8500,0.541517
MTDnewhill,500,50,197,9.9000,0.580677
MTDnewhill,500,50,198,9.9500,0.646058
MTDnewhill,500,50,199,10.0000,0.747579
MTDwidth,0.1,10,0,0.0500,15.256265
MTDwidth,0.1,10,1,0.1000,14.742448
MTDwidth,0.1,10,2,0.1500,14.668879
MTDwidth,0.1,10,3,0.2000,14.367974
MTDwidth,0.1,10,4,0.2500,14.367588
MTDwidth,0.1,10,5,0.3000,14.367432
MTDwidth,0.1,10,6,0.3500,14.367331
MTDwidth,0.1,10,7,0.4000,14.367362
MTDwidth,0.1,10,8,0.4500,13.856761
MTDwidth,0.1,10,9,0.5000,13.656724
MTDwidth,0.1,10,10,0.5500,13.595749
MTDwidth,0.1,10,11,0.6000,13.519107
MTDwidth,0.1,10,12,0.6500,13.165229
MTDwidth,0.1,10,13,0.7000,12.522215
MTDwidth,0.1,10,14,0.7500,12.521365
MTDwidth,0.1,10,15,0.8000,12.520431
MTDwidth,0.1,10,16,0.8500,12.520055
MTDwidth,0.1,10,17,0.9000,12.519785
MTDwidth,0.1,10,18,0.9500,12.519617
MTDwidth,0.1,10,19,1.0000,12.519598
MTDwidth,0.1,10,20,1.0500,12.519689
MTDwidth,0.1,10,21,1.1000,12.519653
MTDwidth,0.1,10,22,1.1500,12.519579
MTDwidth,0.1,10,23,1.2000,12.519532
MTDwidth,0.1,10,24,1.2500,12.519621
MTDwidth,0.1,10,25,1.3000,12.520041
MTDwidth,0.1,10,26,1.3500,12.520413
MTDwidth,0.1,10,27,1.4000,12.520904
MTDwidth,0.1,10,28,1.4500,12.521286
MTDwidth,0.1,10,29,1.5000,12.521729
MTDwidth,0.1,10,30,1.5500,12.522356
MTDwidth,0.1,10,31,1.6000,12.522196
MTDwidth,0.1,10,32,1.6500,12.521878
MTDwidth,0.1,10,33,1.7000,12.521735
MTDwidth,0.1,10,34,1.7500,12.521147
MTDwidth,0.1,10,35,1.8000,12.520602
MTDwidth,0.1,10,36,1.8500,12.520535
MTDwidth,0.1,10,37,1.9000,12.282441
MTDwidth,0.1,10,38,1.9500,12.281057
MTDwidth,0.1,10,39,2.0000,12.280969
MTDwidth,0.1,10,40,2.0500,12.280961
MTDwidth,0.1,10,41,2.1000,12.281012
MTDwidth,0.1,10,42,2.1500,12.280815
MTDwidth,0.1,10,43,2.2000,12.280787
MTDwidth,0.1,10,44,2.2500,12.281036
MTDwidth,0.1,10,45,2.3000,12.281342
MTDwidth,0.1,10,46,2.3500,12.281659
MTDwidth,0.1,10,47,2.4000,12.282199
MTDwidth,0.1,10,48,2.4500,12.282449
MTDwidth,0.1,10,49,2.5000,12.071819
MTDwidth,0.1,10,50,2.5500,11.696240
MTDwidth,0.1,10,51,2.6000,11.692923
MTDwidth,0.1,10,52,2.6500,11.604845
MTDwidth,0.1,10,53,2.7000,11.604684
MTDwidth,0.1,10,54,2.7500,11.604812
MTDwidth,0.1,10,55,2.8000,11.605264
MTDwidth,0.1,10,56,2.8500,11.606309
MTDwidth,0.1,10,57,2.9000,11.606903
MTDwidth,0.1,10,58,2.9500,11.558431
MTDwidth,0.1,10,59,3.0000,11.168043
MTDwidth,0.1,10,60,3.0500,10.883439
MTDwidth,0.1,10,61,3.1000,10.580011
MTDwidth,0.1,10,62,3.1500,10.382924
MTDwidth,0.1,10,63,3.2000,9.991517
MTDwidth,0.1,10,64,3.2500,9.627753
MTDwidth,0.1,10,65,3.3000,9.533759
MTDwidth,0.1,10,66,3.3500,9.276091
MTDwidth,0.1,10,67,3.4000,9.143176
MTDwidth,0.1,10,68,3.4500,8.998902
MTDwidth,0.1,10,69,3.5000,8.997783
MTDwidth,0.1,10,70,3.5500,8.996476
MTDwidth,0.1,10,71,3.6000,8.993980
MTDwidth,0.1,10,72,3.6500,8.992734
MTDwidth,0.1,10,73,3.7000,8.992243
MTDwidth,0.1,10,74,3.7500,8.991935
MTDwidth,0.1,10,75,3.8000,8.991918
MTDwidth,0.1,10,76,3.8500,8.991909
MTDwidth,0.1,10,77,3.9000,8.985602
MTDwidth,0.1,10,78,3.9500,8.985109
MTDwidth,0.1,10,79,4.0000,8.984619
MTDwidth,0.1,10,80,4.0500,8.984868
MTDwidth,0.1,10,81,4.1000,8.984831
MTDwidth,0.1,10,82,4.1500,8.985281
MTDwidth,0.1,10,83,4.2000,8.985652
MTDwidth,0.1,10,84,4.2500,8.986394
MTDwidth,0.1,10,85,4.3000,8.986901
MTDwidth,0.1,10,86,4.3500,8.987147
MTDwidth,0.1,10,87,4.4000,8.986976
MTDwidth,0.1,10,88,4.4500,8.984498
MTDwidth,0.1,10,89,4.5000,8.983901
MTDwidth,0.1,10,90,4.5500,8.983442
MTDwidth,0.1,10,91,4.6000,8.983027
MTDwidth,0.1,10,92,4.6500,8.982946
MTDwidth,0.1,10,93,4.7000,8.983109
MTDwidth,0.1,10,94,4.7500,8.983576
MTDwidth,0.1,10,95,4.8000,8.985292
MTDwidth,0.1,10,96,4.8500,8.986190
MTDwidth,0.1,10,97,4.9000,8.986540
MTDwidth,0.1,10,98,4.9500,8.988572
MTDwidth,0.1,10,99,5.0000,8.989818
MTDwidth,0.1,10,100,5.0500,8.991845
MTDwidth,0.1,10,101,5.1000,8.994092
MTDwidth,0.1,10,102,5.1500,8.996804
MTDwidth,0.1,10,103,5.2000,8.998664
MTDwidth,0.1,10,104,5.2500,9.000828
MTDwidth,0.1,10,105,5.3000,9.002793
MTDwidth,0.1,10,106,5.3500,9.003356
MTDwidth,0.1,10,107,5.4000,9.003453
MTDwidth,0.1,10,108,5.4500,9.003843
MTDwidth,0.1,10,109,5.5000,9.003928
MTDwidth,0.1,10,110,5.5500,9.004401
MTDwidth,0.1,10,111,5.6000,9.004679
MTDwidth,0.1,10,112,5.6500,9.005166
MTDwidth,0.1,10,113,5.7000,9.005391
MTDwidth,0.1,10,114,5.7500,9.005580
MTDwidth,0.1,10,115,5.8000,9.006195
MTDwidth,0.1,10,116,5.8500,9.007296
MTDwidth,0.1,10,117,5.9000,9.008497
MTDwidth,0.1,10,118,5.9500,9.010434
MTDwidth,0.1,10,119,6.0000,9.011879
MTDwidth,0.1,10,120,6.0500,9.013213
MTDwidth,0.1,10,121,6.1000,9.014359
MTDwidth,0.1,10,122,6.1500,9.016272
MTDwidth,0.1,10,123,6.2000,9.017449
MTDwidth,0.1,10,124,6.2500,9.017071
MTDwidth,0.1,10,125,6.3000,9.015623
MTDwidth,0.1,10,126,6.3500,9.014335
MTDwidth,0.1,10,127,6.4000,9.013244
MTDwidth,0.1,10,128,6.4500,9.012516
MTDwidth,0.1,10,129,6.5000,9.011947
MTDwidth,0.1,10,130,6.5500,9.011715
MTDwidth,0.1,10,131,6.6000,9.011494
MTDwidth,0.1,10,132,6.6500,9.011070
MTDwidth,0.1,10,133,6.7000,9.010850
MTDwidth,0.1,10,134,6.7500,9.010813
MTDwidth,0.1,10,135,6.8000,9.011386
MTDwidth,0.1,10,136,6.8500,9.012544
MTDwidth,0.1,10,137,6.9000,9.015468
MTDwidth,0.1,10,138,6.9500,8.776140
MTDwidth,0.1,10,139,7.0000,8.613646
MTDwidth,0.1,10,140,7.0500,8.602906
MTDwidth,0.1,10,141,7.1000,8.552051
MTDwidth,0.1,10,142,7.1500,8.541887
MTDwidth,0.1,10,143,7.2000,8.542617
MTDwidth,0.1,10,144,7.2500,8.543312
MTDwidth,0.1,10,145,7.3000,8.544076
MTDwidth,0.1,10,146,7.3500,8.544298
MTDwidth,0.1,10,147,7.4000,8.545224
MTDwidth,0.1,10,148,7.4500,8.489546
MTDwidth,0.1,10,149,7.5000,8.417299
MTDwidth,0.1,10,150,7.5500,8.418265
MTDwidth,0.1,10,151,7.6000,8.418745
MTDwidth,0.1,10,152,7.6500,8.418824
MTDwidth,0.1,10,153,7.7000,8.418589
MTDwidth,0.1,10,154,7.7500,8.418768
MTDwidth,0.1,10,155,7.8000,8.419174
MTDwidth,0.1,10,156,7.8500,8.419622
MTDwidth,0.1,10,157,7.9000,8.419849
MTDwidth,0.1,10,158,7.9500,8.419742
MTDwidth,0.1,10,159,8.0000,8.420389
MTDwidth,0.1,10,160,8.0500,8.420788
MTDwidth,0.1,10,161,8.1000,8.395071
MTDwidth,0.1,10,162,8.1500,8.323951
MTDwidth,0.1,10,163,8.2000,8.217097
MTDwidth,0.1,10,164,8.2500,8.132077
MTDwidth,0.1,10,165,8.3000,7.847465
MTDwidth,0.1,10,166,8.3500,7.738904
MTDwidth,0.1,10,167,8.4000,7.677626
MTDwidth,0.1,10,168,8.4500,7.656830
MTDwidth,0.1,10,169,8.5000,7.649971
MTDwidth,0.1,10,170,8.5500,7.649717
MTDwidth,0.1,10,171,8.6000,7.649951
MTDwidth,0.1,10,172,8.6500,7.650485
MTDwidth,0.1,10,173,8.7000,7.651445
MTDwidth,0.1,10,174,8.7500,7.652202
MTDwidth,0.1,10,175,8.8000,7.652902
MTDwidth,0.1,10,176,8.8500,7.654291
MTDwidth,0.1,10,177,8.9000,7.655535
MTDwidth,0.1,10,178,8.9500,7.657066
MTDwidth,0.1,10,179,9.0000,7.657617
MTDwidth,0.1,10,180,9.0500,7.658752
MTDwidth,0.1,10,181,9.1000,7.659952
MTDwidth,0.1,10,182,9.1500,7.661206
MTDwidth,0.1,10,183,9.2000,7.616046
MTDwidth,0.1,10,184,9.2500,7.538796
MTDwidth,0.1,10,185,9.3000,7.454929
MTDwidth,0.1,10,186,9.3500,7.438775
MTDwidth,0.1,10,187,9.4000,7.427192
MTDwidth,0.1,10,188,9.4500,7.408397
MTDwidth,0.1,10,189,9.5000,7.408803
MTDwidth,0.1,10,190,9.5500,7.454127
MTDwidth,0.1,10,191,9.6000,7.523407
MTDwidth,0.1,10,192,9.6500,7.626569
MTDwidth,0.1,10,193,9.7000,7.678970
MTDwidth,0.1,10,194,9.7500,7.706652
MTDwidth,0.1,10,195,9.8000,7.735916
MTDwidth,0.1,10,196,9.8500,7.744318
MTDwidth,0.1,10,197,9.9000,7.765760
MTDwidth,0.1,10,198,9.9500,7.765919
MTDwidth,0.1,10,199,10.0000,7.767267
MTDwidth,0.1,20,0,0.0500,15.560005
MTDwidth,0.1,20,1,0.1000,15.311129
MTDwidth,0.1,20,2,0.1500,14.547937
MTDwidth,0.1,20,3,0.2000,14.104939
MTDwidth,0.1,20,4,0.2500,14.104439
MTDwidth,0.1,20,5,0.3000,14.103652
MTDwidth,0.1,20,6,0.3500,14.103482
MTDwidth,0.1,20,7,0.4000,14.103468
MTDwidth,0.1,20,8,0.4500,14.103620
MTDwidth,0.1,20,9,0.5000,13.980414
MTDwidth,0.1,20,10,0.5500,13.569991
MTDwidth,0.1,20,11,0.6000,13.209165
MTDwidth,0.1,20,12,0.6500,12.904103
MTDwidth,0.1,20,13,0.7000,12.602811
MTDwidth,0.1,20,14,0.7500,12.343422
MTDwidth,0.1,20,15,0.8000,12.297529
MTDwidth,0.1,20,16,0.8500,12.296992
MTDwidth,0.1,20,17,0.9000,12.296428
MTDwidth,0.1,20,18,0.9500,12.296089
MTDwidth,0.1,20,19,1.0000,12.280524
MTDwidth,0.1,20,20,1.0500,12.187608
MTDwidth,0.1,20,21,1.1000,12.186775
MTDwidth,0.1,20,22,1.1500,12.185724
MTDwidth,0.1,20,23,1.2000,12.185004
MTDwidth,0.1,20,24,1.2500,12.183466
MTDwidth,0.1,20,25,1.3000,12.182236
MTDwidth,0.1,20,26,1.3500,12.181090
MTDwidth,0.1,20,27,1.4000,12.179725
MTDwidth,0.1,20,28,1.4500,12.178863
MTDwidth,0.1,20,29,1.5000,12.178211
MTDwidth,0.1,20,30,1.5500,12.177621
MTDwidth,0.1,20,31,1.6000,12.176524
MTDwidth,0.1,20,32,1.6500,12.175539
MTDwidth,0.1,20,33,1.7000,12.041801
MTDwidth,0.1,20,34,1.7500,11.381824
MTDwidth,0.1,20,35,1.8000,10.992827
MTDwidth,0.1,20,36,1.8500,10.821124
MTDwidth,0.1,20,37,1.9000,10.604276
MTDwidth,0.1,20,38,1.9500,10.340786
MTDwidth,0.1,20,39,2.0000,10.338317
MTDwidth,0.1,20,40,2.0500,10.336344
MTDwidth,0.1,20,41,2.1000,10.334630
MTDwidth,0.1,20,42,2.1500,10.332630
MTDwidth,0.1,20,43,2.2000,10.331155
MTDwidth,0.1,20,44,2.2500,10.329394
MTDwidth,0.1,20,45,2.3000,10.326059
MTDwidth,0.1,20,46,2.3500,10.323665
MTDwidth,0.1,20,47,2.4000,10.322028
MTDwidth,0.1,20,48,2.4500,10.320290
MTDwidth,0.1,20,49,2.5000,10.319242
MTDwidth,0.1,20,50,2.5500,10.316294
MTDwidth,0.1,20,51,2.6000,10.315052
MTDwidth,0.1,20,52,2.6500,10.313261
MTDwidth,0.1,20,53,2.7000,10.311859
MTDwidth,0.1,20,54,2.7500,10.309435
MTDwidth,0.1,20,55,2.8000,10.308321
MTDwidth,0.1,20,56,2.8500,10.307179
MTDwidth,0.1,20,57,2.9000,10.305979
MTDwidth,0.1,20,58,2.9500,10.304346
MTDwidth,0.1,20,59,3.0000,10.302434
MTDwidth,0.1,20,60,3.0500,10.301465
MTDwidth,0.1,20,61,3.1000,10.300936
MTDwidth,0.1,20,62,3.1500,10.300734
MTDwidth,0.1,20,63,3.2000,10.300425
MTDwidth,0.1,20,64,3.2500,10.300024
MTDwidth,0.1,20,65,3.3000,10.298642
MTDwidth,0.1,20,66,3.3500,10.297796
MTDwidth,0.1,20,67,3.4000,10.295882
MTDwidth,0.1,20,68,3.4500,10.294793
MTDwidth,0.1,20,69,3.5000,10.294702
MTDwidth,0.1,20,70,3.5500,10.294689
MTDwidth,0.1,20,71,3.6000,10.196267
MTDwidth,0.1,20,72,3.6500,10.181136
MTDwidth,0.1,20,73,3.7000,10.130334
MTDwidth,0.1,20,74,3.7500,10.114386
MTDwidth,0.1,20,75,3.8000,10.113405
MTDwidth,0.1,20,76,3.8500,10.024073
MTDwidth,0.1,20,77,3.9000,10.022771
MTDwidth,0.1,20,78,3.9500,10.021925
MTDwidth,0.1,20,79,4.0000,10.020199
MTDwidth,0.1,20,80,4.0500,10.018085
MTDwidth,0.1,20,81,4.1000,10.016729
MTDwidth,0.1,20,82,4.1500,10.015955
MTDwidth,0.1,20,83,4.2000,10.015551
MTDwidth,0.1,20,84,4.2500,10.015208
MTDwidth,0.1,20,85,4.3000,9.965714
MTDwidth,0.1,20,86,4.3500,9.747398
MTDwidth,0.1,20,87,4.4000,9.476726
MTDwidth,0.1,20,88,4.4500,9.089527
MTDwidth,0.1,20,89,4.5000,8.764023
MTDwidth,0.1,20,90,4.5500,8.758344
MTDwidth,0.1,20,91,4.6000,8.757423
MTDwidth,0.1,20,92,4.6500,8.756296
MTDwidth,0.1,20,93,4.7000,8.754394
MTDwidth,0.1,20,94,4.7500,8.751399
MTDwidth,0.1,20,95,4.8000,8.749193
MTDwidth,0.1,20,96,4.8500,8.746275
MTDwidth,0.1,20,97,4.9000,8.744428
MTDwidth,0.1,20,98,4.9500,8.742288
MTDwidth,0.1,20,99,5.0000,8.738355
MTDwidth,0.1,20,100,5.0500,8.734512
MTDwidth,0.1,20,101,5.1000,8.732232
MTDwidth,0.1,20,102,5.1500,8.729867
MTDwidth,0.1,20,103,5.2000,8.727842
MTDwidth,0.1,20,104,5.2500,8.725118
MTDwidth,0.1,20,105,5.3000,8.721506
MTDwidth,0.1,20,106,5.3500,8.719827
MTDwidth,0.1,20,107,5.4000,8.717244
MTDwidth,0.1,20,108,5.4500,8.715759
MTDwidth,0.1,20,109,5.5000,8.714937
MTDwidth,0.1,20,110,5.5500,8.712752
MTDwidth,0.1,20,111,5.6000,8.711035
MTDwidth,0.1,20,112,5.6500,8.709602
MTDwidth,0.1,20,113,5.7000,8.707953
MTDwidth,0.1,20,114,5.7500,8.706300
MTDwidth,0.1,20,115,5.8000,8.705634
MTDwidth,0.1,20,116,5.8500,8.703272
MTDwidth,0.1,20,117,5.9000,8.699794
MTDwidth,0.1,20,118,5.9500,8.697868
MTDwidth,0.1,20,119,6.0000,8.696776
MTDwidth,0.1,20,120,6.0500,8.678946
MTDwidth,0.1,20,121,6.1000,8.620239
MTDwidth,0.1,20,122,6.1500,8.595365
MTDwidth,0.1,20,123,6.2000,8.477644
MTDwidth,0.1,20,124,6.2500,8.311043
MTDwidth,0.1,20,125,6.3000,8.049881
MTDwidth,0.1,20,126,6.3500,8.023028
MTDwidth,0.1,20,127,6.4000,7.955777
MTDwidth,0.1,20,128,6.4500,7.843975
MTDwidth,0.1,20,129,6.5000,7.676147
MTDwidth,0.1,20,130,6.5500,7.575210
MTDwidth,0.1,20,131,6.6000,7.502821
MTDwidth,0.1,20,132,6.6500,7.387232
MTDwidth,0.1,20,133,6.7000,7.332459
MTDwidth,0.1,20,134,6.7500,7.328889
MTDwidth,0.1,20,135,6.8000,7.326154
MTDwidth,0.1,20,136,6.8500,7.315903
MTDwidth,0.1,20,137,6.9000,7.293959
MTDwidth,0.1,20,138,6.9500,7.263583
MTDwidth,0.1,20,139,7.0000,7.229592
MTDwidth,0.1,20,140,7.0500,7.209625
MTDwidth,0.1,20,141,7.1000,7.206800
MTDwidth,0.1,20,142,7.1500,7.200370
MTDwidth,0.1,20,143,7.2000,7.194972
MTDwidth,0.1,20,144,7.2500,7.189842
MTDwidth,0.1,20,145,7.3000,7.188574
MTDwidth,0.1,20,146,7.3500,7.206927
MTDwidth,0.1,20,147,7.4000,7.246693
MTDwidth,0.1,20,148,7.4500,7.310909
MTDwidth,0.1,20,149,7.5000,7.346601
MTDwidth,0.1,20,150,7.5500,7.443146
MTDwidth,0.1,20,151,7.6000,7.537074
MTDwidth,0.1,20,152,7.6500,7.590951
MTDwidth,0.1,20,153,7.7000,7.585850
MTDwidth,0.1,20,154,7.7500,7.583151
MTDwidth,0.1,20,155,7.8000,7.609236
MTDwidth,0.1,20,156,7.8500,7.614720
MTDwidth,0.1,20,157,7.9000,7.613039
MTDwidth,0.1,20,158,7.9500,7.610972
MTDwidth,0.1,20,159,8.0000,7.608637
MTDwidth,0.1,20,160,8.0500,7.631330
MTDwidth,0.1,20,161,8.1000,7.723472
MTDwidth,0.1,20,162,8.1500,7.860347
MTDwidth,0.1,20,163,8.2000,7.892549
MTDwidth,0.1,20,164,8.2500,7.993451
MTDwidth,0.1,20,165,8.3000,8.013388
MTDwidth,0.1,20,166,8.3500,8.026001
MTDwidth,0.1,20,167,8.4000,8.081995
MTDwidth,0.1,20,168,8.4500,8.115904
MTDwidth,0.1,20,169,8.5000,8.131834
MTDwidth,0.1,20,170,8.5500,8.143399
MTDwidth,0.1,20,171,8.6000,8.140649
MTDwidth,0.1,20,172,8.6500,8.138730
MTDwidth,0.1,20,173,8.7000,8.134368
MTDwidth,0.1,20,174,8.7500,8.133360
MTDwidth,0.1,20,175,8.8000,8.132075
MTDwidth,0.1,20,176,8.8500,8.132964
MTDwidth,0.1,20,177,8.9000,8.130368
MTDwidth,0.1,20,178,8.9500,8.124402
MTDwidth,0.1,20,179,9.0000,8.117599
MTDwidth,0.1,20,180,9.0500,8.113486
MTDwidth,0.1,20,181,9.1000,8.131930
MTDwidth,0.1,20,182,9.1500,8.130848
MTDwidth,0.1,20,183,9.2000,8.165236
MTDwidth,0.1,20,184,9.2500,8.280580
MTDwidth,0.1,20,185,9.3000,8.382626
MTDwidth,0.1,20,186,9.3500,8.466462
MTDwidth,0.1,20,187,9.4000,8.489188
MTDwidth,0.1,20,188,9.4500,8.543921
MTDwidth,0.1,20,189,9.5000,8.595209
MTDwidth,0.1,20,190,9.5500,8.588233
MTDwidth,0.1,20,191,9.6000,8.579370
MTDwidth,0.1,20,192,9.6500,8.597977
MTDwidth,0.1,20,193,9.7000,8.592473
MTDwidth,0.1,20,194,9.7500,8.584568
MTDwidth,0.1,20,195,9.8000,8.577401
MTDwidth,0.1,20,196,9.8500,8.579084
MTDwidth,0.1,20,197,9.9000,8.592910
MTDwidth,0.1,20,198,9.9500,8.589484
MTDwidth,0.1,20,199,10.0000,8.585286
MTDwidth,0.1,30,0,0.0500,15.595185
MTDwidth,0.1,30,1,0.1000,15.358308
MTDwidth,0.1,30,2,0.1500,15.091516
MTDwidth,0.1,30,3,0.2000,14.766541
MTDwidth,0.1,30,4,0.2500,14.498552
MTDwidth,0.1,30,5,0.3000,14.107969
MTDwidth,0.1,30,6,0.3500,13.818853
MTDwidth,0.1,30,7,0.4000,13.621137
MTDwidth,0.1,30,8,0.4500,13.358143
MTDwidth,0.1,30,9,0.5000,13.238907
MTDwidth,0.1,30,10,0.5500,12.791981
MTDwidth,0.1,30,11,0.6000,12.144380
MTDwidth,0.1,30,12,0.6500,11.863249
MTDwidth,0.1,30,13,0.7000,11.633285
MTDwidth,0.1,30,14,0.7500,11.633288
MTDwidth,0.1,30,15,0.8000,11.632191
MTDwidth,0.1,30,16,0.8500,11.632111
MTDwidth,0.1,30,17,0.9000,11.454750
MTDwidth,0.1,30,18,0.9500,10.936876
MTDwidth,0.1,30,19,1.0000,10.807078
MTDwidth,0.1,30,20,1.0500,10.740716
MTDwidth,0.1,30,21,1.1000,10.738710
MTDwidth,0.1,30,22,1.1500,10.737328
MTDwidth,0.1,30,23,1.2000,10.735143
MTDwidth,0.1,30,24,1.2500,10.733660
MTDwidth,0.1,30,25,1.3000,10.733011
MTDwidth,0.1,30,26,1.3500,10.732120
MTDwidth,0.1,30,27,1.4000,10.731896
MTDwidth,0.1,30,28,1.4500,10.731618
MTDwidth,0.1,30,29,1.5000,10.731290
MTDwidth,0.1,30,30,1.5500,10.731085
MTDwidth,0.1,30,31,1.6000,10.730761
MTDwidth,0.1,30,32,1.6500,10.679558
MTDwidth,0.1,30,33,1.7000,10.444409
MTDwidth,0.1,30,34,1.7500,10.392764
MTDwidth,0.1,30,35,1.8000,10.278371
MTDwidth,0.1,30,36,1.8500,10.208952
MTDwidth,0.1,30,37,1.9000,10.162397
MTDwidth,0.1,30,38,1.9500,9.954604
MTDwidth,0.1,30,39,2.0000,9.607067
MTDwidth,0.1,30,40,2.0500,9.257482
MTDwidth,0.1,30,41,2.1000,9.155398
MTDwidth,0.1,30,42,2.1500,9.149706
MTDwidth,0.1,30,43,2.2000,9.148909
MTDwidth,0.1,30,44,2.2500,9.147520
MTDwidth,0.1,30,45,2.3000,9.146821
MTDwidth,0.1,30,46,2.3500,9.146604
MTDwidth,0.1,30,47,2.4000,9.145952
MTDwidth,0.1,30,48,2.4500,9.144921
MTDwidth,0.1,30,49,2.5000,9.144307
MTDwidth,0.1,30,50,2.5500,9.143935
MTDwidth,0.1,30,51,2.6000,9.143282
MTDwidth,0.1,30,52,2.6500,9.143215
MTDwidth,0.1,30,53,2.7000,9.143047
MTDwidth,0.1,30,54,2.7500,9.142736
MTDwidth,0.1,30,55,2.8000,9.142676
MTDwidth,0.1,30,56,2.8500,9.142629
MTDwidth,0.1,30,57,2.9000,9.142629
MTDwidth,0.1,30,58,2.9500,9.142565
MTDwidth,0.1,30,59,3.0000,9.142198
MTDwidth,0.1,30,60,3.0500,9.142084
MTDwidth,0.1,30,61,3.1000,9.142004
MTDwidth,0.1,30,62,3.1500,9.142001
MTDwidth,0.1,30,63,3.2000,9.141984
MTDwidth,0.1,30,64,3.2500,9.141908
MTDwidth,0.1,30,65,3.3000,9.141714
MTDwidth,0.1,30,66,3.3500,9.141592
MTDwidth,0.1,30,67,3.4000,9.141234
MTDwidth,0.1,30,68,3.4500,9.140868
MTDwidth,0.1,30,69,3.5000,9.140824
MTDwidth,0.1,30,70,3.5500,9.140821
MTDwidth,0.1,30,71,3.6000,9.140821
MTDwidth,0.1,30,72,3.6500,9.140820
MTDwidth,0.1,30,73,3.7000,9.140820
MTDwidth,0.1,30,74,3.7500,9.140821
MTDwidth,0.1,30,75,3.8000,9.140826
MTDwidth,0.1,30,76,3.8500,9.140827
MTDwidth,0.1,30,77,3.9000,9.140828
MTDwidth,0.1,30,78,3.9500,9.140828
MTDwidth,0.1,30,79,4.0000,9.140828
MTDwidth,0.1,30,80,4.0500,9.140830
MTDwidth,0.1,30,81,4.1000,9.140839
MTDwidth,0.1,30,82,4.1500,9.140839
MTDwidth,0.1,30,83,4.2000,9.140840
MTDwidth,0.1,30,84,4.2500,9.140854
MTDwidth,0.1,30,85,4.3000,9.140872
MTDwidth,0.1,30,86,4.3500,9.140873
MTDwidth,0.1,30,87,4.4000,9.140873
MTDwidth,0.1,30,88,4.4500,9.140873
MTDwidth,0.1,30,89,4.5000,9.140873
MTDwidth,0.1,30,90,4.5500,9.140873
MTDwidth,0.1,30,91,4.6000,9.140874
MTDwidth,0.1,30,92,4.6500,9.140874
MTDwidth,0.1,30,93,4.7000,9.140874
MTDwidth,0.1,30,94,4.7500,9.140874
MTDwidth,0.1,30,95,4.8000,9.140874
MTDwidth,0.1,30,96,4.8500,9.140918
MTDwidth,0.1,30,97,4.9000,9.140918
MTDwidth,0.1,30,98,4.9500,9.140918
MTDwidth,0.1,30,99,5.0000,9.140928
MTDwidth,0.1,30,100,5.0500,9.140928
MTDwidth,0.1,30,101,5.1000,9.140928
MTDwidth,0.1,30,102,5.1500,9.140928
MTDwidth,0.1,30,103,5.2000,9.140929
MTDwidth,0.1,30,104,5.2500,9.140929
MTDwidth,0.1,30,105,5.3000,9.140929
MTDwidth,0.1,30,106,5.3500,9.140942
MTDwidth,0.1,30,107,5.4000,9.140985
MTDwidth,0.1,30,108,5.4500,9.140992
MTDwidth,0.1,30,109,5.5000,9.140992
MTDwidth,0.1,30,110,5.5500,9.141024
MTDwidth,0.1,30,111,5.6000,9.141041
MTDwidth,0.1,30,112,5.6500,9.141045
MTDwidth,0.1,30,113,5.7000,9.141106
MTDwidth,0.1,30,114,5.7500,9.141106
MTDwidth,0.1,30,115,5.8000,9.141106
MTDwidth,0.1,30,116,5.8500,9.141106
MTDwidth,0.1,30,117,5.9000,9.141158
MTDwidth,0.1,30,118,5.9500,9.141158
MTDwidth,0.1,30,119,6.0000,9.141158
MTDwidth,0.1,30,120,6.0500,9.141201
MTDwidth,0.1,30,121,6.1000,9.141202
MTDwidth,0.1,30,122,6.1500,9.141202
MTDwidth,0.1,30,123,6.2000,9.141202
MTDwidth,0.1,30,124,6.2500,9.141224
MTDwidth,0.1,30,125,6.3000,9.141226
MTDwidth,0.1,30,126,6.3500,9.141226
MTDwidth,0.1,30,127,6.4000,9.141235
MTDwidth,0.1,30,128,6.4500,9.141235
MTDwidth,0.1,30,129,6.5000,9.141235
MTDwidth,0.1,30,130,6.5500,9.141235
MTDwidth,0.1,30,131,6.6000,9.141285
MTDwidth,0.1,30,132,6.6500,9.141285
MTDwidth,0.1,30,133,6.7000,9.141336
MTDwidth,0.1,30,134,6.7500,9.141475
MTDwidth,0.1,30,135,6.8000,9.141475
MTDwidth,0.1,30,136,6.8500,9.141532
MTDwidth,0.1,30,137,6.9000,9.141531
MTDwidth,0.1,30,138,6.9500,9.141531
MTDwidth,0.1,30,139,7.0000,9.141531
MTDwidth,0.1,30,140,7.0500,9.141531
MTDwidth,0.1,30,141,7.1000,9.141531
MTDwidth,0.1,30,142,7.1500,9.141531
MTDwidth,0.1,30,143,7.2000,9.141531
MTDwidth,0.1,30,144,7.2500,9.141531
MTDwidth,0.1,30,145,7.3000,9.141573
MTDwidth,0.1,30,146,7.3500,9.141619
MTDwidth,0.1,30,147,7.4000,9.141615
MTDwidth,0.1,30,148,7.4500,9.140156
MTDwidth,0.1,30,149,7.5000,9.140088
MTDwidth,0.1,30,150,7.5500,9.139704
MTDwidth,0.1,30,151,7.6000,9.139868
MTDwidth,0.1,30,152,7.6500,9.139868
MTDwidth,0.1,30,153,7.7000,9.139929
MTDwidth,0.1,30,154,7.7500,9.140170
MTDwidth,0.1,30,155,7.8000,9.140365
MTDwidth,0.1,30,156,7.8500,9.140510
MTDwidth,0.1,30,157,7.9000,9.140656
MTDwidth,0.1,30,158,7.9500,9.139709
MTDwidth,0.1,30,159,8.0000,9.138754
MTDwidth,0.1,30,160,8.0500,9.138785
MTDwidth,0.1,30,161,8.1000,9.138785
MTDwidth,0.1,30,162,8.1500,9.138722
MTDwidth,0.1,30,163,8.2000,9.138775
MTDwidth,0.1,30,164,8.2500,9.138874
MTDwidth,0.1,30,165,8.3000,9.138959
MTDwidth,0.1,30,166,8.3500,9.139011
MTDwidth,0.1,30,167,8.4000,9.138875
MTDwidth,0.1,30,168,8.4500,9.138288
MTDwidth,0.1,30,169,8.5000,9.138657
MTDwidth,0.1,30,170,8.5500,9.138639
MTDwidth,0.1,30,171,8.6000,9.138899
MTDwidth,0.1,30,172,8.6500,9.139326
MTDwidth,0.1,30,173,8.7000,9.027909
MTDwidth,0.1,30,174,8.7500,9.023541
MTDwidth,0.1,30,175,8.8000,9.023668
MTDwidth,0.1,30,176,8.8500,8.989170
MTDwidth,0.1,30,177,8.9000,8.926260
MTDwidth,0.1,30,178,8.9500,8.860533
MTDwidth,0.1,30,179,9.0000,8.829531
MTDwidth,0.1,30,180,9.0500,8.733538
MTDwidth,0.1,30,181,9.1000,8.612327
MTDwidth,0.1,30,182,9.1500,8.612423
MTDwidth,0.1,30,183,9.2000,8.593375
MTDwidth,0.1,30,184,9.2500,8.590056
MTDwidth,0.1,30,185,9.3000,8.542851
MTDwidth,0.1,30,186,9.3500,8.499965
MTDwidth,0.1,30,187,9.4000,8.444687
MTDwidth,0.1,30,188,9.4500,8.390012
MTDwidth,0.1,30,189,9.5000,8.357623
MTDwidth,0.1,30,190,9.5500,8.333320
MTDwidth,0.1,30,191,9.6000,8.302903
MTDwidth,0.1,30,192,9.6500,8.290262
MTDwidth,0.1,30,193,9.7000,8.211606
MTDwidth,0.1,30,194,9.7500,8.185821
MTDwidth,0.1,30,195,9.8000,8.131051
MTDwidth,0.1,30,196,9.8500,8.131001
MTDwidth,0.1,30,197,9.9000,8.086355
MTDwidth,0.1,30,198,9.9500,8.032345
MTDwidth,0.1,30,199,10.0000,7.974405
MTDwidth,0.1,40,0,0.0500,15.554783
MTDwidth,0.1,40,1,0.1000,15.424388
MTDwidth,0.1,40,2,0.1500,14.984317
MTDwidth,0.1,40,3,0.2000,14.792610
MTDwidth,0.1,40,4,0.2500,14.749567
MTDwidth,0.1,40,5,0.3000,14.749426
MTDwidth,0.1,40,6,0.3500,14.663662
MTDwidth,0.1,40,7,0.4000,14.615825
MTDwidth,0.1,40,8,0.4500,14.551000
MTDwidth,0.1,40,9,0.5000,14.515297
MTDwidth,0.1,40,10,0.5500,14.290938
MTDwidth,0.1,40,11,0.6000,14.290784
MTDwidth,0.1,40,12,0.6500,14.207704
MTDwidth,0.1,40,13,0.7000,14.167204
MTDwidth,0.1,40,14,0.7500,14.024292
MTDwidth,0.1,40,15,0.8000,13.525060
MTDwidth,0.1,40,16,0.8500,13.516740
MTDwidth,0.1,40,17,0.9000,13.493947
MTDwidth,0.1,40,18,0.9500,13.463977
MTDwidth,0.1,40,19,1.0000,13.399800
MTDwidth,0.1,40,20,1.0500,13.268705
MTDwidth,0.1,40,21,1.1000,13.027714
MTDwidth,0.1,40,22,1.1500,12.575292
MTDwidth,0.1,40,23,1.2000,12.258036
MTDwidth,0.1,40,24,1.2500,11.799733
MTDwidth,0.1,40,25,1.3000,11.232327
MTDwidth,0.1,40,26,1.3500,11.001060
MTDwidth,0.1,40,27,1.4000,10.496852
MTDwidth,0.1,40,28,1.4500,10.180896
MTDwidth,0.1,40,29,1.5000,9.971729
MTDwidth,0.1,40,30,1.5500,9.859894
MTDwidth,0.1,40,31,1.6000,9.794117
MTDwidth,0.1,40,32,1.6500,9.737761
MTDwidth,0.1,40,33,1.7000,9.649238
MTDwidth,0.1,40,34,1.7500,9.529472
MTDwidth,0.1,40,35,1.8000,9.454532
MTDwidth,0.1,40,36,1.8500,9.452741
MTDwidth,0.1,40,37,1.9000,9.410272
MTDwidth,0.1,40,38,1.9500,9.314266
MTDwidth,0.1,40,39,2.0000,9.299307
MTDwidth,0.1,40,40,2.0500,9.267336
MTDwidth,0.1,40,41,2.1000,9.229006
MTDwidth,0.1,40,42,2.1500,9.130829
MTDwidth,0.1,40,43,2.2000,9.128076
MTDwidth,0.1,40,44,2.2500,9.125288
MTDwidth,0.1,40,45,2.3000,9.111709
MTDwidth,0.1,40,46,2.3500,8.995110
MTDwidth,0.1,40,47,2.4000,8.934434
MTDwidth,0.1,40,48,2.4500,8.814754
MTDwidth,0.1,40,49,2.5000,8.671712
MTDwidth,0.1,40,50,2.5500,8.537864
MTDwidth,0.1,40,51,2.6000,8.533391
MTDwidth,0.1,40,52,2.6500,8.528078
MTDwidth,0.1,40,53,2.7000,8.512722
MTDwidth,0.1,40,54,2.7500,8.472005
MTDwidth,0.1,40,55,2.8000,8.381132
MTDwidth,0.1,40,56,2.8500,8.222326
MTDwidth,0.1,40,57,2.9000,8.114689
MTDwidth,0.1,40,58,2.9500,8.057117
MTDwidth,0.1,40,59,3.0000,8.045159
MTDwidth,0.1,40,60,3.0500,8.027526
MTDwidth,0.1,40,61,3.1000,7.982171
MTDwidth,0.1,40,62,3.1500,7.980453
MTDwidth,0.1,40,63,3.2000,7.930208
MTDwidth,0.1,40,64,3.2500,7.926893
MTDwidth,0.1,40,65,3.3000,7.924839
MTDwidth,0.1,40,66,3.3500,7.923173
MTDwidth,0.1,40,67,3.4000,7.902694
MTDwidth,0.1,40,68,3.4500,7.845155
MTDwidth,0.1,40,69,3.5000,7.795787
MTDwidth,0.1,40,70,3.5500,7.774109
MTDwidth,0.1,40,71,3.6000,7.770181
MTDwidth,0.1,40,72,3.6500,7.765642
MTDwidth,0.1,40,73,3.7000,7.759579
MTDwidth,0.1,40,74,3.7500,7.752896
MTDwidth,0.1,40,75,3.8000,7.745216
MTDwidth,0.1,40,76,3.8500,7.739055
MTDwidth,0.1,40,77,3.9000,7.734870
MTDwidth,0.1,40,78,3.9500,7.731338
MTDwidth,0.1,40,79,4.0000,7.725696
MTDwidth,0.1,40,80,4.0500,7.721464
MTDwidth,0.1,40,81,4.1000,7.717058
MTDwidth,0.1,40,82,4.1500,7.713796
MTDwidth,0.1,40,83,4.2000,7.710968
MTDwidth,0.1,40,84,4.2500,7.707746
MTDwidth,0.1,40,85,4.3000,7.703314
MTDwidth,0.1,40,86,4.3500,7.699359
MTDwidth,0.1,40,87,4.4000,7.691874
MTDwidth,0.1,40,88,4.4500,7.685518
MTDwidth,0.1,40,89,4.5000,7.682955
MTDwidth,0.1,40,90,4.5500,7.680173
MTDwidth,0.1,40,91,4.6000,7.677527
MTDwidth,0.1,40,92,4.6500,7.674323
MTDwidth,0.1,40,93,4.7000,7.668116
MTDwidth,0.1,40,94,4.7500,7.663301
MTDwidth,0.1,40,95,4.8000,7.659090
MTDwidth,0.1,40,96,4.8500,7.654634
MTDwidth,0.1,40,97,4.9000,7.649959
MTDwidth,0.1,40,98,4.9500,7.645314
MTDwidth,0.1,40,99,5.0000,7.641512
MTDwidth,0.1,40,100,5.0500,7.636497
MTDwidth,0.1,40,101,5.1000,7.632441
MTDwidth,0.1,40,102,5.1500,7.629603
MTDwidth,0.1,40,103,5.2000,7.625566
MTDwidth,0.1,40,104,5.2500,7.622299
MTDwidth,0.1,40,105,5.3000,7.620554
MTDwidth,0.1,40,106,5.3500,7.617814
MTDwidth,0.1,40,107,5.4000,7.615427
MTDwidth,0.1,40,108,5.4500,7.611916
MTDwidth,0.1,40,109,5.5000,7.609307
MTDwidth,0.1,40,110,5.5500,7.607121
MTDwidth,0.1,40,111,5.6000,7.604629
MTDwidth,0.1,40,112,5.6500,7.603124
MTDwidth,0.1,40,113,5.7000,7.601132
MTDwidth,0.1,40,114,5.7500,7.600115
MTDwidth,0.1,40,115,5.8000,7.599728
MTDwidth,0.1,40,116,5.8500,7.598600
MTDwidth,0.1,40,117,5.9000,7.597471
MTDwidth,0.1,40,118,5.9500,7.596274
MTDwidth,0.1,40,119,6.0000,7.594852
MTDwidth,0.1,40,120,6.0500,7.594085
MTDwidth,0.1,40,121,6.1000,7.593091
MTDwidth,0.1,40,122,6.1500,7.592146
MTDwidth,0.1,40,123,6.2000,7.591388
MTDwidth,0.1,40,124,6.2500,7.590485
MTDwidth,0.1,40,125,6.3000,7.588762
MTDwidth,0.1,40,126,6.3500,7.587775
MTDwidth,0.1,40,127,6.4000,7.586829
MTDwidth,0.1,40,128,6.4500,7.548705
MTDwidth,0.1,40,129,6.5000,7.475350
MTDwidth,0.1,40,130,6.5500,7.420081
MTDwidth,0.1,40,131,6.6000,7.385254
MTDwidth,0.1,40,132,6.6500,7.374447
MTDwidth,0.1,40,133,6.7000,7.355462
MTDwidth,0.1,40,134,6.7500,7.344747
MTDwidth,0.1,40,135,6.8000,7.340973
MTDwidth,0.1,40,136,6.8500,7.340693
MTDwidth,0.1,40,137,6.9000,7.344439
MTDwidth,0.1,40,138,6.9500,7.343323
MTDwidth,0.1,40,139,7.0000,7.343143
MTDwidth,0.1,40,140,7.0500,7.353485
MTDwidth,0.1,40,141,7.1000,7.355954
MTDwidth,0.1,40,142,7.1500,7.362380
MTDwidth,0.1,40,143,7.2000,7.361797
MTDwidth,0.1,40,144,7.2500,7.380118
MTDwidth,0.1,40,145,7.3000,7.402604
MTDwidth,0.1,40,146,7.3500,7.429398
MTDwidth,0.1,40,147,7.4000,7.433837
MTDwidth,0.1,40,148,7.4500,7.444795
MTDwidth,0.1,40,149,7.5000,7.442952
MTDwidth,0.1,40,150,7.5500,7.442595
MTDwidth,0.1,40,151,7.6000,7.440806
MTDwidth,0.1,40,152,7.6500,7.444648
MTDwidth,0.1,40,153,7.7000,7.469208
MTDwidth,0.1,40,154,7.7500,7.480819
MTDwidth,0.1,40,155,7.8000,7.504543
MTDwidth,0.1,40,156,7.8500,7.502450
MTDwidth,0.1,40,157,7.9000,7.509156
MTDwidth,0.1,40,158,7.9500,7.524617
MTDwidth,0.1,40,159,8.0000,7.540787
MTDwidth,0.1,40,160,8.0500,7.582092
MTDwidth,0.1,40,161,8.1000,7.645950
MTDwidth,0.1,40,162,8.1500,7.707146
MTDwidth,0.1,40,163,8.2000,7.767621
MTDwidth,0.1,40,164,8.2500,7.792233
MTDwidth,0.1,40,165,8.3000,7.837435
MTDwidth,0.1,40,166,8.3500,7.934301
MTDwidth,0.1,40,167,8.4000,8.020674
MTDwidth,0.1,40,168,8.4500,8.064757
MTDwidth,0.1,40,169,8.5000,8.117125
MTDwidth,0.1,40,170,8.5500,8.237070
MTDwidth,0.1,40,171,8.6000,8.364700
MTDwidth,0.1,40,172,8.6500,8.584882
MTDwidth,0.1,40,173,8.7000,8.704500
MTDwidth,0.1,40,174,8.7500,8.813629
MTDwidth,0.1,40,175,8.8000,8.939005
MTDwidth,0.1,40,176,8.8500,9.054386
MTDwidth,0.1,40,177,8.9000,9.206599
MTDwidth,0.1,40,178,8.9500,9.267247
MTDwidth,0.1,40,179,9.0000,9.343662
MTDwidth,0.1,40,180,9.0500,9.470362
MTDwidth,0.1,40,181,9.1000,9.551386
MTDwidth,0.1,40,182,9.1500,9.605868
MTDwidth,0.1,40,183,9.2000,9.665610
MTDwidth,0.1,40,184,9.2500,9.666389
MTDwidth,0.1,40,185,9.3000,9.712283
MTDwidth,0.1,40,186,9.3500,9.826860
MTDwidth,0.1,40,187,9.4000,9.973461
MTDwidth,0.1,40,188,9.4500,10.183226
MTDwidth,0.1,40,189,9.5000,10.271982
MTDwidth,0.1,40,190,9.5500,10.340025
MTDwidth,0.1,40,191,9.6000,10.375985
MTDwidth,0.1,40,192,9.6500,10.405405
MTDwidth,0.1,40,193,9.7000,10.468002
MTDwidth,0.1,40,194,9.7500,10.476643
MTDwidth,0.1,40,195,9.8000,10.526906
MTDwidth,0.1,40,196,9.8500,10.531762
MTDwidth,0.1,40,197,9.9000,10.529646
MTDwidth,0.1,40,198,9.9500,10.527099
MTDwidth,0.1,40,199,10.0000,10.525312
MTDwidth,0.1,50,0,0.0500,15.515628
MTDwidth,0.1,50,1,0.1000,15.312389
MTDwidth,0.1,50,2,0.1500,15.231774
MTDwidth,0.1,50,3,0.2000,14.917324
MTDwidth,0.1,50,4,0.2500,14.891833
MTDwidth,0.1,50,5,0.3000,14.552800
MTDwidth,0.1,50,6,0.3500,14.527610
MTDwidth,0.1,50,7,0.4000,14.528477
MTDwidth,0.1,50,8,0.4500,14.529453
MTDwidth,0.1,50,9,0.5000,14.530133
MTDwidth,0.1,50,10,0.5500,14.472110
MTDwidth,0.1,50,11,0.6000,14.399064
MTDwidth,0.1,50,12,0.6500,14.142141
MTDwidth,0.1,50,13,0.7000,13.845768
MTDwidth,0.1,50,14,0.7500,13.585497
MTDwidth,0.1,50,15,0.8000,13.503161
MTDwidth,0.1,50,16,0.8500,13.503973
MTDwidth,0.1,50,17,0.9000,13.504279
MTDwidth,0.1,50,18,0.9500,13.504976
MTDwidth,0.1,50,19,1.0000,13.309607
MTDwidth,0.1,50,20,1.0500,13.310004
MTDwidth,0.1,50,21,1.1000,13.310436
MTDwidth,0.1,50,22,1.1500,13.310615
MTDwidth,0.1,50,23,1.2000,13.310908
MTDwidth,0.1,50,24,1.2500,13.311008
MTDwidth,0.1,50,25,1.3000,13.310958
MTDwidth,0.1,50,26,1.3500,13.310702
MTDwidth,0.1,50,27,1.4000,13.310336
MTDwidth,0.1,50,28,1.4500,13.310149
MTDwidth,0.1,50,29,1.5000,13.310013
MTDwidth,0.1,50,30,1.5500,13.301631
MTDwidth,0.1,50,31,1.6000,13.076889
MTDwidth,0.1,50,32,1.6500,13.019259
MTDwidth,0.1,50,33,1.7000,12.551627
MTDwidth,0.1,50,34,1.7500,11.933843
MTDwidth,0.1,50,35,1.8000,11.500218
MTDwidth,0.1,50,36,1.8500,11.441046
MTDwidth,0.1,50,37,1.9000,11.439896
MTDwidth,0.1,50,38,1.9500,11.437092
MTDwidth,0.1,50,39,2.0000,11.435577
MTDwidth,0.1,50,40,2.0500,11.433593
MTDwidth,0.1,50,41,2.1000,11.432086
MTDwidth,0.1,50,42,2.1500,11.431389
MTDwidth,0.1,50,43,2.2000,11.430931
MTDwidth,0.1,50,44,2.2500,11.430601
MTDwidth,0.1,50,45,2.3000,11.430412
MTDwidth,0.1,50,46,2.3500,11.430338
MTDwidth,0.1,50,47,2.4000,11.430429
MTDwidth,0.1,50,48,2.4500,11.430792
MTDwidth,0.1,50,49,2.5000,11.431337
MTDwidth,0.1,50,50,2.5500,11.431466
MTDwidth,0.1,50,51,2.6000,11.431614
MTDwidth,0.1,50,52,2.6500,11.432125
MTDwidth,0.1,50,53,2.7000,11.432919
MTDwidth,0.1,50,54,2.7500,11.434019
MTDwidth,0.1,50,55,2.8000,11.435108
MTDwidth,0.1,50,56,2.8500,11.436287
MTDwidth,0.1,50,57,2.9000,11.436989
MTDwidth,0.1,50,58,2.9500,11.437580
MTDwidth,0.1,50,59,3.0000,11.400575
MTDwidth,0.1,50,60,3.0500,11.244459
MTDwidth,0.1,50,61,3.1000,10.768535
MTDwidth,0.1,50,62,3.1500,10.610752
MTDwidth,0.1,50,63,3.2000,10.423044
MTDwidth,0.1,50,64,3.2500,10.112280
MTDwidth,0.1,50,65,3.3000,9.720474
MTDwidth,0.1,50,66,3.3500,9.498837
MTDwidth,0.1,50,67,3.4000,9.183721
MTDwidth,0.1,50,68,3.4500,9.044471
MTDwidth,0.1,50,69,3.5000,8.882598
MTDwidth,0.1,50,70,3.5500,8.710770
MTDwidth,0.1,50,71,3.6000,8.622881
MTDwidth,0.1,50,72,3.6500,8.551218
MTDwidth,0.1,50,73,3.7000,8.359629
MTDwidth,0.1,50,74,3.7500,8.211444
MTDwidth,0.1,50,75,3.8000,8.147983
MTDwidth,0.1,50,76,3.8500,8.147152
MTDwidth,0.1,50,77,3.9000,8.145388
MTDwidth,0.1,50,78,3.9500,8.143026
MTDwidth,0.1,50,79,4.0000,8.141638
MTDwidth,0.1,50,80,4.0500,8.140142
MTDwidth,0.1,50,81,4.1000,8.139581
MTDwidth,0.1,50,82,4.1500,8.137676
MTDwidth,0.1,50,83,4.2000,8.107205
MTDwidth,0.1,50,84,4.2500,8.037387
MTDwidth,0.1,50,85,4.3000,8.016325
MTDwidth,0.1,50,86,4.3500,8.015647
MTDwidth,0.1,50,87,4.4000,8.013961
MTDwidth,0.1,50,88,4.4500,8.010093
MTDwidth,0.1,50,89,4.5000,8.008021
MTDwidth,0.1,50,90,4.5500,8.007070
MTDwidth,0.1,50,91,4.6000,8.005128
MTDwidth,0.1,50,92,4.6500,8.002832
MTDwidth,0.1,50,93,4.7000,8.000931
MTDwidth,0.1,50,94,4.7500,7.998770
MTDwidth,0.1,50,95,4.8000,7.996652
MTDwidth,0.1,50,96,4.8500,7.995711
MTDwidth,0.1,50,97,4.9000,7.993923
MTDwidth,0.1,50,98,4.9500,7.991748
MTDwidth,0.1,50,99,5.0000,7.990848
MTDwidth,0.1,50,100,5.0500,7.989185
MTDwidth,0.1,50,101,5.1000,7.986937
MTDwidth,0.1,50,102,5.1500,7.985148
MTDwidth,0.1,50,103,5.2000,7.982634
MTDwidth,0.1,50,104,5.2500,7.981586
MTDwidth,0.1,50,105,5.3000,7.980462
MTDwidth,0.1,50,106,5.3500,7.979880
MTDwidth,0.1,50,107,5.4000,7.979575
MTDwidth,0.1,50,108,5.4500,7.979861
MTDwidth,0.1,50,109,5.5000,7.980104
MTDwidth,0.1,50,110,5.5500,7.980487
MTDwidth,0.1,50,111,5.6000,7.980667
MTDwidth,0.1,50,112,5.6500,7.980782
MTDwidth,0.1,50,113,5.7000,7.981010
MTDwidth,0.1,50,114,5.7500,7.981361
MTDwidth,0.1,50,115,5.8000,7.981534
MTDwidth,0.1,50,116,5.8500,7.981683
MTDwidth,0.1,50,117,5.9000,7.974769
MTDwidth,0.1,50,118,5.9500,7.935498
MTDwidth,0.1,50,119,6.0000,7.894321
MTDwidth,0.1,50,120,6.0500,7.874915
MTDwidth,0.1,50,121,6.1000,7.874851
MTDwidth,0.1,50,122,6.1500,7.857488
MTDwidth,0.1,50,123,6.2000,7.857617
MTDwidth,0.1,50,124,6.2500,7.846803
MTDwidth,0.1,50,125,6.3000,7.847088
MTDwidth,0.1,50,126,6.3500,7.845389
MTDwidth,0.1,50,127,6.4000,7.839863
MTDwidth,0.1,50,128,6.4500,7.840611
MTDwidth,0.1,50,129,6.5000,7.841506
MTDwidth,0.1,50,130,6.5500,7.841815
MTDwidth,0.1,50,131,6.6000,7.842267
MTDwidth,0.1,50,132,6.6500,7.842524
MTDwidth,0.1,50,133,6.7000,7.842276
MTDwidth,0.1,50,134,6.7500,7.840913
MTDwidth,0.1,50,135,6.8000,7.838531
MTDwidth,0.1,50,136,6.8500,7.836471
MTDwidth,0.1,50,137,6.9000,7.835648
MTDwidth,0.1,50,138,6.9500,7.833246
MTDwidth,0.1,50,139,7.0000,7.829935
MTDwidth,0.1,50,140,7.0500,7.826302
MTDwidth,0.1,50,141,7.1000,7.825129
MTDwidth,0.1,50,142,7.1500,7.823801
MTDwidth,0.1,50,143,7.2000,7.822354
MTDwidth,0.1,50,144,7.2500,7.820509
MTDwidth,0.1,50,145,7.3000,7.819136
MTDwidth,0.1,50,146,7.3500,7.817790
MTDwidth,0.1,50,147,7.4000,7.815998
MTDwidth,0.1,50,148,7.4500,7.814709
MTDwidth,0.1,50,149,7.5000,7.813684
MTDwidth,0.1,50,150,7.5500,7.813407
MTDwidth,0.1,50,151,7.6000,7.812767
MTDwidth,0.1,50,152,7.6500,7.811658
MTDwidth,0.1,50,153,7.7000,7.811249
MTDwidth,0.1,50,154,7.7500,7.810021
MTDwidth,0.1,50,155,7.8000,7.809319
MTDwidth,0.1,50,156,7.8500,7.809700
MTDwidth,0.1,50,157,7.9000,7.808873
MTDwidth,0.1,50,158,7.9500,7.808625
MTDwidth,0.1,50,159,8.0000,7.808648
MTDwidth,0.1,50,160,8.0500,7.807863
MTDwidth,0.1,50,161,8.1000,7.808279
MTDwidth,0.1,50,162,8.1500,7.809076
MTDwidth,0.1,50,163,8.2000,7.808674
MTDwidth,0.1,50,164,8.2500,7.807946
MTDwidth,0.1,50,165,8.3000,7.807405
MTDwidth,0.1,50,166,8.3500,7.807045
MTDwidth,0.1,50,167,8.4000,7.806795
MTDwidth,0.1,50,168,8.4500,7.807894
MTDwidth,0.1,50,169,8.5000,7.808689
MTDwidth,0.1,50,170,8.5500,7.809262
MTDwidth,0.1,50,171,8.6000,7.809379
MTDwidth,0.1,50,172,8.6500,7.809209
MTDwidth,0.1,50,173,8.7000,7.809173
MTDwidth,0.1,50,174,8.7500,7.809360
MTDwidth,0.1,50,175,8.8000,7.810089
MTDwidth,0.1,50,176,8.8500,7.810251
MTDwidth,0.1,50,177,8.9000,7.810978
MTDwidth,0.1,50,178,8.9500,7.811993
MTDwidth,0.1,50,179,9.0000,7.812278
MTDwidth,0.1,50,180,9.0500,7.813267
MTDwidth,0.1,50,181,9.1000,7.814448
MTDwidth,0.1,50,182,9.1500,7.816141
MTDwidth,0.1,50,183,9.2000,7.817137
MTDwidth,0.1,50,184,9.2500,7.791576
MTDwidth,0.1,50,185,9.3000,7.737498
MTDwidth,0.1,50,186,9.3500,7.657534
MTDwidth,0.1,50,187,9.4000,7.614326
MTDwidth,0.1,50,188,9.4500,7.613595
MTDwidth,0.1,50,189,9.5000,7.613370
MTDwidth,0.1,50,190,9.5500,7.596077
MTDwidth,0.1,50,191,9.6000,7.595121
MTDwidth,0.1,50,192,9.6500,7.584360
MTDwidth,0.1,50,193,9.7000,7.585242
MTDwidth,0.1,50,194,9.7500,7.585204
MTDwidth,0.1,50,195,9.8000,7.538856
MTDwidth,0.1,50,196,9.8500,7.481415
MTDwidth,0.1,50,197,9.9000,7.434903
MTDwidth,0.1,50,198,9.9500,7.391721
MTDwidth,0.1,50,199,10.0000,7.361460
MTDwidth,0.5,10,0,0.0500,15.040746
MTDwidth,0.5,10,1,0.1000,14.340798
MTDwidth,0.5,10,2,0.1500,13.572531
MTDwidth,0.5,10,3,0.2000,12.605135
MTDwidth,0.5,10,4,0.2500,12.119545
MTDwidth,0.5,10,5,0.3000,11.872410
MTDwidth,0.5,10,6,0.3500,11.711597
MTDwidth,0.5,10,7,0.4000,11.626307
MTDwidth,0.5,10,8,0.4500,11.114395
MTDwidth,0.5,10,9,0.5000,10.932844
MTDwidth,0.5,10,10,0.5500,10.870539
MTDwidth,0.5,10,11,0.6000,10.867761
MTDwidth,0.5,10,12,0.6500,10.585002
MTDwidth,0.5,10,13,0.7000,10.530132
MTDwidth,0.5,10,14,0.7500,10.522351
MTDwidth,0.5,10,15,0.8000,10.429719
MTDwidth,0.5,10,16,0.8500,10.413336
MTDwidth,0.5,10,17,0.9000,10.245582
MTDwidth,0.5,10,18,0.9500,10.223019
MTDwidth,0.5,10,19,1.0000,10.150967
MTDwidth,0.5,10,20,1.0500,10.125539
MTDwidth,0.5,10,21,1.1000,10.124268
MTDwidth,0.5,10,22,1.1500,10.123574
MTDwidth,0.5,10,23,1.2000,10.123023
MTDwidth,0.5,10,24,1.2500,10.026199
MTDwidth,0.5,10,25,1.3000,9.871286
MTDwidth,0.5,10,26,1.3500,9.504627
MTDwidth,0.5,10,27,1.4000,9.289875
MTDwidth,0.5,10,28,1.4500,9.106331
MTDwidth,0.5,10,29,1.5000,9.045410
MTDwidth,0.5,10,30,1.5500,8.865399
MTDwidth,0.5,10,31,1.6000,8.732614
MTDwidth,0.5,10,32,1.6500,8.657653
MTDwidth,0.5,10,33,1.7000,8.593790
MTDwidth,0.5,10,34,1.7500,8.480577
MTDwidth,0.5,10,35,1.8000,8.254612
MTDwidth,0.5,10,36,1.8500,7.930875
MTDwidth,0.5,10,37,1.9000,7.651309
MTDwidth,0.5,10,38,1.9500,7.569385
MTDwidth,0.5,10,39,2.0000,7.499182
MTDwidth,0.5,10,40,2.0500,7.408092
MTDwidth,0.5,10,41,2.1000,7.377773
MTDwidth,0.5,10,42,2.1500,7.253988
MTDwidth,0.5,10,43,2.2000,7.196548
MTDwidth,0.5,10,44,2.2500,7.155568
MTDwidth,0.5,10,45,2.3000,7.143148
MTDwidth,0.5,10,46,2.3500,7.128851
MTDwidth,0.5,10,47,2.4000,7.068920
MTDwidth,0.5,10,48,2.4500,7.042312
MTDwidth,0.5,10,49,2.5000,6.988063
MTDwidth,0.5,10,50,2.5500,6.923372
MTDwidth,0.5,10,51,2.6000,6.867164
MTDwidth,0.5,10,52,2.6500,6.828223
MTDwidth,0.5,10,53,2.7000,6.773052
MTDwidth,0.5,10,54,2.7500,6.747314
MTDwidth,0.5,10,55,2.8000,6.703486
MTDwidth,0.5,10,56,2.8500,6.662960
MTDwidth,0.5,10,57,2.9000,6.628102
MTDwidth,0.5,10,58,2.9500,6.577936
MTDwidth,0.5,10,59,3.0000,6.501612
MTDwidth,0.5,10,60,3.0500,6.441074
MTDwidth,0.5,10,61,3.1000,6.330970
MTDwidth,0.5,10,62,3.1500,6.301446
MTDwidth,0.5,10,63,3.2000,6.221822
MTDwidth,0.5,10,64,3.2500,6.117624
MTDwidth,0.5,10,65,3.3000,6.078373
MTDwidth,0.5,10,66,3.3500,6.026561
MTDwidth,0.5,10,67,3.4000,5.915653
MTDwidth,0.5,10,68,3.4500,5.870214
MTDwidth,0.5,10,69,3.5000,5.808993
MTDwidth,0.5,10,70,3.5500,5.767646
MTDwidth,0.5,10,71,3.6000,5.748377
MTDwidth,0.5,10,72,3.6500,5.740599
MTDwidth,0.5,10,73,3.7000,5.736101
MTDwidth,0.5,10,74,3.7500,5.709380
MTDwidth,0.5,10,75,3.8000,5.697584
MTDwidth,0.5,10,76,3.8500,5.702722
MTDwidth,0.5,10,77,3.9000,5.694729
MTDwidth,0.5,10,78,3.9500,5.676034
MTDwidth,0.5,10,79,4.0000,5.659960
MTDwidth,0.5,10,80,4.0500,5.650745
MTDwidth,0.5,10,81,4.1000,5.635449
MTDwidth,0.5,10,82,4.1500,5.627100
MTDwidth,0.5,10,83,4.2000,5.610713
MTDwidth,0.5,10,84,4.2500,5.591666
MTDwidth,0.5,10,85,4.3000,5.581481
MTDwidth,0.5,10,86,4.3500,5.562246
MTDwidth,0.5,10,87,4.4000,5.559492
MTDwidth,0.5,10,88,4.4500,5.557629
MTDwidth,0.5,10,89,4.5000,5.548629
MTDwidth,0.5,10,90,4.5500,5.504529
MTDwidth,0.5,10,91,4.6000,5.461821
MTDwidth,0.5,10,92,4.6500,5.423816
MTDwidth,0.5,10,93,4.7000,5.390849
MTDwidth,0.5,10,94,4.7500,5.352076
MTDwidth,0.5,10,95,4.8000,5.313816
MTDwidth,0.5,10,96,4.8500,5.274456
MTDwidth,0.5,10,97,4.9000,5.236064
MTDwidth,0.5,10,98,4.9500,5.207166
MTDwidth,0.5,10,99,5.0000,5.190182
MTDwidth,0.5,10,100,5.0500,5.166270
MTDwidth,0.5,10,101,5.1000,5.138454
MTDwidth,0.5,10,102,5.1500,5.114773
MTDwidth,0.5,10,103,5.2000,5.104716
MTDwidth,0.5,10,104,5.2500,5.100590
MTDwidth,0.5,10,105,5.3000,5.083845
MTDwidth,0.5,10,106,5.3500,5.049961
MTDwidth,0.5,10,107,5.4000,5.007063
MTDwidth,0.5,10,108,5.4500,4.970379
MTDwidth,0.5,10,109,5.5000,4.931833
MTDwidth,0.5,10,110,5.5500,4.896356
MTDwidth,0.5,10,111,5.6000,4.856484
MTDwidth,0.5,10,112,5.6500,4.822809
MTDwidth,0.5,10,113,5.7000,4.791184
MTDwidth,0.5,10,114,5.7500,4.759575
MTDwidth,0.5,10,115,5.8000,4.724012
MTDwidth,0.5,10,116,5.8500,4.689551
MTDwidth,0.5,10,117,5.9000,4.654804
MTDwidth,0.5,10,118,5.9500,4.623387
MTDwidth,0.5,10,119,6.0000,4.591989
MTDwidth,0.5,10,120,6.0500,4.559603
MTDwidth,0.5,10,121,6.1000,4.528718
MTDwidth,0.5,10,122,6.1500,4.501178
MTDwidth,0.5,10,123,6.2000,4.468715
MTDwidth,0.5,10,124,6.2500,4.438436
MTDwidth,0.5,10,125,6.3000,4.426105
MTDwidth,0.5,10,126,6.3500,4.406863
MTDwidth,0.5,10,127,6.4000,4.390441
MTDwidth,0.5,10,128,6.4500,4.369302
MTDwidth,0.5,10,129,6.5000,4.342588
MTDwidth,0.5,10,130,6.5500,4.317574
MTDwidth,0.5,10,131,6.6000,4.291241
MTDwidth,0.5,10,132,6.6500,4.272246
MTDwidth,0.5,10,133,6.7000,4.252709
MTDwidth,0.5,10,134,6.7500,4.241435
MTDwidth,0.5,10,135,6.8000,4.231746
MTDwidth,0.5,10,136,6.8500,4.219061
MTDwidth,0.5,10,137,6.9000,4.214792
MTDwidth,0.5,10,138,6.9500,4.202367
MTDwidth,0.5,10,139,7.0000,4.183744
MTDwidth,0.5,10,140,7.0500,4.168977
MTDwidth,0.5,10,141,7.1000,4.149515
MTDwidth,0.5,10,142,7.1500,4.136600
MTDwidth,0.5,10,143,7.2000,4.123517
MTDwidth,0.5,10,144,7.2500,4.110499
MTDwidth,0.5,10,145,7.3000,4.105961
MTDwidth,0.5,10,146,7.3500,4.122664
MTDwidth,0.5,10,147,7.4000,4.114067
MTDwidth,0.5,10,148,7.4500,4.127838
MTDwidth,0.5,10,149,7.5000,4.118082
MTDwidth,0.5,10,150,7.5500,4.112404
MTDwidth,0.5,10,151,7.6000,4.110474
MTDwidth,0.5,10,152,7.6500,4.102390
MTDwidth,0.5,10,153,7.7000,4.104637
MTDwidth,0.5,10,154,7.7500,4.089381
MTDwidth,0.5,10,155,7.8000,4.089125
MTDwidth,0.5,10,156,7.8500,4.096656
MTDwidth,0.5,10,157,7.9000,4.118181
MTDwidth,0.5,10,158,7.9500,4.092958
MTDwidth,0.5,10,159,8.0000,4.075727
MTDwidth,0.5,10,160,8.0500,4.055510
MTDwidth,0.5,10,161,8.1000,4.031508
MTDwidth,0.5,10,162,8.1500,4.005194
MTDwidth,0.5,10,163,8.2000,3.983520
MTDwidth,0.5,10,164,8.2500,3.963076
MTDwidth,0.5,10,165,8.3000,3.958198
MTDwidth,0.5,10,166,8.3500,3.939749
MTDwidth,0.5,10,167,8.4000,3.934902
MTDwidth,0.5,10,168,8.4500,3.923700
MTDwidth,0.5,10,169,8.5000,3.917200
MTDwidth,0.5,10,170,8.5500,3.916910
MTDwidth,0.5,10,171,8.6000,3.929001
MTDwidth,0.5,10,172,8.6500,3.942623
MTDwidth,0.5,10,173,8.7000,3.925502
MTDwidth,0.5,10,174,8.7500,3.908502
MTDwidth,0.5,10,175,8.8000,3.893447
MTDwidth,0.5,10,176,8.8500,3.881098
MTDwidth,0.5,10,177,8.9000,3.865728
MTDwidth,0.5,10,178,8.9500,3.850649
MTDwidth,0.5,10,179,9.0000,3.840138
MTDwidth,0.5,10,180,9.0500,3.823371
MTDwidth,0.5,10,181,9.1000,3.797613
MTDwidth,0.5,10,182,9.1500,3.797414
MTDwidth,0.5,10,183,9.2000,3.759269
MTDwidth,0.5,10,184,9.2500,3.740823
MTDwidth,0.5,10,185,9.3000,3.696464
MTDwidth,0.5,10,186,9.3500,3.666308
MTDwidth,0.5,10,187,9.4000,3.641674
MTDwidth,0.5,10,188,9.4500,3.595203
MTDwidth,0.5,10,189,9.5000,3.553969
MTDwidth,0.5,10,190,9.5500,3.517196
MTDwidth,0.5,10,191,9.6000,3.484197
MTDwidth,0.5,10,192,9.6500,3.451307
MTDwidth,0.5,10,193,9.7000,3.417759
MTDwidth,0.5,10,194,9.7500,3.388326
MTDwidth,0.5,10,195,9.8000,3.361208
MTDwidth,0.5,10,196,9.8500,3.332060
MTDwidth,0.5,10,197,9.9000,3.309134
MTDwidth,0.5,10,198,9.9500,3.288106
MTDwidth,0.5,10,199,10.0000,3.268844
MTDwidth,0.5,20,0,0.0500,14.905750
MTDwidth,0.5,20,1,0.1000,14.312108
MTDwidth,0.5,20,2,0.1500,14.310142
MTDwidth,0.5,20,3,0.2000,14.190142
MTDwidth,0.5,20,4,0.2500,13.485695
MTDwidth,0.5,20,5,0.3000,13.295891
MTDwidth,0.5,20,6,0.3500,13.051121
MTDwidth,0.5,20,7,0.4000,12.906722
MTDwidth,0.5,20,8,0.4500,12.616449
MTDwidth,0.5,20,9,0.5000,12.123249
MTDwidth,0.5,20,10,0.5500,11.853001
MTDwidth,0.5,20,11,0.6000,11.852291
MTDwidth,0.5,20,12,0.6500,11.853242
MTDwidth,0.5,20,13,0.7000,11.672534
MTDwidth,0.5,20,14,0.7500,10.939490
MTDwidth,0.5,20,15,0.8000,10.511634
MTDwidth,0.5,20,16,0.8500,10.150355
MTDwidth,0.5,20,17,0.9000,9.977400
MTDwidth,0.5,20,18,0.9500,9.798261
MTDwidth,0.5,20,19,1.0000,9.627124
MTDwidth,0.5,20,20,1.0500,9.394873
MTDwidth,0.5,20,21,1.1000,9.297616
MTDwidth,0.5,20,22,1.1500,9.116986
MTDwidth,0.5,20,23,1.2000,9.035739
MTDwidth,0.5,20,24,1.2500,8.937681
MTDwidth,0.5,20,25,1.3000,8.930350
MTDwidth,0.5,20,26,1.3500,8.890352
MTDwidth,0.5,20,27,1.4000,8.849900
MTDwidth,0.5,20,28,1.4500,8.776832
MTDwidth,0.5,20,29,1.5000,8.648202
MTDwidth,0.5,20,30,1.5500,8.508920
MTDwidth,0.5,20,31,1.6000,8.489396
MTDwidth,0.5,20,32,1.6500,8.402055
MTDwidth,0.5,20,33,1.7000,8.386530
MTDwidth,0.5,20,34,1.7500,8.371172
MTDwidth,0.5,20,35,1.8000,8.324021
MTDwidth,0.5,20,36,1.8500,8.302684
MTDwidth,0.5,20,37,1.9000,8.283888
MTDwidth,0.5,20,38,1.9500,8.268704
MTDwidth,0.5,20,39,2.0000,8.258551
MTDwidth,0.5,20,40,2.0500,8.240891
MTDwidth,0.5,20,41,2.1000,8.228827
MTDwidth,0.5,20,42,2.1500,8.194130
MTDwidth,0.5,20,43,2.2000,8.151352
MTDwidth,0.5,20,44,2.2500,8.135019
MTDwidth,0.5,20,45,2.3000,8.119751
MTDwidth,0.5,20,46,2.3500,8.104116
MTDwidth,0.5,20,47,2.4000,8.087848
MTDwidth,0.5,20,48,2.4500,8.078473
MTDwidth,0.5,20,49,2.5000,8.026561
MTDwidth,0.5,20,50,2.5500,7.866749
MTDwidth,0.5,20,51,2.6000,7.731747
MTDwidth,0.5,20,52,2.6500,7.721280
MTDwidth,0.5,20,53,2.7000,7.674318
MTDwidth,0.5,20,54,2.7500,7.636995
MTDwidth,0.5,20,55,2.8000,7.631167
MTDwidth,0.5,20,56,2.8500,7.623324
MTDwidth,0.5,20,57,2.9000,7.607033
MTDwidth,0.5,20,58,2.9500,7.329352
MTDwidth,0.5,20,59,3.0000,7.269875
MTDwidth,0.5,20,60,3.0500,7.185025
MTDwidth,0.5,20,61,3.1000,7.118463
MTDwidth,0.5,20,62,3.1500,6.831296
MTDwidth,0.5,20,63,3.2000,6.822355
MTDwidth,0.5,20,64,3.2500,6.814334
MTDwidth,0.5,20,65,3.3000,6.806713
MTDwidth,0.5,20,66,3.3500,6.801339
MTDwidth,0.5,20,67,3.4000,6.797190
MTDwidth,0.5,20,68,3.4500,6.758277
MTDwidth,0.5,20,69,3.5000,6.753264
MTDwidth,0.5,20,70,3.5500,6.749370
MTDwidth,0.5,20,71,3.6000,6.747114
MTDwidth,0.5,20,72,3.6500,6.746908
MTDwidth,0.5,20,73,3.7000,6.555473
MTDwidth,0.5,20,74,3.7500,6.457211
MTDwidth,0.5,20,75,3.8000,6.355662
MTDwidth,0.5,20,76,3.8500,6.233948
MTDwidth,0.5,20,77,3.9000,6.172433
MTDwidth,0.5,20,78,3.9500,6.141067
MTDwidth,0.5,20,79,4.0000,6.137182
MTDwidth,0.5,20,80,4.0500,6.131730
MTDwidth,0.5,20,81,4.1000,6.026915
MTDwidth,0.5,20,82,4.1500,5.943713
MTDwidth,0.5,20,83,4.2000,5.914357
MTDwidth,0.5,20,84,4.2500,5.909954
MTDwidth,0.5,20,85,4.3000,5.907022
MTDwidth,0.5,20,86,4.3500,5.905042
MTDwidth,0.5,20,87,4.4000,5.900061
MTDwidth,0.5,20,88,4.4500,5.874180
MTDwidth,0.5,20,89,4.5000,5.867950
MTDwidth,0.5,20,90,4.5500,5.846497
MTDwidth,0.5,20,91,4.6000,5.825484
MTDwidth,0.5,20,92,4.6500,5.815859
MTDwidth,0.5,20,93,4.7000,5.814865
MTDwidth,0.5,20,94,4.7500,5.815111
MTDwidth,0.5,20,95,4.8000,5.812143
MTDwidth,0.5,20,96,4.8500,5.812245
MTDwidth,0.5,20,97,4.9000,5.815244
MTDwidth,0.5,20,98,4.9500,5.818970
MTDwidth,0.5,20,99,5.0000,5.782294
MTDwidth,0.5,20,100,5.0500,5.763293
MTDwidth,0.5,20,101,5.1000,5.753932
MTDwidth,0.5,20,102,5.1500,5.759204
MTDwidth,0.5,20,103,5.2000,5.728971
MTDwidth,0.5,20,104,5.2500,5.735312
MTDwidth,0.5,20,105,5.3000,5.742586
MTDwidth,0.5,20,106,5.3500,5.752187
MTDwidth,0.5,20,107,5.4000,5.689723
MTDwidth,0.5,20,108,5.4500,5.693968
MTDwidth,0.5,20,109,5.5000,5.697689
MTDwidth,0.5,20,110,5.5500,5.700885
MTDwidth,0.5,20,111,5.6000,5.701125
MTDwidth,0.5,20,112,5.6500,5.706403
MTDwidth,0.5,20,113,5.7000,5.669666
MTDwidth,0.5,20,114,5.7500,5.563412
MTDwidth,0.5,20,115,5.8000,5.523001
MTDwidth,0.5,20,116,5.8500,5.478869
MTDwidth,0.5,20,117,5.9000,5.476457
MTDwidth,0.5,20,118,5.9500,5.464000
MTDwidth,0.5,20,119,6.0000,5.454413
MTDwidth,0.5,20,120,6.0500,5.444399
MTDwidth,0.5,20,121,6.1000,5.436559
MTDwidth,0.5,20,122,6.1500,5.429986
MTDwidth,0.5,20,123,6.2000,5.423366
MTDwidth,0.5,20,124,6.2500,5.418011
MTDwidth,0.5,20,125,6.3000,5.417070
MTDwidth,0.5,20,126,6.3500,5.414057
MTDwidth,0.5,20,127,6.4000,5.412422
MTDwidth,0.5,20,128,6.4500,5.412856
MTDwidth,0.5,20,129,6.5000,5.415318
MTDwidth,0.5,20,130,6.5500,5.417473
MTDwidth,0.5,20,131,6.6000,5.420080
MTDwidth,0.5,20,132,6.6500,5.422710
MTDwidth,0.5,20,133,6.7000,5.427528
MTDwidth,0.5,20,134,6.7500,5.432879
MTDwidth,0.5,20,135,6.8000,5.439549
MTDwidth,0.5,20,136,6.8500,5.447620
MTDwidth,0.5,20,137,6.9000,5.458995
MTDwidth,0.5,20,138,6.9500,5.469588
MTDwidth,0.5,20,139,7.0000,5.479597
MTDwidth,0.5,20,140,7.0500,5.489103
MTDwidth,0.5,20,141,7.1000,5.500561
MTDwidth,0.5,20,142,7.1500,5.513885
MTDwidth,0.5,20,143,7.2000,5.527655
MTDwidth,0.5,20,144,7.2500,5.540448
MTDwidth,0.5,20,145,7.3000,5.554013
MTDwidth,0.5,20,146,7.3500,5.562247
MTDwidth,0.5,20,147,7.4000,5.539427
MTDwidth,0.5,20,148,7.4500,5.553583
MTDwidth,0.5,20,149,7.5000,5.569594
MTDwidth,0.5,20,150,7.5500,5.586361
MTDwidth,0.5,20,151,7.6000,5.604433
MTDwidth,0.5,20,152,7.6500,5.621394
MTDwidth,0.5,20,153,7.7000,5.640671
MTDwidth,0.5,20,154,7.7500,5.656710
MTDwidth,0.5,20,155,7.8000,5.654041
MTDwidth,0.5,20,156,7.8500,5.673948
MTDwidth,0.5,20,157,7.9000,5.695821
MTDwidth,0.5,20,158,7.9500,5.712163
MTDwidth,0.5,20,159,8.0000,5.731552
MTDwidth,0.5,20,160,8.0500,5.749057
MTDwidth,0.5,20,161,8.1000,5.768025
MTDwidth,0.5,20,162,8.1500,5.780712
MTDwidth,0.5,20,163,8.2000,5.795662
MTDwidth,0.5,20,164,8.2500,5.817312
MTDwidth,0.5,20,165,8.3000,5.818479
MTDwidth,0.5,20,166,8.3500,5.808429
MTDwidth,0.5,20,167,8.4000,5.826968
MTDwidth,0.5,20,168,8.4500,5.846070
MTDwidth,0.5,20,169,8.5000,5.864604
MTDwidth,0.5,20,170,8.5500,5.884873
MTDwidth,0.5,20,171,8.6000,5.903425
MTDwidth,0.5,20,172,8.6500,5.852174
MTDwidth,0.5,20,173,8.7000,5.766704
MTDwidth,0.5,20,174,8.7500,5.672030
MTDwidth,0.5,20,175,8.8000,5.631723
MTDwidth,0.5,20,176,8.8500,5.637883
MTDwidth,0.5,20,177,8.9000,5.582551
MTDwidth,0.5,20,178,8.9500,5.572504
MTDwidth,0.5,20,179,9.0000,5.510395
MTDwidth,0.5,20,180,9.0500,5.486857
MTDwidth,0.5,20,181,9.1000,5.485524
MTDwidth,0.5,20,182,9.1500,5.457584
MTDwidth,0.5,20,183,9.2000,5.410898
MTDwidth,0.5,20,184,9.2500,5.417546
MTDwidth,0.5,20,185,9.3000,5.400021
MTDwidth,0.5,20,186,9.3500,5.419422
MTDwidth,0.5,20,187,9.4000,5.436926
MTDwidth,0.5,20,188,9.4500,5.449414
MTDwidth,0.5,20,189,9.5000,5.465709
MTDwidth,0.5,20,190,9.5500,5.478457
MTDwidth,0.5,20,191,9.6000,5.494686
MTDwidth,0.5,20,192,9.6500,5.512255
MTDwidth,0.5,20,193,9.7000,5.529074
MTDwidth,0.5,20,194,9.7500,5.542971
MTDwidth,0.5,20,195,9.8000,5.558158
MTDwidth,0.5,20,196,9.8500,5.570997
MTDwidth,0.5,20,197,9.9000,5.580950
MTDwidth,0.5,20,198,9.9500,5.572654
MTDwidth,0.5,20,199,10.0000,5.591187
MTDwidth,0.5,30,0,0.0500,15.056829
MTDwidth,0.5,30,1,0.1000,14.393504
MTDwidth,0.5,30,2,0.1500,14.038084
MTDwidth,0.5,30,3,0.2000,13.488331
MTDwidth,0.5,30,4,0.2500,12.870674
MTDwidth,0.5,30,5,0.3000,12.559707
MTDwidth,0.5,30,6,0.3500,12.363427
MTDwidth,0.5,30,7,0.4000,12.136880
MTDwidth,0.5,30,8,0.4500,11.971767
MTDwidth,0.5,30,9,0.5000,11.919654
MTDwidth,0.5,30,10,0.5500,11.809456
MTDwidth,0.5,30,11,0.6000,11.784567
MTDwidth,0.5,30,12,0.6500,11.498058
MTDwidth,0.5,30,13,0.7000,11.329213
MTDwidth,0.5,30,14,0.7500,11.049826
MTDwidth,0.5,30,15,0.8000,10.787236
MTDwidth,0.5,30,16,0.8500,10.545408
MTDwidth,0.5,30,17,0.9000,10.256128
MTDwidth,0.5,30,18,0.9500,9.936308
MTDwidth,0.5,30,19,1.0000,9.865808
MTDwidth,0.5,30,20,1.0500,9.724828
MTDwidth,0.5,30,21,1.1000,9.635416
MTDwidth,0.5,30,22,1.1500,9.516139
MTDwidth,0.5,30,23,1.2000,9.492137
MTDwidth,0.5,30,24,1.2500,9.485434
MTDwidth,0.5,30,25,1.3000,9.429326
MTDwidth,0.5,30,26,1.3500,9.346659
MTDwidth,0.5,30,27,1.4000,9.291570
MTDwidth,0.5,30,28,1.4500,9.215491
MTDwidth,0.5,30,29,1.5000,9.164447
MTDwidth,0.5,30,30,1.5500,9.104317
MTDwidth,0.5,30,31,1.6000,9.079013
MTDwidth,0.5,30,32,1.6500,9.076577
MTDwidth,0.5,30,33,1.7000,9.073830
MTDwidth,0.5,30,34,1.7500,9.031485
MTDwidth,0.5,30,35,1.8000,9.022928
MTDwidth,0.5,30,36,1.8500,9.006654
MTDwidth,0.5,30,37,1.9000,8.872269
MTDwidth,0.5,30,38,1.9500,8.767113
MTDwidth,0.5,30,39,2.0000,8.721674
MTDwidth,0.5,30,40,2.0500,8.544898
MTDwidth,0.5,30,41,2.1000,8.449134
MTDwidth,0.5,30,42,2.1500,8.364256
MTDwidth,0.5,30,43,2.2000,8.232504
MTDwidth,0.5,30,44,2.2500,8.049533
MTDwidth,0.5,30,45,2.3000,7.798017
MTDwidth,0.5,30,46,2.3500,7.601559
MTDwidth,0.5,30,47,2.4000,7.447716
MTDwidth,0.5,30,48,2.4500,7.224819
MTDwidth,0.5,30,49,2.5000,7.221681
MTDwidth,0.5,30,50,2.5500,7.217684
MTDwidth,0.5,30,51,2.6000,7.154854
MTDwidth,0.5,30,52,2.6500,7.048244
MTDwidth,0.5,30,53,2.7000,6.869408
MTDwidth,0.5,30,54,2.7500,6.825989
MTDwidth,0.5,30,55,2.8000,6.775274
MTDwidth,0.5,30,56,2.8500,6.746165
MTDwidth,0.5,30,57,2.9000,6.714003
MTDwidth,0.5,30,58,2.9500,6.623109
MTDwidth,0.5,30,59,3.0000,6.615084
MTDwidth,0.5,30,60,3.0500,6.610960
MTDwidth,0.5,30,61,3.1000,6.591198
MTDwidth,0.5,30,62,3.1500,6.572508
MTDwidth,0.5,30,63,3.2000,6.559005
MTDwidth,0.5,30,64,3.2500,6.544295
MTDwidth,0.5,30,65,3.3000,6.510533
MTDwidth,0.5,30,66,3.3500,6.506272
MTDwidth,0.5,30,67,3.4000,6.466309
MTDwidth,0.5,30,68,3.4500,6.406512
MTDwidth,0.5,30,69,3.5000,6.400791
MTDwidth,0.5,30,70,3.5500,6.399258
MTDwidth,0.5,30,71,3.6000,6.386936
MTDwidth,0.5,30,72,3.6500,6.385940
MTDwidth,0.5,30,73,3.7000,6.322147
MTDwidth,0.5,30,74,3.7500,6.295403
MTDwidth,0.5,30,75,3.8000,6.268402
MTDwidth,0.5,30,76,3.8500,6.237373
MTDwidth,0.5,30,77,3.9000,6.207116
MTDwidth,0.5,30,78,3.9500,6.177874
MTDwidth,0.5,30,79,4.0000,6.142418
MTDwidth,0.5,30,80,4.0500,6.114898
MTDwidth,0.5,30,81,4.1000,6.114089
MTDwidth,0.5,30,82,4.1500,6.104974
MTDwidth,0.5,30,83,4.2000,6.104834
MTDwidth,0.5,30,84,4.2500,6.060335
MTDwidth,0.5,30,85,4.3000,6.057819
MTDwidth,0.5,30,86,4.3500,6.057979
MTDwidth,0.5,30,87,4.4000,6.057196
MTDwidth,0.5,30,88,4.4500,6.042429
MTDwidth,0.5,30,89,4.5000,6.009092
MTDwidth,0.5,30,90,4.5500,5.919464
MTDwidth,0.5,30,91,4.6000,5.881892
MTDwidth,0.5,30,92,4.6500,5.861557
MTDwidth,0.5,30,93,4.7000,5.861638
MTDwidth,0.5,30,94,4.7500,5.862145
MTDwidth,0.5,30,95,4.8000,5.860116
MTDwidth,0.5,30,96,4.8500,5.831397
MTDwidth,0.5,30,97,4.9000,5.761027
MTDwidth,0.5,30,98,4.9500,5.724962
MTDwidth,0.5,30,99,5.0000,5.699068
MTDwidth,0.5,30,100,5.0500,5.691759
MTDwidth,0.5,30,101,5.1000,5.653457
MTDwidth,0.5,30,102,5.1500,5.633866
MTDwidth,0.5,30,103,5.2000,5.638126
MTDwidth,0.5,30,104,5.2500,5.661111
MTDwidth,0.5,30,105,5.3000,5.705938
MTDwidth,0.5,30,106,5.3500,5.690506
MTDwidth,0.5,30,107,5.4000,5.684283
MTDwidth,0.5,30,108,5.4500,5.678078
MTDwidth,0.5,30,109,5.5000,5.751742
MTDwidth,0.5,30,110,5.5500,5.883881
MTDwidth,0.5,30,111,5.6000,5.980664
MTDwidth,0.5,30,112,5.6500,5.926060
MTDwidth,0.5,30,113,5.7000,5.895190
MTDwidth,0.5,30,114,5.7500,5.852067
MTDwidth,0.5,30,115,5.8000,5.877054
MTDwidth,0.5,30,116,5.8500,5.842136
MTDwidth,0.5,30,117,5.9000,5.839498
MTDwidth,0.5,30,118,5.9500,5.828321
MTDwidth,0.5,30,119,6.0000,5.899867
MTDwidth,0.5,30,120,6.0500,5.946892
MTDwidth,0.5,30,121,6.1000,5.988695
MTDwidth,0.5,30,122,6.1500,5.993555
MTDwidth,0.5,30,123,6.2000,5.971717
MTDwidth,0.5,30,124,6.2500,5.941435
MTDwidth,0.5,30,125,6.3000,5.905731
MTDwidth,0.5,30,126,6.3500,5.881795
MTDwidth,0.5,30,127,6.4000,5.860267
MTDwidth,0.5,30,128,6.4500,5.863516
MTDwidth,0.5,30,129,6.5000,5.829323
MTDwidth,0.5,30,130,6.5500,5.798313
MTDwidth,0.5,30,131,6.6000,5.768505
MTDwidth,0.5,30,132,6.6500,5.739676
MTDwidth,0.5,30,133,6.7000,5.699860
MTDwidth,0.5,30,134,6.7500,5.656197
MTDwidth,0.5,30,135,6.8000,5.608325
MTDwidth,0.5,30,136,6.8500,5.563491
MTDwidth,0.5,30,137,6.9000,5.536887
MTDwidth,0.5,30,138,6.9500,5.493147
MTDwidth,0.5,30,139,7.0000,5.446666
MTDwidth,0.5,30,140,7.0500,5.397696
MTDwidth,0.5,30,141,7.1000,5.350065
MTDwidth,0.5,30,142,7.1500,5.303826
MTDwidth,0.5,30,143,7.2000,5.256887
MTDwidth,0.5,30,144,7.2500,5.208158
MTDwidth,0.5,30,145,7.3000,5.159828
MTDwidth,0.5,30,146,7.3500,5.110586
MTDwidth,0.5,30,147,7.4000,5.065745
MTDwidth,0.5,30,148,7.4500,5.024421
MTDwidth,0.5,30,149,7.5000,4.983413
MTDwidth,0.5,30,150,7.5500,4.948156
MTDwidth,0.5,30,151,7.6000,4.908188
MTDwidth,0.5,30,152,7.6500,4.875569
MTDwidth,0.5,30,153,7.7000,4.846555
MTDwidth,0.5,30,154,7.7500,4.804084
MTDwidth,0.5,30,155,7.8000,4.771089
MTDwidth,0.5,30,156,7.8500,4.732052
MTDwidth,0.5,30,157,7.9000,4.692878
MTDwidth,0.5,30,158,7.9500,4.654926
MTDwidth,0.5,30,159,8.0000,4.616347
MTDwidth,0.5,30,160,8.0500,4.579150
MTDwidth,0.5,30,161,8.1000,4.545730
MTDwidth,0.5,30,162,8.1500,4.510523
MTDwidth,0.5,30,163,8.2000,4.484780
MTDwidth,0.5,30,164,8.2500,4.455438
MTDwidth,0.5,30,165,8.3000,4.447909
MTDwidth,0.5,30,166,8.3500,4.425243
MTDwidth,0.5,30,167,8.4000,4.410577
MTDwidth,0.5,30,168,8.4500,4.382863
MTDwidth,0.5,30,169,8.5000,4.348808
MTDwidth,0.5,30,170,8.5500,4.307097
MTDwidth,0.5,30,171,8.6000,4.270037
MTDwidth,0.5,30,172,8.6500,4.230476
MTDwidth,0.5,30,173,8.7000,4.194490
MTDwidth,0.5,30,174,8.7500,4.156187
MTDwidth,0.5,30,175,8.8000,4.113783
MTDwidth,0.5,30,176,8.8500,4.073635
MTDwidth,0.5,30,177,8.9000,4.040016
MTDwidth,0.5,30,178,8.9500,4.009796
MTDwidth,0.5,30,179,9.0000,3.985587
MTDwidth,0.5,30,180,9.0500,3.958890
MTDwidth,0.5,30,181,9.1000,3.938644
MTDwidth,0.5,30,182,9.1500,3.924581
MTDwidth,0.5,30,183,9.2000,3.911719
MTDwidth,0.5,30,184,9.2500,3.891329
MTDwidth,0.5,30,185,9.3000,3.859096
MTDwidth,0.5,30,186,9.3500,3.834027
MTDwidth,0.5,30,187,9.4000,3.798964
MTDwidth,0.5,30,188,9.4500,3.765433
MTDwidth,0.5,30,189,9.5000,3.733163
MTDwidth,0.5,30,190,9.5500,3.704184
MTDwidth,0.5,30,191,9.6000,3.673630
MTDwidth,0.5,30,192,9.6500,3.647902
MTDwidth,0.5,30,193,9.7000,3.632017
MTDwidth,0.5,30,194,9.7500,3.622273
MTDwidth,0.5,30,195,9.8000,3.595378
MTDwidth,0.5,30,196,9.8500,3.570972
MTDwidth,0.5,30,197,9.9000,3.547441
MTDwidth,0.5,30,198,9.9500,3.523539
MTDwidth,0.5,30,199,10.0000,3.498075
MTDwidth,0.5,40,0,0.0500,14.933136
MTDwidth,0.5,40,1,0.1000,14.598841
MTDwidth,0.5,40,2,0.1500,14.349627
MTDwidth,0.5,40,3,0.2000,14.239740
MTDwidth,0.5,40,4,0.2500,14.130731
MTDwidth,0.5,40,5,0.3000,14.066230
MTDwidth,0.5,40,6,0.3500,13.880809
MTDwidth,0.5,40,7,0.4000,13.799868
MTDwidth,0.5,40,8,0.4500,13.802690
MTDwidth,0.5,40,9,0.5000,13.380739
MTDwidth,0.5,40,10,0.5500,13.327066
MTDwidth,0.5,40,11,0.6000,12.736030
MTDwidth,0.5,40,12,0.6500,12.494636
MTDwidth,0.5,40,13,0.7000,12.466308
MTDwidth,0.5,40,14,0.7500,12.317746
MTDwidth,0.5,40,15,0.8000,12.315474
MTDwidth,0.5,40,16,0.8500,12.241434
MTDwidth,0.5,40,17,0.9000,12.104320
MTDwidth,0.5,40,18,0.9500,11.581157
MTDwidth,0.5,40,19,1.0000,11.506982
MTDwidth,0.5,40,20,1.0500,11.503023
MTDwidth,0.5,40,21,1.1000,11.380403
MTDwidth,0.5,40,22,1.1500,11.377742
MTDwidth,0.5,40,23,1.2000,11.375801
MTDwidth,0.5,40,24,1.2500,11.241672
MTDwidth,0.5,40,25,1.3000,11.179678
MTDwidth,0.5,40,26,1.3500,11.124115
MTDwidth,0.5,40,27,1.4000,11.025030
MTDwidth,0.5,40,28,1.4500,10.894753
MTDwidth,0.5,40,29,1.5000,10.440207
MTDwidth,0.5,40,30,1.5500,10.145394
MTDwidth,0.5,40,31,1.6000,9.900388
MTDwidth,0.5,40,32,1.6500,9.813488
MTDwidth,0.5,40,33,1.7000,9.723901
MTDwidth,0.5,40,34,1.7500,9.714164
MTDwidth,0.5,40,35,1.8000,9.553088
MTDwidth,0.5,40,36,1.8500,9.426796
MTDwidth,0.5,40,37,1.9000,9.358160
MTDwidth,0.5,40,38,1.9500,8.968156
MTDwidth,0.5,40,39,2.0000,8.655997
MTDwidth,0.5,40,40,2.0500,8.628129
MTDwidth,0.5,40,41,2.1000,8.533435
MTDwidth,0.5,40,42,2.1500,8.395782
MTDwidth,0.5,40,43,2.2000,8.159348
MTDwidth,0.5,40,44,2.2500,8.047719
MTDwidth,0.5,40,45,2.3000,7.931188
MTDwidth,0.5,40,46,2.3500,7.633074
MTDwidth,0.5,40,47,2.4000,7.515350
MTDwidth,0.5,40,48,2.4500,7.481606
MTDwidth,0.5,40,49,2.5000,7.473002
MTDwidth,0.5,40,50,2.5500,7.464272
MTDwidth,0.5,40,51,2.6000,7.434970
MTDwidth,0.5,40,52,2.6500,7.434115
MTDwidth,0.5,40,53,2.7000,7.368975
MTDwidth,0.5,40,54,2.7500,7.366592
MTDwidth,0.5,40,55,2.8000,7.356887
MTDwidth,0.5,40,56,2.8500,7.348642
MTDwidth,0.5,40,57,2.9000,7.343766
MTDwidth,0.5,40,58,2.9500,7.342779
MTDwidth,0.5,40,59,3.0000,7.346605
MTDwidth,0.5,40,60,3.0500,7.349221
MTDwidth,0.5,40,61,3.1000,7.350233
MTDwidth,0.5,40,62,3.1500,7.356769
MTDwidth,0.5,40,63,3.2000,7.366032
MTDwidth,0.5,40,64,3.2500,7.375249
MTDwidth,0.5,40,65,3.3000,7.384754
MTDwidth,0.5,40,66,3.3500,7.395551
MTDwidth,0.5,40,67,3.4000,7.408743
MTDwidth,0.5,40,68,3.4500,7.423029
MTDwidth,0.5,40,69,3.5000,7.437926
MTDwidth,0.5,40,70,3.5500,7.451055
MTDwidth,0.5,40,71,3.6000,7.462707
MTDwidth,0.5,40,72,3.6500,7.480061
MTDwidth,0.5,40,73,3.7000,7.495357
MTDwidth,0.5,40,74,3.7500,7.513252
MTDwidth,0.5,40,75,3.8000,7.529994
MTDwidth,0.5,40,76,3.8500,7.545593
MTDwidth,0.5,40,77,3.9000,7.565089
MTDwidth,0.5,40,78,3.9500,7.581417
MTDwidth,0.5,40,79,4.0000,7.594687
MTDwidth,0.5,40,80,4.0500,7.606276
MTDwidth,0.5,40,81,4.1000,7.620358
MTDwidth,0.5,40,82,4.1500,7.639822
MTDwidth,0.5,40,83,4.2000,7.657092
MTDwidth,0.5,40,84,4.2500,7.674191
MTDwidth,0.5,40,85,4.3000,7.694275
MTDwidth,0.5,40,86,4.3500,7.712935
MTDwidth,0.5,40,87,4.4000,7.728942
MTDwidth,0.5,40,88,4.4500,7.708740
MTDwidth,0.5,40,89,4.5000,7.729651
MTDwidth,0.5,40,90,4.5500,7.594629
MTDwidth,0.5,40,91,4.6000,7.453388
MTDwidth,0.5,40,92,4.6500,7.394340
MTDwidth,0.5,40,93,4.7000,7.340464
MTDwidth,0.5,40,94,4.7500,7.336504
MTDwidth,0.5,40,95,4.8000,7.358163
MTDwidth,0.5,40,96,4.8500,7.370692
MTDwidth,0.5,40,97,4.9000,7.360915
MTDwidth,0.5,40,98,4.9500,7.383939
MTDwidth,0.5,40,99,5.0000,7.388275
MTDwidth,0.5,40,100,5.0500,7.331962
MTDwidth,0.5,40,101,5.1000,7.236633
MTDwidth,0.5,40,102,5.1500,7.106191
MTDwidth,0.5,40,103,5.2000,7.131418
MTDwidth,0.5,40,104,5.2500,7.157345
MTDwidth,0.5,40,105,5.3000,7.132203
MTDwidth,0.5,40,106,5.3500,7.103434
MTDwidth,0.5,40,107,5.4000,7.080674
MTDwidth,0.5,40,108,5.4500,7.098804
MTDwidth,0.5,40,109,5.5000,7.125134
MTDwidth,0.5,40,110,5.5500,7.153900
MTDwidth,0.5,40,111,5.6000,7.182984
MTDwidth,0.5,40,112,5.6500,7.210713
MTDwidth,0.5,40,113,5.7000,7.241438
MTDwidth,0.5,40,114,5.7500,7.271835
MTDwidth,0.5,40,115,5.8000,7.301242
MTDwidth,0.5,40,116,5.8500,7.331001
MTDwidth,0.5,40,117,5.9000,7.362883
MTDwidth,0.5,40,118,5.9500,7.396027
MTDwidth,0.5,40,119,6.0000,7.429076
MTDwidth,0.5,40,120,6.0500,7.460935
MTDwidth,0.5,40,121,6.1000,7.497810
MTDwidth,0.5,40,122,6.1500,7.536324
MTDwidth,0.5,40,123,6.2000,7.573643
MTDwidth,0.5,40,124,6.2500,7.609937
MTDwidth,0.5,40,125,6.3000,7.641208
MTDwidth,0.5,40,126,6.3500,7.676846
MTDwidth,0.5,40,127,6.4000,7.709343
MTDwidth,0.5,40,128,6.4500,7.742122
MTDwidth,0.5,40,129,6.5000,7.773731
MTDwidth,0.5,40,130,6.5500,7.811702
MTDwidth,0.5,40,131,6.6000,7.847244
MTDwidth,0.5,40,132,6.6500,7.883386
MTDwidth,0.5,40,133,6.7000,7.918616
MTDwidth,0.5,40,134,6.7500,7.948314
MTDwidth,0.5,40,135,6.8000,7.982978
MTDwidth,0.5,40,136,6.8500,8.020413
MTDwidth,0.5,40,137,6.9000,8.053636
MTDwidth,0.5,40,138,6.9500,8.089794
MTDwidth,0.5,40,139,7.0000,8.127421
MTDwidth,0.5,40,140,7.0500,8.163619
MTDwidth,0.5,40,141,7.1000,8.199111
MTDwidth,0.5,40,142,7.1500,8.235811
MTDwidth,0.5,40,143,7.2000,8.269672
MTDwidth,0.5,40,144,7.2500,8.306195
MTDwidth,0.5,40,145,7.3000,8.344900
MTDwidth,0.5,40,146,7.3500,8.382962
MTDwidth,0.5,40,147,7.4000,8.418718
MTDwidth,0.5,40,148,7.4500,8.456485
MTDwidth,0.5,40,149,7.5000,8.495651
MTDwidth,0.5,40,150,7.5500,8.532890
MTDwidth,0.5,40,151,7.6000,8.565943
MTDwidth,0.5,40,152,7.6500,8.600023
MTDwidth,0.5,40,153,7.7000,8.634494
MTDwidth,0.5,40,154,7.7500,8.673376
MTDwidth,0.5,40,155,7.8000,8.708517
MTDwidth,0.5,40,156,7.8500,8.745928
MTDwidth,0.5,40,157,7.9000,8.779983
MTDwidth,0.5,40,158,7.9500,8.813733
MTDwidth,0.5,40,159,8.0000,8.850179
MTDwidth,0.5,40,160,8.0500,8.884338
MTDwidth,0.5,40,161,8.1000,8.921462
MTDwidth,0.5,40,162,8.1500,8.957469
MTDwidth,0.5,40,163,8.2000,8.995055
MTDwidth,0.5,40,164,8.2500,9.033893
MTDwidth,0.5,40,165,8.3000,9.072518
MTDwidth,0.5,40,166,8.3500,9.110425
MTDwidth,0.5,40,167,8.4000,9.149533
MTDwidth,0.5,40,168,8.4500,9.187654
MTDwidth,0.5,40,169,8.5000,9.214017
MTDwidth,0.5,40,170,8.5500,9.246160
MTDwidth,0.5,40,171,8.6000,9.280773
MTDwidth,0.5,40,172,8.6500,9.321027
MTDwidth,0.5,40,173,8.7000,9.354375
MTDwidth,0.5,40,174,8.7500,9.391364
MTDwidth,0.5,40,175,8.8000,9.416049
MTDwidth,0.5,40,176,8.8500,9.431579
MTDwidth,0.5,40,177,8.9000,9.458041
MTDwidth,0.5,40,178,8.9500,9.492908
MTDwidth,0.5,40,179,9.0000,9.520684
MTDwidth,0.5,40,180,9.0500,9.542308
MTDwidth,0.5,40,181,9.1000,9.569631
MTDwidth,0.5,40,182,9.1500,9.593324
MTDwidth,0.5,40,183,9.2000,9.618715
MTDwidth,0.5,40,184,9.2500,9.652973
MTDwidth,0.5,40,185,9.3000,9.678470
MTDwidth,0.5,40,186,9.3500,9.708716
MTDwidth,0.5,40,187,9.4000,9.733670
MTDwidth,0.5,40,188,9.4500,9.765470
MTDwidth,0.5,40,189,9.5000,9.798472
MTDwidth,0.5,40,190,9.5500,9.830037
MTDwidth,0.5,40,191,9.6000,9.855117
MTDwidth,0.5,40,192,9.6500,9.889461
MTDwidth,0.5,40,193,9.7000,9.919061
MTDwidth,0.5,40,194,9.7500,9.955081
MTDwidth,0.5,40,195,9.8000,9.985077
MTDwidth,0.5,40,196,9.8500,10.021991
MTDwidth,0.5,40,197,9.9000,10.053517
MTDwidth,0.5,40,198,9.9500,10.075804
MTDwidth,0.5,40,199,10.0000,10.092595
MTDwidth,0.5,50,0,0.0500,15.278924
MTDwidth,0.5,50,1,0.1000,14.672039
MTDwidth,0.5,50,2,0.1500,14.295959
MTDwidth,0.5,50,3,0.2000,14.133208
MTDwidth,0.5,50,4,0.2500,13.752613
MTDwidth,0.5,50,5,0.3000,13.667731
MTDwidth,0.5,50,6,0.3500,13.118131
MTDwidth,0.5,50,7,0.4000,12.827194
MTDwidth,0.5,50,8,0.4500,12.468556
MTDwidth,0.5,50,9,0.5000,12.076444
MTDwidth,0.5,50,10,0.5500,11.947561
MTDwidth,0.5,50,11,0.6000,11.784197
MTDwidth,0.5,50,12,0.6500,11.729803
MTDwidth,0.5,50,13,0.7000,11.711488
MTDwidth,0.5,50,14,0.7500,11.715701
MTDwidth,0.5,50,15,0.8000,11.661006
MTDwidth,0.5,50,16,0.8500,11.666295
MTDwidth,0.5,50,17,0.9000,11.667540
MTDwidth,0.5,50,18,0.9500,11.514120
MTDwidth,0.5,50,19,1.0000,11.261852
MTDwidth,0.5,50,20,1.0500,11.264205
MTDwidth,0.5,50,21,1.1000,11.274952
MTDwidth,0.5,50,22,1.1500,11.196336
MTDwidth,0.5,50,23,1.2000,11.209094
MTDwidth,0.5,50,24,1.2500,11.223485
MTDwidth,0.5,50,25,1.3000,11.239867
MTDwidth,0.5,50,26,1.3500,11.258580
MTDwidth,0.5,50,27,1.4000,11.276182
MTDwidth,0.5,50,28,1.4500,11.294075
MTDwidth,0.5,50,29,1.5000,11.311932
MTDwidth,0.5,50,30,1.5500,11.333119
MTDwidth,0.5,50,31,1.6000,11.356812
MTDwidth,0.5,50,32,1.6500,11.378487
MTDwidth,0.5,50,33,1.7000,11.400865
MTDwidth,0.5,50,34,1.7500,11.422785
MTDwidth,0.5,50,35,1.8000,11.446936
MTDwidth,0.5,50,36,1.8500,11.469369
MTDwidth,0.5,50,37,1.9000,11.136523
MTDwidth,0.5,50,38,1.9500,10.856001
MTDwidth,0.5,50,39,2.0000,10.647191
MTDwidth,0.5,50,40,2.0500,10.538654
MTDwidth,0.5,50,41,2.1000,10.445469
MTDwidth,0.5,50,42,2.1500,10.321702
MTDwidth,0.5,50,43,2.2000,10.143883
MTDwidth,0.5,50,44,2.2500,10.050116
MTDwidth,0.5,50,45,2.3000,9.945168
MTDwidth,0.5,50,46,2.3500,9.796467
MTDwidth,0.5,50,47,2.4000,9.766486
MTDwidth,0.5,50,48,2.4500,9.641442
MTDwidth,0.5,50,49,2.5000,9.548866
MTDwidth,0.5,50,50,2.5500,9.491476
MTDwidth,0.5,50,51,2.6000,9.420690
MTDwidth,0.5,50,52,2.6500,9.294739
MTDwidth,0.5,50,53,2.7000,9.263205
MTDwidth,0.5,50,54,2.7500,9.281725
MTDwidth,0.5,50,55,2.8000,9.304205
MTDwidth,0.5,50,56,2.8500,9.326572
MTDwidth,0.5,50,57,2.9000,9.351646
MTDwidth,0.5,50,58,2.9500,9.377404
MTDwidth,0.5,50,59,3.0000,9.404508
MTDwidth,0.5,50,60,3.0500,9.435237
MTDwidth,0.5,50,61,3.1000,9.465783
MTDwidth,0.5,50,62,3.1500,9.491519
MTDwidth,0.5,50,63,3.2000,9.517683
MTDwidth,0.5,50,64,3.2500,9.542000
MTDwidth,0.5,50,65,3.3000,9.568716
MTDwidth,0.5,50,66,3.3500,9.596502
MTDwidth,0.5,50,67,3.4000,9.625413
MTDwidth,0.5,50,68,3.4500,9.655647
MTDwidth,0.5,50,69,3.5000,9.686293
MTDwidth,0.5,50,70,3.5500,9.714593
MTDwidth,0.5,50,71,3.6000,9.743538
MTDwidth,0.5,50,72,3.6500,9.774206
MTDwidth,0.5,50,73,3.7000,9.806263
MTDwidth,0.5,50,74,3.7500,9.838102
MTDwidth,0.5,50,75,3.8000,9.866278
MTDwidth,0.5,50,76,3.8500,9.447512
MTDwidth,0.5,50,77,3.9000,9.177731
MTDwidth,0.5,50,78,3.9500,9.158780
MTDwidth,0.5,50,79,4.0000,9.131842
MTDwidth,0.5,50,80,4.0500,9.028992
MTDwidth,0.5,50,81,4.1000,8.946879
MTDwidth,0.5,50,82,4.1500,8.811007
MTDwidth,0.5,50,83,4.2000,8.689295
MTDwidth,0.5,50,84,4.2500,8.680207
MTDwidth,0.5,50,85,4.3000,8.676049
MTDwidth,0.5,50,86,4.3500,8.673865
MTDwidth,0.5,50,87,4.4000,8.680987
MTDwidth,0.5,50,88,4.4500,8.635303
MTDwidth,0.5,50,89,4.5000,8.596779
MTDwidth,0.5,50,90,4.5500,8.594771
MTDwidth,0.5,50,91,4.6000,8.502807
MTDwidth,0.5,50,92,4.6500,8.515752
MTDwidth,0.5,50,93,4.7000,8.536409
MTDwidth,0.5,50,94,4.7500,8.543913
MTDwidth,0.5,50,95,4.8000,8.553293
MTDwidth,0.5,50,96,4.8500,8.548270
MTDwidth,0.5,50,97,4.9000,8.553666
MTDwidth,0.5,50,98,4.9500,8.555681
MTDwidth,0.5,50,99,5.0000,8.552115
MTDwidth,0.5,50,100,5.0500,8.540476
MTDwidth,0.5,50,101,5.1000,8.530560
MTDwidth,0.5,50,102,5.1500,8.524815
MTDwidth,0.5,50,103,5.2000,8.524779
MTDwidth,0.5,50,104,5.2500,8.520664
MTDwidth,0.5,50,105,5.3000,8.523577
MTDwidth,0.5,50,106,5.3500,8.525933
MTDwidth,0.5,50,107,5.4000,8.534855
MTDwidth,0.5,50,108,5.4500,8.544206
MTDwidth,0.5,50,109,5.5000,8.555512
MTDwidth,0.5,50,110,5.5500,8.569539
MTDwidth,0.5,50,111,5.6000,8.582658
MTDwidth,0.5,50,112,5.6500,8.439082
MTDwidth,0.5,50,113,5.7000,8.356734
MTDwidth,0.5,50,114,5.7500,8.326262
MTDwidth,0.5,50,115,5.8000,8.319972
MTDwidth,0.5,50,116,5.8500,8.233621
MTDwidth,0.5,50,117,5.9000,8.191545
MTDwidth,0.5,50,118,5.9500,8.185355
MTDwidth,0.5,50,119,6.0000,8.195292
MTDwidth,0.5,50,120,6.0500,8.193658
MTDwidth,0.5,50,121,6.1000,8.146683
MTDwidth,0.5,50,122,6.1500,8.127091
MTDwidth,0.5,50,123,6.2000,8.089515
MTDwidth,0.5,50,124,6.2500,8.080225
MTDwidth,0.5,50,125,6.3000,8.070344
MTDwidth,0.5,50,126,6.3500,8.055138
MTDwidth,0.5,50,127,6.4000,8.032682
MTDwidth,0.5,50,128,6.4500,8.030542
MTDwidth,0.5,50,129,6.5000,8.031543
MTDwidth,0.5,50,130,6.5500,8.019113
MTDwidth,0.5,50,131,6.6000,8.018438
MTDwidth,0.5,50,132,6.6500,8.003092
MTDwidth,0.5,50,133,6.7000,7.964163
MTDwidth,0.5,50,134,6.7500,7.869413
MTDwidth,0.5,50,135,6.8000,7.842348
MTDwidth,0.5,50,136,6.8500,7.761371
MTDwidth,0.5,50,137,6.9000,7.725940
MTDwidth,0.5,50,138,6.9500,7.717658
MTDwidth,0.5,50,139,7.0000,7.687988
MTDwidth,0.5,50,140,7.0500,7.683827
MTDwidth,0.5,50,141,7.1000,7.673995
MTDwidth,0.5,50,142,7.1500,7.672668
MTDwidth,0.5,50,143,7.2000,7.660015
MTDwidth,0.5,50,144,7.2500,7.661113
MTDwidth,0.5,50,145,7.3000,7.655953
MTDwidth,0.5,50,146,7.3500,7.645607
MTDwidth,0.5,50,147,7.4000,7.647979
MTDwidth,0.5,50,148,7.4500,7.649476
MTDwidth,0.5,50,149,7.5000,7.636174
MTDwidth,0.5,50,150,7.5500,7.632104
MTDwidth,0.5,50,151,7.6000,7.639759
MTDwidth,0.5,50,152,7.6500,7.649074
MTDwidth,0.5,50,153,7.7000,7.664994
MTDwidth,0.5,50,154,7.7500,7.667620
MTDwidth,0.5,50,155,7.8000,7.665076
MTDwidth,0.5,50,156,7.8500,7.671106
MTDwidth,0.5,50,157,7.9000,7.585933
MTDwidth,0.5,50,158,7.9500,7.555754
MTDwidth,0.5,50,159,8.0000,7.536183
MTDwidth,0.5,50,160,8.0500,7.527280
MTDwidth,0.5,50,161,8.1000,7.537370
MTDwidth,0.5,50,162,8.1500,7.481159
MTDwidth,0.5,50,163,8.2000,7.477549
MTDwidth,0.5,50,164,8.2500,7.476681
MTDwidth,0.5,50,165,8.3000,7.486734
MTDwidth,0.5,50,166,8.3500,7.506115
MTDwidth,0.5,50,167,8.4000,7.513847
MTDwidth,0.5,50,168,8.4500,7.519584
MTDwidth,0.5,50,169,8.5000,7.512575
MTDwidth,0.5,50,170,8.5500,7.497299
MTDwidth,0.5,50,171,8.6000,7.451875
MTDwidth,0.5,50,172,8.6500,7.416698
MTDwidth,0.5,50,173,8.7000,7.395202
MTDwidth,0.5,50,174,8.7500,7.394006
MTDwidth,0.5,50,175,8.8000,7.366697
MTDwidth,0.5,50,176,8.8500,7.324142
MTDwidth,0.5,50,177,8.9000,7.292446
MTDwidth,0.5,50,178,8.9500,7.271373
MTDwidth,0.5,50,179,9.0000,7.256422
MTDwidth,0.5,50,180,9.0500,7.251817
MTDwidth,0.5,50,181,9.1000,7.251259
MTDwidth,0.5,50,182,9.1500,7.240349
MTDwidth,0.5,50,183,9.2000,7.217069
MTDwidth,0.5,50,184,9.2500,7.215264
MTDwidth,0.5,50,185,9.3000,7.206773
MTDwidth,0.5,50,186,9.3500,7.210154
MTDwidth,0.5,50,187,9.4000,7.198861
MTDwidth,0.5,50,188,9.4500,7.202046
MTDwidth,0.5,50,189,9.5000,7.204647
MTDwidth,0.5,50,190,9.5500,7.198644
MTDwidth,0.5,50,191,9.6000,7.205352
MTDwidth,0.5,50,192,9.6500,7.223328
MTDwidth,0.5,50,193,9.7000,7.241252
MTDwidth,0.5,50,194,9.7500,7.258745
MTDwidth,0.5,50,195,9.8000,7.269824
MTDwidth,0.5,50,196,9.8500,7.268338
MTDwidth,0.5,50,197,9.9000,7.260990
MTDwidth,0.5,50,198,9.9500,7.283381
MTDwidth,0.5,50,199,10.0000,7.295935
MTDwidth,1.0,10,0,0.0500,14.952929
MTDwidth,1.0,10,1,0.1000,14.279310
MTDwidth,1.0,10,2,0.1500,13.986452
MTDwidth,1.0,10,3,0.2000,13.576081
MTDwidth,1.0,10,4,0.2500,13.163403
MTDwidth,1.0,10,5,0.3000,12.775229
MTDwidth,1.0,10,6,0.3500,12.574286
MTDwidth,1.0,10,7,0.4000,12.396136
MTDwidth,1.0,10,8,0.4500,12.233076
MTDwidth,1.0,10,9,0.5000,11.991081
MTDwidth,1.0,10,10,0.5500,11.678328
MTDwidth,1.0,10,11,0.6000,11.462641
MTDwidth,1.0,10,12,0.6500,11.376780
MTDwidth,1.0,10,13,0.7000,11.249210
MTDwidth,1.0,10,14,0.7500,10.925394
MTDwidth,1.0,10,15,0.8000,10.857757
MTDwidth,1.0,10,16,0.8500,10.705989
MTDwidth,1.0,10,17,0.9000,10.576524
MTDwidth,1.0,10,18,0.9500,10.575916
MTDwidth,1.0,10,19,1.0000,10.371838
MTDwidth,1.0,10,20,1.0500,10.265419
MTDwidth,1.0,10,21,1.1000,10.191100
MTDwidth,1.0,10,22,1.1500,10.030066
MTDwidth,1.0,10,23,1.2000,9.885576
MTDwidth,1.0,10,24,1.2500,9.745781
MTDwidth,1.0,10,25,1.3000,9.502681
MTDwidth,1.0,10,26,1.3500,9.335998
MTDwidth,1.0,10,27,1.4000,9.169060
MTDwidth,1.0,10,28,1.4500,9.157980
MTDwidth,1.0,10,29,1.5000,9.032943
MTDwidth,1.0,10,30,1.5500,8.991383
MTDwidth,1.0,10,31,1.6000,8.819900
MTDwidth,1.0,10,32,1.6500,8.682402
MTDwidth,1.0,10,33,1.7000,8.567354
MTDwidth,1.0,10,34,1.7500,8.327204
MTDwidth,1.0,10,35,1.8000,8.270282
MTDwidth,1.0,10,36,1.8500,8.207705
MTDwidth,1.0,10,37,1.9000,8.207684
MTDwidth,1.0,10,38,1.9500,8.160233
MTDwidth,1.0,10,39,2.0000,8.135738
MTDwidth,1.0,10,40,2.0500,7.956397
MTDwidth,1.0,10,41,2.1000,7.877108
MTDwidth,1.0,10,42,2.1500,7.685474
MTDwidth,1.0,10,43,2.2000,7.480717
MTDwidth,1.0,10,44,2.2500,7.288055
MTDwidth,1.0,10,45,2.3000,7.196504
MTDwidth,1.0,10,46,2.3500,7.065806
MTDwidth,1.0,10,47,2.4000,6.952269
MTDwidth,1.0,10,48,2.4500,6.933904
MTDwidth,1.0,10,49,2.5000,6.817608
MTDwidth,1.0,10,50,2.5500,6.689297
MTDwidth,1.0,10,51,2.6000,6.658284
MTDwidth,1.0,10,52,2.6500,6.416776
MTDwidth,1.0,10,53,2.7000,6.327843
MTDwidth,1.0,10,54,2.7500,6.212833
MTDwidth,1.0,10,55,2.8000,6.152017
MTDwidth,1.0,10,56,2.8500,6.145396
MTDwidth,1.0,10,57,2.9000,5.998801
MTDwidth,1.0,10,58,2.9500,5.865784
MTDwidth,1.0,10,59,3.0000,5.824968
MTDwidth,1.0,10,60,3.0500,5.757828
MTDwidth,1.0,10,61,3.1000,5.677247
MTDwidth,1.0,10,62,3.1500,5.651794
MTDwidth,1.0,10,63,3.2000,5.588135
MTDwidth,1.0,10,64,3.2500,5.495232
MTDwidth,1.0,10,65,3.3000,5.432160
MTDwidth,1.0,10,66,3.3500,5.398582
MTDwidth,1.0,10,67,3.4000,5.393625
MTDwidth,1.0,10,68,3.4500,5.372575
MTDwidth,1.0,10,69,3.5000,5.304496
MTDwidth,1.0,10,70,3.5500,5.215395
MTDwidth,1.0,10,71,3.6000,5.031229
MTDwidth,1.0,10,72,3.6500,4.915723
MTDwidth,1.0,10,73,3.7000,4.900939
MTDwidth,1.0,10,74,3.7500,4.824583
MTDwidth,1.0,10,75,3.8000,4.817781
MTDwidth,1.0,10,76,3.8500,4.712605
MTDwidth,1.0,10,77,3.9000,4.597533
MTDwidth,1.0,10,78,3.9500,4.555376
MTDwidth,1.0,10,79,4.0000,4.548960
MTDwidth,1.0,10,80,4.0500,4.493435
MTDwidth,1.0,10,81,4.1000,4.425927
MTDwidth,1.0,10,82,4.1500,4.219752
MTDwidth,1.0,10,83,4.2000,4.108354
MTDwidth,1.0,10,84,4.2500,4.066941
MTDwidth,1.0,10,85,4.3000,3.967081
MTDwidth,1.0,10,86,4.3500,3.933712
MTDwidth,1.0,10,87,4.4000,3.905014
MTDwidth,1.0,10,88,4.4500,3.816295
MTDwidth,1.0,10,89,4.5000,3.783966
MTDwidth,1.0,10,90,4.5500,3.724653
MTDwidth,1.0,10,91,4.6000,3.710395
MTDwidth,1.0,10,92,4.6500,3.629961
MTDwidth,1.0,10,93,4.7000,3.509582
MTDwidth,1.0,10,94,4.7500,3.436483
MTDwidth,1.0,10,95,4.8000,3.395479
MTDwidth,1.0,10,96,4.8500,3.310588
MTDwidth,1.0,10,97,4.9000,3.273714
MTDwidth,1.0,10,98,4.9500,3.250137
MTDwidth,1.0,10,99,5.0000,3.230265
MTDwidth,1.0,10,100,5.0500,3.210224
MTDwidth,1.0,10,101,5.1000,3.198758
MTDwidth,1.0,10,102,5.1500,3.191636
MTDwidth,1.0,10,103,5.2000,3.111711
MTDwidth,1.0,10,104,5.2500,3.106438
MTDwidth,1.0,10,105,5.3000,3.076766
MTDwidth,1.0,10,106,5.3500,3.069584
MTDwidth,1.0,10,107,5.4000,3.068959
MTDwidth,1.0,10,108,5.4500,3.069576
MTDwidth,1.0,10,109,5.5000,3.071916
MTDwidth,1.0,10,110,5.5500,3.074148
MTDwidth,1.0,10,111,5.6000,3.079261
MTDwidth,1.0,10,112,5.6500,3.084667
MTDwidth,1.0,10,113,5.7000,3.092081
MTDwidth,1.0,10,114,5.7500,3.099141
MTDwidth,1.0,10,115,5.8000,3.093862
MTDwidth,1.0,10,116,5.8500,3.054253
MTDwidth,1.0,10,117,5.9000,2.973260
MTDwidth,1.0,10,118,5.9500,2.854487
MTDwidth,1.0,10,119,6.0000,2.823565
MTDwidth,1.0,10,120,6.0500,2.729012
MTDwidth,1.0,10,121,6.1000,2.707345
MTDwidth,1.0,10,122,6.1500,2.690857
MTDwidth,1.0,10,123,6.2000,2.579225
MTDwidth,1.0,10,124,6.2500,2.506243
MTDwidth,1.0,10,125,6.3000,2.498745
MTDwidth,1.0,10,126,6.3500,2.489497
MTDwidth,1.0,10,127,6.4000,2.480040
MTDwidth,1.0,10,128,6.4500,2.443903
MTDwidth,1.0,10,129,6.5000,2.372975
MTDwidth,1.0,10,130,6.5500,2.342849
MTDwidth,1.0,10,131,6.6000,2.223429
MTDwidth,1.0,10,132,6.6500,2.153008
MTDwidth,1.0,10,133,6.7000,2.073278
MTDwidth,1.0,10,134,6.7500,2.021177
MTDwidth,1.0,10,135,6.8000,2.000345
MTDwidth,1.0,10,136,6.8500,1.975564
MTDwidth,1.0,10,137,6.9000,1.950910
MTDwidth,1.0,10,138,6.9500,1.900876
MTDwidth,1.0,10,139,7.0000,1.869991
MTDwidth,1.0,10,140,7.0500,1.847402
MTDwidth,1.0,10,141,7.1000,1.811571
MTDwidth,1.0,10,142,7.1500,1.770855
MTDwidth,1.0,10,143,7.2000,1.749800
MTDwidth,1.0,10,144,7.2500,1.722654
MTDwidth,1.0,10,145,7.3000,1.707810
MTDwidth,1.0,10,146,7.3500,1.683943
MTDwidth,1.0,10,147,7.4000,1.656943
MTDwidth,1.0,10,148,7.4500,1.643491
MTDwidth,1.0,10,149,7.5000,1.621510
MTDwidth,1.0,10,150,7.5500,1.598720
MTDwidth,1.0,10,151,7.6000,1.571735
MTDwidth,1.0,10,152,7.6500,1.559858
MTDwidth,1.0,10,153,7.7000,1.543808
MTDwidth,1.0,10,154,7.7500,1.517337
MTDwidth,1.0,10,155,7.8000,1.496799
MTDwidth,1.0,10,156,7.8500,1.483308
MTDwidth,1.0,10,157,7.9000,1.461854
MTDwidth,1.0,10,158,7.9500,1.433165
MTDwidth,1.0,10,159,8.0000,1.407138
MTDwidth,1.0,10,160,8.0500,1.387954
MTDwidth,1.0,10,161,8.1000,1.369205
MTDwidth,1.0,10,162,8.1500,1.348438
MTDwidth,1.0,10,163,8.2000,1.331869
MTDwidth,1.0,10,164,8.2500,1.328224
MTDwidth,1.0,10,165,8.3000,1.334062
MTDwidth,1.0,10,166,8.3500,1.335767
MTDwidth,1.0,10,167,8.4000,1.330315
MTDwidth,1.0,10,168,8.4500,1.292626
MTDwidth,1.0,10,169,8.5000,1.293201
MTDwidth,1.0,10,170,8.5500,1.309846
MTDwidth,1.0,10,171,8.6000,1.335842
MTDwidth,1.0,10,172,8.6500,1.332812
MTDwidth,1.0,10,173,8.7000,1.327266
MTDwidth,1.0,10,174,8.7500,1.267395
MTDwidth,1.0,10,175,8.8000,1.211873
MTDwidth,1.0,10,176,8.8500,1.212174
MTDwidth,1.0,10,177,8.9000,1.227700
MTDwidth,1.0,10,178,8.9500,1.239159
MTDwidth,1.0,10,179,9.0000,1.280401
MTDwidth,1.0,10,180,9.0500,1.233606
MTDwidth,1.0,10,181,9.1000,1.173543
MTDwidth,1.0,10,182,9.1500,1.125494
MTDwidth,1.0,10,183,9.2000,1.093986
MTDwidth,1.0,10,184,9.2500,1.081156
MTDwidth,1.0,10,185,9.3000,1.071130
MTDwidth,1.0,10,186,9.3500,1.066888
MTDwidth,1.0,10,187,9.4000,1.033589
MTDwidth,1.0,10,188,9.4500,1.024075
MTDwidth,1.0,10,189,9.5000,1.045750
MTDwidth,1.0,10,190,9.5500,1.008580
MTDwidth,1.0,10,191,9.6000,0.980467
MTDwidth,1.0,10,192,9.6500,0.955133
MTDwidth,1.0,10,193,9.7000,0.910948
MTDwidth,1.0,10,194,9.7500,0.899868
MTDwidth,1.0,10,195,9.8000,0.873611
MTDwidth,1.0,10,196,9.8500,0.856465
MTDwidth,1.0,10,197,9.9000,0.840527
MTDwidth,1.0,10,198,9.9500,0.818071
MTDwidth,1.0,10,199,10.0000,0.793997
MTDwidth,1.0,20,0,0.0500,14.785600
MTDwidth,1.0,20,1,0.1000,14.320082
MTDwidth,1.0,20,2,0.1500,13.931925
MTDwidth,1.0,20,3,0.2000,13.563592
MTDwidth,1.0,20,4,0.2500,13.323665
MTDwidth,1.0,20,5,0.3000,13.026500
MTDwidth,1.0,20,6,0.3500,12.699183
MTDwidth,1.0,20,7,0.4000,12.531914
MTDwidth,1.0,20,8,0.4500,12.336100
MTDwidth,1.0,20,9,0.5000,12.080713
MTDwidth,1.0,20,10,0.5500,11.769769
MTDwidth,1.0,20,11,0.6000,11.459948
MTDwidth,1.0,20,12,0.6500,11.338657
MTDwidth,1.0,20,13,0.7000,11.246386
MTDwidth,1.0,20,14,0.7500,11.102347
MTDwidth,1.0,20,15,0.8000,10.917652
MTDwidth,1.0,20,16,0.8500,10.786270
MTDwidth,1.0,20,17,0.9000,10.628913
MTDwidth,1.0,20,18,0.9500,10.556854
MTDwidth,1.0,20,19,1.0000,10.384691
MTDwidth,1.0,20,20,1.0500,10.245897
MTDwidth,1.0,20,21,1.1000,10.051607
MTDwidth,1.0,20,22,1.1500,9.923884
MTDwidth,1.0,20,23,1.2000,9.797061
MTDwidth,1.0,20,24,1.2500,9.682153
MTDwidth,1.0,20,25,1.3000,9.529507
MTDwidth,1.0,20,26,1.3500,9.484018
MTDwidth,1.0,20,27,1.4000,9.343000
MTDwidth,1.0,20,28,1.4500,9.238996
MTDwidth,1.0,20,29,1.5000,9.022861
MTDwidth,1.0,20,30,1.5500,8.673854
MTDwidth,1.0,20,31,1.6000,8.634306
MTDwidth,1.0,20,32,1.6500,8.628750
MTDwidth,1.0,20,33,1.7000,8.481957
MTDwidth,1.0,20,34,1.7500,8.469450
MTDwidth,1.0,20,35,1.8000,8.374586
MTDwidth,1.0,20,36,1.8500,8.225710
MTDwidth,1.0,20,37,1.9000,8.177211
MTDwidth,1.0,20,38,1.9500,8.181242
MTDwidth,1.0,20,39,2.0000,8.073639
MTDwidth,1.0,20,40,2.0500,7.926200
MTDwidth,1.0,20,41,2.1000,7.750327
MTDwidth,1.0,20,42,2.1500,7.708906
MTDwidth,1.0,20,43,2.2000,7.586926
MTDwidth,1.0,20,44,2.2500,7.583654
MTDwidth,1.0,20,45,2.3000,7.490801
MTDwidth,1.0,20,46,2.3500,7.376191
MTDwidth,1.0,20,47,2.4000,7.377752
MTDwidth,1.0,20,48,2.4500,7.309661
MTDwidth,1.0,20,49,2.5000,7.130178
MTDwidth,1.0,20,50,2.5500,6.948473
MTDwidth,1.0,20,51,2.6000,6.904526
MTDwidth,1.0,20,52,2.6500,6.852205
MTDwidth,1.0,20,53,2.7000,6.799802
MTDwidth,1.0,20,54,2.7500,6.659669
MTDwidth,1.0,20,55,2.8000,6.608044
MTDwidth,1.0,20,56,2.8500,6.609585
MTDwidth,1.0,20,57,2.9000,6.513756
MTDwidth,1.0,20,58,2.9500,6.367336
MTDwidth,1.0,20,59,3.0000,6.278606
MTDwidth,1.0,20,60,3.0500,6.019318
MTDwidth,1.0,20,61,3.1000,5.968021
MTDwidth,1.0,20,62,3.1500,5.936802
MTDwidth,1.0,20,63,3.2000,5.900754
MTDwidth,1.0,20,64,3.2500,5.887485
MTDwidth,1.0,20,65,3.3000,5.851658
MTDwidth,1.0,20,66,3.3500,5.766583
MTDwidth,1.0,20,67,3.4000,5.734683
MTDwidth,1.0,20,68,3.4500,5.609877
MTDwidth,1.0,20,69,3.5000,5.582309
MTDwidth,1.0,20,70,3.5500,5.479397
MTDwidth,1.0,20,71,3.6000,5.370311
MTDwidth,1.0,20,72,3.6500,5.318880
MTDwidth,1.0,20,73,3.7000,5.285092
MTDwidth,1.0,20,74,3.7500,5.148423
MTDwidth,1.0,20,75,3.8000,5.077891
MTDwidth,1.0,20,76,3.8500,4.943733
MTDwidth,1.0,20,77,3.9000,4.874113
MTDwidth,1.0,20,78,3.9500,4.834640
MTDwidth,1.0,20,79,4.0000,4.834991
MTDwidth,1.0,20,80,4.0500,4.763863
MTDwidth,1.0,20,81,4.1000,4.655038
MTDwidth,1.0,20,82,4.1500,4.644460
MTDwidth,1.0,20,83,4.2000,4.571212
MTDwidth,1.0,20,84,4.2500,4.577139
MTDwidth,1.0,20,85,4.3000,4.580170
MTDwidth,1.0,20,86,4.3500,4.561277
MTDwidth,1.0,20,87,4.4000,4.489148
MTDwidth,1.0,20,88,4.4500,4.424975
MTDwidth,1.0,20,89,4.5000,4.373431
MTDwidth,1.0,20,90,4.5500,4.319824
MTDwidth,1.0,20,91,4.6000,4.188708
MTDwidth,1.0,20,92,4.6500,4.065350
MTDwidth,1.0,20,93,4.7000,3.954780
MTDwidth,1.0,20,94,4.7500,3.926658
MTDwidth,1.0,20,95,4.8000,3.901888
MTDwidth,1.0,20,96,4.8500,3.892548
MTDwidth,1.0,20,97,4.9000,3.861603
MTDwidth,1.0,20,98,4.9500,3.799449
MTDwidth,1.0,20,99,5.0000,3.802761
MTDwidth,1.0,20,100,5.0500,3.812349
MTDwidth,1.0,20,101,5.1000,3.718037
MTDwidth,1.0,20,102,5.1500,3.605510
MTDwidth,1.0,20,103,5.2000,3.578938
MTDwidth,1.0,20,104,5.2500,3.578611
MTDwidth,1.0,20,105,5.3000,3.573223
MTDwidth,1.0,20,106,5.3500,3.452464
MTDwidth,1.0,20,107,5.4000,3.419179
MTDwidth,1.0,20,108,5.4500,3.354233
MTDwidth,1.0,20,109,5.5000,3.245037
MTDwidth,1.0,20,110,5.5500,3.239462
MTDwidth,1.0,20,111,5.6000,3.206773
MTDwidth,1.0,20,112,5.6500,3.141862
MTDwidth,1.0,20,113,5.7000,3.070313
MTDwidth,1.0,20,114,5.7500,2.975019
MTDwidth,1.0,20,115,5.8000,2.926512
MTDwidth,1.0,20,116,5.8500,2.896918
MTDwidth,1.0,20,117,5.9000,2.895932
MTDwidth,1.0,20,118,5.9500,2.899021
MTDwidth,1.0,20,119,6.0000,2.805918
MTDwidth,1.0,20,120,6.0500,2.770236
MTDwidth,1.0,20,121,6.1000,2.736590
MTDwidth,1.0,20,122,6.1500,2.696560
MTDwidth,1.0,20,123,6.2000,2.699748
MTDwidth,1.0,20,124,6.2500,2.664930
MTDwidth,1.0,20,125,6.3000,2.565645
MTDwidth,1.0,20,126,6.3500,2.535013
MTDwidth,1.0,20,127,6.4000,2.522895
MTDwidth,1.0,20,128,6.4500,2.448560
MTDwidth,1.0,20,129,6.5000,2.372369
MTDwidth,1.0,20,130,6.5500,2.280657
MTDwidth,1.0,20,131,6.6000,2.281336
MTDwidth,1.0,20,132,6.6500,2.182106
MTDwidth,1.0,20,133,6.7000,2.129458
MTDwidth,1.0,20,134,6.7500,2.105184
MTDwidth,1.0,20,135,6.8000,2.080392
MTDwidth,1.0,20,136,6.8500,2.051207
MTDwidth,1.0,20,137,6.9000,2.022307
MTDwidth,1.0,20,138,6.9500,2.013848
MTDwidth,1.0,20,139,7.0000,1.986480
MTDwidth,1.0,20,140,7.0500,1.962075
MTDwidth,1.0,20,141,7.1000,1.950970
MTDwidth,1.0,20,142,7.1500,1.935692
MTDwidth,1.0,20,143,7.2000,1.894332
MTDwidth,1.0,20,144,7.2500,1.871664
MTDwidth,1.0,20,145,7.3000,1.867754
MTDwidth,1.0,20,146,7.3500,1.868366
MTDwidth,1.0,20,147,7.4000,1.846072
MTDwidth,1.0,20,148,7.4500,1.797522
MTDwidth,1.0,20,149,7.5000,1.683839
MTDwidth,1.0,20,150,7.5500,1.679504
MTDwidth,1.0,20,151,7.6000,1.683107
MTDwidth,1.0,20,152,7.6500,1.635232
MTDwidth,1.0,20,153,7.7000,1.626669
MTDwidth,1.0,20,154,7.7500,1.589802
MTDwidth,1.0,20,155,7.8000,1.576455
MTDwidth,1.0,20,156,7.8500,1.577755
MTDwidth,1.0,20,157,7.9000,1.465250
MTDwidth,1.0,20,158,7.9500,1.460795
MTDwidth,1.0,20,159,8.0000,1.459663
MTDwidth,1.0,20,160,8.0500,1.467180
MTDwidth,1.0,20,161,8.1000,1.439301
MTDwidth,1.0,20,162,8.1500,1.435900
MTDwidth,1.0,20,163,8.2000,1.395413
MTDwidth,1.0,20,164,8.2500,1.391630
MTDwidth,1.0,20,165,8.3000,1.394694
MTDwidth,1.0,20,166,8.3500,1.401176
MTDwidth,1.0,20,167,8.4000,1.353949
MTDwidth,1.0,20,168,8.4500,1.298209
MTDwidth,1.0,20,169,8.5000,1.298484
MTDwidth,1.0,20,170,8.5500,1.289979
MTDwidth,1.0,20,171,8.6000,1.275785
MTDwidth,1.0,20,172,8.6500,1.279846
MTDwidth,1.0,20,173,8.7000,1.267980
MTDwidth,1.0,20,174,8.7500,1.263265
MTDwidth,1.0,20,175,8.8000,1.256854
MTDwidth,1.0,20,176,8.8500,1.249317
MTDwidth,1.0,20,177,8.9000,1.245811
MTDwidth,1.0,20,178,8.9500,1.249699
MTDwidth,1.0,20,179,9.0000,1.257294
MTDwidth,1.0,20,180,9.0500,1.300686
MTDwidth,1.0,20,181,9.1000,1.320740
MTDwidth,1.0,20,182,9.1500,1.325018
MTDwidth,1.0,20,183,9.2000,1.331253
MTDwidth,1.0,20,184,9.2500,1.368979
MTDwidth,1.0,20,185,9.3000,1.366492
MTDwidth,1.0,20,186,9.3500,1.325520
MTDwidth,1.0,20,187,9.4000,1.261009
MTDwidth,1.0,20,188,9.4500,1.256424
MTDwidth,1.0,20,189,9.5000,1.258593
MTDwidth,1.0,20,190,9.5500,1.265998
MTDwidth,1.0,20,191,9.6000,1.216052
MTDwidth,1.0,20,192,9.6500,1.142503
MTDwidth,1.0,20,193,9.7000,1.053107
MTDwidth,1.0,20,194,9.7500,0.972086
MTDwidth,1.0,20,195,9.8000,0.918128
MTDwidth,1.0,20,196,9.8500,0.871780
MTDwidth,1.0,20,197,9.9000,0.842352
MTDwidth,1.0,20,198,9.9500,0.825404
MTDwidth,1.0,20,199,10.0000,0.810129
MTDwidth,1.0,30,0,0.0500,14.781140
MTDwidth,1.0,30,1,0.1000,14.219532
MTDwidth,1.0,30,2,0.1500,13.711579
MTDwidth,1.0,30,3,0.2000,13.456756
MTDwidth,1.0,30,4,0.2500,13.072965
MTDwidth,1.0,30,5,0.3000,12.839791
MTDwidth,1.0,30,6,0.3500,12.566050
MTDwidth,1.0,30,7,0.4000,12.296001
MTDwidth,1.0,30,8,0.4500,12.150571
MTDwidth,1.0,30,9,0.5000,11.842669
MTDwidth,1.0,30,10,0.5500,11.603616
MTDwidth,1.0,30,11,0.6000,11.278125
MTDwidth,1.0,30,12,0.6500,11.195302
MTDwidth,1.0,30,13,0.7000,11.113352
MTDwidth,1.0,30,14,0.7500,10.906685
MTDwidth,1.0,30,15,0.8000,10.783140
MTDwidth,1.0,30,16,0.8500,10.546866
MTDwidth,1.0,30,17,0.9000,10.394348
MTDwidth,1.0,30,18,0.9500,10.319290
MTDwidth,1.0,30,19,1.0000,10.201818
MTDwidth,1.0,30,20,1.0500,9.930207
MTDwidth,1.0,30,21,1.1000,9.741520
MTDwidth,1.0,30,22,1.1500,9.594107
MTDwidth,1.0,30,23,1.2000,9.541835
MTDwidth,1.0,30,24,1.2500,9.389145
MTDwidth,1.0,30,25,1.3000,9.157685
MTDwidth,1.0,30,26,1.3500,9.022953
MTDwidth,1.0,30,27,1.4000,8.907544
MTDwidth,1.0,30,28,1.4500,8.802149
MTDwidth,1.0,30,29,1.5000,8.621077
MTDwidth,1.0,30,30,1.5500,8.524167
MTDwidth,1.0,30,31,1.6000,8.374542
MTDwidth,1.0,30,32,1.6500,8.225886
MTDwidth,1.0,30,33,1.7000,8.112611
MTDwidth,1.0,30,34,1.7500,8.052169
MTDwidth,1.0,30,35,1.8000,7.956310
MTDwidth,1.0,30,36,1.8500,7.918483
MTDwidth,1.0,30,37,1.9000,7.786902
MTDwidth,1.0,30,38,1.9500,7.745052
MTDwidth,1.0,30,39,2.0000,7.588796
MTDwidth,1.0,30,40,2.0500,7.586300
MTDwidth,1.0,30,41,2.1000,7.452811
MTDwidth,1.0,30,42,2.1500,7.237582
MTDwidth,1.0,30,43,2.2000,7.136090
MTDwidth,1.0,30,44,2.2500,6.987907
MTDwidth,1.0,30,45,2.3000,6.961975
MTDwidth,1.0,30,46,2.3500,6.842065
MTDwidth,1.0,30,47,2.4000,6.800218
MTDwidth,1.0,30,48,2.4500,6.652892
MTDwidth,1.0,30,49,2.5000,6.589911
MTDwidth,1.0,30,50,2.5500,6.440259
MTDwidth,1.0,30,51,2.6000,6.160885
MTDwidth,1.0,30,52,2.6500,6.108013
MTDwidth,1.0,30,53,2.7000,6.095542
MTDwidth,1.0,30,54,2.7500,6.080087
MTDwidth,1.0,30,55,2.8000,5.964908
MTDwidth,1.0,30,56,2.8500,5.843581
MTDwidth,1.0,30,57,2.9000,5.836845
MTDwidth,1.0,30,58,2.9500,5.709409
MTDwidth,1.0,30,59,3.0000,5.628239
MTDwidth,1.0,30,60,3.0500,5.584987
MTDwidth,1.0,30,61,3.1000,5.579210
MTDwidth,1.0,30,62,3.1500,5.467897
MTDwidth,1.0,30,63,3.2000,5.362075
MTDwidth,1.0,30,64,3.2500,5.320922
MTDwidth,1.0,30,65,3.3000,5.123949
MTDwidth,1.0,30,66,3.3500,5.035590
MTDwidth,1.0,30,67,3.4000,5.000290
MTDwidth,1.0,30,68,3.4500,4.894997
MTDwidth,1.0,30,69,3.5000,4.879285
MTDwidth,1.0,30,70,3.5500,4.836081
MTDwidth,1.0,30,71,3.6000,4.825559
MTDwidth,1.0,30,72,3.6500,4.787106
MTDwidth,1.0,30,73,3.7000,4.777548
MTDwidth,1.0,30,74,3.7500,4.774994
MTDwidth,1.0,30,75,3.8000,4.724830
MTDwidth,1.0,30,76,3.8500,4.672145
MTDwidth,1.0,30,77,3.9000,4.613556
MTDwidth,1.0,30,78,3.9500,4.537361
MTDwidth,1.0,30,79,4.0000,4.460468
MTDwidth,1.0,30,80,4.0500,4.426912
MTDwidth,1.0,30,81,4.1000,4.292959
MTDwidth,1.0,30,82,4.1500,4.213138
MTDwidth,1.0,30,83,4.2000,4.087138
MTDwidth,1.0,30,84,4.2500,4.038422
MTDwidth,1.0,30,85,4.3000,3.958669
MTDwidth,1.0,30,86,4.3500,3.918040
MTDwidth,1.0,30,87,4.4000,3.859324
MTDwidth,1.0,30,88,4.4500,3.785113
MTDwidth,1.0,30,89,4.5000,3.731507
MTDwidth,1.0,30,90,4.5500,3.713230
MTDwidth,1.0,30,91,4.6000,3.700945
MTDwidth,1.0,30,92,4.6500,3.671718
MTDwidth,1.0,30,93,4.7000,3.640684
MTDwidth,1.0,30,94,4.7500,3.537223
MTDwidth,1.0,30,95,4.8000,3.526573
MTDwidth,1.0,30,96,4.8500,3.522884
MTDwidth,1.0,30,97,4.9000,3.428524
MTDwidth,1.0,30,98,4.9500,3.404818
MTDwidth,1.0,30,99,5.0000,3.349447
MTDwidth,1.0,30,100,5.0500,3.297766
MTDwidth,1.0,30,101,5.1000,3.287478
MTDwidth,1.0,30,102,5.1500,3.280880
MTDwidth,1.0,30,103,5.2000,3.281717
MTDwidth,1.0,30,104,5.2500,3.232731
MTDwidth,1.0,30,105,5.3000,3.105026
MTDwidth,1.0,30,106,5.3500,3.097162
MTDwidth,1.0,30,107,5.4000,3.094049
MTDwidth,1.0,30,108,5.4500,2.982202
MTDwidth,1.0,30,109,5.5000,2.915644
MTDwidth,1.0,30,110,5.5500,2.915352
MTDwidth,1.0,30,111,5.6000,2.880799
MTDwidth,1.0,30,112,5.6500,2.817035
MTDwidth,1.0,30,113,5.7000,2.816470
MTDwidth,1.0,30,114,5.7500,2.831729
MTDwidth,1.0,30,115,5.8000,2.846367
MTDwidth,1.0,30,116,5.8500,2.736928
MTDwidth,1.0,30,117,5.9000,2.703741
MTDwidth,1.0,30,118,5.9500,2.686240
MTDwidth,1.0,30,119,6.0000,2.646399
MTDwidth,1.0,30,120,6.0500,2.533914
MTDwidth,1.0,30,121,6.1000,2.502246
MTDwidth,1.0,30,122,6.1500,2.475429
MTDwidth,1.0,30,123,6.2000,2.471749
MTDwidth,1.0,30,124,6.2500,2.414191
MTDwidth,1.0,30,125,6.3000,2.353331
MTDwidth,1.0,30,126,6.3500,2.356388
MTDwidth,1.0,30,127,6.4000,2.313315
MTDwidth,1.0,30,128,6.4500,2.299138
MTDwidth,1.0,30,129,6.5000,2.293018
MTDwidth,1.0,30,130,6.5500,2.263582
MTDwidth,1.0,30,131,6.6000,2.231140
MTDwidth,1.0,30,132,6.6500,2.094422
MTDwidth,1.0,30,133,6.7000,2.081264
MTDwidth,1.0,30,134,6.7500,2.078110
MTDwidth,1.0,30,135,6.8000,1.958826
MTDwidth,1.0,30,136,6.8500,1.933655
MTDwidth,1.0,30,137,6.9000,1.929020
MTDwidth,1.0,30,138,6.9500,1.884841
MTDwidth,1.0,30,139,7.0000,1.853314
MTDwidth,1.0,30,140,7.0500,1.794083
MTDwidth,1.0,30,141,7.1000,1.761436
MTDwidth,1.0,30,142,7.1500,1.756197
MTDwidth,1.0,30,143,7.2000,1.716217
MTDwidth,1.0,30,144,7.2500,1.682939
MTDwidth,1.0,30,145,7.3000,1.641042
MTDwidth,1.0,30,146,7.3500,1.610534
MTDwidth,1.0,30,147,7.4000,1.588801
MTDwidth,1.0,30,148,7.4500,1.557802
MTDwidth,1.0,30,149,7.5000,1.542250
MTDwidth,1.0,30,150,7.5500,1.516716
MTDwidth,1.0,30,151,7.6000,1.501571
MTDwidth,1.0,30,152,7.6500,1.485238
MTDwidth,1.0,30,153,7.7000,1.468130
MTDwidth,1.0,30,154,7.7500,1.453013
MTDwidth,1.0,30,155,7.8000,1.430431
MTDwidth,1.0,30,156,7.8500,1.410851
MTDwidth,1.0,30,157,7.9000,1.383733
MTDwidth,1.0,30,158,7.9500,1.367092
MTDwidth,1.0,30,159,8.0000,1.364085
MTDwidth,1.0,30,160,8.0500,1.359814
MTDwidth,1.0,30,161,8.1000,1.356533
MTDwidth,1.0,30,162,8.1500,1.335040
MTDwidth,1.0,30,163,8.2000,1.315857
MTDwidth,1.0,30,164,8.2500,1.297505
MTDwidth,1.0,30,165,8.3000,1.296997
MTDwidth,1.0,30,166,8.3500,1.304272
MTDwidth,1.0,30,167,8.4000,1.318455
MTDwidth,1.0,30,168,8.4500,1.269347
MTDwidth,1.0,30,169,8.5000,1.245742
MTDwidth,1.0,30,170,8.5500,1.208832
MTDwidth,1.0,30,171,8.6000,1.176863
MTDwidth,1.0,30,172,8.6500,1.159047
MTDwidth,1.0,30,173,8.7000,1.136870
MTDwidth,1.0,30,174,8.7500,1.140906
MTDwidth,1.0,30,175,8.8000,1.116194
MTDwidth,1.0,30,176,8.8500,1.105211
MTDwidth,1.0,30,177,8.9000,1.107472
MTDwidth,1.0,30,178,8.9500,1.107621
MTDwidth,1.0,30,179,9.0000,1.099315
MTDwidth,1.0,30,180,9.0500,1.086461
MTDwidth,1.0,30,181,9.1000,1.056956
MTDwidth,1.0,30,182,9.1500,1.047184
MTDwidth,1.0,30,183,9.2000,1.048952
MTDwidth,1.0,30,184,9.2500,1.066424
MTDwidth,1.0,30,185,9.3000,1.099273
MTDwidth,1.0,30,186,9.3500,1.130834
MTDwidth,1.0,30,187,9.4000,1.158114
MTDwidth,1.0,30,188,9.4500,1.147464
MTDwidth,1.0,30,189,9.5000,1.132304
MTDwidth,1.0,30,190,9.5500,1.047605
MTDwidth,1.0,30,191,9.6000,0.982508
MTDwidth,1.0,30,192,9.6500,0.973653
MTDwidth,1.0,30,193,9.7000,0.920316
MTDwidth,1.0,30,194,9.7500,0.913631
MTDwidth,1.0,30,195,9.8000,0.881935
MTDwidth,1.0,30,196,9.8500,0.867638
MTDwidth,1.0,30,197,9.9000,0.854046
MTDwidth,1.0,30,198,9.9500,0.861049
MTDwidth,1.0,30,199,10.0000,0.837249
MTDwidth,1.0,40,0,0.0500,14.810402
MTDwidth,1.0,40,1,0.1000,14.221534
MTDwidth,1.0,40,2,0.1500,13.754950
MTDwidth,1.0,40,3,0.2000,13.621811
MTDwidth,1.0,40,4,0.2500,13.185610
MTDwidth,1.0,40,5,0.3000,12.975698
MTDwidth,1.0,40,6,0.3500,12.877340
MTDwidth,1.0,40,7,0.4000,12.584242
MTDwidth,1.0,40,8,0.4500,12.244146
MTDwidth,1.0,40,9,0.5000,11.975997
MTDwidth,1.0,40,10,0.5500,11.826633
MTDwidth,1.0,40,11,0.6000,11.687666
MTDwidth,1.0,40,12,0.6500,11.499104
MTDwidth,1.0,40,13,0.7000,11.115457
MTDwidth,1.0,40,14,0.7500,10.828538
MTDwidth,1.0,40,15,0.8000,10.698605
MTDwidth,1.0,40,16,0.8500,10.645388
MTDwidth,1.0,40,17,0.9000,10.502565
MTDwidth,1.0,40,18,0.9500,10.376548
MTDwidth,1.0,40,19,1.0000,10.240914
MTDwidth,1.0,40,20,1.0500,10.170947
MTDwidth,1.0,40,21,1.1000,10.106850
MTDwidth,1.0,40,22,1.1500,10.039509
MTDwidth,1.0,40,23,1.2000,9.934135
MTDwidth,1.0,40,24,1.2500,9.751208
MTDwidth,1.0,40,25,1.3000,9.550223
MTDwidth,1.0,40,26,1.3500,9.346785
MTDwidth,1.0,40,27,1.4000,9.278066
MTDwidth,1.0,40,28,1.4500,9.126933
MTDwidth,1.0,40,29,1.5000,9.056723
MTDwidth,1.0,40,30,1.5500,8.867425
MTDwidth,1.0,40,31,1.6000,8.725303
MTDwidth,1.0,40,32,1.6500,8.687977
MTDwidth,1.0,40,33,1.7000,8.652965
MTDwidth,1.0,40,34,1.7500,8.392375
MTDwidth,1.0,40,35,1.8000,8.323548
MTDwidth,1.0,40,36,1.8500,8.243488
MTDwidth,1.0,40,37,1.9000,8.199889
MTDwidth,1.0,40,38,1.9500,8.104955
MTDwidth,1.0,40,39,2.0000,8.064298
MTDwidth,1.0,40,40,2.0500,8.034665
MTDwidth,1.0,40,41,2.1000,7.869559
MTDwidth,1.0,40,42,2.1500,7.645887
MTDwidth,1.0,40,43,2.2000,7.613341
MTDwidth,1.0,40,44,2.2500,7.493457
MTDwidth,1.0,40,45,2.3000,7.444004
MTDwidth,1.0,40,46,2.3500,7.234073
MTDwidth,1.0,40,47,2.4000,7.217819
MTDwidth,1.0,40,48,2.4500,7.022640
MTDwidth,1.0,40,49,2.5000,6.943297
MTDwidth,1.0,40,50,2.5500,6.804684
MTDwidth,1.0,40,51,2.6000,6.749126
MTDwidth,1.0,40,52,2.6500,6.590021
MTDwidth,1.0,40,53,2.7000,6.431816
MTDwidth,1.0,40,54,2.7500,6.355479
MTDwidth,1.0,40,55,2.8000,6.234872
MTDwidth,1.0,40,56,2.8500,6.163362
MTDwidth,1.0,40,57,2.9000,6.063212
MTDwidth,1.0,40,58,2.9500,5.943257
MTDwidth,1.0,40,59,3.0000,5.938120
MTDwidth,1.0,40,60,3.0500,5.936860
MTDwidth,1.0,40,61,3.1000,5.907073
MTDwidth,1.0,40,62,3.1500,5.829320
MTDwidth,1.0,40,63,3.2000,5.685286
MTDwidth,1.0,40,64,3.2500,5.516555
MTDwidth,1.0,40,65,3.3000,5.477874
MTDwidth,1.0,40,66,3.3500,5.459154
MTDwidth,1.0,40,67,3.4000,5.396570
MTDwidth,1.0,40,68,3.4500,5.308261
MTDwidth,1.0,40,69,3.5000,5.230675
MTDwidth,1.0,40,70,3.5500,5.159214
MTDwidth,1.0,40,71,3.6000,5.010809
MTDwidth,1.0,40,72,3.6500,4.945807
MTDwidth,1.0,40,73,3.7000,4.933645
MTDwidth,1.0,40,74,3.7500,4.926513
MTDwidth,1.0,40,75,3.8000,4.871340
MTDwidth,1.0,40,76,3.8500,4.748408
MTDwidth,1.0,40,77,3.9000,4.659518
MTDwidth,1.0,40,78,3.9500,4.537163
MTDwidth,1.0,40,79,4.0000,4.517005
MTDwidth,1.0,40,80,4.0500,4.494956
MTDwidth,1.0,40,81,4.1000,4.488209
MTDwidth,1.0,40,82,4.1500,4.358099
MTDwidth,1.0,40,83,4.2000,4.348229
MTDwidth,1.0,40,84,4.2500,4.273859
MTDwidth,1.0,40,85,4.3000,4.172132
MTDwidth,1.0,40,86,4.3500,4.152601
MTDwidth,1.0,40,87,4.4000,4.103640
MTDwidth,1.0,40,88,4.4500,4.031204
MTDwidth,1.0,40,89,4.5000,3.990670
MTDwidth,1.0,40,90,4.5500,3.931661
MTDwidth,1.0,40,91,4.6000,3.923961
MTDwidth,1.0,40,92,4.6500,3.854432
MTDwidth,1.0,40,93,4.7000,3.813777
MTDwidth,1.0,40,94,4.7500,3.806568
MTDwidth,1.0,40,95,4.8000,3.801656
MTDwidth,1.0,40,96,4.8500,3.794171
MTDwidth,1.0,40,97,4.9000,3.631252
MTDwidth,1.0,40,98,4.9500,3.571003
MTDwidth,1.0,40,99,5.0000,3.569194
MTDwidth,1.0,40,100,5.0500,3.569995
MTDwidth,1.0,40,101,5.1000,3.450421
MTDwidth,1.0,40,102,5.1500,3.414323
MTDwidth,1.0,40,103,5.2000,3.328765
MTDwidth,1.0,40,104,5.2500,3.296818
MTDwidth,1.0,40,105,5.3000,3.293284
MTDwidth,1.0,40,106,5.3500,3.169571
MTDwidth,1.0,40,107,5.4000,3.003750
MTDwidth,1.0,40,108,5.4500,2.987148
MTDwidth,1.0,40,109,5.5000,2.981357
MTDwidth,1.0,40,110,5.5500,2.975475
MTDwidth,1.0,40,111,5.6000,2.933556
MTDwidth,1.0,40,112,5.6500,2.886459
MTDwidth,1.0,40,113,5.7000,2.844850
MTDwidth,1.0,40,114,5.7500,2.760118
MTDwidth,1.0,40,115,5.8000,2.730522
MTDwidth,1.0,40,116,5.8500,2.730479
MTDwidth,1.0,40,117,5.9000,2.729042
MTDwidth,1.0,40,118,5.9500,2.726920
MTDwidth,1.0,40,119,6.0000,2.618716
MTDwidth,1.0,40,120,6.0500,2.611721
MTDwidth,1.0,40,121,6.1000,2.546692
MTDwidth,1.0,40,122,6.1500,2.541047
MTDwidth,1.0,40,123,6.2000,2.476254
MTDwidth,1.0,40,124,6.2500,2.414140
MTDwidth,1.0,40,125,6.3000,2.386619
MTDwidth,1.0,40,126,6.3500,2.305417
MTDwidth,1.0,40,127,6.4000,2.284031
MTDwidth,1.0,40,128,6.4500,2.211001
MTDwidth,1.0,40,129,6.5000,2.190226
MTDwidth,1.0,40,130,6.5500,2.142911
MTDwidth,1.0,40,131,6.6000,2.131101
MTDwidth,1.0,40,132,6.6500,2.080562
MTDwidth,1.0,40,133,6.7000,2.063224
MTDwidth,1.0,40,134,6.7500,2.006276
MTDwidth,1.0,40,135,6.8000,1.993978
MTDwidth,1.0,40,136,6.8500,1.985288
MTDwidth,1.0,40,137,6.9000,1.937180
MTDwidth,1.0,40,138,6.9500,1.902902
MTDwidth,1.0,40,139,7.0000,1.872277
MTDwidth,1.0,40,140,7.0500,1.857624
MTDwidth,1.0,40,141,7.1000,1.838042
MTDwidth,1.0,40,142,7.1500,1.821233
MTDwidth,1.0,40,143,7.2000,1.813700
MTDwidth,1.0,40,144,7.2500,1.802056
MTDwidth,1.0,40,145,7.3000,1.767640
MTDwidth,1.0,40,146,7.3500,1.735215
MTDwidth,1.0,40,147,7.4000,1.678570
MTDwidth,1.0,40,148,7.4500,1.661342
MTDwidth,1.0,40,149,7.5000,1.654335
MTDwidth,1.0,40,150,7.5500,1.649847
MTDwidth,1.0,40,151,7.6000,1.652570
MTDwidth,1.0,40,152,7.6500,1.613204
MTDwidth,1.0,40,153,7.7000,1.613930
MTDwidth,1.0,40,154,7.7500,1.597230
MTDwidth,1.0,40,155,7.8000,1.558957
MTDwidth,1.0,40,156,7.8500,1.543138
MTDwidth,1.0,40,157,7.9000,1.470049
MTDwidth,1.0,40,158,7.9500,1.466778
MTDwidth,1.0,40,159,8.0000,1.464341
MTDwidth,1.0,40,160,8.0500,1.472495
MTDwidth,1.0,40,161,8.1000,1.496823
MTDwidth,1.0,40,162,8.1500,1.534375
MTDwidth,1.0,40,163,8.2000,1.576724
MTDwidth,1.0,40,164,8.2500,1.600308
MTDwidth,1.0,40,165,8.3000,1.549789
MTDwidth,1.0,40,166,8.3500,1.460777
MTDwidth,1.0,40,167,8.4000,1.440124
MTDwidth,1.0,40,168,8.4500,1.442541
MTDwidth,1.0,40,169,8.5000,1.353236
MTDwidth,1.0,40,170,8.5500,1.291827
MTDwidth,1.0,40,171,8.6000,1.235475
MTDwidth,1.0,40,172,8.6500,1.210805
MTDwidth,1.0,40,173,8.7000,1.165424
MTDwidth,1.0,40,174,8.7500,1.128520
MTDwidth,1.0,40,175,8.8000,1.103548
MTDwidth,1.0,40,176,8.8500,1.078534
MTDwidth,1.0,40,177,8.9000,1.092336
MTDwidth,1.0,40,178,8.9500,1.141028
MTDwidth,1.0,40,179,9.0000,1.208741
MTDwidth,1.0,40,180,9.0500,1.262875
MTDwidth,1.0,40,181,9.1000,1.315566
MTDwidth,1.0,40,182,9.1500,1.354606
MTDwidth,1.0,40,183,9.2000,1.360250
MTDwidth,1.0,40,184,9.2500,1.346327
MTDwidth,1.0,40,185,9.3000,1.324287
MTDwidth,1.0,40,186,9.3500,1.310735
MTDwidth,1.0,40,187,9.4000,1.307110
MTDwidth,1.0,40,188,9.4500,1.305206
MTDwidth,1.0,40,189,9.5000,1.292061
MTDwidth,1.0,40,190,9.5500,1.277935
MTDwidth,1.0,40,191,9.6000,1.275305
MTDwidth,1.0,40,192,9.6500,1.273486
MTDwidth,1.0,40,193,9.7000,1.219529
MTDwidth,1.0,40,194,9.7500,1.152696
MTDwidth,1.0,40,195,9.8000,1.148650
MTDwidth,1.0,40,196,9.8500,1.088931
MTDwidth,1.0,40,197,9.9000,1.081666
MTDwidth,1.0,40,198,9.9500,0.974176
MTDwidth,1.0,40,199,10.0000,0.953308
MTDwidth,1.0,50,0,0.0500,14.787980
MTDwidth,1.0,50,1,0.1000,14.314112
MTDwidth,1.0,50,2,0.1500,13.711908
MTDwidth,1.0,50,3,0.2000,13.334778
MTDwidth,1.0,50,4,0.2500,12.975385
MTDwidth,1.0,50,5,0.3000,12.695276
MTDwidth,1.0,50,6,0.3500,12.277338
MTDwidth,1.0,50,7,0.4000,12.276736
MTDwidth,1.0,50,8,0.4500,12.065902
MTDwidth,1.0,50,9,0.5000,11.926431
MTDwidth,1.0,50,10,0.5500,11.631198
MTDwidth,1.0,50,11,0.6000,11.567665
MTDwidth,1.0,50,12,0.6500,11.281309
MTDwidth,1.0,50,13,0.7000,11.192233
MTDwidth,1.0,50,14,0.7500,10.981811
MTDwidth,1.0,50,15,0.8000,10.692309
MTDwidth,1.0,50,16,0.8500,10.612951
MTDwidth,1.0,50,17,0.9000,10.267492
MTDwidth,1.0,50,18,0.9500,10.022089
MTDwidth,1.0,50,19,1.0000,9.912774
MTDwidth,1.0,50,20,1.0500,9.726530
MTDwidth,1.0,50,21,1.1000,9.630914
MTDwidth,1.0,50,22,1.1500,9.618713
MTDwidth,1.0,50,23,1.2000,9.551446
MTDwidth,1.0,50,24,1.2500,9.341026
MTDwidth,1.0,50,25,1.3000,9.118340
MTDwidth,1.0,50,26,1.3500,9.094669
MTDwidth,1.0,50,27,1.4000,9.042439
MTDwidth,1.0,50,28,1.4500,8.961370
MTDwidth,1.0,50,29,1.5000,8.766552
MTDwidth,1.0,50,30,1.5500,8.651272
MTDwidth,1.0,50,31,1.6000,8.627414
MTDwidth,1.0,50,32,1.6500,8.543139
MTDwidth,1.0,50,33,1.7000,8.379851
MTDwidth,1.0,50,34,1.7500,8.378317
MTDwidth,1.0,50,35,1.8000,8.280219
MTDwidth,1.0,50,36,1.8500,7.936070
MTDwidth,1.0,50,37,1.9000,7.850553
MTDwidth,1.0,50,38,1.9500,7.771996
MTDwidth,1.0,50,39,2.0000,7.742140
MTDwidth,1.0,50,40,2.0500,7.739449
MTDwidth,1.0,50,41,2.1000,7.590316
MTDwidth,1.0,50,42,2.1500,7.484901
MTDwidth,1.0,50,43,2.2000,7.374563
MTDwidth,1.0,50,44,2.2500,7.318608
MTDwidth,1.0,50,45,2.3000,7.230296
MTDwidth,1.0,50,46,2.3500,7.155840
MTDwidth,1.0,50,47,2.4000,7.066049
MTDwidth,1.0,50,48,2.4500,6.932689
MTDwidth,1.0,50,49,2.5000,6.884267
MTDwidth,1.0,50,50,2.5500,6.791349
MTDwidth,1.0,50,51,2.6000,6.735353
MTDwidth,1.0,50,52,2.6500,6.660752
MTDwidth,1.0,50,53,2.7000,6.566955
MTDwidth,1.0,50,54,2.7500,6.481754
MTDwidth,1.0,50,55,2.8000,6.411310
MTDwidth,1.0,50,56,2.8500,6.268062
MTDwidth,1.0,50,57,2.9000,6.259845
MTDwidth,1.0,50,58,2.9500,6.184316
MTDwidth,1.0,50,59,3.0000,5.944543
MTDwidth,1.0,50,60,3.0500,5.871774
MTDwidth,1.0,50,61,3.1000,5.715640
MTDwidth,1.0,50,62,3.1500,5.617644
MTDwidth,1.0,50,63,3.2000,5.612167
MTDwidth,1.0,50,64,3.2500,5.573601
MTDwidth,1.0,50,65,3.3000,5.431816
MTDwidth,1.0,50,66,3.3500,5.427201
MTDwidth,1.0,50,67,3.4000,5.369789
MTDwidth,1.0,50,68,3.4500,5.210243
MTDwidth,1.0,50,69,3.5000,5.205209
MTDwidth,1.0,50,70,3.5500,5.153014
MTDwidth,1.0,50,71,3.6000,5.061437
MTDwidth,1.0,50,72,3.6500,5.018686
MTDwidth,1.0,50,73,3.7000,4.929232
MTDwidth,1.0,50,74,3.7500,4.857186
MTDwidth,1.0,50,75,3.8000,4.811637
MTDwidth,1.0,50,76,3.8500,4.752422
MTDwidth,1.0,50,77,3.9000,4.605701
MTDwidth,1.0,50,78,3.9500,4.586927
MTDwidth,1.0,50,79,4.0000,4.569778
MTDwidth,1.0,50,80,4.0500,4.487875
MTDwidth,1.0,50,81,4.1000,4.447683
MTDwidth,1.0,50,82,4.1500,4.372588
MTDwidth,1.0,50,83,4.2000,4.283127
MTDwidth,1.0,50,84,4.2500,4.263592
MTDwidth,1.0,50,85,4.3000,4.223882
MTDwidth,1.0,50,86,4.3500,4.214945
MTDwidth,1.0,50,87,4.4000,4.126064
MTDwidth,1.0,50,88,4.4500,4.042593
MTDwidth,1.0,50,89,4.5000,4.004730
MTDwidth,1.0,50,90,4.5500,3.940688
MTDwidth,1.0,50,91,4.6000,3.867033
MTDwidth,1.0,50,92,4.6500,3.785457
MTDwidth,1.0,50,93,4.7000,3.694350
MTDwidth,1.0,50,94,4.7500,3.657611
MTDwidth,1.0,50,95,4.8000,3.599316
MTDwidth,1.0,50,96,4.8500,3.482967
MTDwidth,1.0,50,97,4.9000,3.446106
MTDwidth,1.0,50,98,4.9500,3.412829
MTDwidth,1.0,50,99,5.0000,3.385126
MTDwidth,1.0,50,100,5.0500,3.373057
MTDwidth,1.0,50,101,5.1000,3.293400
MTDwidth,1.0,50,102,5.1500,3.218375
MTDwidth,1.0,50,103,5.2000,3.202151
MTDwidth,1.0,50,104,5.2500,3.191095
MTDwidth,1.0,50,105,5.3000,3.172374
MTDwidth,1.0,50,106,5.3500,3.103261
MTDwidth,1.0,50,107,5.4000,2.987077
MTDwidth,1.0,50,108,5.4500,2.889318
MTDwidth,1.0,50,109,5.5000,2.853810
MTDwidth,1.0,50,110,5.5500,2.835009
MTDwidth,1.0,50,111,5.6000,2.822996
MTDwidth,1.0,50,112,5.6500,2.721962
MTDwidth,1.0,50,113,5.7000,2.679684
MTDwidth,1.0,50,114,5.7500,2.624992
MTDwidth,1.0,50,115,5.8000,2.605095
MTDwidth,1.0,50,116,5.8500,2.589191
MTDwidth,1.0,50,117,5.9000,2.486182
MTDwidth,1.0,50,118,5.9500,2.460933
MTDwidth,1.0,50,119,6.0000,2.443860
MTDwidth,1.0,50,120,6.0500,2.429017
MTDwidth,1.0,50,121,6.1000,2.397865
MTDwidth,1.0,50,122,6.1500,2.370429
MTDwidth,1.0,50,123,6.2000,2.324795
MTDwidth,1.0,50,124,6.2500,2.250259
MTDwidth,1.0,50,125,6.3000,2.204529
MTDwidth,1.0,50,126,6.3500,2.156229
MTDwidth,1.0,50,127,6.4000,2.142513
MTDwidth,1.0,50,128,6.4500,2.122195
MTDwidth,1.0,50,129,6.5000,2.094175
MTDwidth,1.0,50,130,6.5500,2.066818
MTDwidth,1.0,50,131,6.6000,2.021687
MTDwidth,1.0,50,132,6.6500,2.020573
MTDwidth,1.0,50,133,6.7000,2.016837
MTDwidth,1.0,50,134,6.7500,1.985923
MTDwidth,1.0,50,135,6.8000,1.949593
MTDwidth,1.0,50,136,6.8500,1.932773
MTDwidth,1.0,50,137,6.9000,1.890293
MTDwidth,1.0,50,138,6.9500,1.853086
MTDwidth,1.0,50,139,7.0000,1.830356
MTDwidth,1.0,50,140,7.0500,1.808182
MTDwidth,1.0,50,141,7.1000,1.797961
MTDwidth,1.0,50,142,7.1500,1.776532
MTDwidth,1.0,50,143,7.2000,1.751831
MTDwidth,1.0,50,144,7.2500,1.733106
MTDwidth,1.0,50,145,7.3000,1.720262
MTDwidth,1.0,50,146,7.3500,1.706567
MTDwidth,1.0,50,147,7.4000,1.701456
MTDwidth,1.0,50,148,7.4500,1.664037
MTDwidth,1.0,50,149,7.5000,1.643901
MTDwidth,1.0,50,150,7.5500,1.629767
MTDwidth,1.0,50,151,7.6000,1.581652
MTDwidth,1.0,50,152,7.6500,1.538422
MTDwidth,1.0,50,153,7.7000,1.506611
MTDwidth,1.0,50,154,7.7500,1.489071
MTDwidth,1.0,50,155,7.8000,1.476009
MTDwidth,1.0,50,156,7.8500,1.465702
MTDwidth,1.0,50,157,7.9000,1.448998
MTDwidth,1.0,50,158,7.9500,1.433266
MTDwidth,1.0,50,159,8.0000,1.453808
MTDwidth,1.0,50,160,8.0500,1.449228
MTDwidth,1.0,50,161,8.1000,1.442812
MTDwidth,1.0,50,162,8.1500,1.433120
MTDwidth,1.0,50,163,8.2000,1.461666
MTDwidth,1.0,50,164,8.2500,1.466970
MTDwidth,1.0,50,165,8.3000,1.484314
MTDwidth,1.0,50,166,8.3500,1.496656
MTDwidth,1.0,50,167,8.4000,1.538999
MTDwidth,1.0,50,168,8.4500,1.566085
MTDwidth,1.0,50,169,8.5000,1.535601
MTDwidth,1.0,50,170,8.5500,1.565238
MTDwidth,1.0,50,171,8.6000,1.500298
MTDwidth,1.0,50,172,8.6500,1.467296
MTDwidth,1.0,50,173,8.7000,1.474139
MTDwidth,1.0,50,174,8.7500,1.412458
MTDwidth,1.0,50,175,8.8000,1.330323
MTDwidth,1.0,50,176,8.8500,1.262033
MTDwidth,1.0,50,177,8.9000,1.200663
MTDwidth,1.0,50,178,8.9500,1.185588
MTDwidth,1.0,50,179,9.0000,1.238599
MTDwidth,1.0,50,180,9.0500,1.238270
MTDwidth,1.0,50,181,9.1000,1.215443
MTDwidth,1.0,50,182,9.1500,1.173196
MTDwidth,1.0,50,183,9.2000,1.127063
MTDwidth,1.0,50,184,9.2500,1.089949
MTDwidth,1.0,50,185,9.3000,1.089264
MTDwidth,1.0,50,186,9.3500,1.128153
MTDwidth,1.0,50,187,9.4000,1.130453
MTDwidth,1.0,50,188,9.4500,1.148914
MTDwidth,1.0,50,189,9.5000,1.118646
MTDwidth,1.0,50,190,9.5500,1.112993
MTDwidth,1.0,50,191,9.6000,1.146275
MTDwidth,1.0,50,192,9.6500,1.149814
MTDwidth,1.0,50,193,9.7000,1.208512
MTDwidth,1.0,50,194,9.7500,1.243200
MTDwidth,1.0,50,195,9.8000,1.268665
MTDwidth,1.0,50,196,9.8500,1.246337
MTDwidth,1.0,50,197,9.9000,1.211695
MTDwidth,1.0,50,198,9.9500,1.130787
MTDwidth,1.0,50,199,10.0000,1.052462
MTDwidth,2.0,10,0,0.0500,14.389404
MTDwidth,2.0,10,1,0.1000,13.654496
MTDwidth,2.0,10,2,0.1500,13.078288
MTDwidth,2.0,10,3,0.2000,12.673407
MTDwidth,2.0,10,4,0.2500,12.168395
MTDwidth,2.0,10,5,0.3000,11.527838
MTDwidth,2.0,10,6,0.3500,11.198096
MTDwidth,2.0,10,7,0.4000,10.688420
MTDwidth,2.0,10,8,0.4500,10.444662
MTDwidth,2.0,10,9,0.5000,10.158384
MTDwidth,2.0,10,10,0.5500,10.110027
MTDwidth,2.0,10,11,0.6000,9.846418
MTDwidth,2.0,10,12,0.6500,9.745770
MTDwidth,2.0,10,13,0.7000,9.625400
MTDwidth,2.0,10,14,0.7500,9.305531
MTDwidth,2.0,10,15,0.8000,8.746186
MTDwidth,2.0,10,16,0.8500,8.542190
MTDwidth,2.0,10,17,0.9000,8.276964
MTDwidth,2.0,10,18,0.9500,8.119051
MTDwidth,2.0,10,19,1.0000,7.816253
MTDwidth,2.0,10,20,1.0500,7.793442
MTDwidth,2.0,10,21,1.1000,7.454563
MTDwidth,2.0,10,22,1.1500,7.282946
MTDwidth,2.0,10,23,1.2000,7.118784
MTDwidth,2.0,10,24,1.2500,7.002747
MTDwidth,2.0,10,25,1.3000,6.883064
MTDwidth,2.0,10,26,1.3500,6.861290
MTDwidth,2.0,10,27,1.4000,6.522323
MTDwidth,2.0,10,28,1.4500,6.489901
MTDwidth,2.0,10,29,1.5000,6.405444
MTDwidth,2.0,10,30,1.5500,6.273687
MTDwidth,2.0,10,31,1.6000,6.120038
MTDwidth,2.0,10,32,1.6500,5.880630
MTDwidth,2.0,10,33,1.7000,5.801239
MTDwidth,2.0,10,34,1.7500,5.725161
MTDwidth,2.0,10,35,1.8000,5.456153
MTDwidth,2.0,10,36,1.8500,5.393077
MTDwidth,2.0,10,37,1.9000,5.231669
MTDwidth,2.0,10,38,1.9500,5.107926
MTDwidth,2.0,10,39,2.0000,4.945900
MTDwidth,2.0,10,40,2.0500,4.799270
MTDwidth,2.0,10,41,2.1000,4.531517
MTDwidth,2.0,10,42,2.1500,4.388353
MTDwidth,2.0,10,43,2.2000,4.250041
MTDwidth,2.0,10,44,2.2500,4.089899
MTDwidth,2.0,10,45,2.3000,4.009936
MTDwidth,2.0,10,46,2.3500,3.959424
MTDwidth,2.0,10,47,2.4000,3.861705
MTDwidth,2.0,10,48,2.4500,3.633618
MTDwidth,2.0,10,49,2.5000,3.400194
MTDwidth,2.0,10,50,2.5500,3.300503
MTDwidth,2.0,10,51,2.6000,3.274039
MTDwidth,2.0,10,52,2.6500,3.265437
MTDwidth,2.0,10,53,2.7000,3.125394
MTDwidth,2.0,10,54,2.7500,3.057887
MTDwidth,2.0,10,55,2.8000,2.893302
MTDwidth,2.0,10,56,2.8500,2.879303
MTDwidth,2.0,10,57,2.9000,2.855084
MTDwidth,2.0,10,58,2.9500,2.711255
MTDwidth,2.0,10,59,3.0000,2.679750
MTDwidth,2.0,10,60,3.0500,2.509820
MTDwidth,2.0,10,61,3.1000,2.418092
MTDwidth,2.0,10,62,3.1500,2.328576
MTDwidth,2.0,10,63,3.2000,2.309732
MTDwidth,2.0,10,64,3.2500,2.186455
MTDwidth,2.0,10,65,3.3000,2.163919
MTDwidth,2.0,10,66,3.3500,2.119609
MTDwidth,2.0,10,67,3.4000,2.032050
MTDwidth,2.0,10,68,3.4500,2.017739
MTDwidth,2.0,10,69,3.5000,1.927894
MTDwidth,2.0,10,70,3.5500,1.815562
MTDwidth,2.0,10,71,3.6000,1.759688
MTDwidth,2.0,10,72,3.6500,1.724391
MTDwidth,2.0,10,73,3.7000,1.709680
MTDwidth,2.0,10,74,3.7500,1.676054
MTDwidth,2.0,10,75,3.8000,1.631451
MTDwidth,2.0,10,76,3.8500,1.590150
MTDwidth,2.0,10,77,3.9000,1.559752
MTDwidth,2.0,10,78,3.9500,1.493012
MTDwidth,2.0,10,79,4.0000,1.477890
MTDwidth,2.0,10,80,4.0500,1.480038
MTDwidth,2.0,10,81,4.1000,1.494494
MTDwidth,2.0,10,82,4.1500,1.367391
MTDwidth,2.0,10,83,4.2000,1.284880
MTDwidth,2.0,10,84,4.2500,1.239550
MTDwidth,2.0,10,85,4.3000,1.204364
MTDwidth,2.0,10,86,4.3500,1.182746
MTDwidth,2.0,10,87,4.4000,1.165223
MTDwidth,2.0,10,88,4.4500,1.158599
MTDwidth,2.0,10,89,4.5000,1.172668
MTDwidth,2.0,10,90,4.5500,1.199315
MTDwidth,2.0,10,91,4.6000,1.219522
MTDwidth,2.0,10,92,4.6500,1.255011
MTDwidth,2.0,10,93,4.7000,1.277330
MTDwidth,2.0,10,94,4.7500,1.343998
MTDwidth,2.0,10,95,4.8000,1.314220
MTDwidth,2.0,10,96,4.8500,1.435091
MTDwidth,2.0,10,97,4.9000,1.266971
MTDwidth,2.0,10,98,4.9500,1.119701
MTDwidth,2.0,10,99,5.0000,1.005627
MTDwidth,2.0,10,100,5.0500,0.992855
MTDwidth,2.0,10,101,5.1000,0.903851
MTDwidth,2.0,10,102,5.1500,0.814828
MTDwidth,2.0,10,103,5.2000,0.755123
MTDwidth,2.0,10,104,5.2500,0.736297
MTDwidth,2.0,10,105,5.3000,0.710857
MTDwidth,2.0,10,106,5.3500,0.752006
MTDwidth,2.0,10,107,5.4000,0.759904
MTDwidth,2.0,10,108,5.4500,0.775682
MTDwidth,2.0,10,109,5.5000,0.784081
MTDwidth,2.0,10,110,5.5500,0.699333
MTDwidth,2.0,10,111,5.6000,0.682867
MTDwidth,2.0,10,112,5.6500,0.695936
MTDwidth,2.0,10,113,5.7000,0.705796
MTDwidth,2.0,10,114,5.7500,0.732813
MTDwidth,2.0,10,115,5.8000,0.842678
MTDwidth,2.0,10,116,5.8500,0.803465
MTDwidth,2.0,10,117,5.9000,0.621063
MTDwidth,2.0,10,118,5.9500,0.528680
MTDwidth,2.0,10,119,6.0000,0.473076
MTDwidth,2.0,10,120,6.0500,0.518553
MTDwidth,2.0,10,121,6.1000,0.595575
MTDwidth,2.0,10,122,6.1500,0.687796
MTDwidth,2.0,10,123,6.2000,0.859597
MTDwidth,2.0,10,124,6.2500,0.991235
MTDwidth,2.0,10,125,6.3000,1.177385
MTDwidth,2.0,10,126,6.3500,1.368973
MTDwidth,2.0,10,127,6.4000,1.476933
MTDwidth,2.0,10,128,6.4500,1.581781
MTDwidth,2.0,10,129,6.5000,1.688375
MTDwidth,2.0,10,130,6.5500,1.772274
MTDwidth,2.0,10,131,6.6000,1.816313
MTDwidth,2.0,10,132,6.6500,1.818280
MTDwidth,2.0,10,133,6.7000,1.730688
MTDwidth,2.0,10,134,6.7500,1.669009
MTDwidth,2.0,10,135,6.8000,1.622279
MTDwidth,2.0,10,136,6.8500,1.590868
MTDwidth,2.0,10,137,6.9000,1.544559
MTDwidth,2.0,10,138,6.9500,1.412297
MTDwidth,2.0,10,139,7.0000,1.480036
MTDwidth,2.0,10,140,7.0500,1.624732
MTDwidth,2.0,10,141,7.1000,1.713107
MTDwidth,2.0,10,142,7.1500,1.768918
MTDwidth,2.0,10,143,7.2000,1.687267
MTDwidth,2.0,10,144,7.2500,1.705763
MTDwidth,2.0,10,145,7.3000,1.728117
MTDwidth,2.0,10,146,7.3500,1.830772
MTDwidth,2.0,10,147,7.4000,1.773507
MTDwidth,2.0,10,148,7.4500,1.644667
MTDwidth,2.0,10,149,7.5000,1.485437
MTDwidth,2.0,10,150,7.5500,1.466568
MTDwidth,2.0,10,151,7.6000,1.464052
MTDwidth,2.0,10,152,7.6500,1.270724
MTDwidth,2.0,10,153,7.7000,1.156714
MTDwidth,2.0,10,154,7.7500,1.089886
MTDwidth,2.0,10,155,7.8000,1.040088
MTDwidth,2.0,10,156,7.8500,1.132526
MTDwidth,2.0,10,157,7.9000,1.161527
MTDwidth,2.0,10,158,7.9500,1.047164
MTDwidth,2.0,10,159,8.0000,0.970698
MTDwidth,2.0,10,160,8.0500,0.820266
MTDwidth,2.0,10,161,8.1000,0.706215
MTDwidth,2.0,10,162,8.1500,0.676719
MTDwidth,2.0,10,163,8.2000,0.702312
MTDwidth,2.0,10,164,8.2500,0.672399
MTDwidth,2.0,10,165,8.3000,0.548144
MTDwidth,2.0,10,166,8.3500,0.464101
MTDwidth,2.0,10,167,8.4000,0.509119
MTDwidth,2.0,10,168,8.4500,0.566335
MTDwidth,2.0,10,169,8.5000,0.683760
MTDwidth,2.0,10,170,8.5500,0.817345
MTDwidth,2.0,10,171,8.6000,0.950696
MTDwidth,2.0,10,172,8.6500,1.061993
MTDwidth,2.0,10,173,8.7000,1.202027
MTDwidth,2.0,10,174,8.7500,1.344471
MTDwidth,2.0,10,175,8.8000,1.450248
MTDwidth,2.0,10,176,8.8500,1.541243
MTDwidth,2.0,10,177,8.9000,1.645751
MTDwidth,2.0,10,178,8.9500,1.771717
MTDwidth,2.0,10,179,9.0000,1.901732
MTDwidth,2.0,10,180,9.0500,2.032235
MTDwidth,2.0,10,181,9.1000,2.129102
MTDwidth,2.0,10,182,9.1500,2.128561
MTDwidth,2.0,10,183,9.2000,1.954797
MTDwidth,2.0,10,184,9.2500,1.888380
MTDwidth,2.0,10,185,9.3000,1.870836
MTDwidth,2.0,10,186,9.3500,1.859153
MTDwidth,2.0,10,187,9.4000,1.864625
MTDwidth,2.0,10,188,9.4500,1.785693
MTDwidth,2.0,10,189,9.5000,1.706217
MTDwidth,2.0,10,190,9.5500,1.718014
MTDwidth,2.0,10,191,9.6000,1.660475
MTDwidth,2.0,10,192,9.6500,1.529854
MTDwidth,2.0,10,193,9.7000,1.406436
MTDwidth,2.0,10,194,9.7500,1.392729
MTDwidth,2.0,10,195,9.8000,1.352095
MTDwidth,2.0,10,196,9.8500,1.251800
MTDwidth,2.0,10,197,9.9000,1.142153
MTDwidth,2.0,10,198,9.9500,1.101518
MTDwidth,2.0,10,199,10.0000,1.114818
MTDwidth,2.0,20,0,0.0500,14.221438
MTDwidth,2.0,20,1,0.1000,13.269977
MTDwidth,2.0,20,2,0.1500,13.023291
MTDwidth,2.0,20,3,0.2000,12.605533
MTDwidth,2.0,20,4,0.2500,12.021730
MTDwidth,2.0,20,5,0.3000,11.694449
MTDwidth,2.0,20,6,0.3500,11.135785
MTDwidth,2.0,20,7,0.4000,10.819282
MTDwidth,2.0,20,8,0.4500,10.516645
MTDwidth,2.0,20,9,0.5000,10.410297
MTDwidth,2.0,20,10,0.5500,10.216051
MTDwidth,2.0,20,11,0.6000,9.883875
MTDwidth,2.0,20,12,0.6500,9.540087
MTDwidth,2.0,20,13,0.7000,9.092765
MTDwidth,2.0,20,14,0.7500,8.941213
MTDwidth,2.0,20,15,0.8000,8.747057
MTDwidth,2.0,20,16,0.8500,8.664113
MTDwidth,2.0,20,17,0.9000,8.347444
MTDwidth,2.0,20,18,0.9500,8.233262
MTDwidth,2.0,20,19,1.0000,7.808500
MTDwidth,2.0,20,20,1.0500,7.675849
MTDwidth,2.0,20,21,1.1000,7.600100
MTDwidth,2.0,20,22,1.1500,7.464497
MTDwidth,2.0,20,23,1.2000,7.152247
MTDwidth,2.0,20,24,1.2500,7.088378
MTDwidth,2.0,20,25,1.3000,6.869788
MTDwidth,2.0,20,26,1.3500,6.724133
MTDwidth,2.0,20,27,1.4000,6.641589
MTDwidth,2.0,20,28,1.4500,6.388469
MTDwidth,2.0,20,29,1.5000,6.217742
MTDwidth,2.0,20,30,1.5500,6.034252
MTDwidth,2.0,20,31,1.6000,5.785137
MTDwidth,2.0,20,32,1.6500,5.611036
MTDwidth,2.0,20,33,1.7000,5.549507
MTDwidth,2.0,20,34,1.7500,5.294947
MTDwidth,2.0,20,35,1.8000,5.130564
MTDwidth,2.0,20,36,1.8500,5.036134
MTDwidth,2.0,20,37,1.9000,4.908788
MTDwidth,2.0,20,38,1.9500,4.794531
MTDwidth,2.0,20,39,2.0000,4.588869
MTDwidth,2.0,20,40,2.0500,4.584714
MTDwidth,2.0,20,41,2.1000,4.443928
MTDwidth,2.0,20,42,2.1500,4.440244
MTDwidth,2.0,20,43,2.2000,4.420409
MTDwidth,2.0,20,44,2.2500,4.353070
MTDwidth,2.0,20,45,2.3000,4.368827
MTDwidth,2.0,20,46,2.3500,4.200133
MTDwidth,2.0,20,47,2.4000,4.007557
MTDwidth,2.0,20,48,2.4500,3.881616
MTDwidth,2.0,20,49,2.5000,3.893175
MTDwidth,2.0,20,50,2.5500,3.870137
MTDwidth,2.0,20,51,2.6000,3.750995
MTDwidth,2.0,20,52,2.6500,3.541829
MTDwidth,2.0,20,53,2.7000,3.386221
MTDwidth,2.0,20,54,2.7500,3.248483
MTDwidth,2.0,20,55,2.8000,3.208251
MTDwidth,2.0,20,56,2.8500,3.150161
MTDwidth,2.0,20,57,2.9000,2.938234
MTDwidth,2.0,20,58,2.9500,2.925846
MTDwidth,2.0,20,59,3.0000,2.833604
MTDwidth,2.0,20,60,3.0500,2.853225
MTDwidth,2.0,20,61,3.1000,2.867909
MTDwidth,2.0,20,62,3.1500,2.631280
MTDwidth,2.0,20,63,3.2000,2.500141
MTDwidth,2.0,20,64,3.2500,2.340267
MTDwidth,2.0,20,65,3.3000,2.316975
MTDwidth,2.0,20,66,3.3500,2.161450
MTDwidth,2.0,20,67,3.4000,2.150271
MTDwidth,2.0,20,68,3.4500,2.024567
MTDwidth,2.0,20,69,3.5000,1.987348
MTDwidth,2.0,20,70,3.5500,1.900405
MTDwidth,2.0,20,71,3.6000,1.902872
MTDwidth,2.0,20,72,3.6500,1.886177
MTDwidth,2.0,20,73,3.7000,1.854146
MTDwidth,2.0,20,74,3.7500,1.776130
MTDwidth,2.0,20,75,3.8000,1.708300
MTDwidth,2.0,20,76,3.8500,1.625571
MTDwidth,2.0,20,77,3.9000,1.609477
MTDwidth,2.0,20,78,3.9500,1.605396
MTDwidth,2.0,20,79,4.0000,1.495594
MTDwidth,2.0,20,80,4.0500,1.428325
MTDwidth,2.0,20,81,4.1000,1.418624
MTDwidth,2.0,20,82,4.1500,1.436151
MTDwidth,2.0,20,83,4.2000,1.339697
MTDwidth,2.0,20,84,4.2500,1.321891
MTDwidth,2.0,20,85,4.3000,1.314599
MTDwidth,2.0,20,86,4.3500,1.257366
MTDwidth,2.0,20,87,4.4000,1.261520
MTDwidth,2.0,20,88,4.4500,1.273114
MTDwidth,2.0,20,89,4.5000,1.269449
MTDwidth,2.0,20,90,4.5500,1.156308
MTDwidth,2.0,20,91,4.6000,1.102890
MTDwidth,2.0,20,92,4.6500,1.000345
MTDwidth,2.0,20,93,4.7000,0.944593
MTDwidth,2.0,20,94,4.7500,1.005717
MTDwidth,2.0,20,95,4.8000,1.087385
MTDwidth,2.0,20,96,4.8500,1.140976
MTDwidth,2.0,20,97,4.9000,1.142170
MTDwidth,2.0,20,98,4.9500,1.070007
MTDwidth,2.0,20,99,5.0000,1.021028
MTDwidth,2.0,20,100,5.0500,1.021541
MTDwidth,2.0,20,101,5.1000,1.039072
MTDwidth,2.0,20,102,5.1500,1.048866
MTDwidth,2.0,20,103,5.2000,1.131816
MTDwidth,2.0,20,104,5.2500,1.230270
MTDwidth,2.0,20,105,5.3000,1.289290
MTDwidth,2.0,20,106,5.3500,0.920076
MTDwidth,2.0,20,107,5.4000,0.755408
MTDwidth,2.0,20,108,5.4500,0.695447
MTDwidth,2.0,20,109,5.5000,0.716204
MTDwidth,2.0,20,110,5.5500,0.705772
MTDwidth,2.0,20,111,5.6000,0.675368
MTDwidth,2.0,20,112,5.6500,0.724176
MTDwidth,2.0,20,113,5.7000,0.727205
MTDwidth,2.0,20,114,5.7500,0.594555
MTDwidth,2.0,20,115,5.8000,0.525818
MTDwidth,2.0,20,116,5.8500,0.512681
MTDwidth,2.0,20,117,5.9000,0.512667
MTDwidth,2.0,20,118,5.9500,0.559364
MTDwidth,2.0,20,119,6.0000,0.583658
MTDwidth,2.0,20,120,6.0500,0.665093
MTDwidth,2.0,20,121,6.1000,0.692048
MTDwidth,2.0,20,122,6.1500,0.722472
MTDwidth,2.0,20,123,6.2000,0.594786
MTDwidth,2.0,20,124,6.2500,0.487480
MTDwidth,2.0,20,125,6.3000,0.435302
MTDwidth,2.0,20,126,6.3500,0.478603
MTDwidth,2.0,20,127,6.4000,0.490771
MTDwidth,2.0,20,128,6.4500,0.568420
MTDwidth,2.0,20,129,6.5000,0.498814
MTDwidth,2.0,20,130,6.5500,0.466828
MTDwidth,2.0,20,131,6.6000,0.438992
MTDwidth,2.0,20,132,6.6500,0.400917
MTDwidth,2.0,20,133,6.7000,0.373234
MTDwidth,2.0,20,134,6.7500,0.421866
MTDwidth,2.0,20,135,6.8000,0.383445
MTDwidth,2.0,20,136,6.8500,0.467557
MTDwidth,2.0,20,137,6.9000,0.589916
MTDwidth,2.0,20,138,6.9500,0.693629
MTDwidth,2.0,20,139,7.0000,0.835507
MTDwidth,2.0,20,140,7.0500,0.979105
MTDwidth,2.0,20,141,7.1000,1.123138
MTDwidth,2.0,20,142,7.1500,1.262450
MTDwidth,2.0,20,143,7.2000,1.411209
MTDwidth,2.0,20,144,7.2500,1.572386
MTDwidth,2.0,20,145,7.3000,1.704938
MTDwidth,2.0,20,146,7.3500,1.817532
MTDwidth,2.0,20,147,7.4000,1.714561
MTDwidth,2.0,20,148,7.4500,1.646274
MTDwidth,2.0,20,149,7.5000,1.623089
MTDwidth,2.0,20,150,7.5500,1.653801
MTDwidth,2.0,20,151,7.6000,1.595447
MTDwidth,2.0,20,152,7.6500,1.605635
MTDwidth,2.0,20,153,7.7000,1.467378
MTDwidth,2.0,20,154,7.7500,1.416765
MTDwidth,2.0,20,155,7.8000,1.314578
MTDwidth,2.0,20,156,7.8500,1.220246
MTDwidth,2.0,20,157,7.9000,1.110506
MTDwidth,2.0,20,158,7.9500,1.033964
MTDwidth,2.0,20,159,8.0000,0.945311
MTDwidth,2.0,20,160,8.0500,0.887223
MTDwidth,2.0,20,161,8.1000,0.764139
MTDwidth,2.0,20,162,8.1500,0.762548
MTDwidth,2.0,20,163,8.2000,0.817481
MTDwidth,2.0,20,164,8.2500,0.833703
MTDwidth,2.0,20,165,8.3000,0.617877
MTDwidth,2.0,20,166,8.3500,0.593121
MTDwidth,2.0,20,167,8.4000,0.411469
MTDwidth,2.0,20,168,8.4500,0.351591
MTDwidth,2.0,20,169,8.5000,0.284112
MTDwidth,2.0,20,170,8.5500,0.269605
MTDwidth,2.0,20,171,8.6000,0.252898
MTDwidth,2.0,20,172,8.6500,0.276496
MTDwidth,2.0,20,173,8.7000,0.337648
MTDwidth,2.0,20,174,8.7500,0.233422
MTDwidth,2.0,20,175,8.8000,0.193679
MTDwidth,2.0,20,176,8.8500,0.207778
MTDwidth,2.0,20,177,8.9000,0.219921
MTDwidth,2.0,20,178,8.9500,0.270524
MTDwidth,2.0,20,179,9.0000,0.355161
MTDwidth,2.0,20,180,9.0500,0.585847
MTDwidth,2.0,20,181,9.1000,0.596384
MTDwidth,2.0,20,182,9.1500,0.662335
MTDwidth,2.0,20,183,9.2000,0.692374
MTDwidth,2.0,20,184,9.2500,0.779966
MTDwidth,2.0,20,185,9.3000,0.769626
MTDwidth,2.0,20,186,9.3500,0.699627
MTDwidth,2.0,20,187,9.4000,0.579047
MTDwidth,2.0,20,188,9.4500,0.447519
MTDwidth,2.0,20,189,9.5000,0.375867
MTDwidth,2.0,20,190,9.5500,0.335655
MTDwidth,2.0,20,191,9.6000,0.313176
MTDwidth,2.0,20,192,9.6500,0.401203
MTDwidth,2.0,20,193,9.7000,0.485453
MTDwidth,2.0,20,194,9.7500,0.549238
MTDwidth,2.0,20,195,9.8000,0.553957
MTDwidth,2.0,20,196,9.8500,0.579777
MTDwidth,2.0,20,197,9.9000,0.598383
MTDwidth,2.0,20,198,9.9500,0.555019
MTDwidth,2.0,20,199,10.0000,0.453573
MTDwidth,2.0,30,0,0.0500,14.517373
MTDwidth,2.0,30,1,0.1000,13.813577
MTDwidth,2.0,30,2,0.1500,13.253272
MTDwidth,2.0,30,3,0.2000,12.509627
MTDwidth,2.0,30,4,0.2500,12.029631
MTDwidth,2.0,30,5,0.3000,11.501891
MTDwidth,2.0,30,6,0.3500,11.088619
MTDwidth,2.0,30,7,0.4000,10.887427
MTDwidth,2.0,30,8,0.4500,10.844544
MTDwidth,2.0,30,9,0.5000,10.316683
MTDwidth,2.0,30,10,0.5500,9.919317
MTDwidth,2.0,30,11,0.6000,9.699685
MTDwidth,2.0,30,12,0.6500,9.436982
MTDwidth,2.0,30,13,0.7000,9.058864
MTDwidth,2.0,30,14,0.7500,8.896158
MTDwidth,2.0,30,15,0.8000,8.881190
MTDwidth,2.0,30,16,0.8500,8.738213
MTDwidth,2.0,30,17,0.9000,8.539241
MTDwidth,2.0,30,18,0.9500,8.256570
MTDwidth,2.0,30,19,1.0000,7.905166
MTDwidth,2.0,30,20,1.0500,7.821539
MTDwidth,2.0,30,21,1.1000,7.754135
MTDwidth,2.0,30,22,1.1500,7.533266
MTDwidth,2.0,30,23,1.2000,7.350705
MTDwidth,2.0,30,24,1.2500,7.251561
MTDwidth,2.0,30,25,1.3000,6.978131
MTDwidth,2.0,30,26,1.3500,6.733669
MTDwidth,2.0,30,27,1.4000,6.506050
MTDwidth,2.0,30,28,1.4500,6.394446
MTDwidth,2.0,30,29,1.5000,6.239726
MTDwidth,2.0,30,30,1.5500,6.121853
MTDwidth,2.0,30,31,1.6000,6.023395
MTDwidth,2.0,30,32,1.6500,5.836961
MTDwidth,2.0,30,33,1.7000,5.551448
MTDwidth,2.0,30,34,1.7500,5.409098
MTDwidth,2.0,30,35,1.8000,5.332117
MTDwidth,2.0,30,36,1.8500,5.185913
MTDwidth,2.0,30,37,1.9000,5.050309
MTDwidth,2.0,30,38,1.9500,4.829872
MTDwidth,2.0,30,39,2.0000,4.652297
MTDwidth,2.0,30,40,2.0500,4.583284
MTDwidth,2.0,30,41,2.1000,4.576895
MTDwidth,2.0,30,42,2.1500,4.459436
MTDwidth,2.0,30,43,2.2000,4.333629
MTDwidth,2.0,30,44,2.2500,4.141644
MTDwidth,2.0,30,45,2.3000,3.944962
MTDwidth,2.0,30,46,2.3500,3.843209
MTDwidth,2.0,30,47,2.4000,3.837422
MTDwidth,2.0,30,48,2.4500,3.783356
MTDwidth,2.0,30,49,2.5000,3.644269
MTDwidth,2.0,30,50,2.5500,3.604904
MTDwidth,2.0,30,51,2.6000,3.543003
MTDwidth,2.0,30,52,2.6500,3.408512
MTDwidth,2.0,30,53,2.7000,3.097725
MTDwidth,2.0,30,54,2.7500,3.081144
MTDwidth,2.0,30,55,2.8000,2.997246
MTDwidth,2.0,30,56,2.8500,2.887828
MTDwidth,2.0,30,57,2.9000,2.876887
MTDwidth,2.0,30,58,2.9500,2.782101
MTDwidth,2.0,30,59,3.0000,2.756645
MTDwidth,2.0,30,60,3.0500,2.754137
MTDwidth,2.0,30,61,3.1000,2.600533
MTDwidth,2.0,30,62,3.1500,2.560077
MTDwidth,2.0,30,63,3.2000,2.389780
MTDwidth,2.0,30,64,3.2500,2.352579
MTDwidth,2.0,30,65,3.3000,2.319414
MTDwidth,2.0,30,66,3.3500,2.181232
MTDwidth,2.0,30,67,3.4000,2.163490
MTDwidth,2.0,30,68,3.4500,2.139896
MTDwidth,2.0,30,69,3.5000,2.141416
MTDwidth,2.0,30,70,3.5500,2.071897
MTDwidth,2.0,30,71,3.6000,1.896421
MTDwidth,2.0,30,72,3.6500,1.785776
MTDwidth,2.0,30,73,3.7000,1.747734
MTDwidth,2.0,30,74,3.7500,1.717087
MTDwidth,2.0,30,75,3.8000,1.698556
MTDwidth,2.0,30,76,3.8500,1.598645
MTDwidth,2.0,30,77,3.9000,1.533825
MTDwidth,2.0,30,78,3.9500,1.481655
MTDwidth,2.0,30,79,4.0000,1.437760
MTDwidth,2.0,30,80,4.0500,1.392146
MTDwidth,2.0,30,81,4.1000,1.388638
MTDwidth,2.0,30,82,4.1500,1.353609
MTDwidth,2.0,30,83,4.2000,1.320808
MTDwidth,2.0,30,84,4.2500,1.297896
MTDwidth,2.0,30,85,4.3000,1.264433
MTDwidth,2.0,30,86,4.3500,1.238467
MTDwidth,2.0,30,87,4.4000,1.228506
MTDwidth,2.0,30,88,4.4500,1.225012
MTDwidth,2.0,30,89,4.5000,1.216190
MTDwidth,2.0,30,90,4.5500,1.173510
MTDwidth,2.0,30,91,4.6000,1.186250
MTDwidth,2.0,30,92,4.6500,1.174420
MTDwidth,2.0,30,93,4.7000,1.178637
MTDwidth,2.0,30,94,4.7500,1.226130
MTDwidth,2.0,30,95,4.8000,1.228047
MTDwidth,2.0,30,96,4.8500,1.263282
MTDwidth,2.0,30,97,4.9000,1.390896
MTDwidth,2.0,30,98,4.9500,1.347982
MTDwidth,2.0,30,99,5.0000,1.334224
MTDwidth,2.0,30,100,5.0500,1.144381
MTDwidth,2.0,30,101,5.1000,0.988356
MTDwidth,2.0,30,102,5.1500,0.818844
MTDwidth,2.0,30,103,5.2000,0.723636
MTDwidth,2.0,30,104,5.2500,0.712543
MTDwidth,2.0,30,105,5.3000,0.720886
MTDwidth,2.0,30,106,5.3500,0.828840
MTDwidth,2.0,30,107,5.4000,0.953106
MTDwidth,2.0,30,108,5.4500,1.046550
MTDwidth,2.0,30,109,5.5000,1.147912
MTDwidth,2.0,30,110,5.5500,1.289010
MTDwidth,2.0,30,111,5.6000,1.413377
MTDwidth,2.0,30,112,5.6500,1.560673
MTDwidth,2.0,30,113,5.7000,1.627494
MTDwidth,2.0,30,114,5.7500,1.664280
MTDwidth,2.0,30,115,5.8000,1.722746
MTDwidth,2.0,30,116,5.8500,1.785176
MTDwidth,2.0,30,117,5.9000,1.858627
MTDwidth,2.0,30,118,5.9500,1.947051
MTDwidth,2.0,30,119,6.0000,2.036064
MTDwidth,2.0,30,120,6.0500,2.137584
MTDwidth,2.0,30,121,6.1000,2.252374
MTDwidth,2.0,30,122,6.1500,2.378002
MTDwidth,2.0,30,123,6.2000,2.501604
MTDwidth,2.0,30,124,6.2500,2.631437
MTDwidth,2.0,30,125,6.3000,2.764230
MTDwidth,2.0,30,126,6.3500,2.851873
MTDwidth,2.0,30,127,6.4000,2.757181
MTDwidth,2.0,30,128,6.4500,2.614042
MTDwidth,2.0,30,129,6.5000,2.481958
MTDwidth,2.0,30,130,6.5500,2.458864
MTDwidth,2.0,30,131,6.6000,2.342722
MTDwidth,2.0,30,132,6.6500,2.172637
MTDwidth,2.0,30,133,6.7000,2.066000
MTDwidth,2.0,30,134,6.7500,2.140553
MTDwidth,2.0,30,135,6.8000,1.978424
MTDwidth,2.0,30,136,6.8500,1.907355
MTDwidth,2.0,30,137,6.9000,1.717549
MTDwidth,2.0,30,138,6.9500,1.688954
MTDwidth,2.0,30,139,7.0000,1.535214
MTDwidth,2.0,30,140,7.0500,1.532561
MTDwidth,2.0,30,141,7.1000,1.413878
MTDwidth,2.0,30,142,7.1500,1.336756
MTDwidth,2.0,30,143,7.2000,1.273157
MTDwidth,2.0,30,144,7.2500,1.195007
MTDwidth,2.0,30,145,7.3000,1.074851
MTDwidth,2.0,30,146,7.3500,1.023185
MTDwidth,2.0,30,147,7.4000,0.969115
MTDwidth,2.0,30,148,7.4500,0.946901
MTDwidth,2.0,30,149,7.5000,0.925494
MTDwidth,2.0,30,150,7.5500,0.898921
MTDwidth,2.0,30,151,7.6000,0.834990
MTDwidth,2.0,30,152,7.6500,0.802725
MTDwidth,2.0,30,153,7.7000,0.791348
MTDwidth,2.0,30,154,7.7500,0.780357
MTDwidth,2.0,30,155,7.8000,0.774333
MTDwidth,2.0,30,156,7.8500,0.793377
MTDwidth,2.0,30,157,7.9000,0.791348
MTDwidth,2.0,30,158,7.9500,0.799518
MTDwidth,2.0,30,159,8.0000,0.801818
MTDwidth,2.0,30,160,8.0500,0.868690
MTDwidth,2.0,30,161,8.1000,0.955198
MTDwidth,2.0,30,162,8.1500,0.964137
MTDwidth,2.0,30,163,8.2000,0.980806
MTDwidth,2.0,30,164,8.2500,1.047816
MTDwidth,2.0,30,165,8.3000,1.052836
MTDwidth,2.0,30,166,8.3500,1.062959
MTDwidth,2.0,30,167,8.4000,1.080557
MTDwidth,2.0,30,168,8.4500,1.108163
MTDwidth,2.0,30,169,8.5000,1.154248
MTDwidth,2.0,30,170,8.5500,1.198988
MTDwidth,2.0,30,171,8.6000,1.285706
MTDwidth,2.0,30,172,8.6500,1.302164
MTDwidth,2.0,30,173,8.7000,1.117273
MTDwidth,2.0,30,174,8.7500,0.937846
MTDwidth,2.0,30,175,8.8000,0.756851
MTDwidth,2.0,30,176,8.8500,0.612996
MTDwidth,2.0,30,177,8.9000,0.495150
MTDwidth,2.0,30,178,8.9500,0.390470
MTDwidth,2.0,30,179,9.0000,0.365086
MTDwidth,2.0,30,180,9.0500,0.393264
MTDwidth,2.0,30,181,9.1000,0.469747
MTDwidth,2.0,30,182,9.1500,0.584711
MTDwidth,2.0,30,183,9.2000,0.729060
MTDwidth,2.0,30,184,9.2500,0.815525
MTDwidth,2.0,30,185,9.3000,0.849684
MTDwidth,2.0,30,186,9.3500,0.677226
MTDwidth,2.0,30,187,9.4000,0.650397
MTDwidth,2.0,30,188,9.4500,0.545367
MTDwidth,2.0,30,189,9.5000,0.484064
MTDwidth,2.0,30,190,9.5500,0.422226
MTDwidth,2.0,30,191,9.6000,0.400531
MTDwidth,2.0,30,192,9.6500,0.429365
MTDwidth,2.0,30,193,9.7000,0.480910
MTDwidth,2.0,30,194,9.7500,0.466809
MTDwidth,2.0,30,195,9.8000,0.529407
MTDwidth,2.0,30,196,9.8500,0.512726
MTDwidth,2.0,30,197,9.9000,0.540889
MTDwidth,2.0,30,198,9.9500,0.560304
MTDwidth,2.0,30,199,10.0000,0.550291
MTDwidth,2.0,40,0,0.0500,14.365658
MTDwidth,2.0,40,1,0.1000,13.553334
MTDwidth,2.0,40,2,0.1500,12.893355
MTDwidth,2.0,40,3,0.2000,12.465036
MTDwidth,2.0,40,4,0.2500,12.189274
MTDwidth,2.0,40,5,0.3000,11.501111
MTDwidth,2.0,40,6,0.3500,11.316368
MTDwidth,2.0,40,7,0.4000,10.862266
MTDwidth,2.0,40,8,0.4500,10.598826
MTDwidth,2.0,40,9,0.5000,10.313553
MTDwidth,2.0,40,10,0.5500,10.087694
MTDwidth,2.0,40,11,0.6000,9.674294
MTDwidth,2.0,40,12,0.6500,9.470843
MTDwidth,2.0,40,13,0.7000,9.242929
MTDwidth,2.0,40,14,0.7500,9.036201
MTDwidth,2.0,40,15,0.8000,8.876193
MTDwidth,2.0,40,16,0.8500,8.423074
MTDwidth,2.0,40,17,0.9000,8.220720
MTDwidth,2.0,40,18,0.9500,8.042284
MTDwidth,2.0,40,19,1.0000,7.814811
MTDwidth,2.0,40,20,1.0500,7.566312
MTDwidth,2.0,40,21,1.1000,7.421607
MTDwidth,2.0,40,22,1.1500,7.246197
MTDwidth,2.0,40,23,1.2000,7.163167
MTDwidth,2.0,40,24,1.2500,7.109178
MTDwidth,2.0,40,25,1.3000,6.926860
MTDwidth,2.0,40,26,1.3500,6.529293
MTDwidth,2.0,40,27,1.4000,6.272742
MTDwidth,2.0,40,28,1.4500,6.185810
MTDwidth,2.0,40,29,1.5000,5.898322
MTDwidth,2.0,40,30,1.5500,5.841186
MTDwidth,2.0,40,31,1.6000,5.738229
MTDwidth,2.0,40,32,1.6500,5.454631
MTDwidth,2.0,40,33,1.7000,5.258670
MTDwidth,2.0,40,34,1.7500,5.220079
MTDwidth,2.0,40,35,1.8000,5.215819
MTDwidth,2.0,40,36,1.8500,5.076031
MTDwidth,2.0,40,37,1.9000,5.014782
MTDwidth,2.0,40,38,1.9500,4.834740
MTDwidth,2.0,40,39,2.0000,4.780461
MTDwidth,2.0,40,40,2.0500,4.707280
MTDwidth,2.0,40,41,2.1000,4.590738
MTDwidth,2.0,40,42,2.1500,4.422737
MTDwidth,2.0,40,43,2.2000,4.283503
MTDwidth,2.0,40,44,2.2500,4.099926
MTDwidth,2.0,40,45,2.3000,4.069394
MTDwidth,2.0,40,46,2.3500,3.852607
MTDwidth,2.0,40,47,2.4000,3.763648
MTDwidth,2.0,40,48,2.4500,3.699426
MTDwidth,2.0,40,49,2.5000,3.621387
MTDwidth,2.0,40,50,2.5500,3.628212
MTDwidth,2.0,40,51,2.6000,3.432890
MTDwidth,2.0,40,52,2.6500,3.315954
MTDwidth,2.0,40,53,2.7000,3.228399
MTDwidth,2.0,40,54,2.7500,3.166626
MTDwidth,2.0,40,55,2.8000,3.074018
MTDwidth,2.0,40,56,2.8500,3.076298
MTDwidth,2.0,40,57,2.9000,2.804230
MTDwidth,2.0,40,58,2.9500,2.711630
MTDwidth,2.0,40,59,3.0000,2.731836
MTDwidth,2.0,40,60,3.0500,2.746529
MTDwidth,2.0,40,61,3.1000,2.581046
MTDwidth,2.0,40,62,3.1500,2.552603
MTDwidth,2.0,40,63,3.2000,2.544821
MTDwidth,2.0,40,64,3.2500,2.446175
MTDwidth,2.0,40,65,3.3000,2.269177
MTDwidth,2.0,40,66,3.3500,2.118880
MTDwidth,2.0,40,67,3.4000,2.080815
MTDwidth,2.0,40,68,3.4500,2.054417
MTDwidth,2.0,40,69,3.5000,2.057794
MTDwidth,2.0,40,70,3.5500,2.033391
MTDwidth,2.0,40,71,3.6000,1.949052
MTDwidth,2.0,40,72,3.6500,1.875198
MTDwidth,2.0,40,73,3.7000,1.826841
MTDwidth,2.0,40,74,3.7500,1.793436
MTDwidth,2.0,40,75,3.8000,1.813259
MTDwidth,2.0,40,76,3.8500,1.841427
MTDwidth,2.0,40,77,3.9000,1.755710
MTDwidth,2.0,40,78,3.9500,1.561825
MTDwidth,2.0,40,79,4.0000,1.486357
MTDwidth,2.0,40,80,4.0500,1.382029
MTDwidth,2.0,40,81,4.1000,1.320804
MTDwidth,2.0,40,82,4.1500,1.287347
MTDwidth,2.0,40,83,4.2000,1.276930
MTDwidth,2.0,40,84,4.2500,1.268999
MTDwidth,2.0,40,85,4.3000,1.213041
MTDwidth,2.0,40,86,4.3500,1.208611
MTDwidth,2.0,40,87,4.4000,1.190295
MTDwidth,2.0,40,88,4.4500,1.166926
MTDwidth,2.0,40,89,4.5000,1.174935
MTDwidth,2.0,40,90,4.5500,1.210195
MTDwidth,2.0,40,91,4.6000,1.256459
MTDwidth,2.0,40,92,4.6500,1.274804
MTDwidth,2.0,40,93,4.7000,1.160376
MTDwidth,2.0,40,94,4.7500,1.008541
MTDwidth,2.0,40,95,4.8000,0.915630
MTDwidth,2.0,40,96,4.8500,0.845756
MTDwidth,2.0,40,97,4.9000,0.820748
MTDwidth,2.0,40,98,4.9500,0.824822
MTDwidth,2.0,40,99,5.0000,0.839601
MTDwidth,2.0,40,100,5.0500,0.815632
MTDwidth,2.0,40,101,5.1000,0.874102
MTDwidth,2.0,40,102,5.1500,0.875960
MTDwidth,2.0,40,103,5.2000,0.911310
MTDwidth,2.0,40,104,5.2500,0.971943
MTDwidth,2.0,40,105,5.3000,0.928485
MTDwidth,2.0,40,106,5.3500,1.068475
MTDwidth,2.0,40,107,5.4000,1.158099
MTDwidth,2.0,40,108,5.4500,1.170638
MTDwidth,2.0,40,109,5.5000,1.181752
MTDwidth,2.0,40,110,5.5500,1.172318
MTDwidth,2.0,40,111,5.6000,1.300216
MTDwidth,2.0,40,112,5.6500,1.436378
MTDwidth,2.0,40,113,5.7000,1.478323
MTDwidth,2.0,40,114,5.7500,1.574179
MTDwidth,2.0,40,115,5.8000,1.527379
MTDwidth,2.0,40,116,5.8500,1.356190
MTDwidth,2.0,40,117,5.9000,1.217173
MTDwidth,2.0,40,118,5.9500,1.062063
MTDwidth,2.0,40,119,6.0000,0.913756
MTDwidth,2.0,40,120,6.0500,0.794749
MTDwidth,2.0,40,121,6.1000,0.718902
MTDwidth,2.0,40,122,6.1500,0.706144
MTDwidth,2.0,40,123,6.2000,0.710517
MTDwidth,2.0,40,124,6.2500,0.826305
MTDwidth,2.0,40,125,6.3000,0.872042
MTDwidth,2.0,40,126,6.3500,0.911706
MTDwidth,2.0,40,127,6.4000,1.057189
MTDwidth,2.0,40,128,6.4500,1.179070
MTDwidth,2.0,40,129,6.5000,1.221908
MTDwidth,2.0,40,130,6.5500,1.241925
MTDwidth,2.0,40,131,6.6000,1.191810
MTDwidth,2.0,40,132,6.6500,1.182099
MTDwidth,2.0,40,133,6.7000,1.080354
MTDwidth,2.0,40,134,6.7500,1.054945
MTDwidth,2.0,40,135,6.8000,0.962942
MTDwidth,2.0,40,136,6.8500,0.920263
MTDwidth,2.0,40,137,6.9000,0.894905
MTDwidth,2.0,40,138,6.9500,0.999433
MTDwidth,2.0,40,139,7.0000,1.144768
MTDwidth,2.0,40,140,7.0500,1.222138
MTDwidth,2.0,40,141,7.1000,1.229239
MTDwidth,2.0,40,142,7.1500,1.193329
MTDwidth,2.0,40,143,7.2000,1.213965
MTDwidth,2.0,40,144,7.2500,1.266408
MTDwidth,2.0,40,145,7.3000,1.237491
MTDwidth,2.0,40,146,7.3500,1.074280
MTDwidth,2.0,40,147,7.4000,1.083278
MTDwidth,2.0,40,148,7.4500,1.103118
MTDwidth,2.0,40,149,7.5000,1.169374
MTDwidth,2.0,40,150,7.5500,1.170501
MTDwidth,2.0,40,151,7.6000,1.033706
MTDwidth,2.0,40,152,7.6500,0.751385
MTDwidth,2.0,40,153,7.7000,0.531474
MTDwidth,2.0,40,154,7.7500,0.523866
MTDwidth,2.0,40,155,7.8000,0.513344
MTDwidth,2.0,40,156,7.8500,0.465957
MTDwidth,2.0,40,157,7.9000,0.336252
MTDwidth,2.0,40,158,7.9500,0.277288
MTDwidth,2.0,40,159,8.0000,0.190189
MTDwidth,2.0,40,160,8.0500,0.191978
MTDwidth,2.0,40,161,8.1000,0.272455
MTDwidth,2.0,40,162,8.1500,0.415420
MTDwidth,2.0,40,163,8.2000,0.497401
MTDwidth,2.0,40,164,8.2500,0.633114
MTDwidth,2.0,40,165,8.3000,0.629049
MTDwidth,2.0,40,166,8.3500,0.528450
MTDwidth,2.0,40,167,8.4000,0.502486
MTDwidth,2.0,40,168,8.4500,0.544999
MTDwidth,2.0,40,169,8.5000,0.536754
MTDwidth,2.0,40,170,8.5500,0.571794
MTDwidth,2.0,40,171,8.6000,0.636825
MTDwidth,2.0,40,172,8.6500,0.589579
MTDwidth,2.0,40,173,8.7000,0.661382
MTDwidth,2.0,40,174,8.7500,0.697012
MTDwidth,2.0,40,175,8.8000,0.717947
MTDwidth,2.0,40,176,8.8500,0.738272
MTDwidth,2.0,40,177,8.9000,0.798315
MTDwidth,2.0,40,178,8.9500,0.842126
MTDwidth,2.0,40,179,9.0000,0.850045
MTDwidth,2.0,40,180,9.0500,0.832272
MTDwidth,2.0,40,181,9.1000,0.747485
MTDwidth,2.0,40,182,9.1500,0.605564
MTDwidth,2.0,40,183,9.2000,0.499626
MTDwidth,2.0,40,184,9.2500,0.486749
MTDwidth,2.0,40,185,9.3000,0.557540
MTDwidth,2.0,40,186,9.3500,0.627803
MTDwidth,2.0,40,187,9.4000,0.615192
MTDwidth,2.0,40,188,9.4500,0.602953
MTDwidth,2.0,40,189,9.5000,0.594061
MTDwidth,2.0,40,190,9.5500,0.584215
MTDwidth,2.0,40,191,9.6000,0.676620
MTDwidth,2.0,40,192,9.6500,0.696203
MTDwidth,2.0,40,193,9.7000,0.800714
MTDwidth,2.0,40,194,9.7500,0.834461
MTDwidth,2.0,40,195,9.8000,0.912391
MTDwidth,2.0,40,196,9.8500,1.043687
MTDwidth,2.0,40,197,9.9000,1.069390
MTDwidth,2.0,40,198,9.9500,1.075399
MTDwidth,2.0,40,199,10.0000,1.070571
MTDwidth,2.0,50,0,0.0500,14.633996
MTDwidth,2.0,50,1,0.1000,13.780843
MTDwidth,2.0,50,2,0.1500,12.962193
MTDwidth,2.0,50,3,0.2000,12.527973
MTDwidth,2.0,50,4,0.2500,12.180162
MTDwidth,2.0,50,5,0.3000,11.803981
MTDwidth,2.0,50,6,0.3500,11.388739
MTDwidth,2.0,50,7,0.4000,11.079144
MTDwidth,2.0,50,8,0.4500,10.841097
MTDwidth,2.0,50,9,0.5000,10.601571
MTDwidth,2.0,50,10,0.5500,10.449823
MTDwidth,2.0,50,11,0.6000,10.104256
MTDwidth,2.0,50,12,0.6500,9.501038
MTDwidth,2.0,50,13,0.7000,9.191941
MTDwidth,2.0,50,14,0.7500,8.775865
MTDwidth,2.0,50,15,0.8000,8.574131
MTDwidth,2.0,50,16,0.8500,8.571646
MTDwidth,2.0,50,17,0.9000,8.376840
MTDwidth,2.0,50,18,0.9500,8.171895
MTDwidth,2.0,50,19,1.0000,7.800271
MTDwidth,2.0,50,20,1.0500,7.663686
MTDwidth,2.0,50,21,1.1000,7.525292
MTDwidth,2.0,50,22,1.1500,7.257717
MTDwidth,2.0,50,23,1.2000,7.071122
MTDwidth,2.0,50,24,1.2500,6.925396
MTDwidth,2.0,50,25,1.3000,6.829861
MTDwidth,2.0,50,26,1.3500,6.771568
MTDwidth,2.0,50,27,1.4000,6.608701
MTDwidth,2.0,50,28,1.4500,6.538790
MTDwidth,2.0,50,29,1.5000,6.241339
MTDwidth,2.0,50,30,1.5500,5.987206
MTDwidth,2.0,50,31,1.6000,5.826852
MTDwidth,2.0,50,32,1.6500,5.795304
MTDwidth,2.0,50,33,1.7000,5.733523
MTDwidth,2.0,50,34,1.7500,5.506966
MTDwidth,2.0,50,35,1.8000,5.408346
MTDwidth,2.0,50,36,1.8500,5.137458
MTDwidth,2.0,50,37,1.9000,5.006901
MTDwidth,2.0,50,38,1.9500,4.827712
MTDwidth,2.0,50,39,2.0000,4.819260
MTDwidth,2.0,50,40,2.0500,4.794036
MTDwidth,2.0,50,41,2.1000,4.600473
MTDwidth,2.0,50,42,2.1500,4.387262
MTDwidth,2.0,50,43,2.2000,4.250742
MTDwidth,2.0,50,44,2.2500,4.108509
MTDwidth,2.0,50,45,2.3000,4.100381
MTDwidth,2.0,50,46,2.3500,3.965069
MTDwidth,2.0,50,47,2.4000,3.826921
MTDwidth,2.0,50,48,2.4500,3.750999
MTDwidth,2.0,50,49,2.5000,3.697372
MTDwidth,2.0,50,50,2.5500,3.547048
MTDwidth,2.0,50,51,2.6000,3.316688
MTDwidth,2.0,50,52,2.6500,3.220629
MTDwidth,2.0,50,53,2.7000,3.185812
MTDwidth,2.0,50,54,2.7500,3.170458
MTDwidth,2.0,50,55,2.8000,3.170583
MTDwidth,2.0,50,56,2.8500,2.942163
MTDwidth,2.0,50,57,2.9000,2.762872
MTDwidth,2.0,50,58,2.9500,2.721730
MTDwidth,2.0,50,59,3.0000,2.676556
MTDwidth,2.0,50,60,3.0500,2.612216
MTDwidth,2.0,50,61,3.1000,2.584475
MTDwidth,2.0,50,62,3.1500,2.470017
MTDwidth,2.0,50,63,3.2000,2.466349
MTDwidth,2.0,50,64,3.2500,2.288185
MTDwidth,2.0,50,65,3.3000,2.195916
MTDwidth,2.0,50,66,3.3500,2.113942
MTDwidth,2.0,50,67,3.4000,2.068735
MTDwidth,2.0,50,68,3.4500,2.013375
MTDwidth,2.0,50,69,3.5000,1.952880
MTDwidth,2.0,50,70,3.5500,1.931989
MTDwidth,2.0,50,71,3.6000,1.833353
MTDwidth,2.0,50,72,3.6500,1.776763
MTDwidth,2.0,50,73,3.7000,1.769083
MTDwidth,2.0,50,74,3.7500,1.760890
MTDwidth,2.0,50,75,3.8000,1.707792
MTDwidth,2.0,50,76,3.8500,1.655884
MTDwidth,2.0,50,77,3.9000,1.531571
MTDwidth,2.0,50,78,3.9500,1.436126
MTDwidth,2.0,50,79,4.0000,1.406713
MTDwidth,2.0,50,80,4.0500,1.366525
MTDwidth,2.0,50,81,4.1000,1.325027
MTDwidth,2.0,50,82,4.1500,1.298740
MTDwidth,2.0,50,83,4.2000,1.263421
MTDwidth,2.0,50,84,4.2500,1.248929
MTDwidth,2.0,50,85,4.3000,1.238650
MTDwidth,2.0,50,86,4.3500,1.270085
MTDwidth,2.0,50,87,4.4000,1.219658
MTDwidth,2.0,50,88,4.4500,1.195739
MTDwidth,2.0,50,89,4.5000,1.122524
MTDwidth,2.0,50,90,4.5500,1.115488
MTDwidth,2.0,50,91,4.6000,0.994215
MTDwidth,2.0,50,92,4.6500,1.001049
MTDwidth,2.0,50,93,4.7000,0.999646
MTDwidth,2.0,50,94,4.7500,0.973258
MTDwidth,2.0,50,95,4.8000,0.970413
MTDwidth,2.0,50,96,4.8500,0.998436
MTDwidth,2.0,50,97,4.9000,0.943828
MTDwidth,2.0,50,98,4.9500,0.921431
MTDwidth,2.0,50,99,5.0000,0.962308
MTDwidth,2.0,50,100,5.0500,0.937532
MTDwidth,2.0,50,101,5.1000,0.931741
MTDwidth,2.0,50,102,5.1500,0.926759
MTDwidth,2.0,50,103,5.2000,0.926634
MTDwidth,2.0,50,104,5.2500,0.943455
MTDwidth,2.0,50,105,5.3000,0.992592
MTDwidth,2.0,50,106,5.3500,1.095902
MTDwidth,2.0,50,107,5.4000,1.145384
MTDwidth,2.0,50,108,5.4500,1.206057
MTDwidth,2.0,50,109,5.5000,1.277984
MTDwidth,2.0,50,110,5.5500,1.166585
MTDwidth,2.0,50,111,5.6000,0.965821
MTDwidth,2.0,50,112,5.6500,0.850528
MTDwidth,2.0,50,113,5.7000,0.696481
MTDwidth,2.0,50,114,5.7500,0.606684
MTDwidth,2.0,50,115,5.8000,0.610734
MTDwidth,2.0,50,116,5.8500,0.651597
MTDwidth,2.0,50,117,5.9000,0.811804
MTDwidth,2.0,50,118,5.9500,0.871682
MTDwidth,2.0,50,119,6.0000,0.915615
MTDwidth,2.0,50,120,6.0500,0.952867
MTDwidth,2.0,50,121,6.1000,0.946374
MTDwidth,2.0,50,122,6.1500,0.860695
MTDwidth,2.0,50,123,6.2000,0.795457
MTDwidth,2.0,50,124,6.2500,0.618556
MTDwidth,2.0,50,125,6.3000,0.485943
MTDwidth,2.0,50,126,6.3500,0.414564
MTDwidth,2.0,50,127,6.4000,0.451990
MTDwidth,2.0,50,128,6.4500,0.533888
MTDwidth,2.0,50,129,6.5000,0.581194
MTDwidth,2.0,50,130,6.5500,0.681407
MTDwidth,2.0,50,131,6.6000,0.698230
MTDwidth,2.0,50,132,6.6500,0.766182
MTDwidth,2.0,50,133,6.7000,0.737338
MTDwidth,2.0,50,134,6.7500,0.718127
MTDwidth,2.0,50,135,6.8000,0.645708
MTDwidth,2.0,50,136,6.8500,0.597736
MTDwidth,2.0,50,137,6.9000,0.573404
MTDwidth,2.0,50,138,6.9500,0.432524
MTDwidth,2.0,50,139,7.0000,0.421350
MTDwidth,2.0,50,140,7.0500,0.529264
MTDwidth,2.0,50,141,7.1000,0.639561
MTDwidth,2.0,50,142,7.1500,0.555349
MTDwidth,2.0,50,143,7.2000,0.448620
MTDwidth,2.0,50,144,7.2500,0.395220
MTDwidth,2.0,50,145,7.3000,0.415630
MTDwidth,2.0,50,146,7.3500,0.421282
MTDwidth,2.0,50,147,7.4000,0.495977
MTDwidth,2.0,50,148,7.4500,0.492855
MTDwidth,2.0,50,149,7.5000,0.523876
MTDwidth,2.0,50,150,7.5500,0.591240
MTDwidth,2.0,50,151,7.6000,0.686882
MTDwidth,2.0,50,152,7.6500,0.674385
MTDwidth,2.0,50,153,7.7000,0.761369
MTDwidth,2.0,50,154,7.7500,0.806099
MTDwidth,2.0,50,155,7.8000,0.963578
MTDwidth,2.0,50,156,7.8500,1.106813
MTDwidth,2.0,50,157,7.9000,1.107636
MTDwidth,2.0,50,158,7.9500,1.167820
MTDwidth,2.0,50,159,8.0000,1.261518
MTDwidth,2.0,50,160,8.0500,1.486767
MTDwidth,2.0,50,161,8.1000,1.501060
MTDwidth,2.0,50,162,8.1500,1.488172
MTDwidth,2.0,50,163,8.2000,1.462385
MTDwidth,2.0,50,164,8.2500,1.547170
MTDwidth,2.0,50,165,8.3000,1.655772
MTDwidth,2.0,50,166,8.3500,1.639572
MTDwidth,2.0,50,167,8.4000,1.596378
MTDwidth,2.0,50,168,8.4500,1.564772
MTDwidth,2.0,50,169,8.5000,1.592448
MTDwidth,2.0,50,170,8.5500,1.671773
MTDwidth,2.0,50,171,8.6000,1.659571
MTDwidth,2.0,50,172,8.6500,1.658748
MTDwidth,2.0,50,173,8.7000,1.787109
MTDwidth,2.0,50,174,8.7500,1.800564
MTDwidth,2.0,50,175,8.8000,1.828314
MTDwidth,2.0,50,176,8.8500,1.830879
MTDwidth,2.0,50,177,8.9000,1.696266
MTDwidth,2.0,50,178,8.9500,1.532669
MTDwidth,2.0,50,179,9.0000,1.367217
MTDwidth,2.0,50,180,9.0500,1.199455
MTDwidth,2.0,50,181,9.1000,1.043065
MTDwidth,2.0,50,182,9.1500,0.917034
MTDwidth,2.0,50,183,9.2000,0.803104
MTDwidth,2.0,50,184,9.2500,0.730820
MTDwidth,2.0,50,185,9.3000,0.785115
MTDwidth,2.0,50,186,9.3500,0.913517
MTDwidth,2.0,50,187,9.4000,0.952674
MTDwidth,2.0,50,188,9.4500,1.073295
MTDwidth,2.0,50,189,9.5000,1.158415
MTDwidth,2.0,50,190,9.5500,1.184723
MTDwidth,2.0,50,191,9.6000,1.310373
MTDwidth,2.0,50,192,9.6500,1.347047
MTDwidth,2.0,50,193,9.7000,1.282753
MTDwidth,2.0,50,194,9.7500,1.210403
MTDwidth,2.0,50,195,9.8000,1.061367
MTDwidth,2.0,50,196,9.8500,0.907364
MTDwidth,2.0,50,197,9.9000,0.769940
MTDwidth,2.0,50,198,9.9500,0.652546
MTDwidth,2.0,50,199,10.0000,0.515589
MTDwidth,3.0,10,0,0.0500,13.867614
MTDwidth,3.0,10,1,0.1000,13.047200
MTDwidth,3.0,10,2,0.1500,12.310745
MTDwidth,3.0,10,3,0.2000,11.741276
MTDwidth,3.0,10,4,0.2500,11.136759
MTDwidth,3.0,10,5,0.3000,10.695341
MTDwidth,3.0,10,6,0.3500,10.190938
MTDwidth,3.0,10,7,0.4000,9.750131
MTDwidth,3.0,10,8,0.4500,9.363312
MTDwidth,3.0,10,9,0.5000,9.051567
MTDwidth,3.0,10,10,0.5500,8.833713
MTDwidth,3.0,10,11,0.6000,8.369553
MTDwidth,3.0,10,12,0.6500,8.173527
MTDwidth,3.0,10,13,0.7000,7.838470
MTDwidth,3.0,10,14,0.7500,7.588965
MTDwidth,3.0,10,15,0.8000,7.343634
MTDwidth,3.0,10,16,0.8500,6.937474
MTDwidth,3.0,10,17,0.9000,6.769962
MTDwidth,3.0,10,18,0.9500,6.544598
MTDwidth,3.0,10,19,1.0000,6.522899
MTDwidth,3.0,10,20,1.0500,6.296439
MTDwidth,3.0,10,21,1.1000,6.308376
MTDwidth,3.0,10,22,1.1500,6.078943
MTDwidth,3.0,10,23,1.2000,5.981270
MTDwidth,3.0,10,24,1.2500,5.953780
MTDwidth,3.0,10,25,1.3000,5.415666
MTDwidth,3.0,10,26,1.3500,5.038719
MTDwidth,3.0,10,27,1.4000,4.981947
MTDwidth,3.0,10,28,1.4500,4.995729
MTDwidth,3.0,10,29,1.5000,4.778565
MTDwidth,3.0,10,30,1.5500,4.501933
MTDwidth,3.0,10,31,1.6000,4.418656
MTDwidth,3.0,10,32,1.6500,4.457195
MTDwidth,3.0,10,33,1.7000,4.276436
MTDwidth,3.0,10,34,1.7500,4.020557
MTDwidth,3.0,10,35,1.8000,3.628623
MTDwidth,3.0,10,36,1.8500,3.351422
MTDwidth,3.0,10,37,1.9000,3.399889
MTDwidth,3.0,10,38,1.9500,3.085666
MTDwidth,3.0,10,39,2.0000,3.054092
MTDwidth,3.0,10,40,2.0500,2.901895
MTDwidth,3.0,10,41,2.1000,2.952473
MTDwidth,3.0,10,42,2.1500,2.923501
MTDwidth,3.0,10,43,2.2000,2.449791
MTDwidth,3.0,10,44,2.2500,2.295462
MTDwidth,3.0,10,45,2.3000,2.126155
MTDwidth,3.0,10,46,2.3500,2.133268
MTDwidth,3.0,10,47,2.4000,2.049423
MTDwidth,3.0,10,48,2.4500,1.764032
MTDwidth,3.0,10,49,2.5000,1.704764
MTDwidth,3.0,10,50,2.5500,1.639785
MTDwidth,3.0,10,51,2.6000,1.510721
MTDwidth,3.0,10,52,2.6500,1.492776
MTDwidth,3.0,10,53,2.7000,1.442808
MTDwidth,3.0,10,54,2.7500,1.411040
MTDwidth,3.0,10,55,2.8000,1.371065
MTDwidth,3.0,10,56,2.8500,1.405282
MTDwidth,3.0,10,57,2.9000,1.262069
MTDwidth,3.0,10,58,2.9500,1.175548
MTDwidth,3.0,10,59,3.0000,1.151543
MTDwidth,3.0,10,60,3.0500,1.173437
MTDwidth,3.0,10,61,3.1000,1.251998
MTDwidth,3.0,10,62,3.1500,1.422587
MTDwidth,3.0,10,63,3.2000,1.450904
MTDwidth,3.0,10,64,3.2500,1.376219
MTDwidth,3.0,10,65,3.3000,1.517565
MTDwidth,3.0,10,66,3.3500,1.396837
MTDwidth,3.0,10,67,3.4000,1.100267
MTDwidth,3.0,10,68,3.4500,1.022009
MTDwidth,3.0,10,69,3.5000,0.846592
MTDwidth,3.0,10,70,3.5500,0.831546
MTDwidth,3.0,10,71,3.6000,0.840250
MTDwidth,3.0,10,72,3.6500,0.861789
MTDwidth,3.0,10,73,3.7000,0.940515
MTDwidth,3.0,10,74,3.7500,1.003586
MTDwidth,3.0,10,75,3.8000,1.087879
MTDwidth,3.0,10,76,3.8500,1.149894
MTDwidth,3.0,10,77,3.9000,1.111039
MTDwidth,3.0,10,78,3.9500,0.866942
MTDwidth,3.0,10,79,4.0000,0.585929
MTDwidth,3.0,10,80,4.0500,0.434001
MTDwidth,3.0,10,81,4.1000,0.447476
MTDwidth,3.0,10,82,4.1500,0.611145
MTDwidth,3.0,10,83,4.2000,0.836782
MTDwidth,3.0,10,84,4.2500,1.026258
MTDwidth,3.0,10,85,4.3000,1.060576
MTDwidth,3.0,10,86,4.3500,1.194249
MTDwidth,3.0,10,87,4.4000,1.383079
MTDwidth,3.0,10,88,4.4500,1.605436
MTDwidth,3.0,10,89,4.5000,1.824085
MTDwidth,3.0,10,90,4.5500,1.915546
MTDwidth,3.0,10,91,4.6000,1.775823
MTDwidth,3.0,10,92,4.6500,1.771497
MTDwidth,3.0,10,93,4.7000,1.755215
MTDwidth,3.0,10,94,4.7500,1.640546
MTDwidth,3.0,10,95,4.8000,1.642945
MTDwidth,3.0,10,96,4.8500,1.695927
MTDwidth,3.0,10,97,4.9000,1.310946
MTDwidth,3.0,10,98,4.9500,1.210037
MTDwidth,3.0,10,99,5.0000,1.268988
MTDwidth,3.0,10,100,5.0500,1.090513
MTDwidth,3.0,10,101,5.1000,0.993782
MTDwidth,3.0,10,102,5.1500,0.924354
MTDwidth,3.0,10,103,5.2000,0.816801
MTDwidth,3.0,10,104,5.2500,0.564191
MTDwidth,3.0,10,105,5.3000,0.453616
MTDwidth,3.0,10,106,5.3500,0.338682
MTDwidth,3.0,10,107,5.4000,0.292174
MTDwidth,3.0,10,108,5.4500,0.285007
MTDwidth,3.0,10,109,5.5000,0.328668
MTDwidth,3.0,10,110,5.5500,0.439114
MTDwidth,3.0,10,111,5.6000,0.500210
MTDwidth,3.0,10,112,5.6500,0.546803
MTDwidth,3.0,10,113,5.7000,0.553177
MTDwidth,3.0,10,114,5.7500,0.743007
MTDwidth,3.0,10,115,5.8000,0.852849
MTDwidth,3.0,10,116,5.8500,0.950209
MTDwidth,3.0,10,117,5.9000,1.006174
MTDwidth,3.0,10,118,5.9500,1.207377
MTDwidth,3.0,10,119,6.0000,1.215940
MTDwidth,3.0,10,120,6.0500,1.147542
MTDwidth,3.0,10,121,6.1000,1.198071
MTDwidth,3.0,10,122,6.1500,1.302084
MTDwidth,3.0,10,123,6.2000,1.262832
MTDwidth,3.0,10,124,6.2500,1.332880
MTDwidth,3.0,10,125,6.3000,1.392746
MTDwidth,3.0,10,126,6.3500,1.365057
MTDwidth,3.0,10,127,6.4000,1.137583
MTDwidth,3.0,10,128,6.4500,0.984109
MTDwidth,3.0,10,129,6.5000,0.836508
MTDwidth,3.0,10,130,6.5500,0.592075
MTDwidth,3.0,10,131,6.6000,0.415516
MTDwidth,3.0,10,132,6.6500,0.301643
MTDwidth,3.0,10,133,6.7000,0.400169
MTDwidth,3.0,10,134,6.7500,0.460465
MTDwidth,3.0,10,135,6.8000,0.453567
MTDwidth,3.0,10,136,6.8500,0.478840
MTDwidth,3.0,10,137,6.9000,0.520100
MTDwidth,3.0,10,138,6.9500,0.587732
MTDwidth,3.0,10,139,7.0000,0.699554
MTDwidth,3.0,10,140,7.0500,0.701947
MTDwidth,3.0,10,141,7.1000,0.708025
MTDwidth,3.0,10,142,7.1500,0.790964
MTDwidth,3.0,10,143,7.2000,0.871346
MTDwidth,3.0,10,144,7.2500,0.845775
MTDwidth,3.0,10,145,7.3000,0.864004
MTDwidth,3.0,10,146,7.3500,0.747890
MTDwidth,3.0,10,147,7.4000,0.710210
MTDwidth,3.0,10,148,7.4500,0.873994
MTDwidth,3.0,10,149,7.5000,0.912771
MTDwidth,3.0,10,150,7.5500,0.938051
MTDwidth,3.0,10,151,7.6000,1.086232
MTDwidth,3.0,10,152,7.6500,1.251323
MTDwidth,3.0,10,153,7.7000,1.377817
MTDwidth,3.0,10,154,7.7500,1.196437
MTDwidth,3.0,10,155,7.8000,1.147795
MTDwidth,3.0,10,156,7.8500,0.996165
MTDwidth,3.0,10,157,7.9000,0.905270
MTDwidth,3.0,10,158,7.9500,0.935697
MTDwidth,3.0,10,159,8.0000,0.819125
MTDwidth,3.0,10,160,8.0500,0.725291
MTDwidth,3.0,10,161,8.1000,0.705410
MTDwidth,3.0,10,162,8.1500,0.704370
MTDwidth,3.0,10,163,8.2000,0.711423
MTDwidth,3.0,10,164,8.2500,0.717644
MTDwidth,3.0,10,165,8.3000,0.735685
MTDwidth,3.0,10,166,8.3500,0.756531
MTDwidth,3.0,10,167,8.4000,0.809534
MTDwidth,3.0,10,168,8.4500,0.853726
MTDwidth,3.0,10,169,8.5000,0.921540
MTDwidth,3.0,10,170,8.5500,0.982507
MTDwidth,3.0,10,171,8.6000,1.047162
MTDwidth,3.0,10,172,8.6500,1.087859
MTDwidth,3.0,10,173,8.7000,1.174044
MTDwidth,3.0,10,174,8.7500,1.330792
MTDwidth,3.0,10,175,8.8000,1.451484
MTDwidth,3.0,10,176,8.8500,1.414192
MTDwidth,3.0,10,177,8.9000,1.273226
MTDwidth,3.0,10,178,8.9500,1.031796
MTDwidth,3.0,10,179,9.0000,0.815953
MTDwidth,3.0,10,180,9.0500,0.653827
MTDwidth,3.0,10,181,9.1000,0.501800
MTDwidth,3.0,10,182,9.1500,0.372546
MTDwidth,3.0,10,183,9.2000,0.331420
MTDwidth,3.0,10,184,9.2500,0.390842
MTDwidth,3.0,10,185,9.3000,0.516278
MTDwidth,3.0,10,186,9.3500,0.530180
MTDwidth,3.0,10,187,9.4000,0.505324
MTDwidth,3.0,10,188,9.4500,0.439217
MTDwidth,3.0,10,189,9.5000,0.379015
MTDwidth,3.0,10,190,9.5500,0.339763
MTDwidth,3.0,10,191,9.6000,0.294783
MTDwidth,3.0,10,192,9.6500,0.324470
MTDwidth,3.0,10,193,9.7000,0.369844
MTDwidth,3.0,10,194,9.7500,0.466715
MTDwidth,3.0,10,195,9.8000,0.504317
MTDwidth,3.0,10,196,9.8500,0.578165
MTDwidth,3.0,10,197,9.9000,0.531032
MTDwidth,3.0,10,198,9.9500,0.419300
MTDwidth,3.0,10,199,10.0000,0.367460
MTDwidth,3.0,20,0,0.0500,14.008113
MTDwidth,3.0,20,1,0.1000,12.634453
MTDwidth,3.0,20,2,0.1500,12.066453
MTDwidth,3.0,20,3,0.2000,11.475804
MTDwidth,3.0,20,4,0.2500,10.968188
MTDwidth,3.0,20,5,0.3000,10.608920
MTDwidth,3.0,20,6,0.3500,10.295137
MTDwidth,3.0,20,7,0.4000,9.756674
MTDwidth,3.0,20,8,0.4500,9.416580
MTDwidth,3.0,20,9,0.5000,9.128949
MTDwidth,3.0,20,10,0.5500,8.601682
MTDwidth,3.0,20,11,0.6000,8.342844
MTDwidth,3.0,20,12,0.6500,8.334154
MTDwidth,3.0,20,13,0.7000,7.949861
MTDwidth,3.0,20,14,0.7500,7.524644
MTDwidth,3.0,20,15,0.8000,7.245128
MTDwidth,3.0,20,16,0.8500,7.012987
MTDwidth,3.0,20,17,0.9000,6.853705
MTDwidth,3.0,20,18,0.9500,6.553545
MTDwidth,3.0,20,19,1.0000,6.535245
MTDwidth,3.0,20,20,1.0500,6.152986
MTDwidth,3.0,20,21,1.1000,5.794807
MTDwidth,3.0,20,22,1.1500,5.379457
MTDwidth,3.0,20,23,1.2000,5.187374
MTDwidth,3.0,20,24,1.2500,4.753024
MTDwidth,3.0,20,25,1.3000,4.684272
MTDwidth,3.0,20,26,1.3500,4.510908
MTDwidth,3.0,20,27,1.4000,4.482501
MTDwidth,3.0,20,28,1.4500,4.382398
MTDwidth,3.0,20,29,1.5000,4.257812
MTDwidth,3.0,20,30,1.5500,4.002052
MTDwidth,3.0,20,31,1.6000,3.842008
MTDwidth,3.0,20,32,1.6500,3.738858
MTDwidth,3.0,20,33,1.7000,3.668308
MTDwidth,3.0,20,34,1.7500,3.516733
MTDwidth,3.0,20,35,1.8000,3.343327
MTDwidth,3.0,20,36,1.8500,3.171329
MTDwidth,3.0,20,37,1.9000,3.030982
MTDwidth,3.0,20,38,1.9500,2.954869
MTDwidth,3.0,20,39,2.0000,2.791284
MTDwidth,3.0,20,40,2.0500,2.718985
MTDwidth,3.0,20,41,2.1000,2.591022
MTDwidth,3.0,20,42,2.1500,2.368282
MTDwidth,3.0,20,43,2.2000,2.340674
MTDwidth,3.0,20,44,2.2500,2.182436
MTDwidth,3.0,20,45,2.3000,2.131555
MTDwidth,3.0,20,46,2.3500,2.032762
MTDwidth,3.0,20,47,2.4000,1.922254
MTDwidth,3.0,20,48,2.4500,1.832925
MTDwidth,3.0,20,49,2.5000,1.695901
MTDwidth,3.0,20,50,2.5500,1.633062
MTDwidth,3.0,20,51,2.6000,1.619566
MTDwidth,3.0,20,52,2.6500,1.519739
MTDwidth,3.0,20,53,2.7000,1.451102
MTDwidth,3.0,20,54,2.7500,1.421051
MTDwidth,3.0,20,55,2.8000,1.465691
MTDwidth,3.0,20,56,2.8500,1.462184
MTDwidth,3.0,20,57,2.9000,1.216332
MTDwidth,3.0,20,58,2.9500,1.220834
MTDwidth,3.0,20,59,3.0000,1.200223
MTDwidth,3.0,20,60,3.0500,1.160136
MTDwidth,3.0,20,61,3.1000,1.121221
MTDwidth,3.0,20,62,3.1500,1.132159
MTDwidth,3.0,20,63,3.2000,1.139791
MTDwidth,3.0,20,64,3.2500,1.170203
MTDwidth,3.0,20,65,3.3000,1.163815
MTDwidth,3.0,20,66,3.3500,1.184214
MTDwidth,3.0,20,67,3.4000,1.179636
MTDwidth,3.0,20,68,3.4500,1.207061
MTDwidth,3.0,20,69,3.5000,1.254129
MTDwidth,3.0,20,70,3.5500,1.014190
MTDwidth,3.0,20,71,3.6000,0.819337
MTDwidth,3.0,20,72,3.6500,0.755412
MTDwidth,3.0,20,73,3.7000,0.739558
MTDwidth,3.0,20,74,3.7500,0.894261
MTDwidth,3.0,20,75,3.8000,1.045479
MTDwidth,3.0,20,76,3.8500,1.247600
MTDwidth,3.0,20,77,3.9000,1.419272
MTDwidth,3.0,20,78,3.9500,1.605954
MTDwidth,3.0,20,79,4.0000,1.528201
MTDwidth,3.0,20,80,4.0500,1.536092
MTDwidth,3.0,20,81,4.1000,1.490620
MTDwidth,3.0,20,82,4.1500,1.307157
MTDwidth,3.0,20,83,4.2000,1.129706
MTDwidth,3.0,20,84,4.2500,0.934098
MTDwidth,3.0,20,85,4.3000,0.915130
MTDwidth,3.0,20,86,4.3500,0.982250
MTDwidth,3.0,20,87,4.4000,1.197117
MTDwidth,3.0,20,88,4.4500,1.155346
MTDwidth,3.0,20,89,4.5000,1.147834
MTDwidth,3.0,20,90,4.5500,1.078187
MTDwidth,3.0,20,91,4.6000,1.079014
MTDwidth,3.0,20,92,4.6500,1.141432
MTDwidth,3.0,20,93,4.7000,1.155052
MTDwidth,3.0,20,94,4.7500,1.240313
MTDwidth,3.0,20,95,4.8000,1.311240
MTDwidth,3.0,20,96,4.8500,1.383808
MTDwidth,3.0,20,97,4.9000,1.436942
MTDwidth,3.0,20,98,4.9500,1.639902
MTDwidth,3.0,20,99,5.0000,1.636840
MTDwidth,3.0,20,100,5.0500,1.656392
MTDwidth,3.0,20,101,5.1000,1.739925
MTDwidth,3.0,20,102,5.1500,1.889769
MTDwidth,3.0,20,103,5.2000,1.889162
MTDwidth,3.0,20,104,5.2500,1.971925
MTDwidth,3.0,20,105,5.3000,2.105679
MTDwidth,3.0,20,106,5.3500,2.267515
MTDwidth,3.0,20,107,5.4000,2.350568
MTDwidth,3.0,20,108,5.4500,2.174424
MTDwidth,3.0,20,109,5.5000,1.940674
MTDwidth,3.0,20,110,5.5500,1.606270
MTDwidth,3.0,20,111,5.6000,1.330496
MTDwidth,3.0,20,112,5.6500,1.071145
MTDwidth,3.0,20,113,5.7000,0.838639
MTDwidth,3.0,20,114,5.7500,0.645107
MTDwidth,3.0,20,115,5.8000,0.600757
MTDwidth,3.0,20,116,5.8500,0.667571
MTDwidth,3.0,20,117,5.9000,0.656904
MTDwidth,3.0,20,118,5.9500,0.724201
MTDwidth,3.0,20,119,6.0000,0.744899
MTDwidth,3.0,20,120,6.0500,0.743238
MTDwidth,3.0,20,121,6.1000,0.683603
MTDwidth,3.0,20,122,6.1500,0.518759
MTDwidth,3.0,20,123,6.2000,0.636302
MTDwidth,3.0,20,124,6.2500,0.887413
MTDwidth,3.0,20,125,6.3000,0.982727
MTDwidth,3.0,20,126,6.3500,1.145818
MTDwidth,3.0,20,127,6.4000,1.177066
MTDwidth,3.0,20,128,6.4500,1.159186
MTDwidth,3.0,20,129,6.5000,0.971749
MTDwidth,3.0,20,130,6.5500,0.831514
MTDwidth,3.0,20,131,6.6000,0.747667
MTDwidth,3.0,20,132,6.6500,0.710606
MTDwidth,3.0,20,133,6.7000,0.702428
MTDwidth,3.0,20,134,6.7500,0.689394
MTDwidth,3.0,20,135,6.8000,0.679825
MTDwidth,3.0,20,136,6.8500,0.660253
MTDwidth,3.0,20,137,6.9000,0.662787
MTDwidth,3.0,20,138,6.9500,0.716152
MTDwidth,3.0,20,139,7.0000,0.736266
MTDwidth,3.0,20,140,7.0500,0.764524
MTDwidth,3.0,20,141,7.1000,0.871497
MTDwidth,3.0,20,142,7.1500,0.913553
MTDwidth,3.0,20,143,7.2000,0.966719
MTDwidth,3.0,20,144,7.2500,0.961436
MTDwidth,3.0,20,145,7.3000,0.947687
MTDwidth,3.0,20,146,7.3500,0.971237
MTDwidth,3.0,20,147,7.4000,0.990321
MTDwidth,3.0,20,148,7.4500,1.096398
MTDwidth,3.0,20,149,7.5000,1.096201
MTDwidth,3.0,20,150,7.5500,1.112879
MTDwidth,3.0,20,151,7.6000,1.181996
MTDwidth,3.0,20,152,7.6500,1.302936
MTDwidth,3.0,20,153,7.7000,1.415350
MTDwidth,3.0,20,154,7.7500,1.508454
MTDwidth,3.0,20,155,7.8000,1.513387
MTDwidth,3.0,20,156,7.8500,1.502560
MTDwidth,3.0,20,157,7.9000,1.517586
MTDwidth,3.0,20,158,7.9500,1.572259
MTDwidth,3.0,20,159,8.0000,1.594182
MTDwidth,3.0,20,160,8.0500,1.611949
MTDwidth,3.0,20,161,8.1000,1.678233
MTDwidth,3.0,20,162,8.1500,1.753822
MTDwidth,3.0,20,163,8.2000,1.840382
MTDwidth,3.0,20,164,8.2500,1.941610
MTDwidth,3.0,20,165,8.3000,2.023606
MTDwidth,3.0,20,166,8.3500,2.155910
MTDwidth,3.0,20,167,8.4000,2.262838
MTDwidth,3.0,20,168,8.4500,2.262438
MTDwidth,3.0,20,169,8.5000,2.240282
MTDwidth,3.0,20,170,8.5500,2.071640
MTDwidth,3.0,20,171,8.6000,1.820574
MTDwidth,3.0,20,172,8.6500,1.615008
MTDwidth,3.0,20,173,8.7000,1.615168
MTDwidth,3.0,20,174,8.7500,1.706279
MTDwidth,3.0,20,175,8.8000,1.823852
MTDwidth,3.0,20,176,8.8500,1.920746
MTDwidth,3.0,20,177,8.9000,2.034815
MTDwidth,3.0,20,178,8.9500,2.106961
MTDwidth,3.0,20,179,9.0000,2.154504
MTDwidth,3.0,20,180,9.0500,2.265980
MTDwidth,3.0,20,181,9.1000,2.342733
MTDwidth,3.0,20,182,9.1500,2.342002
MTDwidth,3.0,20,183,9.2000,2.333574
MTDwidth,3.0,20,184,9.2500,2.255829
MTDwidth,3.0,20,185,9.3000,2.121962
MTDwidth,3.0,20,186,9.3500,1.924167
MTDwidth,3.0,20,187,9.4000,1.705368
MTDwidth,3.0,20,188,9.4500,1.467885
MTDwidth,3.0,20,189,9.5000,1.273651
MTDwidth,3.0,20,190,9.5500,1.080066
MTDwidth,3.0,20,191,9.6000,0.903860
MTDwidth,3.0,20,192,9.6500,0.747744
MTDwidth,3.0,20,193,9.7000,0.628550
MTDwidth,3.0,20,194,9.7500,0.448007
MTDwidth,3.0,20,195,9.8000,0.306853
MTDwidth,3.0,20,196,9.8500,0.248565
MTDwidth,3.0,20,197,9.9000,0.235428
MTDwidth,3.0,20,198,9.9500,0.340956
MTDwidth,3.0,20,199,10.0000,0.461053
MTDwidth,3.0,30,0,0.0500,13.936307
MTDwidth,3.0,30,1,0.1000,13.014089
MTDwidth,3.0,30,2,0.1500,12.368927
MTDwidth,3.0,30,3,0.2000,11.913718
MTDwidth,3.0,30,4,0.2500,11.295732
MTDwidth,3.0,30,5,0.3000,10.764077
MTDwidth,3.0,30,6,0.3500,10.323734
MTDwidth,3.0,30,7,0.4000,9.806959
MTDwidth,3.0,30,8,0.4500,9.474272
MTDwidth,3.0,30,9,0.5000,9.398730
MTDwidth,3.0,30,10,0.5500,8.803189
MTDwidth,3.0,30,11,0.6000,8.586851
MTDwidth,3.0,30,12,0.6500,8.416623
MTDwidth,3.0,30,13,0.7000,8.167528
MTDwidth,3.0,30,14,0.7500,7.643456
MTDwidth,3.0,30,15,0.8000,7.319299
MTDwidth,3.0,30,16,0.8500,7.125919
MTDwidth,3.0,30,17,0.9000,6.856137
MTDwidth,3.0,30,18,0.9500,6.547017
MTDwidth,3.0,30,19,1.0000,6.254689
MTDwidth,3.0,30,20,1.0500,5.928963
MTDwidth,3.0,30,21,1.1000,5.507507
MTDwidth,3.0,30,22,1.1500,5.489551
MTDwidth,3.0,30,23,1.2000,5.395250
MTDwidth,3.0,30,24,1.2500,5.239296
MTDwidth,3.0,30,25,1.3000,5.018490
MTDwidth,3.0,30,26,1.3500,4.923406
MTDwidth,3.0,30,27,1.4000,4.938979
MTDwidth,3.0,30,28,1.4500,4.652596
MTDwidth,3.0,30,29,1.5000,4.414447
MTDwidth,3.0,30,30,1.5500,4.132182
MTDwidth,3.0,30,31,1.6000,3.911374
MTDwidth,3.0,30,32,1.6500,3.840467
MTDwidth,3.0,30,33,1.7000,3.672702
MTDwidth,3.0,30,34,1.7500,3.304307
MTDwidth,3.0,30,35,1.8000,3.070910
MTDwidth,3.0,30,36,1.8500,3.030819
MTDwidth,3.0,30,37,1.9000,2.986719
MTDwidth,3.0,30,38,1.9500,2.757841
MTDwidth,3.0,30,39,2.0000,2.714694
MTDwidth,3.0,30,40,2.0500,2.688994
MTDwidth,3.0,30,41,2.1000,2.556818
MTDwidth,3.0,30,42,2.1500,2.357752
MTDwidth,3.0,30,43,2.2000,2.264749
MTDwidth,3.0,30,44,2.2500,2.114651
MTDwidth,3.0,30,45,2.3000,2.073426
MTDwidth,3.0,30,46,2.3500,1.921553
MTDwidth,3.0,30,47,2.4000,1.901372
MTDwidth,3.0,30,48,2.4500,1.696818
MTDwidth,3.0,30,49,2.5000,1.617325
MTDwidth,3.0,30,50,2.5500,1.524500
MTDwidth,3.0,30,51,2.6000,1.471734
MTDwidth,3.0,30,52,2.6500,1.434534
MTDwidth,3.0,30,53,2.7000,1.382081
MTDwidth,3.0,30,54,2.7500,1.328662
MTDwidth,3.0,30,55,2.8000,1.261492
MTDwidth,3.0,30,56,2.8500,1.246193
MTDwidth,3.0,30,57,2.9000,1.260187
MTDwidth,3.0,30,58,2.9500,1.212140
MTDwidth,3.0,30,59,3.0000,1.188546
MTDwidth,3.0,30,60,3.0500,1.169704
MTDwidth,3.0,30,61,3.1000,1.200934
MTDwidth,3.0,30,62,3.1500,1.158170
MTDwidth,3.0,30,63,3.2000,1.145861
MTDwidth,3.0,30,64,3.2500,1.195749
MTDwidth,3.0,30,65,3.3000,1.227880
MTDwidth,3.0,30,66,3.3500,1.319580
MTDwidth,3.0,30,67,3.4000,1.215696
MTDwidth,3.0,30,68,3.4500,0.908123
MTDwidth,3.0,30,69,3.5000,0.730917
MTDwidth,3.0,30,70,3.5500,0.673294
MTDwidth,3.0,30,71,3.6000,0.639782
MTDwidth,3.0,30,72,3.6500,0.741058
MTDwidth,3.0,30,73,3.7000,0.872893
MTDwidth,3.0,30,74,3.7500,0.882044
MTDwidth,3.0,30,75,3.8000,0.781188
MTDwidth,3.0,30,76,3.8500,0.688927
MTDwidth,3.0,30,77,3.9000,0.560824
MTDwidth,3.0,30,78,3.9500,0.532006
MTDwidth,3.0,30,79,4.0000,0.504961
MTDwidth,3.0,30,80,4.0500,0.494979
MTDwidth,3.0,30,81,4.1000,0.559601
MTDwidth,3.0,30,82,4.1500,0.626733
MTDwidth,3.0,30,83,4.2000,0.669785
MTDwidth,3.0,30,84,4.2500,0.728678
MTDwidth,3.0,30,85,4.3000,0.880724
MTDwidth,3.0,30,86,4.3500,1.030540
MTDwidth,3.0,30,87,4.4000,1.110060
MTDwidth,3.0,30,88,4.4500,1.171239
MTDwidth,3.0,30,89,4.5000,1.251019
MTDwidth,3.0,30,90,4.5500,1.189545
MTDwidth,3.0,30,91,4.6000,1.055920
MTDwidth,3.0,30,92,4.6500,0.811133
MTDwidth,3.0,30,93,4.7000,0.545859
MTDwidth,3.0,30,94,4.7500,0.380425
MTDwidth,3.0,30,95,4.8000,0.259063
MTDwidth,3.0,30,96,4.8500,0.386052
MTDwidth,3.0,30,97,4.9000,0.520627
MTDwidth,3.0,30,98,4.9500,0.536338
MTDwidth,3.0,30,99,5.0000,0.387338
MTDwidth,3.0,30,100,5.0500,0.366997
MTDwidth,3.0,30,101,5.1000,0.288362
MTDwidth,3.0,30,102,5.1500,0.310090
MTDwidth,3.0,30,103,5.2000,0.388187
MTDwidth,3.0,30,104,5.2500,0.417382
MTDwidth,3.0,30,105,5.3000,0.554697
MTDwidth,3.0,30,106,5.3500,0.731291
MTDwidth,3.0,30,107,5.4000,0.781173
MTDwidth,3.0,30,108,5.4500,0.957020
MTDwidth,3.0,30,109,5.5000,1.051631
MTDwidth,3.0,30,110,5.5500,0.937316
MTDwidth,3.0,30,111,5.6000,0.696784
MTDwidth,3.0,30,112,5.6500,0.514590
MTDwidth,3.0,30,113,5.7000,0.441692
MTDwidth,3.0,30,114,5.7500,0.436187
MTDwidth,3.0,30,115,5.8000,0.501241
MTDwidth,3.0,30,116,5.8500,0.657507
MTDwidth,3.0,30,117,5.9000,0.839510
MTDwidth,3.0,30,118,5.9500,1.041551
MTDwidth,3.0,30,119,6.0000,1.240245
MTDwidth,3.0,30,120,6.0500,1.403367
MTDwidth,3.0,30,121,6.1000,1.509628
MTDwidth,3.0,30,122,6.1500,1.367648
MTDwidth,3.0,30,123,6.2000,1.293923
MTDwidth,3.0,30,124,6.2500,1.215512
MTDwidth,3.0,30,125,6.3000,1.164415
MTDwidth,3.0,30,126,6.3500,1.080367
MTDwidth,3.0,30,127,6.4000,1.070923
MTDwidth,3.0,30,128,6.4500,1.170292
MTDwidth,3.0,30,129,6.5000,1.313598
MTDwidth,3.0,30,130,6.5500,1.327124
MTDwidth,3.0,30,131,6.6000,1.270135
MTDwidth,3.0,30,132,6.6500,1.160089
MTDwidth,3.0,30,133,6.7000,1.086245
MTDwidth,3.0,30,134,6.7500,0.924752
MTDwidth,3.0,30,135,6.8000,0.854451
MTDwidth,3.0,30,136,6.8500,0.921948
MTDwidth,3.0,30,137,6.9000,1.064041
MTDwidth,3.0,30,138,6.9500,1.073543
MTDwidth,3.0,30,139,7.0000,0.908216
MTDwidth,3.0,30,140,7.0500,0.824127
MTDwidth,3.0,30,141,7.1000,0.631071
MTDwidth,3.0,30,142,7.1500,0.569677
MTDwidth,3.0,30,143,7.2000,0.504379
MTDwidth,3.0,30,144,7.2500,0.565384
MTDwidth,3.0,30,145,7.3000,0.544699
MTDwidth,3.0,30,146,7.3500,0.488953
MTDwidth,3.0,30,147,7.4000,0.421298
MTDwidth,3.0,30,148,7.4500,0.390320
MTDwidth,3.0,30,149,7.5000,0.372318
MTDwidth,3.0,30,150,7.5500,0.398065
MTDwidth,3.0,30,151,7.6000,0.425799
MTDwidth,3.0,30,152,7.6500,0.481191
MTDwidth,3.0,30,153,7.7000,0.531972
MTDwidth,3.0,30,154,7.7500,0.642186
MTDwidth,3.0,30,155,7.8000,0.741858
MTDwidth,3.0,30,156,7.8500,0.733826
MTDwidth,3.0,30,157,7.9000,0.776839
MTDwidth,3.0,30,158,7.9500,0.780195
MTDwidth,3.0,30,159,8.0000,0.997019
MTDwidth,3.0,30,160,8.0500,1.181182
MTDwidth,3.0,30,161,8.1000,1.179678
MTDwidth,3.0,30,162,8.1500,1.054771
MTDwidth,3.0,30,163,8.2000,0.825393
MTDwidth,3.0,30,164,8.2500,0.687204
MTDwidth,3.0,30,165,8.3000,0.597670
MTDwidth,3.0,30,166,8.3500,0.392274
MTDwidth,3.0,30,167,8.4000,0.301942
MTDwidth,3.0,30,168,8.4500,0.344434
MTDwidth,3.0,30,169,8.5000,0.441180
MTDwidth,3.0,30,170,8.5500,0.543573
MTDwidth,3.0,30,171,8.6000,0.723349
MTDwidth,3.0,30,172,8.6500,0.908344
MTDwidth,3.0,30,173,8.7000,0.991322
MTDwidth,3.0,30,174,8.7500,1.131428
MTDwidth,3.0,30,175,8.8000,1.286342
MTDwidth,3.0,30,176,8.8500,1.409138
MTDwidth,3.0,30,177,8.9000,1.559023
MTDwidth,3.0,30,178,8.9500,1.703862
MTDwidth,3.0,30,179,9.0000,1.851496
MTDwidth,3.0,30,180,9.0500,2.013904
MTDwidth,3.0,30,181,9.1000,2.147283
MTDwidth,3.0,30,182,9.1500,2.313374
MTDwidth,3.0,30,183,9.2000,2.486880
MTDwidth,3.0,30,184,9.2500,2.581976
MTDwidth,3.0,30,185,9.3000,2.570089
MTDwidth,3.0,30,186,9.3500,2.513387
MTDwidth,3.0,30,187,9.4000,2.444151
MTDwidth,3.0,30,188,9.4500,2.412907
MTDwidth,3.0,30,189,9.5000,2.414352
MTDwidth,3.0,30,190,9.5500,2.433519
MTDwidth,3.0,30,191,9.6000,2.472908
MTDwidth,3.0,30,192,9.6500,2.440394
MTDwidth,3.0,30,193,9.7000,2.273488
MTDwidth,3.0,30,194,9.7500,2.266648
MTDwidth,3.0,30,195,9.8000,2.114275
MTDwidth,3.0,30,196,9.8500,2.097107
MTDwidth,3.0,30,197,9.9000,1.966247
MTDwidth,3.0,30,198,9.9500,1.901898
MTDwidth,3.0,30,199,10.0000,1.687230
MTDwidth,3.0,40,0,0.0500,14.001238
MTDwidth,3.0,40,1,0.1000,12.988724
MTDwidth,3.0,40,2,0.1500,12.447682
MTDwidth,3.0,40,3,0.2000,12.206778
MTDwidth,3.0,40,4,0.2500,11.735817
MTDwidth,3.0,40,5,0.3000,11.625252
MTDwidth,3.0,40,6,0.3500,11.060257
MTDwidth,3.0,40,7,0.4000,10.468118
MTDwidth,3.0,40,8,0.4500,9.830319
MTDwidth,3.0,40,9,0.5000,9.369816
MTDwidth,3.0,40,10,0.5500,9.042856
MTDwidth,3.0,40,11,0.6000,8.675510
MTDwidth,3.0,40,12,0.6500,8.111482
MTDwidth,3.0,40,13,0.7000,7.743060
MTDwidth,3.0,40,14,0.7500,7.563466
MTDwidth,3.0,40,15,0.8000,7.346671
MTDwidth,3.0,40,16,0.8500,7.070181
MTDwidth,3.0,40,17,0.9000,6.944185
MTDwidth,3.0,40,18,0.9500,6.340419
MTDwidth,3.0,40,19,1.0000,6.108506
MTDwidth,3.0,40,20,1.0500,6.001437
MTDwidth,3.0,40,21,1.1000,5.837715
MTDwidth,3.0,40,22,1.1500,5.697412
MTDwidth,3.0,40,23,1.2000,5.380069
MTDwidth,3.0,40,24,1.2500,5.072700
MTDwidth,3.0,40,25,1.3000,4.716613
MTDwidth,3.0,40,26,1.3500,4.598632
MTDwidth,3.0,40,27,1.4000,4.431328
MTDwidth,3.0,40,28,1.4500,4.209124
MTDwidth,3.0,40,29,1.5000,4.198453
MTDwidth,3.0,40,30,1.5500,4.174103
MTDwidth,3.0,40,31,1.6000,3.902738
MTDwidth,3.0,40,32,1.6500,3.519509
MTDwidth,3.0,40,33,1.7000,3.463724
MTDwidth,3.0,40,34,1.7500,3.406003
MTDwidth,3.0,40,35,1.8000,3.232569
MTDwidth,3.0,40,36,1.8500,3.108381
MTDwidth,3.0,40,37,1.9000,2.829156
MTDwidth,3.0,40,38,1.9500,2.796232
MTDwidth,3.0,40,39,2.0000,2.646805
MTDwidth,3.0,40,40,2.0500,2.492661
MTDwidth,3.0,40,41,2.1000,2.318860
MTDwidth,3.0,40,42,2.1500,2.214069
MTDwidth,3.0,40,43,2.2000,2.112894
MTDwidth,3.0,40,44,2.2500,2.058466
MTDwidth,3.0,40,45,2.3000,1.949306
MTDwidth,3.0,40,46,2.3500,1.920448
MTDwidth,3.0,40,47,2.4000,1.931664
MTDwidth,3.0,40,48,2.4500,1.848584
MTDwidth,3.0,40,49,2.5000,1.623784
MTDwidth,3.0,40,50,2.5500,1.553558
MTDwidth,3.0,40,51,2.6000,1.567132
MTDwidth,3.0,40,52,2.6500,1.527520
MTDwidth,3.0,40,53,2.7000,1.518265
MTDwidth,3.0,40,54,2.7500,1.562876
MTDwidth,3.0,40,55,2.8000,1.461471
MTDwidth,3.0,40,56,2.8500,1.294041
MTDwidth,3.0,40,57,2.9000,1.269293
MTDwidth,3.0,40,58,2.9500,1.217364
MTDwidth,3.0,40,59,3.0000,1.219843
MTDwidth,3.0,40,60,3.0500,1.249441
MTDwidth,3.0,40,61,3.1000,1.373980
MTDwidth,3.0,40,62,3.1500,1.476228
MTDwidth,3.0,40,63,3.2000,1.426219
MTDwidth,3.0,40,64,3.2500,1.256707
MTDwidth,3.0,40,65,3.3000,1.040434
MTDwidth,3.0,40,66,3.3500,0.968809
MTDwidth,3.0,40,67,3.4000,1.010063
MTDwidth,3.0,40,68,3.4500,0.861756
MTDwidth,3.0,40,69,3.5000,0.702139
MTDwidth,3.0,40,70,3.5500,0.685497
MTDwidth,3.0,40,71,3.6000,0.802470
MTDwidth,3.0,40,72,3.6500,0.970539
MTDwidth,3.0,40,73,3.7000,1.008564
MTDwidth,3.0,40,74,3.7500,0.863958
MTDwidth,3.0,40,75,3.8000,0.806571
MTDwidth,3.0,40,76,3.8500,0.634199
MTDwidth,3.0,40,77,3.9000,0.567169
MTDwidth,3.0,40,78,3.9500,0.506255
MTDwidth,3.0,40,79,4.0000,0.459520
MTDwidth,3.0,40,80,4.0500,0.436246
MTDwidth,3.0,40,81,4.1000,0.481046
MTDwidth,3.0,40,82,4.1500,0.594967
MTDwidth,3.0,40,83,4.2000,0.591047
MTDwidth,3.0,40,84,4.2500,0.560551
MTDwidth,3.0,40,85,4.3000,0.528085
MTDwidth,3.0,40,86,4.3500,0.629161
MTDwidth,3.0,40,87,4.4000,0.730503
MTDwidth,3.0,40,88,4.4500,0.743045
MTDwidth,3.0,40,89,4.5000,0.769316
MTDwidth,3.0,40,90,4.5500,0.771735
MTDwidth,3.0,40,91,4.6000,0.817428
MTDwidth,3.0,40,92,4.6500,0.943931
MTDwidth,3.0,40,93,4.7000,1.157891
MTDwidth,3.0,40,94,4.7500,1.286408
MTDwidth,3.0,40,95,4.8000,1.369552
MTDwidth,3.0,40,96,4.8500,1.349929
MTDwidth,3.0,40,97,4.9000,1.325035
MTDwidth,3.0,40,98,4.9500,1.393013
MTDwidth,3.0,40,99,5.0000,1.590873
MTDwidth,3.0,40,100,5.0500,1.701555
MTDwidth,3.0,40,101,5.1000,1.769488
MTDwidth,3.0,40,102,5.1500,1.754397
MTDwidth,3.0,40,103,5.2000,1.831243
MTDwidth,3.0,40,104,5.2500,1.824151
MTDwidth,3.0,40,105,5.3000,1.843032
MTDwidth,3.0,40,106,5.3500,1.989334
MTDwidth,3.0,40,107,5.4000,2.109370
MTDwidth,3.0,40,108,5.4500,2.141255
MTDwidth,3.0,40,109,5.5000,2.202797
MTDwidth,3.0,40,110,5.5500,2.204386
MTDwidth,3.0,40,111,5.6000,2.231504
MTDwidth,3.0,40,112,5.6500,2.371171
MTDwidth,3.0,40,113,5.7000,2.444691
MTDwidth,3.0,40,114,5.7500,2.680763
MTDwidth,3.0,40,115,5.8000,2.703847
MTDwidth,3.0,40,116,5.8500,2.451172
MTDwidth,3.0,40,117,5.9000,2.174645
MTDwidth,3.0,40,118,5.9500,1.920451
MTDwidth,3.0,40,119,6.0000,1.680442
MTDwidth,3.0,40,120,6.0500,1.439907
MTDwidth,3.0,40,121,6.1000,1.217724
MTDwidth,3.0,40,122,6.1500,1.006608
MTDwidth,3.0,40,123,6.2000,0.790450
MTDwidth,3.0,40,124,6.2500,0.621662
MTDwidth,3.0,40,125,6.3000,0.412752
MTDwidth,3.0,40,126,6.3500,0.308065
MTDwidth,3.0,40,127,6.4000,0.309758
MTDwidth,3.0,40,128,6.4500,0.398867
MTDwidth,3.0,40,129,6.5000,0.617717
MTDwidth,3.0,40,130,6.5500,0.807459
MTDwidth,3.0,40,131,6.6000,0.953291
MTDwidth,3.0,40,132,6.6500,1.085408
MTDwidth,3.0,40,133,6.7000,1.232084
MTDwidth,3.0,40,134,6.7500,1.343472
MTDwidth,3.0,40,135,6.8000,1.215244
MTDwidth,3.0,40,136,6.8500,1.154503
MTDwidth,3.0,40,137,6.9000,1.186583
MTDwidth,3.0,40,138,6.9500,1.261428
MTDwidth,3.0,40,139,7.0000,1.072730
MTDwidth,3.0,40,140,7.0500,1.043942
MTDwidth,3.0,40,141,7.1000,0.901289
MTDwidth,3.0,40,142,7.1500,0.860930
MTDwidth,3.0,40,143,7.2000,0.582674
MTDwidth,3.0,40,144,7.2500,0.564967
MTDwidth,3.0,40,145,7.3000,0.423919
MTDwidth,3.0,40,146,7.3500,0.327681
MTDwidth,3.0,40,147,7.4000,0.267622
MTDwidth,3.0,40,148,7.4500,0.278846
MTDwidth,3.0,40,149,7.5000,0.254976
MTDwidth,3.0,40,150,7.5500,0.270098
MTDwidth,3.0,40,151,7.6000,0.252563
MTDwidth,3.0,40,152,7.6500,0.285635
MTDwidth,3.0,40,153,7.7000,0.290442
MTDwidth,3.0,40,154,7.7500,0.250938
MTDwidth,3.0,40,155,7.8000,0.304684
MTDwidth,3.0,40,156,7.8500,0.329093
MTDwidth,3.0,40,157,7.9000,0.393178
MTDwidth,3.0,40,158,7.9500,0.299930
MTDwidth,3.0,40,159,8.0000,0.395247
MTDwidth,3.0,40,160,8.0500,0.547436
MTDwidth,3.0,40,161,8.1000,0.743174
MTDwidth,3.0,40,162,8.1500,0.937766
MTDwidth,3.0,40,163,8.2000,1.034606
MTDwidth,3.0,40,164,8.2500,1.073088
MTDwidth,3.0,40,165,8.3000,1.058959
MTDwidth,3.0,40,166,8.3500,0.836418
MTDwidth,3.0,40,167,8.4000,0.675915
MTDwidth,3.0,40,168,8.4500,0.632719
MTDwidth,3.0,40,169,8.5000,0.605023
MTDwidth,3.0,40,170,8.5500,0.470310
MTDwidth,3.0,40,171,8.6000,0.388178
MTDwidth,3.0,40,172,8.6500,0.388247
MTDwidth,3.0,40,173,8.7000,0.407916
MTDwidth,3.0,40,174,8.7500,0.328740
MTDwidth,3.0,40,175,8.8000,0.375374
MTDwidth,3.0,40,176,8.8500,0.483001
MTDwidth,3.0,40,177,8.9000,0.502268
MTDwidth,3.0,40,178,8.9500,0.515795
MTDwidth,3.0,40,179,9.0000,0.549005
MTDwidth,3.0,40,180,9.0500,0.564671
MTDwidth,3.0,40,181,9.1000,0.584559
MTDwidth,3.0,40,182,9.1500,0.625934
MTDwidth,3.0,40,183,9.2000,0.686437
MTDwidth,3.0,40,184,9.2500,0.699298
MTDwidth,3.0,40,185,9.3000,0.800416
MTDwidth,3.0,40,186,9.3500,0.881686
MTDwidth,3.0,40,187,9.4000,0.927999
MTDwidth,3.0,40,188,9.4500,0.851670
MTDwidth,3.0,40,189,9.5000,0.895865
MTDwidth,3.0,40,190,9.5500,0.894253
MTDwidth,3.0,40,191,9.6000,0.825357
MTDwidth,3.0,40,192,9.6500,0.925497
MTDwidth,3.0,40,193,9.7000,0.822908
MTDwidth,3.0,40,194,9.7500,0.674060
MTDwidth,3.0,40,195,9.8000,0.522223
MTDwidth,3.0,40,196,9.8500,0.387885
MTDwidth,3.0,40,197,9.9000,0.309992
MTDwidth,3.0,40,198,9.9500,0.334260
MTDwidth,3.0,40,199,10.0000,0.390859
MTDwidth,3.0,50,0,0.0500,14.147353
MTDwidth,3.0,50,1,0.1000,13.090461
MTDwidth,3.0,50,2,0.1500,12.340144
MTDwidth,3.0,50,3,0.2000,11.756136
MTDwidth,3.0,50,4,0.2500,11.061247
MTDwidth,3.0,50,5,0.3000,10.547704
MTDwidth,3.0,50,6,0.3500,10.192557
MTDwidth,3.0,50,7,0.4000,9.768442
MTDwidth,3.0,50,8,0.4500,9.552917
MTDwidth,3.0,50,9,0.5000,9.083953
MTDwidth,3.0,50,10,0.5500,8.799767
MTDwidth,3.0,50,11,0.6000,8.463438
MTDwidth,3.0,50,12,0.6500,8.221381
MTDwidth,3.0,50,13,0.7000,7.905831
MTDwidth,3.0,50,14,0.7500,7.913372
MTDwidth,3.0,50,15,0.8000,7.670084
MTDwidth,3.0,50,16,0.8500,6.896429
MTDwidth,3.0,50,17,0.9000,6.745276
MTDwidth,3.0,50,18,0.9500,6.741829
MTDwidth,3.0,50,19,1.0000,6.469050
MTDwidth,3.0,50,20,1.0500,6.124795
MTDwidth,3.0,50,21,1.1000,5.849904
MTDwidth,3.0,50,22,1.1500,5.855123
MTDwidth,3.0,50,23,1.2000,5.516172
MTDwidth,3.0,50,24,1.2500,5.419522
MTDwidth,3.0,50,25,1.3000,5.339948
MTDwidth,3.0,50,26,1.3500,4.882293
MTDwidth,3.0,50,27,1.4000,4.636417
MTDwidth,3.0,50,28,1.4500,4.594386
MTDwidth,3.0,50,29,1.5000,4.494486
MTDwidth,3.0,50,30,1.5500,4.139324
MTDwidth,3.0,50,31,1.6000,3.945304
MTDwidth,3.0,50,32,1.6500,3.760526
MTDwidth,3.0,50,33,1.7000,3.542196
MTDwidth,3.0,50,34,1.7500,3.388047
MTDwidth,3.0,50,35,1.8000,3.315284
MTDwidth,3.0,50,36,1.8500,3.326426
MTDwidth,3.0,50,37,1.9000,3.316167
MTDwidth,3.0,50,38,1.9500,2.986507
MTDwidth,3.0,50,39,2.0000,2.784044
MTDwidth,3.0,50,40,2.0500,2.528597
MTDwidth,3.0,50,41,2.1000,2.430975
MTDwidth,3.0,50,42,2.1500,2.222599
MTDwidth,3.0,50,43,2.2000,2.167076
MTDwidth,3.0,50,44,2.2500,2.140669
MTDwidth,3.0,50,45,2.3000,2.067458
MTDwidth,3.0,50,46,2.3500,1.890550
MTDwidth,3.0,50,47,2.4000,1.785860
MTDwidth,3.0,50,48,2.4500,1.757214
MTDwidth,3.0,50,49,2.5000,1.752041
MTDwidth,3.0,50,50,2.5500,1.771188
MTDwidth,3.0,50,51,2.6000,1.858282
MTDwidth,3.0,50,52,2.6500,2.013283
MTDwidth,3.0,50,53,2.7000,2.217423
MTDwidth,3.0,50,54,2.7500,2.481617
MTDwidth,3.0,50,55,2.8000,2.711974
MTDwidth,3.0,50,56,2.8500,2.864504
MTDwidth,3.0,50,57,2.9000,3.014031
MTDwidth,3.0,50,58,2.9500,3.197063
MTDwidth,3.0,50,59,3.0000,3.462059
MTDwidth,3.0,50,60,3.0500,3.658166
MTDwidth,3.0,50,61,3.1000,3.686278
MTDwidth,3.0,50,62,3.1500,3.686991
MTDwidth,3.0,50,63,3.2000,3.614340
MTDwidth,3.0,50,64,3.2500,3.504407
MTDwidth,3.0,50,65,3.3000,3.281518
MTDwidth,3.0,50,66,3.3500,3.200968
MTDwidth,3.0,50,67,3.4000,3.175649
MTDwidth,3.0,50,68,3.4500,3.135993
MTDwidth,3.0,50,69,3.5000,2.752594
MTDwidth,3.0,50,70,3.5500,2.613978
MTDwidth,3.0,50,71,3.6000,2.305063
MTDwidth,3.0,50,72,3.6500,2.212680
MTDwidth,3.0,50,73,3.7000,2.149494
MTDwidth,3.0,50,74,3.7500,2.220676
MTDwidth,3.0,50,75,3.8000,2.322674
MTDwidth,3.0,50,76,3.8500,2.082951
MTDwidth,3.0,50,77,3.9000,1.895002
MTDwidth,3.0,50,78,3.9500,1.595983
MTDwidth,3.0,50,79,4.0000,1.498298
MTDwidth,3.0,50,80,4.0500,1.407637
MTDwidth,3.0,50,81,4.1000,1.417870
MTDwidth,3.0,50,82,4.1500,1.278168
MTDwidth,3.0,50,83,4.2000,1.000385
MTDwidth,3.0,50,84,4.2500,0.846070
MTDwidth,3.0,50,85,4.3000,0.749321
MTDwidth,3.0,50,86,4.3500,0.698550
MTDwidth,3.0,50,87,4.4000,0.566726
MTDwidth,3.0,50,88,4.4500,0.493686
MTDwidth,3.0,50,89,4.5000,0.530363
MTDwidth,3.0,50,90,4.5500,0.532510
MTDwidth,3.0,50,91,4.6000,0.441179
MTDwidth,3.0,50,92,4.6500,0.476077
MTDwidth,3.0,50,93,4.7000,0.559771
MTDwidth,3.0,50,94,4.7500,0.592154
MTDwidth,3.0,50,95,4.8000,0.494856
MTDwidth,3.0,50,96,4.8500,0.503640
MTDwidth,3.0,50,97,4.9000,0.651452
MTDwidth,3.0,50,98,4.9500,0.650368
MTDwidth,3.0,50,99,5.0000,0.463271
MTDwidth,3.0,50,100,5.0500,0.325613
MTDwidth,3.0,50,101,5.1000,0.358662
MTDwidth,3.0,50,102,5.1500,0.462117
MTDwidth,3.0,50,103,5.2000,0.727859
MTDwidth,3.0,50,104,5.2500,0.948490
MTDwidth,3.0,50,105,5.3000,1.121008
MTDwidth,3.0,50,106,5.3500,1.280331
MTDwidth,3.0,50,107,5.4000,1.334666
MTDwidth,3.0,50,108,5.4500,1.119883
MTDwidth,3.0,50,109,5.5000,0.888562
MTDwidth,3.0,50,110,5.5500,0.773316
MTDwidth,3.0,50,111,5.6000,0.723519
MTDwidth,3.0,50,112,5.6500,0.663212
MTDwidth,3.0,50,113,5.7000,0.609938
MTDwidth,3.0,50,114,5.7500,0.604194
MTDwidth,3.0,50,115,5.8000,0.561413
MTDwidth,3.0,50,116,5.8500,0.555658
MTDwidth,3.0,50,117,5.9000,0.606257
MTDwidth,3.0,50,118,5.9500,0.764775
MTDwidth,3.0,50,119,6.0000,0.951219
MTDwidth,3.0,50,120,6.0500,1.066379
MTDwidth,3.0,50,121,6.1000,0.992389
MTDwidth,3.0,50,122,6.1500,0.859438
MTDwidth,3.0,50,123,6.2000,0.650030
MTDwidth,3.0,50,124,6.2500,0.542987
MTDwidth,3.0,50,125,6.3000,0.509585
MTDwidth,3.0,50,126,6.3500,0.458271
MTDwidth,3.0,50,127,6.4000,0.267983
MTDwidth,3.0,50,128,6.4500,0.272688
MTDwidth,3.0,50,129,6.5000,0.392550
MTDwidth,3.0,50,130,6.5500,0.469199
MTDwidth,3.0,50,131,6.6000,0.565904
MTDwidth,3.0,50,132,6.6500,0.601359
MTDwidth,3.0,50,133,6.7000,0.525044
MTDwidth,3.0,50,134,6.7500,0.475312
MTDwidth,3.0,50,135,6.8000,0.466769
MTDwidth,3.0,50,136,6.8500,0.489588
MTDwidth,3.0,50,137,6.9000,0.536356
MTDwidth,3.0,50,138,6.9500,0.616539
MTDwidth,3.0,50,139,7.0000,0.689477
MTDwidth,3.0,50,140,7.0500,0.712114
MTDwidth,3.0,50,141,7.1000,0.858122
MTDwidth,3.0,50,142,7.1500,1.004269
MTDwidth,3.0,50,143,7.2000,1.145664
MTDwidth,3.0,50,144,7.2500,1.200918
MTDwidth,3.0,50,145,7.3000,1.210150
MTDwidth,3.0,50,146,7.3500,1.313578
MTDwidth,3.0,50,147,7.4000,1.411042
MTDwidth,3.0,50,148,7.4500,1.422862
MTDwidth,3.0,50,149,7.5000,1.577753
MTDwidth,3.0,50,150,7.5500,1.696109
MTDwidth,3.0,50,151,7.6000,1.629778
MTDwidth,3.0,50,152,7.6500,1.578944
MTDwidth,3.0,50,153,7.7000,1.450771
MTDwidth,3.0,50,154,7.7500,1.235076
MTDwidth,3.0,50,155,7.8000,1.034144
MTDwidth,3.0,50,156,7.8500,0.829648
MTDwidth,3.0,50,157,7.9000,0.644166
MTDwidth,3.0,50,158,7.9500,0.476258
MTDwidth,3.0,50,159,8.0000,0.358721
MTDwidth,3.0,50,160,8.0500,0.246474
MTDwidth,3.0,50,161,8.1000,0.268057
MTDwidth,3.0,50,162,8.1500,0.381075
MTDwidth,3.0,50,163,8.2000,0.514752
MTDwidth,3.0,50,164,8.2500,0.705668
MTDwidth,3.0,50,165,8.3000,0.842506
MTDwidth,3.0,50,166,8.3500,0.972602
MTDwidth,3.0,50,167,8.4000,1.126736
MTDwidth,3.0,50,168,8.4500,1.243451
MTDwidth,3.0,50,169,8.5000,1.396950
MTDwidth,3.0,50,170,8.5500,1.482097
MTDwidth,3.0,50,171,8.6000,1.483426
MTDwidth,3.0,50,172,8.6500,1.480582
MTDwidth,3.0,50,173,8.7000,1.408322
MTDwidth,3.0,50,174,8.7500,1.346171
MTDwidth,3.0,50,175,8.8000,1.250768
MTDwidth,3.0,50,176,8.8500,1.234325
MTDwidth,3.0,50,177,8.9000,1.129191
MTDwidth,3.0,50,178,8.9500,1.123911
MTDwidth,3.0,50,179,9.0000,1.045436
MTDwidth,3.0,50,180,9.0500,0.980859
MTDwidth,3.0,50,181,9.1000,0.780492
MTDwidth,3.0,50,182,9.1500,0.605152
MTDwidth,3.0,50,183,9.2000,0.590706
MTDwidth,3.0,50,184,9.2500,0.567308
MTDwidth,3.0,50,185,9.3000,0.527711
MTDwidth,3.0,50,186,9.3500,0.461512
MTDwidth,3.0,50,187,9.4000,0.465845
MTDwidth,3.0,50,188,9.4500,0.423311
MTDwidth,3.0,50,189,9.5000,0.370079
MTDwidth,3.0,50,190,9.5500,0.433216
MTDwidth,3.0,50,191,9.6000,0.306963
MTDwidth,3.0,50,192,9.6500,0.226122
MTDwidth,3.0,50,193,9.7000,0.228725
MTDwidth,3.0,50,194,9.7500,0.244591
MTDwidth,3.0,50,195,9.8000,0.307931
MTDwidth,3.0,50,196,9.8500,0.412802
MTDwidth,3.0,50,197,9.9000,0.609696
MTDwidth,3.0,50,198,9.9500,0.612603
MTDwidth,3.0,50,199,10.0000,0.572307
MTDtemp,10000,10,0,0.0500,13.971325
MTDtemp,10000,10,1,0.1000,13.314837
MTDtemp,10000,10,2,0.1500,12.573736
MTDtemp,10000,10,3,0.2000,11.755595
MTDtemp,10000,10,4,0.2500,11.241034
MTDtemp,10000,10,5,0.3000,10.617462
MTDtemp,10000,10,6,0.3500,10.206480
MTDtemp,10000,10,7,0.4000,9.873455
MTDtemp,10000,10,8,0.4500,9.472364
MTDtemp,10000,10,9,0.5000,9.302810
MTDtemp,10000,10,10,0.5500,8.623514
MTDtemp,10000,10,11,0.6000,8.602886
MTDtemp,10000,10,12,0.6500,8.280499
MTDtemp,10000,10,13,0.7000,8.034318
MTDtemp,10000,10,14,0.7500,7.636935
MTDtemp,10000,10,15,0.8000,7.439980
MTDtemp,10000,10,16,0.8500,7.226153
MTDtemp,10000,10,17,0.9000,6.987337
MTDtemp,10000,10,18,0.9500,6.741201
MTDtemp,10000,10,19,1.0000,6.323753
MTDtemp,10000,10,20,1.0500,6.110198
MTDtemp,10000,10,21,1.1000,5.921554
MTDtemp,10000,10,22,1.1500,5.668817
MTDtemp,10000,10,23,1.2000,5.670283
MTDtemp,10000,10,24,1.2500,5.572734
MTDtemp,10000,10,25,1.3000,5.064722
MTDtemp,10000,10,26,1.3500,4.744201
MTDtemp,10000,10,27,1.4000,4.411555
MTDtemp,10000,10,28,1.4500,4.223823
MTDtemp,10000,10,29,1.5000,4.200294
MTDtemp,10000,10,30,1.5500,4.047147
MTDtemp,10000,10,31,1.6000,3.930297
MTDtemp,10000,10,32,1.6500,3.494186
MTDtemp,10000,10,33,1.7000,3.397360
MTDtemp,10000,10,34,1.7500,3.361012
MTDtemp,10000,10,35,1.8000,3.178604
MTDtemp,10000,10,36,1.8500,3.109653
MTDtemp,10000,10,37,1.9000,3.050802
MTDtemp,10000,10,38,1.9500,2.904846
MTDtemp,10000,10,39,2.0000,2.751147
MTDtemp,10000,10,40,2.0500,2.736628
MTDtemp,10000,10,41,2.1000,2.471385
MTDtemp,10000,10,42,2.1500,2.342160
MTDtemp,10000,10,43,2.2000,2.179537
MTDtemp,10000,10,44,2.2500,2.152580
MTDtemp,10000,10,45,2.3000,2.042695
MTDtemp,10000,10,46,2.3500,1.942774
MTDtemp,10000,10,47,2.4000,1.840422
MTDtemp,10000,10,48,2.4500,1.765323
MTDtemp,10000,10,49,2.5000,1.719271
MTDtemp,10000,10,50,2.5500,1.614089
MTDtemp,10000,10,51,2.6000,1.600811
MTDtemp,10000,10,52,2.6500,1.493748
MTDtemp,10000,10,53,2.7000,1.412423
MTDtemp,10000,10,54,2.7500,1.364145
MTDtemp,10000,10,55,2.8000,1.340776
MTDtemp,10000,10,56,2.8500,1.279174
MTDtemp,10000,10,57,2.9000,1.343793
MTDtemp,10000,10,58,2.9500,1.438492
MTDtemp,10000,10,59,3.0000,1.627952
MTDtemp,10000,10,60,3.0500,1.681468
MTDtemp,10000,10,61,3.1000,1.498395
MTDtemp,10000,10,62,3.1500,1.314082
MTDtemp,10000,10,63,3.2000,1.194194
MTDtemp,10000,10,64,3.2500,1.026430
MTDtemp,10000,10,65,3.3000,0.906956
MTDtemp,10000,10,66,3.3500,0.977701
MTDtemp,10000,10,67,3.4000,1.115542
MTDtemp,10000,10,68,3.4500,1.317566
MTDtemp,10000,10,69,3.5000,1.566129
MTDtemp,10000,10,70,3.5500,1.764780
MTDtemp,10000,10,71,3.6000,1.667926
MTDtemp,10000,10,72,3.6500,1.660933
MTDtemp,10000,10,73,3.7000,1.688259
MTDtemp,10000,10,74,3.7500,1.589062
MTDtemp,10000,10,75,3.8000,1.542760
MTDtemp,10000,10,76,3.8500,1.315054
MTDtemp,10000,10,77,3.9000,1.175098
MTDtemp,10000,10,78,3.9500,1.096513
MTDtemp,10000,10,79,4.0000,1.121847
MTDtemp,10000,10,80,4.0500,1.233141
MTDtemp,10000,10,81,4.1000,1.135800
MTDtemp,10000,10,82,4.1500,1.052362
MTDtemp,10000,10,83,4.2000,0.881455
MTDtemp,10000,10,84,4.2500,0.715154
MTDtemp,10000,10,85,4.3000,0.696317
MTDtemp,10000,10,86,4.3500,0.545597
MTDtemp,10000,10,87,4.4000,0.567937
MTDtemp,10000,10,88,4.4500,0.639083
MTDtemp,10000,10,89,4.5000,0.596669
MTDtemp,10000,10,90,4.5500,0.416362
MTDtemp,10000,10,91,4.6000,0.394909
MTDtemp,10000,10,92,4.6500,0.517127
MTDtemp,10000,10,93,4.7000,0.508620
MTDtemp,10000,10,94,4.7500,0.613901
MTDtemp,10000,10,95,4.8000,0.825767
MTDtemp,10000,10,96,4.8500,0.945219
MTDtemp,10000,10,97,4.9000,1.149652
MTDtemp,10000,10,98,4.9500,1.203855
MTDtemp,10000,10,99,5.0000,1.357928
MTDtemp,10000,10,100,5.0500,1.335025
MTDtemp,10000,10,101,5.1000,1.117953
MTDtemp,10000,10,102,5.1500,0.923698
MTDtemp,10000,10,103,5.2000,0.716534
MTDtemp,10000,10,104,5.2500,0.581416
MTDtemp,10000,10,105,5.3000,0.492492
MTDtemp,10000,10,106,5.3500,0.555251
MTDtemp,10000,10,107,5.4000,0.684002
MTDtemp,10000,10,108,5.4500,0.773149
MTDtemp,10000,10,109,5.5000,0.725232
MTDtemp,10000,10,110,5.5500,0.678165
MTDtemp,10000,10,111,5.6000,0.625912
MTDtemp,10000,10,112,5.6500,0.612633
MTDtemp,10000,10,113,5.7000,0.587323
MTDtemp,10000,10,114,5.7500,0.499910
MTDtemp,10000,10,115,5.8000,0.408382
MTDtemp,10000,10,116,5.8500,0.379400
MTDtemp,10000,10,117,5.9000,0.433704
MTDtemp,10000,10,118,5.9500,0.621975
MTDtemp,10000,10,119,6.0000,0.687633
MTDtemp,10000,10,120,6.0500,0.574711
MTDtemp,10000,10,121,6.1000,0.564175
MTDtemp,10000,10,122,6.1500,0.729399
MTDtemp,10000,10,123,6.2000,0.832234
MTDtemp,10000,10,124,6.2500,0.969793
MTDtemp,10000,10,125,6.3000,1.024675
MTDtemp,10000,10,126,6.3500,0.930528
MTDtemp,10000,10,127,6.4000,0.930402
MTDtemp,10000,10,128,6.4500,1.011021
MTDtemp,10000,10,129,6.5000,1.103560
MTDtemp,10000,10,130,6.5500,1.309174
MTDtemp,10000,10,131,6.6000,1.315264
MTDtemp,10000,10,132,6.6500,1.248540
MTDtemp,10000,10,133,6.7000,1.079878
MTDtemp,10000,10,134,6.7500,0.875155
MTDtemp,10000,10,135,6.8000,0.691394
MTDtemp,10000,10,136,6.8500,0.564392
MTDtemp,10000,10,137,6.9000,0.503929
MTDtemp,10000,10,138,6.9500,0.284403
MTDtemp,10000,10,139,7.0000,0.254434
MTDtemp,10000,10,140,7.0500,0.412231
MTDtemp,10000,10,141,7.1000,0.600101
MTDtemp,10000,10,142,7.1500,0.742283
MTDtemp,10000,10,143,7.2000,0.933002
MTDtemp,10000,10,144,7.2500,1.007962
MTDtemp,10000,10,145,7.3000,1.043440
MTDtemp,10000,10,146,7.3500,1.157287
MTDtemp,10000,10,147,7.4000,1.116287
MTDtemp,10000,10,148,7.4500,0.983875
MTDtemp,10000,10,149,7.5000,0.841637
MTDtemp,10000,10,150,7.5500,0.763441
MTDtemp,10000,10,151,7.6000,0.749284
MTDtemp,10000,10,152,7.6500,0.684864
MTDtemp,10000,10,153,7.7000,0.557441
MTDtemp,10000,10,154,7.7500,0.466342
MTDtemp,10000,10,155,7.8000,0.446411
MTDtemp,10000,10,156,7.8500,0.340322
MTDtemp,10000,10,157,7.9000,0.244556
MTDtemp,10000,10,158,7.9500,0.201072
MTDtemp,10000,10,159,8.0000,0.260502
MTDtemp,10000,10,160,8.0500,0.368335
MTDtemp,10000,10,161,8.1000,0.490926
MTDtemp,10000,10,162,8.1500,0.671113
MTDtemp,10000,10,163,8.2000,0.827031
MTDtemp,10000,10,164,8.2500,0.996749
MTDtemp,10000,10,165,8.3000,1.144276
MTDtemp,10000,10,166,8.3500,1.280540
MTDtemp,10000,10,167,8.4000,1.393098
MTDtemp,10000,10,168,8.4500,1.418426
MTDtemp,10000,10,169,8.5000,1.289836
MTDtemp,10000,10,170,8.5500,1.233646
MTDtemp,10000,10,171,8.6000,1.205148
MTDtemp,10000,10,172,8.6500,1.023169
MTDtemp,10000,10,173,8.7000,0.956621
MTDtemp,10000,10,174,8.7500,0.911386
MTDtemp,10000,10,175,8.8000,0.912037
MTDtemp,10000,10,176,8.8500,0.832990
MTDtemp,10000,10,177,8.9000,0.852379
MTDtemp,10000,10,178,8.9500,0.718152
MTDtemp,10000,10,179,9.0000,0.583179
MTDtemp,10000,10,180,9.0500,0.483713
MTDtemp,10000,10,181,9.1000,0.406757
MTDtemp,10000,10,182,9.1500,0.373716
MTDtemp,10000,10,183,9.2000,0.356640
MTDtemp,10000,10,184,9.2500,0.424208
MTDtemp,10000,10,185,9.3000,0.451894
MTDtemp,10000,10,186,9.3500,0.479421
MTDtemp,10000,10,187,9.4000,0.381417
MTDtemp,10000,10,188,9.4500,0.656445
MTDtemp,10000,10,189,9.5000,0.723781
MTDtemp,10000,10,190,9.5500,0.653467
MTDtemp,10000,10,191,9.6000,0.733770
MTDtemp,10000,10,192,9.6500,0.820859
MTDtemp,10000,10,193,9.7000,0.867639
MTDtemp,10000,10,194,9.7500,0.883962
MTDtemp,10000,10,195,9.8000,0.781050
MTDtemp,10000,10,196,9.8500,0.918513
MTDtemp,10000,10,197,9.9000,0.917579
MTDtemp,10000,10,198,9.9500,0.894523
MTDtemp,10000,10,199,10.0000,0.975688
MTDtemp,10000,20,0,0.0500,13.939929
MTDtemp,10000,20,1,0.1000,13.084927
MTDtemp,10000,20,2,0.1500,12.284070
MTDtemp,10000,20,3,0.2000,11.588409
MTDtemp,10000,20,4,0.2500,10.866619
MTDtemp,10000,20,5,0.3000,10.578035
MTDtemp,10000,20,6,0.3500,10.432995
MTDtemp,10000,20,7,0.4000,9.940451
MTDtemp,10000,20,8,0.4500,9.289555
MTDtemp,10000,20,9,0.5000,9.068526
MTDtemp,10000,20,10,0.5500,8.653442
MTDtemp,10000,20,11,0.6000,8.421128
MTDtemp,10000,20,12,0.6500,7.997459
MTDtemp,10000,20,13,0.7000,7.720799
MTDtemp,10000,20,14,0.7500,7.643175
MTDtemp,10000,20,15,0.8000,7.373641
MTDtemp,10000,20,16,0.8500,7.120845
MTDtemp,10000,20,17,0.9000,6.817474
MTDtemp,10000,20,18,0.9500,6.592133
MTDtemp,10000,20,19,1.0000,6.391369
MTDtemp,10000,20,20,1.0500,6.000688
MTDtemp,10000,20,21,1.1000,5.881941
MTDtemp,10000,20,22,1.1500,5.905137
MTDtemp,10000,20,23,1.2000,5.377471
MTDtemp,10000,20,24,1.2500,5.291397
MTDtemp,10000,20,25,1.3000,5.188539
MTDtemp,10000,20,26,1.3500,4.827850
MTDtemp,10000,20,27,1.4000,4.493482
MTDtemp,10000,20,28,1.4500,4.412755
MTDtemp,10000,20,29,1.5000,4.178276
MTDtemp,10000,20,30,1.5500,4.112406
MTDtemp,10000,20,31,1.6000,3.877859
MTDtemp,10000,20,32,1.6500,3.672535
MTDtemp,10000,20,33,1.7000,3.668493
MTDtemp,10000,20,34,1.7500,3.642871
MTDtemp,10000,20,35,1.8000,3.535738
MTDtemp,10000,20,36,1.8500,3.312132
MTDtemp,10000,20,37,1.9000,2.938173
MTDtemp,10000,20,38,1.9500,2.899645
MTDtemp,10000,20,39,2.0000,2.711603
MTDtemp,10000,20,40,2.0500,2.517361
MTDtemp,10000,20,41,2.1000,2.474560
MTDtemp,10000,20,42,2.1500,2.462089
MTDtemp,10000,20,43,2.2000,2.264551
MTDtemp,10000,20,44,2.2500,2.152641
MTDtemp,10000,20,45,2.3000,2.064140
MTDtemp,10000,20,46,2.3500,2.043958
MTDtemp,10000,20,47,2.4000,1.831029
MTDtemp,10000,20,48,2.4500,1.740148
MTDtemp,10000,20,49,2.5000,1.653338
MTDtemp,10000,20,50,2.5500,1.651328
MTDtemp,10000,20,51,2.6000,1.548097
MTDtemp,10000,20,52,2.6500,1.514582
MTDtemp,10000,20,53,2.7000,1.502377
MTDtemp,10000,20,54,2.7500,1.457526
MTDtemp,10000,20,55,2.8000,1.338605
MTDtemp,10000,20,56,2.8500,1.318949
MTDtemp,10000,20,57,2.9000,1.276762
MTDtemp,10000,20,58,2.9500,1.277110
MTDtemp,10000,20,59,3.0000,1.279392
MTDtemp,10000,20,60,3.0500,1.187317
MTDtemp,10000,20,61,3.1000,1.214799
MTDtemp,10000,20,62,3.1500,1.191680
MTDtemp,10000,20,63,3.2000,1.168845
MTDtemp,10000,20,64,3.2500,1.157346
MTDtemp,10000,20,65,3.3000,1.186167
MTDtemp,10000,20,66,3.3500,1.213632
MTDtemp,10000,20,67,3.4000,1.276606
MTDtemp,10000,20,68,3.4500,1.344479
MTDtemp,10000,20,69,3.5000,1.507528
MTDtemp,10000,20,70,3.5500,1.532344
MTDtemp,10000,20,71,3.6000,1.607864
MTDtemp,10000,20,72,3.6500,1.662965
MTDtemp,10000,20,73,3.7000,1.673431
MTDtemp,10000,20,74,3.7500,1.676665
MTDtemp,10000,20,75,3.8000,1.403660
MTDtemp,10000,20,76,3.8500,1.128267
MTDtemp,10000,20,77,3.9000,0.912349
MTDtemp,10000,20,78,3.9500,0.720124
MTDtemp,10000,20,79,4.0000,0.644007
MTDtemp,10000,20,80,4.0500,0.606827
MTDtemp,10000,20,81,4.1000,0.727594
MTDtemp,10000,20,82,4.1500,0.882732
MTDtemp,10000,20,83,4.2000,1.109859
MTDtemp,10000,20,84,4.2500,1.208204
MTDtemp,10000,20,85,4.3000,1.240713
MTDtemp,10000,20,86,4.3500,1.195168
MTDtemp,10000,20,87,4.4000,1.053999
MTDtemp,10000,20,88,4.4500,0.761768
MTDtemp,10000,20,89,4.5000,0.543486
MTDtemp,10000,20,90,4.5500,0.466451
MTDtemp,10000,20,91,4.6000,0.531968
MTDtemp,10000,20,92,4.6500,0.467233
MTDtemp,10000,20,93,4.7000,0.426447
MTDtemp,10000,20,94,4.7500,0.250875
MTDtemp,10000,20,95,4.8000,0.258372
MTDtemp,10000,20,96,4.8500,0.303389
MTDtemp,10000,20,97,4.9000,0.339755
MTDtemp,10000,20,98,4.9500,0.341067
MTDtemp,10000,20,99,5.0000,0.399661
MTDtemp,10000,20,100,5.0500,0.503181
MTDtemp,10000,20,101,5.1000,0.628287
MTDtemp,10000,20,102,5.1500,0.632568
MTDtemp,10000,20,103,5.2000,0.654493
MTDtemp,10000,20,104,5.2500,0.706146
MTDtemp,10000,20,105,5.3000,0.781065
MTDtemp,10000,20,106,5.3500,0.869601
MTDtemp,10000,20,107,5.4000,0.908062
MTDtemp,10000,20,108,5.4500,0.677510
MTDtemp,10000,20,109,5.5000,0.449428
MTDtemp,10000,20,110,5.5500,0.358821
MTDtemp,10000,20,111,5.6000,0.294447
MTDtemp,10000,20,112,5.6500,0.457915
MTDtemp,10000,20,113,5.7000,0.572894
MTDtemp,10000,20,114,5.7500,0.437601
MTDtemp,10000,20,115,5.8000,0.321323
MTDtemp,10000,20,116,5.8500,0.282784
MTDtemp,10000,20,117,5.9000,0.428625
MTDtemp,10000,20,118,5.9500,0.574993
MTDtemp,10000,20,119,6.0000,0.439589
MTDtemp,10000,20,120,6.0500,0.414905
MTDtemp,10000,20,121,6.1000,0.440587
MTDtemp,10000,20,122,6.1500,0.573200
MTDtemp,10000,20,123,6.2000,0.610400
MTDtemp,10000,20,124,6.2500,0.682293
MTDtemp,10000,20,125,6.3000,0.733275
MTDtemp,10000,20,126,6.3500,0.874778
MTDtemp,10000,20,127,6.4000,0.986428
MTDtemp,10000,20,128,6.4500,1.006503
MTDtemp,10000,20,129,6.5000,1.024052
MTDtemp,10000,20,130,6.5500,1.024735
MTDtemp,10000,20,131,6.6000,1.201149
MTDtemp,10000,20,132,6.6500,1.303658
MTDtemp,10000,20,133,6.7000,1.545129
MTDtemp,10000,20,134,6.7500,1.581068
MTDtemp,10000,20,135,6.8000,1.666403
MTDtemp,10000,20,136,6.8500,1.707157
MTDtemp,10000,20,137,6.9000,1.774090
MTDtemp,10000,20,138,6.9500,1.798818
MTDtemp,10000,20,139,7.0000,1.751785
MTDtemp,10000,20,140,7.0500,1.535677
MTDtemp,10000,20,141,7.1000,1.336051
MTDtemp,10000,20,142,7.1500,1.143165
MTDtemp,10000,20,143,7.2000,0.937374
MTDtemp,10000,20,144,7.2500,0.758062
MTDtemp,10000,20,145,7.3000,0.599555
MTDtemp,10000,20,146,7.3500,0.482328
MTDtemp,10000,20,147,7.4000,0.343523
MTDtemp,10000,20,148,7.4500,0.368372
MTDtemp,10000,20,149,7.5000,0.382565
MTDtemp,10000,20,150,7.5500,0.510270
MTDtemp,10000,20,151,7.6000,0.646983
MTDtemp,10000,20,152,7.6500,0.715707
MTDtemp,10000,20,153,7.7000,0.781068
MTDtemp,10000,20,154,7.7500,0.834667
MTDtemp,10000,20,155,7.8000,0.805188
MTDtemp,10000,20,156,7.8500,0.657339
MTDtemp,10000,20,157,7.9000,0.540178
MTDtemp,10000,20,158,7.9500,0.498470
MTDtemp,10000,20,159,8.0000,0.443877
MTDtemp,10000,20,160,8.0500,0.341273
MTDtemp,10000,20,161,8.1000,0.248401
MTDtemp,10000,20,162,8.1500,0.298317
MTDtemp,10000,20,163,8.2000,0.326807
MTDtemp,10000,20,164,8.2500,0.235929
MTDtemp,10000,20,165,8.3000,0.312028
MTDtemp,10000,20,166,8.3500,0.371407
MTDtemp,10000,20,167,8.4000,0.484517
MTDtemp,10000,20,168,8.4500,0.551794
MTDtemp,10000,20,169,8.5000,0.548371
MTDtemp,10000,20,170,8.5500,0.514693
MTDtemp,10000,20,171,8.6000,0.568655
MTDtemp,10000,20,172,8.6500,0.593235
MTDtemp,10000,20,173,8.7000,0.646675
MTDtemp,10000,20,174,8.7500,0.660947
MTDtemp,10000,20,175,8.8000,0.676975
MTDtemp,10000,20,176,8.8500,0.739754
MTDtemp,10000,20,177,8.9000,0.924902
MTDtemp,10000,20,178,8.9500,1.028834
MTDtemp,10000,20,179,9.0000,1.161051
MTDtemp,10000,20,180,9.0500,1.135114
MTDtemp,10000,20,181,9.1000,1.144137
MTDtemp,10000,20,182,9.1500,1.160346
MTDtemp,10000,20,183,9.2000,1.201752
MTDtemp,10000,20,184,9.2500,1.315540
MTDtemp,10000,20,185,9.3000,1.343442
MTDtemp,10000,20,186,9.3500,1.356313
MTDtemp,10000,20,187,9.4000,1.466708
MTDtemp,10000,20,188,9.4500,1.555553
MTDtemp,10000,20,189,9.5000,1.656996
MTDtemp,10000,20,190,9.5500,1.654713
MTDtemp,10000,20,191,9.6000,1.636789
MTDtemp,10000,20,192,9.6500,1.693133
MTDtemp,10000,20,193,9.7000,1.701515
MTDtemp,10000,20,194,9.7500,1.727804
MTDtemp,10000,20,195,9.8000,1.757198
MTDtemp,10000,20,196,9.8500,1.844344
MTDtemp,10000,20,197,9.9000,1.996012
MTDtemp,10000,20,198,9.9500,2.026375
MTDtemp,10000,20,199,10.0000,2.043343
MTDtemp,10000,30,0,0.0500,13.999160
MTDtemp,10000,30,1,0.1000,12.910518
MTDtemp,10000,30,2,0.1500,12.321100
MTDtemp,10000,30,3,0.2000,11.823400
MTDtemp,10000,30,4,0.2500,11.226678
MTDtemp,10000,30,5,0.3000,10.435262
MTDtemp,10000,30,6,0.3500,9.977876
MTDtemp,10000,30,7,0.4000,9.750243
MTDtemp,10000,30,8,0.4500,9.362425
MTDtemp,10000,30,9,0.5000,9.258240
MTDtemp,10000,30,10,0.5500,8.913414
MTDtemp,10000,30,11,0.6000,8.758759
MTDtemp,10000,30,12,0.6500,8.270841
MTDtemp,10000,30,13,0.7000,8.125003
MTDtemp,10000,30,14,0.7500,7.621187
MTDtemp,10000,30,15,0.8000,7.362569
MTDtemp,10000,30,16,0.8500,6.911056
MTDtemp,10000,30,17,0.9000,6.636981
MTDtemp,10000,30,18,0.9500,6.538298
MTDtemp,10000,30,19,1.0000,6.101338
MTDtemp,10000,30,20,1.0500,5.945173
MTDtemp,10000,30,21,1.1000,5.505905
MTDtemp,10000,30,22,1.1500,5.315911
MTDtemp,10000,30,23,1.2000,5.115207
MTDtemp,10000,30,24,1.2500,5.099380
MTDtemp,10000,30,25,1.3000,4.914406
MTDtemp,10000,30,26,1.3500,4.826491
MTDtemp,10000,30,27,1.4000,4.666093
MTDtemp,10000,30,28,1.4500,4.463257
MTDtemp,10000,30,29,1.5000,4.250111
MTDtemp,10000,30,30,1.5500,4.056905
MTDtemp,10000,30,31,1.6000,4.014252
MTDtemp,10000,30,32,1.6500,3.788621
MTDtemp,10000,30,33,1.7000,3.813954
MTDtemp,10000,30,34,1.7500,3.552114
MTDtemp,10000,30,35,1.8000,3.369101
MTDtemp,10000,30,36,1.8500,3.148044
MTDtemp,10000,30,37,1.9000,2.904459
MTDtemp,10000,30,38,1.9500,2.840781
MTDtemp,10000,30,39,2.0000,2.776677
MTDtemp,10000,30,40,2.0500,2.673938
MTDtemp,10000,30,41,2.1000,2.713068
MTDtemp,10000,30,42,2.1500,2.577594
MTDtemp,10000,30,43,2.2000,2.513318
MTDtemp,10000,30,44,2.2500,2.304726
MTDtemp,10000,30,45,2.3000,2.235897
MTDtemp,10000,30,46,2.3500,2.251498
MTDtemp,10000,30,47,2.4000,2.025504
MTDtemp,10000,30,48,2.4500,1.853443
MTDtemp,10000,30,49,2.5000,1.670602
MTDtemp,10000,30,50,2.5500,1.590240
MTDtemp,10000,30,51,2.6000,1.570031
MTDtemp,10000,30,52,2.6500,1.575870
MTDtemp,10000,30,53,2.7000,1.677420
MTDtemp,10000,30,54,2.7500,1.879178
MTDtemp,10000,30,55,2.8000,2.094359
MTDtemp,10000,30,56,2.8500,2.097806
MTDtemp,10000,30,57,2.9000,1.825437
MTDtemp,10000,30,58,2.9500,1.742417
MTDtemp,10000,30,59,3.0000,1.607444
MTDtemp,10000,30,60,3.0500,1.590337
MTDtemp,10000,30,61,3.1000,1.487173
MTDtemp,10000,30,62,3.1500,1.407630
MTDtemp,10000,30,63,3.2000,1.375107
MTDtemp,10000,30,64,3.2500,1.175119
MTDtemp,10000,30,65,3.3000,0.993085
MTDtemp,10000,30,66,3.3500,0.987145
MTDtemp,10000,30,67,3.4000,0.890248
MTDtemp,10000,30,68,3.4500,0.881130
MTDtemp,10000,30,69,3.5000,0.817179
MTDtemp,10000,30,70,3.5500,0.802815
MTDtemp,10000,30,71,3.6000,0.875044
MTDtemp,10000,30,72,3.6500,0.987060
MTDtemp,10000,30,73,3.7000,0.887218
MTDtemp,10000,30,74,3.7500,0.726246
MTDtemp,10000,30,75,3.8000,0.694135
MTDtemp,10000,30,76,3.8500,0.730960
MTDtemp,10000,30,77,3.9000,0.851719
MTDtemp,10000,30,78,3.9500,1.056419
MTDtemp,10000,30,79,4.0000,1.337562
MTDtemp,10000,30,80,4.0500,1.572872
MTDtemp,10000,30,81,4.1000,1.710156
MTDtemp,10000,30,82,4.1500,1.805299
MTDtemp,10000,30,83,4.2000,2.055307
MTDtemp,10000,30,84,4.2500,2.247782
MTDtemp,10000,30,85,4.3000,2.216713
MTDtemp,10000,30,86,4.3500,2.085046
MTDtemp,10000,30,87,4.4000,1.945001
MTDtemp,10000,30,88,4.4500,1.811146
MTDtemp,10000,30,89,4.5000,1.701677
MTDtemp,10000,30,90,4.5500,1.627515
MTDtemp,10000,30,91,4.6000,1.584948
MTDtemp,10000,30,92,4.6500,1.581748
MTDtemp,10000,30,93,4.7000,1.496307
MTDtemp,10000,30,94,4.7500,1.409259
MTDtemp,10000,30,95,4.8000,1.354562
MTDtemp,10000,30,96,4.8500,1.258391
MTDtemp,10000,30,97,4.9000,1.171429
MTDtemp,10000,30,98,4.9500,1.094496
MTDtemp,10000,30,99,5.0000,0.995491
MTDtemp,10000,30,100,5.0500,0.913020
MTDtemp,10000,30,101,5.1000,0.818917
MTDtemp,10000,30,102,5.1500,0.858337
MTDtemp,10000,30,103,5.2000,0.871373
MTDtemp,10000,30,104,5.2500,0.817618
MTDtemp,10000,30,105,5.3000,0.799606
MTDtemp,10000,30,106,5.3500,0.584055
MTDtemp,10000,30,107,5.4000,0.469481
MTDtemp,10000,30,108,5.4500,0.445613
MTDtemp,10000,30,109,5.5000,0.375418
MTDtemp,10000,30,110,5.5500,0.395389
MTDtemp,10000,30,111,5.6000,0.455157
MTDtemp,10000,30,112,5.6500,0.535832
MTDtemp,10000,30,113,5.7000,0.826735
MTDtemp,10000,30,114,5.7500,0.848469
MTDtemp,10000,30,115,5.8000,0.723186
MTDtemp,10000,30,116,5.8500,0.548025
MTDtemp,10000,30,117,5.9000,0.412030
MTDtemp,10000,30,118,5.9500,0.357681
MTDtemp,10000,30,119,6.0000,0.348280
MTDtemp,10000,30,120,6.0500,0.371044
MTDtemp,10000,30,121,6.1000,0.531459
MTDtemp,10000,30,122,6.1500,0.751943
MTDtemp,10000,30,123,6.2000,0.938003
MTDtemp,10000,30,124,6.2500,1.061166
MTDtemp,10000,30,125,6.3000,1.231098
MTDtemp,10000,30,126,6.3500,1.388271
MTDtemp,10000,30,127,6.4000,1.465887
MTDtemp,10000,30,128,6.4500,1.494651
MTDtemp,10000,30,129,6.5000,1.539182
MTDtemp,10000,30,130,6.5500,1.592848
MTDtemp,10000,30,131,6.6000,1.440202
MTDtemp,10000,30,132,6.6500,1.337435
MTDtemp,10000,30,133,6.7000,1.276553
MTDtemp,10000,30,134,6.7500,1.203617
MTDtemp,10000,30,135,6.8000,1.127076
MTDtemp,10000,30,136,6.8500,1.023632
MTDtemp,10000,30,137,6.9000,0.885338
MTDtemp,10000,30,138,6.9500,0.724858
MTDtemp,10000,30,139,7.0000,0.613941
MTDtemp,10000,30,140,7.0500,0.495997
MTDtemp,10000,30,141,7.1000,0.447740
MTDtemp,10000,30,142,7.1500,0.431087
MTDtemp,10000,30,143,7.2000,0.280194
MTDtemp,10000,30,144,7.2500,0.255593
MTDtemp,10000,30,145,7.3000,0.268552
MTDtemp,10000,30,146,7.3500,0.266913
MTDtemp,10000,30,147,7.4000,0.323880
MTDtemp,10000,30,148,7.4500,0.394390
MTDtemp,10000,30,149,7.5000,0.496470
MTDtemp,10000,30,150,7.5500,0.669423
MTDtemp,10000,30,151,7.6000,0.738907
MTDtemp,10000,30,152,7.6500,0.886337
MTDtemp,10000,30,153,7.7000,0.806775
MTDtemp,10000,30,154,7.7500,0.768587
MTDtemp,10000,30,155,7.8000,0.956214
MTDtemp,10000,30,156,7.8500,1.049124
MTDtemp,10000,30,157,7.9000,1.116713
MTDtemp,10000,30,158,7.9500,1.359739
MTDtemp,10000,30,159,8.0000,1.321785
MTDtemp,10000,30,160,8.0500,1.278218
MTDtemp,10000,30,161,8.1000,1.203603
MTDtemp,10000,30,162,8.1500,1.136074
MTDtemp,10000,30,163,8.2000,0.956653
MTDtemp,10000,30,164,8.2500,0.736831
MTDtemp,10000,30,165,8.3000,0.546390
MTDtemp,10000,30,166,8.3500,0.370621
MTDtemp,10000,30,167,8.4000,0.250769
MTDtemp,10000,30,168,8.4500,0.256340
MTDtemp,10000,30,169,8.5000,0.382588
MTDtemp,10000,30,170,8.5500,0.579318
MTDtemp,10000,30,171,8.6000,0.627455
MTDtemp,10000,30,172,8.6500,0.754748
MTDtemp,10000,30,173,8.7000,0.905922
MTDtemp,10000,30,174,8.7500,1.083386
MTDtemp,10000,30,175,8.8000,1.169464
MTDtemp,10000,30,176,8.8500,1.318446
MTDtemp,10000,30,177,8.9000,1.451715
MTDtemp,10000,30,178,8.9500,1.611871
MTDtemp,10000,30,179,9.0000,1.749793
MTDtemp,10000,30,180,9.0500,1.768391
MTDtemp,10000,30,181,9.1000,1.731839
MTDtemp,10000,30,182,9.1500,1.745039
MTDtemp,10000,30,183,9.2000,1.711740
MTDtemp,10000,30,184,9.2500,1.685029
MTDtemp,10000,30,185,9.3000,1.631553
MTDtemp,10000,30,186,9.3500,1.500358
MTDtemp,10000,30,187,9.4000,1.516849
MTDtemp,10000,30,188,9.4500,1.471007
MTDtemp,10000,30,189,9.5000,1.422609
MTDtemp,10000,30,190,9.5500,1.463779
MTDtemp,10000,30,191,9.6000,1.520081
MTDtemp,10000,30,192,9.6500,1.423769
MTDtemp,10000,30,193,9.7000,1.291310
MTDtemp,10000,30,194,9.7500,1.152777
MTDtemp,10000,30,195,9.8000,0.973048
MTDtemp,10000,30,196,9.8500,0.907679
MTDtemp,10000,30,197,9.9000,0.931538
MTDtemp,10000,30,198,9.9500,0.819287
MTDtemp,10000,30,199,10.0000,0.689025
MTDtemp,10000,40,0,0.0500,13.880596
MTDtemp,10000,40,1,0.1000,12.731422
MTDtemp,10000,40,2,0.1500,12.252080
MTDtemp,10000,40,3,0.2000,11.420960
MTDtemp,10000,40,4,0.2500,11.064182
MTDtemp,10000,40,5,0.3000,10.555439
MTDtemp,10000,40,6,0.3500,10.291065
MTDtemp,10000,40,7,0.4000,9.874373
MTDtemp,10000,40,8,0.4500,9.457630
MTDtemp,10000,40,9,0.5000,9.048971
MTDtemp,10000,40,10,0.5500,8.819553
MTDtemp,10000,40,11,0.6000,8.458417
MTDtemp,10000,40,12,0.6500,8.139508
MTDtemp,10000,40,13,0.7000,7.811477
MTDtemp,10000,40,14,0.7500,7.422213
MTDtemp,10000,40,15,0.8000,7.309419
MTDtemp,10000,40,16,0.8500,6.961626
MTDtemp,10000,40,17,0.9000,6.815870
MTDtemp,10000,40,18,0.9500,6.422249
MTDtemp,10000,40,19,1.0000,6.197161
MTDtemp,10000,40,20,1.0500,6.040654
MTDtemp,10000,40,21,1.1000,5.774528
MTDtemp,10000,40,22,1.1500,5.424875
MTDtemp,10000,40,23,1.2000,5.346206
MTDtemp,10000,40,24,1.2500,5.131126
MTDtemp,10000,40,25,1.3000,4.825301
MTDtemp,10000,40,26,1.3500,4.716153
MTDtemp,10000,40,27,1.4000,4.686722
MTDtemp,10000,40,28,1.4500,4.697167
MTDtemp,10000,40,29,1.5000,4.439323
MTDtemp,10000,40,30,1.5500,4.022405
MTDtemp,10000,40,31,1.6000,4.025971
MTDtemp,10000,40,32,1.6500,3.713433
MTDtemp,10000,40,33,1.7000,3.524103
MTDtemp,10000,40,34,1.7500,3.426412
MTDtemp,10000,40,35,1.8000,3.433746
MTDtemp,10000,40,36,1.8500,3.491174
MTDtemp,10000,40,37,1.9000,3.621869
MTDtemp,10000,40,38,1.9500,3.827882
MTDtemp,10000,40,39,2.0000,4.031396
MTDtemp,10000,40,40,2.0500,3.976369
MTDtemp,10000,40,41,2.1000,3.819745
MTDtemp,10000,40,42,2.1500,3.530850
MTDtemp,10000,40,43,2.2000,3.424370
MTDtemp,10000,40,44,2.2500,3.242743
MTDtemp,10000,40,45,2.3000,3.096020
MTDtemp,10000,40,46,2.3500,2.967378
MTDtemp,10000,40,47,2.4000,2.660623
MTDtemp,10000,40,48,2.4500,2.574028
MTDtemp,10000,40,49,2.5000,2.266440
MTDtemp,10000,40,50,2.5500,2.102918
MTDtemp,10000,40,51,2.6000,1.909797
MTDtemp,10000,40,52,2.6500,1.890601
MTDtemp,10000,40,53,2.7000,1.907312
MTDtemp,10000,40,54,2.7500,1.793302
MTDtemp,10000,40,55,2.8000,1.712863
MTDtemp,10000,40,56,2.8500,1.554935
MTDtemp,10000,40,57,2.9000,1.450244
MTDtemp,10000,40,58,2.9500,1.428270
MTDtemp,10000,40,59,3.0000,1.258005
MTDtemp,10000,40,60,3.0500,1.175515
MTDtemp,10000,40,61,3.1000,1.082999
MTDtemp,10000,40,62,3.1500,0.989012
MTDtemp,10000,40,63,3.2000,0.899667
MTDtemp,10000,40,64,3.2500,0.873889
MTDtemp,10000,40,65,3.3000,0.818088
MTDtemp,10000,40,66,3.3500,0.852682
MTDtemp,10000,40,67,3.4000,0.895031
MTDtemp,10000,40,68,3.4500,0.761231
MTDtemp,10000,40,69,3.5000,0.720244
MTDtemp,10000,40,70,3.5500,0.715805
MTDtemp,10000,40,71,3.6000,0.721772
MTDtemp,10000,40,72,3.6500,0.779264
MTDtemp,10000,40,73,3.7000,0.798425
MTDtemp,10000,40,74,3.7500,0.684530
MTDtemp,10000,40,75,3.8000,0.645975
MTDtemp,10000,40,76,3.8500,0.746843
MTDtemp,10000,40,77,3.9000,0.910545
MTDtemp,10000,40,78,3.9500,1.104202
MTDtemp,10000,40,79,4.0000,1.326479
MTDtemp,10000,40,80,4.0500,1.552418
MTDtemp,10000,40,81,4.1000,1.739698
MTDtemp,10000,40,82,4.1500,1.940989
MTDtemp,10000,40,83,4.2000,2.161183
MTDtemp,10000,40,84,4.2500,2.397103
MTDtemp,10000,40,85,4.3000,2.636950
MTDtemp,10000,40,86,4.3500,2.768679
MTDtemp,10000,40,87,4.4000,2.819482
MTDtemp,10000,40,88,4.4500,2.769484
MTDtemp,10000,40,89,4.5000,2.690389
MTDtemp,10000,40,90,4.5500,2.537675
MTDtemp,10000,40,91,4.6000,2.413108
MTDtemp,10000,40,92,4.6500,2.297949
MTDtemp,10000,40,93,4.7000,2.094449
MTDtemp,10000,40,94,4.7500,1.912116
MTDtemp,10000,40,95,4.8000,1.757409
MTDtemp,10000,40,96,4.8500,1.600994
MTDtemp,10000,40,97,4.9000,1.494916
MTDtemp,10000,40,98,4.9500,1.479180
MTDtemp,10000,40,99,5.0000,1.355419
MTDtemp,10000,40,100,5.0500,1.214723
MTDtemp,10000,40,101,5.1000,1.130420
MTDtemp,10000,40,102,5.1500,1.134912
MTDtemp,10000,40,103,5.2000,0.985752
MTDtemp,10000,40,104,5.2500,0.911827
MTDtemp,10000,40,105,5.3000,0.873211
MTDtemp,10000,40,106,5.3500,0.939227
MTDtemp,10000,40,107,5.4000,0.875286
MTDtemp,10000,40,108,5.4500,0.653158
MTDtemp,10000,40,109,5.5000,0.574825
MTDtemp,10000,40,110,5.5500,0.432392
MTDtemp,10000,40,111,5.6000,0.356290
MTDtemp,10000,40,112,5.6500,0.299756
MTDtemp,10000,40,113,5.7000,0.274318
MTDtemp,10000,40,114,5.7500,0.242808
MTDtemp,10000,40,115,5.8000,0.328596
MTDtemp,10000,40,116,5.8500,0.319681
MTDtemp,10000,40,117,5.9000,0.317654
MTDtemp,10000,40,118,5.9500,0.351303
MTDtemp,10000,40,119,6.0000,0.409771
MTDtemp,10000,40,120,6.0500,0.482230
MTDtemp,10000,40,121,6.1000,0.577891
MTDtemp,10000,40,122,6.1500,0.563599
MTDtemp,10000,40,123,6.2000,0.542173
MTDtemp,10000,40,124,6.2500,0.602640
MTDtemp,10000,40,125,6.3000,0.773116
MTDtemp,10000,40,126,6.3500,0.888853
MTDtemp,10000,40,127,6.4000,1.018772
MTDtemp,10000,40,128,6.4500,1.180662
MTDtemp,10000,40,129,6.5000,1.348922
MTDtemp,10000,40,130,6.5500,1.483062
MTDtemp,10000,40,131,6.6000,1.630633
MTDtemp,10000,40,132,6.6500,1.645311
MTDtemp,10000,40,133,6.7000,1.304051
MTDtemp,10000,40,134,6.7500,1.215519
MTDtemp,10000,40,135,6.8000,1.178565
MTDtemp,10000,40,136,6.8500,1.019005
MTDtemp,10000,40,137,6.9000,0.846034
MTDtemp,10000,40,138,6.9500,0.766664
MTDtemp,10000,40,139,7.0000,0.661430
MTDtemp,10000,40,140,7.0500,0.585060
MTDtemp,10000,40,141,7.1000,0.519716
MTDtemp,10000,40,142,7.1500,0.466396
MTDtemp,10000,40,143,7.2000,0.441934
MTDtemp,10000,40,144,7.2500,0.430644
MTDtemp,10000,40,145,7.3000,0.449762
MTDtemp,10000,40,146,7.3500,0.552305
MTDtemp,10000,40,147,7.4000,0.419147
MTDtemp,10000,40,148,7.4500,0.422585
MTDtemp,10000,40,149,7.5000,0.550992
MTDtemp,10000,40,150,7.5500,0.681623
MTDtemp,10000,40,151,7.6000,0.671645
MTDtemp,10000,40,152,7.6500,0.716165
MTDtemp,10000,40,153,7.7000,0.727048
MTDtemp,10000,40,154,7.7500,0.794971
MTDtemp,10000,40,155,7.8000,0.829862
MTDtemp,10000,40,156,7.8500,0.865693
MTDtemp,10000,40,157,7.9000,0.955477
MTDtemp,10000,40,158,7.9500,1.058424
MTDtemp,10000,40,159,8.0000,1.150330
MTDtemp,10000,40,160,8.0500,1.178121
MTDtemp,10000,40,161,8.1000,1.188957
MTDtemp,10000,40,162,8.1500,1.257626
MTDtemp,10000,40,163,8.2000,1.414882
MTDtemp,10000,40,164,8.2500,1.421295
MTDtemp,10000,40,165,8.3000,1.497516
MTDtemp,10000,40,166,8.3500,1.705718
MTDtemp,10000,40,167,8.4000,1.847328
MTDtemp,10000,40,168,8.4500,1.808441
MTDtemp,10000,40,169,8.5000,1.766328
MTDtemp,10000,40,170,8.5500,1.776222
MTDtemp,10000,40,171,8.6000,1.670437
MTDtemp,10000,40,172,8.6500,1.440283
MTDtemp,10000,40,173,8.7000,1.237294
MTDtemp,10000,40,174,8.7500,1.020494
MTDtemp,10000,40,175,8.8000,0.823299
MTDtemp,10000,40,176,8.8500,0.660485
MTDtemp,10000,40,177,8.9000,0.534613
MTDtemp,10000,40,178,8.9500,0.392289
MTDtemp,10000,40,179,9.0000,0.284874
MTDtemp,10000,40,180,9.0500,0.193915
MTDtemp,10000,40,181,9.1000,0.341474
MTDtemp,10000,40,182,9.1500,0.414130
MTDtemp,10000,40,183,9.2000,0.494075
MTDtemp,10000,40,184,9.2500,0.448739
MTDtemp,10000,40,185,9.3000,0.333318
MTDtemp,10000,40,186,9.3500,0.286914
MTDtemp,10000,40,187,9.4000,0.256170
MTDtemp,10000,40,188,9.4500,0.236953
MTDtemp,10000,40,189,9.5000,0.236555
MTDtemp,10000,40,190,9.5500,0.365517
MTDtemp,10000,40,191,9.6000,0.437901
MTDtemp,10000,40,192,9.6500,0.348235
MTDtemp,10000,40,193,9.7000,0.334036
MTDtemp,10000,40,194,9.7500,0.254448
MTDtemp,10000,40,195,9.8000,0.252286
MTDtemp,10000,40,196,9.8500,0.269440
MTDtemp,10000,40,197,9.9000,0.384101
MTDtemp,10000,40,198,9.9500,0.530957
MTDtemp,10000,40,199,10.0000,0.677489
MTDtemp,10000,50,0,0.0500,13.851870
MTDtemp,10000,50,1,0.1000,12.918196
MTDtemp,10000,50,2,0.1500,12.378622
MTDtemp,10000,50,3,0.2000,11.720171
MTDtemp,10000,50,4,0.2500,11.169397
MTDtemp,10000,50,5,0.3000,10.901086
MTDtemp,10000,50,6,0.3500,10.156273
MTDtemp,10000,50,7,0.4000,9.797331
MTDtemp,10000,50,8,0.4500,9.576045
MTDtemp,10000,50,9,0.5000,9.223286
MTDtemp,10000,50,10,0.5500,8.919180
MTDtemp,10000,50,11,0.6000,8.611080
MTDtemp,10000,50,12,0.6500,8.108164
MTDtemp,10000,50,13,0.7000,7.756742
MTDtemp,10000,50,14,0.7500,7.462496
MTDtemp,10000,50,15,0.8000,7.405451
MTDtemp,10000,50,16,0.8500,7.019237
MTDtemp,10000,50,17,0.9000,6.731126
MTDtemp,10000,50,18,0.9500,6.287249
MTDtemp,10000,50,19,1.0000,6.221266
MTDtemp,10000,50,20,1.0500,5.993887
MTDtemp,10000,50,21,1.1000,5.748840
MTDtemp,10000,50,22,1.1500,5.620427
MTDtemp,10000,50,23,1.2000,5.159041
MTDtemp,10000,50,24,1.2500,5.097014
MTDtemp,10000,50,25,1.3000,5.029356
MTDtemp,10000,50,26,1.3500,4.835051
MTDtemp,10000,50,27,1.4000,4.632704
MTDtemp,10000,50,28,1.4500,4.398298
MTDtemp,10000,50,29,1.5000,4.219935
MTDtemp,10000,50,30,1.5500,4.119407
MTDtemp,10000,50,31,1.6000,4.012045
MTDtemp,10000,50,32,1.6500,3.812478
MTDtemp,10000,50,33,1.7000,3.530966
MTDtemp,10000,50,34,1.7500,3.471384
MTDtemp,10000,50,35,1.8000,3.407637
MTDtemp,10000,50,36,1.8500,3.132262
MTDtemp,10000,50,37,1.9000,2.980640
MTDtemp,10000,50,38,1.9500,2.734697
MTDtemp,10000,50,39,2.0000,2.614180
MTDtemp,10000,50,40,2.0500,2.465067
MTDtemp,10000,50,41,2.1000,2.399228
MTDtemp,10000,50,42,2.1500,2.364896
MTDtemp,10000,50,43,2.2000,2.348281
MTDtemp,10000,50,44,2.2500,2.353564
MTDtemp,10000,50,45,2.3000,2.451118
MTDtemp,10000,50,46,2.3500,2.500577
MTDtemp,10000,50,47,2.4000,2.151694
MTDtemp,10000,50,48,2.4500,2.124407
MTDtemp,10000,50,49,2.5000,1.880163
MTDtemp,10000,50,50,2.5500,1.862873
MTDtemp,10000,50,51,2.6000,1.559097
MTDtemp,10000,50,52,2.6500,1.479296
MTDtemp,10000,50,53,2.7000,1.348949
MTDtemp,10000,50,54,2.7500,1.335526
MTDtemp,10000,50,55,2.8000,1.294451
MTDtemp,10000,50,56,2.8500,1.309546
MTDtemp,10000,50,57,2.9000,1.311056
MTDtemp,10000,50,58,2.9500,1.379760
MTDtemp,10000,50,59,3.0000,1.347535
MTDtemp,10000,50,60,3.0500,1.227280
MTDtemp,10000,50,61,3.1000,1.195497
MTDtemp,10000,50,62,3.1500,1.145896
MTDtemp,10000,50,63,3.2000,1.126208
MTDtemp,10000,50,64,3.2500,1.170439
MTDtemp,10000,50,65,3.3000,1.210206
MTDtemp,10000,50,66,3.3500,1.291336
MTDtemp,10000,50,67,3.4000,1.408558
MTDtemp,10000,50,68,3.4500,1.511493
MTDtemp,10000,50,69,3.5000,1.564814
MTDtemp,10000,50,70,3.5500,1.479425
MTDtemp,10000,50,71,3.6000,1.331978
MTDtemp,10000,50,72,3.6500,1.062355
MTDtemp,10000,50,73,3.7000,0.789625
MTDtemp,10000,50,74,3.7500,0.718267
MTDtemp,10000,50,75,3.8000,0.604727
MTDtemp,10000,50,76,3.8500,0.568176
MTDtemp,10000,50,77,3.9000,0.711429
MTDtemp,10000,50,78,3.9500,0.852691
MTDtemp,10000,50,79,4.0000,0.891772
MTDtemp,10000,50,80,4.0500,0.710762
MTDtemp,10000,50,81,4.1000,0.606895
MTDtemp,10000,50,82,4.1500,0.662820
MTDtemp,10000,50,83,4.2000,0.647092
MTDtemp,10000,50,84,4.2500,0.540014
MTDtemp,10000,50,85,4.3000,0.609244
MTDtemp,10000,50,86,4.3500,0.729642
MTDtemp,10000,50,87,4.4000,0.934308
MTDtemp,10000,50,88,4.4500,1.006586
MTDtemp,10000,50,89,4.5000,1.016519
MTDtemp,10000,50,90,4.5500,0.990629
MTDtemp,10000,50,91,4.6000,1.011003
MTDtemp,10000,50,92,4.6500,1.141605
MTDtemp,10000,50,93,4.7000,1.167939
MTDtemp,10000,50,94,4.7500,1.370981
MTDtemp,10000,50,95,4.8000,1.363962
MTDtemp,10000,50,96,4.8500,1.306052
MTDtemp,10000,50,97,4.9000,1.003808
MTDtemp,10000,50,98,4.9500,0.748531
MTDtemp,10000,50,99,5.0000,0.517792
MTDtemp,10000,50,100,5.0500,0.303191
MTDtemp,10000,50,101,5.1000,0.281139
MTDtemp,10000,50,102,5.1500,0.433046
MTDtemp,10000,50,103,5.2000,0.620550
MTDtemp,10000,50,104,5.2500,0.821925
MTDtemp,10000,50,105,5.3000,1.037837
MTDtemp,10000,50,106,5.3500,1.236129
MTDtemp,10000,50,107,5.4000,1.479883
MTDtemp,10000,50,108,5.4500,1.667215
MTDtemp,10000,50,109,5.5000,1.753542
MTDtemp,10000,50,110,5.5500,1.681728
MTDtemp,10000,50,111,5.6000,1.514736
MTDtemp,10000,50,112,5.6500,1.309732
MTDtemp,10000,50,113,5.7000,1.197670
MTDtemp,10000,50,114,5.7500,1.186911
MTDtemp,10000,50,115,5.8000,1.086316
MTDtemp,10000,50,116,5.8500,0.952768
MTDtemp,10000,50,117,5.9000,0.816235
MTDtemp,10000,50,118,5.9500,0.808216
MTDtemp,10000,50,119,6.0000,0.888741
MTDtemp,10000,50,120,6.0500,0.803658
MTDtemp,10000,50,121,6.1000,0.711084
MTDtemp,10000,50,122,6.1500,0.690782
MTDtemp,10000,50,123,6.2000,0.686470
MTDtemp,10000,50,124,6.2500,0.638303
MTDtemp,10000,50,125,6.3000,0.624847
MTDtemp,10000,50,126,6.3500,0.673741
MTDtemp,10000,50,127,6.4000,0.473062
MTDtemp,10000,50,128,6.4500,0.383165
MTDtemp,10000,50,129,6.5000,0.251704
MTDtemp,10000,50,130,6.5500,0.286861
MTDtemp,10000,50,131,6.6000,0.368393
MTDtemp,10000,50,132,6.6500,0.392997
MTDtemp,10000,50,133,6.7000,0.496738
MTDtemp,10000,50,134,6.7500,0.776619
MTDtemp,10000,50,135,6.8000,0.766426
MTDtemp,10000,50,136,6.8500,0.749805
MTDtemp,10000,50,137,6.9000,0.879506
MTDtemp,10000,50,138,6.9500,0.988272
MTDtemp,10000,50,139,7.0000,1.056439
MTDtemp,10000,50,140,7.0500,0.956738
MTDtemp,10000,50,141,7.1000,0.805930
MTDtemp,10000,50,142,7.1500,0.630183
MTDtemp,10000,50,143,7.2000,0.519217
MTDtemp,10000,50,144,7.2500,0.504996
MTDtemp,10000,50,145,7.3000,0.328549
MTDtemp,10000,50,146,7.3500,0.505727
MTDtemp,10000,50,147,7.4000,0.521977
MTDtemp,10000,50,148,7.4500,0.497352
MTDtemp,10000,50,149,7.5000,0.434303
MTDtemp,10000,50,150,7.5500,0.393454
MTDtemp,10000,50,151,7.6000,0.427000
MTDtemp,10000,50,152,7.6500,0.448719
MTDtemp,10000,50,153,7.7000,0.382667
MTDtemp,10000,50,154,7.7500,0.328663
MTDtemp,10000,50,155,7.8000,0.363400
MTDtemp,10000,50,156,7.8500,0.405476
MTDtemp,10000,50,157,7.9000,0.372690
MTDtemp,10000,50,158,7.9500,0.475899
MTDtemp,10000,50,159,8.0000,0.599842
MTDtemp,10000,50,160,8.0500,0.678240
MTDtemp,10000,50,161,8.1000,0.741994
MTDtemp,10000,50,162,8.1500,0.851754
MTDtemp,10000,50,163,8.2000,0.790238
MTDtemp,10000,50,164,8.2500,0.708466
MTDtemp,10000,50,165,8.3000,0.711932
MTDtemp,10000,50,166,8.3500,0.738481
MTDtemp,10000,50,167,8.4000,0.773143
MTDtemp,10000,50,168,8.4500,0.786094
MTDtemp,10000,50,169,8.5000,0.838149
MTDtemp,10000,50,170,8.5500,0.905410
MTDtemp,10000,50,171,8.6000,0.936086
MTDtemp,10000,50,172,8.6500,0.949849
MTDtemp,10000,50,173,8.7000,0.885181
MTDtemp,10000,50,174,8.7500,0.702172
MTDtemp,10000,50,175,8.8000,0.573527
MTDtemp,10000,50,176,8.8500,0.512911
MTDtemp,10000,50,177,8.9000,0.505131
MTDtemp,10000,50,178,8.9500,0.462080
MTDtemp,10000,50,179,9.0000,0.586851
MTDtemp,10000,50,180,9.0500,0.665721
MTDtemp,10000,50,181,9.1000,0.767521
MTDtemp,10000,50,182,9.1500,0.917370
MTDtemp,10000,50,183,9.2000,1.053017
MTDtemp,10000,50,184,9.2500,0.973375
MTDtemp,10000,50,185,9.3000,0.898874
MTDtemp,10000,50,186,9.3500,0.691217
MTDtemp,10000,50,187,9.4000,0.621977
MTDtemp,10000,50,188,9.4500,0.609879
MTDtemp,10000,50,189,9.5000,0.679398
MTDtemp,10000,50,190,9.5500,0.624177
MTDtemp,10000,50,191,9.6000,0.484819
MTDtemp,10000,50,192,9.6500,0.350283
MTDtemp,10000,50,193,9.7000,0.243433
MTDtemp,10000,50,194,9.7500,0.271875
MTDtemp,10000,50,195,9.8000,0.329719
MTDtemp,10000,50,196,9.8500,0.347366
MTDtemp,10000,50,197,9.9000,0.491643
MTDtemp,10000,50,198,9.9500,0.552176
MTDtemp,10000,50,199,10.0000,0.574489
MTDtemp,15000,10,0,0.0500,13.870944
MTDtemp,15000,10,1,0.1000,13.240164
MTDtemp,15000,10,2,0.1500,12.497531
MTDtemp,15000,10,3,0.2000,11.992863
MTDtemp,15000,10,4,0.2500,11.070477
MTDtemp,15000,10,5,0.3000,10.480229
MTDtemp,15000,10,6,0.3500,9.964171
MTDtemp,15000,10,7,0.4000,9.946815
MTDtemp,15000,10,8,0.4500,9.381302
MTDtemp,15000,10,9,0.5000,9.002279
MTDtemp,15000,10,10,0.5500,8.700583
MTDtemp,15000,10,11,0.6000,8.232181
MTDtemp,15000,10,12,0.6500,7.978411
MTDtemp,15000,10,13,0.7000,7.560714
MTDtemp,15000,10,14,0.7500,7.274696
MTDtemp,15000,10,15,0.8000,7.088571
MTDtemp,15000,10,16,0.8500,7.017525
MTDtemp,15000,10,17,0.9000,6.381276
MTDtemp,15000,10,18,0.9500,6.020246
MTDtemp,15000,10,19,1.0000,5.814022
MTDtemp,15000,10,20,1.0500,5.545045
MTDtemp,15000,10,21,1.1000,5.303893
MTDtemp,15000,10,22,1.1500,5.192087
MTDtemp,15000,10,23,1.2000,5.095022
MTDtemp,15000,10,24,1.2500,4.833232
MTDtemp,15000,10,25,1.3000,4.608877
MTDtemp,15000,10,26,1.3500,4.633625
MTDtemp,15000,10,27,1.4000,4.529807
MTDtemp,15000,10,28,1.4500,4.449625
MTDtemp,15000,10,29,1.5000,4.222842
MTDtemp,15000,10,30,1.5500,3.976704
MTDtemp,15000,10,31,1.6000,3.648015
MTDtemp,15000,10,32,1.6500,3.564380
MTDtemp,15000,10,33,1.7000,3.617846
MTDtemp,15000,10,34,1.7500,3.470436
MTDtemp,15000,10,35,1.8000,3.186234
MTDtemp,15000,10,36,1.8500,3.190503
MTDtemp,15000,10,37,1.9000,2.928357
MTDtemp,15000,10,38,1.9500,2.574074
MTDtemp,15000,10,39,2.0000,2.573918
MTDtemp,15000,10,40,2.0500,2.296857
MTDtemp,15000,10,41,2.1000,2.385840
MTDtemp,15000,10,42,2.1500,2.317157
MTDtemp,15000,10,43,2.2000,2.087219
MTDtemp,15000,10,44,2.2500,1.923978
MTDtemp,15000,10,45,2.3000,1.814520
MTDtemp,15000,10,46,2.3500,1.550283
MTDtemp,15000,10,47,2.4000,1.491959
MTDtemp,15000,10,48,2.4500,1.327586
MTDtemp,15000,10,49,2.5000,1.224150
MTDtemp,15000,10,50,2.5500,1.176609
MTDtemp,15000,10,51,2.6000,1.112803
MTDtemp,15000,10,52,2.6500,1.075742
MTDtemp,15000,10,53,2.7000,1.029947
MTDtemp,15000,10,54,2.7500,0.933803
MTDtemp,15000,10,55,2.8000,0.914143
MTDtemp,15000,10,56,2.8500,0.917521
MTDtemp,15000,10,57,2.9000,0.907487
MTDtemp,15000,10,58,2.9500,0.914418
MTDtemp,15000,10,59,3.0000,1.032320
MTDtemp,15000,10,60,3.0500,1.144750
MTDtemp,15000,10,61,3.1000,1.266950
MTDtemp,15000,10,62,3.1500,0.836064
MTDtemp,15000,10,63,3.2000,0.672055
MTDtemp,15000,10,64,3.2500,0.657806
MTDtemp,15000,10,65,3.3000,0.838117
MTDtemp,15000,10,66,3.3500,0.952202
MTDtemp,15000,10,67,3.4000,1.112593
MTDtemp,15000,10,68,3.4500,1.343986
MTDtemp,15000,10,69,3.5000,1.507336
MTDtemp,15000,10,70,3.5500,1.721478
MTDtemp,15000,10,71,3.6000,1.760592
MTDtemp,15000,10,72,3.6500,1.888248
MTDtemp,15000,10,73,3.7000,2.104835
MTDtemp,15000,10,74,3.7500,2.318401
MTDtemp,15000,10,75,3.8000,2.543652
MTDtemp,15000,10,76,3.8500,2.782973
MTDtemp,15000,10,77,3.9000,2.923701
MTDtemp,15000,10,78,3.9500,2.734399
MTDtemp,15000,10,79,4.0000,2.434014
MTDtemp,15000,10,80,4.0500,2.192183
MTDtemp,15000,10,81,4.1000,1.954714
MTDtemp,15000,10,82,4.1500,1.899071
MTDtemp,15000,10,83,4.2000,1.758608
MTDtemp,15000,10,84,4.2500,1.752999
MTDtemp,15000,10,85,4.3000,1.757613
MTDtemp,15000,10,86,4.3500,1.782708
MTDtemp,15000,10,87,4.4000,1.781005
MTDtemp,15000,10,88,4.4500,1.338141
MTDtemp,15000,10,89,4.5000,1.118569
MTDtemp,15000,10,90,4.5500,1.021309
MTDtemp,15000,10,91,4.6000,0.791930
MTDtemp,15000,10,92,4.6500,0.736447
MTDtemp,15000,10,93,4.7000,0.802397
MTDtemp,15000,10,94,4.7500,0.968503
MTDtemp,15000,10,95,4.8000,1.191905
MTDtemp,15000,10,96,4.8500,1.397456
MTDtemp,15000,10,97,4.9000,1.482487
MTDtemp,15000,10,98,4.9500,1.331453
MTDtemp,15000,10,99,5.0000,1.289731
MTDtemp,15000,10,100,5.0500,0.994941
MTDtemp,15000,10,101,5.1000,0.706198
MTDtemp,15000,10,102,5.1500,0.435173
MTDtemp,15000,10,103,5.2000,0.389222
MTDtemp,15000,10,104,5.2500,0.329440
MTDtemp,15000,10,105,5.3000,0.353079
MTDtemp,15000,10,106,5.3500,0.389527
MTDtemp,15000,10,107,5.4000,0.348709
MTDtemp,15000,10,108,5.4500,0.311500
MTDtemp,15000,10,109,5.5000,0.418246
MTDtemp,15000,10,110,5.5500,0.412950
MTDtemp,15000,10,111,5.6000,0.481250
MTDtemp,15000,10,112,5.6500,0.525429
MTDtemp,15000,10,113,5.7000,0.567463
MTDtemp,15000,10,114,5.7500,0.535558
MTDtemp,15000,10,115,5.8000,0.554966
MTDtemp,15000,10,116,5.8500,0.703778
MTDtemp,15000,10,117,5.9000,0.898150
MTDtemp,15000,10,118,5.9500,1.098136
MTDtemp,15000,10,119,6.0000,1.304211
MTDtemp,15000,10,120,6.0500,1.446306
MTDtemp,15000,10,121,6.1000,1.639766
MTDtemp,15000,10,122,6.1500,1.848335
MTDtemp,15000,10,123,6.2000,2.017766
MTDtemp,15000,10,124,6.2500,1.965330
MTDtemp,15000,10,125,6.3000,1.743286
MTDtemp,15000,10,126,6.3500,1.611700
MTDtemp,15000,10,127,6.4000,1.432034
MTDtemp,15000,10,128,6.4500,1.397055
MTDtemp,15000,10,129,6.5000,1.374522
MTDtemp,15000,10,130,6.5500,1.254259
MTDtemp,15000,10,131,6.6000,1.134686
MTDtemp,15000,10,132,6.6500,0.919631
MTDtemp,15000,10,133,6.7000,0.772547
MTDtemp,15000,10,134,6.7500,0.646001
MTDtemp,15000,10,135,6.8000,0.434114
MTDtemp,15000,10,136,6.8500,0.409619
MTDtemp,15000,10,137,6.9000,0.441013
MTDtemp,15000,10,138,6.9500,0.331122
MTDtemp,15000,10,139,7.0000,0.349059
MTDtemp,15000,10,140,7.0500,0.486982
MTDtemp,15000,10,141,7.1000,0.376333
MTDtemp,15000,10,142,7.1500,0.343720
MTDtemp,15000,10,143,7.2000,0.349134
MTDtemp,15000,10,144,7.2500,0.398848
MTDtemp,15000,10,145,7.3000,0.501667
MTDtemp,15000,10,146,7.3500,0.714193
MTDtemp,15000,10,147,7.4000,0.929388
MTDtemp,15000,10,148,7.4500,1.082693
MTDtemp,15000,10,149,7.5000,1.253642
MTDtemp,15000,10,150,7.5500,1.370537
MTDtemp,15000,10,151,7.6000,1.497089
MTDtemp,15000,10,152,7.6500,1.670240
MTDtemp,15000,10,153,7.7000,1.820720
MTDtemp,15000,10,154,7.7500,2.007394
MTDtemp,15000,10,155,7.8000,2.181819
MTDtemp,15000,10,156,7.8500,2.239080
MTDtemp,15000,10,157,7.9000,2.237235
MTDtemp,15000,10,158,7.9500,1.906900
MTDtemp,15000,10,159,8.0000,1.800708
MTDtemp,15000,10,160,8.0500,1.766504
MTDtemp,15000,10,161,8.1000,1.789289
MTDtemp,15000,10,162,8.1500,1.669188
MTDtemp,15000,10,163,8.2000,1.610505
MTDtemp,15000,10,164,8.2500,1.458457
MTDtemp,15000,10,165,8.3000,1.366957
MTDtemp,15000,10,166,8.3500,1.329038
MTDtemp,15000,10,167,8.4000,1.211148
MTDtemp,15000,10,168,8.4500,1.088792
MTDtemp,15000,10,169,8.5000,0.910995
MTDtemp,15000,10,170,8.5500,0.782635
MTDtemp,15000,10,171,8.6000,0.789134
MTDtemp,15000,10,172,8.6500,0.631785
MTDtemp,15000,10,173,8.7000,0.545212
MTDtemp,15000,10,174,8.7500,0.517733
MTDtemp,15000,10,175,8.8000,0.601394
MTDtemp,15000,10,176,8.8500,0.685819
MTDtemp,15000,10,177,8.9000,0.620422
MTDtemp,15000,10,178,8.9500,0.433786
MTDtemp,15000,10,179,9.0000,0.546694
MTDtemp,15000,10,180,9.0500,0.529148
MTDtemp,15000,10,181,9.1000,0.372878
MTDtemp,15000,10,182,9.1500,0.335555
MTDtemp,15000,10,183,9.2000,0.343351
MTDtemp,15000,10,184,9.2500,0.408144
MTDtemp,15000,10,185,9.3000,0.493754
MTDtemp,15000,10,186,9.3500,0.431962
MTDtemp,15000,10,187,9.4000,0.449377
MTDtemp,15000,10,188,9.4500,0.614481
MTDtemp,15000,10,189,9.5000,0.594741
MTDtemp,15000,10,190,9.5500,0.428467
MTDtemp,15000,10,191,9.6000,0.478229
MTDtemp,15000,10,192,9.6500,0.514596
MTDtemp,15000,10,193,9.7000,0.477161
MTDtemp,15000,10,194,9.7500,0.452034
MTDtemp,15000,10,195,9.8000,0.518619
MTDtemp,15000,10,196,9.8500,0.636161
MTDtemp,15000,10,197,9.9000,0.742160
MTDtemp,15000,10,198,9.9500,0.873527
MTDtemp,15000,10,199,10.0000,1.013625
MTDtemp,15000,20,0,0.0500,13.894795
MTDtemp,15000,20,1,0.1000,12.919867
MTDtemp,15000,20,2,0.1500,12.182049
MTDtemp,15000,20,3,0.2000,11.854944
MTDtemp,15000,20,4,0.2500,11.085102
MTDtemp,15000,20,5,0.3000,10.360555
MTDtemp,15000,20,6,0.3500,10.033342
MTDtemp,15000,20,7,0.4000,9.594387
MTDtemp,15000,20,8,0.4500,9.004477
MTDtemp,15000,20,9,0.5000,8.916385
MTDtemp,15000,20,10,0.5500,8.613532
MTDtemp,15000,20,11,0.6000,8.253804
MTDtemp,15000,20,12,0.6500,7.778512
MTDtemp,15000,20,13,0.7000,7.507009
MTDtemp,15000,20,14,0.7500,7.348342
MTDtemp,15000,20,15,0.8000,7.006675
MTDtemp,15000,20,16,0.8500,6.491253
MTDtemp,15000,20,17,0.9000,6.236759
MTDtemp,15000,20,18,0.9500,6.039604
MTDtemp,15000,20,19,1.0000,6.023292
MTDtemp,15000,20,20,1.0500,5.685019
MTDtemp,15000,20,21,1.1000,5.563403
MTDtemp,15000,20,22,1.1500,5.336680
MTDtemp,15000,20,23,1.2000,5.230309
MTDtemp,15000,20,24,1.2500,5.074775
MTDtemp,15000,20,25,1.3000,5.103823
MTDtemp,15000,20,26,1.3500,4.825985
MTDtemp,15000,20,27,1.4000,4.297114
MTDtemp,15000,20,28,1.4500,4.220231
MTDtemp,15000,20,29,1.5000,3.898493
MTDtemp,15000,20,30,1.5500,3.769346
MTDtemp,15000,20,31,1.6000,3.578043
MTDtemp,15000,20,32,1.6500,3.158905
MTDtemp,15000,20,33,1.7000,3.044466
MTDtemp,15000,20,34,1.7500,2.757200
MTDtemp,15000,20,35,1.8000,2.584177
MTDtemp,15000,20,36,1.8500,2.579457
MTDtemp,15000,20,37,1.9000,2.620155
MTDtemp,15000,20,38,1.9500,2.572616
MTDtemp,15000,20,39,2.0000,2.288225
MTDtemp,15000,20,40,2.0500,2.023423
MTDtemp,15000,20,41,2.1000,1.864808
MTDtemp,15000,20,42,2.1500,1.748506
MTDtemp,15000,20,43,2.2000,1.643465
MTDtemp,15000,20,44,2.2500,1.572462
MTDtemp,15000,20,45,2.3000,1.520932
MTDtemp,15000,20,46,2.3500,1.488086
MTDtemp,15000,20,47,2.4000,1.380780
MTDtemp,15000,20,48,2.4500,1.272041
MTDtemp,15000,20,49,2.5000,1.235905
MTDtemp,15000,20,50,2.5500,1.222726
MTDtemp,15000,20,51,2.6000,1.271525
MTDtemp,15000,20,52,2.6500,1.331580
MTDtemp,15000,20,53,2.7000,1.215478
MTDtemp,15000,20,54,2.7500,1.136979
MTDtemp,15000,20,55,2.8000,0.971224
MTDtemp,15000,20,56,2.8500,0.956033
MTDtemp,15000,20,57,2.9000,0.988052
MTDtemp,15000,20,58,2.9500,0.971706
MTDtemp,15000,20,59,3.0000,0.952239
MTDtemp,15000,20,60,3.0500,0.946837
MTDtemp,15000,20,61,3.1000,0.984026
MTDtemp,15000,20,62,3.1500,1.012705
MTDtemp,15000,20,63,3.2000,1.144138
MTDtemp,15000,20,64,3.2500,1.257798
MTDtemp,15000,20,65,3.3000,1.433039
MTDtemp,15000,20,66,3.3500,1.440260
MTDtemp,15000,20,67,3.4000,1.519195
MTDtemp,15000,20,68,3.4500,1.714382
MTDtemp,15000,20,69,3.5000,1.792211
MTDtemp,15000,20,70,3.5500,2.020137
MTDtemp,15000,20,71,3.6000,2.118980
MTDtemp,15000,20,72,3.6500,2.277499
MTDtemp,15000,20,73,3.7000,2.169167
MTDtemp,15000,20,74,3.7500,1.853274
MTDtemp,15000,20,75,3.8000,1.573222
MTDtemp,15000,20,76,3.8500,1.310964
MTDtemp,15000,20,77,3.9000,1.068570
MTDtemp,15000,20,78,3.9500,0.899843
MTDtemp,15000,20,79,4.0000,0.671252
MTDtemp,15000,20,80,4.0500,0.481449
MTDtemp,15000,20,81,4.1000,0.367585
MTDtemp,15000,20,82,4.1500,0.340427
MTDtemp,15000,20,83,4.2000,0.353851
MTDtemp,15000,20,84,4.2500,0.598231
MTDtemp,15000,20,85,4.3000,0.770494
MTDtemp,15000,20,86,4.3500,1.005656
MTDtemp,15000,20,87,4.4000,1.207512
MTDtemp,15000,20,88,4.4500,1.435293
MTDtemp,15000,20,89,4.5000,1.480326
MTDtemp,15000,20,90,4.5500,1.286351
MTDtemp,15000,20,91,4.6000,1.311842
MTDtemp,15000,20,92,4.6500,1.165867
MTDtemp,15000,20,93,4.7000,0.723719
MTDtemp,15000,20,94,4.7500,0.614258
MTDtemp,15000,20,95,4.8000,0.496329
MTDtemp,15000,20,96,4.8500,0.429450
MTDtemp,15000,20,97,4.9000,0.535212
MTDtemp,15000,20,98,4.9500,0.754029
MTDtemp,15000,20,99,5.0000,0.838179
MTDtemp,15000,20,100,5.0500,0.938787
MTDtemp,15000,20,101,5.1000,1.010525
MTDtemp,15000,20,102,5.1500,0.868005
MTDtemp,15000,20,103,5.2000,0.702613
MTDtemp,15000,20,104,5.2500,0.639985
MTDtemp,15000,20,105,5.3000,0.575167
MTDtemp,15000,20,106,5.3500,0.363858
MTDtemp,15000,20,107,5.4000,0.301577
MTDtemp,15000,20,108,5.4500,0.447044
MTDtemp,15000,20,109,5.5000,0.565802
MTDtemp,15000,20,110,5.5500,0.580392
MTDtemp,15000,20,111,5.6000,0.534382
MTDtemp,15000,20,112,5.6500,0.571104
MTDtemp,15000,20,113,5.7000,0.589869
MTDtemp,15000,20,114,5.7500,0.553846
MTDtemp,15000,20,115,5.8000,0.349827
MTDtemp,15000,20,116,5.8500,0.470934
MTDtemp,15000,20,117,5.9000,0.284071
MTDtemp,15000,20,118,5.9500,0.218790
MTDtemp,15000,20,119,6.0000,0.317918
MTDtemp,15000,20,120,6.0500,0.484533
MTDtemp,15000,20,121,6.1000,0.701467
MTDtemp,15000,20,122,6.1500,0.775061
MTDtemp,15000,20,123,6.2000,0.786564
MTDtemp,15000,20,124,6.2500,0.683539
MTDtemp,15000,20,125,6.3000,0.535459
MTDtemp,15000,20,126,6.3500,0.343273
MTDtemp,15000,20,127,6.4000,0.284887
MTDtemp,15000,20,128,6.4500,0.387831
MTDtemp,15000,20,129,6.5000,0.389421
MTDtemp,15000,20,130,6.5500,0.478426
MTDtemp,15000,20,131,6.6000,0.462517
MTDtemp,15000,20,132,6.6500,0.369558
MTDtemp,15000,20,133,6.7000,0.403874
MTDtemp,15000,20,134,6.7500,0.526843
MTDtemp,15000,20,135,6.8000,0.667099
MTDtemp,15000,20,136,6.8500,0.804226
MTDtemp,15000,20,137,6.9000,0.937478
MTDtemp,15000,20,138,6.9500,0.894887
MTDtemp,15000,20,139,7.0000,0.972811
MTDtemp,15000,20,140,7.0500,1.307185
MTDtemp,15000,20,141,7.1000,1.466356
MTDtemp,15000,20,142,7.1500,1.463793
MTDtemp,15000,20,143,7.2000,1.373708
MTDtemp,15000,20,144,7.2500,1.173492
MTDtemp,15000,20,145,7.3000,0.975050
MTDtemp,15000,20,146,7.3500,0.797196
MTDtemp,15000,20,147,7.4000,0.644115
MTDtemp,15000,20,148,7.4500,0.602934
MTDtemp,15000,20,149,7.5000,0.386575
MTDtemp,15000,20,150,7.5500,0.319832
MTDtemp,15000,20,151,7.6000,0.414624
MTDtemp,15000,20,152,7.6500,0.562997
MTDtemp,15000,20,153,7.7000,0.553118
MTDtemp,15000,20,154,7.7500,0.581801
MTDtemp,15000,20,155,7.8000,0.515290
MTDtemp,15000,20,156,7.8500,0.496741
MTDtemp,15000,20,157,7.9000,0.510609
MTDtemp,15000,20,158,7.9500,0.610306
MTDtemp,15000,20,159,8.0000,0.806588
MTDtemp,15000,20,160,8.0500,0.758165
MTDtemp,15000,20,161,8.1000,0.965635
MTDtemp,15000,20,162,8.1500,0.961243
MTDtemp,15000,20,163,8.2000,0.898248
MTDtemp,15000,20,164,8.2500,0.935524
MTDtemp,15000,20,165,8.3000,0.910715
MTDtemp,15000,20,166,8.3500,0.734757
MTDtemp,15000,20,167,8.4000,0.515829
MTDtemp,15000,20,168,8.4500,0.319338
MTDtemp,15000,20,169,8.5000,0.205348
MTDtemp,15000,20,170,8.5500,0.292452
MTDtemp,15000,20,171,8.6000,0.454830
MTDtemp,15000,20,172,8.6500,0.499779
MTDtemp,15000,20,173,8.7000,0.629542
MTDtemp,15000,20,174,8.7500,0.718137
MTDtemp,15000,20,175,8.8000,0.630480
MTDtemp,15000,20,176,8.8500,0.558777
MTDtemp,15000,20,177,8.9000,0.481044
MTDtemp,15000,20,178,8.9500,0.514431
MTDtemp,15000,20,179,9.0000,0.630074
MTDtemp,15000,20,180,9.0500,0.685167
MTDtemp,15000,20,181,9.1000,0.804238
MTDtemp,15000,20,182,9.1500,0.853420
MTDtemp,15000,20,183,9.2000,0.918325
MTDtemp,15000,20,184,9.2500,1.011129
MTDtemp,15000,20,185,9.3000,1.038894
MTDtemp,15000,20,186,9.3500,0.992860
MTDtemp,15000,20,187,9.4000,0.924312
MTDtemp,15000,20,188,9.4500,0.792686
MTDtemp,15000,20,189,9.5000,0.607422
MTDtemp,15000,20,190,9.5500,0.482831
MTDtemp,15000,20,191,9.6000,0.484826
MTDtemp,15000,20,192,9.6500,0.523630
MTDtemp,15000,20,193,9.7000,0.653692
MTDtemp,15000,20,194,9.7500,0.756400
MTDtemp,15000,20,195,9.8000,0.890574
MTDtemp,15000,20,196,9.8500,1.034410
MTDtemp,15000,20,197,9.9000,1.195221
MTDtemp,15000,20,198,9.9500,1.317408
MTDtemp,15000,20,199,10.0000,1.435753
MTDtemp,15000,30,0,0.0500,13.813654
MTDtemp,15000,30,1,0.1000,12.936205
MTDtemp,15000,30,2,0.1500,12.367943
MTDtemp,15000,30,3,0.2000,11.905830
MTDtemp,15000,30,4,0.2500,11.282499
MTDtemp,15000,30,5,0.3000,10.890228
MTDtemp,15000,30,6,0.3500,10.396732
MTDtemp,15000,30,7,0.4000,9.675915
MTDtemp,15000,30,8,0.4500,9.308706
MTDtemp,15000,30,9,0.5000,9.001896
MTDtemp,15000,30,10,0.5500,8.476403
MTDtemp,15000,30,11,0.6000,8.074638
MTDtemp,15000,30,12,0.6500,7.954417
MTDtemp,15000,30,13,0.7000,7.384933
MTDtemp,15000,30,14,0.7500,7.265292
MTDtemp,15000,30,15,0.8000,6.938278
MTDtemp,15000,30,16,0.8500,6.537332
MTDtemp,15000,30,17,0.9000,6.328096
MTDtemp,15000,30,18,0.9500,6.161377
MTDtemp,15000,30,19,1.0000,5.911705
MTDtemp,15000,30,20,1.0500,5.648808
MTDtemp,15000,30,21,1.1000,5.594105
MTDtemp,15000,30,22,1.1500,5.153571
MTDtemp,15000,30,23,1.2000,4.823239
MTDtemp,15000,30,24,1.2500,4.618047
MTDtemp,15000,30,25,1.3000,4.337732
MTDtemp,15000,30,26,1.3500,4.257230
MTDtemp,15000,30,27,1.4000,4.071505
MTDtemp,15000,30,28,1.4500,3.953964
MTDtemp,15000,30,29,1.5000,3.783342
MTDtemp,15000,30,30,1.5500,3.796435
MTDtemp,15000,30,31,1.6000,3.399651
MTDtemp,15000,30,32,1.6500,3.387568
MTDtemp,15000,30,33,1.7000,3.252729
MTDtemp,15000,30,34,1.7500,2.932167
MTDtemp,15000,30,35,1.8000,2.685421
MTDtemp,15000,30,36,1.8500,2.672997
MTDtemp,15000,30,37,1.9000,2.643042
MTDtemp,15000,30,38,1.9500,2.514432
MTDtemp,15000,30,39,2.0000,2.498271
MTDtemp,15000,30,40,2.0500,2.581261
MTDtemp,15000,30,41,2.1000,2.410666
MTDtemp,15000,30,42,2.1500,2.109595
MTDtemp,15000,30,43,2.2000,1.911185
MTDtemp,15000,30,44,2.2500,1.707516
MTDtemp,15000,30,45,2.3000,1.683409
MTDtemp,15000,30,46,2.3500,1.593481
MTDtemp,15000,30,47,2.4000,1.467540
MTDtemp,15000,30,48,2.4500,1.345636
MTDtemp,15000,30,49,2.5000,1.281299
MTDtemp,15000,30,50,2.5500,1.206704
MTDtemp,15000,30,51,2.6000,1.152714
MTDtemp,15000,30,52,2.6500,1.190572
MTDtemp,15000,30,53,2.7000,1.055442
MTDtemp,15000,30,54,2.7500,1.023268
MTDtemp,15000,30,55,2.8000,1.110783
MTDtemp,15000,30,56,2.8500,1.046439
MTDtemp,15000,30,57,2.9000,0.869475
MTDtemp,15000,30,58,2.9500,0.794220
MTDtemp,15000,30,59,3.0000,0.867240
MTDtemp,15000,30,60,3.0500,0.969939
MTDtemp,15000,30,61,3.1000,1.118946
MTDtemp,15000,30,62,3.1500,1.338946
MTDtemp,15000,30,63,3.2000,1.591120
MTDtemp,15000,30,64,3.2500,1.567193
MTDtemp,15000,30,65,3.3000,1.342550
MTDtemp,15000,30,66,3.3500,1.225777
MTDtemp,15000,30,67,3.4000,1.139234
MTDtemp,15000,30,68,3.4500,1.077944
MTDtemp,15000,30,69,3.5000,0.881830
MTDtemp,15000,30,70,3.5500,0.724974
MTDtemp,15000,30,71,3.6000,0.672416
MTDtemp,15000,30,72,3.6500,0.817475
MTDtemp,15000,30,73,3.7000,0.733621
MTDtemp,15000,30,74,3.7500,0.611543
MTDtemp,15000,30,75,3.8000,0.629105
MTDtemp,15000,30,76,3.8500,0.471271
MTDtemp,15000,30,77,3.9000,0.519528
MTDtemp,15000,30,78,3.9500,0.648316
MTDtemp,15000,30,79,4.0000,0.580637
MTDtemp,15000,30,80,4.0500,0.586973
MTDtemp,15000,30,81,4.1000,0.407618
MTDtemp,15000,30,82,4.1500,0.414532
MTDtemp,15000,30,83,4.2000,0.534220
MTDtemp,15000,30,84,4.2500,0.491003
MTDtemp,15000,30,85,4.3000,0.466675
MTDtemp,15000,30,86,4.3500,0.491199
MTDtemp,15000,30,87,4.4000,0.479956
MTDtemp,15000,30,88,4.4500,0.339761
MTDtemp,15000,30,89,4.5000,0.467871
MTDtemp,15000,30,90,4.5500,0.643798
MTDtemp,15000,30,91,4.6000,0.802969
MTDtemp,15000,30,92,4.6500,0.774395
MTDtemp,15000,30,93,4.7000,0.760834
MTDtemp,15000,30,94,4.7500,0.704841
MTDtemp,15000,30,95,4.8000,0.452665
MTDtemp,15000,30,96,4.8500,0.415056
MTDtemp,15000,30,97,4.9000,0.412640
MTDtemp,15000,30,98,4.9500,0.560455
MTDtemp,15000,30,99,5.0000,0.622420
MTDtemp,15000,30,100,5.0500,0.884564
MTDtemp,15000,30,101,5.1000,1.028852
MTDtemp,15000,30,102,5.1500,0.999053
MTDtemp,15000,30,103,5.2000,1.285042
MTDtemp,15000,30,104,5.2500,1.464104
MTDtemp,15000,30,105,5.3000,1.456840
MTDtemp,15000,30,106,5.3500,1.383032
MTDtemp,15000,30,107,5.4000,1.455214
MTDtemp,15000,30,108,5.4500,1.649010
MTDtemp,15000,30,109,5.5000,1.867515
MTDtemp,15000,30,110,5.5500,2.089839
MTDtemp,15000,30,111,5.6000,2.256445
MTDtemp,15000,30,112,5.6500,2.181649
MTDtemp,15000,30,113,5.7000,1.944033
MTDtemp,15000,30,114,5.7500,1.718451
MTDtemp,15000,30,115,5.8000,1.533401
MTDtemp,15000,30,116,5.8500,1.319225
MTDtemp,15000,30,117,5.9000,1.106288
MTDtemp,15000,30,118,5.9500,0.910808
MTDtemp,15000,30,119,6.0000,0.774943
MTDtemp,15000,30,120,6.0500,0.655920
MTDtemp,15000,30,121,6.1000,0.590253
MTDtemp,15000,30,122,6.1500,0.528705
MTDtemp,15000,30,123,6.2000,0.596048
MTDtemp,15000,30,124,6.2500,0.684599
MTDtemp,15000,30,125,6.3000,0.561982
MTDtemp,15000,30,126,6.3500,0.544352
MTDtemp,15000,30,127,6.4000,0.451959
MTDtemp,15000,30,128,6.4500,0.407252
MTDtemp,15000,30,129,6.5000,0.367024
MTDtemp,15000,30,130,6.5500,0.356123
MTDtemp,15000,30,131,6.6000,0.325346
MTDtemp,15000,30,132,6.6500,0.279748
MTDtemp,15000,30,133,6.7000,0.386748
MTDtemp,15000,30,134,6.7500,0.550478
MTDtemp,15000,30,135,6.8000,0.714247
MTDtemp,15000,30,136,6.8500,0.822035
MTDtemp,15000,30,137,6.9000,0.992778
MTDtemp,15000,30,138,6.9500,1.110167
MTDtemp,15000,30,139,7.0000,0.912721
MTDtemp,15000,30,140,7.0500,0.642853
MTDtemp,15000,30,141,7.1000,0.547215
MTDtemp,15000,30,142,7.1500,0.592258
MTDtemp,15000,30,143,7.2000,0.487327
MTDtemp,15000,30,144,7.2500,0.358834
MTDtemp,15000,30,145,7.3000,0.275217
MTDtemp,15000,30,146,7.3500,0.295607
MTDtemp,15000,30,147,7.4000,0.304925
MTDtemp,15000,30,148,7.4500,0.611787
MTDtemp,15000,30,149,7.5000,0.743986
MTDtemp,15000,30,150,7.5500,0.866415
MTDtemp,15000,30,151,7.6000,0.838066
MTDtemp,15000,30,152,7.6500,0.792468
MTDtemp,15000,30,153,7.7000,0.786954
MTDtemp,15000,30,154,7.7500,0.804381
MTDtemp,15000,30,155,7.8000,0.894036
MTDtemp,15000,30,156,7.8500,0.944975
MTDtemp,15000,30,157,7.9000,1.027586
MTDtemp,15000,30,158,7.9500,1.109332
MTDtemp,15000,30,159,8.0000,1.196740
MTDtemp,15000,30,160,8.0500,1.244027
MTDtemp,15000,30,161,8.1000,1.400929
MTDtemp,15000,30,162,8.1500,1.513065
MTDtemp,15000,30,163,8.2000,1.594909
MTDtemp,15000,30,164,8.2500,1.665189
MTDtemp,15000,30,165,8.3000,1.729442
MTDtemp,15000,30,166,8.3500,1.988679
MTDtemp,15000,30,167,8.4000,2.113507
MTDtemp,15000,30,168,8.4500,1.957351
MTDtemp,15000,30,169,8.5000,1.760157
MTDtemp,15000,30,170,8.5500,1.552629
MTDtemp,15000,30,171,8.6000,1.382378
MTDtemp,15000,30,172,8.6500,1.195336
MTDtemp,15000,30,173,8.7000,1.018999
MTDtemp,15000,30,174,8.7500,0.860998
MTDtemp,15000,30,175,8.8000,0.726457
MTDtemp,15000,30,176,8.8500,0.583266
MTDtemp,15000,30,177,8.9000,0.426440
MTDtemp,15000,30,178,8.9500,0.346779
MTDtemp,15000,30,179,9.0000,0.392954
MTDtemp,15000,30,180,9.0500,0.447837
MTDtemp,15000,30,181,9.1000,0.529743
MTDtemp,15000,30,182,9.1500,0.520792
MTDtemp,15000,30,183,9.2000,0.462574
MTDtemp,15000,30,184,9.2500,0.413284
MTDtemp,15000,30,185,9.3000,0.339507
MTDtemp,15000,30,186,9.3500,0.329223
MTDtemp,15000,30,187,9.4000,0.392571
MTDtemp,15000,30,188,9.4500,0.228622
MTDtemp,15000,30,189,9.5000,0.199578
MTDtemp,15000,30,190,9.5500,0.258253
MTDtemp,15000,30,191,9.6000,0.461717
MTDtemp,15000,30,192,9.6500,0.574292
MTDtemp,15000,30,193,9.7000,0.709625
MTDtemp,15000,30,194,9.7500,0.633584
MTDtemp,15000,30,195,9.8000,0.498653
MTDtemp,15000,30,196,9.8500,0.369086
MTDtemp,15000,30,197,9.9000,0.335306
MTDtemp,15000,30,198,9.9500,0.261982
MTDtemp,15000,30,199,10.0000,0.261319
MTDtemp,15000,40,0,0.0500,14.227638
MTDtemp,15000,40,1,0.1000,13.302227
MTDtemp,15000,40,2,0.1500,12.231723
MTDtemp,15000,40,3,0.2000,11.581397
MTDtemp,15000,40,4,0.2500,11.087063
MTDtemp,15000,40,5,0.3000,10.714688
MTDtemp,15000,40,6,0.3500,10.131148
MTDtemp,15000,40,7,0.4000,9.676444
MTDtemp,15000,40,8,0.4500,9.366580
MTDtemp,15000,40,9,0.5000,8.868761
MTDtemp,15000,40,10,0.5500,8.659199
MTDtemp,15000,40,11,0.6000,7.985010
MTDtemp,15000,40,12,0.6500,7.856390
MTDtemp,15000,40,13,0.7000,7.414651
MTDtemp,15000,40,14,0.7500,7.311865
MTDtemp,15000,40,15,0.8000,7.157940
MTDtemp,15000,40,16,0.8500,6.999953
MTDtemp,15000,40,17,0.9000,6.579474
MTDtemp,15000,40,18,0.9500,6.381104
MTDtemp,15000,40,19,1.0000,6.181043
MTDtemp,15000,40,20,1.0500,5.874982
MTDtemp,15000,40,21,1.1000,5.488743
MTDtemp,15000,40,22,1.1500,5.223894
MTDtemp,15000,40,23,1.2000,5.070105
MTDtemp,15000,40,24,1.2500,5.098421
MTDtemp,15000,40,25,1.3000,4.762112
MTDtemp,15000,40,26,1.3500,4.517845
MTDtemp,15000,40,27,1.4000,4.473333
MTDtemp,15000,40,28,1.4500,4.052446
MTDtemp,15000,40,29,1.5000,3.713340
MTDtemp,15000,40,30,1.5500,3.554601
MTDtemp,15000,40,31,1.6000,3.593157
MTDtemp,15000,40,32,1.6500,3.521043
MTDtemp,15000,40,33,1.7000,3.464213
MTDtemp,15000,40,34,1.7500,3.340431
MTDtemp,15000,40,35,1.8000,2.942859
MTDtemp,15000,40,36,1.8500,2.593338
MTDtemp,15000,40,37,1.9000,2.563893
MTDtemp,15000,40,38,1.9500,2.591731
MTDtemp,15000,40,39,2.0000,2.453114
MTDtemp,15000,40,40,2.0500,2.091882
MTDtemp,15000,40,41,2.1000,1.919142
MTDtemp,15000,40,42,2.1500,1.723859
MTDtemp,15000,40,43,2.2000,1.682000
MTDtemp,15000,40,44,2.2500,1.560286
MTDtemp,15000,40,45,2.3000,1.457571
MTDtemp,15000,40,46,2.3500,1.402801
MTDtemp,15000,40,47,2.4000,1.367101
MTDtemp,15000,40,48,2.4500,1.357806
MTDtemp,15000,40,49,2.5000,1.305933
MTDtemp,15000,40,50,2.5500,1.191966
MTDtemp,15000,40,51,2.6000,1.145934
MTDtemp,15000,40,52,2.6500,1.202185
MTDtemp,15000,40,53,2.7000,1.377639
MTDtemp,15000,40,54,2.7500,1.274687
MTDtemp,15000,40,55,2.8000,1.190934
MTDtemp,15000,40,56,2.8500,1.397544
MTDtemp,15000,40,57,2.9000,1.451207
MTDtemp,15000,40,58,2.9500,1.319683
MTDtemp,15000,40,59,3.0000,1.316175
MTDtemp,15000,40,60,3.0500,1.366063
MTDtemp,15000,40,61,3.1000,1.393510
MTDtemp,15000,40,62,3.1500,1.141650
MTDtemp,15000,40,63,3.2000,0.892706
MTDtemp,15000,40,64,3.2500,0.686550
MTDtemp,15000,40,65,3.3000,0.665597
MTDtemp,15000,40,66,3.3500,0.850891
MTDtemp,15000,40,67,3.4000,1.023082
MTDtemp,15000,40,68,3.4500,1.073440
MTDtemp,15000,40,69,3.5000,1.113809
MTDtemp,15000,40,70,3.5500,0.854286
MTDtemp,15000,40,71,3.6000,0.737269
MTDtemp,15000,40,72,3.6500,0.637558
MTDtemp,15000,40,73,3.7000,0.603091
MTDtemp,15000,40,74,3.7500,0.594803
MTDtemp,15000,40,75,3.8000,0.714705
MTDtemp,15000,40,76,3.8500,0.796371
MTDtemp,15000,40,77,3.9000,0.548884
MTDtemp,15000,40,78,3.9500,0.432592
MTDtemp,15000,40,79,4.0000,0.842067
MTDtemp,15000,40,80,4.0500,0.840857
MTDtemp,15000,40,81,4.1000,0.764786
MTDtemp,15000,40,82,4.1500,0.719202
MTDtemp,15000,40,83,4.2000,0.740816
MTDtemp,15000,40,84,4.2500,0.902491
MTDtemp,15000,40,85,4.3000,0.930467
MTDtemp,15000,40,86,4.3500,1.166877
MTDtemp,15000,40,87,4.4000,1.424255
MTDtemp,15000,40,88,4.4500,1.209191
MTDtemp,15000,40,89,4.5000,1.109672
MTDtemp,15000,40,90,4.5500,1.393830
MTDtemp,15000,40,91,4.6000,1.502042
MTDtemp,15000,40,92,4.6500,1.749986
MTDtemp,15000,40,93,4.7000,2.001475
MTDtemp,15000,40,94,4.7500,2.074166
MTDtemp,15000,40,95,4.8000,1.998619
MTDtemp,15000,40,96,4.8500,1.928875
MTDtemp,15000,40,97,4.9000,1.938890
MTDtemp,15000,40,98,4.9500,1.986889
MTDtemp,15000,40,99,5.0000,2.289955
MTDtemp,15000,40,100,5.0500,2.366444
MTDtemp,15000,40,101,5.1000,2.234017
MTDtemp,15000,40,102,5.1500,1.950274
MTDtemp,15000,40,103,5.2000,1.684275
MTDtemp,15000,40,104,5.2500,1.441804
MTDtemp,15000,40,105,5.3000,1.211219
MTDtemp,15000,40,106,5.3500,0.994294
MTDtemp,15000,40,107,5.4000,0.783999
MTDtemp,15000,40,108,5.4500,0.595513
MTDtemp,15000,40,109,5.5000,0.437599
MTDtemp,15000,40,110,5.5500,0.556554
MTDtemp,15000,40,111,5.6000,0.591315
MTDtemp,15000,40,112,5.6500,0.652636
MTDtemp,15000,40,113,5.7000,0.763355
MTDtemp,15000,40,114,5.7500,0.796614
MTDtemp,15000,40,115,5.8000,0.850225
MTDtemp,15000,40,116,5.8500,0.995786
MTDtemp,15000,40,117,5.9000,1.184431
MTDtemp,15000,40,118,5.9500,1.525317
MTDtemp,15000,40,119,6.0000,1.849357
MTDtemp,15000,40,120,6.0500,1.938047
MTDtemp,15000,40,121,6.1000,1.839258
MTDtemp,15000,40,122,6.1500,1.690513
MTDtemp,15000,40,123,6.2000,1.494083
MTDtemp,15000,40,124,6.2500,1.287438
MTDtemp,15000,40,125,6.3000,1.051625
MTDtemp,15000,40,126,6.3500,0.865203
MTDtemp,15000,40,127,6.4000,0.677015
MTDtemp,15000,40,128,6.4500,0.573309
MTDtemp,15000,40,129,6.5000,0.468018
MTDtemp,15000,40,130,6.5500,0.356313
MTDtemp,15000,40,131,6.6000,0.331403
MTDtemp,15000,40,132,6.6500,0.346208
MTDtemp,15000,40,133,6.7000,0.461801
MTDtemp,15000,40,134,6.7500,0.606916
MTDtemp,15000,40,135,6.8000,0.777283
MTDtemp,15000,40,136,6.8500,0.945202
MTDtemp,15000,40,137,6.9000,1.108194
MTDtemp,15000,40,138,6.9500,1.290639
MTDtemp,15000,40,139,7.0000,1.460187
MTDtemp,15000,40,140,7.0500,1.617825
MTDtemp,15000,40,141,7.1000,1.651040
MTDtemp,15000,40,142,7.1500,1.458432
MTDtemp,15000,40,143,7.2000,1.430546
MTDtemp,15000,40,144,7.2500,1.338750
MTDtemp,15000,40,145,7.3000,1.227305
MTDtemp,15000,40,146,7.3500,1.054804
MTDtemp,15000,40,147,7.4000,1.051460
MTDtemp,15000,40,148,7.4500,0.961224
MTDtemp,15000,40,149,7.5000,0.813069
MTDtemp,15000,40,150,7.5500,0.778487
MTDtemp,15000,40,151,7.6000,0.540799
MTDtemp,15000,40,152,7.6500,0.511244
MTDtemp,15000,40,153,7.7000,0.441625
MTDtemp,15000,40,154,7.7500,0.408509
MTDtemp,15000,40,155,7.8000,0.369649
MTDtemp,15000,40,156,7.8500,0.402591
MTDtemp,15000,40,157,7.9000,0.263030
MTDtemp,15000,40,158,7.9500,0.255235
MTDtemp,15000,40,159,8.0000,0.326530
MTDtemp,15000,40,160,8.0500,0.448227
MTDtemp,15000,40,161,8.1000,0.647707
MTDtemp,15000,40,162,8.1500,0.736722
MTDtemp,15000,40,163,8.2000,0.782341
MTDtemp,15000,40,164,8.2500,0.701543
MTDtemp,15000,40,165,8.3000,0.576614
MTDtemp,15000,40,166,8.3500,0.570178
MTDtemp,15000,40,167,8.4000,0.463226
MTDtemp,15000,40,168,8.4500,0.492390
MTDtemp,15000,40,169,8.5000,0.314010
MTDtemp,15000,40,170,8.5500,0.341971
MTDtemp,15000,40,171,8.6000,0.404315
MTDtemp,15000,40,172,8.6500,0.445211
MTDtemp,15000,40,173,8.7000,0.652648
MTDtemp,15000,40,174,8.7500,0.933106
MTDtemp,15000,40,175,8.8000,0.939494
MTDtemp,15000,40,176,8.8500,0.843141
MTDtemp,15000,40,177,8.9000,0.678031
MTDtemp,15000,40,178,8.9500,0.604423
MTDtemp,15000,40,179,9.0000,0.828728
MTDtemp,15000,40,180,9.0500,0.841000
MTDtemp,15000,40,181,9.1000,0.783318
MTDtemp,15000,40,182,9.1500,0.814974
MTDtemp,15000,40,183,9.2000,0.883246
MTDtemp,15000,40,184,9.2500,0.885214
MTDtemp,15000,40,185,9.3000,0.961579
MTDtemp,15000,40,186,9.3500,0.955204
MTDtemp,15000,40,187,9.4000,1.103827
MTDtemp,15000,40,188,9.4500,1.262465
MTDtemp,15000,40,189,9.5000,1.266121
MTDtemp,15000,40,190,9.5500,1.337417
MTDtemp,15000,40,191,9.6000,1.379088
MTDtemp,15000,40,192,9.6500,1.306931
MTDtemp,15000,40,193,9.7000,1.138248
MTDtemp,15000,40,194,9.7500,1.009397
MTDtemp,15000,40,195,9.8000,0.802669
MTDtemp,15000,40,196,9.8500,0.629476
MTDtemp,15000,40,197,9.9000,0.483039
MTDtemp,15000,40,198,9.9500,0.410069
MTDtemp,15000,40,199,10.0000,0.371969
MTDtemp,15000,50,0,0.0500,14.118628
MTDtemp,15000,50,1,0.1000,12.847263
MTDtemp,15000,50,2,0.1500,12.132935
MTDtemp,15000,50,3,0.2000,11.530050
MTDtemp,15000,50,4,0.2500,11.449105
MTDtemp,15000,50,5,0.3000,10.977600
MTDtemp,15000,50,6,0.3500,10.442579
MTDtemp,15000,50,7,0.4000,9.608673
MTDtemp,15000,50,8,0.4500,9.189613
MTDtemp,15000,50,9,0.5000,8.884544
MTDtemp,15000,50,10,0.5500,8.687511
MTDtemp,15000,50,11,0.6000,8.223325
MTDtemp,15000,50,12,0.6500,7.912947
MTDtemp,15000,50,13,0.7000,7.428137
MTDtemp,15000,50,14,0.7500,7.154653
MTDtemp,15000,50,15,0.8000,7.108306
MTDtemp,15000,50,16,0.8500,6.881027
MTDtemp,15000,50,17,0.9000,6.706469
MTDtemp,15000,50,18,0.9500,6.292085
MTDtemp,15000,50,19,1.0000,6.252016
MTDtemp,15000,50,20,1.0500,5.655233
MTDtemp,15000,50,21,1.1000,5.311142
MTDtemp,15000,50,22,1.1500,5.170197
MTDtemp,15000,50,23,1.2000,5.171897
MTDtemp,15000,50,24,1.2500,4.928357
MTDtemp,15000,50,25,1.3000,4.561661
MTDtemp,15000,50,26,1.3500,4.405266
MTDtemp,15000,50,27,1.4000,4.397993
MTDtemp,15000,50,28,1.4500,4.339161
MTDtemp,15000,50,29,1.5000,4.368815
MTDtemp,15000,50,30,1.5500,3.834117
MTDtemp,15000,50,31,1.6000,3.729741
MTDtemp,15000,50,32,1.6500,3.798565
MTDtemp,15000,50,33,1.7000,3.889241
MTDtemp,15000,50,34,1.7500,3.625127
MTDtemp,15000,50,35,1.8000,3.344946
MTDtemp,15000,50,36,1.8500,2.898048
MTDtemp,15000,50,37,1.9000,2.795270
MTDtemp,15000,50,38,1.9500,2.582025
MTDtemp,15000,50,39,2.0000,2.491922
MTDtemp,15000,50,40,2.0500,2.167888
MTDtemp,15000,50,41,2.1000,2.099224
MTDtemp,15000,50,42,2.1500,2.037277
MTDtemp,15000,50,43,2.2000,1.737366
MTDtemp,15000,50,44,2.2500,1.576850
MTDtemp,15000,50,45,2.3000,1.539153
MTDtemp,15000,50,46,2.3500,1.412110
MTDtemp,15000,50,47,2.4000,1.374514
MTDtemp,15000,50,48,2.4500,1.336554
MTDtemp,15000,50,49,2.5000,1.306978
MTDtemp,15000,50,50,2.5500,1.275298
MTDtemp,15000,50,51,2.6000,1.250467
MTDtemp,15000,50,52,2.6500,1.208376
MTDtemp,15000,50,53,2.7000,1.221749
MTDtemp,15000,50,54,2.7500,1.296550
MTDtemp,15000,50,55,2.8000,1.421453
MTDtemp,15000,50,56,2.8500,1.522219
MTDtemp,15000,50,57,2.9000,1.585370
MTDtemp,15000,50,58,2.9500,1.476042
MTDtemp,15000,50,59,3.0000,1.516084
MTDtemp,15000,50,60,3.0500,1.881592
MTDtemp,15000,50,61,3.1000,2.026866
MTDtemp,15000,50,62,3.1500,1.882284
MTDtemp,15000,50,63,3.2000,1.548231
MTDtemp,15000,50,64,3.2500,1.274042
MTDtemp,15000,50,65,3.3000,1.027627
MTDtemp,15000,50,66,3.3500,0.845638
MTDtemp,15000,50,67,3.4000,0.756146
MTDtemp,15000,50,68,3.4500,0.662529
MTDtemp,15000,50,69,3.5000,0.668247
MTDtemp,15000,50,70,3.5500,0.574242
MTDtemp,15000,50,71,3.6000,0.480905
MTDtemp,15000,50,72,3.6500,0.641738
MTDtemp,15000,50,73,3.7000,0.758274
MTDtemp,15000,50,74,3.7500,1.065939
MTDtemp,15000,50,75,3.8000,1.023849
MTDtemp,15000,50,76,3.8500,0.881822
MTDtemp,15000,50,77,3.9000,0.794957
MTDtemp,15000,50,78,3.9500,0.801504
MTDtemp,15000,50,79,4.0000,0.946871
MTDtemp,15000,50,80,4.0500,1.125798
MTDtemp,15000,50,81,4.1000,1.281182
MTDtemp,15000,50,82,4.1500,1.406662
MTDtemp,15000,50,83,4.2000,1.481785
MTDtemp,15000,50,84,4.2500,1.461213
MTDtemp,15000,50,85,4.3000,1.203590
MTDtemp,15000,50,86,4.3500,0.946980
MTDtemp,15000,50,87,4.4000,0.696866
MTDtemp,15000,50,88,4.4500,0.530522
MTDtemp,15000,50,89,4.5000,0.407225
MTDtemp,15000,50,90,4.5500,0.551570
MTDtemp,15000,50,91,4.6000,0.543937
MTDtemp,15000,50,92,4.6500,0.634270
MTDtemp,15000,50,93,4.7000,0.394154
MTDtemp,15000,50,94,4.7500,0.385944
MTDtemp,15000,50,95,4.8000,0.354020
MTDtemp,15000,50,96,4.8500,0.441894
MTDtemp,15000,50,97,4.9000,0.613107
MTDtemp,15000,50,98,4.9500,0.536847
MTDtemp,15000,50,99,5.0000,0.533836
MTDtemp,15000,50,100,5.0500,0.516621
MTDtemp,15000,50,101,5.1000,0.657364
MTDtemp,15000,50,102,5.1500,0.778283
MTDtemp,15000,50,103,5.2000,0.833742
MTDtemp,15000,50,104,5.2500,0.858158
MTDtemp,15000,50,105,5.3000,0.921841
MTDtemp,15000,50,106,5.3500,0.990715
MTDtemp,15000,50,107,5.4000,1.156781
MTDtemp,15000,50,108,5.4500,1.306748
MTDtemp,15000,50,109,5.5000,1.318248
MTDtemp,15000,50,110,5.5500,1.392125
MTDtemp,15000,50,111,5.6000,1.721852
MTDtemp,15000,50,112,5.6500,1.725841
MTDtemp,15000,50,113,5.7000,1.647923
MTDtemp,15000,50,114,5.7500,1.715678
MTDtemp,15000,50,115,5.8000,1.692271
MTDtemp,15000,50,116,5.8500,1.447351
MTDtemp,15000,50,117,5.9000,1.188042
MTDtemp,15000,50,118,5.9500,0.960161
MTDtemp,15000,50,119,6.0000,0.790473
MTDtemp,15000,50,120,6.0500,0.622399
MTDtemp,15000,50,121,6.1000,0.456733
MTDtemp,15000,50,122,6.1500,0.400493
MTDtemp,15000,50,123,6.2000,0.539808
MTDtemp,15000,50,124,6.2500,0.625232
MTDtemp,15000,50,125,6.3000,0.692422
MTDtemp,15000,50,126,6.3500,0.893215
MTDtemp,15000,50,127,6.4000,1.032321
MTDtemp,15000,50,128,6.4500,0.867601
MTDtemp,15000,50,129,6.5000,0.681445
MTDtemp,15000,50,130,6.5500,0.538895
MTDtemp,15000,50,131,6.6000,0.431188
MTDtemp,15000,50,132,6.6500,0.383821
MTDtemp,15000,50,133,6.7000,0.378049
MTDtemp,15000,50,134,6.7500,0.402440
MTDtemp,15000,50,135,6.8000,0.483426
MTDtemp,15000,50,136,6.8500,0.620915
MTDtemp,15000,50,137,6.9000,0.767965
MTDtemp,15000,50,138,6.9500,0.918507
MTDtemp,15000,50,139,7.0000,0.995612
MTDtemp,15000,50,140,7.0500,1.013929
MTDtemp,15000,50,141,7.1000,1.111415
MTDtemp,15000,50,142,7.1500,1.201704
MTDtemp,15000,50,143,7.2000,1.358534
MTDtemp,15000,50,144,7.2500,1.520859
MTDtemp,15000,50,145,7.3000,1.685286
MTDtemp,15000,50,146,7.3500,1.844189
MTDtemp,15000,50,147,7.4000,2.019737
MTDtemp,15000,50,148,7.4500,2.185953
MTDtemp,15000,50,149,7.5000,2.361014
MTDtemp,15000,50,150,7.5500,2.503451
MTDtemp,15000,50,151,7.6000,2.528467
MTDtemp,15000,50,152,7.6500,2.383836
MTDtemp,15000,50,153,7.7000,2.182409
MTDtemp,15000,50,154,7.7500,2.141470
MTDtemp,15000,50,155,7.8000,1.768341
MTDtemp,15000,50,156,7.8500,1.738512
MTDtemp,15000,50,157,7.9000,1.540982
MTDtemp,15000,50,158,7.9500,1.374878
MTDtemp,15000,50,159,8.0000,1.230122
MTDtemp,15000,50,160,8.0500,1.041963
MTDtemp,15000,50,161,8.1000,0.998729
MTDtemp,15000,50,162,8.1500,1.038964
MTDtemp,15000,50,163,8.2000,0.978061
MTDtemp,15000,50,164,8.2500,0.878906
MTDtemp,15000,50,165,8.3000,0.643248
MTDtemp,15000,50,166,8.3500,0.474451
MTDtemp,15000,50,167,8.4000,0.447743
MTDtemp,15000,50,168,8.4500,0.448879
MTDtemp,15000,50,169,8.5000,0.593295
MTDtemp,15000,50,170,8.5500,0.500182
MTDtemp,15000,50,171,8.6000,0.406825
MTDtemp,15000,50,172,8.6500,0.387340
MTDtemp,15000,50,173,8.7000,0.461288
MTDtemp,15000,50,174,8.7500,0.543802
MTDtemp,15000,50,175,8.8000,0.693162
MTDtemp,15000,50,176,8.8500,0.873056
MTDtemp,15000,50,177,8.9000,0.983151
MTDtemp,15000,50,178,8.9500,1.111519
MTDtemp,15000,50,179,9.0000,1.263354
MTDtemp,15000,50,180,9.0500,1.409448
MTDtemp,15000,50,181,9.1000,1.523013
MTDtemp,15000,50,182,9.1500,1.600927
MTDtemp,15000,50,183,9.2000,1.735302
MTDtemp,15000,50,184,9.2500,1.694362
MTDtemp,15000,50,185,9.3000,1.638744
MTDtemp,15000,50,186,9.3500,1.536129
MTDtemp,15000,50,187,9.4000,1.519400
MTDtemp,15000,50,188,9.4500,1.342916
MTDtemp,15000,50,189,9.5000,1.269452
MTDtemp,15000,50,190,9.5500,1.116961
MTDtemp,15000,50,191,9.6000,1.083170
MTDtemp,15000,50,192,9.6500,1.113556
MTDtemp,15000,50,193,9.7000,0.957807
MTDtemp,15000,50,194,9.7500,0.847578
MTDtemp,15000,50,195,9.8000,0.857447
MTDtemp,15000,50,196,9.8500,0.755130
MTDtemp,15000,50,197,9.9000,0.511722
MTDtemp,15000,50,198,9.9500,0.405685
MTDtemp,15000,50,199,10.0000,0.413507
MTDtemp,2000,10,0,0.0500,13.915648
MTDtemp,2000,10,1,0.1000,13.150250
MTDtemp,2000,10,2,0.1500,12.505799
MTDtemp,2000,10,3,0.2000,12.017114
MTDtemp,2000,10,4,0.2500,11.608604
MTDtemp,2000,10,5,0.3000,11.185199
MTDtemp,2000,10,6,0.3500,11.060422
MTDtemp,2000,10,7,0.4000,10.701268
MTDtemp,2000,10,8,0.4500,10.416633
MTDtemp,2000,10,9,0.5000,10.236749
MTDtemp,2000,10,10,0.5500,10.067890
MTDtemp,2000,10,11,0.6000,9.939225
MTDtemp,2000,10,12,0.6500,9.643258
MTDtemp,2000,10,13,0.7000,9.297531
MTDtemp,2000,10,14,0.7500,9.130876
MTDtemp,2000,10,15,0.8000,9.131503
MTDtemp,2000,10,16,0.8500,8.905732
MTDtemp,2000,10,17,0.9000,8.843626
MTDtemp,2000,10,18,0.9500,8.716742
MTDtemp,2000,10,19,1.0000,8.604856
MTDtemp,2000,10,20,1.0500,8.423458
MTDtemp,2000,10,21,1.1000,8.336727
MTDtemp,2000,10,22,1.1500,8.240339
MTDtemp,2000,10,23,1.2000,8.162868
MTDtemp,2000,10,24,1.2500,8.036317
MTDtemp,2000,10,25,1.3000,7.862148
MTDtemp,2000,10,26,1.3500,7.769967
MTDtemp,2000,10,27,1.4000,7.709003
MTDtemp,2000,10,28,1.4500,7.549652
MTDtemp,2000,10,29,1.5000,7.413492
MTDtemp,2000,10,30,1.5500,7.313142
MTDtemp,2000,10,31,1.6000,7.244972
MTDtemp,2000,10,32,1.6500,7.155025
MTDtemp,2000,10,33,1.7000,7.043015
MTDtemp,2000,10,34,1.7500,6.990633
MTDtemp,2000,10,35,1.8000,6.917245
MTDtemp,2000,10,36,1.8500,6.836883
MTDtemp,2000,10,37,1.9000,6.777617
MTDtemp,2000,10,38,1.9500,6.760954
MTDtemp,2000,10,39,2.0000,6.701010
MTDtemp,2000,10,40,2.0500,6.673285
MTDtemp,2000,10,41,2.1000,6.611552
MTDtemp,2000,10,42,2.1500,6.565626
MTDtemp,2000,10,43,2.2000,6.476318
MTDtemp,2000,10,44,2.2500,6.398943
MTDtemp,2000,10,45,2.3000,6.333555
MTDtemp,2000,10,46,2.3500,6.298841
MTDtemp,2000,10,47,2.4000,6.236195
MTDtemp,2000,10,48,2.4500,6.169303
MTDtemp,2000,10,49,2.5000,6.095976
MTDtemp,2000,10,50,2.5500,6.054315
MTDtemp,2000,10,51,2.6000,6.023587
MTDtemp,2000,10,52,2.6500,6.016012
MTDtemp,2000,10,53,2.7000,5.964088
MTDtemp,2000,10,54,2.7500,5.890675
MTDtemp,2000,10,55,2.8000,5.843142
MTDtemp,2000,10,56,2.8500,5.793934
MTDtemp,2000,10,57,2.9000,5.739236
MTDtemp,2000,10,58,2.9500,5.712090
MTDtemp,2000,10,59,3.0000,5.686233
MTDtemp,2000,10,60,3.0500,5.643458
MTDtemp,2000,10,61,3.1000,5.555237
MTDtemp,2000,10,62,3.1500,5.481453
MTDtemp,2000,10,63,3.2000,5.437159
MTDtemp,2000,10,64,3.2500,5.413782
MTDtemp,2000,10,65,3.3000,5.360754
MTDtemp,2000,10,66,3.3500,5.324425
MTDtemp,2000,10,67,3.4000,5.307272
MTDtemp,2000,10,68,3.4500,5.278087
MTDtemp,2000,10,69,3.5000,5.243401
MTDtemp,2000,10,70,3.5500,5.181456
MTDtemp,2000,10,71,3.6000,5.156221
MTDtemp,2000,10,72,3.6500,5.086429
MTDtemp,2000,10,73,3.7000,5.035822
MTDtemp,2000,10,74,3.7500,5.008118
MTDtemp,2000,10,75,3.8000,4.977641
MTDtemp,2000,10,76,3.8500,4.914768
MTDtemp,2000,10,77,3.9000,4.884463
MTDtemp,2000,10,78,3.9500,4.843466
MTDtemp,2000,10,79,4.0000,4.829236
MTDtemp,2000,10,80,4.0500,4.787530
MTDtemp,2000,10,81,4.1000,4.752887
MTDtemp,2000,10,82,4.1500,4.706804
MTDtemp,2000,10,83,4.2000,4.674200
MTDtemp,2000,10,84,4.2500,4.676605
MTDtemp,2000,10,85,4.3000,4.662063
MTDtemp,2000,10,86,4.3500,4.614906
MTDtemp,2000,10,87,4.4000,4.571425
MTDtemp,2000,10,88,4.4500,4.548550
MTDtemp,2000,10,89,4.5000,4.541451
MTDtemp,2000,10,90,4.5500,4.500844
MTDtemp,2000,10,91,4.6000,4.482617
MTDtemp,2000,10,92,4.6500,4.449159
MTDtemp,2000,10,93,4.7000,4.392355
MTDtemp,2000,10,94,4.7500,4.352887
MTDtemp,2000,10,95,4.8000,4.327144
MTDtemp,2000,10,96,4.8500,4.301046
MTDtemp,2000,10,97,4.9000,4.280543
MTDtemp,2000,10,98,4.9500,4.260725
MTDtemp,2000,10,99,5.0000,4.251610
MTDtemp,2000,10,100,5.0500,4.221892
MTDtemp,2000,10,101,5.1000,4.192745
MTDtemp,2000,10,102,5.1500,4.160246
MTDtemp,2000,10,103,5.2000,4.115242
MTDtemp,2000,10,104,5.2500,4.082237
MTDtemp,2000,10,105,5.3000,4.070695
MTDtemp,2000,10,106,5.3500,4.022971
MTDtemp,2000,10,107,5.4000,3.987379
MTDtemp,2000,10,108,5.4500,3.956096
MTDtemp,2000,10,109,5.5000,3.940431
MTDtemp,2000,10,110,5.5500,3.909928
MTDtemp,2000,10,111,5.6000,3.893048
MTDtemp,2000,10,112,5.6500,3.869334
MTDtemp,2000,10,113,5.7000,3.867895
MTDtemp,2000,10,114,5.7500,3.852512
MTDtemp,2000,10,115,5.8000,3.839819
MTDtemp,2000,10,116,5.8500,3.815092
MTDtemp,2000,10,117,5.9000,3.790557
MTDtemp,2000,10,118,5.9500,3.759150
MTDtemp,2000,10,119,6.0000,3.741316
MTDtemp,2000,10,120,6.0500,3.707513
MTDtemp,2000,10,121,6.1000,3.684974
MTDtemp,2000,10,122,6.1500,3.649655
MTDtemp,2000,10,123,6.2000,3.633258
MTDtemp,2000,10,124,6.2500,3.628553
MTDtemp,2000,10,125,6.3000,3.588227
MTDtemp,2000,10,126,6.3500,3.556960
MTDtemp,2000,10,127,6.4000,3.545885
MTDtemp,2000,10,128,6.4500,3.524906
MTDtemp,2000,10,129,6.5000,3.481534
MTDtemp,2000,10,130,6.5500,3.450326
MTDtemp,2000,10,131,6.6000,3.425139
MTDtemp,2000,10,132,6.6500,3.399807
MTDtemp,2000,10,133,6.7000,3.391612
MTDtemp,2000,10,134,6.7500,3.377959
MTDtemp,2000,10,135,6.8000,3.354119
MTDtemp,2000,10,136,6.8500,3.341165
MTDtemp,2000,10,137,6.9000,3.334679
MTDtemp,2000,10,138,6.9500,3.338715
MTDtemp,2000,10,139,7.0000,3.317228
MTDtemp,2000,10,140,7.0500,3.286110
MTDtemp,2000,10,141,7.1000,3.267028
MTDtemp,2000,10,142,7.1500,3.248171
MTDtemp,2000,10,143,7.2000,3.223135
MTDtemp,2000,10,144,7.2500,3.209948
MTDtemp,2000,10,145,7.3000,3.194229
MTDtemp,2000,10,146,7.3500,3.180674
MTDtemp,2000,10,147,7.4000,3.174028
MTDtemp,2000,10,148,7.4500,3.157356
MTDtemp,2000,10,149,7.5000,3.159268
MTDtemp,2000,10,150,7.5500,3.132033
MTDtemp,2000,10,151,7.6000,3.118582
MTDtemp,2000,10,152,7.6500,3.114773
MTDtemp,2000,10,153,7.7000,3.080460
MTDtemp,2000,10,154,7.7500,3.057988
MTDtemp,2000,10,155,7.8000,3.022403
MTDtemp,2000,10,156,7.8500,3.006692
MTDtemp,2000,10,157,7.9000,2.983062
MTDtemp,2000,10,158,7.9500,2.958947
MTDtemp,2000,10,159,8.0000,2.937155
MTDtemp,2000,10,160,8.0500,2.914851
MTDtemp,2000,10,161,8.1000,2.893174
MTDtemp,2000,10,162,8.1500,2.883631
MTDtemp,2000,10,163,8.2000,2.860338
MTDtemp,2000,10,164,8.2500,2.846366
MTDtemp,2000,10,165,8.3000,2.827876
MTDtemp,2000,10,166,8.3500,2.808381
MTDtemp,2000,10,167,8.4000,2.794092
MTDtemp,2000,10,168,8.4500,2.783727
MTDtemp,2000,10,169,8.5000,2.758193
MTDtemp,2000,10,170,8.5500,2.746403
MTDtemp,2000,10,171,8.6000,2.727355
MTDtemp,2000,10,172,8.6500,2.710397
MTDtemp,2000,10,173,8.7000,2.704608
MTDtemp,2000,10,174,8.7500,2.684572
MTDtemp,2000,10,175,8.8000,2.666756
MTDtemp,2000,10,176,8.8500,2.664958
MTDtemp,2000,10,177,8.9000,2.658315
MTDtemp,2000,10,178,8.9500,2.638961
MTDtemp,2000,10,179,9.0000,2.618966
MTDtemp,2000,10,180,9.0500,2.613645
MTDtemp,2000,10,181,9.1000,2.600788
MTDtemp,2000,10,182,9.1500,2.588465
MTDtemp,2000,10,183,9.2000,2.583179
MTDtemp,2000,10,184,9.2500,2.582573
MTDtemp,2000,10,185,9.3000,2.552036
MTDtemp,2000,10,186,9.3500,2.540231
MTDtemp,2000,10,187,9.4000,2.534688
MTDtemp,2000,10,188,9.4500,2.539504
MTDtemp,2000,10,189,9.5000,2.542600
MTDtemp,2000,10,190,9.5500,2.533173
MTDtemp,2000,10,191,9.6000,2.511255
MTDtemp,2000,10,192,9.6500,2.494144
MTDtemp,2000,10,193,9.7000,2.474428
MTDtemp,2000,10,194,9.7500,2.455697
MTDtemp,2000,10,195,9.8000,2.435706
MTDtemp,2000,10,196,9.8500,2.413475
MTDtemp,2000,10,197,9.9000,2.406915
MTDtemp,2000,10,198,9.9500,2.393364
MTDtemp,2000,10,199,10.0000,2.383345
MTDtemp,2000,20,0,0.0500,13.791044
MTDtemp,2000,20,1,0.1000,12.998193
MTDtemp,2000,20,2,0.1500,12.448971
MTDtemp,2000,20,3,0.2000,12.040167
MTDtemp,2000,20,4,0.2500,11.672245
MTDtemp,2000,20,5,0.3000,11.268139
MTDtemp,2000,20,6,0.3500,10.955507
MTDtemp,2000,20,7,0.4000,10.894169
MTDtemp,2000,20,8,0.4500,10.687296
MTDtemp,2000,20,9,0.5000,10.443865
MTDtemp,2000,20,10,0.5500,10.204163
MTDtemp,2000,20,11,0.6000,9.961926
MTDtemp,2000,20,12,0.6500,9.739585
MTDtemp,2000,20,13,0.7000,9.571785
MTDtemp,2000,20,14,0.7500,9.372607
MTDtemp,2000,20,15,0.8000,9.295364
MTDtemp,2000,20,16,0.8500,9.132386
MTDtemp,2000,20,17,0.9000,8.934707
MTDtemp,2000,20,18,0.9500,8.747072
MTDtemp,2000,20,19,1.0000,8.598437
MTDtemp,2000,20,20,1.0500,8.513718
MTDtemp,2000,20,21,1.1000,8.340902
MTDtemp,2000,20,22,1.1500,8.224577
MTDtemp,2000,20,23,1.2000,8.156568
MTDtemp,2000,20,24,1.2500,7.983793
MTDtemp,2000,20,25,1.3000,7.906559
MTDtemp,2000,20,26,1.3500,7.774011
MTDtemp,2000,20,27,1.4000,7.707946
MTDtemp,2000,20,28,1.4500,7.591658
MTDtemp,2000,20,29,1.5000,7.510221
MTDtemp,2000,20,30,1.5500,7.420796
MTDtemp,2000,20,31,1.6000,7.310284
MTDtemp,2000,20,32,1.6500,7.183677
MTDtemp,2000,20,33,1.7000,7.134504
MTDtemp,2000,20,34,1.7500,7.108671
MTDtemp,2000,20,35,1.8000,7.023371
MTDtemp,2000,20,36,1.8500,6.922002
MTDtemp,2000,20,37,1.9000,6.860511
MTDtemp,2000,20,38,1.9500,6.792262
MTDtemp,2000,20,39,2.0000,6.720097
MTDtemp,2000,20,40,2.0500,6.654739
MTDtemp,2000,20,41,2.1000,6.594918
MTDtemp,2000,20,42,2.1500,6.520711
MTDtemp,2000,20,43,2.2000,6.450038
MTDtemp,2000,20,44,2.2500,6.362235
MTDtemp,2000,20,45,2.3000,6.324269
MTDtemp,2000,20,46,2.3500,6.267578
MTDtemp,2000,20,47,2.4000,6.239463
MTDtemp,2000,20,48,2.4500,6.140870
MTDtemp,2000,20,49,2.5000,6.097232
MTDtemp,2000,20,50,2.5500,6.020239
MTDtemp,2000,20,51,2.6000,5.982151
MTDtemp,2000,20,52,2.6500,5.953986
MTDtemp,2000,20,53,2.7000,5.906057
MTDtemp,2000,20,54,2.7500,5.876948
MTDtemp,2000,20,55,2.8000,5.838750
MTDtemp,2000,20,56,2.8500,5.770101
MTDtemp,2000,20,57,2.9000,5.734399
MTDtemp,2000,20,58,2.9500,5.700124
MTDtemp,2000,20,59,3.0000,5.658317
MTDtemp,2000,20,60,3.0500,5.589778
MTDtemp,2000,20,61,3.1000,5.560186
MTDtemp,2000,20,62,3.1500,5.510542
MTDtemp,2000,20,63,3.2000,5.474865
MTDtemp,2000,20,64,3.2500,5.417880
MTDtemp,2000,20,65,3.3000,5.383994
MTDtemp,2000,20,66,3.3500,5.341321
MTDtemp,2000,20,67,3.4000,5.284323
MTDtemp,2000,20,68,3.4500,5.240216
MTDtemp,2000,20,69,3.5000,5.187848
MTDtemp,2000,20,70,3.5500,5.151153
MTDtemp,2000,20,71,3.6000,5.115088
MTDtemp,2000,20,72,3.6500,5.089604
MTDtemp,2000,20,73,3.7000,5.071555
MTDtemp,2000,20,74,3.7500,5.046410
MTDtemp,2000,20,75,3.8000,5.009891
MTDtemp,2000,20,76,3.8500,4.949654
MTDtemp,2000,20,77,3.9000,4.896146
MTDtemp,2000,20,78,3.9500,4.847417
MTDtemp,2000,20,79,4.0000,4.831868
MTDtemp,2000,20,80,4.0500,4.775752
MTDtemp,2000,20,81,4.1000,4.746893
MTDtemp,2000,20,82,4.1500,4.718431
MTDtemp,2000,20,83,4.2000,4.670795
MTDtemp,2000,20,84,4.2500,4.657222
MTDtemp,2000,20,85,4.3000,4.641691
MTDtemp,2000,20,86,4.3500,4.580586
MTDtemp,2000,20,87,4.4000,4.552064
MTDtemp,2000,20,88,4.4500,4.515022
MTDtemp,2000,20,89,4.5000,4.499582
MTDtemp,2000,20,90,4.5500,4.462146
MTDtemp,2000,20,91,4.6000,4.422962
MTDtemp,2000,20,92,4.6500,4.411686
MTDtemp,2000,20,93,4.7000,4.388914
MTDtemp,2000,20,94,4.7500,4.359351
MTDtemp,2000,20,95,4.8000,4.312414
MTDtemp,2000,20,96,4.8500,4.289119
MTDtemp,2000,20,97,4.9000,4.267348
MTDtemp,2000,20,98,4.9500,4.260886
MTDtemp,2000,20,99,5.0000,4.230450
MTDtemp,2000,20,100,5.0500,4.208279
MTDtemp,2000,20,101,5.1000,4.177290
MTDtemp,2000,20,102,5.1500,4.144296
MTDtemp,2000,20,103,5.2000,4.124743
MTDtemp,2000,20,104,5.2500,4.082876
MTDtemp,2000,20,105,5.3000,4.040865
MTDtemp,2000,20,106,5.3500,4.024181
MTDtemp,2000,20,107,5.4000,3.981736
MTDtemp,2000,20,108,5.4500,3.962479
MTDtemp,2000,20,109,5.5000,3.935455
MTDtemp,2000,20,110,5.5500,3.909041
MTDtemp,2000,20,111,5.6000,3.889771
MTDtemp,2000,20,112,5.6500,3.870051
MTDtemp,2000,20,113,5.7000,3.865758
MTDtemp,2000,20,114,5.7500,3.842104
MTDtemp,2000,20,115,5.8000,3.808209
MTDtemp,2000,20,116,5.8500,3.798708
MTDtemp,2000,20,117,5.9000,3.758799
MTDtemp,2000,20,118,5.9500,3.721480
MTDtemp,2000,20,119,6.0000,3.686336
MTDtemp,2000,20,120,6.0500,3.649618
MTDtemp,2000,20,121,6.1000,3.629317
MTDtemp,2000,20,122,6.1500,3.610704
MTDtemp,2000,20,123,6.2000,3.575167
MTDtemp,2000,20,124,6.2500,3.545532
MTDtemp,2000,20,125,6.3000,3.518889
MTDtemp,2000,20,126,6.3500,3.511130
MTDtemp,2000,20,127,6.4000,3.494675
MTDtemp,2000,20,128,6.4500,3.470361
MTDtemp,2000,20,129,6.5000,3.450220
MTDtemp,2000,20,130,6.5500,3.443298
MTDtemp,2000,20,131,6.6000,3.437548
MTDtemp,2000,20,132,6.6500,3.430577
MTDtemp,2000,20,133,6.7000,3.407580
MTDtemp,2000,20,134,6.7500,3.393636
MTDtemp,2000,20,135,6.8000,3.369400
MTDtemp,2000,20,136,6.8500,3.341568
MTDtemp,2000,20,137,6.9000,3.327498
MTDtemp,2000,20,138,6.9500,3.302566
MTDtemp,2000,20,139,7.0000,3.291317
MTDtemp,2000,20,140,7.0500,3.280348
MTDtemp,2000,20,141,7.1000,3.256870
MTDtemp,2000,20,142,7.1500,3.244593
MTDtemp,2000,20,143,7.2000,3.227249
MTDtemp,2000,20,144,7.2500,3.200022
MTDtemp,2000,20,145,7.3000,3.171778
MTDtemp,2000,20,146,7.3500,3.163553
MTDtemp,2000,20,147,7.4000,3.136739
MTDtemp,2000,20,148,7.4500,3.135955
MTDtemp,2000,20,149,7.5000,3.120142
MTDtemp,2000,20,150,7.5500,3.092020
MTDtemp,2000,20,151,7.6000,3.076213
MTDtemp,2000,20,152,7.6500,3.065583
MTDtemp,2000,20,153,7.7000,3.027912
MTDtemp,2000,20,154,7.7500,3.017060
MTDtemp,2000,20,155,7.8000,2.989628
MTDtemp,2000,20,156,7.8500,2.978301
MTDtemp,2000,20,157,7.9000,2.971740
MTDtemp,2000,20,158,7.9500,2.951824
MTDtemp,2000,20,159,8.0000,2.942953
MTDtemp,2000,20,160,8.0500,2.920002
MTDtemp,2000,20,161,8.1000,2.897495
MTDtemp,2000,20,162,8.1500,2.884934
MTDtemp,2000,20,163,8.2000,2.877551
MTDtemp,2000,20,164,8.2500,2.867846
MTDtemp,2000,20,165,8.3000,2.853340
MTDtemp,2000,20,166,8.3500,2.836458
MTDtemp,2000,20,167,8.4000,2.814778
MTDtemp,2000,20,168,8.4500,2.795954
MTDtemp,2000,20,169,8.5000,2.777924
MTDtemp,2000,20,170,8.5500,2.744084
MTDtemp,2000,20,171,8.6000,2.722632
MTDtemp,2000,20,172,8.6500,2.706089
MTDtemp,2000,20,173,8.7000,2.693634
MTDtemp,2000,20,174,8.7500,2.680372
MTDtemp,2000,20,175,8.8000,2.669530
MTDtemp,2000,20,176,8.8500,2.646651
MTDtemp,2000,20,177,8.9000,2.628865
MTDtemp,2000,20,178,8.9500,2.615691
MTDtemp,2000,20,179,9.0000,2.605514
MTDtemp,2000,20,180,9.0500,2.589810
MTDtemp,2000,20,181,9.1000,2.569006
MTDtemp,2000,20,182,9.1500,2.554369
MTDtemp,2000,20,183,9.2000,2.539376
MTDtemp,2000,20,184,9.2500,2.521610
MTDtemp,2000,20,185,9.3000,2.517234
MTDtemp,2000,20,186,9.3500,2.513087
MTDtemp,2000,20,187,9.4000,2.502275
MTDtemp,2000,20,188,9.4500,2.485774
MTDtemp,2000,20,189,9.5000,2.480426
MTDtemp,2000,20,190,9.5500,2.470923
MTDtemp,2000,20,191,9.6000,2.459655
MTDtemp,2000,20,192,9.6500,2.448661
MTDtemp,2000,20,193,9.7000,2.433798
MTDtemp,2000,20,194,9.7500,2.424243
MTDtemp,2000,20,195,9.8000,2.418687
MTDtemp,2000,20,196,9.8500,2.388577
MTDtemp,2000,20,197,9.9000,2.376368
MTDtemp,2000,20,198,9.9500,2.362251
MTDtemp,2000,20,199,10.0000,2.349385
MTDtemp,2000,30,0,0.0500,13.853168
MTDtemp,2000,30,1,0.1000,13.340990
MTDtemp,2000,30,2,0.1500,12.543919
MTDtemp,2000,30,3,0.2000,12.005363
MTDtemp,2000,30,4,0.2500,11.744904
MTDtemp,2000,30,5,0.3000,11.253726
MTDtemp,2000,30,6,0.3500,11.159142
MTDtemp,2000,30,7,0.4000,10.879872
MTDtemp,2000,30,8,0.4500,10.660087
MTDtemp,2000,30,9,0.5000,10.432635
MTDtemp,2000,30,10,0.5500,10.104401
MTDtemp,2000,30,11,0.6000,9.945582
MTDtemp,2000,30,12,0.6500,9.802520
MTDtemp,2000,30,13,0.7000,9.727737
MTDtemp,2000,30,14,0.7500,9.474014
MTDtemp,2000,30,15,0.8000,9.299386
MTDtemp,2000,30,16,0.8500,9.172256
MTDtemp,2000,30,17,0.9000,8.981472
MTDtemp,2000,30,18,0.9500,8.833366
MTDtemp,2000,30,19,1.0000,8.650074
MTDtemp,2000,30,20,1.0500,8.529405
MTDtemp,2000,30,21,1.1000,8.436750
MTDtemp,2000,30,22,1.1500,8.377667
MTDtemp,2000,30,23,1.2000,8.249060
MTDtemp,2000,30,24,1.2500,8.100047
MTDtemp,2000,30,25,1.3000,7.940582
MTDtemp,2000,30,26,1.3500,7.922205
MTDtemp,2000,30,27,1.4000,7.820915
MTDtemp,2000,30,28,1.4500,7.720684
MTDtemp,2000,30,29,1.5000,7.602697
MTDtemp,2000,30,30,1.5500,7.497030
MTDtemp,2000,30,31,1.6000,7.387394
MTDtemp,2000,30,32,1.6500,7.318299
MTDtemp,2000,30,33,1.7000,7.200522
MTDtemp,2000,30,34,1.7500,7.084813
MTDtemp,2000,30,35,1.8000,6.966214
MTDtemp,2000,30,36,1.8500,6.903697
MTDtemp,2000,30,37,1.9000,6.810150
MTDtemp,2000,30,38,1.9500,6.733783
MTDtemp,2000,30,39,2.0000,6.688254
MTDtemp,2000,30,40,2.0500,6.660346
MTDtemp,2000,30,41,2.1000,6.602150
MTDtemp,2000,30,42,2.1500,6.524431
MTDtemp,2000,30,43,2.2000,6.450148
MTDtemp,2000,30,44,2.2500,6.365906
MTDtemp,2000,30,45,2.3000,6.260286
MTDtemp,2000,30,46,2.3500,6.227396
MTDtemp,2000,30,47,2.4000,6.137265
MTDtemp,2000,30,48,2.4500,6.074067
MTDtemp,2000,30,49,2.5000,6.069431
MTDtemp,2000,30,50,2.5500,6.026216
MTDtemp,2000,30,51,2.6000,5.949084
MTDtemp,2000,30,52,2.6500,5.895594
MTDtemp,2000,30,53,2.7000,5.813575
MTDtemp,2000,30,54,2.7500,5.751167
MTDtemp,2000,30,55,2.8000,5.719476
MTDtemp,2000,30,56,2.8500,5.719315
MTDtemp,2000,30,57,2.9000,5.673183
MTDtemp,2000,30,58,2.9500,5.660147
MTDtemp,2000,30,59,3.0000,5.591577
MTDtemp,2000,30,60,3.0500,5.575952
MTDtemp,2000,30,61,3.1000,5.550551
MTDtemp,2000,30,62,3.1500,5.534948
MTDtemp,2000,30,63,3.2000,5.513765
MTDtemp,2000,30,64,3.2500,5.446046
MTDtemp,2000,30,65,3.3000,5.374741
MTDtemp,2000,30,66,3.3500,5.309235
MTDtemp,2000,30,67,3.4000,5.270931
MTDtemp,2000,30,68,3.4500,5.227514
MTDtemp,2000,30,69,3.5000,5.188922
MTDtemp,2000,30,70,3.5500,5.149079
MTDtemp,2000,30,71,3.6000,5.106477
MTDtemp,2000,30,72,3.6500,5.048514
MTDtemp,2000,30,73,3.7000,5.008777
MTDtemp,2000,30,74,3.7500,4.973266
MTDtemp,2000,30,75,3.8000,4.929772
MTDtemp,2000,30,76,3.8500,4.900594
MTDtemp,2000,30,77,3.9000,4.852429
MTDtemp,2000,30,78,3.9500,4.820800
MTDtemp,2000,30,79,4.0000,4.798805
MTDtemp,2000,30,80,4.0500,4.741845
MTDtemp,2000,30,81,4.1000,4.707593
MTDtemp,2000,30,82,4.1500,4.660626
MTDtemp,2000,30,83,4.2000,4.634875
MTDtemp,2000,30,84,4.2500,4.602272
MTDtemp,2000,30,85,4.3000,4.554796
MTDtemp,2000,30,86,4.3500,4.534626
MTDtemp,2000,30,87,4.4000,4.498550
MTDtemp,2000,30,88,4.4500,4.486823
MTDtemp,2000,30,89,4.5000,4.470221
MTDtemp,2000,30,90,4.5500,4.470383
MTDtemp,2000,30,91,4.6000,4.420679
MTDtemp,2000,30,92,4.6500,4.396761
MTDtemp,2000,30,93,4.7000,4.372210
MTDtemp,2000,30,94,4.7500,4.369121
MTDtemp,2000,30,95,4.8000,4.341788
MTDtemp,2000,30,96,4.8500,4.332409
MTDtemp,2000,30,97,4.9000,4.272585
MTDtemp,2000,30,98,4.9500,4.238684
MTDtemp,2000,30,99,5.0000,4.201765
MTDtemp,2000,30,100,5.0500,4.167909
MTDtemp,2000,30,101,5.1000,4.129619
MTDtemp,2000,30,102,5.1500,4.089462
MTDtemp,2000,30,103,5.2000,4.076227
MTDtemp,2000,30,104,5.2500,4.065650
MTDtemp,2000,30,105,5.3000,4.053361
MTDtemp,2000,30,106,5.3500,4.011521
MTDtemp,2000,30,107,5.4000,3.976702
MTDtemp,2000,30,108,5.4500,3.968382
MTDtemp,2000,30,109,5.5000,3.950475
MTDtemp,2000,30,110,5.5500,3.907432
MTDtemp,2000,30,111,5.6000,3.882543
MTDtemp,2000,30,112,5.6500,3.857296
MTDtemp,2000,30,113,5.7000,3.819922
MTDtemp,2000,30,114,5.7500,3.804685
MTDtemp,2000,30,115,5.8000,3.769126
MTDtemp,2000,30,116,5.8500,3.730628
MTDtemp,2000,30,117,5.9000,3.700102
MTDtemp,2000,30,118,5.9500,3.691421
MTDtemp,2000,30,119,6.0000,3.675134
MTDtemp,2000,30,120,6.0500,3.652529
MTDtemp,2000,30,121,6.1000,3.631888
MTDtemp,2000,30,122,6.1500,3.614797
MTDtemp,2000,30,123,6.2000,3.587816
MTDtemp,2000,30,124,6.2500,3.573131
MTDtemp,2000,30,125,6.3000,3.564067
MTDtemp,2000,30,126,6.3500,3.531475
MTDtemp,2000,30,127,6.4000,3.509472
MTDtemp,2000,30,128,6.4500,3.497686
MTDtemp,2000,30,129,6.5000,3.496628
MTDtemp,2000,30,130,6.5500,3.484991
MTDtemp,2000,30,131,6.6000,3.467263
MTDtemp,2000,30,132,6.6500,3.443602
MTDtemp,2000,30,133,6.7000,3.421333
MTDtemp,2000,30,134,6.7500,3.396063
MTDtemp,2000,30,135,6.8000,3.367940
MTDtemp,2000,30,136,6.8500,3.334806
MTDtemp,2000,30,137,6.9000,3.317043
MTDtemp,2000,30,138,6.9500,3.287653
MTDtemp,2000,30,139,7.0000,3.282976
MTDtemp,2000,30,140,7.0500,3.254744
MTDtemp,2000,30,141,7.1000,3.243869
MTDtemp,2000,30,142,7.1500,3.220197
MTDtemp,2000,30,143,7.2000,3.197073
MTDtemp,2000,30,144,7.2500,3.177712
MTDtemp,2000,30,145,7.3000,3.179163
MTDtemp,2000,30,146,7.3500,3.198593
MTDtemp,2000,30,147,7.4000,3.175956
MTDtemp,2000,30,148,7.4500,3.144177
MTDtemp,2000,30,149,7.5000,3.116663
MTDtemp,2000,30,150,7.5500,3.098765
MTDtemp,2000,30,151,7.6000,3.085611
MTDtemp,2000,30,152,7.6500,3.068257
MTDtemp,2000,30,153,7.7000,3.047413
MTDtemp,2000,30,154,7.7500,3.025250
MTDtemp,2000,30,155,7.8000,2.999035
MTDtemp,2000,30,156,7.8500,2.988894
MTDtemp,2000,30,157,7.9000,2.968500
MTDtemp,2000,30,158,7.9500,2.951894
MTDtemp,2000,30,159,8.0000,2.931716
MTDtemp,2000,30,160,8.0500,2.907493
MTDtemp,2000,30,161,8.1000,2.909275
MTDtemp,2000,30,162,8.1500,2.901352
MTDtemp,2000,30,163,8.2000,2.882447
MTDtemp,2000,30,164,8.2500,2.843616
MTDtemp,2000,30,165,8.3000,2.833664
MTDtemp,2000,30,166,8.3500,2.818465
MTDtemp,2000,30,167,8.4000,2.797605
MTDtemp,2000,30,168,8.4500,2.779274
MTDtemp,2000,30,169,8.5000,2.766248
MTDtemp,2000,30,170,8.5500,2.751256
MTDtemp,2000,30,171,8.6000,2.748530
MTDtemp,2000,30,172,8.6500,2.732922
MTDtemp,2000,30,173,8.7000,2.719759
MTDtemp,2000,30,174,8.7500,2.705153
MTDtemp,2000,30,175,8.8000,2.692173
MTDtemp,2000,30,176,8.8500,2.670901
MTDtemp,2000,30,177,8.9000,2.658566
MTDtemp,2000,30,178,8.9500,2.648631
MTDtemp,2000,30,179,9.0000,2.628795
MTDtemp,2000,30,180,9.0500,2.610462
MTDtemp,2000,30,181,9.1000,2.599855
MTDtemp,2000,30,182,9.1500,2.590953
MTDtemp,2000,30,183,9.2000,2.564602
MTDtemp,2000,30,184,9.2500,2.545781
MTDtemp,2000,30,185,9.3000,2.529465
MTDtemp,2000,30,186,9.3500,2.513975
MTDtemp,2000,30,187,9.4000,2.499538
MTDtemp,2000,30,188,9.4500,2.487090
MTDtemp,2000,30,189,9.5000,2.474240
MTDtemp,2000,30,190,9.5500,2.468731
MTDtemp,2000,30,191,9.6000,2.467058
MTDtemp,2000,30,192,9.6500,2.456382
MTDtemp,2000,30,193,9.7000,2.441086
MTDtemp,2000,30,194,9.7500,2.426170
MTDtemp,2000,30,195,9.8000,2.415203
MTDtemp,2000,30,196,9.8500,2.388238
MTDtemp,2000,30,197,9.9000,2.374889
MTDtemp,2000,30,198,9.9500,2.365422
MTDtemp,2000,30,199,10.0000,2.346523
MTDtemp,2000,40,0,0.0500,14.134508
MTDtemp,2000,40,1,0.1000,12.996690
MTDtemp,2000,40,2,0.1500,12.530191
MTDtemp,2000,40,3,0.2000,12.213583
MTDtemp,2000,40,4,0.2500,11.646977
MTDtemp,2000,40,5,0.3000,11.209254
MTDtemp,2000,40,6,0.3500,11.157654
MTDtemp,2000,40,7,0.4000,10.877518
MTDtemp,2000,40,8,0.4500,10.686512
MTDtemp,2000,40,9,0.5000,10.412479
MTDtemp,2000,40,10,0.5500,10.328658
MTDtemp,2000,40,11,0.6000,9.996038
MTDtemp,2000,40,12,0.6500,9.752534
MTDtemp,2000,40,13,0.7000,9.574043
MTDtemp,2000,40,14,0.7500,9.451418
MTDtemp,2000,40,15,0.8000,9.304823
MTDtemp,2000,40,16,0.8500,9.049781
MTDtemp,2000,40,17,0.9000,8.865968
MTDtemp,2000,40,18,0.9500,8.753625
MTDtemp,2000,40,19,1.0000,8.616436
MTDtemp,2000,40,20,1.0500,8.552419
MTDtemp,2000,40,21,1.1000,8.371014
MTDtemp,2000,40,22,1.1500,8.292335
MTDtemp,2000,40,23,1.2000,8.138288
MTDtemp,2000,40,24,1.2500,8.004633
MTDtemp,2000,40,25,1.3000,7.940573
MTDtemp,2000,40,26,1.3500,7.828387
MTDtemp,2000,40,27,1.4000,7.743445
MTDtemp,2000,40,28,1.4500,7.627221
MTDtemp,2000,40,29,1.5000,7.572010
MTDtemp,2000,40,30,1.5500,7.524138
MTDtemp,2000,40,31,1.6000,7.488735
MTDtemp,2000,40,32,1.6500,7.414883
MTDtemp,2000,40,33,1.7000,7.324173
MTDtemp,2000,40,34,1.7500,7.193683
MTDtemp,2000,40,35,1.8000,7.079281
MTDtemp,2000,40,36,1.8500,6.952570
MTDtemp,2000,40,37,1.9000,6.904349
MTDtemp,2000,40,38,1.9500,6.809449
MTDtemp,2000,40,39,2.0000,6.705280
MTDtemp,2000,40,40,2.0500,6.635778
MTDtemp,2000,40,41,2.1000,6.602231
MTDtemp,2000,40,42,2.1500,6.574202
MTDtemp,2000,40,43,2.2000,6.466505
MTDtemp,2000,40,44,2.2500,6.411629
MTDtemp,2000,40,45,2.3000,6.325313
MTDtemp,2000,40,46,2.3500,6.275518
MTDtemp,2000,40,47,2.4000,6.245403
MTDtemp,2000,40,48,2.4500,6.184970
MTDtemp,2000,40,49,2.5000,6.138335
MTDtemp,2000,40,50,2.5500,6.049377
MTDtemp,2000,40,51,2.6000,5.973386
MTDtemp,2000,40,52,2.6500,5.930031
MTDtemp,2000,40,53,2.7000,5.854871
MTDtemp,2000,40,54,2.7500,5.817939
MTDtemp,2000,40,55,2.8000,5.803713
MTDtemp,2000,40,56,2.8500,5.746250
MTDtemp,2000,40,57,2.9000,5.678989
MTDtemp,2000,40,58,2.9500,5.640026
MTDtemp,2000,40,59,3.0000,5.603423
MTDtemp,2000,40,60,3.0500,5.510578
MTDtemp,2000,40,61,3.1000,5.437719
MTDtemp,2000,40,62,3.1500,5.432084
MTDtemp,2000,40,63,3.2000,5.417798
MTDtemp,2000,40,64,3.2500,5.390439
MTDtemp,2000,40,65,3.3000,5.372309
MTDtemp,2000,40,66,3.3500,5.324772
MTDtemp,2000,40,67,3.4000,5.268544
MTDtemp,2000,40,68,3.4500,5.232641
MTDtemp,2000,40,69,3.5000,5.217399
MTDtemp,2000,40,70,3.5500,5.151187
MTDtemp,2000,40,71,3.6000,5.102945
MTDtemp,2000,40,72,3.6500,5.045892
MTDtemp,2000,40,73,3.7000,5.021167
MTDtemp,2000,40,74,3.7500,4.995189
MTDtemp,2000,40,75,3.8000,4.964079
MTDtemp,2000,40,76,3.8500,4.927823
MTDtemp,2000,40,77,3.9000,4.908238
MTDtemp,2000,40,78,3.9500,4.861841
MTDtemp,2000,40,79,4.0000,4.836136
MTDtemp,2000,40,80,4.0500,4.815607
MTDtemp,2000,40,81,4.1000,4.773524
MTDtemp,2000,40,82,4.1500,4.752861
MTDtemp,2000,40,83,4.2000,4.698683
MTDtemp,2000,40,84,4.2500,4.672027
MTDtemp,2000,40,85,4.3000,4.632204
MTDtemp,2000,40,86,4.3500,4.564332
MTDtemp,2000,40,87,4.4000,4.522812
MTDtemp,2000,40,88,4.4500,4.497944
MTDtemp,2000,40,89,4.5000,4.475612
MTDtemp,2000,40,90,4.5500,4.433629
MTDtemp,2000,40,91,4.6000,4.402032
MTDtemp,2000,40,92,4.6500,4.357421
MTDtemp,2000,40,93,4.7000,4.327525
MTDtemp,2000,40,94,4.7500,4.315379
MTDtemp,2000,40,95,4.8000,4.294360
MTDtemp,2000,40,96,4.8500,4.266512
MTDtemp,2000,40,97,4.9000,4.244426
MTDtemp,2000,40,98,4.9500,4.215288
MTDtemp,2000,40,99,5.0000,4.179861
MTDtemp,2000,40,100,5.0500,4.151167
MTDtemp,2000,40,101,5.1000,4.128856
MTDtemp,2000,40,102,5.1500,4.093285
MTDtemp,2000,40,103,5.2000,4.075109
MTDtemp,2000,40,104,5.2500,4.050694
MTDtemp,2000,40,105,5.3000,4.022483
MTDtemp,2000,40,106,5.3500,3.985814
MTDtemp,2000,40,107,5.4000,3.950352
MTDtemp,2000,40,108,5.4500,3.975968
MTDtemp,2000,40,109,5.5000,3.958821
MTDtemp,2000,40,110,5.5500,3.931800
MTDtemp,2000,40,111,5.6000,3.891557
MTDtemp,2000,40,112,5.6500,3.864324
MTDtemp,2000,40,113,5.7000,3.845032
MTDtemp,2000,40,114,5.7500,3.815392
MTDtemp,2000,40,115,5.8000,3.787119
MTDtemp,2000,40,116,5.8500,3.761186
MTDtemp,2000,40,117,5.9000,3.751293
MTDtemp,2000,40,118,5.9500,3.730386
MTDtemp,2000,40,119,6.0000,3.715654
MTDtemp,2000,40,120,6.0500,3.686589
MTDtemp,2000,40,121,6.1000,3.666587
MTDtemp,2000,40,122,6.1500,3.653837
MTDtemp,2000,40,123,6.2000,3.622631
MTDtemp,2000,40,124,6.2500,3.600758
MTDtemp,2000,40,125,6.3000,3.578263
MTDtemp,2000,40,126,6.3500,3.559958
MTDtemp,2000,40,127,6.4000,3.533036
MTDtemp,2000,40,128,6.4500,3.504362
MTDtemp,2000,40,129,6.5000,3.483634
MTDtemp,2000,40,130,6.5500,3.470094
MTDtemp,2000,40,131,6.6000,3.439593
MTDtemp,2000,40,132,6.6500,3.419382
MTDtemp,2000,40,133,6.7000,3.412157
MTDtemp,2000,40,134,6.7500,3.398508
MTDtemp,2000,40,135,6.8000,3.389761
MTDtemp,2000,40,136,6.8500,3.369210
MTDtemp,2000,40,137,6.9000,3.357718
MTDtemp,2000,40,138,6.9500,3.329953
MTDtemp,2000,40,139,7.0000,3.283832
MTDtemp,2000,40,140,7.0500,3.261300
MTDtemp,2000,40,141,7.1000,3.245762
MTDtemp,2000,40,142,7.1500,3.215448
MTDtemp,2000,40,143,7.2000,3.189151
MTDtemp,2000,40,144,7.2500,3.178377
MTDtemp,2000,40,145,7.3000,3.156481
MTDtemp,2000,40,146,7.3500,3.131740
MTDtemp,2000,40,147,7.4000,3.119364
MTDtemp,2000,40,148,7.4500,3.100893
MTDtemp,2000,40,149,7.5000,3.085182
MTDtemp,2000,40,150,7.5500,3.074122
MTDtemp,2000,40,151,7.6000,3.056123
MTDtemp,2000,40,152,7.6500,3.034815
MTDtemp,2000,40,153,7.7000,3.018732
MTDtemp,2000,40,154,7.7500,3.000082
MTDtemp,2000,40,155,7.8000,2.984450
MTDtemp,2000,40,156,7.8500,2.968723
MTDtemp,2000,40,157,7.9000,2.953438
MTDtemp,2000,40,158,7.9500,2.945088
MTDtemp,2000,40,159,8.0000,2.927295
MTDtemp,2000,40,160,8.0500,2.889593
MTDtemp,2000,40,161,8.1000,2.877539
MTDtemp,2000,40,162,8.1500,2.882117
MTDtemp,2000,40,163,8.2000,2.865216
MTDtemp,2000,40,164,8.2500,2.848022
MTDtemp,2000,40,165,8.3000,2.835078
MTDtemp,2000,40,166,8.3500,2.825577
MTDtemp,2000,40,167,8.4000,2.810307
MTDtemp,2000,40,168,8.4500,2.786946
MTDtemp,2000,40,169,8.5000,2.762815
MTDtemp,2000,40,170,8.5500,2.748238
MTDtemp,2000,40,171,8.6000,2.745747
MTDtemp,2000,40,172,8.6500,2.727965
MTDtemp,2000,40,173,8.7000,2.711299
MTDtemp,2000,40,174,8.7500,2.687722
MTDtemp,2000,40,175,8.8000,2.673679
MTDtemp,2000,40,176,8.8500,2.667255
MTDtemp,2000,40,177,8.9000,2.642557
MTDtemp,2000,40,178,8.9500,2.626610
MTDtemp,2000,40,179,9.0000,2.610794
MTDtemp,2000,40,180,9.0500,2.591507
MTDtemp,2000,40,181,9.1000,2.576668
MTDtemp,2000,40,182,9.1500,2.556928
MTDtemp,2000,40,183,9.2000,2.548605
MTDtemp,2000,40,184,9.2500,2.523065
MTDtemp,2000,40,185,9.3000,2.510419
MTDtemp,2000,40,186,9.3500,2.499269
MTDtemp,2000,40,187,9.4000,2.488385
MTDtemp,2000,40,188,9.4500,2.472206
MTDtemp,2000,40,189,9.5000,2.456823
MTDtemp,2000,40,190,9.5500,2.444961
MTDtemp,2000,40,191,9.6000,2.430245
MTDtemp,2000,40,192,9.6500,2.408915
MTDtemp,2000,40,193,9.7000,2.399649
MTDtemp,2000,40,194,9.7500,2.385008
MTDtemp,2000,40,195,9.8000,2.374023
MTDtemp,2000,40,196,9.8500,2.365522
MTDtemp,2000,40,197,9.9000,2.348379
MTDtemp,2000,40,198,9.9500,2.343993
MTDtemp,2000,40,199,10.0000,2.333534
MTDtemp,2000,50,0,0.0500,14.099153
MTDtemp,2000,50,1,0.1000,13.160988
MTDtemp,2000,50,2,0.1500,12.592374
MTDtemp,2000,50,3,0.2000,12.197018
MTDtemp,2000,50,4,0.2500,11.850585
MTDtemp,2000,50,5,0.3000,11.414877
MTDtemp,2000,50,6,0.3500,11.169884
MTDtemp,2000,50,7,0.4000,10.837029
MTDtemp,2000,50,8,0.4500,10.464797
MTDtemp,2000,50,9,0.5000,10.370522
MTDtemp,2000,50,10,0.5500,10.062168
MTDtemp,2000,50,11,0.6000,9.922171
MTDtemp,2000,50,12,0.6500,9.742528
MTDtemp,2000,50,13,0.7000,9.494376
MTDtemp,2000,50,14,0.7500,9.319421
MTDtemp,2000,50,15,0.8000,9.209868
MTDtemp,2000,50,16,0.8500,9.067191
MTDtemp,2000,50,17,0.9000,8.993855
MTDtemp,2000,50,18,0.9500,8.786384
MTDtemp,2000,50,19,1.0000,8.675277
MTDtemp,2000,50,20,1.0500,8.501251
MTDtemp,2000,50,21,1.1000,8.294846
MTDtemp,2000,50,22,1.1500,8.234662
MTDtemp,2000,50,23,1.2000,8.158044
MTDtemp,2000,50,24,1.2500,8.027282
MTDtemp,2000,50,25,1.3000,7.979783
MTDtemp,2000,50,26,1.3500,7.942725
MTDtemp,2000,50,27,1.4000,7.797678
MTDtemp,2000,50,28,1.4500,7.635584
MTDtemp,2000,50,29,1.5000,7.539815
MTDtemp,2000,50,30,1.5500,7.434272
MTDtemp,2000,50,31,1.6000,7.345980
MTDtemp,2000,50,32,1.6500,7.246992
MTDtemp,2000,50,33,1.7000,7.161513
MTDtemp,2000,50,34,1.7500,7.099583
MTDtemp,2000,50,35,1.8000,6.975667
MTDtemp,2000,50,36,1.8500,6.937588
MTDtemp,2000,50,37,1.9000,6.865584
MTDtemp,2000,50,38,1.9500,6.823638
MTDtemp,2000,50,39,2.0000,6.825905
MTDtemp,2000,50,40,2.0500,6.784666
MTDtemp,2000,50,41,2.1000,6.705287
MTDtemp,2000,50,42,2.1500,6.627429
MTDtemp,2000,50,43,2.2000,6.553974
MTDtemp,2000,50,44,2.2500,6.476418
MTDtemp,2000,50,45,2.3000,6.361157
MTDtemp,2000,50,46,2.3500,6.319314
MTDtemp,2000,50,47,2.4000,6.284420
MTDtemp,2000,50,48,2.4500,6.187406
MTDtemp,2000,50,49,2.5000,6.131210
MTDtemp,2000,50,50,2.5500,6.071925
MTDtemp,2000,50,51,2.6000,5.998751
MTDtemp,2000,50,52,2.6500,5.981446
MTDtemp,2000,50,53,2.7000,5.945667
MTDtemp,2000,50,54,2.7500,5.886993
MTDtemp,2000,50,55,2.8000,5.839738
MTDtemp,2000,50,56,2.8500,5.765300
MTDtemp,2000,50,57,2.9000,5.721372
MTDtemp,2000,50,58,2.9500,5.681494
MTDtemp,2000,50,59,3.0000,5.616363
MTDtemp,2000,50,60,3.0500,5.571899
MTDtemp,2000,50,61,3.1000,5.499679
MTDtemp,2000,50,62,3.1500,5.462149
MTDtemp,2000,50,63,3.2000,5.404891
MTDtemp,2000,50,64,3.2500,5.384837
MTDtemp,2000,50,65,3.3000,5.344204
MTDtemp,2000,50,66,3.3500,5.304166
MTDtemp,2000,50,67,3.4000,5.255782
MTDtemp,2000,50,68,3.4500,5.199814
MTDtemp,2000,50,69,3.5000,5.140641
MTDtemp,2000,50,70,3.5500,5.091420
MTDtemp,2000,50,71,3.6000,5.061269
MTDtemp,2000,50,72,3.6500,5.051949
MTDtemp,2000,50,73,3.7000,4.970419
MTDtemp,2000,50,74,3.7500,4.954139
MTDtemp,2000,50,75,3.8000,4.924178
MTDtemp,2000,50,76,3.8500,4.884440
MTDtemp,2000,50,77,3.9000,4.854812
MTDtemp,2000,50,78,3.9500,4.865021
MTDtemp,2000,50,79,4.0000,4.820602
MTDtemp,2000,50,80,4.0500,4.768361
MTDtemp,2000,50,81,4.1000,4.756626
MTDtemp,2000,50,82,4.1500,4.729968
MTDtemp,2000,50,83,4.2000,4.677384
MTDtemp,2000,50,84,4.2500,4.646302
MTDtemp,2000,50,85,4.3000,4.580440
MTDtemp,2000,50,86,4.3500,4.555393
MTDtemp,2000,50,87,4.4000,4.517711
MTDtemp,2000,50,88,4.4500,4.479986
MTDtemp,2000,50,89,4.5000,4.458988
MTDtemp,2000,50,90,4.5500,4.394457
MTDtemp,2000,50,91,4.6000,4.375471
MTDtemp,2000,50,92,4.6500,4.358961
MTDtemp,2000,50,93,4.7000,4.341051
MTDtemp,2000,50,94,4.7500,4.314938
MTDtemp,2000,50,95,4.8000,4.295886
MTDtemp,2000,50,96,4.8500,4.256274
MTDtemp,2000,50,97,4.9000,4.218147
MTDtemp,2000,50,98,4.9500,4.181861
MTDtemp,2000,50,99,5.0000,4.161565
MTDtemp,2000,50,100,5.0500,4.141390
MTDtemp,2000,50,101,5.1000,4.097681
MTDtemp,2000,50,102,5.1500,4.075644
MTDtemp,2000,50,103,5.2000,4.073351
MTDtemp,2000,50,104,5.2500,4.048027
MTDtemp,2000,50,105,5.3000,4.014231
MTDtemp,2000,50,106,5.3500,3.992021
MTDtemp,2000,50,107,5.4000,3.961714
MTDtemp,2000,50,108,5.4500,3.946598
MTDtemp,2000,50,109,5.5000,3.912881
MTDtemp,2000,50,110,5.5500,3.884767
MTDtemp,2000,50,111,5.6000,3.857547
MTDtemp,2000,50,112,5.6500,3.837799
MTDtemp,2000,50,113,5.7000,3.803536
MTDtemp,2000,50,114,5.7500,3.787687
MTDtemp,2000,50,115,5.8000,3.764352
MTDtemp,2000,50,116,5.8500,3.713536
MTDtemp,2000,50,117,5.9000,3.678919
MTDtemp,2000,50,118,5.9500,3.666940
MTDtemp,2000,50,119,6.0000,3.658039
MTDtemp,2000,50,120,6.0500,3.636838
MTDtemp,2000,50,121,6.1000,3.622738
MTDtemp,2000,50,122,6.1500,3.596764
MTDtemp,2000,50,123,6.2000,3.569286
MTDtemp,2000,50,124,6.2500,3.539409
MTDtemp,2000,50,125,6.3000,3.525093
MTDtemp,2000,50,126,6.3500,3.504347
MTDtemp,2000,50,127,6.4000,3.484036
MTDtemp,2000,50,128,6.4500,3.470939
MTDtemp,2000,50,129,6.5000,3.459340
MTDtemp,2000,50,130,6.5500,3.449641
MTDtemp,2000,50,131,6.6000,3.434610
MTDtemp,2000,50,132,6.6500,3.418909
MTDtemp,2000,50,133,6.7000,3.415631
MTDtemp,2000,50,134,6.7500,3.404277
MTDtemp,2000,50,135,6.8000,3.374943
MTDtemp,2000,50,136,6.8500,3.361380
MTDtemp,2000,50,137,6.9000,3.334802
MTDtemp,2000,50,138,6.9500,3.303462
MTDtemp,2000,50,139,7.0000,3.277017
MTDtemp,2000,50,140,7.0500,3.260163
MTDtemp,2000,50,141,7.1000,3.258678
MTDtemp,2000,50,142,7.1500,3.238053
MTDtemp,2000,50,143,7.2000,3.206130
MTDtemp,2000,50,144,7.2500,3.177906
MTDtemp,2000,50,145,7.3000,3.150442
MTDtemp,2000,50,146,7.3500,3.138071
MTDtemp,2000,50,147,7.4000,3.123246
MTDtemp,2000,50,148,7.4500,3.104058
MTDtemp,2000,50,149,7.5000,3.090549
MTDtemp,2000,50,150,7.5500,3.070066
MTDtemp,2000,50,151,7.6000,3.041668
MTDtemp,2000,50,152,7.6500,3.033742
MTDtemp,2000,50,153,7.7000,3.023893
MTDtemp,2000,50,154,7.7500,3.010380
MTDtemp,2000,50,155,7.8000,2.992964
MTDtemp,2000,50,156,7.8500,2.967383
MTDtemp,2000,50,157,7.9000,2.960036
MTDtemp,2000,50,158,7.9500,2.977905
MTDtemp,2000,50,159,8.0000,2.956328
MTDtemp,2000,50,160,8.0500,2.939483
MTDtemp,2000,50,161,8.1000,2.914761
MTDtemp,2000,50,162,8.1500,2.884258
MTDtemp,2000,50,163,8.2000,2.864837
MTDtemp,2000,50,164,8.2500,2.858611
MTDtemp,2000,50,165,8.3000,2.848286
MTDtemp,2000,50,166,8.3500,2.834686
MTDtemp,2000,50,167,8.4000,2.816846
MTDtemp,2000,50,168,8.4500,2.805080
MTDtemp,2000,50,169,8.5000,2.779138
MTDtemp,2000,50,170,8.5500,2.771178
MTDtemp,2000,50,171,8.6000,2.765731
MTDtemp,2000,50,172,8.6500,2.757834
MTDtemp,2000,50,173,8.7000,2.758032
MTDtemp,2000,50,174,8.7500,2.756987
MTDtemp,2000,50,175,8.8000,2.754314
MTDtemp,2000,50,176,8.8500,2.734511
MTDtemp,2000,50,177,8.9000,2.708390
MTDtemp,2000,50,178,8.9500,2.689459
MTDtemp,2000,50,179,9.0000,2.667412
MTDtemp,2000,50,180,9.0500,2.650959
MTDtemp,2000,50,181,9.1000,2.631832
MTDtemp,2000,50,182,9.1500,2.617303
MTDtemp,2000,50,183,9.2000,2.598606
MTDtemp,2000,50,184,9.2500,2.581294
MTDtemp,2000,50,185,9.3000,2.562732
MTDtemp,2000,50,186,9.3500,2.544308
MTDtemp,2000,50,187,9.4000,2.535077
MTDtemp,2000,50,188,9.4500,2.532297
MTDtemp,2000,50,189,9.5000,2.525783
MTDtemp,2000,50,190,9.5500,2.514418
MTDtemp,2000,50,191,9.6000,2.497978
MTDtemp,2000,50,192,9.6500,2.484507
MTDtemp,2000,50,193,9.7000,2.458622
MTDtemp,2000,50,194,9.7500,2.448607
MTDtemp,2000,50,195,9.8000,2.435792
MTDtemp,2000,50,196,9.8500,2.416788
MTDtemp,2000,50,197,9.9000,2.409917
MTDtemp,2000,50,198,9.9500,2.395599
MTDtemp,2000,50,199,10.0000,2.377493
MTDtemp,30000,10,0,0.0500,13.949651
MTDtemp,30000,10,1,0.1000,13.132437
MTDtemp,30000,10,2,0.1500,12.359159
MTDtemp,30000,10,3,0.2000,11.420391
MTDtemp,30000,10,4,0.2500,10.728161
MTDtemp,30000,10,5,0.3000,10.390995
MTDtemp,30000,10,6,0.3500,10.093650
MTDtemp,30000,10,7,0.4000,9.810621
MTDtemp,30000,10,8,0.4500,9.234489
MTDtemp,30000,10,9,0.5000,9.038278
MTDtemp,30000,10,10,0.5500,8.671175
MTDtemp,30000,10,11,0.6000,8.373220
MTDtemp,30000,10,12,0.6500,8.155581
MTDtemp,30000,10,13,0.7000,7.692724
MTDtemp,30000,10,14,0.7500,7.006793
MTDtemp,30000,10,15,0.8000,6.771462
MTDtemp,30000,10,16,0.8500,6.441775
MTDtemp,30000,10,17,0.9000,6.255213
MTDtemp,30000,10,18,0.9500,5.941835
MTDtemp,30000,10,19,1.0000,5.284254
MTDtemp,30000,10,20,1.0500,5.005819
MTDtemp,30000,10,21,1.1000,4.993163
MTDtemp,30000,10,22,1.1500,4.701900
MTDtemp,30000,10,23,1.2000,4.560490
MTDtemp,30000,10,24,1.2500,4.148017
MTDtemp,30000,10,25,1.3000,3.730792
MTDtemp,30000,10,26,1.3500,3.594268
MTDtemp,30000,10,27,1.4000,3.601948
MTDtemp,30000,10,28,1.4500,3.449403
MTDtemp,30000,10,29,1.5000,3.482253
MTDtemp,30000,10,30,1.5500,3.395459
MTDtemp,30000,10,31,1.6000,3.151176
MTDtemp,30000,10,32,1.6500,2.892673
MTDtemp,30000,10,33,1.7000,2.745494
MTDtemp,30000,10,34,1.7500,2.634474
MTDtemp,30000,10,35,1.8000,2.345855
MTDtemp,30000,10,36,1.8500,2.074834
MTDtemp,30000,10,37,1.9000,1.859429
MTDtemp,30000,10,38,1.9500,1.671019
MTDtemp,30000,10,39,2.0000,1.615058
MTDtemp,30000,10,40,2.0500,1.567784
MTDtemp,30000,10,41,2.1000,1.438188
MTDtemp,30000,10,42,2.1500,1.420355
MTDtemp,30000,10,43,2.2000,1.284829
MTDtemp,30000,10,44,2.2500,1.257304
MTDtemp,30000,10,45,2.3000,1.245874
MTDtemp,30000,10,46,2.3500,1.200624
MTDtemp,30000,10,47,2.4000,1.239862
MTDtemp,30000,10,48,2.4500,1.335671
MTDtemp,30000,10,49,2.5000,1.222684
MTDtemp,30000,10,50,2.5500,1.008593
MTDtemp,30000,10,51,2.6000,0.863713
MTDtemp,30000,10,52,2.6500,0.849759
MTDtemp,30000,10,53,2.7000,0.794281
MTDtemp,30000,10,54,2.7500,0.835749
MTDtemp,30000,10,55,2.8000,0.906762
MTDtemp,30000,10,56,2.8500,0.849458
MTDtemp,30000,10,57,2.9000,1.048219
MTDtemp,30000,10,58,2.9500,1.285782
MTDtemp,30000,10,59,3.0000,1.197542
MTDtemp,30000,10,60,3.0500,0.918209
MTDtemp,30000,10,61,3.1000,0.944477
MTDtemp,30000,10,62,3.1500,0.984857
MTDtemp,30000,10,63,3.2000,1.084947
MTDtemp,30000,10,64,3.2500,1.458612
MTDtemp,30000,10,65,3.3000,1.672048
MTDtemp,30000,10,66,3.3500,1.832207
MTDtemp,30000,10,67,3.4000,1.893331
MTDtemp,30000,10,68,3.4500,2.105761
MTDtemp,30000,10,69,3.5000,2.750889
MTDtemp,30000,10,70,3.5500,3.015171
MTDtemp,30000,10,71,3.6000,3.010465
MTDtemp,30000,10,72,3.6500,2.758878
MTDtemp,30000,10,73,3.7000,2.479917
MTDtemp,30000,10,74,3.7500,2.217719
MTDtemp,30000,10,75,3.8000,1.965430
MTDtemp,30000,10,76,3.8500,1.750746
MTDtemp,30000,10,77,3.9000,1.528170
MTDtemp,30000,10,78,3.9500,1.351981
MTDtemp,30000,10,79,4.0000,1.193448
MTDtemp,30000,10,80,4.0500,1.082324
MTDtemp,30000,10,81,4.1000,0.884166
MTDtemp,30000,10,82,4.1500,0.639182
MTDtemp,30000,10,83,4.2000,0.615138
MTDtemp,30000,10,84,4.2500,0.982017
MTDtemp,30000,10,85,4.3000,1.201022
MTDtemp,30000,10,86,4.3500,0.988950
MTDtemp,30000,10,87,4.4000,0.792684
MTDtemp,30000,10,88,4.4500,0.705181
MTDtemp,30000,10,89,4.5000,0.638705
MTDtemp,30000,10,90,4.5500,0.588217
MTDtemp,30000,10,91,4.6000,0.574905
MTDtemp,30000,10,92,4.6500,0.652375
MTDtemp,30000,10,93,4.7000,0.689722
MTDtemp,30000,10,94,4.7500,0.760154
MTDtemp,30000,10,95,4.8000,1.008455
MTDtemp,30000,10,96,4.8500,1.223636
MTDtemp,30000,10,97,4.9000,1.202312
MTDtemp,30000,10,98,4.9500,1.213244
MTDtemp,30000,10,99,5.0000,1.006775
MTDtemp,30000,10,100,5.0500,0.748589
MTDtemp,30000,10,101,5.1000,0.460411
MTDtemp,30000,10,102,5.1500,0.310963
MTDtemp,30000,10,103,5.2000,0.409590
MTDtemp,30000,10,104,5.2500,0.679883
MTDtemp,30000,10,105,5.3000,0.778277
MTDtemp,30000,10,106,5.3500,0.984236
MTDtemp,30000,10,107,5.4000,1.232808
MTDtemp,30000,10,108,5.4500,1.367302
MTDtemp,30000,10,109,5.5000,1.537188
MTDtemp,30000,10,110,5.5500,1.754701
MTDtemp,30000,10,111,5.6000,1.857210
MTDtemp,30000,10,112,5.6500,1.905457
MTDtemp,30000,10,113,5.7000,1.785625
MTDtemp,30000,10,114,5.7500,1.504927
MTDtemp,30000,10,115,5.8000,1.196923
MTDtemp,30000,10,116,5.8500,0.977959
MTDtemp,30000,10,117,5.9000,0.790868
MTDtemp,30000,10,118,5.9500,0.601298
MTDtemp,30000,10,119,6.0000,0.456667
MTDtemp,30000,10,120,6.0500,0.476236
MTDtemp,30000,10,121,6.1000,0.612231
MTDtemp,30000,10,122,6.1500,0.772124
MTDtemp,30000,10,123,6.2000,0.975213
MTDtemp,30000,10,124,6.2500,1.145287
MTDtemp,30000,10,125,6.3000,1.355108
MTDtemp,30000,10,126,6.3500,1.536220
MTDtemp,30000,10,127,6.4000,1.740821
MTDtemp,30000,10,128,6.4500,1.963458
MTDtemp,30000,10,129,6.5000,2.167292
MTDtemp,30000,10,130,6.5500,2.290082
MTDtemp,30000,10,131,6.6000,2.158798
MTDtemp,30000,10,132,6.6500,1.917083
MTDtemp,30000,10,133,6.7000,1.802472
MTDtemp,30000,10,134,6.7500,1.417264
MTDtemp,30000,10,135,6.8000,1.109612
MTDtemp,30000,10,136,6.8500,0.945879
MTDtemp,30000,10,137,6.9000,0.948015
MTDtemp,30000,10,138,6.9500,0.983658
MTDtemp,30000,10,139,7.0000,0.782611
MTDtemp,30000,10,140,7.0500,0.593934
MTDtemp,30000,10,141,7.1000,0.608278
MTDtemp,30000,10,142,7.1500,0.398757
MTDtemp,30000,10,143,7.2000,0.301132
MTDtemp,30000,10,144,7.2500,0.283810
MTDtemp,30000,10,145,7.3000,0.425368
MTDtemp,30000,10,146,7.3500,0.456380
MTDtemp,30000,10,147,7.4000,0.582584
MTDtemp,30000,10,148,7.4500,0.506023
MTDtemp,30000,10,149,7.5000,0.381664
MTDtemp,30000,10,150,7.5500,0.332696
MTDtemp,30000,10,151,7.6000,0.381269
MTDtemp,30000,10,152,7.6500,0.514530
MTDtemp,30000,10,153,7.7000,0.602061
MTDtemp,30000,10,154,7.7500,0.474070
MTDtemp,30000,10,155,7.8000,0.303920
MTDtemp,30000,10,156,7.8500,0.429479
MTDtemp,30000,10,157,7.9000,0.608520
MTDtemp,30000,10,158,7.9500,0.707103
MTDtemp,30000,10,159,8.0000,0.648593
MTDtemp,30000,10,160,8.0500,0.621626
MTDtemp,30000,10,161,8.1000,0.589329
MTDtemp,30000,10,162,8.1500,0.469322
MTDtemp,30000,10,163,8.2000,0.480745
MTDtemp,30000,10,164,8.2500,0.494175
MTDtemp,30000,10,165,8.3000,0.508937
MTDtemp,30000,10,166,8.3500,0.892000
MTDtemp,30000,10,167,8.4000,0.971117
MTDtemp,30000,10,168,8.4500,0.981419
MTDtemp,30000,10,169,8.5000,0.892959
MTDtemp,30000,10,170,8.5500,0.705527
MTDtemp,30000,10,171,8.6000,0.497373
MTDtemp,30000,10,172,8.6500,0.425835
MTDtemp,30000,10,173,8.7000,0.288364
MTDtemp,30000,10,174,8.7500,0.360296
MTDtemp,30000,10,175,8.8000,0.515938
MTDtemp,30000,10,176,8.8500,0.696576
MTDtemp,30000,10,177,8.9000,0.899269
MTDtemp,30000,10,178,8.9500,1.092067
MTDtemp,30000,10,179,9.0000,1.257092
MTDtemp,30000,10,180,9.0500,1.487575
MTDtemp,30000,10,181,9.1000,1.617340
MTDtemp,30000,10,182,9.1500,1.711569
MTDtemp,30000,10,183,9.2000,1.884197
MTDtemp,30000,10,184,9.2500,2.062429
MTDtemp,30000,10,185,9.3000,2.141631
MTDtemp,30000,10,186,9.3500,2.237433
MTDtemp,30000,10,187,9.4000,2.413759
MTDtemp,30000,10,188,9.4500,2.591575
MTDtemp,30000,10,189,9.5000,2.781052
MTDtemp,30000,10,190,9.5500,2.944003
MTDtemp,30000,10,191,9.6000,3.086430
MTDtemp,30000,10,192,9.6500,3.253223
MTDtemp,30000,10,193,9.7000,3.425562
MTDtemp,30000,10,194,9.7500,3.584005
MTDtemp,30000,10,195,9.8000,3.575806
MTDtemp,30000,10,196,9.8500,3.413928
MTDtemp,30000,10,197,9.9000,3.204914
MTDtemp,30000,10,198,9.9500,2.998975
MTDtemp,30000,10,199,10.0000,2.810740
MTDtemp,30000,20,0,0.0500,13.921642
MTDtemp,30000,20,1,0.1000,12.863012
MTDtemp,30000,20,2,0.1500,12.272554
MTDtemp,30000,20,3,0.2000,11.768564
MTDtemp,30000,20,4,0.2500,10.993646
MTDtemp,30000,20,5,0.3000,10.163467
MTDtemp,30000,20,6,0.3500,9.732497
MTDtemp,30000,20,7,0.4000,9.329775
MTDtemp,30000,20,8,0.4500,8.987182
MTDtemp,30000,20,9,0.5000,8.981374
MTDtemp,30000,20,10,0.5500,8.345257
MTDtemp,30000,20,11,0.6000,8.110170
MTDtemp,30000,20,12,0.6500,7.602214
MTDtemp,30000,20,13,0.7000,7.265342
MTDtemp,30000,20,14,0.7500,7.232446
MTDtemp,30000,20,15,0.8000,7.070816
MTDtemp,30000,20,16,0.8500,6.574085
MTDtemp,30000,20,17,0.9000,6.011281
MTDtemp,30000,20,18,0.9500,5.765005
MTDtemp,30000,20,19,1.0000,5.548878
MTDtemp,30000,20,20,1.0500,5.324563
MTDtemp,30000,20,21,1.1000,4.878668
MTDtemp,30000,20,22,1.1500,4.818390
MTDtemp,30000,20,23,1.2000,4.793212
MTDtemp,30000,20,24,1.2500,4.769278
MTDtemp,30000,20,25,1.3000,4.139878
MTDtemp,30000,20,26,1.3500,3.883541
MTDtemp,30000,20,27,1.4000,3.473228
MTDtemp,30000,20,28,1.4500,3.012705
MTDtemp,30000,20,29,1.5000,2.957349
MTDtemp,30000,20,30,1.5500,2.934911
MTDtemp,30000,20,31,1.6000,2.889324
MTDtemp,30000,20,32,1.6500,2.597422
MTDtemp,30000,20,33,1.7000,2.426062
MTDtemp,30000,20,34,1.7500,2.397384
MTDtemp,30000,20,35,1.8000,2.432776
MTDtemp,30000,20,36,1.8500,2.325738
MTDtemp,30000,20,37,1.9000,1.922774
MTDtemp,30000,20,38,1.9500,1.668893
MTDtemp,30000,20,39,2.0000,1.660532
MTDtemp,30000,20,40,2.0500,1.716651
MTDtemp,30000,20,41,2.1000,1.792630
MTDtemp,30000,20,42,2.1500,1.818584
MTDtemp,30000,20,43,2.2000,1.579921
MTDtemp,30000,20,44,2.2500,1.513559
MTDtemp,30000,20,45,2.3000,1.238304
MTDtemp,30000,20,46,2.3500,1.192096
MTDtemp,30000,20,47,2.4000,1.271467
MTDtemp,30000,20,48,2.4500,1.198022
MTDtemp,30000,20,49,2.5000,1.011489
MTDtemp,30000,20,50,2.5500,1.113922
MTDtemp,30000,20,51,2.6000,1.325030
MTDtemp,30000,20,52,2.6500,1.526125
MTDtemp,30000,20,53,2.7000,1.478592
MTDtemp,30000,20,54,2.7500,1.746307
MTDtemp,30000,20,55,2.8000,1.445886
MTDtemp,30000,20,56,2.8500,1.224628
MTDtemp,30000,20,57,2.9000,0.966742
MTDtemp,30000,20,58,2.9500,0.785845
MTDtemp,30000,20,59,3.0000,0.648883
MTDtemp,30000,20,60,3.0500,0.633811
MTDtemp,30000,20,61,3.1000,0.763434
MTDtemp,30000,20,62,3.1500,0.745827
MTDtemp,30000,20,63,3.2000,0.756015
MTDtemp,30000,20,64,3.2500,0.723226
MTDtemp,30000,20,65,3.3000,0.586073
MTDtemp,30000,20,66,3.3500,0.636293
MTDtemp,30000,20,67,3.4000,0.822119
MTDtemp,30000,20,68,3.4500,1.039750
MTDtemp,30000,20,69,3.5000,1.297831
MTDtemp,30000,20,70,3.5500,1.498342
MTDtemp,30000,20,71,3.6000,1.648797
MTDtemp,30000,20,72,3.6500,1.872888
MTDtemp,30000,20,73,3.7000,2.107030
MTDtemp,30000,20,74,3.7500,2.335595
MTDtemp,30000,20,75,3.8000,2.584806
MTDtemp,30000,20,76,3.8500,2.802056
MTDtemp,30000,20,77,3.9000,3.037282
MTDtemp,30000,20,78,3.9500,3.258116
MTDtemp,30000,20,79,4.0000,3.480699
MTDtemp,30000,20,80,4.0500,3.684573
MTDtemp,30000,20,81,4.1000,3.907003
MTDtemp,30000,20,82,4.1500,4.145432
MTDtemp,30000,20,83,4.2000,4.353089
MTDtemp,30000,20,84,4.2500,4.566418
MTDtemp,30000,20,85,4.3000,4.627372
MTDtemp,30000,20,86,4.3500,4.214617
MTDtemp,30000,20,87,4.4000,3.965469
MTDtemp,30000,20,88,4.4500,3.917391
MTDtemp,30000,20,89,4.5000,3.397440
MTDtemp,30000,20,90,4.5500,3.159312
MTDtemp,30000,20,91,4.6000,2.983200
MTDtemp,30000,20,92,4.6500,2.943608
MTDtemp,30000,20,93,4.7000,2.923823
MTDtemp,30000,20,94,4.7500,2.637333
MTDtemp,30000,20,95,4.8000,2.446139
MTDtemp,30000,20,96,4.8500,2.080967
MTDtemp,30000,20,97,4.9000,2.043490
MTDtemp,30000,20,98,4.9500,1.878963
MTDtemp,30000,20,99,5.0000,1.657055
MTDtemp,30000,20,100,5.0500,1.537361
MTDtemp,30000,20,101,5.1000,1.365537
MTDtemp,30000,20,102,5.1500,1.303911
MTDtemp,30000,20,103,5.2000,1.301728
MTDtemp,30000,20,104,5.2500,1.346983
MTDtemp,30000,20,105,5.3000,1.471560
MTDtemp,30000,20,106,5.3500,1.198763
MTDtemp,30000,20,107,5.4000,0.927471
MTDtemp,30000,20,108,5.4500,0.902078
MTDtemp,30000,20,109,5.5000,0.800367
MTDtemp,30000,20,110,5.5500,0.616234
MTDtemp,30000,20,111,5.6000,0.348899
MTDtemp,30000,20,112,5.6500,0.585119
MTDtemp,30000,20,113,5.7000,0.491112
MTDtemp,30000,20,114,5.7500,0.630761
MTDtemp,30000,20,115,5.8000,0.842657
MTDtemp,30000,20,116,5.8500,0.761463
MTDtemp,30000,20,117,5.9000,0.745306
MTDtemp,30000,20,118,5.9500,0.769338
MTDtemp,30000,20,119,6.0000,0.586804
MTDtemp,30000,20,120,6.0500,0.456762
MTDtemp,30000,20,121,6.1000,0.491104
MTDtemp,30000,20,122,6.1500,0.735004
MTDtemp,30000,20,123,6.2000,0.931551
MTDtemp,30000,20,124,6.2500,0.942531
MTDtemp,30000,20,125,6.3000,1.050655
MTDtemp,30000,20,126,6.3500,1.232319
MTDtemp,30000,20,127,6.4000,1.414157
MTDtemp,30000,20,128,6.4500,1.642820
MTDtemp,30000,20,129,6.5000,1.861006
MTDtemp,30000,20,130,6.5500,2.026861
MTDtemp,30000,20,131,6.6000,2.256278
MTDtemp,30000,20,132,6.6500,2.401792
MTDtemp,30000,20,133,6.7000,2.575168
MTDtemp,30000,20,134,6.7500,2.786044
MTDtemp,30000,20,135,6.8000,2.983269
MTDtemp,30000,20,136,6.8500,3.124359
MTDtemp,30000,20,137,6.9000,3.308655
MTDtemp,30000,20,138,6.9500,3.051124
MTDtemp,30000,20,139,7.0000,2.795901
MTDtemp,30000,20,140,7.0500,2.689941
MTDtemp,30000,20,141,7.1000,2.486509
MTDtemp,30000,20,142,7.1500,2.408571
MTDtemp,30000,20,143,7.2000,2.325789
MTDtemp,30000,20,144,7.2500,2.256818
MTDtemp,30000,20,145,7.3000,1.838399
MTDtemp,30000,20,146,7.3500,1.507439
MTDtemp,30000,20,147,7.4000,1.353491
MTDtemp,30000,20,148,7.4500,1.316752
MTDtemp,30000,20,149,7.5000,1.295507
MTDtemp,30000,20,150,7.5500,0.941057
MTDtemp,30000,20,151,7.6000,0.794481
MTDtemp,30000,20,152,7.6500,0.707184
MTDtemp,30000,20,153,7.7000,0.734828
MTDtemp,30000,20,154,7.7500,0.523976
MTDtemp,30000,20,155,7.8000,0.547363
MTDtemp,30000,20,156,7.8500,0.522780
MTDtemp,30000,20,157,7.9000,0.341720
MTDtemp,30000,20,158,7.9500,0.344924
MTDtemp,30000,20,159,8.0000,0.367823
MTDtemp,30000,20,160,8.0500,0.556323
MTDtemp,30000,20,161,8.1000,0.547635
MTDtemp,30000,20,162,8.1500,0.854804
MTDtemp,30000,20,163,8.2000,1.134107
MTDtemp,30000,20,164,8.2500,1.327069
MTDtemp,30000,20,165,8.3000,1.191326
MTDtemp,30000,20,166,8.3500,1.370669
MTDtemp,30000,20,167,8.4000,1.477770
MTDtemp,30000,20,168,8.4500,1.572954
MTDtemp,30000,20,169,8.5000,1.517389
MTDtemp,30000,20,170,8.5500,1.311800
MTDtemp,30000,20,171,8.6000,1.134271
MTDtemp,30000,20,172,8.6500,0.961180
MTDtemp,30000,20,173,8.7000,0.849666
MTDtemp,30000,20,174,8.7500,1.007564
MTDtemp,30000,20,175,8.8000,1.252051
MTDtemp,30000,20,176,8.8500,1.200520
MTDtemp,30000,20,177,8.9000,1.061736
MTDtemp,30000,20,178,8.9500,0.868019
MTDtemp,30000,20,179,9.0000,0.664372
MTDtemp,30000,20,180,9.0500,0.495122
MTDtemp,30000,20,181,9.1000,0.338828
MTDtemp,30000,20,182,9.1500,0.330787
MTDtemp,30000,20,183,9.2000,0.310038
MTDtemp,30000,20,184,9.2500,0.407501
MTDtemp,30000,20,185,9.3000,0.522956
MTDtemp,30000,20,186,9.3500,0.610814
MTDtemp,30000,20,187,9.4000,0.842167
MTDtemp,30000,20,188,9.4500,1.025667
MTDtemp,30000,20,189,9.5000,1.296584
MTDtemp,30000,20,190,9.5500,1.284836
MTDtemp,30000,20,191,9.6000,1.274156
MTDtemp,30000,20,192,9.6500,1.129735
MTDtemp,30000,20,193,9.7000,0.912486
MTDtemp,30000,20,194,9.7500,0.741879
MTDtemp,30000,20,195,9.8000,0.592316
MTDtemp,30000,20,196,9.8500,0.468442
MTDtemp,30000,20,197,9.9000,0.333426
MTDtemp,30000,20,198,9.9500,0.277136
MTDtemp,30000,20,199,10.0000,0.412227
MTDtemp,30000,30,0,0.0500,14.094950
MTDtemp,30000,30,1,0.1000,13.079706
MTDtemp,30000,30,2,0.1500,12.214359
MTDtemp,30000,30,3,0.2000,11.677071
MTDtemp,30000,30,4,0.2500,10.880481
MTDtemp,30000,30,5,0.3000,10.682249
MTDtemp,30000,30,6,0.3500,10.126305
MTDtemp,30000,30,7,0.4000,9.617228
MTDtemp,30000,30,8,0.4500,9.215546
MTDtemp,30000,30,9,0.5000,8.434957
MTDtemp,30000,30,10,0.5500,8.267681
MTDtemp,30000,30,11,0.6000,8.192579
MTDtemp,30000,30,12,0.6500,7.692718
MTDtemp,30000,30,13,0.7000,7.225622
MTDtemp,30000,30,14,0.7500,6.913793
MTDtemp,30000,30,15,0.8000,6.555966
MTDtemp,30000,30,16,0.8500,6.351158
MTDtemp,30000,30,17,0.9000,5.985595
MTDtemp,30000,30,18,0.9500,5.547519
MTDtemp,30000,30,19,1.0000,5.285627
MTDtemp,30000,30,20,1.0500,5.162328
MTDtemp,30000,30,21,1.1000,4.841597
MTDtemp,30000,30,22,1.1500,4.522562
MTDtemp,30000,30,23,1.2000,4.271833
MTDtemp,30000,30,24,1.2500,3.931032
MTDtemp,30000,30,25,1.3000,3.895273
MTDtemp,30000,30,26,1.3500,3.839065
MTDtemp,30000,30,27,1.4000,3.690536
MTDtemp,30000,30,28,1.4500,3.542911
MTDtemp,30000,30,29,1.5000,3.136781
MTDtemp,30000,30,30,1.5500,2.863379
MTDtemp,30000,30,31,1.6000,2.604206
MTDtemp,30000,30,32,1.6500,2.567661
MTDtemp,30000,30,33,1.7000,2.233520
MTDtemp,30000,30,34,1.7500,2.141852
MTDtemp,30000,30,35,1.8000,2.098697
MTDtemp,30000,30,36,1.8500,1.981179
MTDtemp,30000,30,37,1.9000,1.835730
MTDtemp,30000,30,38,1.9500,1.660047
MTDtemp,30000,30,39,2.0000,1.620564
MTDtemp,30000,30,40,2.0500,1.566275
MTDtemp,30000,30,41,2.1000,1.589504
MTDtemp,30000,30,42,2.1500,1.500184
MTDtemp,30000,30,43,2.2000,1.390027
MTDtemp,30000,30,44,2.2500,1.410211
MTDtemp,30000,30,45,2.3000,1.419651
MTDtemp,30000,30,46,2.3500,1.500978
MTDtemp,30000,30,47,2.4000,1.673932
MTDtemp,30000,30,48,2.4500,1.919509
MTDtemp,30000,30,49,2.5000,2.201495
MTDtemp,30000,30,50,2.5500,2.375128
MTDtemp,30000,30,51,2.6000,2.633051
MTDtemp,30000,30,52,2.6500,2.780176
MTDtemp,30000,30,53,2.7000,2.878873
MTDtemp,30000,30,54,2.7500,2.378513
MTDtemp,30000,30,55,2.8000,2.233720
MTDtemp,30000,30,56,2.8500,1.793110
MTDtemp,30000,30,57,2.9000,1.465843
MTDtemp,30000,30,58,2.9500,1.457485
MTDtemp,30000,30,59,3.0000,1.315861
MTDtemp,30000,30,60,3.0500,0.993954
MTDtemp,30000,30,61,3.1000,0.743282
MTDtemp,30000,30,62,3.1500,0.643476
MTDtemp,30000,30,63,3.2000,0.652611
MTDtemp,30000,30,64,3.2500,0.520350
MTDtemp,30000,30,65,3.3000,0.558675
MTDtemp,30000,30,66,3.3500,0.691746
MTDtemp,30000,30,67,3.4000,0.885475
MTDtemp,30000,30,68,3.4500,0.741812
MTDtemp,30000,30,69,3.5000,0.967999
MTDtemp,30000,30,70,3.5500,1.120717
MTDtemp,30000,30,71,3.6000,1.421879
MTDtemp,30000,30,72,3.6500,1.338223
MTDtemp,30000,30,73,3.7000,1.304821
MTDtemp,30000,30,74,3.7500,1.170294
MTDtemp,30000,30,75,3.8000,0.967438
MTDtemp,30000,30,76,3.8500,0.766950
MTDtemp,30000,30,77,3.9000,0.545600
MTDtemp,30000,30,78,3.9500,0.479941
MTDtemp,30000,30,79,4.0000,0.535253
MTDtemp,30000,30,80,4.0500,0.714621
MTDtemp,30000,30,81,4.1000,0.755463
MTDtemp,30000,30,82,4.1500,0.942548
MTDtemp,30000,30,83,4.2000,0.626985
MTDtemp,30000,30,84,4.2500,0.494442
MTDtemp,30000,30,85,4.3000,0.425975
MTDtemp,30000,30,86,4.3500,0.622479
MTDtemp,30000,30,87,4.4000,0.884162
MTDtemp,30000,30,88,4.4500,1.089827
MTDtemp,30000,30,89,4.5000,1.315303
MTDtemp,30000,30,90,4.5500,1.541402
MTDtemp,30000,30,91,4.6000,1.437304
MTDtemp,30000,30,92,4.6500,1.234934
MTDtemp,30000,30,93,4.7000,1.017450
MTDtemp,30000,30,94,4.7500,0.832377
MTDtemp,30000,30,95,4.8000,0.688708
MTDtemp,30000,30,96,4.8500,0.528838
MTDtemp,30000,30,97,4.9000,0.622241
MTDtemp,30000,30,98,4.9500,0.638975
MTDtemp,30000,30,99,5.0000,0.596824
MTDtemp,30000,30,100,5.0500,0.695084
MTDtemp,30000,30,101,5.1000,0.586904
MTDtemp,30000,30,102,5.1500,0.564602
MTDtemp,30000,30,103,5.2000,0.688362
MTDtemp,30000,30,104,5.2500,0.553744
MTDtemp,30000,30,105,5.3000,0.716824
MTDtemp,30000,30,106,5.3500,0.719300
MTDtemp,30000,30,107,5.4000,0.777855
MTDtemp,30000,30,108,5.4500,0.886947
MTDtemp,30000,30,109,5.5000,1.029241
MTDtemp,30000,30,110,5.5500,1.195370
MTDtemp,30000,30,111,5.6000,1.385422
MTDtemp,30000,30,112,5.6500,1.713167
MTDtemp,30000,30,113,5.7000,1.648884
MTDtemp,30000,30,114,5.7500,1.447313
MTDtemp,30000,30,115,5.8000,1.164239
MTDtemp,30000,30,116,5.8500,0.927709
MTDtemp,30000,30,117,5.9000,0.713735
MTDtemp,30000,30,118,5.9500,0.552476
MTDtemp,30000,30,119,6.0000,0.442373
MTDtemp,30000,30,120,6.0500,0.448054
MTDtemp,30000,30,121,6.1000,0.449615
MTDtemp,30000,30,122,6.1500,0.381357
MTDtemp,30000,30,123,6.2000,0.338395
MTDtemp,30000,30,124,6.2500,0.268621
MTDtemp,30000,30,125,6.3000,0.338680
MTDtemp,30000,30,126,6.3500,0.453958
MTDtemp,30000,30,127,6.4000,0.448939
MTDtemp,30000,30,128,6.4500,0.295470
MTDtemp,30000,30,129,6.5000,0.325642
MTDtemp,30000,30,130,6.5500,0.510966
MTDtemp,30000,30,131,6.6000,0.662418
MTDtemp,30000,30,132,6.6500,0.821614
MTDtemp,30000,30,133,6.7000,0.971306
MTDtemp,30000,30,134,6.7500,0.775238
MTDtemp,30000,30,135,6.8000,0.655332
MTDtemp,30000,30,136,6.8500,0.415211
MTDtemp,30000,30,137,6.9000,0.341480
MTDtemp,30000,30,138,6.9500,0.397949
MTDtemp,30000,30,139,7.0000,0.422581
MTDtemp,30000,30,140,7.0500,0.769537
MTDtemp,30000,30,141,7.1000,0.700140
MTDtemp,30000,30,142,7.1500,0.938900
MTDtemp,30000,30,143,7.2000,0.929884
MTDtemp,30000,30,144,7.2500,1.182966
MTDtemp,30000,30,145,7.3000,1.181526
MTDtemp,30000,30,146,7.3500,1.506648
MTDtemp,30000,30,147,7.4000,1.710271
MTDtemp,30000,30,148,7.4500,1.968004
MTDtemp,30000,30,149,7.5000,2.031343
MTDtemp,30000,30,150,7.5500,2.200953
MTDtemp,30000,30,151,7.6000,2.157403
MTDtemp,30000,30,152,7.6500,2.061481
MTDtemp,30000,30,153,7.7000,1.849173
MTDtemp,30000,30,154,7.7500,1.679856
MTDtemp,30000,30,155,7.8000,1.610206
MTDtemp,30000,30,156,7.8500,1.439424
MTDtemp,30000,30,157,7.9000,1.178939
MTDtemp,30000,30,158,7.9500,0.924418
MTDtemp,30000,30,159,8.0000,0.774917
MTDtemp,30000,30,160,8.0500,0.616052
MTDtemp,30000,30,161,8.1000,0.426654
MTDtemp,30000,30,162,8.1500,0.224388
MTDtemp,30000,30,163,8.2000,0.324627
MTDtemp,30000,30,164,8.2500,0.357990
MTDtemp,30000,30,165,8.3000,0.460744
MTDtemp,30000,30,166,8.3500,0.634991
MTDtemp,30000,30,167,8.4000,0.475005
MTDtemp,30000,30,168,8.4500,0.412546
MTDtemp,30000,30,169,8.5000,0.368750
MTDtemp,30000,30,170,8.5500,0.476390
MTDtemp,30000,30,171,8.6000,0.878741
MTDtemp,30000,30,172,8.6500,1.053494
MTDtemp,30000,30,173,8.7000,0.922984
MTDtemp,30000,30,174,8.7500,0.741749
MTDtemp,30000,30,175,8.8000,0.576086
MTDtemp,30000,30,176,8.8500,0.407466
MTDtemp,30000,30,177,8.9000,0.418551
MTDtemp,30000,30,178,8.9500,0.533941
MTDtemp,30000,30,179,9.0000,0.578942
MTDtemp,30000,30,180,9.0500,0.704546
MTDtemp,30000,30,181,9.1000,0.749878
MTDtemp,30000,30,182,9.1500,0.880276
MTDtemp,30000,30,183,9.2000,1.045926
MTDtemp,30000,30,184,9.2500,1.234485
MTDtemp,30000,30,185,9.3000,1.383488
MTDtemp,30000,30,186,9.3500,1.567573
MTDtemp,30000,30,187,9.4000,1.734742
MTDtemp,30000,30,188,9.4500,1.933949
MTDtemp,30000,30,189,9.5000,2.129068
MTDtemp,30000,30,190,9.5500,2.265809
MTDtemp,30000,30,191,9.6000,2.198077
MTDtemp,30000,30,192,9.6500,2.097688
MTDtemp,30000,30,193,9.7000,2.069308
MTDtemp,30000,30,194,9.7500,1.847989
MTDtemp,30000,30,195,9.8000,1.918793
MTDtemp,30000,30,196,9.8500,1.738899
MTDtemp,30000,30,197,9.9000,1.453746
MTDtemp,30000,30,198,9.9500,1.296034
MTDtemp,30000,30,199,10.0000,1.222301
MTDtemp,30000,40,0,0.0500,14.139862
MTDtemp,30000,40,1,0.1000,12.719972
MTDtemp,30000,40,2,0.1500,12.035152
MTDtemp,30000,40,3,0.2000,11.458331
MTDtemp,30000,40,4,0.2500,10.870513
MTDtemp,30000,40,5,0.3000,10.773795
MTDtemp,30000,40,6,0.3500,10.111480
MTDtemp,30000,40,7,0.4000,9.481895
MTDtemp,30000,40,8,0.4500,8.994446
MTDtemp,30000,40,9,0.5000,8.797700
MTDtemp,30000,40,10,0.5500,8.496750
MTDtemp,30000,40,11,0.6000,8.024516
MTDtemp,30000,40,12,0.6500,7.585305
MTDtemp,30000,40,13,0.7000,7.299028
MTDtemp,30000,40,14,0.7500,6.706504
MTDtemp,30000,40,15,0.8000,6.422844
MTDtemp,30000,40,16,0.8500,6.309176
MTDtemp,30000,40,17,0.9000,6.198934
MTDtemp,30000,40,18,0.9500,5.779759
MTDtemp,30000,40,19,1.0000,5.546214
MTDtemp,30000,40,20,1.0500,5.441353
MTDtemp,30000,40,21,1.1000,4.695727
MTDtemp,30000,40,22,1.1500,4.669543
MTDtemp,30000,40,23,1.2000,4.468644
MTDtemp,30000,40,24,1.2500,4.145627
MTDtemp,30000,40,25,1.3000,3.862561
MTDtemp,30000,40,26,1.3500,3.677340
MTDtemp,30000,40,27,1.4000,3.565850
MTDtemp,30000,40,28,1.4500,3.521292
MTDtemp,30000,40,29,1.5000,3.046187
MTDtemp,30000,40,30,1.5500,2.830948
MTDtemp,30000,40,31,1.6000,2.671517
MTDtemp,30000,40,32,1.6500,2.580653
MTDtemp,30000,40,33,1.7000,2.530890
MTDtemp,30000,40,34,1.7500,2.505562
MTDtemp,30000,40,35,1.8000,2.125990
MTDtemp,30000,40,36,1.8500,1.954107
MTDtemp,30000,40,37,1.9000,1.934641
MTDtemp,30000,40,38,1.9500,1.878734
MTDtemp,30000,40,39,2.0000,1.588526
MTDtemp,30000,40,40,2.0500,1.504682
MTDtemp,30000,40,41,2.1000,1.446940
MTDtemp,30000,40,42,2.1500,1.513534
MTDtemp,30000,40,43,2.2000,1.553718
MTDtemp,30000,40,44,2.2500,1.719706
MTDtemp,30000,40,45,2.3000,1.941258
MTDtemp,30000,40,46,2.3500,2.132104
MTDtemp,30000,40,47,2.4000,2.255928
MTDtemp,30000,40,48,2.4500,2.527417
MTDtemp,30000,40,49,2.5000,2.782971
MTDtemp,30000,40,50,2.5500,2.849964
MTDtemp,30000,40,51,2.6000,2.793692
MTDtemp,30000,40,52,2.6500,2.667104
MTDtemp,30000,40,53,2.7000,2.642459
MTDtemp,30000,40,54,2.7500,1.972091
MTDtemp,30000,40,55,2.8000,1.620127
MTDtemp,30000,40,56,2.8500,1.404364
MTDtemp,30000,40,57,2.9000,1.387599
MTDtemp,30000,40,58,2.9500,1.423717
MTDtemp,30000,40,59,3.0000,1.098406
MTDtemp,30000,40,60,3.0500,0.944603
MTDtemp,30000,40,61,3.1000,0.680470
MTDtemp,30000,40,62,3.1500,0.647024
MTDtemp,30000,40,63,3.2000,0.570940
MTDtemp,30000,40,64,3.2500,0.471798
MTDtemp,30000,40,65,3.3000,0.730420
MTDtemp,30000,40,66,3.3500,0.645863
MTDtemp,30000,40,67,3.4000,0.551076
MTDtemp,30000,40,68,3.4500,0.461322
MTDtemp,30000,40,69,3.5000,0.497077
MTDtemp,30000,40,70,3.5500,0.675393
MTDtemp,30000,40,71,3.6000,0.889151
MTDtemp,30000,40,72,3.6500,1.123972
MTDtemp,30000,40,73,3.7000,1.170780
MTDtemp,30000,40,74,3.7500,0.974950
MTDtemp,30000,40,75,3.8000,0.815520
MTDtemp,30000,40,76,3.8500,0.729529
MTDtemp,30000,40,77,3.9000,0.786703
MTDtemp,30000,40,78,3.9500,0.962749
MTDtemp,30000,40,79,4.0000,0.761205
MTDtemp,30000,40,80,4.0500,0.346794
MTDtemp,30000,40,81,4.1000,0.354471
MTDtemp,30000,40,82,4.1500,0.640672
MTDtemp,30000,40,83,4.2000,0.558676
MTDtemp,30000,40,84,4.2500,0.560379
MTDtemp,30000,40,85,4.3000,0.497928
MTDtemp,30000,40,86,4.3500,0.416821
MTDtemp,30000,40,87,4.4000,0.453661
MTDtemp,30000,40,88,4.4500,0.687973
MTDtemp,30000,40,89,4.5000,0.894970
MTDtemp,30000,40,90,4.5500,0.969025
MTDtemp,30000,40,91,4.6000,0.730048
MTDtemp,30000,40,92,4.6500,0.378665
MTDtemp,30000,40,93,4.7000,0.403735
MTDtemp,30000,40,94,4.7500,0.523709
MTDtemp,30000,40,95,4.8000,0.566769
MTDtemp,30000,40,96,4.8500,0.507980
MTDtemp,30000,40,97,4.9000,0.725139
MTDtemp,30000,40,98,4.9500,0.996936
MTDtemp,30000,40,99,5.0000,1.138054
MTDtemp,30000,40,100,5.0500,1.214494
MTDtemp,30000,40,101,5.1000,1.342509
MTDtemp,30000,40,102,5.1500,1.960937
MTDtemp,30000,40,103,5.2000,1.965245
MTDtemp,30000,40,104,5.2500,1.793045
MTDtemp,30000,40,105,5.3000,1.648867
MTDtemp,30000,40,106,5.3500,1.466339
MTDtemp,30000,40,107,5.4000,1.382589
MTDtemp,30000,40,108,5.4500,1.389848
MTDtemp,30000,40,109,5.5000,1.452853
MTDtemp,30000,40,110,5.5500,1.407355
MTDtemp,30000,40,111,5.6000,1.219385
MTDtemp,30000,40,112,5.6500,1.173353
MTDtemp,30000,40,113,5.7000,1.354402
MTDtemp,30000,40,114,5.7500,1.363733
MTDtemp,30000,40,115,5.8000,1.355451
MTDtemp,30000,40,116,5.8500,1.367665
MTDtemp,30000,40,117,5.9000,1.530374
MTDtemp,30000,40,118,5.9500,1.598884
MTDtemp,30000,40,119,6.0000,1.648942
MTDtemp,30000,40,120,6.0500,1.845599
MTDtemp,30000,40,121,6.1000,1.873895
MTDtemp,30000,40,122,6.1500,1.985973
MTDtemp,30000,40,123,6.2000,2.100890
MTDtemp,30000,40,124,6.2500,2.102202
MTDtemp,30000,40,125,6.3000,2.254522
MTDtemp,30000,40,126,6.3500,2.359928
MTDtemp,30000,40,127,6.4000,2.508525
MTDtemp,30000,40,128,6.4500,2.801652
MTDtemp,30000,40,129,6.5000,2.788691
MTDtemp,30000,40,130,6.5500,2.932231
MTDtemp,30000,40,131,6.6000,3.123860
MTDtemp,30000,40,132,6.6500,3.077786
MTDtemp,30000,40,133,6.7000,2.793090
MTDtemp,30000,40,134,6.7500,2.526983
MTDtemp,30000,40,135,6.8000,2.234133
MTDtemp,30000,40,136,6.8500,1.973283
MTDtemp,30000,40,137,6.9000,1.759513
MTDtemp,30000,40,138,6.9500,1.531162
MTDtemp,30000,40,139,7.0000,1.303181
MTDtemp,30000,40,140,7.0500,1.036818
MTDtemp,30000,40,141,7.1000,0.831620
MTDtemp,30000,40,142,7.1500,0.611998
MTDtemp,30000,40,143,7.2000,0.433441
MTDtemp,30000,40,144,7.2500,0.313263
MTDtemp,30000,40,145,7.3000,0.375048
MTDtemp,30000,40,146,7.3500,0.471320
MTDtemp,30000,40,147,7.4000,0.645440
MTDtemp,30000,40,148,7.4500,0.763244
MTDtemp,30000,40,149,7.5000,0.838210
MTDtemp,30000,40,150,7.5500,0.887932
MTDtemp,30000,40,151,7.6000,0.602458
MTDtemp,30000,40,152,7.6500,0.386523
MTDtemp,30000,40,153,7.7000,0.499039
MTDtemp,30000,40,154,7.7500,0.364246
MTDtemp,30000,40,155,7.8000,0.427043
MTDtemp,30000,40,156,7.8500,0.487022
MTDtemp,30000,40,157,7.9000,0.861873
MTDtemp,30000,40,158,7.9500,1.146107
MTDtemp,30000,40,159,8.0000,0.963786
MTDtemp,30000,40,160,8.0500,0.813442
MTDtemp,30000,40,161,8.1000,0.674012
MTDtemp,30000,40,162,8.1500,0.535632
MTDtemp,30000,40,163,8.2000,0.367225
MTDtemp,30000,40,164,8.2500,0.486065
MTDtemp,30000,40,165,8.3000,0.418547
MTDtemp,30000,40,166,8.3500,0.453044
MTDtemp,30000,40,167,8.4000,0.675103
MTDtemp,30000,40,168,8.4500,0.764269
MTDtemp,30000,40,169,8.5000,0.769294
MTDtemp,30000,40,170,8.5500,0.597539
MTDtemp,30000,40,171,8.6000,0.458942
MTDtemp,30000,40,172,8.6500,0.361132
MTDtemp,30000,40,173,8.7000,0.457774
MTDtemp,30000,40,174,8.7500,0.509844
MTDtemp,30000,40,175,8.8000,0.631628
MTDtemp,30000,40,176,8.8500,0.557587
MTDtemp,30000,40,177,8.9000,0.678167
MTDtemp,30000,40,178,8.9500,0.646135
MTDtemp,30000,40,179,9.0000,0.698396
MTDtemp,30000,40,180,9.0500,0.867621
MTDtemp,30000,40,181,9.1000,0.949157
MTDtemp,30000,40,182,9.1500,1.451534
MTDtemp,30000,40,183,9.2000,1.585464
MTDtemp,30000,40,184,9.2500,1.873353
MTDtemp,30000,40,185,9.3000,2.167849
MTDtemp,30000,40,186,9.3500,2.352503
MTDtemp,30000,40,187,9.4000,2.275786
MTDtemp,30000,40,188,9.4500,2.086803
MTDtemp,30000,40,189,9.5000,1.883170
MTDtemp,30000,40,190,9.5500,1.688311
MTDtemp,30000,40,191,9.6000,1.520119
MTDtemp,30000,40,192,9.6500,1.400925
MTDtemp,30000,40,193,9.7000,1.212506
MTDtemp,30000,40,194,9.7500,1.032428
MTDtemp,30000,40,195,9.8000,0.872575
MTDtemp,30000,40,196,9.8500,0.787138
MTDtemp,30000,40,197,9.9000,0.634514
MTDtemp,30000,40,198,9.9500,0.568369
MTDtemp,30000,40,199,10.0000,0.600340
MTDtemp,30000,50,0,0.0500,14.056465
MTDtemp,30000,50,1,0.1000,12.946212
MTDtemp,30000,50,2,0.1500,12.024773
MTDtemp,30000,50,3,0.2000,11.616063
MTDtemp,30000,50,4,0.2500,11.131730
MTDtemp,30000,50,5,0.3000,10.555645
MTDtemp,30000,50,6,0.3500,9.948425
MTDtemp,30000,50,7,0.4000,9.483506
MTDtemp,30000,50,8,0.4500,9.244918
MTDtemp,30000,50,9,0.5000,8.829020
MTDtemp,30000,50,10,0.5500,8.475570
MTDtemp,30000,50,11,0.6000,8.060861
MTDtemp,30000,50,12,0.6500,7.741289
MTDtemp,30000,50,13,0.7000,7.153490
MTDtemp,30000,50,14,0.7500,6.789334
MTDtemp,30000,50,15,0.8000,6.505714
MTDtemp,30000,50,16,0.8500,6.370997
MTDtemp,30000,50,17,0.9000,5.902602
MTDtemp,30000,50,18,0.9500,5.612045
MTDtemp,30000,50,19,1.0000,5.479920
MTDtemp,30000,50,20,1.0500,5.350217
MTDtemp,30000,50,21,1.1000,4.895801
MTDtemp,30000,50,22,1.1500,4.899866
MTDtemp,30000,50,23,1.2000,4.669415
MTDtemp,30000,50,24,1.2500,4.518418
MTDtemp,30000,50,25,1.3000,4.101877
MTDtemp,30000,50,26,1.3500,3.622874
MTDtemp,30000,50,27,1.4000,3.216962
MTDtemp,30000,50,28,1.4500,3.111669
MTDtemp,30000,50,29,1.5000,2.893838
MTDtemp,30000,50,30,1.5500,2.743977
MTDtemp,30000,50,31,1.6000,2.718648
MTDtemp,30000,50,32,1.6500,2.688202
MTDtemp,30000,50,33,1.7000,2.680617
MTDtemp,30000,50,34,1.7500,2.475323
MTDtemp,30000,50,35,1.8000,2.213174
MTDtemp,30000,50,36,1.8500,1.922255
MTDtemp,30000,50,37,1.9000,1.869325
MTDtemp,30000,50,38,1.9500,1.751899
MTDtemp,30000,50,39,2.0000,1.689242
MTDtemp,30000,50,40,2.0500,1.541445
MTDtemp,30000,50,41,2.1000,1.464013
MTDtemp,30000,50,42,2.1500,1.405886
MTDtemp,30000,50,43,2.2000,1.411961
MTDtemp,30000,50,44,2.2500,1.333267
MTDtemp,30000,50,45,2.3000,1.336195
MTDtemp,30000,50,46,2.3500,1.125365
MTDtemp,30000,50,47,2.4000,1.006154
MTDtemp,30000,50,48,2.4500,0.961919
MTDtemp,30000,50,49,2.5000,1.036237
MTDtemp,30000,50,50,2.5500,0.934584
MTDtemp,30000,50,51,2.6000,0.878658
MTDtemp,30000,50,52,2.6500,0.850199
MTDtemp,30000,50,53,2.7000,0.992487
MTDtemp,30000,50,54,2.7500,1.050481
MTDtemp,30000,50,55,2.8000,1.285077
MTDtemp,30000,50,56,2.8500,1.448633
MTDtemp,30000,50,57,2.9000,1.378374
MTDtemp,30000,50,58,2.9500,1.284716
MTDtemp,30000,50,59,3.0000,0.945856
MTDtemp,30000,50,60,3.0500,0.675776
MTDtemp,30000,50,61,3.1000,0.463651
MTDtemp,30000,50,62,3.1500,0.426153
MTDtemp,30000,50,63,3.2000,0.557922
MTDtemp,30000,50,64,3.2500,0.758559
MTDtemp,30000,50,65,3.3000,1.032106
MTDtemp,30000,50,66,3.3500,1.308029
MTDtemp,30000,50,67,3.4000,1.481935
MTDtemp,30000,50,68,3.4500,1.727937
MTDtemp,30000,50,69,3.5000,1.994980
MTDtemp,30000,50,70,3.5500,2.252419
MTDtemp,30000,50,71,3.6000,2.449877
MTDtemp,30000,50,72,3.6500,2.537716
MTDtemp,30000,50,73,3.7000,2.627341
MTDtemp,30000,50,74,3.7500,2.472358
MTDtemp,30000,50,75,3.8000,2.030859
MTDtemp,30000,50,76,3.8500,1.832319
MTDtemp,30000,50,77,3.9000,1.671048
MTDtemp,30000,50,78,3.9500,1.482824
MTDtemp,30000,50,79,4.0000,1.158674
MTDtemp,30000,50,80,4.0500,0.957226
MTDtemp,30000,50,81,4.1000,0.833600
MTDtemp,30000,50,82,4.1500,0.814480
MTDtemp,30000,50,83,4.2000,0.854797
MTDtemp,30000,50,84,4.2500,0.830855
MTDtemp,30000,50,85,4.3000,0.578191
MTDtemp,30000,50,86,4.3500,0.546996
MTDtemp,30000,50,87,4.4000,0.475671
MTDtemp,30000,50,88,4.4500,0.644526
MTDtemp,30000,50,89,4.5000,0.863879
MTDtemp,30000,50,90,4.5500,0.982875
MTDtemp,30000,50,91,4.6000,1.130348
MTDtemp,30000,50,92,4.6500,1.321374
MTDtemp,30000,50,93,4.7000,1.513754
MTDtemp,30000,50,94,4.7500,1.716200
MTDtemp,30000,50,95,4.8000,1.916001
MTDtemp,30000,50,96,4.8500,2.130956
MTDtemp,30000,50,97,4.9000,2.348228
MTDtemp,30000,50,98,4.9500,2.574298
MTDtemp,30000,50,99,5.0000,2.779900
MTDtemp,30000,50,100,5.0500,2.752542
MTDtemp,30000,50,101,5.1000,2.721642
MTDtemp,30000,50,102,5.1500,2.240781
MTDtemp,30000,50,103,5.2000,2.179476
MTDtemp,30000,50,104,5.2500,1.634846
MTDtemp,30000,50,105,5.3000,1.520835
MTDtemp,30000,50,106,5.3500,1.186015
MTDtemp,30000,50,107,5.4000,0.919601
MTDtemp,30000,50,108,5.4500,0.777775
MTDtemp,30000,50,109,5.5000,0.661661
MTDtemp,30000,50,110,5.5500,0.607227
MTDtemp,30000,50,111,5.6000,0.493627
MTDtemp,30000,50,112,5.6500,0.365784
MTDtemp,30000,50,113,5.7000,0.495342
MTDtemp,30000,50,114,5.7500,0.349763
MTDtemp,30000,50,115,5.8000,0.340964
MTDtemp,30000,50,116,5.8500,0.346653
MTDtemp,30000,50,117,5.9000,0.403206
MTDtemp,30000,50,118,5.9500,0.591820
MTDtemp,30000,50,119,6.0000,0.984769
MTDtemp,30000,50,120,6.0500,0.933126
MTDtemp,30000,50,121,6.1000,0.913402
MTDtemp,30000,50,122,6.1500,0.932535
MTDtemp,30000,50,123,6.2000,0.703912
MTDtemp,30000,50,124,6.2500,0.540302
MTDtemp,30000,50,125,6.3000,0.579772
MTDtemp,30000,50,126,6.3500,0.468244
MTDtemp,30000,50,127,6.4000,0.534772
MTDtemp,30000,50,128,6.4500,0.681916
MTDtemp,30000,50,129,6.5000,0.854622
MTDtemp,30000,50,130,6.5500,1.027202
MTDtemp,30000,50,131,6.6000,1.236331
MTDtemp,30000,50,132,6.6500,1.418109
MTDtemp,30000,50,133,6.7000,1.575978
MTDtemp,30000,50,134,6.7500,1.731416
MTDtemp,30000,50,135,6.8000,1.930601
MTDtemp,30000,50,136,6.8500,2.132859
MTDtemp,30000,50,137,6.9000,2.329586
MTDtemp,30000,50,138,6.9500,2.549016
MTDtemp,30000,50,139,7.0000,2.726845
MTDtemp,30000,50,140,7.0500,2.937886
MTDtemp,30000,50,141,7.1000,3.118541
MTDtemp,30000,50,142,7.1500,3.284339
MTDtemp,30000,50,143,7.2000,3.264683
MTDtemp,30000,50,144,7.2500,2.996018
MTDtemp,30000,50,145,7.3000,2.912795
MTDtemp,30000,50,146,7.3500,2.373891
MTDtemp,30000,50,147,7.4000,2.162982
MTDtemp,30000,50,148,7.4500,2.154397
MTDtemp,30000,50,149,7.5000,2.066074
MTDtemp,30000,50,150,7.5500,1.832807
MTDtemp,30000,50,151,7.6000,1.480099
MTDtemp,30000,50,152,7.6500,1.304488
MTDtemp,30000,50,153,7.7000,1.271394
MTDtemp,30000,50,154,7.7500,1.087643
MTDtemp,30000,50,155,7.8000,0.922465
MTDtemp,30000,50,156,7.8500,0.784380
MTDtemp,30000,50,157,7.9000,0.657830
MTDtemp,30000,50,158,7.9500,0.535536
MTDtemp,30000,50,159,8.0000,0.464993
MTDtemp,30000,50,160,8.0500,0.450196
MTDtemp,30000,50,161,8.1000,0.423853
MTDtemp,30000,50,162,8.1500,0.446445
MTDtemp,30000,50,163,8.2000,0.559593
MTDtemp,30000,50,164,8.2500,0.750181
MTDtemp,30000,50,165,8.3000,0.870225
MTDtemp,30000,50,166,8.3500,1.033605
MTDtemp,30000,50,167,8.4000,1.153318
MTDtemp,30000,50,168,8.4500,1.326900
MTDtemp,30000,50,169,8.5000,1.501812
MTDtemp,30000,50,170,8.5500,1.664449
MTDtemp,30000,50,171,8.6000,1.828883
MTDtemp,30000,50,172,8.6500,1.984706
MTDtemp,30000,50,173,8.7000,2.167214
MTDtemp,30000,50,174,8.7500,2.287494
MTDtemp,30000,50,175,8.8000,2.463313
MTDtemp,30000,50,176,8.8500,2.579280
MTDtemp,30000,50,177,8.9000,2.749523
MTDtemp,30000,50,178,8.9500,2.907631
MTDtemp,30000,50,179,9.0000,2.726210
MTDtemp,30000,50,180,9.0500,2.317019
MTDtemp,30000,50,181,9.1000,2.091197
MTDtemp,30000,50,182,9.1500,1.885312
MTDtemp,30000,50,183,9.2000,1.699077
MTDtemp,30000,50,184,9.2500,1.515318
MTDtemp,30000,50,185,9.3000,1.381383
MTDtemp,30000,50,186,9.3500,1.327226
MTDtemp,30000,50,187,9.4000,1.255116
MTDtemp,30000,50,188,9.4500,1.060005
MTDtemp,30000,50,189,9.5000,0.961608
MTDtemp,30000,50,190,9.5500,0.789303
MTDtemp,30000,50,191,9.6000,0.793520
MTDtemp,30000,50,192,9.6500,0.345698
MTDtemp,30000,50,193,9.7000,0.395695
MTDtemp,30000,50,194,9.7500,0.281066
MTDtemp,30000,50,195,9.8000,0.472431
MTDtemp,30000,50,196,9.8500,0.638148
MTDtemp,30000,50,197,9.9000,0.766608
MTDtemp,30000,50,198,9.9500,0.692395
MTDtemp,30000,50,199,10.0000,0.676349
MTDtemp,4000,10,0,0.0500,14.070365
MTDtemp,4000,10,1,0.1000,12.989549
MTDtemp,4000,10,2,0.1500,12.500002
MTDtemp,4000,10,3,0.2000,11.675153
MTDtemp,4000,10,4,0.2500,11.336095
MTDtemp,4000,10,5,0.3000,10.841780
MTDtemp,4000,10,6,0.3500,10.387971
MTDtemp,4000,10,7,0.4000,10.100413
MTDtemp,4000,10,8,0.4500,9.904489
MTDtemp,4000,10,9,0.5000,9.734507
MTDtemp,4000,10,10,0.5500,9.360645
MTDtemp,4000,10,11,0.6000,9.119642
MTDtemp,4000,10,12,0.6500,8.940083
MTDtemp,4000,10,13,0.7000,8.785346
MTDtemp,4000,10,14,0.7500,8.416050
MTDtemp,4000,10,15,0.8000,8.290478
MTDtemp,4000,10,16,0.8500,8.031140
MTDtemp,4000,10,17,0.9000,7.949405
MTDtemp,4000,10,18,0.9500,7.646705
MTDtemp,4000,10,19,1.0000,7.419450
MTDtemp,4000,10,20,1.0500,7.192961
MTDtemp,4000,10,21,1.1000,7.149151
MTDtemp,4000,10,22,1.1500,6.987150
MTDtemp,4000,10,23,1.2000,6.821416
MTDtemp,4000,10,24,1.2500,6.443023
MTDtemp,4000,10,25,1.3000,6.371620
MTDtemp,4000,10,26,1.3500,6.177327
MTDtemp,4000,10,27,1.4000,6.174809
MTDtemp,4000,10,28,1.4500,6.093780
MTDtemp,4000,10,29,1.5000,6.000049
MTDtemp,4000,10,30,1.5500,5.891336
MTDtemp,4000,10,31,1.6000,5.652767
MTDtemp,4000,10,32,1.6500,5.533760
MTDtemp,4000,10,33,1.7000,5.513426
MTDtemp,4000,10,34,1.7500,5.206515
MTDtemp,4000,10,35,1.8000,5.004596
MTDtemp,4000,10,36,1.8500,4.850969
MTDtemp,4000,10,37,1.9000,4.802663
MTDtemp,4000,10,38,1.9500,4.708562
MTDtemp,4000,10,39,2.0000,4.623818
MTDtemp,4000,10,40,2.0500,4.541597
MTDtemp,4000,10,41,2.1000,4.489494
MTDtemp,4000,10,42,2.1500,4.371766
MTDtemp,4000,10,43,2.2000,4.351651
MTDtemp,4000,10,44,2.2500,4.351809
MTDtemp,4000,10,45,2.3000,4.332366
MTDtemp,4000,10,46,2.3500,4.205552
MTDtemp,4000,10,47,2.4000,3.965575
MTDtemp,4000,10,48,2.4500,3.946094
MTDtemp,4000,10,49,2.5000,3.859085
MTDtemp,4000,10,50,2.5500,3.746234
MTDtemp,4000,10,51,2.6000,3.646557
MTDtemp,4000,10,52,2.6500,3.553751
MTDtemp,4000,10,53,2.7000,3.501511
MTDtemp,4000,10,54,2.7500,3.445339
MTDtemp,4000,10,55,2.8000,3.386901
MTDtemp,4000,10,56,2.8500,3.270475
MTDtemp,4000,10,57,2.9000,3.259552
MTDtemp,4000,10,58,2.9500,3.193421
MTDtemp,4000,10,59,3.0000,3.160422
MTDtemp,4000,10,60,3.0500,3.120774
MTDtemp,4000,10,61,3.1000,3.112008
MTDtemp,4000,10,62,3.1500,3.083061
MTDtemp,4000,10,63,3.2000,2.928011
MTDtemp,4000,10,64,3.2500,2.849677
MTDtemp,4000,10,65,3.3000,2.800896
MTDtemp,4000,10,66,3.3500,2.757291
MTDtemp,4000,10,67,3.4000,2.706423
MTDtemp,4000,10,68,3.4500,2.643983
MTDtemp,4000,10,69,3.5000,2.566222
MTDtemp,4000,10,70,3.5500,2.460392
MTDtemp,4000,10,71,3.6000,2.420721
MTDtemp,4000,10,72,3.6500,2.364348
MTDtemp,4000,10,73,3.7000,2.325933
MTDtemp,4000,10,74,3.7500,2.317536
MTDtemp,4000,10,75,3.8000,2.292722
MTDtemp,4000,10,76,3.8500,2.218545
MTDtemp,4000,10,77,3.9000,2.099346
MTDtemp,4000,10,78,3.9500,2.072500
MTDtemp,4000,10,79,4.0000,1.991959
MTDtemp,4000,10,80,4.0500,1.924712
MTDtemp,4000,10,81,4.1000,1.883641
MTDtemp,4000,10,82,4.1500,1.852758
MTDtemp,4000,10,83,4.2000,1.834235
MTDtemp,4000,10,84,4.2500,1.814461
MTDtemp,4000,10,85,4.3000,1.780915
MTDtemp,4000,10,86,4.3500,1.757719
MTDtemp,4000,10,87,4.4000,1.745803
MTDtemp,4000,10,88,4.4500,1.730752
MTDtemp,4000,10,89,4.5000,1.709045
MTDtemp,4000,10,90,4.5500,1.680823
MTDtemp,4000,10,91,4.6000,1.654090
MTDtemp,4000,10,92,4.6500,1.639167
MTDtemp,4000,10,93,4.7000,1.568917
MTDtemp,4000,10,94,4.7500,1.532812
MTDtemp,4000,10,95,4.8000,1.505713
MTDtemp,4000,10,96,4.8500,1.479194
MTDtemp,4000,10,97,4.9000,1.460641
MTDtemp,4000,10,98,4.9500,1.416874
MTDtemp,4000,10,99,5.0000,1.364447
MTDtemp,4000,10,100,5.0500,1.478607
MTDtemp,4000,10,101,5.1000,1.583043
MTDtemp,4000,10,102,5.1500,1.801629
MTDtemp,4000,10,103,5.2000,1.994284
MTDtemp,4000,10,104,5.2500,2.133788
MTDtemp,4000,10,105,5.3000,2.206249
MTDtemp,4000,10,106,5.3500,2.201668
MTDtemp,4000,10,107,5.4000,2.133285
MTDtemp,4000,10,108,5.4500,2.121767
MTDtemp,4000,10,109,5.5000,2.086961
MTDtemp,4000,10,110,5.5500,1.993364
MTDtemp,4000,10,111,5.6000,1.924440
MTDtemp,4000,10,112,5.6500,1.847783
MTDtemp,4000,10,113,5.7000,1.841148
MTDtemp,4000,10,114,5.7500,1.809004
MTDtemp,4000,10,115,5.8000,1.741067
MTDtemp,4000,10,116,5.8500,1.729229
MTDtemp,4000,10,117,5.9000,1.693051
MTDtemp,4000,10,118,5.9500,1.664206
MTDtemp,4000,10,119,6.0000,1.648739
MTDtemp,4000,10,120,6.0500,1.592114
MTDtemp,4000,10,121,6.1000,1.582519
MTDtemp,4000,10,122,6.1500,1.548642
MTDtemp,4000,10,123,6.2000,1.479030
MTDtemp,4000,10,124,6.2500,1.431489
MTDtemp,4000,10,125,6.3000,1.375464
MTDtemp,4000,10,126,6.3500,1.329472
MTDtemp,4000,10,127,6.4000,1.311684
MTDtemp,4000,10,128,6.4500,1.281102
MTDtemp,4000,10,129,6.5000,1.261116
MTDtemp,4000,10,130,6.5500,1.256089
MTDtemp,4000,10,131,6.6000,1.242127
MTDtemp,4000,10,132,6.6500,1.271957
MTDtemp,4000,10,133,6.7000,1.353687
MTDtemp,4000,10,134,6.7500,1.409289
MTDtemp,4000,10,135,6.8000,1.361878
MTDtemp,4000,10,136,6.8500,1.338941
MTDtemp,4000,10,137,6.9000,1.296122
MTDtemp,4000,10,138,6.9500,1.220268
MTDtemp,4000,10,139,7.0000,1.152079
MTDtemp,4000,10,140,7.0500,1.098765
MTDtemp,4000,10,141,7.1000,1.050645
MTDtemp,4000,10,142,7.1500,1.015288
MTDtemp,4000,10,143,7.2000,0.979924
MTDtemp,4000,10,144,7.2500,0.922783
MTDtemp,4000,10,145,7.3000,0.885995
MTDtemp,4000,10,146,7.3500,0.850280
MTDtemp,4000,10,147,7.4000,0.798194
MTDtemp,4000,10,148,7.4500,0.764774
MTDtemp,4000,10,149,7.5000,0.740354
MTDtemp,4000,10,150,7.5500,0.711110
MTDtemp,4000,10,151,7.6000,0.676968
MTDtemp,4000,10,152,7.6500,0.664572
MTDtemp,4000,10,153,7.7000,0.637797
MTDtemp,4000,10,154,7.7500,0.621119
MTDtemp,4000,10,155,7.8000,0.583349
MTDtemp,4000,10,156,7.8500,0.561932
MTDtemp,4000,10,157,7.9000,0.515329
MTDtemp,4000,10,158,7.9500,0.503900
MTDtemp,4000,10,159,8.0000,0.482630
MTDtemp,4000,10,160,8.0500,0.469249
MTDtemp,4000,10,161,8.1000,0.453995
MTDtemp,4000,10,162,8.1500,0.443925
MTDtemp,4000,10,163,8.2000,0.438230
MTDtemp,4000,10,164,8.2500,0.430063
MTDtemp,4000,10,165,8.3000,0.427988
MTDtemp,4000,10,166,8.3500,0.434381
MTDtemp,4000,10,167,8.4000,0.438593
MTDtemp,4000,10,168,8.4500,0.440373
MTDtemp,4000,10,169,8.5000,0.461177
MTDtemp,4000,10,170,8.5500,0.458251
MTDtemp,4000,10,171,8.6000,0.468670
MTDtemp,4000,10,172,8.6500,0.474536
MTDtemp,4000,10,173,8.7000,0.490770
MTDtemp,4000,10,174,8.7500,0.496235
MTDtemp,4000,10,175,8.8000,0.495303
MTDtemp,4000,10,176,8.8500,0.499841
MTDtemp,4000,10,177,8.9000,0.533516
MTDtemp,4000,10,178,8.9500,0.569440
MTDtemp,4000,10,179,9.0000,0.603013
MTDtemp,4000,10,180,9.0500,0.647127
MTDtemp,4000,10,181,9.1000,0.658829
MTDtemp,4000,10,182,9.1500,0.698255
MTDtemp,4000,10,183,9.2000,0.733529
MTDtemp,4000,10,184,9.2500,0.722763
MTDtemp,4000,10,185,9.3000,0.688335
MTDtemp,4000,10,186,9.3500,0.690312
MTDtemp,4000,10,187,9.4000,0.726868
MTDtemp,4000,10,188,9.4500,0.754896
MTDtemp,4000,10,189,9.5000,0.773717
MTDtemp,4000,10,190,9.5500,0.813284
MTDtemp,4000,10,191,9.6000,0.837891
MTDtemp,4000,10,192,9.6500,0.818963
MTDtemp,4000,10,193,9.7000,0.809580
MTDtemp,4000,10,194,9.7500,0.745867
MTDtemp,4000,10,195,9.8000,0.631165
MTDtemp,4000,10,196,9.8500,0.402095
MTDtemp,4000,10,197,9.9000,0.333441
MTDtemp,4000,10,198,9.9500,0.399061
MTDtemp,4000,10,199,10.0000,0.564841
MTDtemp,4000,20,0,0.0500,13.827454
MTDtemp,4000,20,1,0.1000,12.965199
MTDtemp,4000,20,2,0.1500,12.236389
MTDtemp,4000,20,3,0.2000,11.784424
MTDtemp,4000,20,4,0.2500,11.757150
MTDtemp,4000,20,5,0.3000,11.378970
MTDtemp,4000,20,6,0.3500,11.033247
MTDtemp,4000,20,7,0.4000,10.364688
MTDtemp,4000,20,8,0.4500,10.039368
MTDtemp,4000,20,9,0.5000,9.798340
MTDtemp,4000,20,10,0.5500,9.402937
MTDtemp,4000,20,11,0.6000,9.059768
MTDtemp,4000,20,12,0.6500,8.791491
MTDtemp,4000,20,13,0.7000,8.400162
MTDtemp,4000,20,14,0.7500,8.351609
MTDtemp,4000,20,15,0.8000,8.039295
MTDtemp,4000,20,16,0.8500,7.832674
MTDtemp,4000,20,17,0.9000,7.782303
MTDtemp,4000,20,18,0.9500,7.541570
MTDtemp,4000,20,19,1.0000,7.401501
MTDtemp,4000,20,20,1.0500,7.285267
MTDtemp,4000,20,21,1.1000,7.084411
MTDtemp,4000,20,22,1.1500,7.059137
MTDtemp,4000,20,23,1.2000,6.864859
MTDtemp,4000,20,24,1.2500,6.552014
MTDtemp,4000,20,25,1.3000,6.412213
MTDtemp,4000,20,26,1.3500,6.181604
MTDtemp,4000,20,27,1.4000,6.051235
MTDtemp,4000,20,28,1.4500,5.999038
MTDtemp,4000,20,29,1.5000,5.740082
MTDtemp,4000,20,30,1.5500,5.631021
MTDtemp,4000,20,31,1.6000,5.532840
MTDtemp,4000,20,32,1.6500,5.491518
MTDtemp,4000,20,33,1.7000,5.403208
MTDtemp,4000,20,34,1.7500,5.306258
MTDtemp,4000,20,35,1.8000,5.147787
MTDtemp,4000,20,36,1.8500,5.016354
MTDtemp,4000,20,37,1.9000,4.805025
MTDtemp,4000,20,38,1.9500,4.673122
MTDtemp,4000,20,39,2.0000,4.617740
MTDtemp,4000,20,40,2.0500,4.543695
MTDtemp,4000,20,41,2.1000,4.479164
MTDtemp,4000,20,42,2.1500,4.385451
MTDtemp,4000,20,43,2.2000,4.335195
MTDtemp,4000,20,44,2.2500,4.261469
MTDtemp,4000,20,45,2.3000,4.134656
MTDtemp,4000,20,46,2.3500,4.089060
MTDtemp,4000,20,47,2.4000,4.061545
MTDtemp,4000,20,48,2.4500,3.946785
MTDtemp,4000,20,49,2.5000,3.908889
MTDtemp,4000,20,50,2.5500,3.820972
MTDtemp,4000,20,51,2.6000,3.711549
MTDtemp,4000,20,52,2.6500,3.608774
MTDtemp,4000,20,53,2.7000,3.565713
MTDtemp,4000,20,54,2.7500,3.475213
MTDtemp,4000,20,55,2.8000,3.442952
MTDtemp,4000,20,56,2.8500,3.443372
MTDtemp,4000,20,57,2.9000,3.453784
MTDtemp,4000,20,58,2.9500,3.387477
MTDtemp,4000,20,59,3.0000,3.326387
MTDtemp,4000,20,60,3.0500,3.276253
MTDtemp,4000,20,61,3.1000,3.124965
MTDtemp,4000,20,62,3.1500,3.065351
MTDtemp,4000,20,63,3.2000,2.988103
MTDtemp,4000,20,64,3.2500,2.959055
MTDtemp,4000,20,65,3.3000,2.861448
MTDtemp,4000,20,66,3.3500,2.761487
MTDtemp,4000,20,67,3.4000,2.660919
MTDtemp,4000,20,68,3.4500,2.637456
MTDtemp,4000,20,69,3.5000,2.617252
MTDtemp,4000,20,70,3.5500,2.516267
MTDtemp,4000,20,71,3.6000,2.484769
MTDtemp,4000,20,72,3.6500,2.429105
MTDtemp,4000,20,73,3.7000,2.373399
MTDtemp,4000,20,74,3.7500,2.294442
MTDtemp,4000,20,75,3.8000,2.256242
MTDtemp,4000,20,76,3.8500,2.209367
MTDtemp,4000,20,77,3.9000,2.190499
MTDtemp,4000,20,78,3.9500,2.174189
MTDtemp,4000,20,79,4.0000,2.138598
MTDtemp,4000,20,80,4.0500,2.065929
MTDtemp,4000,20,81,4.1000,2.080969
MTDtemp,4000,20,82,4.1500,2.118884
MTDtemp,4000,20,83,4.2000,2.121908
MTDtemp,4000,20,84,4.2500,2.133753
MTDtemp,4000,20,85,4.3000,2.056580
MTDtemp,4000,20,86,4.3500,2.000663
MTDtemp,4000,20,87,4.4000,1.913612
MTDtemp,4000,20,88,4.4500,1.856382
MTDtemp,4000,20,89,4.5000,1.803058
MTDtemp,4000,20,90,4.5500,1.746485
MTDtemp,4000,20,91,4.6000,1.700716
MTDtemp,4000,20,92,4.6500,1.668228
MTDtemp,4000,20,93,4.7000,1.636374
MTDtemp,4000,20,94,4.7500,1.588580
MTDtemp,4000,20,95,4.8000,1.578726
MTDtemp,4000,20,96,4.8500,1.543239
MTDtemp,4000,20,97,4.9000,1.501799
MTDtemp,4000,20,98,4.9500,1.459574
MTDtemp,4000,20,99,5.0000,1.419576
MTDtemp,4000,20,100,5.0500,1.402319
MTDtemp,4000,20,101,5.1000,1.398490
MTDtemp,4000,20,102,5.1500,1.354393
MTDtemp,4000,20,103,5.2000,1.296447
MTDtemp,4000,20,104,5.2500,1.271312
MTDtemp,4000,20,105,5.3000,1.253756
MTDtemp,4000,20,106,5.3500,1.207222
MTDtemp,4000,20,107,5.4000,1.172287
MTDtemp,4000,20,108,5.4500,1.164226
MTDtemp,4000,20,109,5.5000,1.148982
MTDtemp,4000,20,110,5.5500,1.128269
MTDtemp,4000,20,111,5.6000,1.121480
MTDtemp,4000,20,112,5.6500,1.119538
MTDtemp,4000,20,113,5.7000,1.121009
MTDtemp,4000,20,114,5.7500,1.119534
MTDtemp,4000,20,115,5.8000,1.112969
MTDtemp,4000,20,116,5.8500,1.126660
MTDtemp,4000,20,117,5.9000,1.124978
MTDtemp,4000,20,118,5.9500,1.010600
MTDtemp,4000,20,119,6.0000,0.967980
MTDtemp,4000,20,120,6.0500,0.923620
MTDtemp,4000,20,121,6.1000,0.912112
MTDtemp,4000,20,122,6.1500,0.886736
MTDtemp,4000,20,123,6.2000,0.856452
MTDtemp,4000,20,124,6.2500,0.848400
MTDtemp,4000,20,125,6.3000,0.829006
MTDtemp,4000,20,126,6.3500,0.810486
MTDtemp,4000,20,127,6.4000,0.796560
MTDtemp,4000,20,128,6.4500,0.785249
MTDtemp,4000,20,129,6.5000,0.782851
MTDtemp,4000,20,130,6.5500,0.780645
MTDtemp,4000,20,131,6.6000,0.779253
MTDtemp,4000,20,132,6.6500,0.771715
MTDtemp,4000,20,133,6.7000,0.781394
MTDtemp,4000,20,134,6.7500,0.804232
MTDtemp,4000,20,135,6.8000,0.821899
MTDtemp,4000,20,136,6.8500,0.793380
MTDtemp,4000,20,137,6.9000,0.783621
MTDtemp,4000,20,138,6.9500,0.788154
MTDtemp,4000,20,139,7.0000,0.817132
MTDtemp,4000,20,140,7.0500,0.801362
MTDtemp,4000,20,141,7.1000,0.811734
MTDtemp,4000,20,142,7.1500,0.820439
MTDtemp,4000,20,143,7.2000,0.838643
MTDtemp,4000,20,144,7.2500,0.850384
MTDtemp,4000,20,145,7.3000,0.879046
MTDtemp,4000,20,146,7.3500,0.902951
MTDtemp,4000,20,147,7.4000,0.922977
MTDtemp,4000,20,148,7.4500,0.926479
MTDtemp,4000,20,149,7.5000,0.890122
MTDtemp,4000,20,150,7.5500,0.843121
MTDtemp,4000,20,151,7.6000,0.841695
MTDtemp,4000,20,152,7.6500,0.860422
MTDtemp,4000,20,153,7.7000,0.893314
MTDtemp,4000,20,154,7.7500,0.918201
MTDtemp,4000,20,155,7.8000,0.941736
MTDtemp,4000,20,156,7.8500,0.968373
MTDtemp,4000,20,157,7.9000,0.995481
MTDtemp,4000,20,158,7.9500,1.042488
MTDtemp,4000,20,159,8.0000,1.050470
MTDtemp,4000,20,160,8.0500,1.107094
MTDtemp,4000,20,161,8.1000,1.136640
MTDtemp,4000,20,162,8.1500,1.157562
MTDtemp,4000,20,163,8.2000,1.216583
MTDtemp,4000,20,164,8.2500,1.243095
MTDtemp,4000,20,165,8.3000,1.290059
MTDtemp,4000,20,166,8.3500,1.288332
MTDtemp,4000,20,167,8.4000,1.319286
MTDtemp,4000,20,168,8.4500,1.284104
MTDtemp,4000,20,169,8.5000,1.179398
MTDtemp,4000,20,170,8.5500,0.887780
MTDtemp,4000,20,171,8.6000,0.819218
MTDtemp,4000,20,172,8.6500,0.816118
MTDtemp,4000,20,173,8.7000,0.825937
MTDtemp,4000,20,174,8.7500,0.866543
MTDtemp,4000,20,175,8.8000,0.903559
MTDtemp,4000,20,176,8.8500,0.950092
MTDtemp,4000,20,177,8.9000,0.972829
MTDtemp,4000,20,178,8.9500,1.003410
MTDtemp,4000,20,179,9.0000,1.012442
MTDtemp,4000,20,180,9.0500,1.022659
MTDtemp,4000,20,181,9.1000,1.047634
MTDtemp,4000,20,182,9.1500,1.092938
MTDtemp,4000,20,183,9.2000,1.097992
MTDtemp,4000,20,184,9.2500,1.097213
MTDtemp,4000,20,185,9.3000,1.114442
MTDtemp,4000,20,186,9.3500,1.120853
MTDtemp,4000,20,187,9.4000,1.150148
MTDtemp,4000,20,188,9.4500,1.187405
MTDtemp,4000,20,189,9.5000,1.217592
MTDtemp,4000,20,190,9.5500,1.218016
MTDtemp,4000,20,191,9.6000,1.237114
MTDtemp,4000,20,192,9.6500,1.265861
MTDtemp,4000,20,193,9.7000,1.305262
MTDtemp,4000,20,194,9.7500,1.360364
MTDtemp,4000,20,195,9.8000,1.415756
MTDtemp,4000,20,196,9.8500,1.458459
MTDtemp,4000,20,197,9.9000,1.493516
MTDtemp,4000,20,198,9.9500,1.509192
MTDtemp,4000,20,199,10.0000,1.508701
MTDtemp,4000,30,0,0.0500,13.998791
MTDtemp,4000,30,1,0.1000,13.321271
MTDtemp,4000,30,2,0.1500,12.546398
MTDtemp,4000,30,3,0.2000,11.997601
MTDtemp,4000,30,4,0.2500,11.352916
MTDtemp,4000,30,5,0.3000,10.860619
MTDtemp,4000,30,6,0.3500,10.551726
MTDtemp,4000,30,7,0.4000,10.333513
MTDtemp,4000,30,8,0.4500,9.963005
MTDtemp,4000,30,9,0.5000,9.822824
MTDtemp,4000,30,10,0.5500,9.469750
MTDtemp,4000,30,11,0.6000,9.273679
MTDtemp,4000,30,12,0.6500,8.973678
MTDtemp,4000,30,13,0.7000,8.786619
MTDtemp,4000,30,14,0.7500,8.427505
MTDtemp,4000,30,15,0.8000,8.193956
MTDtemp,4000,30,16,0.8500,8.077360
MTDtemp,4000,30,17,0.9000,7.953932
MTDtemp,4000,30,18,0.9500,7.835241
MTDtemp,4000,30,19,1.0000,7.503462
MTDtemp,4000,30,20,1.0500,7.337939
MTDtemp,4000,30,21,1.1000,7.145324
MTDtemp,4000,30,22,1.1500,7.038611
MTDtemp,4000,30,23,1.2000,6.735952
MTDtemp,4000,30,24,1.2500,6.611427
MTDtemp,4000,30,25,1.3000,6.426170
MTDtemp,4000,30,26,1.3500,6.223058
MTDtemp,4000,30,27,1.4000,6.197764
MTDtemp,4000,30,28,1.4500,6.010826
MTDtemp,4000,30,29,1.5000,5.799017
MTDtemp,4000,30,30,1.5500,5.694225
MTDtemp,4000,30,31,1.6000,5.557493
MTDtemp,4000,30,32,1.6500,5.446551
MTDtemp,4000,30,33,1.7000,5.333173
MTDtemp,4000,30,34,1.7500,5.292504
MTDtemp,4000,30,35,1.8000,5.226189
MTDtemp,4000,30,36,1.8500,5.213559
MTDtemp,4000,30,37,1.9000,5.125076
MTDtemp,4000,30,38,1.9500,4.957303
MTDtemp,4000,30,39,2.0000,4.769937
MTDtemp,4000,30,40,2.0500,4.664026
MTDtemp,4000,30,41,2.1000,4.630996
MTDtemp,4000,30,42,2.1500,4.487323
MTDtemp,4000,30,43,2.2000,4.460005
MTDtemp,4000,30,44,2.2500,4.395525
MTDtemp,4000,30,45,2.3000,4.310806
MTDtemp,4000,30,46,2.3500,4.154687
MTDtemp,4000,30,47,2.4000,4.062386
MTDtemp,4000,30,48,2.4500,3.935381
MTDtemp,4000,30,49,2.5000,3.886931
MTDtemp,4000,30,50,2.5500,3.838664
MTDtemp,4000,30,51,2.6000,3.778872
MTDtemp,4000,30,52,2.6500,3.764983
MTDtemp,4000,30,53,2.7000,3.657286
MTDtemp,4000,30,54,2.7500,3.645007
MTDtemp,4000,30,55,2.8000,3.601064
MTDtemp,4000,30,56,2.8500,3.541773
MTDtemp,4000,30,57,2.9000,3.414032
MTDtemp,4000,30,58,2.9500,3.320563
MTDtemp,4000,30,59,3.0000,3.299985
MTDtemp,4000,30,60,3.0500,3.150475
MTDtemp,4000,30,61,3.1000,3.120654
MTDtemp,4000,30,62,3.1500,3.016584
MTDtemp,4000,30,63,3.2000,2.931363
MTDtemp,4000,30,64,3.2500,2.892840
MTDtemp,4000,30,65,3.3000,2.865907
MTDtemp,4000,30,66,3.3500,2.831618
MTDtemp,4000,30,67,3.4000,2.728352
MTDtemp,4000,30,68,3.4500,2.684658
MTDtemp,4000,30,69,3.5000,2.662939
MTDtemp,4000,30,70,3.5500,2.556853
MTDtemp,4000,30,71,3.6000,2.522392
MTDtemp,4000,30,72,3.6500,2.408428
MTDtemp,4000,30,73,3.7000,2.360782
MTDtemp,4000,30,74,3.7500,2.359526
MTDtemp,4000,30,75,3.8000,2.414816
MTDtemp,4000,30,76,3.8500,2.512292
MTDtemp,4000,30,77,3.9000,2.460853
MTDtemp,4000,30,78,3.9500,2.386929
MTDtemp,4000,30,79,4.0000,2.309915
MTDtemp,4000,30,80,4.0500,2.228748
MTDtemp,4000,30,81,4.1000,2.189054
MTDtemp,4000,30,82,4.1500,2.155150
MTDtemp,4000,30,83,4.2000,2.131126
MTDtemp,4000,30,84,4.2500,2.046123
MTDtemp,4000,30,85,4.3000,2.017164
MTDtemp,4000,30,86,4.3500,1.950008
MTDtemp,4000,30,87,4.4000,1.894592
MTDtemp,4000,30,88,4.4500,1.847815
MTDtemp,4000,30,89,4.5000,1.791771
MTDtemp,4000,30,90,4.5500,1.724909
MTDtemp,4000,30,91,4.6000,1.662137
MTDtemp,4000,30,92,4.6500,1.630660
MTDtemp,4000,30,93,4.7000,1.589070
MTDtemp,4000,30,94,4.7500,1.525385
MTDtemp,4000,30,95,4.8000,1.512854
MTDtemp,4000,30,96,4.8500,1.480899
MTDtemp,4000,30,97,4.9000,1.470343
MTDtemp,4000,30,98,4.9500,1.464762
MTDtemp,4000,30,99,5.0000,1.423529
MTDtemp,4000,30,100,5.0500,1.401196
MTDtemp,4000,30,101,5.1000,1.366955
MTDtemp,4000,30,102,5.1500,1.362932
MTDtemp,4000,30,103,5.2000,1.402514
MTDtemp,4000,30,104,5.2500,1.341872
MTDtemp,4000,30,105,5.3000,1.304136
MTDtemp,4000,30,106,5.3500,1.277412
MTDtemp,4000,30,107,5.4000,1.239866
MTDtemp,4000,30,108,5.4500,1.198635
MTDtemp,4000,30,109,5.5000,1.159297
MTDtemp,4000,30,110,5.5500,1.151990
MTDtemp,4000,30,111,5.6000,1.112868
MTDtemp,4000,30,112,5.6500,1.106421
MTDtemp,4000,30,113,5.7000,1.112834
MTDtemp,4000,30,114,5.7500,1.089740
MTDtemp,4000,30,115,5.8000,1.077863
MTDtemp,4000,30,116,5.8500,1.072419
MTDtemp,4000,30,117,5.9000,1.055550
MTDtemp,4000,30,118,5.9500,1.045651
MTDtemp,4000,30,119,6.0000,1.039683
MTDtemp,4000,30,120,6.0500,1.036552
MTDtemp,4000,30,121,6.1000,1.034772
MTDtemp,4000,30,122,6.1500,1.034709
MTDtemp,4000,30,123,6.2000,1.036517
MTDtemp,4000,30,124,6.2500,1.043058
MTDtemp,4000,30,125,6.3000,1.046191
MTDtemp,4000,30,126,6.3500,1.052817
MTDtemp,4000,30,127,6.4000,1.071730
MTDtemp,4000,30,128,6.4500,1.093562
MTDtemp,4000,30,129,6.5000,1.111488
MTDtemp,4000,30,130,6.5500,1.139719
MTDtemp,4000,30,131,6.6000,1.147940
MTDtemp,4000,30,132,6.6500,1.129720
MTDtemp,4000,30,133,6.7000,1.139500
MTDtemp,4000,30,134,6.7500,1.149119
MTDtemp,4000,30,135,6.8000,1.172982
MTDtemp,4000,30,136,6.8500,1.227456
MTDtemp,4000,30,137,6.9000,1.243253
MTDtemp,4000,30,138,6.9500,1.268650
MTDtemp,4000,30,139,7.0000,1.322102
MTDtemp,4000,30,140,7.0500,1.356897
MTDtemp,4000,30,141,7.1000,1.377387
MTDtemp,4000,30,142,7.1500,1.400560
MTDtemp,4000,30,143,7.2000,1.413766
MTDtemp,4000,30,144,7.2500,1.438062
MTDtemp,4000,30,145,7.3000,1.466232
MTDtemp,4000,30,146,7.3500,1.487937
MTDtemp,4000,30,147,7.4000,1.548767
MTDtemp,4000,30,148,7.4500,1.584084
MTDtemp,4000,30,149,7.5000,1.617933
MTDtemp,4000,30,150,7.5500,1.646920
MTDtemp,4000,30,151,7.6000,1.689116
MTDtemp,4000,30,152,7.6500,1.716724
MTDtemp,4000,30,153,7.7000,1.632704
MTDtemp,4000,30,154,7.7500,1.570642
MTDtemp,4000,30,155,7.8000,1.611622
MTDtemp,4000,30,156,7.8500,1.495917
MTDtemp,4000,30,157,7.9000,1.171895
MTDtemp,4000,30,158,7.9500,0.939945
MTDtemp,4000,30,159,8.0000,0.885078
MTDtemp,4000,30,160,8.0500,0.865554
MTDtemp,4000,30,161,8.1000,0.846336
MTDtemp,4000,30,162,8.1500,0.871596
MTDtemp,4000,30,163,8.2000,0.907234
MTDtemp,4000,30,164,8.2500,0.947792
MTDtemp,4000,30,165,8.3000,0.981786
MTDtemp,4000,30,166,8.3500,1.015069
MTDtemp,4000,30,167,8.4000,1.024118
MTDtemp,4000,30,168,8.4500,1.016201
MTDtemp,4000,30,169,8.5000,1.028439
MTDtemp,4000,30,170,8.5500,1.050385
MTDtemp,4000,30,171,8.6000,1.080279
MTDtemp,4000,30,172,8.6500,1.127069
MTDtemp,4000,30,173,8.7000,1.147422
MTDtemp,4000,30,174,8.7500,1.224824
MTDtemp,4000,30,175,8.8000,1.190611
MTDtemp,4000,30,176,8.8500,1.184896
MTDtemp,4000,30,177,8.9000,1.229777
MTDtemp,4000,30,178,8.9500,1.256522
MTDtemp,4000,30,179,9.0000,1.299440
MTDtemp,4000,30,180,9.0500,1.320967
MTDtemp,4000,30,181,9.1000,1.324973
MTDtemp,4000,30,182,9.1500,1.364354
MTDtemp,4000,30,183,9.2000,1.399508
MTDtemp,4000,30,184,9.2500,1.419498
MTDtemp,4000,30,185,9.3000,1.430123
MTDtemp,4000,30,186,9.3500,1.503657
MTDtemp,4000,30,187,9.4000,1.519808
MTDtemp,4000,30,188,9.4500,1.531277
MTDtemp,4000,30,189,9.5000,1.519189
MTDtemp,4000,30,190,9.5500,1.520715
MTDtemp,4000,30,191,9.6000,1.553282
MTDtemp,4000,30,192,9.6500,1.564762
MTDtemp,4000,30,193,9.7000,1.587325
MTDtemp,4000,30,194,9.7500,1.625132
MTDtemp,4000,30,195,9.8000,1.636774
MTDtemp,4000,30,196,9.8500,1.636916
MTDtemp,4000,30,197,9.9000,1.637463
MTDtemp,4000,30,198,9.9500,1.638411
MTDtemp,4000,30,199,10.0000,1.640022
MTDtemp,4000,40,0,0.0500,13.931355
MTDtemp,4000,40,1,0.1000,13.027112
MTDtemp,4000,40,2,0.1500,12.422723
MTDtemp,4000,40,3,0.2000,12.090212
MTDtemp,4000,40,4,0.2500,11.564399
MTDtemp,4000,40,5,0.3000,11.009246
MTDtemp,4000,40,6,0.3500,10.690414
MTDtemp,4000,40,7,0.4000,10.234227
MTDtemp,4000,40,8,0.4500,9.933258
MTDtemp,4000,40,9,0.5000,9.640008
MTDtemp,4000,40,10,0.5500,9.207931
MTDtemp,4000,40,11,0.6000,8.958226
MTDtemp,4000,40,12,0.6500,8.727848
MTDtemp,4000,40,13,0.7000,8.690465
MTDtemp,4000,40,14,0.7500,8.399080
MTDtemp,4000,40,15,0.8000,8.157443
MTDtemp,4000,40,16,0.8500,8.090896
MTDtemp,4000,40,17,0.9000,7.958048
MTDtemp,4000,40,18,0.9500,7.729995
MTDtemp,4000,40,19,1.0000,7.524191
MTDtemp,4000,40,20,1.0500,7.367194
MTDtemp,4000,40,21,1.1000,7.318850
MTDtemp,4000,40,22,1.1500,7.199121
MTDtemp,4000,40,23,1.2000,7.113064
MTDtemp,4000,40,24,1.2500,6.826037
MTDtemp,4000,40,25,1.3000,6.606422
MTDtemp,4000,40,26,1.3500,6.468227
MTDtemp,4000,40,27,1.4000,6.110309
MTDtemp,4000,40,28,1.4500,5.950527
MTDtemp,4000,40,29,1.5000,5.946756
MTDtemp,4000,40,30,1.5500,5.874603
MTDtemp,4000,40,31,1.6000,5.786284
MTDtemp,4000,40,32,1.6500,5.551092
MTDtemp,4000,40,33,1.7000,5.371005
MTDtemp,4000,40,34,1.7500,5.309547
MTDtemp,4000,40,35,1.8000,5.215041
MTDtemp,4000,40,36,1.8500,5.224113
MTDtemp,4000,40,37,1.9000,5.107113
MTDtemp,4000,40,38,1.9500,5.006660
MTDtemp,4000,40,39,2.0000,5.007307
MTDtemp,4000,40,40,2.0500,5.011014
MTDtemp,4000,40,41,2.1000,4.930315
MTDtemp,4000,40,42,2.1500,4.670775
MTDtemp,4000,40,43,2.2000,4.464185
MTDtemp,4000,40,44,2.2500,4.397623
MTDtemp,4000,40,45,2.3000,4.275917
MTDtemp,4000,40,46,2.3500,4.168476
MTDtemp,4000,40,47,2.4000,4.138097
MTDtemp,4000,40,48,2.4500,4.057262
MTDtemp,4000,40,49,2.5000,3.946102
MTDtemp,4000,40,50,2.5500,3.913981
MTDtemp,4000,40,51,2.6000,3.810494
MTDtemp,4000,40,52,2.6500,3.582867
MTDtemp,4000,40,53,2.7000,3.521234
MTDtemp,4000,40,54,2.7500,3.425582
MTDtemp,4000,40,55,2.8000,3.335989
MTDtemp,4000,40,56,2.8500,3.340235
MTDtemp,4000,40,57,2.9000,3.279093
MTDtemp,4000,40,58,2.9500,3.236414
MTDtemp,4000,40,59,3.0000,3.238967
MTDtemp,4000,40,60,3.0500,3.167509
MTDtemp,4000,40,61,3.1000,3.114912
MTDtemp,4000,40,62,3.1500,3.039376
MTDtemp,4000,40,63,3.2000,2.954345
MTDtemp,4000,40,64,3.2500,2.903317
MTDtemp,4000,40,65,3.3000,2.860488
MTDtemp,4000,40,66,3.3500,2.758539
MTDtemp,4000,40,67,3.4000,2.720497
MTDtemp,4000,40,68,3.4500,2.639209
MTDtemp,4000,40,69,3.5000,2.597835
MTDtemp,4000,40,70,3.5500,2.521783
MTDtemp,4000,40,71,3.6000,2.479092
MTDtemp,4000,40,72,3.6500,2.435847
MTDtemp,4000,40,73,3.7000,2.416312
MTDtemp,4000,40,74,3.7500,2.414958
MTDtemp,4000,40,75,3.8000,2.368697
MTDtemp,4000,40,76,3.8500,2.263521
MTDtemp,4000,40,77,3.9000,2.261639
MTDtemp,4000,40,78,3.9500,2.256985
MTDtemp,4000,40,79,4.0000,2.215126
MTDtemp,4000,40,80,4.0500,2.102296
MTDtemp,4000,40,81,4.1000,2.081957
MTDtemp,4000,40,82,4.1500,2.020078
MTDtemp,4000,40,83,4.2000,2.000810
MTDtemp,4000,40,84,4.2500,1.989631
MTDtemp,4000,40,85,4.3000,1.963774
MTDtemp,4000,40,86,4.3500,1.899513
MTDtemp,4000,40,87,4.4000,1.809784
MTDtemp,4000,40,88,4.4500,1.802668
MTDtemp,4000,40,89,4.5000,1.725983
MTDtemp,4000,40,90,4.5500,1.686890
MTDtemp,4000,40,91,4.6000,1.626717
MTDtemp,4000,40,92,4.6500,1.633632
MTDtemp,4000,40,93,4.7000,1.610741
MTDtemp,4000,40,94,4.7500,1.552205
MTDtemp,4000,40,95,4.8000,1.538915
MTDtemp,4000,40,96,4.8500,1.528798
MTDtemp,4000,40,97,4.9000,1.489148
MTDtemp,4000,40,98,4.9500,1.484663
MTDtemp,4000,40,99,5.0000,1.480837
MTDtemp,4000,40,100,5.0500,1.430499
MTDtemp,4000,40,101,5.1000,1.424215
MTDtemp,4000,40,102,5.1500,1.397672
MTDtemp,4000,40,103,5.2000,1.394282
MTDtemp,4000,40,104,5.2500,1.379243
MTDtemp,4000,40,105,5.3000,1.359307
MTDtemp,4000,40,106,5.3500,1.358704
MTDtemp,4000,40,107,5.4000,1.348767
MTDtemp,4000,40,108,5.4500,1.327716
MTDtemp,4000,40,109,5.5000,1.300746
MTDtemp,4000,40,110,5.5500,1.287857
MTDtemp,4000,40,111,5.6000,1.285304
MTDtemp,4000,40,112,5.6500,1.257473
MTDtemp,4000,40,113,5.7000,1.247544
MTDtemp,4000,40,114,5.7500,1.230982
MTDtemp,4000,40,115,5.8000,1.220928
MTDtemp,4000,40,116,5.8500,1.215985
MTDtemp,4000,40,117,5.9000,1.210524
MTDtemp,4000,40,118,5.9500,1.209322
MTDtemp,4000,40,119,6.0000,1.212906
MTDtemp,4000,40,120,6.0500,1.221786
MTDtemp,4000,40,121,6.1000,1.228445
MTDtemp,4000,40,122,6.1500,1.236584
MTDtemp,4000,40,123,6.2000,1.062325
MTDtemp,4000,40,124,6.2500,1.064322
MTDtemp,4000,40,125,6.3000,1.061662
MTDtemp,4000,40,126,6.3500,1.058484
MTDtemp,4000,40,127,6.4000,1.068354
MTDtemp,4000,40,128,6.4500,1.078483
MTDtemp,4000,40,129,6.5000,1.080447
MTDtemp,4000,40,130,6.5500,1.083787
MTDtemp,4000,40,131,6.6000,1.096763
MTDtemp,4000,40,132,6.6500,1.110639
MTDtemp,4000,40,133,6.7000,1.123536
MTDtemp,4000,40,134,6.7500,1.010396
MTDtemp,4000,40,135,6.8000,0.791841
MTDtemp,4000,40,136,6.8500,0.752562
MTDtemp,4000,40,137,6.9000,0.732199
MTDtemp,4000,40,138,6.9500,0.812258
MTDtemp,4000,40,139,7.0000,0.956696
MTDtemp,4000,40,140,7.0500,1.145706
MTDtemp,4000,40,141,7.1000,1.313106
MTDtemp,4000,40,142,7.1500,1.534330
MTDtemp,4000,40,143,7.2000,1.733898
MTDtemp,4000,40,144,7.2500,1.965573
MTDtemp,4000,40,145,7.3000,2.026773
MTDtemp,4000,40,146,7.3500,1.988141
MTDtemp,4000,40,147,7.4000,1.926374
MTDtemp,4000,40,148,7.4500,1.890556
MTDtemp,4000,40,149,7.5000,1.864882
MTDtemp,4000,40,150,7.5500,1.846883
MTDtemp,4000,40,151,7.6000,1.815188
MTDtemp,4000,40,152,7.6500,1.741954
MTDtemp,4000,40,153,7.7000,1.704756
MTDtemp,4000,40,154,7.7500,1.662084
MTDtemp,4000,40,155,7.8000,1.624891
MTDtemp,4000,40,156,7.8500,1.624417
MTDtemp,4000,40,157,7.9000,1.577577
MTDtemp,4000,40,158,7.9500,1.542872
MTDtemp,4000,40,159,8.0000,1.506605
MTDtemp,4000,40,160,8.0500,1.490253
MTDtemp,4000,40,161,8.1000,1.455949
MTDtemp,4000,40,162,8.1500,1.420656
MTDtemp,4000,40,163,8.2000,1.395272
MTDtemp,4000,40,164,8.2500,1.391202
MTDtemp,4000,40,165,8.3000,1.381086
MTDtemp,4000,40,166,8.3500,1.344196
MTDtemp,4000,40,167,8.4000,1.348977
MTDtemp,4000,40,168,8.4500,1.379693
MTDtemp,4000,40,169,8.5000,1.443108
MTDtemp,4000,40,170,8.5500,1.478058
MTDtemp,4000,40,171,8.6000,1.424128
MTDtemp,4000,40,172,8.6500,1.405168
MTDtemp,4000,40,173,8.7000,1.354322
MTDtemp,4000,40,174,8.7500,1.305891
MTDtemp,4000,40,175,8.8000,1.270807
MTDtemp,4000,40,176,8.8500,1.219538
MTDtemp,4000,40,177,8.9000,1.217862
MTDtemp,4000,40,178,8.9500,1.229739
MTDtemp,4000,40,179,9.0000,1.175406
MTDtemp,4000,40,180,9.0500,1.135439
MTDtemp,4000,40,181,9.1000,1.079618
MTDtemp,4000,40,182,9.1500,1.017174
MTDtemp,4000,40,183,9.2000,1.056909
MTDtemp,4000,40,184,9.2500,1.148554
MTDtemp,4000,40,185,9.3000,1.251384
MTDtemp,4000,40,186,9.3500,1.381637
MTDtemp,4000,40,187,9.4000,1.532936
MTDtemp,4000,40,188,9.4500,1.699567
MTDtemp,4000,40,189,9.5000,1.889752
MTDtemp,4000,40,190,9.5500,2.040649
MTDtemp,4000,40,191,9.6000,2.215418
MTDtemp,4000,40,192,9.6500,2.312612
MTDtemp,4000,40,193,9.7000,2.357160
MTDtemp,4000,40,194,9.7500,2.421352
MTDtemp,4000,40,195,9.8000,2.428949
MTDtemp,4000,40,196,9.8500,2.416715
MTDtemp,4000,40,197,9.9000,2.374456
MTDtemp,4000,40,198,9.9500,2.326719
MTDtemp,4000,40,199,10.0000,2.300941
MTDtemp,4000,50,0,0.0500,13.847947
MTDtemp,4000,50,1,0.1000,13.005057
MTDtemp,4000,50,2,0.1500,12.534021
MTDtemp,4000,50,3,0.2000,11.688977
MTDtemp,4000,50,4,0.2500,11.152117
MTDtemp,4000,50,5,0.3000,11.015961
MTDtemp,4000,50,6,0.3500,10.675500
MTDtemp,4000,50,7,0.4000,10.466074
MTDtemp,4000,50,8,0.4500,10.174044
MTDtemp,4000,50,9,0.5000,9.593637
MTDtemp,4000,50,10,0.5500,9.391997
MTDtemp,4000,50,11,0.6000,9.115507
MTDtemp,4000,50,12,0.6500,8.876875
MTDtemp,4000,50,13,0.7000,8.808362
MTDtemp,4000,50,14,0.7500,8.511674
MTDtemp,4000,50,15,0.8000,8.201394
MTDtemp,4000,50,16,0.8500,8.029952
MTDtemp,4000,50,17,0.9000,7.866604
MTDtemp,4000,50,18,0.9500,7.789551
MTDtemp,4000,50,19,1.0000,7.689630
MTDtemp,4000,50,20,1.0500,7.376583
MTDtemp,4000,50,21,1.1000,6.897051
MTDtemp,4000,50,22,1.1500,6.818135
MTDtemp,4000,50,23,1.2000,6.778908
MTDtemp,4000,50,24,1.2500,6.738148
MTDtemp,4000,50,25,1.3000,6.602213
MTDtemp,4000,50,26,1.3500,6.462878
MTDtemp,4000,50,27,1.4000,6.267891
MTDtemp,4000,50,28,1.4500,6.119567
MTDtemp,4000,50,29,1.5000,5.943450
MTDtemp,4000,50,30,1.5500,5.688222
MTDtemp,4000,50,31,1.6000,5.572357
MTDtemp,4000,50,32,1.6500,5.528998
MTDtemp,4000,50,33,1.7000,5.444355
MTDtemp,4000,50,34,1.7500,5.328175
MTDtemp,4000,50,35,1.8000,5.224029
MTDtemp,4000,50,36,1.8500,5.097527
MTDtemp,4000,50,37,1.9000,4.969267
MTDtemp,4000,50,38,1.9500,4.930581
MTDtemp,4000,50,39,2.0000,4.880262
MTDtemp,4000,50,40,2.0500,4.715364
MTDtemp,4000,50,41,2.1000,4.604952
MTDtemp,4000,50,42,2.1500,4.539642
MTDtemp,4000,50,43,2.2000,4.510741
MTDtemp,4000,50,44,2.2500,4.452497
MTDtemp,4000,50,45,2.3000,4.364213
MTDtemp,4000,50,46,2.3500,4.254289
MTDtemp,4000,50,47,2.4000,4.189594
MTDtemp,4000,50,48,2.4500,4.103673
MTDtemp,4000,50,49,2.5000,4.012134
MTDtemp,4000,50,50,2.5500,3.910234
MTDtemp,4000,50,51,2.6000,3.822284
MTDtemp,4000,50,52,2.6500,3.775409
MTDtemp,4000,50,53,2.7000,3.728378
MTDtemp,4000,50,54,2.7500,3.522691
MTDtemp,4000,50,55,2.8000,3.432691
MTDtemp,4000,50,56,2.8500,3.399988
MTDtemp,4000,50,57,2.9000,3.359573
MTDtemp,4000,50,58,2.9500,3.301649
MTDtemp,4000,50,59,3.0000,3.240092
MTDtemp,4000,50,60,3.0500,3.155291
MTDtemp,4000,50,61,3.1000,3.058840
MTDtemp,4000,50,62,3.1500,3.062986
MTDtemp,4000,50,63,3.2000,3.006366
MTDtemp,4000,50,64,3.2500,2.925976
MTDtemp,4000,50,65,3.3000,2.856831
MTDtemp,4000,50,66,3.3500,2.826163
MTDtemp,4000,50,67,3.4000,2.799873
MTDtemp,4000,50,68,3.4500,2.637179
MTDtemp,4000,50,69,3.5000,2.648653
MTDtemp,4000,50,70,3.5500,2.753914
MTDtemp,4000,50,71,3.6000,2.951416
MTDtemp,4000,50,72,3.6500,3.126668
MTDtemp,4000,50,73,3.7000,3.319227
MTDtemp,4000,50,74,3.7500,3.255690
MTDtemp,4000,50,75,3.8000,3.187818
MTDtemp,4000,50,76,3.8500,3.082069
MTDtemp,4000,50,77,3.9000,2.976362
MTDtemp,4000,50,78,3.9500,2.876676
MTDtemp,4000,50,79,4.0000,2.743569
MTDtemp,4000,50,80,4.0500,2.735842
MTDtemp,4000,50,81,4.1000,2.706277
MTDtemp,4000,50,82,4.1500,2.645970
MTDtemp,4000,50,83,4.2000,2.612650
MTDtemp,4000,50,84,4.2500,2.635488
MTDtemp,4000,50,85,4.3000,2.618698
MTDtemp,4000,50,86,4.3500,2.559177
MTDtemp,4000,50,87,4.4000,2.546434
MTDtemp,4000,50,88,4.4500,2.528587
MTDtemp,4000,50,89,4.5000,2.473834
MTDtemp,4000,50,90,4.5500,2.399813
MTDtemp,4000,50,91,4.6000,2.364687
MTDtemp,4000,50,92,4.6500,2.274574
MTDtemp,4000,50,93,4.7000,2.221179
MTDtemp,4000,50,94,4.7500,2.113318
MTDtemp,4000,50,95,4.8000,2.002647
MTDtemp,4000,50,96,4.8500,1.922114
MTDtemp,4000,50,97,4.9000,1.864728
MTDtemp,4000,50,98,4.9500,1.810620
MTDtemp,4000,50,99,5.0000,1.790275
MTDtemp,4000,50,100,5.0500,1.790293
MTDtemp,4000,50,101,5.1000,1.790964
MTDtemp,4000,50,102,5.1500,1.791977
MTDtemp,4000,50,103,5.2000,1.742352
MTDtemp,4000,50,104,5.2500,1.697359
MTDtemp,4000,50,105,5.3000,1.619633
MTDtemp,4000,50,106,5.3500,1.572892
MTDtemp,4000,50,107,5.4000,1.563760
MTDtemp,4000,50,108,5.4500,1.474548
MTDtemp,4000,50,109,5.5000,1.438287
MTDtemp,4000,50,110,5.5500,1.374218
MTDtemp,4000,50,111,5.6000,1.360716
MTDtemp,4000,50,112,5.6500,1.312740
MTDtemp,4000,50,113,5.7000,1.284399
MTDtemp,4000,50,114,5.7500,1.257825
MTDtemp,4000,50,115,5.8000,1.241440
MTDtemp,4000,50,116,5.8500,1.223671
MTDtemp,4000,50,117,5.9000,1.188675
MTDtemp,4000,50,118,5.9500,1.184178
MTDtemp,4000,50,119,6.0000,1.163421
MTDtemp,4000,50,120,6.0500,1.124463
MTDtemp,4000,50,121,6.1000,1.105228
MTDtemp,4000,50,122,6.1500,1.073724
MTDtemp,4000,50,123,6.2000,1.051354
MTDtemp,4000,50,124,6.2500,0.995882
MTDtemp,4000,50,125,6.3000,0.980374
MTDtemp,4000,50,126,6.3500,0.945806
MTDtemp,4000,50,127,6.4000,0.934694
MTDtemp,4000,50,128,6.4500,0.915683
MTDtemp,4000,50,129,6.5000,0.883507
MTDtemp,4000,50,130,6.5500,0.865092
MTDtemp,4000,50,131,6.6000,0.859340
MTDtemp,4000,50,132,6.6500,0.781200
MTDtemp,4000,50,133,6.7000,0.769976
MTDtemp,4000,50,134,6.7500,0.764120
MTDtemp,4000,50,135,6.8000,0.757124
MTDtemp,4000,50,136,6.8500,0.752318
MTDtemp,4000,50,137,6.9000,0.755609
MTDtemp,4000,50,138,6.9500,0.710077
MTDtemp,4000,50,139,7.0000,0.686456
MTDtemp,4000,50,140,7.0500,0.683485
MTDtemp,4000,50,141,7.1000,0.684093
MTDtemp,4000,50,142,7.1500,0.689848
MTDtemp,4000,50,143,7.2000,0.700378
MTDtemp,4000,50,144,7.2500,0.717415
MTDtemp,4000,50,145,7.3000,0.727334
MTDtemp,4000,50,146,7.3500,0.706412
MTDtemp,4000,50,147,7.4000,0.709841
MTDtemp,4000,50,148,7.4500,0.728649
MTDtemp,4000,50,149,7.5000,0.705638
MTDtemp,4000,50,150,7.5500,0.711090
MTDtemp,4000,50,151,7.6000,0.736318
MTDtemp,4000,50,152,7.6500,0.758584
MTDtemp,4000,50,153,7.7000,0.778564
MTDtemp,4000,50,154,7.7500,0.794288
MTDtemp,4000,50,155,7.8000,0.837051
MTDtemp,4000,50,156,7.8500,0.859340
MTDtemp,4000,50,157,7.9000,0.879325
MTDtemp,4000,50,158,7.9500,0.877757
MTDtemp,4000,50,159,8.0000,0.881086
MTDtemp,4000,50,160,8.0500,0.919294
MTDtemp,4000,50,161,8.1000,0.963257
MTDtemp,4000,50,162,8.1500,0.974229
MTDtemp,4000,50,163,8.2000,1.027480
MTDtemp,4000,50,164,8.2500,1.026631
MTDtemp,4000,50,165,8.3000,0.931504
MTDtemp,4000,50,166,8.3500,0.759137
MTDtemp,4000,50,167,8.4000,0.554267
MTDtemp,4000,50,168,8.4500,0.480872
MTDtemp,4000,50,169,8.5000,0.508859
MTDtemp,4000,50,170,8.5500,0.636116
MTDtemp,4000,50,171,8.6000,0.810961
MTDtemp,4000,50,172,8.6500,1.003101
MTDtemp,4000,50,173,8.7000,0.998326
MTDtemp,4000,50,174,8.7500,0.966015
MTDtemp,4000,50,175,8.8000,0.954510
MTDtemp,4000,50,176,8.8500,0.911105
MTDtemp,4000,50,177,8.9000,0.877491
MTDtemp,4000,50,178,8.9500,0.863073
MTDtemp,4000,50,179,9.0000,0.882927
MTDtemp,4000,50,180,9.0500,0.806651
MTDtemp,4000,50,181,9.1000,0.763752
MTDtemp,4000,50,182,9.1500,0.757170
MTDtemp,4000,50,183,9.2000,0.721942
MTDtemp,4000,50,184,9.2500,0.691895
MTDtemp,4000,50,185,9.3000,0.673348
MTDtemp,4000,50,186,9.3500,0.649910
MTDtemp,4000,50,187,9.4000,0.653885
MTDtemp,4000,50,188,9.4500,0.622510
MTDtemp,4000,50,189,9.5000,0.593453
MTDtemp,4000,50,190,9.5500,0.563418
MTDtemp,4000,50,191,9.6000,0.524755
MTDtemp,4000,50,192,9.6500,0.482836
MTDtemp,4000,50,193,9.7000,0.461475
MTDtemp,4000,50,194,9.7500,0.480597
MTDtemp,4000,50,195,9.8000,0.518605
MTDtemp,4000,50,196,9.8500,0.476026
MTDtemp,4000,50,197,9.9000,0.454741
MTDtemp,4000,50,198,9.9500,0.444576
MTDtemp,4000,50,199,10.0000,0.454801
MTDtemp,8000,10,0,0.0500,14.207872
MTDtemp,8000,10,1,0.1000,13.129632
MTDtemp,8000,10,2,0.1500,12.319589
MTDtemp,8000,10,3,0.2000,11.776727
MTDtemp,8000,10,4,0.2500,11.498790
MTDtemp,8000,10,5,0.3000,10.950693
MTDtemp,8000,10,6,0.3500,10.239159
MTDtemp,8000,10,7,0.4000,9.848781
MTDtemp,8000,10,8,0.4500,9.445769
MTDtemp,8000,10,9,0.5000,9.077395
MTDtemp,8000,10,10,0.5500,8.780273
MTDtemp,8000,10,11,0.6000,8.475268
MTDtemp,8000,10,12,0.6500,8.023366
MTDtemp,8000,10,13,0.7000,7.708519
MTDtemp,8000,10,14,0.7500,7.660671
MTDtemp,8000,10,15,0.8000,7.528040
MTDtemp,8000,10,16,0.8500,7.398617
MTDtemp,8000,10,17,0.9000,7.146005
MTDtemp,8000,10,18,0.9500,6.820397
MTDtemp,8000,10,19,1.0000,6.534444
MTDtemp,8000,10,20,1.0500,6.331259
MTDtemp,8000,10,21,1.1000,5.803790
MTDtemp,8000,10,22,1.1500,5.531203
MTDtemp,8000,10,23,1.2000,5.268395
MTDtemp,8000,10,24,1.2500,5.128293
MTDtemp,8000,10,25,1.3000,4.882718
MTDtemp,8000,10,26,1.3500,4.728493
MTDtemp,8000,10,27,1.4000,4.611880
MTDtemp,8000,10,28,1.4500,4.562509
MTDtemp,8000,10,29,1.5000,4.507302
MTDtemp,8000,10,30,1.5500,4.336972
MTDtemp,8000,10,31,1.6000,4.119435
MTDtemp,8000,10,32,1.6500,4.042828
MTDtemp,8000,10,33,1.7000,3.871024
MTDtemp,8000,10,34,1.7500,3.835322
MTDtemp,8000,10,35,1.8000,3.835893
MTDtemp,8000,10,36,1.8500,3.756975
MTDtemp,8000,10,37,1.9000,3.530734
MTDtemp,8000,10,38,1.9500,3.307830
MTDtemp,8000,10,39,2.0000,3.144376
MTDtemp,8000,10,40,2.0500,3.094801
MTDtemp,8000,10,41,2.1000,3.047135
MTDtemp,8000,10,42,2.1500,3.057213
MTDtemp,8000,10,43,2.2000,2.803301
MTDtemp,8000,10,44,2.2500,2.699042
MTDtemp,8000,10,45,2.3000,2.539331
MTDtemp,8000,10,46,2.3500,2.432312
MTDtemp,8000,10,47,2.4000,2.360487
MTDtemp,8000,10,48,2.4500,2.254359
MTDtemp,8000,10,49,2.5000,2.247279
MTDtemp,8000,10,50,2.5500,2.110476
MTDtemp,8000,10,51,2.6000,2.166092
MTDtemp,8000,10,52,2.6500,2.088820
MTDtemp,8000,10,53,2.7000,1.972817
MTDtemp,8000,10,54,2.7500,1.796656
MTDtemp,8000,10,55,2.8000,1.707190
MTDtemp,8000,10,56,2.8500,1.586631
MTDtemp,8000,10,57,2.9000,1.498825
MTDtemp,8000,10,58,2.9500,1.413938
MTDtemp,8000,10,59,3.0000,1.346191
MTDtemp,8000,10,60,3.0500,1.329812
MTDtemp,8000,10,61,3.1000,1.303613
MTDtemp,8000,10,62,3.1500,1.341147
MTDtemp,8000,10,63,3.2000,1.504129
MTDtemp,8000,10,64,3.2500,1.564579
MTDtemp,8000,10,65,3.3000,1.512711
MTDtemp,8000,10,66,3.3500,1.456864
MTDtemp,8000,10,67,3.4000,1.216775
MTDtemp,8000,10,68,3.4500,1.107241
MTDtemp,8000,10,69,3.5000,1.055542
MTDtemp,8000,10,70,3.5500,1.061711
MTDtemp,8000,10,71,3.6000,1.114926
MTDtemp,8000,10,72,3.6500,1.255152
MTDtemp,8000,10,73,3.7000,1.447818
MTDtemp,8000,10,74,3.7500,1.659058
MTDtemp,8000,10,75,3.8000,1.921449
MTDtemp,8000,10,76,3.8500,2.101845
MTDtemp,8000,10,77,3.9000,2.312675
MTDtemp,8000,10,78,3.9500,2.504776
MTDtemp,8000,10,79,4.0000,2.620383
MTDtemp,8000,10,80,4.0500,2.668607
MTDtemp,8000,10,81,4.1000,2.530786
MTDtemp,8000,10,82,4.1500,2.177915
MTDtemp,8000,10,83,4.2000,2.069507
MTDtemp,8000,10,84,4.2500,1.979443
MTDtemp,8000,10,85,4.3000,1.952746
MTDtemp,8000,10,86,4.3500,1.791660
MTDtemp,8000,10,87,4.4000,1.647659
MTDtemp,8000,10,88,4.4500,1.570393
MTDtemp,8000,10,89,4.5000,1.423321
MTDtemp,8000,10,90,4.5500,1.375373
MTDtemp,8000,10,91,4.6000,1.382572
MTDtemp,8000,10,92,4.6500,1.337430
MTDtemp,8000,10,93,4.7000,1.233687
MTDtemp,8000,10,94,4.7500,1.289744
MTDtemp,8000,10,95,4.8000,1.265290
MTDtemp,8000,10,96,4.8500,1.058617
MTDtemp,8000,10,97,4.9000,0.913775
MTDtemp,8000,10,98,4.9500,0.714831
MTDtemp,8000,10,99,5.0000,0.675709
MTDtemp,8000,10,100,5.0500,0.547903
MTDtemp,8000,10,101,5.1000,0.489503
MTDtemp,8000,10,102,5.1500,0.430521
MTDtemp,8000,10,103,5.2000,0.397048
MTDtemp,8000,10,104,5.2500,0.367428
MTDtemp,8000,10,105,5.3000,0.373993
MTDtemp,8000,10,106,5.3500,0.295364
MTDtemp,8000,10,107,5.4000,0.310042
MTDtemp,8000,10,108,5.4500,0.306407
MTDtemp,8000,10,109,5.5000,0.374388
MTDtemp,8000,10,110,5.5500,0.326926
MTDtemp,8000,10,111,5.6000,0.346003
MTDtemp,8000,10,112,5.6500,0.384746
MTDtemp,8000,10,113,5.7000,0.464980
MTDtemp,8000,10,114,5.7500,0.620091
MTDtemp,8000,10,115,5.8000,0.774577
MTDtemp,8000,10,116,5.8500,0.851109
MTDtemp,8000,10,117,5.9000,0.906262
MTDtemp,8000,10,118,5.9500,1.076693
MTDtemp,8000,10,119,6.0000,1.035626
MTDtemp,8000,10,120,6.0500,1.151986
MTDtemp,8000,10,121,6.1000,1.274535
MTDtemp,8000,10,122,6.1500,1.198499
MTDtemp,8000,10,123,6.2000,1.160261
MTDtemp,8000,10,124,6.2500,1.242324
MTDtemp,8000,10,125,6.3000,1.241961
MTDtemp,8000,10,126,6.3500,1.328870
MTDtemp,8000,10,127,6.4000,1.357966
MTDtemp,8000,10,128,6.4500,1.479489
MTDtemp,8000,10,129,6.5000,1.483328
MTDtemp,8000,10,130,6.5500,1.645335
MTDtemp,8000,10,131,6.6000,1.717777
MTDtemp,8000,10,132,6.6500,1.732437
MTDtemp,8000,10,133,6.7000,1.527591
MTDtemp,8000,10,134,6.7500,1.274508
MTDtemp,8000,10,135,6.8000,1.069585
MTDtemp,8000,10,136,6.8500,0.858564
MTDtemp,8000,10,137,6.9000,0.661307
MTDtemp,8000,10,138,6.9500,0.536906
MTDtemp,8000,10,139,7.0000,0.490497
MTDtemp,8000,10,140,7.0500,0.384631
MTDtemp,8000,10,141,7.1000,0.493324
MTDtemp,8000,10,142,7.1500,0.642312
MTDtemp,8000,10,143,7.2000,0.750176
MTDtemp,8000,10,144,7.2500,0.794103
MTDtemp,8000,10,145,7.3000,0.779998
MTDtemp,8000,10,146,7.3500,0.773550
MTDtemp,8000,10,147,7.4000,0.669009
MTDtemp,8000,10,148,7.4500,0.611870
MTDtemp,8000,10,149,7.5000,0.538692
MTDtemp,8000,10,150,7.5500,0.512412
MTDtemp,8000,10,151,7.6000,0.492536
MTDtemp,8000,10,152,7.6500,0.391413
MTDtemp,8000,10,153,7.7000,0.360041
MTDtemp,8000,10,154,7.7500,0.373269
MTDtemp,8000,10,155,7.8000,0.419104
MTDtemp,8000,10,156,7.8500,0.436852
MTDtemp,8000,10,157,7.9000,0.306599
MTDtemp,8000,10,158,7.9500,0.289001
MTDtemp,8000,10,159,8.0000,0.288256
MTDtemp,8000,10,160,8.0500,0.294917
MTDtemp,8000,10,161,8.1000,0.334197
MTDtemp,8000,10,162,8.1500,0.434283
MTDtemp,8000,10,163,8.2000,0.593310
MTDtemp,8000,10,164,8.2500,0.608496
MTDtemp,8000,10,165,8.3000,0.582934
MTDtemp,8000,10,166,8.3500,0.638750
MTDtemp,8000,10,167,8.4000,0.673297
MTDtemp,8000,10,168,8.4500,0.767310
MTDtemp,8000,10,169,8.5000,0.947129
MTDtemp,8000,10,170,8.5500,0.983244
MTDtemp,8000,10,171,8.6000,1.088372
MTDtemp,8000,10,172,8.6500,1.136798
MTDtemp,8000,10,173,8.7000,0.987857
MTDtemp,8000,10,174,8.7500,0.836747
MTDtemp,8000,10,175,8.8000,0.739237
MTDtemp,8000,10,176,8.8500,0.676317
MTDtemp,8000,10,177,8.9000,0.677065
MTDtemp,8000,10,178,8.9500,0.709329
MTDtemp,8000,10,179,9.0000,0.802370
MTDtemp,8000,10,180,9.0500,0.679136
MTDtemp,8000,10,181,9.1000,0.616412
MTDtemp,8000,10,182,9.1500,0.617333
MTDtemp,8000,10,183,9.2000,0.648937
MTDtemp,8000,10,184,9.2500,0.749062
MTDtemp,8000,10,185,9.3000,0.826350
MTDtemp,8000,10,186,9.3500,0.795905
MTDtemp,8000,10,187,9.4000,0.710890
MTDtemp,8000,10,188,9.4500,0.634689
MTDtemp,8000,10,189,9.5000,0.595103
MTDtemp,8000,10,190,9.5500,0.576337
MTDtemp,8000,10,191,9.6000,0.528428
MTDtemp,8000,10,192,9.6500,0.517092
MTDtemp,8000,10,193,9.7000,0.531887
MTDtemp,8000,10,194,9.7500,0.530416
MTDtemp,8000,10,195,9.8000,0.489170
MTDtemp,8000,10,196,9.8500,0.483899
MTDtemp,8000,10,197,9.9000,0.443039
MTDtemp,8000,10,198,9.9500,0.407678
MTDtemp,8000,10,199,10.0000,0.396504
MTDtemp,8000,20,0,0.0500,13.901360
MTDtemp,8000,20,1,0.1000,13.026695
MTDtemp,8000,20,2,0.1500,12.276948
MTDtemp,8000,20,3,0.2000,11.807799
MTDtemp,8000,20,4,0.2500,11.509190
MTDtemp,8000,20,5,0.3000,10.863738
MTDtemp,8000,20,6,0.3500,10.263869
MTDtemp,8000,20,7,0.4000,10.021677
MTDtemp,8000,20,8,0.4500,9.680148
MTDtemp,8000,20,9,0.5000,9.313251
MTDtemp,8000,20,10,0.5500,8.737330
MTDtemp,8000,20,11,0.6000,8.480901
MTDtemp,8000,20,12,0.6500,8.254068
MTDtemp,8000,20,13,0.7000,8.007749
MTDtemp,8000,20,14,0.7500,7.691830
MTDtemp,8000,20,15,0.8000,7.675639
MTDtemp,8000,20,16,0.8500,7.351228
MTDtemp,8000,20,17,0.9000,7.262834
MTDtemp,8000,20,18,0.9500,6.937969
MTDtemp,8000,20,19,1.0000,6.699531
MTDtemp,8000,20,20,1.0500,6.448650
MTDtemp,8000,20,21,1.1000,5.885991
MTDtemp,8000,20,22,1.1500,5.593882
MTDtemp,8000,20,23,1.2000,5.285546
MTDtemp,8000,20,24,1.2500,5.208532
MTDtemp,8000,20,25,1.3000,5.202305
MTDtemp,8000,20,26,1.3500,5.069015
MTDtemp,8000,20,27,1.4000,5.005324
MTDtemp,8000,20,28,1.4500,4.777925
MTDtemp,8000,20,29,1.5000,4.680591
MTDtemp,8000,20,30,1.5500,4.453060
MTDtemp,8000,20,31,1.6000,4.307684
MTDtemp,8000,20,32,1.6500,4.142335
MTDtemp,8000,20,33,1.7000,4.126540
MTDtemp,8000,20,34,1.7500,3.877371
MTDtemp,8000,20,35,1.8000,3.746109
MTDtemp,8000,20,36,1.8500,3.576728
MTDtemp,8000,20,37,1.9000,3.377231
MTDtemp,8000,20,38,1.9500,3.168753
MTDtemp,8000,20,39,2.0000,2.953232
MTDtemp,8000,20,40,2.0500,2.891566
MTDtemp,8000,20,41,2.1000,2.878435
MTDtemp,8000,20,42,2.1500,2.791293
MTDtemp,8000,20,43,2.2000,2.725753
MTDtemp,8000,20,44,2.2500,2.732185
MTDtemp,8000,20,45,2.3000,2.541758
MTDtemp,8000,20,46,2.3500,2.403191
MTDtemp,8000,20,47,2.4000,2.277918
MTDtemp,8000,20,48,2.4500,2.194960
MTDtemp,8000,20,49,2.5000,2.170135
MTDtemp,8000,20,50,2.5500,2.036142
MTDtemp,8000,20,51,2.6000,1.859535
MTDtemp,8000,20,52,2.6500,1.857041
MTDtemp,8000,20,53,2.7000,1.878102
MTDtemp,8000,20,54,2.7500,1.942209
MTDtemp,8000,20,55,2.8000,1.811852
MTDtemp,8000,20,56,2.8500,1.650146
MTDtemp,8000,20,57,2.9000,1.484105
MTDtemp,8000,20,58,2.9500,1.392372
MTDtemp,8000,20,59,3.0000,1.314296
MTDtemp,8000,20,60,3.0500,1.278241
MTDtemp,8000,20,61,3.1000,1.272973
MTDtemp,8000,20,62,3.1500,1.247952
MTDtemp,8000,20,63,3.2000,1.213394
MTDtemp,8000,20,64,3.2500,1.187484
MTDtemp,8000,20,65,3.3000,1.155505
MTDtemp,8000,20,66,3.3500,1.141903
MTDtemp,8000,20,67,3.4000,1.148692
MTDtemp,8000,20,68,3.4500,1.151738
MTDtemp,8000,20,69,3.5000,1.177493
MTDtemp,8000,20,70,3.5500,1.224387
MTDtemp,8000,20,71,3.6000,1.186045
MTDtemp,8000,20,72,3.6500,1.005083
MTDtemp,8000,20,73,3.7000,0.825066
MTDtemp,8000,20,74,3.7500,0.877931
MTDtemp,8000,20,75,3.8000,0.876029
MTDtemp,8000,20,76,3.8500,1.031716
MTDtemp,8000,20,77,3.9000,1.159593
MTDtemp,8000,20,78,3.9500,0.978149
MTDtemp,8000,20,79,4.0000,0.882722
MTDtemp,8000,20,80,4.0500,0.838570
MTDtemp,8000,20,81,4.1000,0.771166
MTDtemp,8000,20,82,4.1500,0.749240
MTDtemp,8000,20,83,4.2000,0.717006
MTDtemp,8000,20,84,4.2500,0.684355
MTDtemp,8000,20,85,4.3000,0.721260
MTDtemp,8000,20,86,4.3500,0.590248
MTDtemp,8000,20,87,4.4000,0.524514
MTDtemp,8000,20,88,4.4500,0.524131
MTDtemp,8000,20,89,4.5000,0.493983
MTDtemp,8000,20,90,4.5500,0.441064
MTDtemp,8000,20,91,4.6000,0.427802
MTDtemp,8000,20,92,4.6500,0.432645
MTDtemp,8000,20,93,4.7000,0.470665
MTDtemp,8000,20,94,4.7500,0.545450
MTDtemp,8000,20,95,4.8000,0.612984
MTDtemp,8000,20,96,4.8500,0.635637
MTDtemp,8000,20,97,4.9000,0.858555
MTDtemp,8000,20,98,4.9500,0.989366
MTDtemp,8000,20,99,5.0000,0.795293
MTDtemp,8000,20,100,5.0500,0.606611
MTDtemp,8000,20,101,5.1000,0.540389
MTDtemp,8000,20,102,5.1500,0.449382
MTDtemp,8000,20,103,5.2000,0.461092
MTDtemp,8000,20,104,5.2500,0.454046
MTDtemp,8000,20,105,5.3000,0.454511
MTDtemp,8000,20,106,5.3500,0.594972
MTDtemp,8000,20,107,5.4000,0.725197
MTDtemp,8000,20,108,5.4500,0.911051
MTDtemp,8000,20,109,5.5000,1.107716
MTDtemp,8000,20,110,5.5500,1.295813
MTDtemp,8000,20,111,5.6000,1.477837
MTDtemp,8000,20,112,5.6500,1.677776
MTDtemp,8000,20,113,5.7000,1.872549
MTDtemp,8000,20,114,5.7500,2.082289
MTDtemp,8000,20,115,5.8000,2.204939
MTDtemp,8000,20,116,5.8500,2.146386
MTDtemp,8000,20,117,5.9000,2.094077
MTDtemp,8000,20,118,5.9500,1.933915
MTDtemp,8000,20,119,6.0000,1.819419
MTDtemp,8000,20,120,6.0500,1.812076
MTDtemp,8000,20,121,6.1000,1.676808
MTDtemp,8000,20,122,6.1500,1.583016
MTDtemp,8000,20,123,6.2000,1.525797
MTDtemp,8000,20,124,6.2500,1.514081
MTDtemp,8000,20,125,6.3000,1.512400
MTDtemp,8000,20,126,6.3500,1.340805
MTDtemp,8000,20,127,6.4000,1.315125
MTDtemp,8000,20,128,6.4500,1.277935
MTDtemp,8000,20,129,6.5000,1.219871
MTDtemp,8000,20,130,6.5500,1.102919
MTDtemp,8000,20,131,6.6000,1.018214
MTDtemp,8000,20,132,6.6500,0.974113
MTDtemp,8000,20,133,6.7000,0.896249
MTDtemp,8000,20,134,6.7500,0.815263
MTDtemp,8000,20,135,6.8000,0.761639
MTDtemp,8000,20,136,6.8500,0.700059
MTDtemp,8000,20,137,6.9000,0.634803
MTDtemp,8000,20,138,6.9500,0.608615
MTDtemp,8000,20,139,7.0000,0.578720
MTDtemp,8000,20,140,7.0500,0.565316
MTDtemp,8000,20,141,7.1000,0.558769
MTDtemp,8000,20,142,7.1500,0.598495
MTDtemp,8000,20,143,7.2000,0.644555
MTDtemp,8000,20,144,7.2500,0.725265
MTDtemp,8000,20,145,7.3000,0.579920
MTDtemp,8000,20,146,7.3500,0.479076
MTDtemp,8000,20,147,7.4000,0.486636
MTDtemp,8000,20,148,7.4500,0.491725
MTDtemp,8000,20,149,7.5000,0.591465
MTDtemp,8000,20,150,7.5500,0.625831
MTDtemp,8000,20,151,7.6000,0.701882
MTDtemp,8000,20,152,7.6500,0.750150
MTDtemp,8000,20,153,7.7000,0.842008
MTDtemp,8000,20,154,7.7500,0.850271
MTDtemp,8000,20,155,7.8000,0.997081
MTDtemp,8000,20,156,7.8500,1.102118
MTDtemp,8000,20,157,7.9000,1.113115
MTDtemp,8000,20,158,7.9500,1.090432
MTDtemp,8000,20,159,8.0000,1.108583
MTDtemp,8000,20,160,8.0500,1.188120
MTDtemp,8000,20,161,8.1000,1.214029
MTDtemp,8000,20,162,8.1500,1.039048
MTDtemp,8000,20,163,8.2000,0.892962
MTDtemp,8000,20,164,8.2500,0.753269
MTDtemp,8000,20,165,8.3000,0.637529
MTDtemp,8000,20,166,8.3500,0.547011
MTDtemp,8000,20,167,8.4000,0.491676
MTDtemp,8000,20,168,8.4500,0.428754
MTDtemp,8000,20,169,8.5000,0.538252
MTDtemp,8000,20,170,8.5500,0.603932
MTDtemp,8000,20,171,8.6000,0.661450
MTDtemp,8000,20,172,8.6500,0.761943
MTDtemp,8000,20,173,8.7000,0.929924
MTDtemp,8000,20,174,8.7500,1.051889
MTDtemp,8000,20,175,8.8000,1.199417
MTDtemp,8000,20,176,8.8500,1.368882
MTDtemp,8000,20,177,8.9000,1.511522
MTDtemp,8000,20,178,8.9500,1.594144
MTDtemp,8000,20,179,9.0000,1.695842
MTDtemp,8000,20,180,9.0500,1.859178
MTDtemp,8000,20,181,9.1000,1.948905
MTDtemp,8000,20,182,9.1500,1.926880
MTDtemp,8000,20,183,9.2000,1.888180
MTDtemp,8000,20,184,9.2500,1.733706
MTDtemp,8000,20,185,9.3000,1.692323
MTDtemp,8000,20,186,9.3500,1.639329
MTDtemp,8000,20,187,9.4000,1.556467
MTDtemp,8000,20,188,9.4500,1.516930
MTDtemp,8000,20,189,9.5000,1.480191
MTDtemp,8000,20,190,9.5500,1.454086
MTDtemp,8000,20,191,9.6000,1.436502
MTDtemp,8000,20,192,9.6500,1.389959
MTDtemp,8000,20,193,9.7000,1.319322
MTDtemp,8000,20,194,9.7500,1.276676
MTDtemp,8000,20,195,9.8000,1.234932
MTDtemp,8000,20,196,9.8500,1.161758
MTDtemp,8000,20,197,9.9000,1.135468
MTDtemp,8000,20,198,9.9500,1.064499
MTDtemp,8000,20,199,10.0000,1.046013
MTDtemp,8000,30,0,0.0500,14.000097
MTDtemp,8000,30,1,0.1000,12.733850
MTDtemp,8000,30,2,0.1500,12.067425
MTDtemp,8000,30,3,0.2000,11.847086
MTDtemp,8000,30,4,0.2500,11.281650
MTDtemp,8000,30,5,0.3000,10.958395
MTDtemp,8000,30,6,0.3500,10.474592
MTDtemp,8000,30,7,0.4000,10.012034
MTDtemp,8000,30,8,0.4500,9.654758
MTDtemp,8000,30,9,0.5000,9.186084
MTDtemp,8000,30,10,0.5500,8.915235
MTDtemp,8000,30,11,0.6000,8.657012
MTDtemp,8000,30,12,0.6500,8.394290
MTDtemp,8000,30,13,0.7000,8.039356
MTDtemp,8000,30,14,0.7500,7.662565
MTDtemp,8000,30,15,0.8000,7.409748
MTDtemp,8000,30,16,0.8500,7.236561
MTDtemp,8000,30,17,0.9000,6.902213
MTDtemp,8000,30,18,0.9500,6.527091
MTDtemp,8000,30,19,1.0000,6.419569
MTDtemp,8000,30,20,1.0500,6.095236
MTDtemp,8000,30,21,1.1000,5.970757
MTDtemp,8000,30,22,1.1500,5.943830
MTDtemp,8000,30,23,1.2000,5.759022
MTDtemp,8000,30,24,1.2500,5.719934
MTDtemp,8000,30,25,1.3000,5.375851
MTDtemp,8000,30,26,1.3500,5.148733
MTDtemp,8000,30,27,1.4000,4.978025
MTDtemp,8000,30,28,1.4500,4.900206
MTDtemp,8000,30,29,1.5000,4.808011
MTDtemp,8000,30,30,1.5500,4.735999
MTDtemp,8000,30,31,1.6000,4.424747
MTDtemp,8000,30,32,1.6500,4.168229
MTDtemp,8000,30,33,1.7000,4.122211
MTDtemp,8000,30,34,1.7500,4.037354
MTDtemp,8000,30,35,1.8000,3.858753
MTDtemp,8000,30,36,1.8500,3.689364
MTDtemp,8000,30,37,1.9000,3.425208
MTDtemp,8000,30,38,1.9500,3.252622
MTDtemp,8000,30,39,2.0000,3.114614
MTDtemp,8000,30,40,2.0500,3.083900
MTDtemp,8000,30,41,2.1000,2.918383
MTDtemp,8000,30,42,2.1500,2.769433
MTDtemp,8000,30,43,2.2000,2.554845
MTDtemp,8000,30,44,2.2500,2.492775
MTDtemp,8000,30,45,2.3000,2.430590
MTDtemp,8000,30,46,2.3500,2.240285
MTDtemp,8000,30,47,2.4000,2.213535
MTDtemp,8000,30,48,2.4500,2.168701
MTDtemp,8000,30,49,2.5000,2.060282
MTDtemp,8000,30,50,2.5500,2.067184
MTDtemp,8000,30,51,2.6000,1.967317
MTDtemp,8000,30,52,2.6500,1.862827
MTDtemp,8000,30,53,2.7000,1.724500
MTDtemp,8000,30,54,2.7500,1.685620
MTDtemp,8000,30,55,2.8000,1.644568
MTDtemp,8000,30,56,2.8500,1.639981
MTDtemp,8000,30,57,2.9000,1.573073
MTDtemp,8000,30,58,2.9500,1.483665
MTDtemp,8000,30,59,3.0000,1.425874
MTDtemp,8000,30,60,3.0500,1.386040
MTDtemp,8000,30,61,3.1000,1.273886
MTDtemp,8000,30,62,3.1500,1.255163
MTDtemp,8000,30,63,3.2000,1.230657
MTDtemp,8000,30,64,3.2500,1.216043
MTDtemp,8000,30,65,3.3000,1.205123
MTDtemp,8000,30,66,3.3500,1.193188
MTDtemp,8000,30,67,3.4000,1.168073
MTDtemp,8000,30,68,3.4500,1.019059
MTDtemp,8000,30,69,3.5000,1.052277
MTDtemp,8000,30,70,3.5500,1.141739
MTDtemp,8000,30,71,3.6000,1.331630
MTDtemp,8000,30,72,3.6500,1.583141
MTDtemp,8000,30,73,3.7000,1.781038
MTDtemp,8000,30,74,3.7500,1.949695
MTDtemp,8000,30,75,3.8000,2.033764
MTDtemp,8000,30,76,3.8500,2.047052
MTDtemp,8000,30,77,3.9000,2.012951
MTDtemp,8000,30,78,3.9500,1.750517
MTDtemp,8000,30,79,4.0000,1.679178
MTDtemp,8000,30,80,4.0500,1.590141
MTDtemp,8000,30,81,4.1000,1.428255
MTDtemp,8000,30,82,4.1500,1.363698
MTDtemp,8000,30,83,4.2000,1.294723
MTDtemp,8000,30,84,4.2500,1.122876
MTDtemp,8000,30,85,4.3000,1.059102
MTDtemp,8000,30,86,4.3500,0.849147
MTDtemp,8000,30,87,4.4000,0.735725
MTDtemp,8000,30,88,4.4500,0.623712
MTDtemp,8000,30,89,4.5000,0.575389
MTDtemp,8000,30,90,4.5500,0.543134
MTDtemp,8000,30,91,4.6000,0.508805
MTDtemp,8000,30,92,4.6500,0.403575
MTDtemp,8000,30,93,4.7000,0.371388
MTDtemp,8000,30,94,4.7500,0.383639
MTDtemp,8000,30,95,4.8000,0.425127
MTDtemp,8000,30,96,4.8500,0.536227
MTDtemp,8000,30,97,4.9000,0.684763
MTDtemp,8000,30,98,4.9500,0.740282
MTDtemp,8000,30,99,5.0000,0.774904
MTDtemp,8000,30,100,5.0500,0.912702
MTDtemp,8000,30,101,5.1000,0.918714
MTDtemp,8000,30,102,5.1500,0.811953
MTDtemp,8000,30,103,5.2000,0.631119
MTDtemp,8000,30,104,5.2500,0.486489
MTDtemp,8000,30,105,5.3000,0.381090
MTDtemp,8000,30,106,5.3500,0.490352
MTDtemp,8000,30,107,5.4000,0.607172
MTDtemp,8000,30,108,5.4500,0.774397
MTDtemp,8000,30,109,5.5000,0.900607
MTDtemp,8000,30,110,5.5500,0.931395
MTDtemp,8000,30,111,5.6000,0.870263
MTDtemp,8000,30,112,5.6500,0.860788
MTDtemp,8000,30,113,5.7000,0.867206
MTDtemp,8000,30,114,5.7500,0.865554
MTDtemp,8000,30,115,5.8000,0.753903
MTDtemp,8000,30,116,5.8500,0.711191
MTDtemp,8000,30,117,5.9000,0.650155
MTDtemp,8000,30,118,5.9500,0.690395
MTDtemp,8000,30,119,6.0000,0.572425
MTDtemp,8000,30,120,6.0500,0.426453
MTDtemp,8000,30,121,6.1000,0.400202
MTDtemp,8000,30,122,6.1500,0.409834
MTDtemp,8000,30,123,6.2000,0.364562
MTDtemp,8000,30,124,6.2500,0.325746
MTDtemp,8000,30,125,6.3000,0.331486
MTDtemp,8000,30,126,6.3500,0.352324
MTDtemp,8000,30,127,6.4000,0.385077
MTDtemp,8000,30,128,6.4500,0.421928
MTDtemp,8000,30,129,6.5000,0.466821
MTDtemp,8000,30,130,6.5500,0.374203
MTDtemp,8000,30,131,6.6000,0.465236
MTDtemp,8000,30,132,6.6500,0.619154
MTDtemp,8000,30,133,6.7000,0.767458
MTDtemp,8000,30,134,6.7500,0.968428
MTDtemp,8000,30,135,6.8000,1.190454
MTDtemp,8000,30,136,6.8500,1.387348
MTDtemp,8000,30,137,6.9000,1.579749
MTDtemp,8000,30,138,6.9500,1.697316
MTDtemp,8000,30,139,7.0000,1.868635
MTDtemp,8000,30,140,7.0500,1.915129
MTDtemp,8000,30,141,7.1000,1.781560
MTDtemp,8000,30,142,7.1500,1.702964
MTDtemp,8000,30,143,7.2000,1.574299
MTDtemp,8000,30,144,7.2500,1.516095
MTDtemp,8000,30,145,7.3000,1.393870
MTDtemp,8000,30,146,7.3500,1.351310
MTDtemp,8000,30,147,7.4000,1.356841
MTDtemp,8000,30,148,7.4500,1.298227
MTDtemp,8000,30,149,7.5000,1.215001
MTDtemp,8000,30,150,7.5500,1.203284
MTDtemp,8000,30,151,7.6000,1.213776
MTDtemp,8000,30,152,7.6500,1.113333
MTDtemp,8000,30,153,7.7000,0.992792
MTDtemp,8000,30,154,7.7500,0.927205
MTDtemp,8000,30,155,7.8000,0.939906
MTDtemp,8000,30,156,7.8500,0.966719
MTDtemp,8000,30,157,7.9000,0.883219
MTDtemp,8000,30,158,7.9500,0.703414
MTDtemp,8000,30,159,8.0000,0.642002
MTDtemp,8000,30,160,8.0500,0.634472
MTDtemp,8000,30,161,8.1000,0.573893
MTDtemp,8000,30,162,8.1500,0.551000
MTDtemp,8000,30,163,8.2000,0.547161
MTDtemp,8000,30,164,8.2500,0.477417
MTDtemp,8000,30,165,8.3000,0.458735
MTDtemp,8000,30,166,8.3500,0.380668
MTDtemp,8000,30,167,8.4000,0.494617
MTDtemp,8000,30,168,8.4500,0.648862
MTDtemp,8000,30,169,8.5000,0.743365
MTDtemp,8000,30,170,8.5500,0.889805
MTDtemp,8000,30,171,8.6000,1.022095
MTDtemp,8000,30,172,8.6500,1.127636
MTDtemp,8000,30,173,8.7000,1.126055
MTDtemp,8000,30,174,8.7500,1.056828
MTDtemp,8000,30,175,8.8000,0.996442
MTDtemp,8000,30,176,8.8500,0.882824
MTDtemp,8000,30,177,8.9000,0.840219
MTDtemp,8000,30,178,8.9500,0.853810
MTDtemp,8000,30,179,9.0000,0.725332
MTDtemp,8000,30,180,9.0500,0.700360
MTDtemp,8000,30,181,9.1000,0.634197
MTDtemp,8000,30,182,9.1500,0.531202
MTDtemp,8000,30,183,9.2000,0.451743
MTDtemp,8000,30,184,9.2500,0.414576
MTDtemp,8000,30,185,9.3000,0.375574
MTDtemp,8000,30,186,9.3500,0.338006
MTDtemp,8000,30,187,9.4000,0.319194
MTDtemp,8000,30,188,9.4500,0.319782
MTDtemp,8000,30,189,9.5000,0.339573
MTDtemp,8000,30,190,9.5500,0.389099
MTDtemp,8000,30,191,9.6000,0.358255
MTDtemp,8000,30,192,9.6500,0.351346
MTDtemp,8000,30,193,9.7000,0.385891
MTDtemp,8000,30,194,9.7500,0.438179
MTDtemp,8000,30,195,9.8000,0.505673
MTDtemp,8000,30,196,9.8500,0.504200
MTDtemp,8000,30,197,9.9000,0.498860
MTDtemp,8000,30,198,9.9500,0.524563
MTDtemp,8000,30,199,10.0000,0.571104
MTDtemp,8000,40,0,0.0500,13.869257
MTDtemp,8000,40,1,0.1000,13.115583
MTDtemp,8000,40,2,0.1500,12.320116
MTDtemp,8000,40,3,0.2000,11.461114
MTDtemp,8000,40,4,0.2500,11.117294
MTDtemp,8000,40,5,0.3000,10.739754
MTDtemp,8000,40,6,0.3500,10.368799
MTDtemp,8000,40,7,0.4000,9.850302
MTDtemp,8000,40,8,0.4500,9.853409
MTDtemp,8000,40,9,0.5000,9.806369
MTDtemp,8000,40,10,0.5500,9.291858
MTDtemp,8000,40,11,0.6000,8.853717
MTDtemp,8000,40,12,0.6500,8.586399
MTDtemp,8000,40,13,0.7000,8.183529
MTDtemp,8000,40,14,0.7500,8.047769
MTDtemp,8000,40,15,0.8000,7.882357
MTDtemp,8000,40,16,0.8500,7.343764
MTDtemp,8000,40,17,0.9000,7.032013
MTDtemp,8000,40,18,0.9500,6.693783
MTDtemp,8000,40,19,1.0000,6.301694
MTDtemp,8000,40,20,1.0500,6.031739
MTDtemp,8000,40,21,1.1000,5.903960
MTDtemp,8000,40,22,1.1500,5.789287
MTDtemp,8000,40,23,1.2000,5.493751
MTDtemp,8000,40,24,1.2500,5.321976
MTDtemp,8000,40,25,1.3000,5.235311
MTDtemp,8000,40,26,1.3500,4.928816
MTDtemp,8000,40,27,1.4000,4.701743
MTDtemp,8000,40,28,1.4500,4.638343
MTDtemp,8000,40,29,1.5000,4.372002
MTDtemp,8000,40,30,1.5500,4.313535
MTDtemp,8000,40,31,1.6000,4.298401
MTDtemp,8000,40,32,1.6500,4.241052
MTDtemp,8000,40,33,1.7000,4.221440
MTDtemp,8000,40,34,1.7500,4.029815
MTDtemp,8000,40,35,1.8000,3.793339
MTDtemp,8000,40,36,1.8500,3.743477
MTDtemp,8000,40,37,1.9000,3.404137
MTDtemp,8000,40,38,1.9500,3.176588
MTDtemp,8000,40,39,2.0000,3.029521
MTDtemp,8000,40,40,2.0500,2.910496
MTDtemp,8000,40,41,2.1000,2.801999
MTDtemp,8000,40,42,2.1500,2.677951
MTDtemp,8000,40,43,2.2000,2.481763
MTDtemp,8000,40,44,2.2500,2.390612
MTDtemp,8000,40,45,2.3000,2.363984
MTDtemp,8000,40,46,2.3500,2.343835
MTDtemp,8000,40,47,2.4000,2.324869
MTDtemp,8000,40,48,2.4500,2.195871
MTDtemp,8000,40,49,2.5000,2.091110
MTDtemp,8000,40,50,2.5500,2.018846
MTDtemp,8000,40,51,2.6000,1.905763
MTDtemp,8000,40,52,2.6500,1.788933
MTDtemp,8000,40,53,2.7000,1.719737
MTDtemp,8000,40,54,2.7500,1.629271
MTDtemp,8000,40,55,2.8000,1.579649
MTDtemp,8000,40,56,2.8500,1.516579
MTDtemp,8000,40,57,2.9000,1.483707
MTDtemp,8000,40,58,2.9500,1.444655
MTDtemp,8000,40,59,3.0000,1.400297
MTDtemp,8000,40,60,3.0500,1.345262
MTDtemp,8000,40,61,3.1000,1.355147
MTDtemp,8000,40,62,3.1500,1.358051
MTDtemp,8000,40,63,3.2000,1.267493
MTDtemp,8000,40,64,3.2500,1.220883
MTDtemp,8000,40,65,3.3000,1.218457
MTDtemp,8000,40,66,3.3500,1.060655
MTDtemp,8000,40,67,3.4000,1.087307
MTDtemp,8000,40,68,3.4500,1.100709
MTDtemp,8000,40,69,3.5000,1.252127
MTDtemp,8000,40,70,3.5500,1.253486
MTDtemp,8000,40,71,3.6000,1.100153
MTDtemp,8000,40,72,3.6500,1.112269
MTDtemp,8000,40,73,3.7000,1.071823
MTDtemp,8000,40,74,3.7500,0.959414
MTDtemp,8000,40,75,3.8000,0.929158
MTDtemp,8000,40,76,3.8500,0.848964
MTDtemp,8000,40,77,3.9000,0.821591
MTDtemp,8000,40,78,3.9500,0.865509
MTDtemp,8000,40,79,4.0000,0.861553
MTDtemp,8000,40,80,4.0500,0.727643
MTDtemp,8000,40,81,4.1000,0.615423
MTDtemp,8000,40,82,4.1500,0.615590
MTDtemp,8000,40,83,4.2000,0.604159
MTDtemp,8000,40,84,4.2500,0.634681
MTDtemp,8000,40,85,4.3000,0.666133
MTDtemp,8000,40,86,4.3500,0.701882
MTDtemp,8000,40,87,4.4000,0.752722
MTDtemp,8000,40,88,4.4500,0.754172
MTDtemp,8000,40,89,4.5000,0.766147
MTDtemp,8000,40,90,4.5500,0.799627
MTDtemp,8000,40,91,4.6000,0.907710
MTDtemp,8000,40,92,4.6500,0.947035
MTDtemp,8000,40,93,4.7000,1.087598
MTDtemp,8000,40,94,4.7500,1.215358
MTDtemp,8000,40,95,4.8000,1.227183
MTDtemp,8000,40,96,4.8500,1.124306
MTDtemp,8000,40,97,4.9000,1.102262
MTDtemp,8000,40,98,4.9500,1.210177
MTDtemp,8000,40,99,5.0000,1.342860
MTDtemp,8000,40,100,5.0500,1.443123
MTDtemp,8000,40,101,5.1000,1.537029
MTDtemp,8000,40,102,5.1500,1.691384
MTDtemp,8000,40,103,5.2000,1.691154
MTDtemp,8000,40,104,5.2500,1.686204
MTDtemp,8000,40,105,5.3000,1.592021
MTDtemp,8000,40,106,5.3500,1.584603
MTDtemp,8000,40,107,5.4000,1.482546
MTDtemp,8000,40,108,5.4500,1.136950
MTDtemp,8000,40,109,5.5000,0.862023
MTDtemp,8000,40,110,5.5500,0.688535
MTDtemp,8000,40,111,5.6000,0.463794
MTDtemp,8000,40,112,5.6500,0.389099
MTDtemp,8000,40,113,5.7000,0.493744
MTDtemp,8000,40,114,5.7500,0.587141
MTDtemp,8000,40,115,5.8000,0.762914
MTDtemp,8000,40,116,5.8500,0.960187
MTDtemp,8000,40,117,5.9000,1.111057
MTDtemp,8000,40,118,5.9500,1.302023
MTDtemp,8000,40,119,6.0000,1.493599
MTDtemp,8000,40,120,6.0500,1.708504
MTDtemp,8000,40,121,6.1000,1.909197
MTDtemp,8000,40,122,6.1500,2.071069
MTDtemp,8000,40,123,6.2000,2.169704
MTDtemp,8000,40,124,6.2500,2.208067
MTDtemp,8000,40,125,6.3000,2.084354
MTDtemp,8000,40,126,6.3500,1.963751
MTDtemp,8000,40,127,6.4000,1.882852
MTDtemp,8000,40,128,6.4500,1.745224
MTDtemp,8000,40,129,6.5000,1.517632
MTDtemp,8000,40,130,6.5500,1.524477
MTDtemp,8000,40,131,6.6000,1.450128
MTDtemp,8000,40,132,6.6500,1.381336
MTDtemp,8000,40,133,6.7000,1.304738
MTDtemp,8000,40,134,6.7500,1.237281
MTDtemp,8000,40,135,6.8000,1.205352
MTDtemp,8000,40,136,6.8500,1.057804
MTDtemp,8000,40,137,6.9000,0.932271
MTDtemp,8000,40,138,6.9500,0.886919
MTDtemp,8000,40,139,7.0000,0.771392
MTDtemp,8000,40,140,7.0500,0.741827
MTDtemp,8000,40,141,7.1000,0.662266
MTDtemp,8000,40,142,7.1500,0.613883
MTDtemp,8000,40,143,7.2000,0.617948
MTDtemp,8000,40,144,7.2500,0.651445
MTDtemp,8000,40,145,7.3000,0.747520
MTDtemp,8000,40,146,7.3500,0.873981
MTDtemp,8000,40,147,7.4000,1.032589
MTDtemp,8000,40,148,7.4500,1.216191
MTDtemp,8000,40,149,7.5000,1.391266
MTDtemp,8000,40,150,7.5500,1.429034
MTDtemp,8000,40,151,7.6000,1.428609
MTDtemp,8000,40,152,7.6500,1.311378
MTDtemp,8000,40,153,7.7000,1.281255
MTDtemp,8000,40,154,7.7500,1.262928
MTDtemp,8000,40,155,7.8000,1.281344
MTDtemp,8000,40,156,7.8500,1.233568
MTDtemp,8000,40,157,7.9000,1.182652
MTDtemp,8000,40,158,7.9500,0.999679
MTDtemp,8000,40,159,8.0000,0.846399
MTDtemp,8000,40,160,8.0500,0.767348
MTDtemp,8000,40,161,8.1000,0.685029
MTDtemp,8000,40,162,8.1500,0.736879
MTDtemp,8000,40,163,8.2000,0.832603
MTDtemp,8000,40,164,8.2500,1.009677
MTDtemp,8000,40,165,8.3000,1.120649
MTDtemp,8000,40,166,8.3500,1.262302
MTDtemp,8000,40,167,8.4000,1.412510
MTDtemp,8000,40,168,8.4500,1.583037
MTDtemp,8000,40,169,8.5000,1.745663
MTDtemp,8000,40,170,8.5500,1.866304
MTDtemp,8000,40,171,8.6000,1.927045
MTDtemp,8000,40,172,8.6500,1.886580
MTDtemp,8000,40,173,8.7000,1.797805
MTDtemp,8000,40,174,8.7500,1.715883
MTDtemp,8000,40,175,8.8000,1.583752
MTDtemp,8000,40,176,8.8500,1.462517
MTDtemp,8000,40,177,8.9000,1.402946
MTDtemp,8000,40,178,8.9500,1.388650
MTDtemp,8000,40,179,9.0000,1.320271
MTDtemp,8000,40,180,9.0500,1.304979
MTDtemp,8000,40,181,9.1000,1.312942
MTDtemp,8000,40,182,9.1500,1.288635
MTDtemp,8000,40,183,9.2000,1.170218
MTDtemp,8000,40,184,9.2500,1.184616
MTDtemp,8000,40,185,9.3000,1.202444
MTDtemp,8000,40,186,9.3500,0.948171
MTDtemp,8000,40,187,9.4000,0.850724
MTDtemp,8000,40,188,9.4500,0.865881
MTDtemp,8000,40,189,9.5000,0.808081
MTDtemp,8000,40,190,9.5500,0.726859
MTDtemp,8000,40,191,9.6000,0.791880
MTDtemp,8000,40,192,9.6500,0.829901
MTDtemp,8000,40,193,9.7000,0.808329
MTDtemp,8000,40,194,9.7500,0.725381
MTDtemp,8000,40,195,9.8000,0.621883
MTDtemp,8000,40,196,9.8500,0.571145
MTDtemp,8000,40,197,9.9000,0.487886
MTDtemp,8000,40,198,9.9500,0.424046
MTDtemp,8000,40,199,10.0000,0.420342
MTDtemp,8000,50,0,0.0500,13.968156
MTDtemp,8000,50,1,0.1000,12.978017
MTDtemp,8000,50,2,0.1500,12.426270
MTDtemp,8000,50,3,0.2000,11.629769
MTDtemp,8000,50,4,0.2500,11.011875
MTDtemp,8000,50,5,0.3000,10.515229
MTDtemp,8000,50,6,0.3500,10.354272
MTDtemp,8000,50,7,0.4000,10.092273
MTDtemp,8000,50,8,0.4500,9.578420
MTDtemp,8000,50,9,0.5000,9.158848
MTDtemp,8000,50,10,0.5500,8.812266
MTDtemp,8000,50,11,0.6000,8.412955
MTDtemp,8000,50,12,0.6500,8.234314
MTDtemp,8000,50,13,0.7000,7.815690
MTDtemp,8000,50,14,0.7500,7.762911
MTDtemp,8000,50,15,0.8000,7.274758
MTDtemp,8000,50,16,0.8500,7.241578
MTDtemp,8000,50,17,0.9000,7.157137
MTDtemp,8000,50,18,0.9500,6.981953
MTDtemp,8000,50,19,1.0000,6.607306
MTDtemp,8000,50,20,1.0500,6.326851
MTDtemp,8000,50,21,1.1000,6.189434
MTDtemp,8000,50,22,1.1500,5.845169
MTDtemp,8000,50,23,1.2000,5.675259
MTDtemp,8000,50,24,1.2500,5.575133
MTDtemp,8000,50,25,1.3000,5.275122
MTDtemp,8000,50,26,1.3500,5.135736
MTDtemp,8000,50,27,1.4000,4.932752
MTDtemp,8000,50,28,1.4500,4.648207
MTDtemp,8000,50,29,1.5000,4.608517
MTDtemp,8000,50,30,1.5500,4.310554
MTDtemp,8000,50,31,1.6000,4.233696
MTDtemp,8000,50,32,1.6500,4.119271
MTDtemp,8000,50,33,1.7000,4.022338
MTDtemp,8000,50,34,1.7500,3.893564
MTDtemp,8000,50,35,1.8000,3.545078
MTDtemp,8000,50,36,1.8500,3.389637
MTDtemp,8000,50,37,1.9000,3.231683
MTDtemp,8000,50,38,1.9500,3.103423
MTDtemp,8000,50,39,2.0000,3.036348
MTDtemp,8000,50,40,2.0500,2.917386
MTDtemp,8000,50,41,2.1000,2.879722
MTDtemp,8000,50,42,2.1500,2.800699
MTDtemp,8000,50,43,2.2000,2.794563
MTDtemp,8000,50,44,2.2500,2.609522
MTDtemp,8000,50,45,2.3000,2.477268
MTDtemp,8000,50,46,2.3500,2.433864
MTDtemp,8000,50,47,2.4000,2.176617
MTDtemp,8000,50,48,2.4500,2.046719
MTDtemp,8000,50,49,2.5000,1.975266
MTDtemp,8000,50,50,2.5500,1.926631
MTDtemp,8000,50,51,2.6000,1.907099
MTDtemp,8000,50,52,2.6500,1.835190
MTDtemp,8000,50,53,2.7000,1.696136
MTDtemp,8000,50,54,2.7500,1.648921
MTDtemp,8000,50,55,2.8000,1.557423
MTDtemp,8000,50,56,2.8500,1.508944
MTDtemp,8000,50,57,2.9000,1.431558
MTDtemp,8000,50,58,2.9500,1.390536
MTDtemp,8000,50,59,3.0000,1.341028
MTDtemp,8000,50,60,3.0500,1.304931
MTDtemp,8000,50,61,3.1000,1.271820
MTDtemp,8000,50,62,3.1500,1.255251
MTDtemp,8000,50,63,3.2000,1.262684
MTDtemp,8000,50,64,3.2500,1.285748
MTDtemp,8000,50,65,3.3000,1.346864
MTDtemp,8000,50,66,3.3500,1.396952
MTDtemp,8000,50,67,3.4000,1.393087
MTDtemp,8000,50,68,3.4500,1.425536
MTDtemp,8000,50,69,3.5000,1.484174
MTDtemp,8000,50,70,3.5500,1.233630
MTDtemp,8000,50,71,3.6000,1.103474
MTDtemp,8000,50,72,3.6500,1.058300
MTDtemp,8000,50,73,3.7000,1.045752
MTDtemp,8000,50,74,3.7500,1.121512
MTDtemp,8000,50,75,3.8000,1.180956
MTDtemp,8000,50,76,3.8500,1.242593
MTDtemp,8000,50,77,3.9000,1.299255
MTDtemp,8000,50,78,3.9500,1.495264
MTDtemp,8000,50,79,4.0000,1.522775
MTDtemp,8000,50,80,4.0500,1.509652
MTDtemp,8000,50,81,4.1000,1.537513
MTDtemp,8000,50,82,4.1500,1.237757
MTDtemp,8000,50,83,4.2000,0.960292
MTDtemp,8000,50,84,4.2500,0.851362
MTDtemp,8000,50,85,4.3000,0.675905
MTDtemp,8000,50,86,4.3500,0.649811
MTDtemp,8000,50,87,4.4000,0.611687
MTDtemp,8000,50,88,4.4500,0.749311
MTDtemp,8000,50,89,4.5000,0.958462
MTDtemp,8000,50,90,4.5500,1.140036
MTDtemp,8000,50,91,4.6000,1.262366
MTDtemp,8000,50,92,4.6500,1.496939
MTDtemp,8000,50,93,4.7000,1.667929
MTDtemp,8000,50,94,4.7500,1.667591
MTDtemp,8000,50,95,4.8000,1.587991
MTDtemp,8000,50,96,4.8500,1.539859
MTDtemp,8000,50,97,4.9000,1.452014
MTDtemp,8000,50,98,4.9500,1.304689
MTDtemp,8000,50,99,5.0000,1.212108
MTDtemp,8000,50,100,5.0500,1.226657
MTDtemp,8000,50,101,5.1000,1.099450
MTDtemp,8000,50,102,5.1500,0.977034
MTDtemp,8000,50,103,5.2000,0.831006
MTDtemp,8000,50,104,5.2500,0.752716
MTDtemp,8000,50,105,5.3000,0.719593
MTDtemp,8000,50,106,5.3500,0.666133
MTDtemp,8000,50,107,5.4000,0.643492
MTDtemp,8000,50,108,5.4500,0.799822
MTDtemp,8000,50,109,5.5000,0.915625
MTDtemp,8000,50,110,5.5500,0.904534
MTDtemp,8000,50,111,5.6000,0.981859
MTDtemp,8000,50,112,5.6500,1.055476
MTDtemp,8000,50,113,5.7000,0.947385
MTDtemp,8000,50,114,5.7500,0.866800
MTDtemp,8000,50,115,5.8000,0.880145
MTDtemp,8000,50,116,5.8500,0.700276
MTDtemp,8000,50,117,5.9000,0.626727
MTDtemp,8000,50,118,5.9500,0.555017
MTDtemp,8000,50,119,6.0000,0.634843
MTDtemp,8000,50,120,6.0500,0.769768
MTDtemp,8000,50,121,6.1000,0.905285
MTDtemp,8000,50,122,6.1500,1.008224
MTDtemp,8000,50,123,6.2000,1.168466
MTDtemp,8000,50,124,6.2500,1.364871
MTDtemp,8000,50,125,6.3000,1.542117
MTDtemp,8000,50,126,6.3500,1.699543
MTDtemp,8000,50,127,6.4000,1.873540
MTDtemp,8000,50,128,6.4500,2.041311
MTDtemp,8000,50,129,6.5000,2.212229
MTDtemp,8000,50,130,6.5500,2.394704
MTDtemp,8000,50,131,6.6000,2.583954
MTDtemp,8000,50,132,6.6500,2.770416
MTDtemp,8000,50,133,6.7000,2.924445
MTDtemp,8000,50,134,6.7500,3.047387
MTDtemp,8000,50,135,6.8000,3.120744
MTDtemp,8000,50,136,6.8500,3.172644
MTDtemp,8000,50,137,6.9000,3.114755
MTDtemp,8000,50,138,6.9500,2.977915
MTDtemp,8000,50,139,7.0000,2.936370
MTDtemp,8000,50,140,7.0500,2.854008
MTDtemp,8000,50,141,7.1000,2.752351
MTDtemp,8000,50,142,7.1500,2.657644
MTDtemp,8000,50,143,7.2000,2.578651
MTDtemp,8000,50,144,7.2500,2.512473
MTDtemp,8000,50,145,7.3000,2.476764
MTDtemp,8000,50,146,7.3500,2.250487
MTDtemp,8000,50,147,7.4000,2.179075
MTDtemp,8000,50,148,7.4500,2.136407
MTDtemp,8000,50,149,7.5000,2.031453
MTDtemp,8000,50,150,7.5500,1.906689
MTDtemp,8000,50,151,7.6000,1.774480
MTDtemp,8000,50,152,7.6500,1.802590
MTDtemp,8000,50,153,7.7000,1.782879
MTDtemp,8000,50,154,7.7500,1.601988
MTDtemp,8000,50,155,7.8000,1.482551
MTDtemp,8000,50,156,7.8500,1.407516
MTDtemp,8000,50,157,7.9000,1.289796
MTDtemp,8000,50,158,7.9500,1.181118
MTDtemp,8000,50,159,8.0000,1.212279
MTDtemp,8000,50,160,8.0500,1.298926
MTDtemp,8000,50,161,8.1000,1.295438
MTDtemp,8000,50,162,8.1500,1.140725
MTDtemp,8000,50,163,8.2000,1.072567
MTDtemp,8000,50,164,8.2500,0.983943
MTDtemp,8000,50,165,8.3000,0.942793
MTDtemp,8000,50,166,8.3500,0.857858
MTDtemp,8000,50,167,8.4000,0.801594
MTDtemp,8000,50,168,8.4500,0.732390
MTDtemp,8000,50,169,8.5000,0.683813
MTDtemp,8000,50,170,8.5500,0.635080
MTDtemp,8000,50,171,8.6000,0.592848
MTDtemp,8000,50,172,8.6500,0.545919
MTDtemp,8000,50,173,8.7000,0.484807
MTDtemp,8000,50,174,8.7500,0.435223
MTDtemp,8000,50,175,8.8000,0.407300
MTDtemp,8000,50,176,8.8500,0.382425
MTDtemp,8000,50,177,8.9000,0.348636
MTDtemp,8000,50,178,8.9500,0.338792
MTDtemp,8000,50,179,9.0000,0.321953
MTDtemp,8000,50,180,9.0500,0.353997
MTDtemp,8000,50,181,9.1000,0.397732
MTDtemp,8000,50,182,9.1500,0.441554
MTDtemp,8000,50,183,9.2000,0.363104
MTDtemp,8000,50,184,9.2500,0.288057
MTDtemp,8000,50,185,9.3000,0.417415
MTDtemp,8000,50,186,9.3500,0.481533
MTDtemp,8000,50,187,9.4000,0.520317
MTDtemp,8000,50,188,9.4500,0.625535
MTDtemp,8000,50,189,9.5000,0.687207
MTDtemp,8000,50,190,9.5500,0.676288
MTDtemp,8000,50,191,9.6000,0.709061
MTDtemp,8000,50,192,9.6500,0.705346
MTDtemp,8000,50,193,9.7000,0.588340
MTDtemp,8000,50,194,9.7500,0.545979
MTDtemp,8000,50,195,9.8000,0.489376
MTDtemp,8000,50,196,9.8500,0.417065
MTDtemp,8000,50,197,9.9000,0.498107
MTDtemp,8000,50,198,9.9500,0.409740
MTDtemp,8000,50,199,10.0000,0.337481
