fullSamples,extendedFluctuation,seed,frame,time_ns,rmsd
10000,0.01,10,0,0.2000,3.717902
10000,0.01,10,1,0.4000,2.641000
10000,0.01,10,2,0.6000,3.656806
10000,0.01,10,3,0.8000,3.243553
10000,0.01,10,4,1.0000,3.353712
10000,0.01,10,5,1.2000,3.687105
10000,0.01,10,6,1.4000,3.695823
10000,0.01,10,7,1.6000,3.733809
10000,0.01,10,8,1.8000,1.342433
10000,0.01,10,9,2.0000,1.430605
10000,0.01,10,10,2.2000,1.463915
10000,0.01,10,11,2.4000,1.456030
10000,0.01,10,12,2.6000,1.434951
10000,0.01,10,13,2.8000,1.409015
10000,0.01,10,14,3.0000,1.418490
10000,0.01,10,15,3.2000,1.417732
10000,0.01,10,16,3.4000,1.417948
10000,0.01,10,17,3.6000,1.411865
10000,0.01,10,18,3.8000,1.403686
10000,0.01,10,19,4.0000,1.420957
10000,0.01,10,20,4.2000,1.415799
10000,0.01,10,21,4.4000,1.407803
10000,0.01,10,22,4.6000,1.106551
10000,0.01,10,23,4.8000,1.070673
10000,0.01,10,24,5.0000,1.179517
10000,0.01,10,25,5.2000,1.545531
10000,0.01,10,26,5.4000,1.376500
10000,0.01,10,27,5.6000,2.243407
10000,0.01,10,28,5.8000,0.457925
10000,0.01,10,29,6.0000,1.359992
10000,0.01,10,30,6.2000,0.518204
10000,0.01,10,31,6.4000,0.520777
10000,0.01,10,32,6.6000,0.594100
10000,0.01,10,33,6.8000,0.631425
10000,0.01,10,34,7.0000,0.594156
10000,0.01,10,35,7.2000,0.504546
10000,0.01,10,36,7.4000,0.510576
10000,0.01,10,37,7.6000,0.543205
10000,0.01,10,38,7.8000,0.479221
10000,0.01,10,39,8.0000,0.476666
10000,0.01,10,40,8.2000,0.447699
10000,0.01,10,41,8.4000,0.404911
10000,0.01,10,42,8.6000,0.406421
10000,0.01,10,43,8.8000,0.397244
10000,0.01,10,44,9.0000,0.320004
10000,0.01,10,45,9.2000,0.385905
10000,0.01,10,46,9.4000,0.415934
10000,0.01,10,47,9.6000,0.423856
10000,0.01,10,48,9.8000,0.420693
10000,0.01,10,49,10.0000,0.430181
10000,0.01,10,50,10.2000,0.416196
10000,0.01,10,51,10.4000,0.413718
10000,0.01,10,52,10.6000,0.383782
10000,0.01,10,53,10.8000,0.381872
10000,0.01,10,54,11.0000,0.378040
10000,0.01,10,55,11.2000,0.381406
10000,0.01,10,56,11.4000,0.378613
10000,0.01,10,57,11.6000,0.380231
10000,0.01,10,58,11.8000,0.381033
10000,0.01,10,59,12.0000,0.358781
10000,0.01,10,60,12.2000,0.351902
10000,0.01,10,61,12.4000,0.337345
10000,0.01,10,62,12.6000,0.346301
10000,0.01,10,63,12.8000,0.331887
10000,0.01,10,64,13.0000,0.324150
10000,0.01,10,65,13.2000,0.311514
10000,0.01,10,66,13.4000,0.345780
10000,0.01,10,67,13.6000,0.309333
10000,0.01,10,68,13.8000,0.308293
10000,0.01,10,69,14.0000,0.305488
10000,0.01,10,70,14.2000,0.307072
10000,0.01,10,71,14.4000,0.308417
10000,0.01,10,72,14.6000,0.295096
10000,0.01,10,73,14.8000,0.296152
10000,0.01,10,74,15.0000,0.295597
10000,0.01,10,75,15.2000,0.295522
10000,0.01,10,76,15.4000,0.294064
10000,0.01,10,77,15.6000,0.293992
10000,0.01,10,78,15.8000,0.289868
10000,0.01,10,79,16.0000,0.280022
10000,0.01,10,80,16.2000,0.279887
10000,0.01,10,81,16.4000,0.257098
10000,0.01,10,82,16.6000,0.290041
10000,0.01,10,83,16.8000,0.282162
10000,0.01,10,84,17.0000,0.278392
10000,0.01,10,85,17.2000,0.276235
10000,0.01,10,86,17.4000,0.275240
10000,0.01,10,87,17.6000,0.275299
10000,0.01,10,88,17.8000,0.274413
10000,0.01,10,89,18.0000,0.275083
10000,0.01,10,90,18.2000,0.272385
10000,0.01,10,91,18.4000,0.281141
10000,0.01,10,92,18.6000,0.280808
10000,0.01,10,93,18.8000,0.276877
10000,0.01,10,94,19.0000,0.252216
10000,0.01,10,95,19.2000,0.258811
10000,0.01,10,96,19.4000,0.259761
10000,0.01,10,97,19.6000,0.261260
10000,0.01,10,98,19.8000,0.256877
10000,0.01,10,99,20.0000,0.256280
10000,0.01,100,0,0.2000,2.827858
10000,0.01,100,1,0.4000,11.122673
10000,0.01,100,2,0.6000,11.034901
10000,0.01,100,3,0.8000,4.280383
10000,0.01,100,4,1.0000,3.859992
10000,0.01,100,5,1.2000,3.834229
10000,0.01,100,6,1.4000,3.747595
10000,0.01,100,7,1.6000,3.757041
10000,0.01,100,8,1.8000,3.788555
10000,0.01,100,9,2.0000,3.894409
10000,0.01,100,10,2.2000,3.876905
10000,0.01,100,11,2.4000,2.326098
10000,0.01,100,12,2.6000,1.292986
10000,0.01,100,13,2.8000,1.266303
10000,0.01,100,14,3.0000,1.253524
10000,0.01,100,15,3.2000,1.250391
10000,0.01,100,16,3.4000,1.226296
10000,0.01,100,17,3.6000,1.081639
10000,0.01,100,18,3.8000,0.774272
10000,0.01,100,19,4.0000,2.059765
10000,0.01,100,20,4.2000,0.519679
10000,0.01,100,21,4.4000,0.766845
10000,0.01,100,22,4.6000,0.393827
10000,0.01,100,23,4.8000,0.402433
10000,0.01,100,24,5.0000,0.398747
10000,0.01,100,25,5.2000,0.359751
10000,0.01,100,26,5.4000,0.336830
10000,0.01,100,27,5.6000,0.331556
10000,0.01,100,28,5.8000,0.332423
10000,0.01,100,29,6.0000,0.298596
10000,0.01,100,30,6.2000,0.376773
10000,0.01,100,31,6.4000,0.335173
10000,0.01,100,32,6.6000,0.336390
10000,0.01,100,33,6.8000,0.328279
10000,0.01,100,34,7.0000,0.335354
10000,0.01,100,35,7.2000,0.336225
10000,0.01,100,36,7.4000,0.334904
10000,0.01,100,37,7.6000,0.335697
10000,0.01,100,38,7.8000,0.396109
10000,0.01,100,39,8.0000,0.357089
10000,0.01,100,40,8.2000,0.366639
10000,0.01,100,41,8.4000,0.378884
10000,0.01,100,42,8.6000,0.347462
10000,0.01,100,43,8.8000,0.339095
10000,0.01,100,44,9.0000,0.371925
10000,0.01,100,45,9.2000,0.305347
10000,0.01,100,46,9.4000,0.301906
10000,0.01,100,47,9.6000,0.344130
10000,0.01,100,48,9.8000,0.279561
10000,0.01,100,49,10.0000,0.258952
10000,0.01,100,50,10.2000,0.261631
10000,0.01,100,51,10.4000,0.303270
10000,0.01,100,52,10.6000,0.277617
10000,0.01,100,53,10.8000,0.263417
10000,0.01,100,54,11.0000,0.258839
10000,0.01,100,55,11.2000,0.258460
10000,0.01,100,56,11.4000,0.260582
10000,0.01,100,57,11.6000,0.257919
10000,0.01,100,58,11.8000,0.257634
10000,0.01,100,59,12.0000,0.258255
10000,0.01,100,60,12.2000,0.257581
10000,0.01,100,61,12.4000,0.256722
10000,0.01,100,62,12.6000,0.256507
10000,0.01,100,63,12.8000,0.238114
10000,0.01,100,64,13.0000,0.233116
10000,0.01,100,65,13.2000,0.236242
10000,0.01,100,66,13.4000,0.231377
10000,0.01,100,67,13.6000,0.231377
10000,0.01,100,68,13.8000,0.235311
10000,0.01,100,69,14.0000,0.232148
10000,0.01,100,70,14.2000,0.225229
10000,0.01,100,71,14.4000,0.239064
10000,0.01,100,72,14.6000,0.254048
10000,0.01,100,73,14.8000,0.234134
10000,0.01,100,74,15.0000,0.231946
10000,0.01,100,75,15.2000,0.216963
10000,0.01,100,76,15.4000,0.215288
10000,0.01,100,77,15.6000,0.216627
10000,0.01,100,78,15.8000,0.222828
10000,0.01,100,79,16.0000,0.245279
10000,0.01,100,80,16.2000,0.246030
10000,0.01,100,81,16.4000,0.257427
10000,0.01,100,82,16.6000,0.264293
10000,0.01,100,83,16.8000,0.329826
10000,0.01,100,84,17.0000,0.340766
10000,0.01,100,85,17.2000,0.309890
10000,0.01,100,86,17.4000,0.287987
10000,0.01,100,87,17.6000,0.266567
10000,0.01,100,88,17.8000,0.265998
10000,0.01,100,89,18.0000,0.256622
10000,0.01,100,90,18.2000,0.249393
10000,0.01,100,91,18.4000,0.238812
10000,0.01,100,92,18.6000,0.219220
10000,0.01,100,93,18.8000,0.229163
10000,0.01,100,94,19.0000,0.212646
10000,0.01,100,95,19.2000,0.253367
10000,0.01,100,96,19.4000,0.247125
10000,0.01,100,97,19.6000,0.259012
10000,0.01,100,98,19.8000,0.279007
10000,0.01,100,99,20.0000,0.268155
10000,0.01,20,0,0.2000,3.334653
10000,0.01,20,1,0.4000,4.725806
10000,0.01,20,2,0.6000,2.770577
10000,0.01,20,3,0.8000,2.701343
10000,0.01,20,4,1.0000,2.519035
10000,0.01,20,5,1.2000,2.393450
10000,0.01,20,6,1.4000,2.163913
10000,0.01,20,7,1.6000,1.836898
10000,0.01,20,8,1.8000,1.284287
10000,0.01,20,9,2.0000,0.577788
10000,0.01,20,10,2.2000,0.524598
10000,0.01,20,11,2.4000,0.483426
10000,0.01,20,12,2.6000,0.485367
10000,0.01,20,13,2.8000,0.654527
10000,0.01,20,14,3.0000,0.678889
10000,0.01,20,15,3.2000,0.496161
10000,0.01,20,16,3.4000,0.638412
10000,0.01,20,17,3.6000,0.701659
10000,0.01,20,18,3.8000,0.364616
10000,0.01,20,19,4.0000,0.342701
10000,0.01,20,20,4.2000,0.336686
10000,0.01,20,21,4.4000,0.322632
10000,0.01,20,22,4.6000,0.339148
10000,0.01,20,23,4.8000,0.304964
10000,0.01,20,24,5.0000,0.316824
10000,0.01,20,25,5.2000,0.314526
10000,0.01,20,26,5.4000,0.309466
10000,0.01,20,27,5.6000,0.305513
10000,0.01,20,28,5.8000,0.312720
10000,0.01,20,29,6.0000,0.308608
10000,0.01,20,30,6.2000,0.530844
10000,0.01,20,31,6.4000,0.329004
10000,0.01,20,32,6.6000,0.376971
10000,0.01,20,33,6.8000,0.339306
10000,0.01,20,34,7.0000,0.288479
10000,0.01,20,35,7.2000,0.303811
10000,0.01,20,36,7.4000,0.311536
10000,0.01,20,37,7.6000,0.326498
10000,0.01,20,38,7.8000,0.331063
10000,0.01,20,39,8.0000,0.367390
10000,0.01,20,40,8.2000,0.381668
10000,0.01,20,41,8.4000,0.391012
10000,0.01,20,42,8.6000,0.383733
10000,0.01,20,43,8.8000,0.373167
10000,0.01,20,44,9.0000,0.384217
10000,0.01,20,45,9.2000,0.382509
10000,0.01,20,46,9.4000,0.376658
10000,0.01,20,47,9.6000,0.386099
10000,0.01,20,48,9.8000,0.379581
10000,0.01,20,49,10.0000,0.372607
10000,0.01,20,50,10.2000,0.381877
10000,0.01,20,51,10.4000,0.388075
10000,0.01,20,52,10.6000,0.383611
10000,0.01,20,53,10.8000,0.381177
10000,0.01,20,54,11.0000,0.380970
10000,0.01,20,55,11.2000,0.377895
10000,0.01,20,56,11.4000,0.379168
10000,0.01,20,57,11.6000,0.378192
10000,0.01,20,58,11.8000,0.377705
10000,0.01,20,59,12.0000,0.377912
10000,0.01,20,60,12.2000,0.378520
10000,0.01,20,61,12.4000,0.378241
10000,0.01,20,62,12.6000,0.377355
10000,0.01,20,63,12.8000,0.369967
10000,0.01,20,64,13.0000,0.397058
10000,0.01,20,65,13.2000,0.390729
10000,0.01,20,66,13.4000,0.387503
10000,0.01,20,67,13.6000,0.380934
10000,0.01,20,68,13.8000,0.373300
10000,0.01,20,69,14.0000,0.377302
10000,0.01,20,70,14.2000,0.371983
10000,0.01,20,71,14.4000,0.381112
10000,0.01,20,72,14.6000,0.377055
10000,0.01,20,73,14.8000,0.368539
10000,0.01,20,74,15.0000,0.357814
10000,0.01,20,75,15.2000,0.351550
10000,0.01,20,76,15.4000,0.346915
10000,0.01,20,77,15.6000,0.346212
10000,0.01,20,78,15.8000,0.338981
10000,0.01,20,79,16.0000,0.336823
10000,0.01,20,80,16.2000,0.330343
10000,0.01,20,81,16.4000,0.323742
10000,0.01,20,82,16.6000,0.317983
10000,0.01,20,83,16.8000,0.334266
10000,0.01,20,84,17.0000,0.338648
10000,0.01,20,85,17.2000,0.338532
10000,0.01,20,86,17.4000,0.339785
10000,0.01,20,87,17.6000,0.339115
10000,0.01,20,88,17.8000,0.338076
10000,0.01,20,89,18.0000,0.336272
10000,0.01,20,90,18.2000,0.336272
10000,0.01,20,91,18.4000,0.336061
10000,0.01,20,92,18.6000,0.335221
10000,0.01,20,93,18.8000,0.329800
10000,0.01,20,94,19.0000,0.329933
10000,0.01,20,95,19.2000,0.328260
10000,0.01,20,96,19.4000,0.323728
10000,0.01,20,97,19.6000,0.320358
10000,0.01,20,98,19.8000,0.320920
10000,0.01,20,99,20.0000,0.320863
10000,0.01,30,0,0.2000,3.727731
10000,0.01,30,1,0.4000,3.162693
10000,0.01,30,2,0.6000,3.012667
10000,0.01,30,3,0.8000,3.264212
10000,0.01,30,4,1.0000,3.258884
10000,0.01,30,5,1.2000,3.260387
10000,0.01,30,6,1.4000,3.308829
10000,0.01,30,7,1.6000,2.739552
10000,0.01,30,8,1.8000,3.775041
10000,0.01,30,9,2.0000,2.558542
10000,0.01,30,10,2.2000,2.592591
10000,0.01,30,11,2.4000,2.534800
10000,0.01,30,12,2.6000,2.572780
10000,0.01,30,13,2.8000,1.642922
10000,0.01,30,14,3.0000,1.075939
10000,0.01,30,15,3.2000,3.987881
10000,0.01,30,16,3.4000,4.017127
10000,0.01,30,17,3.6000,3.995249
10000,0.01,30,18,3.8000,4.019288
10000,0.01,30,19,4.0000,3.997479
10000,0.01,30,20,4.2000,3.990875
10000,0.01,30,21,4.4000,3.994505
10000,0.01,30,22,4.6000,3.983676
10000,0.01,30,23,4.8000,3.984640
10000,0.01,30,24,5.0000,3.970012
10000,0.01,30,25,5.2000,3.961568
10000,0.01,30,26,5.4000,1.984632
10000,0.01,30,27,5.6000,1.105483
10000,0.01,30,28,5.8000,0.988198
10000,0.01,30,29,6.0000,1.124654
10000,0.01,30,30,6.2000,0.451354
10000,0.01,30,31,6.4000,0.343997
10000,0.01,30,32,6.6000,0.346360
10000,0.01,30,33,6.8000,0.294730
10000,0.01,30,34,7.0000,0.287152
10000,0.01,30,35,7.2000,0.275998
10000,0.01,30,36,7.4000,0.269558
10000,0.01,30,37,7.6000,0.266732
10000,0.01,30,38,7.8000,0.264729
10000,0.01,30,39,8.0000,0.267597
10000,0.01,30,40,8.2000,0.267096
10000,0.01,30,41,8.4000,0.266476
10000,0.01,30,42,8.6000,0.265784
10000,0.01,30,43,8.8000,0.264354
10000,0.01,30,44,9.0000,0.265646
10000,0.01,30,45,9.2000,0.265908
10000,0.01,30,46,9.4000,0.263880
10000,0.01,30,47,9.6000,0.264165
10000,0.01,30,48,9.8000,0.261551
10000,0.01,30,49,10.0000,0.264414
10000,0.01,30,50,10.2000,0.253487
10000,0.01,30,51,10.4000,0.272738
10000,0.01,30,52,10.6000,0.240899
10000,0.01,30,53,10.8000,0.241099
10000,0.01,30,54,11.0000,0.179300
10000,0.01,30,55,11.2000,0.191942
10000,0.01,30,56,11.4000,0.191928
10000,0.01,30,57,11.6000,0.218374
10000,0.01,30,58,11.8000,0.210735
10000,0.01,30,59,12.0000,0.199982
10000,0.01,30,60,12.2000,0.176560
10000,0.01,30,61,12.4000,0.177875
10000,0.01,30,62,12.6000,0.179019
10000,0.01,30,63,12.8000,0.179763
10000,0.01,30,64,13.0000,0.181259
10000,0.01,30,65,13.2000,0.181483
10000,0.01,30,66,13.4000,0.182516
10000,0.01,30,67,13.6000,0.178721
10000,0.01,30,68,13.8000,0.177050
10000,0.01,30,69,14.0000,0.172718
10000,0.01,30,70,14.2000,0.170671
10000,0.01,30,71,14.4000,0.171054
10000,0.01,30,72,14.6000,0.169195
10000,0.01,30,73,14.8000,0.169827
10000,0.01,30,74,15.0000,0.171679
10000,0.01,30,75,15.2000,0.174234
10000,0.01,30,76,15.4000,0.172321
10000,0.01,30,77,15.6000,0.166045
10000,0.01,30,78,15.8000,0.165253
10000,0.01,30,79,16.0000,0.165814
10000,0.01,30,80,16.2000,0.165464
10000,0.01,30,81,16.4000,0.165427
10000,0.01,30,82,16.6000,0.165058
10000,0.01,30,83,16.8000,0.162552
10000,0.01,30,84,17.0000,0.162331
10000,0.01,30,85,17.2000,0.160382
10000,0.01,30,86,17.4000,0.160609
10000,0.01,30,87,17.6000,0.160287
10000,0.01,30,88,17.8000,0.159448
10000,0.01,30,89,18.0000,0.157830
10000,0.01,30,90,18.2000,0.166344
10000,0.01,30,91,18.4000,0.168046
10000,0.01,30,92,18.6000,0.179579
10000,0.01,30,93,18.8000,0.179367
10000,0.01,30,94,19.0000,0.178023
10000,0.01,30,95,19.2000,0.177476
10000,0.01,30,96,19.4000,0.177549
10000,0.01,30,97,19.6000,0.188056
10000,0.01,30,98,19.8000,0.185806
10000,0.01,30,99,20.0000,0.184233
10000,0.01,40,0,0.2000,2.557958
10000,0.01,40,1,0.4000,2.479030
10000,0.01,40,2,0.6000,2.433340
10000,0.01,40,3,0.8000,1.252505
10000,0.01,40,4,1.0000,4.117075
10000,0.01,40,5,1.2000,2.302087
10000,0.01,40,6,1.4000,2.300432
10000,0.01,40,7,1.6000,2.289619
10000,0.01,40,8,1.8000,2.257070
10000,0.01,40,9,2.0000,2.251800
10000,0.01,40,10,2.2000,2.236242
10000,0.01,40,11,2.4000,2.307220
10000,0.01,40,12,2.6000,2.103281
10000,0.01,40,13,2.8000,2.144325
10000,0.01,40,14,3.0000,2.090266
10000,0.01,40,15,3.2000,2.064291
10000,0.01,40,16,3.4000,2.063079
10000,0.01,40,17,3.6000,2.065550
10000,0.01,40,18,3.8000,2.067195
10000,0.01,40,19,4.0000,2.043831
10000,0.01,40,20,4.2000,2.028045
10000,0.01,40,21,4.4000,2.027926
10000,0.01,40,22,4.6000,2.025134
10000,0.01,40,23,4.8000,2.022355
10000,0.01,40,24,5.0000,2.019640
10000,0.01,40,25,5.2000,2.012389
10000,0.01,40,26,5.4000,12.856920
10000,0.01,40,27,5.6000,1.797094
10000,0.01,40,28,5.8000,0.366072
10000,0.01,40,29,6.0000,0.316869
10000,0.01,40,30,6.2000,0.370152
10000,0.01,40,31,6.4000,0.395107
10000,0.01,40,32,6.6000,0.399970
10000,0.01,40,33,6.8000,0.412170
10000,0.01,40,34,7.0000,0.387886
10000,0.01,40,35,7.2000,0.418980
10000,0.01,40,36,7.4000,0.821482
10000,0.01,40,37,7.6000,0.465123
10000,0.01,40,38,7.8000,0.583336
10000,0.01,40,39,8.0000,1.066682
10000,0.01,40,40,8.2000,1.281553
10000,0.01,40,41,8.4000,0.559293
10000,0.01,40,42,8.6000,0.586996
10000,0.01,40,43,8.8000,0.594491
10000,0.01,40,44,9.0000,0.571586
10000,0.01,40,45,9.2000,0.656055
10000,0.01,40,46,9.4000,0.618617
10000,0.01,40,47,9.6000,0.636431
10000,0.01,40,48,9.8000,0.641083
10000,0.01,40,49,10.0000,0.647444
10000,0.01,40,50,10.2000,0.645402
10000,0.01,40,51,10.4000,0.645188
10000,0.01,40,52,10.6000,0.647790
10000,0.01,40,53,10.8000,0.629331
10000,0.01,40,54,11.0000,0.543882
10000,0.01,40,55,11.2000,0.540442
10000,0.01,40,56,11.4000,0.555717
10000,0.01,40,57,11.6000,0.548835
10000,0.01,40,58,11.8000,0.544877
10000,0.01,40,59,12.0000,0.571591
10000,0.01,40,60,12.2000,0.543388
10000,0.01,40,61,12.4000,0.538595
10000,0.01,40,62,12.6000,0.543531
10000,0.01,40,63,12.8000,0.521399
10000,0.01,40,64,13.0000,0.518840
10000,0.01,40,65,13.2000,0.520243
10000,0.01,40,66,13.4000,0.520844
10000,0.01,40,67,13.6000,0.515875
10000,0.01,40,68,13.8000,0.487424
10000,0.01,40,69,14.0000,0.481931
10000,0.01,40,70,14.2000,0.510160
10000,0.01,40,71,14.4000,0.515880
10000,0.01,40,72,14.6000,0.521767
10000,0.01,40,73,14.8000,0.524527
10000,0.01,40,74,15.0000,0.520101
10000,0.01,40,75,15.2000,0.479100
10000,0.01,40,76,15.4000,0.485244
10000,0.01,40,77,15.6000,0.476368
10000,0.01,40,78,15.8000,0.452540
10000,0.01,40,79,16.0000,0.451688
10000,0.01,40,80,16.2000,0.451331
10000,0.01,40,81,16.4000,0.450007
10000,0.01,40,82,16.6000,0.448604
10000,0.01,40,83,16.8000,0.448013
10000,0.01,40,84,17.0000,0.418007
10000,0.01,40,85,17.2000,0.404218
10000,0.01,40,86,17.4000,0.423229
10000,0.01,40,87,17.6000,0.409058
10000,0.01,40,88,17.8000,0.406015
10000,0.01,40,89,18.0000,0.393441
10000,0.01,40,90,18.2000,0.418727
10000,0.01,40,91,18.4000,0.453599
10000,0.01,40,92,18.6000,0.465433
10000,0.01,40,93,18.8000,0.468332
10000,0.01,40,94,19.0000,0.462451
10000,0.01,40,95,19.2000,0.459097
10000,0.01,40,96,19.4000,0.446110
10000,0.01,40,97,19.6000,0.438154
10000,0.01,40,98,19.8000,0.429722
10000,0.01,40,99,20.0000,0.428759
10000,0.01,50,0,0.2000,2.354135
10000,0.01,50,1,0.4000,3.707938
10000,0.01,50,2,0.6000,2.859336
10000,0.01,50,3,0.8000,3.662478
10000,0.01,50,4,1.0000,3.088547
10000,0.01,50,5,1.2000,3.256713
10000,0.01,50,6,1.4000,2.965634
10000,0.01,50,7,1.6000,3.724447
10000,0.01,50,8,1.8000,2.163423
10000,0.01,50,9,2.0000,2.157457
10000,0.01,50,10,2.2000,2.113654
10000,0.01,50,11,2.4000,2.119742
10000,0.01,50,12,2.6000,2.142018
10000,0.01,50,13,2.8000,2.145537
10000,0.01,50,14,3.0000,2.121810
10000,0.01,50,15,3.2000,2.108753
10000,0.01,50,16,3.4000,2.099978
10000,0.01,50,17,3.6000,2.083542
10000,0.01,50,18,3.8000,2.082759
10000,0.01,50,19,4.0000,2.081321
10000,0.01,50,20,4.2000,2.078857
10000,0.01,50,21,4.4000,2.078634
10000,0.01,50,22,4.6000,2.078896
10000,0.01,50,23,4.8000,2.078743
10000,0.01,50,24,5.0000,0.579712
10000,0.01,50,25,5.2000,0.821017
10000,0.01,50,26,5.4000,0.546420
10000,0.01,50,27,5.6000,0.488649
10000,0.01,50,28,5.8000,0.443796
10000,0.01,50,29,6.0000,4.503924
10000,0.01,50,30,6.2000,4.392931
10000,0.01,50,31,6.4000,4.410944
10000,0.01,50,32,6.6000,4.457180
10000,0.01,50,33,6.8000,1.679033
10000,0.01,50,34,7.0000,0.720372
10000,0.01,50,35,7.2000,0.400017
10000,0.01,50,36,7.4000,0.347065
10000,0.01,50,37,7.6000,0.322657
10000,0.01,50,38,7.8000,0.341284
10000,0.01,50,39,8.0000,0.377702
10000,0.01,50,40,8.2000,0.289790
10000,0.01,50,41,8.4000,0.281084
10000,0.01,50,42,8.6000,0.321804
10000,0.01,50,43,8.8000,0.348154
10000,0.01,50,44,9.0000,0.362922
10000,0.01,50,45,9.2000,0.337750
10000,0.01,50,46,9.4000,0.341925
10000,0.01,50,47,9.6000,0.349278
10000,0.01,50,48,9.8000,0.341919
10000,0.01,50,49,10.0000,0.341299
10000,0.01,50,50,10.2000,0.341552
10000,0.01,50,51,10.4000,0.339037
10000,0.01,50,52,10.6000,0.337850
10000,0.01,50,53,10.8000,0.331091
10000,0.01,50,54,11.0000,0.330768
10000,0.01,50,55,11.2000,0.323555
10000,0.01,50,56,11.4000,0.273922
10000,0.01,50,57,11.6000,0.277827
10000,0.01,50,58,11.8000,0.266169
10000,0.01,50,59,12.0000,0.282150
10000,0.01,50,60,12.2000,0.280293
10000,0.01,50,61,12.4000,0.280265
10000,0.01,50,62,12.6000,0.281104
10000,0.01,50,63,12.8000,0.281731
10000,0.01,50,64,13.0000,0.284442
10000,0.01,50,65,13.2000,0.276044
10000,0.01,50,66,13.4000,0.265079
10000,0.01,50,67,13.6000,0.272102
10000,0.01,50,68,13.8000,0.290482
10000,0.01,50,69,14.0000,0.288079
10000,0.01,50,70,14.2000,0.304477
10000,0.01,50,71,14.4000,0.307042
10000,0.01,50,72,14.6000,0.319183
10000,0.01,50,73,14.8000,0.334161
10000,0.01,50,74,15.0000,0.320134
10000,0.01,50,75,15.2000,0.321056
10000,0.01,50,76,15.4000,0.313353
10000,0.01,50,77,15.6000,0.310463
10000,0.01,50,78,15.8000,0.303536
10000,0.01,50,79,16.0000,0.281750
10000,0.01,50,80,16.2000,0.289761
10000,0.01,50,81,16.4000,0.301759
10000,0.01,50,82,16.6000,0.310179
10000,0.01,50,83,16.8000,0.309269
10000,0.01,50,84,17.0000,0.305805
10000,0.01,50,85,17.2000,0.301722
10000,0.01,50,86,17.4000,0.301435
10000,0.01,50,87,17.6000,0.304801
10000,0.01,50,88,17.8000,0.301841
10000,0.01,50,89,18.0000,0.304168
10000,0.01,50,90,18.2000,0.298245
10000,0.01,50,91,18.4000,0.297327
10000,0.01,50,92,18.6000,0.297056
10000,0.01,50,93,18.8000,0.297798
10000,0.01,50,94,19.0000,0.298562
10000,0.01,50,95,19.2000,0.301529
10000,0.01,50,96,19.4000,0.300982
10000,0.01,50,97,19.6000,0.310217
10000,0.01,50,98,19.8000,0.308256
10000,0.01,50,99,20.0000,0.296605
10000,0.01,60,0,0.2000,3.334947
10000,0.01,60,1,0.4000,4.372204
10000,0.01,60,2,0.6000,3.069863
10000,0.01,60,3,0.8000,3.243255
10000,0.01,60,4,1.0000,2.871340
10000,0.01,60,5,1.2000,1.985608
10000,0.01,60,6,1.4000,1.875049
10000,0.01,60,7,1.6000,1.499797
10000,0.01,60,8,1.8000,1.310795
10000,0.01,60,9,2.0000,1.240209
10000,0.01,60,10,2.2000,1.256546
10000,0.01,60,11,2.4000,1.220886
10000,0.01,60,12,2.6000,1.220712
10000,0.01,60,13,2.8000,1.219364
10000,0.01,60,14,3.0000,1.215693
10000,0.01,60,15,3.2000,1.214751
10000,0.01,60,16,3.4000,1.181088
10000,0.01,60,17,3.6000,1.173463
10000,0.01,60,18,3.8000,1.116417
10000,0.01,60,19,4.0000,0.616643
10000,0.01,60,20,4.2000,0.459455
10000,0.01,60,21,4.4000,0.480624
10000,0.01,60,22,4.6000,0.574958
10000,0.01,60,23,4.8000,0.454236
10000,0.01,60,24,5.0000,0.556639
10000,0.01,60,25,5.2000,0.590757
10000,0.01,60,26,5.4000,0.727104
10000,0.01,60,27,5.6000,0.601124
10000,0.01,60,28,5.8000,0.463704
10000,0.01,60,29,6.0000,0.477262
10000,0.01,60,30,6.2000,0.486694
10000,0.01,60,31,6.4000,0.486362
10000,0.01,60,32,6.6000,0.483865
10000,0.01,60,33,6.8000,0.482928
10000,0.01,60,34,7.0000,0.430207
10000,0.01,60,35,7.2000,0.398929
10000,0.01,60,36,7.4000,0.397898
10000,0.01,60,37,7.6000,0.396375
10000,0.01,60,38,7.8000,0.395846
10000,0.01,60,39,8.0000,0.425244
10000,0.01,60,40,8.2000,0.426283
10000,0.01,60,41,8.4000,0.417701
10000,0.01,60,42,8.6000,0.413563
10000,0.01,60,43,8.8000,0.400818
10000,0.01,60,44,9.0000,0.403810
10000,0.01,60,45,9.2000,0.391153
10000,0.01,60,46,9.4000,0.390851
10000,0.01,60,47,9.6000,0.386043
10000,0.01,60,48,9.8000,0.384993
10000,0.01,60,49,10.0000,0.400453
10000,0.01,60,50,10.2000,0.423770
10000,0.01,60,51,10.4000,0.357312
10000,0.01,60,52,10.6000,0.347056
10000,0.01,60,53,10.8000,0.345364
10000,0.01,60,54,11.0000,0.346178
10000,0.01,60,55,11.2000,0.345693
10000,0.01,60,56,11.4000,0.340357
10000,0.01,60,57,11.6000,0.340445
10000,0.01,60,58,11.8000,0.336312
10000,0.01,60,59,12.0000,0.335622
10000,0.01,60,60,12.2000,0.335762
10000,0.01,60,61,12.4000,0.335455
10000,0.01,60,62,12.6000,0.335639
10000,0.01,60,63,12.8000,0.335532
10000,0.01,60,64,13.0000,0.336102
10000,0.01,60,65,13.2000,0.357990
10000,0.01,60,66,13.4000,0.396604
10000,0.01,60,67,13.6000,0.397663
10000,0.01,60,68,13.8000,0.397402
10000,0.01,60,69,14.0000,0.395379
10000,0.01,60,70,14.2000,0.395281
10000,0.01,60,71,14.4000,0.396347
10000,0.01,60,72,14.6000,0.408134
10000,0.01,60,73,14.8000,0.425330
10000,0.01,60,74,15.0000,0.382034
10000,0.01,60,75,15.2000,0.367127
10000,0.01,60,76,15.4000,0.345775
10000,0.01,60,77,15.6000,0.315339
10000,0.01,60,78,15.8000,0.312246
10000,0.01,60,79,16.0000,0.310410
10000,0.01,60,80,16.2000,0.278248
10000,0.01,60,81,16.4000,0.278954
10000,0.01,60,82,16.6000,0.279799
10000,0.01,60,83,16.8000,0.279545
10000,0.01,60,84,17.0000,0.275764
10000,0.01,60,85,17.2000,0.275409
10000,0.01,60,86,17.4000,0.291904
10000,0.01,60,87,17.6000,0.281295
10000,0.01,60,88,17.8000,0.264712
10000,0.01,60,89,18.0000,0.250177
10000,0.01,60,90,18.2000,0.243390
10000,0.01,60,91,18.4000,0.240216
10000,0.01,60,92,18.6000,0.204378
10000,0.01,60,93,18.8000,0.202709
10000,0.01,60,94,19.0000,0.189217
10000,0.01,60,95,19.2000,0.184228
10000,0.01,60,96,19.4000,0.187951
10000,0.01,60,97,19.6000,0.186496
10000,0.01,60,98,19.8000,0.187550
10000,0.01,60,99,20.0000,0.185963
10000,0.01,70,0,0.2000,5.329113
10000,0.01,70,1,0.4000,5.255847
10000,0.01,70,2,0.6000,5.967277
10000,0.01,70,3,0.8000,5.946818
10000,0.01,70,4,1.0000,4.188803
10000,0.01,70,5,1.2000,3.651050
10000,0.01,70,6,1.4000,3.474886
10000,0.01,70,7,1.6000,1.932088
10000,0.01,70,8,1.8000,2.043541
10000,0.01,70,9,2.0000,1.852216
10000,0.01,70,10,2.2000,3.899749
10000,0.01,70,11,2.4000,12.881168
10000,0.01,70,12,2.6000,2.033552
10000,0.01,70,13,2.8000,1.919464
10000,0.01,70,14,3.0000,1.865389
10000,0.01,70,15,3.2000,1.835702
10000,0.01,70,16,3.4000,1.842437
10000,0.01,70,17,3.6000,0.611195
10000,0.01,70,18,3.8000,0.548547
10000,0.01,70,19,4.0000,0.548325
10000,0.01,70,20,4.2000,0.543814
10000,0.01,70,21,4.4000,0.541706
10000,0.01,70,22,4.6000,0.540975
10000,0.01,70,23,4.8000,0.543583
10000,0.01,70,24,5.0000,0.545307
10000,0.01,70,25,5.2000,0.548258
10000,0.01,70,26,5.4000,0.551628
10000,0.01,70,27,5.6000,0.554192
10000,0.01,70,28,5.8000,0.562267
10000,0.01,70,29,6.0000,0.567765
10000,0.01,70,30,6.2000,0.567687
10000,0.01,70,31,6.4000,0.553902
10000,0.01,70,32,6.6000,0.527496
10000,0.01,70,33,6.8000,0.572230
10000,0.01,70,34,7.0000,1.257631
10000,0.01,70,35,7.2000,0.378660
10000,0.01,70,36,7.4000,0.382595
10000,0.01,70,37,7.6000,0.390319
10000,0.01,70,38,7.8000,0.479991
10000,0.01,70,39,8.0000,0.358789
10000,0.01,70,40,8.2000,0.306036
10000,0.01,70,41,8.4000,0.304056
10000,0.01,70,42,8.6000,0.355799
10000,0.01,70,43,8.8000,0.337410
10000,0.01,70,44,9.0000,0.376429
10000,0.01,70,45,9.2000,0.410746
10000,0.01,70,46,9.4000,0.401139
10000,0.01,70,47,9.6000,0.398243
10000,0.01,70,48,9.8000,0.394026
10000,0.01,70,49,10.0000,0.396295
10000,0.01,70,50,10.2000,0.387714
10000,0.01,70,51,10.4000,0.365107
10000,0.01,70,52,10.6000,0.288749
10000,0.01,70,53,10.8000,0.242406
10000,0.01,70,54,11.0000,0.223496
10000,0.01,70,55,11.2000,0.203168
10000,0.01,70,56,11.4000,0.208500
10000,0.01,70,57,11.6000,0.216249
10000,0.01,70,58,11.8000,0.184975
10000,0.01,70,59,12.0000,0.187473
10000,0.01,70,60,12.2000,0.167623
10000,0.01,70,61,12.4000,0.187416
10000,0.01,70,62,12.6000,0.183929
10000,0.01,70,63,12.8000,0.186226
10000,0.01,70,64,13.0000,0.187105
10000,0.01,70,65,13.2000,0.170985
10000,0.01,70,66,13.4000,0.167225
10000,0.01,70,67,13.6000,0.166347
10000,0.01,70,68,13.8000,0.164758
10000,0.01,70,69,14.0000,0.160157
10000,0.01,70,70,14.2000,0.163043
10000,0.01,70,71,14.4000,0.167664
10000,0.01,70,72,14.6000,0.180462
10000,0.01,70,73,14.8000,0.176077
10000,0.01,70,74,15.0000,0.173598
10000,0.01,70,75,15.2000,0.146491
10000,0.01,70,76,15.4000,0.144410
10000,0.01,70,77,15.6000,0.142890
10000,0.01,70,78,15.8000,0.144960
10000,0.01,70,79,16.0000,0.144158
10000,0.01,70,80,16.2000,0.141903
10000,0.01,70,81,16.4000,0.139649
10000,0.01,70,82,16.6000,0.138788
10000,0.01,70,83,16.8000,0.138744
10000,0.01,70,84,17.0000,0.138123
10000,0.01,70,85,17.2000,0.138363
10000,0.01,70,86,17.4000,0.138225
10000,0.01,70,87,17.6000,0.138018
10000,0.01,70,88,17.8000,0.138073
10000,0.01,70,89,18.0000,0.137706
10000,0.01,70,90,18.2000,0.137273
10000,0.01,70,91,18.4000,0.127151
10000,0.01,70,92,18.6000,0.125868
10000,0.01,70,93,18.8000,0.126680
10000,0.01,70,94,19.0000,0.128334
10000,0.01,70,95,19.2000,0.137162
10000,0.01,70,96,19.4000,0.142731
10000,0.01,70,97,19.6000,0.137036
10000,0.01,70,98,19.8000,0.136915
10000,0.01,70,99,20.0000,0.122151
10000,0.01,80,0,0.2000,5.097031
10000,0.01,80,1,0.4000,3.498364
10000,0.01,80,2,0.6000,2.889837
10000,0.01,80,3,0.8000,3.361810
10000,0.01,80,4,1.0000,3.166739
10000,0.01,80,5,1.2000,2.787488
10000,0.01,80,6,1.4000,3.354239
10000,0.01,80,7,1.6000,3.158504
10000,0.01,80,8,1.8000,3.162633
10000,0.01,80,9,2.0000,3.158811
10000,0.01,80,10,2.2000,3.157582
10000,0.01,80,11,2.4000,3.157122
10000,0.01,80,12,2.6000,3.157862
10000,0.01,80,13,2.8000,3.156248
10000,0.01,80,14,3.0000,3.156600
10000,0.01,80,15,3.2000,3.155576
10000,0.01,80,16,3.4000,3.155906
10000,0.01,80,17,3.6000,3.154664
10000,0.01,80,18,3.8000,3.154110
10000,0.01,80,19,4.0000,3.154178
10000,0.01,80,20,4.2000,3.154448
10000,0.01,80,21,4.4000,3.154469
10000,0.01,80,22,4.6000,3.153666
10000,0.01,80,23,4.8000,3.153465
10000,0.01,80,24,5.0000,3.059688
10000,0.01,80,25,5.2000,1.813229
10000,0.01,80,26,5.4000,2.161885
10000,0.01,80,27,5.6000,0.801177
10000,0.01,80,28,5.8000,0.778996
10000,0.01,80,29,6.0000,0.778791
10000,0.01,80,30,6.2000,0.778396
10000,0.01,80,31,6.4000,0.778232
10000,0.01,80,32,6.6000,0.777981
10000,0.01,80,33,6.8000,0.761651
10000,0.01,80,34,7.0000,0.726126
10000,0.01,80,35,7.2000,0.724412
10000,0.01,80,36,7.4000,0.700799
10000,0.01,80,37,7.6000,1.165887
10000,0.01,80,38,7.8000,0.427562
10000,0.01,80,39,8.0000,0.583598
10000,0.01,80,40,8.2000,11.724981
10000,0.01,80,41,8.4000,11.775618
10000,0.01,80,42,8.6000,11.777786
10000,0.01,80,43,8.8000,11.784546
10000,0.01,80,44,9.0000,11.786345
10000,0.01,80,45,9.2000,11.653625
10000,0.01,80,46,9.4000,10.984881
10000,0.01,80,47,9.6000,0.692013
10000,0.01,80,48,9.8000,0.574998
10000,0.01,80,49,10.0000,0.509504
10000,0.01,80,50,10.2000,0.511053
10000,0.01,80,51,10.4000,0.508243
10000,0.01,80,52,10.6000,0.483120
10000,0.01,80,53,10.8000,0.490367
10000,0.01,80,54,11.0000,0.500377
10000,0.01,80,55,11.2000,0.462238
10000,0.01,80,56,11.4000,0.461553
10000,0.01,80,57,11.6000,0.460509
10000,0.01,80,58,11.8000,0.435888
10000,0.01,80,59,12.0000,0.364841
10000,0.01,80,60,12.2000,0.356539
10000,0.01,80,61,12.4000,0.300309
10000,0.01,80,62,12.6000,0.307105
10000,0.01,80,63,12.8000,0.307137
10000,0.01,80,64,13.0000,0.284641
10000,0.01,80,65,13.2000,0.284502
10000,0.01,80,66,13.4000,0.284917
10000,0.01,80,67,13.6000,0.281962
10000,0.01,80,68,13.8000,0.270453
10000,0.01,80,69,14.0000,0.242592
10000,0.01,80,70,14.2000,0.236431
10000,0.01,80,71,14.4000,0.237471
10000,0.01,80,72,14.6000,0.152910
10000,0.01,80,73,14.8000,0.152815
10000,0.01,80,74,15.0000,0.159365
10000,0.01,80,75,15.2000,0.166235
10000,0.01,80,76,15.4000,0.166582
10000,0.01,80,77,15.6000,0.156563
10000,0.01,80,78,15.8000,0.153261
10000,0.01,80,79,16.0000,0.153113
10000,0.01,80,80,16.2000,0.151967
10000,0.01,80,81,16.4000,0.169657
10000,0.01,80,82,16.6000,0.181714
10000,0.01,80,83,16.8000,0.197100
10000,0.01,80,84,17.0000,0.225502
10000,0.01,80,85,17.2000,0.220960
10000,0.01,80,86,17.4000,0.220785
10000,0.01,80,87,17.6000,0.231108
10000,0.01,80,88,17.8000,0.238558
10000,0.01,80,89,18.0000,0.234889
10000,0.01,80,90,18.2000,0.235292
10000,0.01,80,91,18.4000,0.236319
10000,0.01,80,92,18.6000,0.235147
10000,0.01,80,93,18.8000,0.234272
10000,0.01,80,94,19.0000,0.235046
10000,0.01,80,95,19.2000,0.226836
10000,0.01,80,96,19.4000,0.252739
10000,0.01,80,97,19.6000,0.240238
10000,0.01,80,98,19.8000,0.235445
10000,0.01,80,99,20.0000,0.242324
10000,0.01,90,0,0.2000,8.984569
10000,0.01,90,1,0.4000,4.533250
10000,0.01,90,2,0.6000,4.318695
10000,0.01,90,3,0.8000,4.254106
10000,0.01,90,4,1.0000,3.555404
10000,0.01,90,5,1.2000,3.791294
10000,0.01,90,6,1.4000,3.780614
10000,0.01,90,7,1.6000,3.777784
10000,0.01,90,8,1.8000,3.771496
10000,0.01,90,9,2.0000,3.612496
10000,0.01,90,10,2.2000,2.898802
10000,0.01,90,11,2.4000,2.907353
10000,0.01,90,12,2.6000,3.786898
10000,0.01,90,13,2.8000,3.785700
10000,0.01,90,14,3.0000,3.783912
10000,0.01,90,15,3.2000,3.774259
10000,0.01,90,16,3.4000,3.781072
10000,0.01,90,17,3.6000,3.788939
10000,0.01,90,18,3.8000,3.778554
10000,0.01,90,19,4.0000,3.779260
10000,0.01,90,20,4.2000,3.778199
10000,0.01,90,21,4.4000,3.771763
10000,0.01,90,22,4.6000,3.769538
10000,0.01,90,23,4.8000,3.751860
10000,0.01,90,24,5.0000,5.230941
10000,0.01,90,25,5.2000,2.164172
10000,0.01,90,26,5.4000,2.164215
10000,0.01,90,27,5.6000,2.215418
10000,0.01,90,28,5.8000,0.999100
10000,0.01,90,29,6.0000,3.461426
10000,0.01,90,30,6.2000,3.471042
10000,0.01,90,31,6.4000,3.458489
10000,0.01,90,32,6.6000,3.456205
10000,0.01,90,33,6.8000,3.453650
10000,0.01,90,34,7.0000,3.451640
10000,0.01,90,35,7.2000,3.452512
10000,0.01,90,36,7.4000,0.833513
10000,0.01,90,37,7.6000,0.302445
10000,0.01,90,38,7.8000,4.704892
10000,0.01,90,39,8.0000,0.443174
10000,0.01,90,40,8.2000,0.545805
10000,0.01,90,41,8.4000,0.495358
10000,0.01,90,42,8.6000,0.506658
10000,0.01,90,43,8.8000,0.519163
10000,0.01,90,44,9.0000,0.495027
10000,0.01,90,45,9.2000,0.412410
10000,0.01,90,46,9.4000,0.351245
10000,0.01,90,47,9.6000,0.323167
10000,0.01,90,48,9.8000,0.342781
10000,0.01,90,49,10.0000,0.355914
10000,0.01,90,50,10.2000,0.360143
10000,0.01,90,51,10.4000,0.277746
10000,0.01,90,52,10.6000,0.247817
10000,0.01,90,53,10.8000,0.253081
10000,0.01,90,54,11.0000,0.258171
10000,0.01,90,55,11.2000,0.254142
10000,0.01,90,56,11.4000,0.217921
10000,0.01,90,57,11.6000,0.229711
10000,0.01,90,58,11.8000,0.228230
10000,0.01,90,59,12.0000,0.228798
10000,0.01,90,60,12.2000,0.227911
10000,0.01,90,61,12.4000,0.205675
10000,0.01,90,62,12.6000,0.200789
10000,0.01,90,63,12.8000,0.190122
10000,0.01,90,64,13.0000,0.237060
10000,0.01,90,65,13.2000,0.229526
10000,0.01,90,66,13.4000,0.221181
10000,0.01,90,67,13.6000,0.221186
10000,0.01,90,68,13.8000,0.213492
10000,0.01,90,69,14.0000,0.214681
10000,0.01,90,70,14.2000,0.207899
10000,0.01,90,71,14.4000,0.205329
10000,0.01,90,72,14.6000,0.203574
10000,0.01,90,73,14.8000,0.199226
10000,0.01,90,74,15.0000,0.203915
10000,0.01,90,75,15.2000,0.201744
10000,0.01,90,76,15.4000,0.203204
10000,0.01,90,77,15.6000,0.200070
10000,0.01,90,78,15.8000,0.204443
10000,0.01,90,79,16.0000,0.212710
10000,0.01,90,80,16.2000,0.208882
10000,0.01,90,81,16.4000,0.208821
10000,0.01,90,82,16.6000,0.205600
10000,0.01,90,83,16.8000,0.203940
10000,0.01,90,84,17.0000,0.203036
10000,0.01,90,85,17.2000,0.202445
10000,0.01,90,86,17.4000,0.204667
10000,0.01,90,87,17.6000,0.204270
10000,0.01,90,88,17.8000,0.195155
10000,0.01,90,89,18.0000,0.215731
10000,0.01,90,90,18.2000,0.209907
10000,0.01,90,91,18.4000,0.208095
10000,0.01,90,92,18.6000,0.203756
10000,0.01,90,93,18.8000,0.199372
10000,0.01,90,94,19.0000,0.199204
10000,0.01,90,95,19.2000,0.197663
10000,0.01,90,96,19.4000,0.197835
10000,0.01,90,97,19.6000,0.197275
10000,0.01,90,98,19.8000,0.197617
10000,0.01,90,99,20.0000,0.193034
10000,0.10,10,0,0.2000,2.465742
10000,0.10,10,1,0.4000,2.121583
10000,0.10,10,2,0.6000,1.660246
10000,0.10,10,3,0.8000,1.276399
10000,0.10,10,4,1.0000,1.184082
10000,0.10,10,5,1.2000,1.166220
10000,0.10,10,6,1.4000,0.939980
10000,0.10,10,7,1.6000,0.997390
10000,0.10,10,8,1.8000,0.975867
10000,0.10,10,9,2.0000,0.901729
10000,0.10,10,10,2.2000,0.844598
10000,0.10,10,11,2.4000,0.821708
10000,0.10,10,12,2.6000,0.824992
10000,0.10,10,13,2.8000,0.755456
10000,0.10,10,14,3.0000,0.729443
10000,0.10,10,15,3.2000,0.723692
10000,0.10,10,16,3.4000,0.653234
10000,0.10,10,17,3.6000,0.522510
10000,0.10,10,18,3.8000,0.548976
10000,0.10,10,19,4.0000,0.773443
10000,0.10,10,20,4.2000,0.764151
10000,0.10,10,21,4.4000,0.670561
10000,0.10,10,22,4.6000,0.576447
10000,0.10,10,23,4.8000,0.694045
10000,0.10,10,24,5.0000,0.679344
10000,0.10,10,25,5.2000,0.673062
10000,0.10,10,26,5.4000,0.660904
10000,0.10,10,27,5.6000,0.650866
10000,0.10,10,28,5.8000,0.581410
10000,0.10,10,29,6.0000,0.447570
10000,0.10,10,30,6.2000,0.450571
10000,0.10,10,31,6.4000,0.430638
10000,0.10,10,32,6.6000,0.416477
10000,0.10,10,33,6.8000,0.395287
10000,0.10,10,34,7.0000,0.402524
10000,0.10,10,35,7.2000,0.409118
10000,0.10,10,36,7.4000,0.396468
10000,0.10,10,37,7.6000,0.378653
10000,0.10,10,38,7.8000,0.365473
10000,0.10,10,39,8.0000,0.357139
10000,0.10,10,40,8.2000,0.356342
10000,0.10,10,41,8.4000,0.353930
10000,0.10,10,42,8.6000,0.383876
10000,0.10,10,43,8.8000,0.388823
10000,0.10,10,44,9.0000,0.377525
10000,0.10,10,45,9.2000,0.370631
10000,0.10,10,46,9.4000,0.362757
10000,0.10,10,47,9.6000,0.348780
10000,0.10,10,48,9.8000,0.335240
10000,0.10,10,49,10.0000,0.316335
10000,0.10,10,50,10.2000,0.301061
10000,0.10,10,51,10.4000,0.282628
10000,0.10,10,52,10.6000,0.334604
10000,0.10,10,53,10.8000,0.335347
10000,0.10,10,54,11.0000,0.325393
10000,0.10,10,55,11.2000,0.313500
10000,0.10,10,56,11.4000,0.319887
10000,0.10,10,57,11.6000,0.322934
10000,0.10,10,58,11.8000,0.316694
10000,0.10,10,59,12.0000,0.311631
10000,0.10,10,60,12.2000,0.302387
10000,0.10,10,61,12.4000,0.297989
10000,0.10,10,62,12.6000,0.289555
10000,0.10,10,63,12.8000,0.283634
10000,0.10,10,64,13.0000,0.277505
10000,0.10,10,65,13.2000,0.273186
10000,0.10,10,66,13.4000,0.282634
10000,0.10,10,67,13.6000,0.283548
10000,0.10,10,68,13.8000,0.270305
10000,0.10,10,69,14.0000,0.280571
10000,0.10,10,70,14.2000,0.267817
10000,0.10,10,71,14.4000,0.247157
10000,0.10,10,72,14.6000,0.233668
10000,0.10,10,73,14.8000,0.230440
10000,0.10,10,74,15.0000,0.238508
10000,0.10,10,75,15.2000,0.227442
10000,0.10,10,76,15.4000,0.244492
10000,0.10,10,77,15.6000,0.244849
10000,0.10,10,78,15.8000,0.239971
10000,0.10,10,79,16.0000,0.230310
10000,0.10,10,80,16.2000,0.218490
10000,0.10,10,81,16.4000,0.211815
10000,0.10,10,82,16.6000,0.222654
10000,0.10,10,83,16.8000,0.217571
10000,0.10,10,84,17.0000,0.216852
10000,0.10,10,85,17.2000,0.208898
10000,0.10,10,86,17.4000,0.202121
10000,0.10,10,87,17.6000,0.219831
10000,0.10,10,88,17.8000,0.214472
10000,0.10,10,89,18.0000,0.219386
10000,0.10,10,90,18.2000,0.235572
10000,0.10,10,91,18.4000,0.229292
10000,0.10,10,92,18.6000,0.222839
10000,0.10,10,93,18.8000,0.221405
10000,0.10,10,94,19.0000,0.219142
10000,0.10,10,95,19.2000,0.214983
10000,0.10,10,96,19.4000,0.230479
10000,0.10,10,97,19.6000,0.248984
10000,0.10,10,98,19.8000,0.240825
10000,0.10,10,99,20.0000,0.239075
10000,0.10,100,0,0.2000,2.373419
10000,0.10,100,1,0.4000,2.146094
10000,0.10,100,2,0.6000,2.153706
10000,0.10,100,3,0.8000,2.177623
10000,0.10,100,4,1.0000,2.722659
10000,0.10,100,5,1.2000,1.273463
10000,0.10,100,6,1.4000,1.260230
10000,0.10,100,7,1.6000,1.214200
10000,0.10,100,8,1.8000,1.587285
10000,0.10,100,9,2.0000,1.567560
10000,0.10,100,10,2.2000,1.253120
10000,0.10,100,11,2.4000,1.199272
10000,0.10,100,12,2.6000,1.169666
10000,0.10,100,13,2.8000,1.055373
10000,0.10,100,14,3.0000,0.985996
10000,0.10,100,15,3.2000,0.922132
10000,0.10,100,16,3.4000,0.922023
10000,0.10,100,17,3.6000,0.782452
10000,0.10,100,18,3.8000,0.774609
10000,0.10,100,19,4.0000,0.779310
10000,0.10,100,20,4.2000,0.762523
10000,0.10,100,21,4.4000,0.765751
10000,0.10,100,22,4.6000,0.765509
10000,0.10,100,23,4.8000,0.327740
10000,0.10,100,24,5.0000,0.680438
10000,0.10,100,25,5.2000,0.313604
10000,0.10,100,26,5.4000,0.322820
10000,0.10,100,27,5.6000,0.336342
10000,0.10,100,28,5.8000,0.332416
10000,0.10,100,29,6.0000,0.205811
10000,0.10,100,30,6.2000,0.145079
10000,0.10,100,31,6.4000,0.178587
10000,0.10,100,32,6.6000,0.257321
10000,0.10,100,33,6.8000,0.256704
10000,0.10,100,34,7.0000,0.234683
10000,0.10,100,35,7.2000,0.203065
10000,0.10,100,36,7.4000,0.198122
10000,0.10,100,37,7.6000,0.199049
10000,0.10,100,38,7.8000,0.225242
10000,0.10,100,39,8.0000,0.200826
10000,0.10,100,40,8.2000,0.184760
10000,0.10,100,41,8.4000,0.179581
10000,0.10,100,42,8.6000,0.207313
10000,0.10,100,43,8.8000,0.201709
10000,0.10,100,44,9.0000,0.185042
10000,0.10,100,45,9.2000,0.171358
10000,0.10,100,46,9.4000,0.159164
10000,0.10,100,47,9.6000,0.171231
10000,0.10,100,48,9.8000,0.180469
10000,0.10,100,49,10.0000,0.185903
10000,0.10,100,50,10.2000,0.186037
10000,0.10,100,51,10.4000,0.172273
10000,0.10,100,52,10.6000,0.172060
10000,0.10,100,53,10.8000,0.175869
10000,0.10,100,54,11.0000,0.201034
10000,0.10,100,55,11.2000,0.197921
10000,0.10,100,56,11.4000,0.196677
10000,0.10,100,57,11.6000,0.197585
10000,0.10,100,58,11.8000,0.202589
10000,0.10,100,59,12.0000,0.230289
10000,0.10,100,60,12.2000,0.257763
10000,0.10,100,61,12.4000,0.279739
10000,0.10,100,62,12.6000,0.293520
10000,0.10,100,63,12.8000,0.287309
10000,0.10,100,64,13.0000,0.298182
10000,0.10,100,65,13.2000,0.322201
10000,0.10,100,66,13.4000,0.310601
10000,0.10,100,67,13.6000,0.297923
10000,0.10,100,68,13.8000,0.287427
10000,0.10,100,69,14.0000,0.276956
10000,0.10,100,70,14.2000,0.266622
10000,0.10,100,71,14.4000,0.248406
10000,0.10,100,72,14.6000,0.243945
10000,0.10,100,73,14.8000,0.244033
10000,0.10,100,74,15.0000,0.251697
10000,0.10,100,75,15.2000,0.278207
10000,0.10,100,76,15.4000,0.277058
10000,0.10,100,77,15.6000,0.292726
10000,0.10,100,78,15.8000,0.292218
10000,0.10,100,79,16.0000,0.294510
10000,0.10,100,80,16.2000,0.286135
10000,0.10,100,81,16.4000,0.281095
10000,0.10,100,82,16.6000,0.273959
10000,0.10,100,83,16.8000,0.272471
10000,0.10,100,84,17.0000,0.264545
10000,0.10,100,85,17.2000,0.257053
10000,0.10,100,86,17.4000,0.247903
10000,0.10,100,87,17.6000,0.247121
10000,0.10,100,88,17.8000,0.248445
10000,0.10,100,89,18.0000,0.249949
10000,0.10,100,90,18.2000,0.257461
10000,0.10,100,91,18.4000,0.258137
10000,0.10,100,92,18.6000,0.259112
10000,0.10,100,93,18.8000,0.259938
10000,0.10,100,94,19.0000,0.266687
10000,0.10,100,95,19.2000,0.258209
10000,0.10,100,96,19.4000,0.249143
10000,0.10,100,97,19.6000,0.241895
10000,0.10,100,98,19.8000,0.229540
10000,0.10,100,99,20.0000,0.220685
10000,0.10,20,0,0.2000,2.247519
10000,0.10,20,1,0.4000,2.531241
10000,0.10,20,2,0.6000,2.055178
10000,0.10,20,3,0.8000,1.216390
10000,0.10,20,4,1.0000,1.679462
10000,0.10,20,5,1.2000,1.610539
10000,0.10,20,6,1.4000,1.499010
10000,0.10,20,7,1.6000,1.308621
10000,0.10,20,8,1.8000,1.227965
10000,0.10,20,9,2.0000,1.122359
10000,0.10,20,10,2.2000,1.133624
10000,0.10,20,11,2.4000,1.088366
10000,0.10,20,12,2.6000,1.140555
10000,0.10,20,13,2.8000,1.133337
10000,0.10,20,14,3.0000,1.120259
10000,0.10,20,15,3.2000,1.107499
10000,0.10,20,16,3.4000,1.091900
10000,0.10,20,17,3.6000,1.081733
10000,0.10,20,18,3.8000,1.075700
10000,0.10,20,19,4.0000,1.061941
10000,0.10,20,20,4.2000,1.045532
10000,0.10,20,21,4.4000,0.951862
10000,0.10,20,22,4.6000,0.614624
10000,0.10,20,23,4.8000,0.603545
10000,0.10,20,24,5.0000,0.586042
10000,0.10,20,25,5.2000,0.560069
10000,0.10,20,26,5.4000,0.542658
10000,0.10,20,27,5.6000,0.526355
10000,0.10,20,28,5.8000,0.517362
10000,0.10,20,29,6.0000,0.502970
10000,0.10,20,30,6.2000,0.487719
10000,0.10,20,31,6.4000,0.476272
10000,0.10,20,32,6.6000,0.168277
10000,0.10,20,33,6.8000,0.239026
10000,0.10,20,34,7.0000,0.286755
10000,0.10,20,35,7.2000,0.283253
10000,0.10,20,36,7.4000,0.378027
10000,0.10,20,37,7.6000,0.299513
10000,0.10,20,38,7.8000,0.309397
10000,0.10,20,39,8.0000,0.352770
10000,0.10,20,40,8.2000,0.274912
10000,0.10,20,41,8.4000,0.199903
10000,0.10,20,42,8.6000,0.241408
10000,0.10,20,43,8.8000,0.273659
10000,0.10,20,44,9.0000,0.238946
10000,0.10,20,45,9.2000,0.256763
10000,0.10,20,46,9.4000,0.270361
10000,0.10,20,47,9.6000,0.252055
10000,0.10,20,48,9.8000,0.232985
10000,0.10,20,49,10.0000,0.249825
10000,0.10,20,50,10.2000,0.265037
10000,0.10,20,51,10.4000,0.258771
10000,0.10,20,52,10.6000,0.269508
10000,0.10,20,53,10.8000,0.279435
10000,0.10,20,54,11.0000,0.271165
10000,0.10,20,55,11.2000,0.268499
10000,0.10,20,56,11.4000,0.263306
10000,0.10,20,57,11.6000,0.243028
10000,0.10,20,58,11.8000,0.241892
10000,0.10,20,59,12.0000,0.227902
10000,0.10,20,60,12.2000,0.228139
10000,0.10,20,61,12.4000,0.229473
10000,0.10,20,62,12.6000,0.218947
10000,0.10,20,63,12.8000,0.185939
10000,0.10,20,64,13.0000,0.171562
10000,0.10,20,65,13.2000,0.171412
10000,0.10,20,66,13.4000,0.179750
10000,0.10,20,67,13.6000,0.171761
10000,0.10,20,68,13.8000,0.178070
10000,0.10,20,69,14.0000,0.181139
10000,0.10,20,70,14.2000,0.177498
10000,0.10,20,71,14.4000,0.184003
10000,0.10,20,72,14.6000,0.185783
10000,0.10,20,73,14.8000,0.184619
10000,0.10,20,74,15.0000,0.189931
10000,0.10,20,75,15.2000,0.185572
10000,0.10,20,76,15.4000,0.185413
10000,0.10,20,77,15.6000,0.181425
10000,0.10,20,78,15.8000,0.175105
10000,0.10,20,79,16.0000,0.181516
10000,0.10,20,80,16.2000,0.179252
10000,0.10,20,81,16.4000,0.184947
10000,0.10,20,82,16.6000,0.185637
10000,0.10,20,83,16.8000,0.194507
10000,0.10,20,84,17.0000,0.197520
10000,0.10,20,85,17.2000,0.200868
10000,0.10,20,86,17.4000,0.204790
10000,0.10,20,87,17.6000,0.209353
10000,0.10,20,88,17.8000,0.215133
10000,0.10,20,89,18.0000,0.203852
10000,0.10,20,90,18.2000,0.197264
10000,0.10,20,91,18.4000,0.197755
10000,0.10,20,92,18.6000,0.203577
10000,0.10,20,93,18.8000,0.202394
10000,0.10,20,94,19.0000,0.203472
10000,0.10,20,95,19.2000,0.204737
10000,0.10,20,96,19.4000,0.204926
10000,0.10,20,97,19.6000,0.205567
10000,0.10,20,98,19.8000,0.206367
10000,0.10,20,99,20.0000,0.206514
10000,0.10,30,0,0.2000,2.824466
10000,0.10,30,1,0.4000,2.506448
10000,0.10,30,2,0.6000,1.988645
10000,0.10,30,3,0.8000,1.021974
10000,0.10,30,4,1.0000,1.115147
10000,0.10,30,5,1.2000,1.745325
10000,0.10,30,6,1.4000,1.471488
10000,0.10,30,7,1.6000,1.454639
10000,0.10,30,8,1.8000,1.446300
10000,0.10,30,9,2.0000,1.454737
10000,0.10,30,10,2.2000,1.440930
10000,0.10,30,11,2.4000,1.424453
10000,0.10,30,12,2.6000,1.406642
10000,0.10,30,13,2.8000,1.398625
10000,0.10,30,14,3.0000,1.393732
10000,0.10,30,15,3.2000,0.623942
10000,0.10,30,16,3.4000,0.506883
10000,0.10,30,17,3.6000,0.623484
10000,0.10,30,18,3.8000,0.615523
10000,0.10,30,19,4.0000,0.301963
10000,0.10,30,20,4.2000,0.336718
10000,0.10,30,21,4.4000,0.434748
10000,0.10,30,22,4.6000,0.512907
10000,0.10,30,23,4.8000,0.655362
10000,0.10,30,24,5.0000,0.454840
10000,0.10,30,25,5.2000,0.421961
10000,0.10,30,26,5.4000,0.352826
10000,0.10,30,27,5.6000,0.346467
10000,0.10,30,28,5.8000,0.348851
10000,0.10,30,29,6.0000,0.357123
10000,0.10,30,30,6.2000,0.375591
10000,0.10,30,31,6.4000,0.383473
10000,0.10,30,32,6.6000,0.377829
10000,0.10,30,33,6.8000,0.360865
10000,0.10,30,34,7.0000,0.349285
10000,0.10,30,35,7.2000,0.342528
10000,0.10,30,36,7.4000,0.336538
10000,0.10,30,37,7.6000,0.319347
10000,0.10,30,38,7.8000,0.315290
10000,0.10,30,39,8.0000,0.320346
10000,0.10,30,40,8.2000,0.321775
10000,0.10,30,41,8.4000,0.321888
10000,0.10,30,42,8.6000,0.321903
10000,0.10,30,43,8.8000,0.323390
10000,0.10,30,44,9.0000,0.321261
10000,0.10,30,45,9.2000,0.307983
10000,0.10,30,46,9.4000,0.291167
10000,0.10,30,47,9.6000,0.279958
10000,0.10,30,48,9.8000,0.266282
10000,0.10,30,49,10.0000,0.263627
10000,0.10,30,50,10.2000,0.265544
10000,0.10,30,51,10.4000,0.269329
10000,0.10,30,52,10.6000,0.266518
10000,0.10,30,53,10.8000,0.258789
10000,0.10,30,54,11.0000,0.257144
10000,0.10,30,55,11.2000,0.257596
10000,0.10,30,56,11.4000,0.259992
10000,0.10,30,57,11.6000,0.262906
10000,0.10,30,58,11.8000,0.265380
10000,0.10,30,59,12.0000,0.270475
10000,0.10,30,60,12.2000,0.276984
10000,0.10,30,61,12.4000,0.285142
10000,0.10,30,62,12.6000,0.286003
10000,0.10,30,63,12.8000,0.288484
10000,0.10,30,64,13.0000,0.290299
10000,0.10,30,65,13.2000,0.292341
10000,0.10,30,66,13.4000,0.294666
10000,0.10,30,67,13.6000,0.300593
10000,0.10,30,68,13.8000,0.306394
10000,0.10,30,69,14.0000,0.300857
10000,0.10,30,70,14.2000,0.300128
10000,0.10,30,71,14.4000,0.304824
10000,0.10,30,72,14.6000,0.309266
10000,0.10,30,73,14.8000,0.312041
10000,0.10,30,74,15.0000,0.304320
10000,0.10,30,75,15.2000,0.292297
10000,0.10,30,76,15.4000,0.283840
10000,0.10,30,77,15.6000,0.274815
10000,0.10,30,78,15.8000,0.274502
10000,0.10,30,79,16.0000,0.276113
10000,0.10,30,80,16.2000,0.279520
10000,0.10,30,81,16.4000,0.286398
10000,0.10,30,82,16.6000,0.291702
10000,0.10,30,83,16.8000,0.297016
10000,0.10,30,84,17.0000,0.300750
10000,0.10,30,85,17.2000,0.302832
10000,0.10,30,86,17.4000,0.312534
10000,0.10,30,87,17.6000,0.317810
10000,0.10,30,88,17.8000,0.329288
10000,0.10,30,89,18.0000,0.332244
10000,0.10,30,90,18.2000,0.338893
10000,0.10,30,91,18.4000,0.342059
10000,0.10,30,92,18.6000,0.348140
10000,0.10,30,93,18.8000,0.351170
10000,0.10,30,94,19.0000,0.344803
10000,0.10,30,95,19.2000,0.339590
10000,0.10,30,96,19.4000,0.331834
10000,0.10,30,97,19.6000,0.319419
10000,0.10,30,98,19.8000,0.319428
10000,0.10,30,99,20.0000,0.324287
10000,0.10,40,0,0.2000,2.856869
10000,0.10,40,1,0.4000,2.192453
10000,0.10,40,2,0.6000,2.019390
10000,0.10,40,3,0.8000,1.755174
10000,0.10,40,4,1.0000,1.178014
10000,0.10,40,5,1.2000,1.099961
10000,0.10,40,6,1.4000,0.871370
10000,0.10,40,7,1.6000,0.806051
10000,0.10,40,8,1.8000,0.734811
10000,0.10,40,9,2.0000,0.694136
10000,0.10,40,10,2.2000,0.690987
10000,0.10,40,11,2.4000,0.657103
10000,0.10,40,12,2.6000,0.647784
10000,0.10,40,13,2.8000,0.631868
10000,0.10,40,14,3.0000,0.885296
10000,0.10,40,15,3.2000,0.859235
10000,0.10,40,16,3.4000,0.853575
10000,0.10,40,17,3.6000,0.825281
10000,0.10,40,18,3.8000,0.659504
10000,0.10,40,19,4.0000,0.650342
10000,0.10,40,20,4.2000,0.648984
10000,0.10,40,21,4.4000,0.645513
10000,0.10,40,22,4.6000,0.642555
10000,0.10,40,23,4.8000,0.641561
10000,0.10,40,24,5.0000,0.189955
10000,0.10,40,25,5.2000,0.180178
10000,0.10,40,26,5.4000,0.182478
10000,0.10,40,27,5.6000,0.182847
10000,0.10,40,28,5.8000,0.185314
10000,0.10,40,29,6.0000,0.188247
10000,0.10,40,30,6.2000,0.191327
10000,0.10,40,31,6.4000,0.196659
10000,0.10,40,32,6.6000,0.266943
10000,0.10,40,33,6.8000,0.337943
10000,0.10,40,34,7.0000,0.342754
10000,0.10,40,35,7.2000,0.342111
10000,0.10,40,36,7.4000,0.344642
10000,0.10,40,37,7.6000,0.291064
10000,0.10,40,38,7.8000,0.305640
10000,0.10,40,39,8.0000,0.364049
10000,0.10,40,40,8.2000,0.501863
10000,0.10,40,41,8.4000,0.193739
10000,0.10,40,42,8.6000,0.158834
10000,0.10,40,43,8.8000,0.144530
10000,0.10,40,44,9.0000,0.142018
10000,0.10,40,45,9.2000,0.140865
10000,0.10,40,46,9.4000,0.146562
10000,0.10,40,47,9.6000,0.146289
10000,0.10,40,48,9.8000,0.132866
10000,0.10,40,49,10.0000,0.130236
10000,0.10,40,50,10.2000,0.132934
10000,0.10,40,51,10.4000,0.134577
10000,0.10,40,52,10.6000,0.142828
10000,0.10,40,53,10.8000,0.145320
10000,0.10,40,54,11.0000,0.132329
10000,0.10,40,55,11.2000,0.128829
10000,0.10,40,56,11.4000,0.130055
10000,0.10,40,57,11.6000,0.133051
10000,0.10,40,58,11.8000,0.143541
10000,0.10,40,59,12.0000,0.141377
10000,0.10,40,60,12.2000,0.139419
10000,0.10,40,61,12.4000,0.141162
10000,0.10,40,62,12.6000,0.137964
10000,0.10,40,63,12.8000,0.138550
10000,0.10,40,64,13.0000,0.128765
10000,0.10,40,65,13.2000,0.123683
10000,0.10,40,66,13.4000,0.120111
10000,0.10,40,67,13.6000,0.121224
10000,0.10,40,68,13.8000,0.118415
10000,0.10,40,69,14.0000,0.116185
10000,0.10,40,70,14.2000,0.126763
10000,0.10,40,71,14.4000,0.130709
10000,0.10,40,72,14.6000,0.130361
10000,0.10,40,73,14.8000,0.129349
10000,0.10,40,74,15.0000,0.128467
10000,0.10,40,75,15.2000,0.127677
10000,0.10,40,76,15.4000,0.128313
10000,0.10,40,77,15.6000,0.128803
10000,0.10,40,78,15.8000,0.128779
10000,0.10,40,79,16.0000,0.128389
10000,0.10,40,80,16.2000,0.123696
10000,0.10,40,81,16.4000,0.125212
10000,0.10,40,82,16.6000,0.125712
10000,0.10,40,83,16.8000,0.121329
10000,0.10,40,84,17.0000,0.116982
10000,0.10,40,85,17.2000,0.115330
10000,0.10,40,86,17.4000,0.115745
10000,0.10,40,87,17.6000,0.115364
10000,0.10,40,88,17.8000,0.124012
10000,0.10,40,89,18.0000,0.124875
10000,0.10,40,90,18.2000,0.128990
10000,0.10,40,91,18.4000,0.125131
10000,0.10,40,92,18.6000,0.120838
10000,0.10,40,93,18.8000,0.118057
10000,0.10,40,94,19.0000,0.111577
10000,0.10,40,95,19.2000,0.113382
10000,0.10,40,96,19.4000,0.116658
10000,0.10,40,97,19.6000,0.123457
10000,0.10,40,98,19.8000,0.129006
10000,0.10,40,99,20.0000,0.131814
10000,0.10,50,0,0.2000,2.499901
10000,0.10,50,1,0.4000,2.350801
10000,0.10,50,2,0.6000,2.266544
10000,0.10,50,3,0.8000,2.093929
10000,0.10,50,4,1.0000,2.292450
10000,0.10,50,5,1.2000,2.230733
10000,0.10,50,6,1.4000,2.065694
10000,0.10,50,7,1.6000,2.020672
10000,0.10,50,8,1.8000,1.206096
10000,0.10,50,9,2.0000,1.207574
10000,0.10,50,10,2.2000,1.028722
10000,0.10,50,11,2.4000,1.038442
10000,0.10,50,12,2.6000,1.032996
10000,0.10,50,13,2.8000,1.021888
10000,0.10,50,14,3.0000,1.017427
10000,0.10,50,15,3.2000,1.016644
10000,0.10,50,16,3.4000,0.259199
10000,0.10,50,17,3.6000,0.205789
10000,0.10,50,18,3.8000,0.204886
10000,0.10,50,19,4.0000,1.134286
10000,0.10,50,20,4.2000,0.996702
10000,0.10,50,21,4.4000,1.005068
10000,0.10,50,22,4.6000,0.999723
10000,0.10,50,23,4.8000,0.994417
10000,0.10,50,24,5.0000,0.996756
10000,0.10,50,25,5.2000,0.469735
10000,0.10,50,26,5.4000,0.373968
10000,0.10,50,27,5.6000,0.382570
10000,0.10,50,28,5.8000,0.382703
10000,0.10,50,29,6.0000,0.327247
10000,0.10,50,30,6.2000,0.324285
10000,0.10,50,31,6.4000,0.369048
10000,0.10,50,32,6.6000,0.376742
10000,0.10,50,33,6.8000,0.434549
10000,0.10,50,34,7.0000,0.427799
10000,0.10,50,35,7.2000,0.417713
10000,0.10,50,36,7.4000,0.413374
10000,0.10,50,37,7.6000,0.408947
10000,0.10,50,38,7.8000,0.405046
10000,0.10,50,39,8.0000,0.403797
10000,0.10,50,40,8.2000,0.446806
10000,0.10,50,41,8.4000,0.449649
10000,0.10,50,42,8.6000,0.448373
10000,0.10,50,43,8.8000,0.447203
10000,0.10,50,44,9.0000,0.470229
10000,0.10,50,45,9.2000,0.445921
10000,0.10,50,46,9.4000,0.399831
10000,0.10,50,47,9.6000,0.360373
10000,0.10,50,48,9.8000,0.323024
10000,0.10,50,49,10.0000,0.338824
10000,0.10,50,50,10.2000,0.308891
10000,0.10,50,51,10.4000,0.280822
10000,0.10,50,52,10.6000,0.257516
10000,0.10,50,53,10.8000,0.312296
10000,0.10,50,54,11.0000,0.329482
10000,0.10,50,55,11.2000,0.323766
10000,0.10,50,56,11.4000,0.301307
10000,0.10,50,57,11.6000,0.278549
10000,0.10,50,58,11.8000,0.260161
10000,0.10,50,59,12.0000,0.271384
10000,0.10,50,60,12.2000,0.253878
10000,0.10,50,61,12.4000,0.231493
10000,0.10,50,62,12.6000,0.222834
10000,0.10,50,63,12.8000,0.256225
10000,0.10,50,64,13.0000,0.244136
10000,0.10,50,65,13.2000,0.255865
10000,0.10,50,66,13.4000,0.247311
10000,0.10,50,67,13.6000,0.263837
10000,0.10,50,68,13.8000,0.260817
10000,0.10,50,69,14.0000,0.252004
10000,0.10,50,70,14.2000,0.242177
10000,0.10,50,71,14.4000,0.228025
10000,0.10,50,72,14.6000,0.230992
10000,0.10,50,73,14.8000,0.236422
10000,0.10,50,74,15.0000,0.224960
10000,0.10,50,75,15.2000,0.207051
10000,0.10,50,76,15.4000,0.200484
10000,0.10,50,77,15.6000,0.188901
10000,0.10,50,78,15.8000,0.180854
10000,0.10,50,79,16.0000,0.171379
10000,0.10,50,80,16.2000,0.169370
10000,0.10,50,81,16.4000,0.164350
10000,0.10,50,82,16.6000,0.162723
10000,0.10,50,83,16.8000,0.152114
10000,0.10,50,84,17.0000,0.144551
10000,0.10,50,85,17.2000,0.131775
10000,0.10,50,86,17.4000,0.122821
10000,0.10,50,87,17.6000,0.108961
10000,0.10,50,88,17.8000,0.117907
10000,0.10,50,89,18.0000,0.117843
10000,0.10,50,90,18.2000,0.133262
10000,0.10,50,91,18.4000,0.116695
10000,0.10,50,92,18.6000,0.100360
10000,0.10,50,93,18.8000,0.090111
10000,0.10,50,94,19.0000,0.079786
10000,0.10,50,95,19.2000,0.076022
10000,0.10,50,96,19.4000,0.077671
10000,0.10,50,97,19.6000,0.072895
10000,0.10,50,98,19.8000,0.071372
10000,0.10,50,99,20.0000,0.067973
10000,0.10,60,0,0.2000,2.955637
10000,0.10,60,1,0.4000,2.006584
10000,0.10,60,2,0.6000,1.852004
10000,0.10,60,3,0.8000,1.621003
10000,0.10,60,4,1.0000,1.748852
10000,0.10,60,5,1.2000,1.751673
10000,0.10,60,6,1.4000,1.504259
10000,0.10,60,7,1.6000,1.423161
10000,0.10,60,8,1.8000,1.596059
10000,0.10,60,9,2.0000,1.581777
10000,0.10,60,10,2.2000,1.582137
10000,0.10,60,11,2.4000,1.574496
10000,0.10,60,12,2.6000,1.563413
10000,0.10,60,13,2.8000,1.430997
10000,0.10,60,14,3.0000,1.426081
10000,0.10,60,15,3.2000,1.424993
10000,0.10,60,16,3.4000,0.495347
10000,0.10,60,17,3.6000,0.690998
10000,0.10,60,18,3.8000,0.184431
10000,0.10,60,19,4.0000,0.485554
10000,0.10,60,20,4.2000,0.255246
10000,0.10,60,21,4.4000,0.296672
10000,0.10,60,22,4.6000,0.279325
10000,0.10,60,23,4.8000,0.270799
10000,0.10,60,24,5.0000,0.259419
10000,0.10,60,25,5.2000,0.280536
10000,0.10,60,26,5.4000,0.390577
10000,0.10,60,27,5.6000,0.332052
10000,0.10,60,28,5.8000,0.386438
10000,0.10,60,29,6.0000,0.364123
10000,0.10,60,30,6.2000,0.357444
10000,0.10,60,31,6.4000,0.347949
10000,0.10,60,32,6.6000,0.268406
10000,0.10,60,33,6.8000,0.244319
10000,0.10,60,34,7.0000,0.238192
10000,0.10,60,35,7.2000,0.233554
10000,0.10,60,36,7.4000,0.229120
10000,0.10,60,37,7.6000,0.222500
10000,0.10,60,38,7.8000,0.171471
10000,0.10,60,39,8.0000,0.131836
10000,0.10,60,40,8.2000,0.118379
10000,0.10,60,41,8.4000,0.107667
10000,0.10,60,42,8.6000,0.104213
10000,0.10,60,43,8.8000,0.095654
10000,0.10,60,44,9.0000,0.101362
10000,0.10,60,45,9.2000,0.137116
10000,0.10,60,46,9.4000,0.134039
10000,0.10,60,47,9.6000,0.129885
10000,0.10,60,48,9.8000,0.127759
10000,0.10,60,49,10.0000,0.120700
10000,0.10,60,50,10.2000,0.124105
10000,0.10,60,51,10.4000,0.124545
10000,0.10,60,52,10.6000,0.103499
10000,0.10,60,53,10.8000,0.114411
10000,0.10,60,54,11.0000,0.091820
10000,0.10,60,55,11.2000,0.067135
10000,0.10,60,56,11.4000,0.061061
10000,0.10,60,57,11.6000,0.072259
10000,0.10,60,58,11.8000,0.061196
10000,0.10,60,59,12.0000,0.061325
10000,0.10,60,60,12.2000,0.068012
10000,0.10,60,61,12.4000,0.063277
10000,0.10,60,62,12.6000,0.065224
10000,0.10,60,63,12.8000,0.069604
10000,0.10,60,64,13.0000,0.065617
10000,0.10,60,65,13.2000,0.060412
10000,0.10,60,66,13.4000,0.060720
10000,0.10,60,67,13.6000,0.061251
10000,0.10,60,68,13.8000,0.062584
10000,0.10,60,69,14.0000,0.059572
10000,0.10,60,70,14.2000,0.055642
10000,0.10,60,71,14.4000,0.052703
10000,0.10,60,72,14.6000,0.056539
10000,0.10,60,73,14.8000,0.060301
10000,0.10,60,74,15.0000,0.063509
10000,0.10,60,75,15.2000,0.066425
10000,0.10,60,76,15.4000,0.072230
10000,0.10,60,77,15.6000,0.070300
10000,0.10,60,78,15.8000,0.070964
10000,0.10,60,79,16.0000,0.067449
10000,0.10,60,80,16.2000,0.066345
10000,0.10,60,81,16.4000,0.065862
10000,0.10,60,82,16.6000,0.068564
10000,0.10,60,83,16.8000,0.069555
10000,0.10,60,84,17.0000,0.073465
10000,0.10,60,85,17.2000,0.070063
10000,0.10,60,86,17.4000,0.073033
10000,0.10,60,87,17.6000,0.083365
10000,0.10,60,88,17.8000,0.087491
10000,0.10,60,89,18.0000,0.090009
10000,0.10,60,90,18.2000,0.092052
10000,0.10,60,91,18.4000,0.089424
10000,0.10,60,92,18.6000,0.095937
10000,0.10,60,93,18.8000,0.100446
10000,0.10,60,94,19.0000,0.100233
10000,0.10,60,95,19.2000,0.088302
10000,0.10,60,96,19.4000,0.092978
10000,0.10,60,97,19.6000,0.062942
10000,0.10,60,98,19.8000,0.058987
10000,0.10,60,99,20.0000,0.056727
10000,0.10,70,0,0.2000,2.571320
10000,0.10,70,1,0.4000,2.480614
10000,0.10,70,2,0.6000,2.330305
10000,0.10,70,3,0.8000,1.855313
10000,0.10,70,4,1.0000,2.528456
10000,0.10,70,5,1.2000,2.464486
10000,0.10,70,6,1.4000,1.668095
10000,0.10,70,7,1.6000,1.838162
10000,0.10,70,8,1.8000,1.655839
10000,0.10,70,9,2.0000,1.664964
10000,0.10,70,10,2.2000,2.458205
10000,0.10,70,11,2.4000,2.221527
10000,0.10,70,12,2.6000,1.813657
10000,0.10,70,13,2.8000,1.171662
10000,0.10,70,14,3.0000,1.098766
10000,0.10,70,15,3.2000,0.280244
10000,0.10,70,16,3.4000,0.259925
10000,0.10,70,17,3.6000,0.414982
10000,0.10,70,18,3.8000,0.161387
10000,0.10,70,19,4.0000,0.131365
10000,0.10,70,20,4.2000,0.142780
10000,0.10,70,21,4.4000,0.129600
10000,0.10,70,22,4.6000,0.130784
10000,0.10,70,23,4.8000,0.144200
10000,0.10,70,24,5.0000,0.140719
10000,0.10,70,25,5.2000,0.135155
10000,0.10,70,26,5.4000,0.179331
10000,0.10,70,27,5.6000,0.180644
10000,0.10,70,28,5.8000,0.213682
10000,0.10,70,29,6.0000,0.162380
10000,0.10,70,30,6.2000,0.140837
10000,0.10,70,31,6.4000,0.132568
10000,0.10,70,32,6.6000,0.123973
10000,0.10,70,33,6.8000,0.123284
10000,0.10,70,34,7.0000,0.141564
10000,0.10,70,35,7.2000,0.127543
10000,0.10,70,36,7.4000,0.138119
10000,0.10,70,37,7.6000,0.141719
10000,0.10,70,38,7.8000,0.125355
10000,0.10,70,39,8.0000,0.126384
10000,0.10,70,40,8.2000,0.122406
10000,0.10,70,41,8.4000,0.130652
10000,0.10,70,42,8.6000,0.138372
10000,0.10,70,43,8.8000,0.133563
10000,0.10,70,44,9.0000,0.125000
10000,0.10,70,45,9.2000,0.121656
10000,0.10,70,46,9.4000,0.127032
10000,0.10,70,47,9.6000,0.123469
10000,0.10,70,48,9.8000,0.126378
10000,0.10,70,49,10.0000,0.119532
10000,0.10,70,50,10.2000,0.110072
10000,0.10,70,51,10.4000,0.106010
10000,0.10,70,52,10.6000,0.109454
10000,0.10,70,53,10.8000,0.119306
10000,0.10,70,54,11.0000,0.121231
10000,0.10,70,55,11.2000,0.125803
10000,0.10,70,56,11.4000,0.123841
10000,0.10,70,57,11.6000,0.128764
10000,0.10,70,58,11.8000,0.136217
10000,0.10,70,59,12.0000,0.145891
10000,0.10,70,60,12.2000,0.152914
10000,0.10,70,61,12.4000,0.158616
10000,0.10,70,62,12.6000,0.167460
10000,0.10,70,63,12.8000,0.170272
10000,0.10,70,64,13.0000,0.182255
10000,0.10,70,65,13.2000,0.189450
10000,0.10,70,66,13.4000,0.200743
10000,0.10,70,67,13.6000,0.208296
10000,0.10,70,68,13.8000,0.226208
10000,0.10,70,69,14.0000,0.236926
10000,0.10,70,70,14.2000,0.231200
10000,0.10,70,71,14.4000,0.240611
10000,0.10,70,72,14.6000,0.250753
10000,0.10,70,73,14.8000,0.263485
10000,0.10,70,74,15.0000,0.262025
10000,0.10,70,75,15.2000,0.252847
10000,0.10,70,76,15.4000,0.247584
10000,0.10,70,77,15.6000,0.247173
10000,0.10,70,78,15.8000,0.243051
10000,0.10,70,79,16.0000,0.238204
10000,0.10,70,80,16.2000,0.233246
10000,0.10,70,81,16.4000,0.229728
10000,0.10,70,82,16.6000,0.225893
10000,0.10,70,83,16.8000,0.228880
10000,0.10,70,84,17.0000,0.221017
10000,0.10,70,85,17.2000,0.228445
10000,0.10,70,86,17.4000,0.225113
10000,0.10,70,87,17.6000,0.221863
10000,0.10,70,88,17.8000,0.219191
10000,0.10,70,89,18.0000,0.215425
10000,0.10,70,90,18.2000,0.210278
10000,0.10,70,91,18.4000,0.205380
10000,0.10,70,92,18.6000,0.201389
10000,0.10,70,93,18.8000,0.198143
10000,0.10,70,94,19.0000,0.198666
10000,0.10,70,95,19.2000,0.192692
10000,0.10,70,96,19.4000,0.191485
10000,0.10,70,97,19.6000,0.199693
10000,0.10,70,98,19.8000,0.202895
10000,0.10,70,99,20.0000,0.202092
10000,0.10,80,0,0.2000,2.656762
10000,0.10,80,1,0.4000,2.557157
10000,0.10,80,2,0.6000,1.931698
10000,0.10,80,3,0.8000,2.096239
10000,0.10,80,4,1.0000,1.863818
10000,0.10,80,5,1.2000,1.475110
10000,0.10,80,6,1.4000,1.741482
10000,0.10,80,7,1.6000,1.747599
10000,0.10,80,8,1.8000,1.751842
10000,0.10,80,9,2.0000,1.738653
10000,0.10,80,10,2.2000,1.453989
10000,0.10,80,11,2.4000,1.227253
10000,0.10,80,12,2.6000,1.229583
10000,0.10,80,13,2.8000,1.237489
10000,0.10,80,14,3.0000,1.245581
10000,0.10,80,15,3.2000,1.163996
10000,0.10,80,16,3.4000,1.091980
10000,0.10,80,17,3.6000,0.781156
10000,0.10,80,18,3.8000,0.551327
10000,0.10,80,19,4.0000,0.662633
10000,0.10,80,20,4.2000,0.574686
10000,0.10,80,21,4.4000,0.496994
10000,0.10,80,22,4.6000,0.204635
10000,0.10,80,23,4.8000,0.200574
10000,0.10,80,24,5.0000,0.362983
10000,0.10,80,25,5.2000,0.399729
10000,0.10,80,26,5.4000,0.459414
10000,0.10,80,27,5.6000,0.305200
10000,0.10,80,28,5.8000,0.316049
10000,0.10,80,29,6.0000,0.408115
10000,0.10,80,30,6.2000,0.434288
10000,0.10,80,31,6.4000,0.436435
10000,0.10,80,32,6.6000,0.439569
10000,0.10,80,33,6.8000,0.436364
10000,0.10,80,34,7.0000,0.434311
10000,0.10,80,35,7.2000,0.317162
10000,0.10,80,36,7.4000,0.316998
10000,0.10,80,37,7.6000,0.348483
10000,0.10,80,38,7.8000,0.321850
10000,0.10,80,39,8.0000,0.343531
10000,0.10,80,40,8.2000,0.339342
10000,0.10,80,41,8.4000,0.301476
10000,0.10,80,42,8.6000,0.277738
10000,0.10,80,43,8.8000,0.301510
10000,0.10,80,44,9.0000,0.316017
10000,0.10,80,45,9.2000,0.314058
10000,0.10,80,46,9.4000,0.299606
10000,0.10,80,47,9.6000,0.282566
10000,0.10,80,48,9.8000,0.272726
10000,0.10,80,49,10.0000,0.263068
10000,0.10,80,50,10.2000,0.272292
10000,0.10,80,51,10.4000,0.277086
10000,0.10,80,52,10.6000,0.258729
10000,0.10,80,53,10.8000,0.271918
10000,0.10,80,54,11.0000,0.283090
10000,0.10,80,55,11.2000,0.264464
10000,0.10,80,56,11.4000,0.243554
10000,0.10,80,57,11.6000,0.235718
10000,0.10,80,58,11.8000,0.226524
10000,0.10,80,59,12.0000,0.226450
10000,0.10,80,60,12.2000,0.210098
10000,0.10,80,61,12.4000,0.195601
10000,0.10,80,62,12.6000,0.188993
10000,0.10,80,63,12.8000,0.182377
10000,0.10,80,64,13.0000,0.178199
10000,0.10,80,65,13.2000,0.169345
10000,0.10,80,66,13.4000,0.160386
10000,0.10,80,67,13.6000,0.153031
10000,0.10,80,68,13.8000,0.140134
10000,0.10,80,69,14.0000,0.132217
10000,0.10,80,70,14.2000,0.120885
10000,0.10,80,71,14.4000,0.114734
10000,0.10,80,72,14.6000,0.114986
10000,0.10,80,73,14.8000,0.119157
10000,0.10,80,74,15.0000,0.113373
10000,0.10,80,75,15.2000,0.112155
10000,0.10,80,76,15.4000,0.114519
10000,0.10,80,77,15.6000,0.114743
10000,0.10,80,78,15.8000,0.117481
10000,0.10,80,79,16.0000,0.120877
10000,0.10,80,80,16.2000,0.127060
10000,0.10,80,81,16.4000,0.119680
10000,0.10,80,82,16.6000,0.125595
10000,0.10,80,83,16.8000,0.114950
10000,0.10,80,84,17.0000,0.120886
10000,0.10,80,85,17.2000,0.123330
10000,0.10,80,86,17.4000,0.117995
10000,0.10,80,87,17.6000,0.109967
10000,0.10,80,88,17.8000,0.105668
10000,0.10,80,89,18.0000,0.102726
10000,0.10,80,90,18.2000,0.103966
10000,0.10,80,91,18.4000,0.105032
10000,0.10,80,92,18.6000,0.108975
10000,0.10,80,93,18.8000,0.103689
10000,0.10,80,94,19.0000,0.098813
10000,0.10,80,95,19.2000,0.091408
10000,0.10,80,96,19.4000,0.086742
10000,0.10,80,97,19.6000,0.092106
10000,0.10,80,98,19.8000,0.087530
10000,0.10,80,99,20.0000,0.080842
10000,0.10,90,0,0.2000,1.600293
10000,0.10,90,1,0.4000,1.705757
10000,0.10,90,2,0.6000,1.615339
10000,0.10,90,3,0.8000,1.636534
10000,0.10,90,4,1.0000,1.669811
10000,0.10,90,5,1.2000,1.791559
10000,0.10,90,6,1.4000,1.676430
10000,0.10,90,7,1.6000,1.603619
10000,0.10,90,8,1.8000,1.434846
10000,0.10,90,9,2.0000,1.500016
10000,0.10,90,10,2.2000,1.398727
10000,0.10,90,11,2.4000,1.407121
10000,0.10,90,12,2.6000,1.497398
10000,0.10,90,13,2.8000,0.654172
10000,0.10,90,14,3.0000,0.770789
10000,0.10,90,15,3.2000,0.754632
10000,0.10,90,16,3.4000,0.710458
10000,0.10,90,17,3.6000,0.286899
10000,0.10,90,18,3.8000,0.197555
10000,0.10,90,19,4.0000,0.548372
10000,0.10,90,20,4.2000,0.502337
10000,0.10,90,21,4.4000,0.380998
10000,0.10,90,22,4.6000,0.404033
10000,0.10,90,23,4.8000,0.413010
10000,0.10,90,24,5.0000,0.351150
10000,0.10,90,25,5.2000,0.319607
10000,0.10,90,26,5.4000,0.326942
10000,0.10,90,27,5.6000,0.359116
10000,0.10,90,28,5.8000,0.357102
10000,0.10,90,29,6.0000,0.380558
10000,0.10,90,30,6.2000,0.316342
10000,0.10,90,31,6.4000,0.283485
10000,0.10,90,32,6.6000,0.290135
10000,0.10,90,33,6.8000,0.286166
10000,0.10,90,34,7.0000,0.282117
10000,0.10,90,35,7.2000,0.280261
10000,0.10,90,36,7.4000,0.283631
10000,0.10,90,37,7.6000,0.251955
10000,0.10,90,38,7.8000,0.257280
10000,0.10,90,39,8.0000,0.275427
10000,0.10,90,40,8.2000,0.278112
10000,0.10,90,41,8.4000,0.289219
10000,0.10,90,42,8.6000,0.301143
10000,0.10,90,43,8.8000,0.293062
10000,0.10,90,44,9.0000,0.278423
10000,0.10,90,45,9.2000,0.265404
10000,0.10,90,46,9.4000,0.271941
10000,0.10,90,47,9.6000,0.265814
10000,0.10,90,48,9.8000,0.262641
10000,0.10,90,49,10.0000,0.259018
10000,0.10,90,50,10.2000,0.240971
10000,0.10,90,51,10.4000,0.234749
10000,0.10,90,52,10.6000,0.232051
10000,0.10,90,53,10.8000,0.231248
10000,0.10,90,54,11.0000,0.235634
10000,0.10,90,55,11.2000,0.241253
10000,0.10,90,56,11.4000,0.246163
10000,0.10,90,57,11.6000,0.210757
10000,0.10,90,58,11.8000,0.220102
10000,0.10,90,59,12.0000,0.213511
10000,0.10,90,60,12.2000,0.201146
10000,0.10,90,61,12.4000,0.207957
10000,0.10,90,62,12.6000,0.217077
10000,0.10,90,63,12.8000,0.210628
10000,0.10,90,64,13.0000,0.216231
10000,0.10,90,65,13.2000,0.219727
10000,0.10,90,66,13.4000,0.230810
10000,0.10,90,67,13.6000,0.234108
10000,0.10,90,68,13.8000,0.233003
10000,0.10,90,69,14.0000,0.244148
10000,0.10,90,70,14.2000,0.233523
10000,0.10,90,71,14.4000,0.238275
10000,0.10,90,72,14.6000,0.238287
10000,0.10,90,73,14.8000,0.240064
10000,0.10,90,74,15.0000,0.236579
10000,0.10,90,75,15.2000,0.238608
10000,0.10,90,76,15.4000,0.238104
10000,0.10,90,77,15.6000,0.248209
10000,0.10,90,78,15.8000,0.247899
10000,0.10,90,79,16.0000,0.239271
10000,0.10,90,80,16.2000,0.222607
10000,0.10,90,81,16.4000,0.222367
10000,0.10,90,82,16.6000,0.229494
10000,0.10,90,83,16.8000,0.236441
10000,0.10,90,84,17.0000,0.244385
10000,0.10,90,85,17.2000,0.244373
10000,0.10,90,86,17.4000,0.251413
10000,0.10,90,87,17.6000,0.259933
10000,0.10,90,88,17.8000,0.255140
10000,0.10,90,89,18.0000,0.237166
10000,0.10,90,90,18.2000,0.218415
10000,0.10,90,91,18.4000,0.211652
10000,0.10,90,92,18.6000,0.217951
10000,0.10,90,93,18.8000,0.211394
10000,0.10,90,94,19.0000,0.191847
10000,0.10,90,95,19.2000,0.181400
10000,0.10,90,96,19.4000,0.186705
10000,0.10,90,97,19.6000,0.190158
10000,0.10,90,98,19.8000,0.196927
10000,0.10,90,99,20.0000,0.204209
10000,0.2,10,0,0.2000,2.391315
10000,0.2,10,1,0.4000,1.980204
10000,0.2,10,2,0.6000,1.739613
10000,0.2,10,3,0.8000,1.524203
10000,0.2,10,4,1.0000,1.818210
10000,0.2,10,5,1.2000,1.749523
10000,0.2,10,6,1.4000,1.706568
10000,0.2,10,7,1.6000,1.692047
10000,0.2,10,8,1.8000,1.687377
10000,0.2,10,9,2.0000,1.681331
10000,0.2,10,10,2.2000,0.832462
10000,0.2,10,11,2.4000,0.607873
10000,0.2,10,12,2.6000,0.585694
10000,0.2,10,13,2.8000,0.451615
10000,0.2,10,14,3.0000,0.444053
10000,0.2,10,15,3.2000,0.755714
10000,0.2,10,16,3.4000,0.754255
10000,0.2,10,17,3.6000,0.596805
10000,0.2,10,18,3.8000,0.351564
10000,0.2,10,19,4.0000,0.300566
10000,0.2,10,20,4.2000,0.305697
10000,0.2,10,21,4.4000,0.311311
10000,0.2,10,22,4.6000,0.318748
10000,0.2,10,23,4.8000,0.328913
10000,0.2,10,24,5.0000,0.322744
10000,0.2,10,25,5.2000,0.242585
10000,0.2,10,26,5.4000,0.372864
10000,0.2,10,27,5.6000,0.230603
10000,0.2,10,28,5.8000,0.242445
10000,0.2,10,29,6.0000,0.219877
10000,0.2,10,30,6.2000,0.171437
10000,0.2,10,31,6.4000,0.253247
10000,0.2,10,32,6.6000,0.294593
10000,0.2,10,33,6.8000,0.293146
10000,0.2,10,34,7.0000,0.252548
10000,0.2,10,35,7.2000,0.235253
10000,0.2,10,36,7.4000,0.229394
10000,0.2,10,37,7.6000,0.209997
10000,0.2,10,38,7.8000,0.238650
10000,0.2,10,39,8.0000,0.228450
10000,0.2,10,40,8.2000,0.214220
10000,0.2,10,41,8.4000,0.218349
10000,0.2,10,42,8.6000,0.225771
10000,0.2,10,43,8.8000,0.242959
10000,0.2,10,44,9.0000,0.247159
10000,0.2,10,45,9.2000,0.243862
10000,0.2,10,46,9.4000,0.253254
10000,0.2,10,47,9.6000,0.258045
10000,0.2,10,48,9.8000,0.265604
10000,0.2,10,49,10.0000,0.274949
10000,0.2,10,50,10.2000,0.286145
10000,0.2,10,51,10.4000,0.296283
10000,0.2,10,52,10.6000,0.291224
10000,0.2,10,53,10.8000,0.278561
10000,0.2,10,54,11.0000,0.274155
10000,0.2,10,55,11.2000,0.262592
10000,0.2,10,56,11.4000,0.250888
10000,0.2,10,57,11.6000,0.263781
10000,0.2,10,58,11.8000,0.264275
10000,0.2,10,59,12.0000,0.265245
10000,0.2,10,60,12.2000,0.284565
10000,0.2,10,61,12.4000,0.270190
10000,0.2,10,62,12.6000,0.270772
10000,0.2,10,63,12.8000,0.256729
10000,0.2,10,64,13.0000,0.240105
10000,0.2,10,65,13.2000,0.238643
10000,0.2,10,66,13.4000,0.230022
10000,0.2,10,67,13.6000,0.220652
10000,0.2,10,68,13.8000,0.209463
10000,0.2,10,69,14.0000,0.199556
10000,0.2,10,70,14.2000,0.195286
10000,0.2,10,71,14.4000,0.182160
10000,0.2,10,72,14.6000,0.174420
10000,0.2,10,73,14.8000,0.165880
10000,0.2,10,74,15.0000,0.167660
10000,0.2,10,75,15.2000,0.177809
10000,0.2,10,76,15.4000,0.177630
10000,0.2,10,77,15.6000,0.167717
10000,0.2,10,78,15.8000,0.158641
10000,0.2,10,79,16.0000,0.151704
10000,0.2,10,80,16.2000,0.142283
10000,0.2,10,81,16.4000,0.138478
10000,0.2,10,82,16.6000,0.144691
10000,0.2,10,83,16.8000,0.151203
10000,0.2,10,84,17.0000,0.162460
10000,0.2,10,85,17.2000,0.160393
10000,0.2,10,86,17.4000,0.154428
10000,0.2,10,87,17.6000,0.149288
10000,0.2,10,88,17.8000,0.143229
10000,0.2,10,89,18.0000,0.137238
10000,0.2,10,90,18.2000,0.132786
10000,0.2,10,91,18.4000,0.129612
10000,0.2,10,92,18.6000,0.125570
10000,0.2,10,93,18.8000,0.122606
10000,0.2,10,94,19.0000,0.119871
10000,0.2,10,95,19.2000,0.113138
10000,0.2,10,96,19.4000,0.106808
10000,0.2,10,97,19.6000,0.098730
10000,0.2,10,98,19.8000,0.100838
10000,0.2,10,99,20.0000,0.096428
10000,0.2,100,0,0.2000,2.251689
10000,0.2,100,1,0.4000,2.216051
10000,0.2,100,2,0.6000,2.179763
10000,0.2,100,3,0.8000,1.949214
10000,0.2,100,4,1.0000,1.936698
10000,0.2,100,5,1.2000,2.170947
10000,0.2,100,6,1.4000,1.915100
10000,0.2,100,7,1.6000,1.760926
10000,0.2,100,8,1.8000,1.777346
10000,0.2,100,9,2.0000,1.782490
10000,0.2,100,10,2.2000,1.779812
10000,0.2,100,11,2.4000,1.704515
10000,0.2,100,12,2.6000,1.290399
10000,0.2,100,13,2.8000,0.591377
10000,0.2,100,14,3.0000,0.551961
10000,0.2,100,15,3.2000,0.551083
10000,0.2,100,16,3.4000,0.542314
10000,0.2,100,17,3.6000,0.441739
10000,0.2,100,18,3.8000,0.342514
10000,0.2,100,19,4.0000,0.541116
10000,0.2,100,20,4.2000,0.672737
10000,0.2,100,21,4.4000,1.172516
10000,0.2,100,22,4.6000,0.499796
10000,0.2,100,23,4.8000,0.457573
10000,0.2,100,24,5.0000,0.467978
10000,0.2,100,25,5.2000,0.448817
10000,0.2,100,26,5.4000,0.406106
10000,0.2,100,27,5.6000,0.331295
10000,0.2,100,28,5.8000,0.299680
10000,0.2,100,29,6.0000,0.302642
10000,0.2,100,30,6.2000,0.303469
10000,0.2,100,31,6.4000,0.303221
10000,0.2,100,32,6.6000,0.305289
10000,0.2,100,33,6.8000,0.297549
10000,0.2,100,34,7.0000,0.291505
10000,0.2,100,35,7.2000,0.324859
10000,0.2,100,36,7.4000,0.326585
10000,0.2,100,37,7.6000,0.316377
10000,0.2,100,38,7.8000,0.318123
10000,0.2,100,39,8.0000,0.339756
10000,0.2,100,40,8.2000,0.328369
10000,0.2,100,41,8.4000,0.308313
10000,0.2,100,42,8.6000,0.305741
10000,0.2,100,43,8.8000,0.297000
10000,0.2,100,44,9.0000,0.285211
10000,0.2,100,45,9.2000,0.277609
10000,0.2,100,46,9.4000,0.269866
10000,0.2,100,47,9.6000,0.259598
10000,0.2,100,48,9.8000,0.248786
10000,0.2,100,49,10.0000,0.242656
10000,0.2,100,50,10.2000,0.238456
10000,0.2,100,51,10.4000,0.240998
10000,0.2,100,52,10.6000,0.241162
10000,0.2,100,53,10.8000,0.244250
10000,0.2,100,54,11.0000,0.245581
10000,0.2,100,55,11.2000,0.243839
10000,0.2,100,56,11.4000,0.247459
10000,0.2,100,57,11.6000,0.266355
10000,0.2,100,58,11.8000,0.268863
10000,0.2,100,59,12.0000,0.268808
10000,0.2,100,60,12.2000,0.272416
10000,0.2,100,61,12.4000,0.278798
10000,0.2,100,62,12.6000,0.283565
10000,0.2,100,63,12.8000,0.289189
10000,0.2,100,64,13.0000,0.295025
10000,0.2,100,65,13.2000,0.291396
10000,0.2,100,66,13.4000,0.303637
10000,0.2,100,67,13.6000,0.295255
10000,0.2,100,68,13.8000,0.285397
10000,0.2,100,69,14.0000,0.278116
10000,0.2,100,70,14.2000,0.272659
10000,0.2,100,71,14.4000,0.267446
10000,0.2,100,72,14.6000,0.269645
10000,0.2,100,73,14.8000,0.266693
10000,0.2,100,74,15.0000,0.262464
10000,0.2,100,75,15.2000,0.264286
10000,0.2,100,76,15.4000,0.269061
10000,0.2,100,77,15.6000,0.284302
10000,0.2,100,78,15.8000,0.296217
10000,0.2,100,79,16.0000,0.295351
10000,0.2,100,80,16.2000,0.295282
10000,0.2,100,81,16.4000,0.291946
10000,0.2,100,82,16.6000,0.292705
10000,0.2,100,83,16.8000,0.290547
10000,0.2,100,84,17.0000,0.288733
10000,0.2,100,85,17.2000,0.281406
10000,0.2,100,86,17.4000,0.273212
10000,0.2,100,87,17.6000,0.277940
10000,0.2,100,88,17.8000,0.284321
10000,0.2,100,89,18.0000,0.290178
10000,0.2,100,90,18.2000,0.281620
10000,0.2,100,91,18.4000,0.275238
10000,0.2,100,92,18.6000,0.267544
10000,0.2,100,93,18.8000,0.263835
10000,0.2,100,94,19.0000,0.261002
10000,0.2,100,95,19.2000,0.255394
10000,0.2,100,96,19.4000,0.247186
10000,0.2,100,97,19.6000,0.241981
10000,0.2,100,98,19.8000,0.241698
10000,0.2,100,99,20.0000,0.232231
10000,0.2,20,0,0.2000,2.325404
10000,0.2,20,1,0.4000,2.040695
10000,0.2,20,2,0.6000,2.314427
10000,0.2,20,3,0.8000,2.188525
10000,0.2,20,4,1.0000,2.098506
10000,0.2,20,5,1.2000,2.089038
10000,0.2,20,6,1.4000,2.047266
10000,0.2,20,7,1.6000,1.261070
10000,0.2,20,8,1.8000,1.073866
10000,0.2,20,9,2.0000,1.054031
10000,0.2,20,10,2.2000,1.056715
10000,0.2,20,11,2.4000,1.066708
10000,0.2,20,12,2.6000,1.002628
10000,0.2,20,13,2.8000,1.003432
10000,0.2,20,14,3.0000,0.980239
10000,0.2,20,15,3.2000,0.982660
10000,0.2,20,16,3.4000,0.985549
10000,0.2,20,17,3.6000,0.990619
10000,0.2,20,18,3.8000,0.995032
10000,0.2,20,19,4.0000,1.001338
10000,0.2,20,20,4.2000,0.988890
10000,0.2,20,21,4.4000,0.804069
10000,0.2,20,22,4.6000,0.738949
10000,0.2,20,23,4.8000,0.488146
10000,0.2,20,24,5.0000,0.484276
10000,0.2,20,25,5.2000,0.493364
10000,0.2,20,26,5.4000,0.495865
10000,0.2,20,27,5.6000,0.435762
10000,0.2,20,28,5.8000,0.389012
10000,0.2,20,29,6.0000,0.446182
10000,0.2,20,30,6.2000,0.375188
10000,0.2,20,31,6.4000,0.317635
10000,0.2,20,32,6.6000,0.310116
10000,0.2,20,33,6.8000,0.309653
10000,0.2,20,34,7.0000,0.331969
10000,0.2,20,35,7.2000,0.340109
10000,0.2,20,36,7.4000,0.310053
10000,0.2,20,37,7.6000,0.297978
10000,0.2,20,38,7.8000,0.293148
10000,0.2,20,39,8.0000,0.304648
10000,0.2,20,40,8.2000,0.319789
10000,0.2,20,41,8.4000,0.308042
10000,0.2,20,42,8.6000,0.301573
10000,0.2,20,43,8.8000,0.293596
10000,0.2,20,44,9.0000,0.299405
10000,0.2,20,45,9.2000,0.297711
10000,0.2,20,46,9.4000,0.288573
10000,0.2,20,47,9.6000,0.281902
10000,0.2,20,48,9.8000,0.277373
10000,0.2,20,49,10.0000,0.274084
10000,0.2,20,50,10.2000,0.271905
10000,0.2,20,51,10.4000,0.269148
10000,0.2,20,52,10.6000,0.267690
10000,0.2,20,53,10.8000,0.265652
10000,0.2,20,54,11.0000,0.257271
10000,0.2,20,55,11.2000,0.251493
10000,0.2,20,56,11.4000,0.249657
10000,0.2,20,57,11.6000,0.227585
10000,0.2,20,58,11.8000,0.219307
10000,0.2,20,59,12.0000,0.204513
10000,0.2,20,60,12.2000,0.202601
10000,0.2,20,61,12.4000,0.197563
10000,0.2,20,62,12.6000,0.194573
10000,0.2,20,63,12.8000,0.190936
10000,0.2,20,64,13.0000,0.190755
10000,0.2,20,65,13.2000,0.188705
10000,0.2,20,66,13.4000,0.193113
10000,0.2,20,67,13.6000,0.193060
10000,0.2,20,68,13.8000,0.197180
10000,0.2,20,69,14.0000,0.199264
10000,0.2,20,70,14.2000,0.203835
10000,0.2,20,71,14.4000,0.208023
10000,0.2,20,72,14.6000,0.210380
10000,0.2,20,73,14.8000,0.214061
10000,0.2,20,74,15.0000,0.206393
10000,0.2,20,75,15.2000,0.199674
10000,0.2,20,76,15.4000,0.192834
10000,0.2,20,77,15.6000,0.186150
10000,0.2,20,78,15.8000,0.193658
10000,0.2,20,79,16.0000,0.198555
10000,0.2,20,80,16.2000,0.209847
10000,0.2,20,81,16.4000,0.206627
10000,0.2,20,82,16.6000,0.201750
10000,0.2,20,83,16.8000,0.201579
10000,0.2,20,84,17.0000,0.208270
10000,0.2,20,85,17.2000,0.216509
10000,0.2,20,86,17.4000,0.222826
10000,0.2,20,87,17.6000,0.225723
10000,0.2,20,88,17.8000,0.229256
10000,0.2,20,89,18.0000,0.233399
10000,0.2,20,90,18.2000,0.229056
10000,0.2,20,91,18.4000,0.222883
10000,0.2,20,92,18.6000,0.219809
10000,0.2,20,93,18.8000,0.215696
10000,0.2,20,94,19.0000,0.208210
10000,0.2,20,95,19.2000,0.211251
10000,0.2,20,96,19.4000,0.215313
10000,0.2,20,97,19.6000,0.219257
10000,0.2,20,98,19.8000,0.216745
10000,0.2,20,99,20.0000,0.212519
10000,0.2,30,0,0.2000,2.543032
10000,0.2,30,1,0.4000,2.157675
10000,0.2,30,2,0.6000,1.405547
10000,0.2,30,3,0.8000,1.432104
10000,0.2,30,4,1.0000,1.339134
10000,0.2,30,5,1.2000,1.196570
10000,0.2,30,6,1.4000,1.304603
10000,0.2,30,7,1.6000,1.312700
10000,0.2,30,8,1.8000,1.323451
10000,0.2,30,9,2.0000,1.356936
10000,0.2,30,10,2.2000,1.240302
10000,0.2,30,11,2.4000,1.109304
10000,0.2,30,12,2.6000,0.687258
10000,0.2,30,13,2.8000,0.536714
10000,0.2,30,14,3.0000,0.425357
10000,0.2,30,15,3.2000,0.350935
10000,0.2,30,16,3.4000,0.376170
10000,0.2,30,17,3.6000,0.399767
10000,0.2,30,18,3.8000,0.420619
10000,0.2,30,19,4.0000,0.441679
10000,0.2,30,20,4.2000,0.459935
10000,0.2,30,21,4.4000,0.478452
10000,0.2,30,22,4.6000,0.531888
10000,0.2,30,23,4.8000,0.550966
10000,0.2,30,24,5.0000,0.582067
10000,0.2,30,25,5.2000,0.591691
10000,0.2,30,26,5.4000,0.493071
10000,0.2,30,27,5.6000,0.428356
10000,0.2,30,28,5.8000,0.526268
10000,0.2,30,29,6.0000,0.398989
10000,0.2,30,30,6.2000,0.359744
10000,0.2,30,31,6.4000,0.369671
10000,0.2,30,32,6.6000,0.370404
10000,0.2,30,33,6.8000,0.363025
10000,0.2,30,34,7.0000,0.347373
10000,0.2,30,35,7.2000,0.337558
10000,0.2,30,36,7.4000,0.330891
10000,0.2,30,37,7.6000,0.326986
10000,0.2,30,38,7.8000,0.325442
10000,0.2,30,39,8.0000,0.335586
10000,0.2,30,40,8.2000,0.330739
10000,0.2,30,41,8.4000,0.331354
10000,0.2,30,42,8.6000,0.332283
10000,0.2,30,43,8.8000,0.326707
10000,0.2,30,44,9.0000,0.329463
10000,0.2,30,45,9.2000,0.325322
10000,0.2,30,46,9.4000,0.316088
10000,0.2,30,47,9.6000,0.310179
10000,0.2,30,48,9.8000,0.302302
10000,0.2,30,49,10.0000,0.294371
10000,0.2,30,50,10.2000,0.287827
10000,0.2,30,51,10.4000,0.282574
10000,0.2,30,52,10.6000,0.279879
10000,0.2,30,53,10.8000,0.276633
10000,0.2,30,54,11.0000,0.263614
10000,0.2,30,55,11.2000,0.260673
10000,0.2,30,56,11.4000,0.258734
10000,0.2,30,57,11.6000,0.259232
10000,0.2,30,58,11.8000,0.258218
10000,0.2,30,59,12.0000,0.257718
10000,0.2,30,60,12.2000,0.263597
10000,0.2,30,61,12.4000,0.235852
10000,0.2,30,62,12.6000,0.235014
10000,0.2,30,63,12.8000,0.234540
10000,0.2,30,64,13.0000,0.235163
10000,0.2,30,65,13.2000,0.236798
10000,0.2,30,66,13.4000,0.231318
10000,0.2,30,67,13.6000,0.239927
10000,0.2,30,68,13.8000,0.250553
10000,0.2,30,69,14.0000,0.263626
10000,0.2,30,70,14.2000,0.273035
10000,0.2,30,71,14.4000,0.272072
10000,0.2,30,72,14.6000,0.258054
10000,0.2,30,73,14.8000,0.254427
10000,0.2,30,74,15.0000,0.250373
10000,0.2,30,75,15.2000,0.247769
10000,0.2,30,76,15.4000,0.247965
10000,0.2,30,77,15.6000,0.243840
10000,0.2,30,78,15.8000,0.235315
10000,0.2,30,79,16.0000,0.244826
10000,0.2,30,80,16.2000,0.239057
10000,0.2,30,81,16.4000,0.237239
10000,0.2,30,82,16.6000,0.238271
10000,0.2,30,83,16.8000,0.239821
10000,0.2,30,84,17.0000,0.242444
10000,0.2,30,85,17.2000,0.245740
10000,0.2,30,86,17.4000,0.237553
10000,0.2,30,87,17.6000,0.218351
10000,0.2,30,88,17.8000,0.221872
10000,0.2,30,89,18.0000,0.207423
10000,0.2,30,90,18.2000,0.201835
10000,0.2,30,91,18.4000,0.199339
10000,0.2,30,92,18.6000,0.189308
10000,0.2,30,93,18.8000,0.189229
10000,0.2,30,94,19.0000,0.190467
10000,0.2,30,95,19.2000,0.193222
10000,0.2,30,96,19.4000,0.197442
10000,0.2,30,97,19.6000,0.209439
10000,0.2,30,98,19.8000,0.221297
10000,0.2,30,99,20.0000,0.222006
10000,0.2,40,0,0.2000,2.195036
10000,0.2,40,1,0.4000,1.883908
10000,0.2,40,2,0.6000,2.268386
10000,0.2,40,3,0.8000,1.831267
10000,0.2,40,4,1.0000,1.182034
10000,0.2,40,5,1.2000,1.092831
10000,0.2,40,6,1.4000,1.080010
10000,0.2,40,7,1.6000,1.053637
10000,0.2,40,8,1.8000,1.040573
10000,0.2,40,9,2.0000,1.029149
10000,0.2,40,10,2.2000,1.187826
10000,0.2,40,11,2.4000,0.789318
10000,0.2,40,12,2.6000,0.783256
10000,0.2,40,13,2.8000,0.783243
10000,0.2,40,14,3.0000,0.764475
10000,0.2,40,15,3.2000,0.764776
10000,0.2,40,16,3.4000,0.766744
10000,0.2,40,17,3.6000,0.642613
10000,0.2,40,18,3.8000,0.241473
10000,0.2,40,19,4.0000,0.112112
10000,0.2,40,20,4.2000,0.113833
10000,0.2,40,21,4.4000,0.115846
10000,0.2,40,22,4.6000,0.119801
10000,0.2,40,23,4.8000,0.132648
10000,0.2,40,24,5.0000,0.143006
10000,0.2,40,25,5.2000,0.155561
10000,0.2,40,26,5.4000,0.170135
10000,0.2,40,27,5.6000,0.237128
10000,0.2,40,28,5.8000,0.250243
10000,0.2,40,29,6.0000,0.544863
10000,0.2,40,30,6.2000,0.512362
10000,0.2,40,31,6.4000,0.229460
10000,0.2,40,32,6.6000,0.213421
10000,0.2,40,33,6.8000,0.192225
10000,0.2,40,34,7.0000,0.170899
10000,0.2,40,35,7.2000,0.156328
10000,0.2,40,36,7.4000,0.153500
10000,0.2,40,37,7.6000,0.152461
10000,0.2,40,38,7.8000,0.163452
10000,0.2,40,39,8.0000,0.173739
10000,0.2,40,40,8.2000,0.171580
10000,0.2,40,41,8.4000,0.187623
10000,0.2,40,42,8.6000,0.171940
10000,0.2,40,43,8.8000,0.185097
10000,0.2,40,44,9.0000,0.192530
10000,0.2,40,45,9.2000,0.201867
10000,0.2,40,46,9.4000,0.182398
10000,0.2,40,47,9.6000,0.190116
10000,0.2,40,48,9.8000,0.190704
10000,0.2,40,49,10.0000,0.146132
10000,0.2,40,50,10.2000,0.113888
10000,0.2,40,51,10.4000,0.102685
10000,0.2,40,52,10.6000,0.111798
10000,0.2,40,53,10.8000,0.123040
10000,0.2,40,54,11.0000,0.135499
10000,0.2,40,55,11.2000,0.146397
10000,0.2,40,56,11.4000,0.160950
10000,0.2,40,57,11.6000,0.173602
10000,0.2,40,58,11.8000,0.189777
10000,0.2,40,59,12.0000,0.201253
10000,0.2,40,60,12.2000,0.168723
10000,0.2,40,61,12.4000,0.170022
10000,0.2,40,62,12.6000,0.144588
10000,0.2,40,63,12.8000,0.135450
10000,0.2,40,64,13.0000,0.126416
10000,0.2,40,65,13.2000,0.127467
10000,0.2,40,66,13.4000,0.126530
10000,0.2,40,67,13.6000,0.122602
10000,0.2,40,68,13.8000,0.118196
10000,0.2,40,69,14.0000,0.115979
10000,0.2,40,70,14.2000,0.115280
10000,0.2,40,71,14.4000,0.115484
10000,0.2,40,72,14.6000,0.112024
10000,0.2,40,73,14.8000,0.116412
10000,0.2,40,74,15.0000,0.112508
10000,0.2,40,75,15.2000,0.104160
10000,0.2,40,76,15.4000,0.103135
10000,0.2,40,77,15.6000,0.111299
10000,0.2,40,78,15.8000,0.123815
10000,0.2,40,79,16.0000,0.126531
10000,0.2,40,80,16.2000,0.124803
10000,0.2,40,81,16.4000,0.120035
10000,0.2,40,82,16.6000,0.118464
10000,0.2,40,83,16.8000,0.114449
10000,0.2,40,84,17.0000,0.114187
10000,0.2,40,85,17.2000,0.122886
10000,0.2,40,86,17.4000,0.126908
10000,0.2,40,87,17.6000,0.125632
10000,0.2,40,88,17.8000,0.120940
10000,0.2,40,89,18.0000,0.119822
10000,0.2,40,90,18.2000,0.122060
10000,0.2,40,91,18.4000,0.126010
10000,0.2,40,92,18.6000,0.118843
10000,0.2,40,93,18.8000,0.120099
10000,0.2,40,94,19.0000,0.125750
10000,0.2,40,95,19.2000,0.137062
10000,0.2,40,96,19.4000,0.147314
10000,0.2,40,97,19.6000,0.143764
10000,0.2,40,98,19.8000,0.146951
10000,0.2,40,99,20.0000,0.144092
10000,0.2,50,0,0.2000,2.287677
10000,0.2,50,1,0.4000,2.085601
10000,0.2,50,2,0.6000,1.887747
10000,0.2,50,3,0.8000,1.610746
10000,0.2,50,4,1.0000,1.625203
10000,0.2,50,5,1.2000,1.518581
10000,0.2,50,6,1.4000,1.366130
10000,0.2,50,7,1.6000,1.385452
10000,0.2,50,8,1.8000,1.025479
10000,0.2,50,9,2.0000,0.927790
10000,0.2,50,10,2.2000,1.028901
10000,0.2,50,11,2.4000,1.024055
10000,0.2,50,12,2.6000,1.006480
10000,0.2,50,13,2.8000,0.995469
10000,0.2,50,14,3.0000,0.813518
10000,0.2,50,15,3.2000,0.779963
10000,0.2,50,16,3.4000,0.498057
10000,0.2,50,17,3.6000,0.524725
10000,0.2,50,18,3.8000,0.835803
10000,0.2,50,19,4.0000,0.835140
10000,0.2,50,20,4.2000,0.824940
10000,0.2,50,21,4.4000,0.812080
10000,0.2,50,22,4.6000,0.805506
10000,0.2,50,23,4.8000,0.800357
10000,0.2,50,24,5.0000,0.791219
10000,0.2,50,25,5.2000,0.790126
10000,0.2,50,26,5.4000,0.916126
10000,0.2,50,27,5.6000,0.296372
10000,0.2,50,28,5.8000,0.297545
10000,0.2,50,29,6.0000,0.409678
10000,0.2,50,30,6.2000,0.345788
10000,0.2,50,31,6.4000,0.350072
10000,0.2,50,32,6.6000,0.311306
10000,0.2,50,33,6.8000,0.304369
10000,0.2,50,34,7.0000,0.288014
10000,0.2,50,35,7.2000,0.293021
10000,0.2,50,36,7.4000,0.300195
10000,0.2,50,37,7.6000,0.317347
10000,0.2,50,38,7.8000,0.331945
10000,0.2,50,39,8.0000,0.359528
10000,0.2,50,40,8.2000,0.387928
10000,0.2,50,41,8.4000,0.381758
10000,0.2,50,42,8.6000,0.365856
10000,0.2,50,43,8.8000,0.375710
10000,0.2,50,44,9.0000,0.373509
10000,0.2,50,45,9.2000,0.369694
10000,0.2,50,46,9.4000,0.385579
10000,0.2,50,47,9.6000,0.376501
10000,0.2,50,48,9.8000,0.394302
10000,0.2,50,49,10.0000,0.385207
10000,0.2,50,50,10.2000,0.380654
10000,0.2,50,51,10.4000,0.377129
10000,0.2,50,52,10.6000,0.366096
10000,0.2,50,53,10.8000,0.358657
10000,0.2,50,54,11.0000,0.350801
10000,0.2,50,55,11.2000,0.342983
10000,0.2,50,56,11.4000,0.346850
10000,0.2,50,57,11.6000,0.335969
10000,0.2,50,58,11.8000,0.332369
10000,0.2,50,59,12.0000,0.337684
10000,0.2,50,60,12.2000,0.333188
10000,0.2,50,61,12.4000,0.333422
10000,0.2,50,62,12.6000,0.332418
10000,0.2,50,63,12.8000,0.327009
10000,0.2,50,64,13.0000,0.322088
10000,0.2,50,65,13.2000,0.310534
10000,0.2,50,66,13.4000,0.301688
10000,0.2,50,67,13.6000,0.292986
10000,0.2,50,68,13.8000,0.292632
10000,0.2,50,69,14.0000,0.282753
10000,0.2,50,70,14.2000,0.279347
10000,0.2,50,71,14.4000,0.273230
10000,0.2,50,72,14.6000,0.262525
10000,0.2,50,73,14.8000,0.282090
10000,0.2,50,74,15.0000,0.280693
10000,0.2,50,75,15.2000,0.288070
10000,0.2,50,76,15.4000,0.286153
10000,0.2,50,77,15.6000,0.276946
10000,0.2,50,78,15.8000,0.270075
10000,0.2,50,79,16.0000,0.262344
10000,0.2,50,80,16.2000,0.252281
10000,0.2,50,81,16.4000,0.243987
10000,0.2,50,82,16.6000,0.237434
10000,0.2,50,83,16.8000,0.231408
10000,0.2,50,84,17.0000,0.225636
10000,0.2,50,85,17.2000,0.219547
10000,0.2,50,86,17.4000,0.211819
10000,0.2,50,87,17.6000,0.216742
10000,0.2,50,88,17.8000,0.211366
10000,0.2,50,89,18.0000,0.203596
10000,0.2,50,90,18.2000,0.198524
10000,0.2,50,91,18.4000,0.193817
10000,0.2,50,92,18.6000,0.186732
10000,0.2,50,93,18.8000,0.180742
10000,0.2,50,94,19.0000,0.178239
10000,0.2,50,95,19.2000,0.175908
10000,0.2,50,96,19.4000,0.171084
10000,0.2,50,97,19.6000,0.173695
10000,0.2,50,98,19.8000,0.174523
10000,0.2,50,99,20.0000,0.186788
10000,0.2,60,0,0.2000,2.309673
10000,0.2,60,1,0.4000,2.206169
10000,0.2,60,2,0.6000,2.337190
10000,0.2,60,3,0.8000,2.307251
10000,0.2,60,4,1.0000,1.409187
10000,0.2,60,5,1.2000,1.595033
10000,0.2,60,6,1.4000,1.354511
10000,0.2,60,7,1.6000,1.365508
10000,0.2,60,8,1.8000,1.012968
10000,0.2,60,9,2.0000,0.759167
10000,0.2,60,10,2.2000,0.582550
10000,0.2,60,11,2.4000,0.215826
10000,0.2,60,12,2.6000,0.276525
10000,0.2,60,13,2.8000,0.245657
10000,0.2,60,14,3.0000,0.260877
10000,0.2,60,15,3.2000,0.395815
10000,0.2,60,16,3.4000,0.411045
10000,0.2,60,17,3.6000,0.432030
10000,0.2,60,18,3.8000,0.436935
10000,0.2,60,19,4.0000,0.441037
10000,0.2,60,20,4.2000,0.447773
10000,0.2,60,21,4.4000,0.455287
10000,0.2,60,22,4.6000,0.459473
10000,0.2,60,23,4.8000,0.223029
10000,0.2,60,24,5.0000,0.229094
10000,0.2,60,25,5.2000,0.244434
10000,0.2,60,26,5.4000,0.239798
10000,0.2,60,27,5.6000,0.266841
10000,0.2,60,28,5.8000,0.288578
10000,0.2,60,29,6.0000,0.204425
10000,0.2,60,30,6.2000,0.230209
10000,0.2,60,31,6.4000,0.212897
10000,0.2,60,32,6.6000,0.206299
10000,0.2,60,33,6.8000,0.209975
10000,0.2,60,34,7.0000,0.196228
10000,0.2,60,35,7.2000,0.202119
10000,0.2,60,36,7.4000,0.169249
10000,0.2,60,37,7.6000,0.180219
10000,0.2,60,38,7.8000,0.193137
10000,0.2,60,39,8.0000,0.211208
10000,0.2,60,40,8.2000,0.214303
10000,0.2,60,41,8.4000,0.226073
10000,0.2,60,42,8.6000,0.236517
10000,0.2,60,43,8.8000,0.204260
10000,0.2,60,44,9.0000,0.197302
10000,0.2,60,45,9.2000,0.190290
10000,0.2,60,46,9.4000,0.208989
10000,0.2,60,47,9.6000,0.204196
10000,0.2,60,48,9.8000,0.194539
10000,0.2,60,49,10.0000,0.186788
10000,0.2,60,50,10.2000,0.181448
10000,0.2,60,51,10.4000,0.178246
10000,0.2,60,52,10.6000,0.179007
10000,0.2,60,53,10.8000,0.181746
10000,0.2,60,54,11.0000,0.192555
10000,0.2,60,55,11.2000,0.184491
10000,0.2,60,56,11.4000,0.183068
10000,0.2,60,57,11.6000,0.175881
10000,0.2,60,58,11.8000,0.168959
10000,0.2,60,59,12.0000,0.157401
10000,0.2,60,60,12.2000,0.155882
10000,0.2,60,61,12.4000,0.158739
10000,0.2,60,62,12.6000,0.157511
10000,0.2,60,63,12.8000,0.158998
10000,0.2,60,64,13.0000,0.156468
10000,0.2,60,65,13.2000,0.160535
10000,0.2,60,66,13.4000,0.165612
10000,0.2,60,67,13.6000,0.171551
10000,0.2,60,68,13.8000,0.177458
10000,0.2,60,69,14.0000,0.180054
10000,0.2,60,70,14.2000,0.181453
10000,0.2,60,71,14.4000,0.185682
10000,0.2,60,72,14.6000,0.186734
10000,0.2,60,73,14.8000,0.193668
10000,0.2,60,74,15.0000,0.198440
10000,0.2,60,75,15.2000,0.199878
10000,0.2,60,76,15.4000,0.204619
10000,0.2,60,77,15.6000,0.210535
10000,0.2,60,78,15.8000,0.200373
10000,0.2,60,79,16.0000,0.192668
10000,0.2,60,80,16.2000,0.183815
10000,0.2,60,81,16.4000,0.177601
10000,0.2,60,82,16.6000,0.178154
10000,0.2,60,83,16.8000,0.182390
10000,0.2,60,84,17.0000,0.180564
10000,0.2,60,85,17.2000,0.181676
10000,0.2,60,86,17.4000,0.181150
10000,0.2,60,87,17.6000,0.172789
10000,0.2,60,88,17.8000,0.168122
10000,0.2,60,89,18.0000,0.164556
10000,0.2,60,90,18.2000,0.160455
10000,0.2,60,91,18.4000,0.153172
10000,0.2,60,92,18.6000,0.151704
10000,0.2,60,93,18.8000,0.151147
10000,0.2,60,94,19.0000,0.155114
10000,0.2,60,95,19.2000,0.155739
10000,0.2,60,96,19.4000,0.159277
10000,0.2,60,97,19.6000,0.156909
10000,0.2,60,98,19.8000,0.153070
10000,0.2,60,99,20.0000,0.150722
10000,0.2,70,0,0.2000,2.533999
10000,0.2,70,1,0.4000,2.187453
10000,0.2,70,2,0.6000,2.526155
10000,0.2,70,3,0.8000,1.989276
10000,0.2,70,4,1.0000,1.940956
10000,0.2,70,5,1.2000,2.031769
10000,0.2,70,6,1.4000,1.360144
10000,0.2,70,7,1.6000,1.223779
10000,0.2,70,8,1.8000,1.232276
10000,0.2,70,9,2.0000,1.233442
10000,0.2,70,10,2.2000,1.239345
10000,0.2,70,11,2.4000,1.233183
10000,0.2,70,12,2.6000,1.243005
10000,0.2,70,13,2.8000,0.956113
10000,0.2,70,14,3.0000,0.338368
10000,0.2,70,15,3.2000,0.299361
10000,0.2,70,16,3.4000,0.500134
10000,0.2,70,17,3.6000,0.374672
10000,0.2,70,18,3.8000,0.363268
10000,0.2,70,19,4.0000,0.364589
10000,0.2,70,20,4.2000,0.201641
10000,0.2,70,21,4.4000,0.269601
10000,0.2,70,22,4.6000,0.333286
10000,0.2,70,23,4.8000,0.208236
10000,0.2,70,24,5.0000,0.186561
10000,0.2,70,25,5.2000,0.183430
10000,0.2,70,26,5.4000,0.178212
10000,0.2,70,27,5.6000,0.183824
10000,0.2,70,28,5.8000,0.186943
10000,0.2,70,29,6.0000,0.167170
10000,0.2,70,30,6.2000,0.192988
10000,0.2,70,31,6.4000,0.221210
10000,0.2,70,32,6.6000,0.220255
10000,0.2,70,33,6.8000,0.217804
10000,0.2,70,34,7.0000,0.217674
10000,0.2,70,35,7.2000,0.217632
10000,0.2,70,36,7.4000,0.208395
10000,0.2,70,37,7.6000,0.208409
10000,0.2,70,38,7.8000,0.209071
10000,0.2,70,39,8.0000,0.208731
10000,0.2,70,40,8.2000,0.200571
10000,0.2,70,41,8.4000,0.204186
10000,0.2,70,42,8.6000,0.199949
10000,0.2,70,43,8.8000,0.211913
10000,0.2,70,44,9.0000,0.220597
10000,0.2,70,45,9.2000,0.232143
10000,0.2,70,46,9.4000,0.240103
10000,0.2,70,47,9.6000,0.257827
10000,0.2,70,48,9.8000,0.257773
10000,0.2,70,49,10.0000,0.256604
10000,0.2,70,50,10.2000,0.239935
10000,0.2,70,51,10.4000,0.226170
10000,0.2,70,52,10.6000,0.220512
10000,0.2,70,53,10.8000,0.231412
10000,0.2,70,54,11.0000,0.235753
10000,0.2,70,55,11.2000,0.233707
10000,0.2,70,56,11.4000,0.238803
10000,0.2,70,57,11.6000,0.247927
10000,0.2,70,58,11.8000,0.258262
10000,0.2,70,59,12.0000,0.265598
10000,0.2,70,60,12.2000,0.262633
10000,0.2,70,61,12.4000,0.265776
10000,0.2,70,62,12.6000,0.268516
10000,0.2,70,63,12.8000,0.263282
10000,0.2,70,64,13.0000,0.257220
10000,0.2,70,65,13.2000,0.260371
10000,0.2,70,66,13.4000,0.253038
10000,0.2,70,67,13.6000,0.247978
10000,0.2,70,68,13.8000,0.243576
10000,0.2,70,69,14.0000,0.245002
10000,0.2,70,70,14.2000,0.240804
10000,0.2,70,71,14.4000,0.241520
10000,0.2,70,72,14.6000,0.242272
10000,0.2,70,73,14.8000,0.237945
10000,0.2,70,74,15.0000,0.239358
10000,0.2,70,75,15.2000,0.235860
10000,0.2,70,76,15.4000,0.234166
10000,0.2,70,77,15.6000,0.228467
10000,0.2,70,78,15.8000,0.224389
10000,0.2,70,79,16.0000,0.220740
10000,0.2,70,80,16.2000,0.217833
10000,0.2,70,81,16.4000,0.216863
10000,0.2,70,82,16.6000,0.214085
10000,0.2,70,83,16.8000,0.216144
10000,0.2,70,84,17.0000,0.212622
10000,0.2,70,85,17.2000,0.212439
10000,0.2,70,86,17.4000,0.209576
10000,0.2,70,87,17.6000,0.210771
10000,0.2,70,88,17.8000,0.210813
10000,0.2,70,89,18.0000,0.213363
10000,0.2,70,90,18.2000,0.215038
10000,0.2,70,91,18.4000,0.213737
10000,0.2,70,92,18.6000,0.214200
10000,0.2,70,93,18.8000,0.214462
10000,0.2,70,94,19.0000,0.213847
10000,0.2,70,95,19.2000,0.207896
10000,0.2,70,96,19.4000,0.203230
10000,0.2,70,97,19.6000,0.199195
10000,0.2,70,98,19.8000,0.199065
10000,0.2,70,99,20.0000,0.196507
10000,0.2,80,0,0.2000,2.524601
10000,0.2,80,1,0.4000,1.992257
10000,0.2,80,2,0.6000,2.229271
10000,0.2,80,3,0.8000,2.032214
10000,0.2,80,4,1.0000,2.048943
10000,0.2,80,5,1.2000,1.672018
10000,0.2,80,6,1.4000,0.935323
10000,0.2,80,7,1.6000,0.879062
10000,0.2,80,8,1.8000,0.862598
10000,0.2,80,9,2.0000,0.851218
10000,0.2,80,10,2.2000,0.844239
10000,0.2,80,11,2.4000,0.458717
10000,0.2,80,12,2.6000,0.468201
10000,0.2,80,13,2.8000,0.458191
10000,0.2,80,14,3.0000,0.527053
10000,0.2,80,15,3.2000,0.316668
10000,0.2,80,16,3.4000,0.310685
10000,0.2,80,17,3.6000,0.275020
10000,0.2,80,18,3.8000,0.534463
10000,0.2,80,19,4.0000,0.524074
10000,0.2,80,20,4.2000,0.510358
10000,0.2,80,21,4.4000,0.503169
10000,0.2,80,22,4.6000,0.305900
10000,0.2,80,23,4.8000,0.268650
10000,0.2,80,24,5.0000,0.321981
10000,0.2,80,25,5.2000,0.227345
10000,0.2,80,26,5.4000,0.229549
10000,0.2,80,27,5.6000,0.228691
10000,0.2,80,28,5.8000,0.248748
10000,0.2,80,29,6.0000,0.235411
10000,0.2,80,30,6.2000,0.219959
10000,0.2,80,31,6.4000,0.200100
10000,0.2,80,32,6.6000,0.186011
10000,0.2,80,33,6.8000,0.200544
10000,0.2,80,34,7.0000,0.209169
10000,0.2,80,35,7.2000,0.186720
10000,0.2,80,36,7.4000,0.212020
10000,0.2,80,37,7.6000,0.233319
10000,0.2,80,38,7.8000,0.224277
10000,0.2,80,39,8.0000,0.214752
10000,0.2,80,40,8.2000,0.239739
10000,0.2,80,41,8.4000,0.214572
10000,0.2,80,42,8.6000,0.215381
10000,0.2,80,43,8.8000,0.210289
10000,0.2,80,44,9.0000,0.193474
10000,0.2,80,45,9.2000,0.169127
10000,0.2,80,46,9.4000,0.175657
10000,0.2,80,47,9.6000,0.163186
10000,0.2,80,48,9.8000,0.148347
10000,0.2,80,49,10.0000,0.147169
10000,0.2,80,50,10.2000,0.136080
10000,0.2,80,51,10.4000,0.153435
10000,0.2,80,52,10.6000,0.163471
10000,0.2,80,53,10.8000,0.156717
10000,0.2,80,54,11.0000,0.161234
10000,0.2,80,55,11.2000,0.153599
10000,0.2,80,56,11.4000,0.148612
10000,0.2,80,57,11.6000,0.139686
10000,0.2,80,58,11.8000,0.128165
10000,0.2,80,59,12.0000,0.128239
10000,0.2,80,60,12.2000,0.137611
10000,0.2,80,61,12.4000,0.133209
10000,0.2,80,62,12.6000,0.161773
10000,0.2,80,63,12.8000,0.160702
10000,0.2,80,64,13.0000,0.153008
10000,0.2,80,65,13.2000,0.148711
10000,0.2,80,66,13.4000,0.140246
10000,0.2,80,67,13.6000,0.130740
10000,0.2,80,68,13.8000,0.122986
10000,0.2,80,69,14.0000,0.115494
10000,0.2,80,70,14.2000,0.109349
10000,0.2,80,71,14.4000,0.107255
10000,0.2,80,72,14.6000,0.114692
10000,0.2,80,73,14.8000,0.120922
10000,0.2,80,74,15.0000,0.117512
10000,0.2,80,75,15.2000,0.112020
10000,0.2,80,76,15.4000,0.108213
10000,0.2,80,77,15.6000,0.105831
10000,0.2,80,78,15.8000,0.122159
10000,0.2,80,79,16.0000,0.147993
10000,0.2,80,80,16.2000,0.145518
10000,0.2,80,81,16.4000,0.131614
10000,0.2,80,82,16.6000,0.124251
10000,0.2,80,83,16.8000,0.112867
10000,0.2,80,84,17.0000,0.111756
10000,0.2,80,85,17.2000,0.116604
10000,0.2,80,86,17.4000,0.107174
10000,0.2,80,87,17.6000,0.094910
10000,0.2,80,88,17.8000,0.085572
10000,0.2,80,89,18.0000,0.081143
10000,0.2,80,90,18.2000,0.093094
10000,0.2,80,91,18.4000,0.088352
10000,0.2,80,92,18.6000,0.088689
10000,0.2,80,93,18.8000,0.081232
10000,0.2,80,94,19.0000,0.073813
10000,0.2,80,95,19.2000,0.074505
10000,0.2,80,96,19.4000,0.075154
10000,0.2,80,97,19.6000,0.075897
10000,0.2,80,98,19.8000,0.086283
10000,0.2,80,99,20.0000,0.078909
10000,0.2,90,0,0.2000,2.119558
10000,0.2,90,1,0.4000,2.131432
10000,0.2,90,2,0.6000,1.609565
10000,0.2,90,3,0.8000,1.706192
10000,0.2,90,4,1.0000,1.712154
10000,0.2,90,5,1.2000,1.507342
10000,0.2,90,6,1.4000,1.385211
10000,0.2,90,7,1.6000,1.558394
10000,0.2,90,8,1.8000,1.318276
10000,0.2,90,9,2.0000,0.958149
10000,0.2,90,10,2.2000,0.951782
10000,0.2,90,11,2.4000,0.947868
10000,0.2,90,12,2.6000,0.873066
10000,0.2,90,13,2.8000,0.872387
10000,0.2,90,14,3.0000,0.870854
10000,0.2,90,15,3.2000,0.874656
10000,0.2,90,16,3.4000,0.399938
10000,0.2,90,17,3.6000,0.332522
10000,0.2,90,18,3.8000,0.227944
10000,0.2,90,19,4.0000,0.199164
10000,0.2,90,20,4.2000,0.296935
10000,0.2,90,21,4.4000,0.411905
10000,0.2,90,22,4.6000,0.557982
10000,0.2,90,23,4.8000,0.555404
10000,0.2,90,24,5.0000,0.555418
10000,0.2,90,25,5.2000,0.622314
10000,0.2,90,26,5.4000,0.276195
10000,0.2,90,27,5.6000,0.321263
10000,0.2,90,28,5.8000,0.238005
10000,0.2,90,29,6.0000,0.188712
10000,0.2,90,30,6.2000,0.169511
10000,0.2,90,31,6.4000,0.164975
10000,0.2,90,32,6.6000,0.172793
10000,0.2,90,33,6.8000,0.178002
10000,0.2,90,34,7.0000,0.166296
10000,0.2,90,35,7.2000,0.170917
10000,0.2,90,36,7.4000,0.169752
10000,0.2,90,37,7.6000,0.173222
10000,0.2,90,38,7.8000,0.176459
10000,0.2,90,39,8.0000,0.177572
10000,0.2,90,40,8.2000,0.183907
10000,0.2,90,41,8.4000,0.182690
10000,0.2,90,42,8.6000,0.181844
10000,0.2,90,43,8.8000,0.179528
10000,0.2,90,44,9.0000,0.180078
10000,0.2,90,45,9.2000,0.181353
10000,0.2,90,46,9.4000,0.185713
10000,0.2,90,47,9.6000,0.190530
10000,0.2,90,48,9.8000,0.192664
10000,0.2,90,49,10.0000,0.189996
10000,0.2,90,50,10.2000,0.201277
10000,0.2,90,51,10.4000,0.189878
10000,0.2,90,52,10.6000,0.193474
10000,0.2,90,53,10.8000,0.204440
10000,0.2,90,54,11.0000,0.207215
10000,0.2,90,55,11.2000,0.216944
10000,0.2,90,56,11.4000,0.226831
10000,0.2,90,57,11.6000,0.229518
10000,0.2,90,58,11.8000,0.228222
10000,0.2,90,59,12.0000,0.222591
10000,0.2,90,60,12.2000,0.209651
10000,0.2,90,61,12.4000,0.206983
10000,0.2,90,62,12.6000,0.210646
10000,0.2,90,63,12.8000,0.194858
10000,0.2,90,64,13.0000,0.202414
10000,0.2,90,65,13.2000,0.208950
10000,0.2,90,66,13.4000,0.206875
10000,0.2,90,67,13.6000,0.207241
10000,0.2,90,68,13.8000,0.207187
10000,0.2,90,69,14.0000,0.211019
10000,0.2,90,70,14.2000,0.213964
10000,0.2,90,71,14.4000,0.215516
10000,0.2,90,72,14.6000,0.220380
10000,0.2,90,73,14.8000,0.200648
10000,0.2,90,74,15.0000,0.202114
10000,0.2,90,75,15.2000,0.206716
10000,0.2,90,76,15.4000,0.210562
10000,0.2,90,77,15.6000,0.214702
10000,0.2,90,78,15.8000,0.214672
10000,0.2,90,79,16.0000,0.220826
10000,0.2,90,80,16.2000,0.222627
10000,0.2,90,81,16.4000,0.209029
10000,0.2,90,82,16.6000,0.216022
10000,0.2,90,83,16.8000,0.209462
10000,0.2,90,84,17.0000,0.185739
10000,0.2,90,85,17.2000,0.187229
10000,0.2,90,86,17.4000,0.194700
10000,0.2,90,87,17.6000,0.197276
10000,0.2,90,88,17.8000,0.195301
10000,0.2,90,89,18.0000,0.178397
10000,0.2,90,90,18.2000,0.176201
10000,0.2,90,91,18.4000,0.179073
10000,0.2,90,92,18.6000,0.177011
10000,0.2,90,93,18.8000,0.161810
10000,0.2,90,94,19.0000,0.161833
10000,0.2,90,95,19.2000,0.165976
10000,0.2,90,96,19.4000,0.168919
10000,0.2,90,97,19.6000,0.171526
10000,0.2,90,98,19.8000,0.164745
10000,0.2,90,99,20.0000,0.167319
10000,0.5,10,0,0.2000,2.284772
10000,0.5,10,1,0.4000,2.192516
10000,0.5,10,2,0.6000,2.098674
10000,0.5,10,3,0.8000,2.123946
10000,0.5,10,4,1.0000,2.162889
10000,0.5,10,5,1.2000,1.874350
10000,0.5,10,6,1.4000,1.726508
10000,0.5,10,7,1.6000,1.549876
10000,0.5,10,8,1.8000,1.509680
10000,0.5,10,9,2.0000,1.324526
10000,0.5,10,10,2.2000,1.178387
10000,0.5,10,11,2.4000,1.156813
10000,0.5,10,12,2.6000,1.138288
10000,0.5,10,13,2.8000,1.142108
10000,0.5,10,14,3.0000,1.146692
10000,0.5,10,15,3.2000,1.151837
10000,0.5,10,16,3.4000,0.993507
10000,0.5,10,17,3.6000,0.908715
10000,0.5,10,18,3.8000,0.531945
10000,0.5,10,19,4.0000,0.233316
10000,0.5,10,20,4.2000,0.386980
10000,0.5,10,21,4.4000,0.352562
10000,0.5,10,22,4.6000,0.282127
10000,0.5,10,23,4.8000,0.291194
10000,0.5,10,24,5.0000,0.303507
10000,0.5,10,25,5.2000,0.325628
10000,0.5,10,26,5.4000,0.339148
10000,0.5,10,27,5.6000,0.310554
10000,0.5,10,28,5.8000,0.336806
10000,0.5,10,29,6.0000,0.389024
10000,0.5,10,30,6.2000,0.299293
10000,0.5,10,31,6.4000,0.261494
10000,0.5,10,32,6.6000,0.266704
10000,0.5,10,33,6.8000,0.273526
10000,0.5,10,34,7.0000,0.281076
10000,0.5,10,35,7.2000,0.295578
10000,0.5,10,36,7.4000,0.301595
10000,0.5,10,37,7.6000,0.338569
10000,0.5,10,38,7.8000,0.365874
10000,0.5,10,39,8.0000,0.423447
10000,0.5,10,40,8.2000,0.384565
10000,0.5,10,41,8.4000,0.362156
10000,0.5,10,42,8.6000,0.349271
10000,0.5,10,43,8.8000,0.329492
10000,0.5,10,44,9.0000,0.324469
10000,0.5,10,45,9.2000,0.307969
10000,0.5,10,46,9.4000,0.295960
10000,0.5,10,47,9.6000,0.282915
10000,0.5,10,48,9.8000,0.276055
10000,0.5,10,49,10.0000,0.278565
10000,0.5,10,50,10.2000,0.268868
10000,0.5,10,51,10.4000,0.259736
10000,0.5,10,52,10.6000,0.249561
10000,0.5,10,53,10.8000,0.253365
10000,0.5,10,54,11.0000,0.246867
10000,0.5,10,55,11.2000,0.241220
10000,0.5,10,56,11.4000,0.238208
10000,0.5,10,57,11.6000,0.230753
10000,0.5,10,58,11.8000,0.236594
10000,0.5,10,59,12.0000,0.241798
10000,0.5,10,60,12.2000,0.252325
10000,0.5,10,61,12.4000,0.258576
10000,0.5,10,62,12.6000,0.266002
10000,0.5,10,63,12.8000,0.265271
10000,0.5,10,64,13.0000,0.261763
10000,0.5,10,65,13.2000,0.253210
10000,0.5,10,66,13.4000,0.245855
10000,0.5,10,67,13.6000,0.244420
10000,0.5,10,68,13.8000,0.238989
10000,0.5,10,69,14.0000,0.231373
10000,0.5,10,70,14.2000,0.226407
10000,0.5,10,71,14.4000,0.221141
10000,0.5,10,72,14.6000,0.217116
10000,0.5,10,73,14.8000,0.213635
10000,0.5,10,74,15.0000,0.200750
10000,0.5,10,75,15.2000,0.199957
10000,0.5,10,76,15.4000,0.198777
10000,0.5,10,77,15.6000,0.184751
10000,0.5,10,78,15.8000,0.188740
10000,0.5,10,79,16.0000,0.184724
10000,0.5,10,80,16.2000,0.182838
10000,0.5,10,81,16.4000,0.182312
10000,0.5,10,82,16.6000,0.163808
10000,0.5,10,83,16.8000,0.156619
10000,0.5,10,84,17.0000,0.156018
10000,0.5,10,85,17.2000,0.155753
10000,0.5,10,86,17.4000,0.152545
10000,0.5,10,87,17.6000,0.148377
10000,0.5,10,88,17.8000,0.146081
10000,0.5,10,89,18.0000,0.140959
10000,0.5,10,90,18.2000,0.136732
10000,0.5,10,91,18.4000,0.133351
10000,0.5,10,92,18.6000,0.130853
10000,0.5,10,93,18.8000,0.137416
10000,0.5,10,94,19.0000,0.135810
10000,0.5,10,95,19.2000,0.134133
10000,0.5,10,96,19.4000,0.132862
10000,0.5,10,97,19.6000,0.128952
10000,0.5,10,98,19.8000,0.130384
10000,0.5,10,99,20.0000,0.124864
10000,0.5,100,0,0.2000,2.546300
10000,0.5,100,1,0.4000,2.388754
10000,0.5,100,2,0.6000,1.703417
10000,0.5,100,3,0.8000,1.395916
10000,0.5,100,4,1.0000,1.964664
10000,0.5,100,5,1.2000,1.821399
10000,0.5,100,6,1.4000,1.829959
10000,0.5,100,7,1.6000,1.836746
10000,0.5,100,8,1.8000,1.479079
10000,0.5,100,9,2.0000,1.182389
10000,0.5,100,10,2.2000,1.249248
10000,0.5,100,11,2.4000,1.108148
10000,0.5,100,12,2.6000,0.573676
10000,0.5,100,13,2.8000,0.591883
10000,0.5,100,14,3.0000,0.602808
10000,0.5,100,15,3.2000,0.613229
10000,0.5,100,16,3.4000,0.530566
10000,0.5,100,17,3.6000,0.483705
10000,0.5,100,18,3.8000,0.421382
10000,0.5,100,19,4.0000,0.376772
10000,0.5,100,20,4.2000,0.369809
10000,0.5,100,21,4.4000,0.416704
10000,0.5,100,22,4.6000,0.607169
10000,0.5,100,23,4.8000,0.245249
10000,0.5,100,24,5.0000,0.183033
10000,0.5,100,25,5.2000,0.181495
10000,0.5,100,26,5.4000,0.161873
10000,0.5,100,27,5.6000,0.172286
10000,0.5,100,28,5.8000,0.175843
10000,0.5,100,29,6.0000,0.192298
10000,0.5,100,30,6.2000,0.208204
10000,0.5,100,31,6.4000,0.228700
10000,0.5,100,32,6.6000,0.220694
10000,0.5,100,33,6.8000,0.204474
10000,0.5,100,34,7.0000,0.216828
10000,0.5,100,35,7.2000,0.232139
10000,0.5,100,36,7.4000,0.212896
10000,0.5,100,37,7.6000,0.219954
10000,0.5,100,38,7.8000,0.243442
10000,0.5,100,39,8.0000,0.224862
10000,0.5,100,40,8.2000,0.235635
10000,0.5,100,41,8.4000,0.253072
10000,0.5,100,42,8.6000,0.264485
10000,0.5,100,43,8.8000,0.281818
10000,0.5,100,44,9.0000,0.233974
10000,0.5,100,45,9.2000,0.222046
10000,0.5,100,46,9.4000,0.240773
10000,0.5,100,47,9.6000,0.238434
10000,0.5,100,48,9.8000,0.243946
10000,0.5,100,49,10.0000,0.241721
10000,0.5,100,50,10.2000,0.243147
10000,0.5,100,51,10.4000,0.229574
10000,0.5,100,52,10.6000,0.223443
10000,0.5,100,53,10.8000,0.231489
10000,0.5,100,54,11.0000,0.239991
10000,0.5,100,55,11.2000,0.246623
10000,0.5,100,56,11.4000,0.250037
10000,0.5,100,57,11.6000,0.251774
10000,0.5,100,58,11.8000,0.239850
10000,0.5,100,59,12.0000,0.240512
10000,0.5,100,60,12.2000,0.252053
10000,0.5,100,61,12.4000,0.252632
10000,0.5,100,62,12.6000,0.249212
10000,0.5,100,63,12.8000,0.255405
10000,0.5,100,64,13.0000,0.242058
10000,0.5,100,65,13.2000,0.250958
10000,0.5,100,66,13.4000,0.252508
10000,0.5,100,67,13.6000,0.248397
10000,0.5,100,68,13.8000,0.235128
10000,0.5,100,69,14.0000,0.208688
10000,0.5,100,70,14.2000,0.203761
10000,0.5,100,71,14.4000,0.209260
10000,0.5,100,72,14.6000,0.212096
10000,0.5,100,73,14.8000,0.210555
10000,0.5,100,74,15.0000,0.220046
10000,0.5,100,75,15.2000,0.211170
10000,0.5,100,76,15.4000,0.212196
10000,0.5,100,77,15.6000,0.221033
10000,0.5,100,78,15.8000,0.227538
10000,0.5,100,79,16.0000,0.228290
10000,0.5,100,80,16.2000,0.219293
10000,0.5,100,81,16.4000,0.212185
10000,0.5,100,82,16.6000,0.198068
10000,0.5,100,83,16.8000,0.198243
10000,0.5,100,84,17.0000,0.202537
10000,0.5,100,85,17.2000,0.198307
10000,0.5,100,86,17.4000,0.202695
10000,0.5,100,87,17.6000,0.206333
10000,0.5,100,88,17.8000,0.212082
10000,0.5,100,89,18.0000,0.208175
10000,0.5,100,90,18.2000,0.210329
10000,0.5,100,91,18.4000,0.192451
10000,0.5,100,92,18.6000,0.193583
10000,0.5,100,93,18.8000,0.191949
10000,0.5,100,94,19.0000,0.196456
10000,0.5,100,95,19.2000,0.202509
10000,0.5,100,96,19.4000,0.208462
10000,0.5,100,97,19.6000,0.199637
10000,0.5,100,98,19.8000,0.203274
10000,0.5,100,99,20.0000,0.207638
10000,0.5,20,0,0.2000,2.305447
10000,0.5,20,1,0.4000,2.286361
10000,0.5,20,2,0.6000,2.436607
10000,0.5,20,3,0.8000,1.851326
10000,0.5,20,4,1.0000,1.808139
10000,0.5,20,5,1.2000,1.735626
10000,0.5,20,6,1.4000,1.577169
10000,0.5,20,7,1.6000,1.420511
10000,0.5,20,8,1.8000,1.404094
10000,0.5,20,9,2.0000,1.471038
10000,0.5,20,10,2.2000,1.470795
10000,0.5,20,11,2.4000,1.422991
10000,0.5,20,12,2.6000,1.211012
10000,0.5,20,13,2.8000,0.973921
10000,0.5,20,14,3.0000,0.536292
10000,0.5,20,15,3.2000,0.520022
10000,0.5,20,16,3.4000,0.434285
10000,0.5,20,17,3.6000,0.376365
10000,0.5,20,18,3.8000,0.429455
10000,0.5,20,19,4.0000,0.599426
10000,0.5,20,20,4.2000,0.913210
10000,0.5,20,21,4.4000,0.396428
10000,0.5,20,22,4.6000,0.373782
10000,0.5,20,23,4.8000,0.357221
10000,0.5,20,24,5.0000,0.320573
10000,0.5,20,25,5.2000,0.298877
10000,0.5,20,26,5.4000,0.284549
10000,0.5,20,27,5.6000,0.280058
10000,0.5,20,28,5.8000,0.271437
10000,0.5,20,29,6.0000,0.266563
10000,0.5,20,30,6.2000,0.263294
10000,0.5,20,31,6.4000,0.264449
10000,0.5,20,32,6.6000,0.261426
10000,0.5,20,33,6.8000,0.264947
10000,0.5,20,34,7.0000,0.269674
10000,0.5,20,35,7.2000,0.254210
10000,0.5,20,36,7.4000,0.285998
10000,0.5,20,37,7.6000,0.298540
10000,0.5,20,38,7.8000,0.298399
10000,0.5,20,39,8.0000,0.304722
10000,0.5,20,40,8.2000,0.330428
10000,0.5,20,41,8.4000,0.312049
10000,0.5,20,42,8.6000,0.310742
10000,0.5,20,43,8.8000,0.306387
10000,0.5,20,44,9.0000,0.294707
10000,0.5,20,45,9.2000,0.308044
10000,0.5,20,46,9.4000,0.315310
10000,0.5,20,47,9.6000,0.316827
10000,0.5,20,48,9.8000,0.318743
10000,0.5,20,49,10.0000,0.313133
10000,0.5,20,50,10.2000,0.299216
10000,0.5,20,51,10.4000,0.298983
10000,0.5,20,52,10.6000,0.301118
10000,0.5,20,53,10.8000,0.303759
10000,0.5,20,54,11.0000,0.306492
10000,0.5,20,55,11.2000,0.310857
10000,0.5,20,56,11.4000,0.309721
10000,0.5,20,57,11.6000,0.302441
10000,0.5,20,58,11.8000,0.285417
10000,0.5,20,59,12.0000,0.259977
10000,0.5,20,60,12.2000,0.263167
10000,0.5,20,61,12.4000,0.258081
10000,0.5,20,62,12.6000,0.258953
10000,0.5,20,63,12.8000,0.263014
10000,0.5,20,64,13.0000,0.255922
10000,0.5,20,65,13.2000,0.250589
10000,0.5,20,66,13.4000,0.248708
10000,0.5,20,67,13.6000,0.243679
10000,0.5,20,68,13.8000,0.235565
10000,0.5,20,69,14.0000,0.218883
10000,0.5,20,70,14.2000,0.221595
10000,0.5,20,71,14.4000,0.217529
10000,0.5,20,72,14.6000,0.221134
10000,0.5,20,73,14.8000,0.226582
10000,0.5,20,74,15.0000,0.220203
10000,0.5,20,75,15.2000,0.232898
10000,0.5,20,76,15.4000,0.238714
10000,0.5,20,77,15.6000,0.236733
10000,0.5,20,78,15.8000,0.243132
10000,0.5,20,79,16.0000,0.225578
10000,0.5,20,80,16.2000,0.228407
10000,0.5,20,81,16.4000,0.232253
10000,0.5,20,82,16.6000,0.237566
10000,0.5,20,83,16.8000,0.241027
10000,0.5,20,84,17.0000,0.222609
10000,0.5,20,85,17.2000,0.227721
10000,0.5,20,86,17.4000,0.218652
10000,0.5,20,87,17.6000,0.222425
10000,0.5,20,88,17.8000,0.216207
10000,0.5,20,89,18.0000,0.206694
10000,0.5,20,90,18.2000,0.210803
10000,0.5,20,91,18.4000,0.212494
10000,0.5,20,92,18.6000,0.214681
10000,0.5,20,93,18.8000,0.220710
10000,0.5,20,94,19.0000,0.223812
10000,0.5,20,95,19.2000,0.212240
10000,0.5,20,96,19.4000,0.217344
10000,0.5,20,97,19.6000,0.221925
10000,0.5,20,98,19.8000,0.225121
10000,0.5,20,99,20.0000,0.219965
10000,0.5,30,0,0.2000,2.513348
10000,0.5,30,1,0.4000,1.954659
10000,0.5,30,2,0.6000,1.836777
10000,0.5,30,3,0.8000,1.684026
10000,0.5,30,4,1.0000,1.631767
10000,0.5,30,5,1.2000,1.560374
10000,0.5,30,6,1.4000,1.480183
10000,0.5,30,7,1.6000,1.455259
10000,0.5,30,8,1.8000,1.441859
10000,0.5,30,9,2.0000,1.437873
10000,0.5,30,10,2.2000,1.436192
10000,0.5,30,11,2.4000,1.440148
10000,0.5,30,12,2.6000,1.333762
10000,0.5,30,13,2.8000,1.337799
10000,0.5,30,14,3.0000,1.150843
10000,0.5,30,15,3.2000,0.992975
10000,0.5,30,16,3.4000,0.291208
10000,0.5,30,17,3.6000,0.236116
10000,0.5,30,18,3.8000,0.251402
10000,0.5,30,19,4.0000,0.244059
10000,0.5,30,20,4.2000,0.237778
10000,0.5,30,21,4.4000,0.339675
10000,0.5,30,22,4.6000,0.842054
10000,0.5,30,23,4.8000,0.261562
10000,0.5,30,24,5.0000,0.495749
10000,0.5,30,25,5.2000,0.629533
10000,0.5,30,26,5.4000,0.572523
10000,0.5,30,27,5.6000,0.407346
10000,0.5,30,28,5.8000,0.361256
10000,0.5,30,29,6.0000,0.356081
10000,0.5,30,30,6.2000,0.325545
10000,0.5,30,31,6.4000,0.381146
10000,0.5,30,32,6.6000,0.372128
10000,0.5,30,33,6.8000,0.338758
10000,0.5,30,34,7.0000,0.319938
10000,0.5,30,35,7.2000,0.307723
10000,0.5,30,36,7.4000,0.279897
10000,0.5,30,37,7.6000,0.296739
10000,0.5,30,38,7.8000,0.300047
10000,0.5,30,39,8.0000,0.282095
10000,0.5,30,40,8.2000,0.258180
10000,0.5,30,41,8.4000,0.235518
10000,0.5,30,42,8.6000,0.211917
10000,0.5,30,43,8.8000,0.190024
10000,0.5,30,44,9.0000,0.169569
10000,0.5,30,45,9.2000,0.149936
10000,0.5,30,46,9.4000,0.133169
10000,0.5,30,47,9.6000,0.129366
10000,0.5,30,48,9.8000,0.132456
10000,0.5,30,49,10.0000,0.141202
10000,0.5,30,50,10.2000,0.166302
10000,0.5,30,51,10.4000,0.184191
10000,0.5,30,52,10.6000,0.197218
10000,0.5,30,53,10.8000,0.175568
10000,0.5,30,54,11.0000,0.154305
10000,0.5,30,55,11.2000,0.147171
10000,0.5,30,56,11.4000,0.138718
10000,0.5,30,57,11.6000,0.123358
10000,0.5,30,58,11.8000,0.111601
10000,0.5,30,59,12.0000,0.100185
10000,0.5,30,60,12.2000,0.092936
10000,0.5,30,61,12.4000,0.096356
10000,0.5,30,62,12.6000,0.093773
10000,0.5,30,63,12.8000,0.086310
10000,0.5,30,64,13.0000,0.093576
10000,0.5,30,65,13.2000,0.092537
10000,0.5,30,66,13.4000,0.086282
10000,0.5,30,67,13.6000,0.082111
10000,0.5,30,68,13.8000,0.092688
10000,0.5,30,69,14.0000,0.090476
10000,0.5,30,70,14.2000,0.089320
10000,0.5,30,71,14.4000,0.105290
10000,0.5,30,72,14.6000,0.106286
10000,0.5,30,73,14.8000,0.103891
10000,0.5,30,74,15.0000,0.116014
10000,0.5,30,75,15.2000,0.113329
10000,0.5,30,76,15.4000,0.112572
10000,0.5,30,77,15.6000,0.109728
10000,0.5,30,78,15.8000,0.106425
10000,0.5,30,79,16.0000,0.101409
10000,0.5,30,80,16.2000,0.094186
10000,0.5,30,81,16.4000,0.089344
10000,0.5,30,82,16.6000,0.103284
10000,0.5,30,83,16.8000,0.112832
10000,0.5,30,84,17.0000,0.134981
10000,0.5,30,85,17.2000,0.134959
10000,0.5,30,86,17.4000,0.131783
10000,0.5,30,87,17.6000,0.146754
10000,0.5,30,88,17.8000,0.142260
10000,0.5,30,89,18.0000,0.137266
10000,0.5,30,90,18.2000,0.143534
10000,0.5,30,91,18.4000,0.139610
10000,0.5,30,92,18.6000,0.137206
10000,0.5,30,93,18.8000,0.133622
10000,0.5,30,94,19.0000,0.132123
10000,0.5,30,95,19.2000,0.131538
10000,0.5,30,96,19.4000,0.132368
10000,0.5,30,97,19.6000,0.132180
10000,0.5,30,98,19.8000,0.138567
10000,0.5,30,99,20.0000,0.143140
10000,0.5,40,0,0.2000,2.554428
10000,0.5,40,1,0.4000,2.360950
10000,0.5,40,2,0.6000,1.867840
10000,0.5,40,3,0.8000,1.788531
10000,0.5,40,4,1.0000,1.322167
10000,0.5,40,5,1.2000,1.228814
10000,0.5,40,6,1.4000,1.170968
10000,0.5,40,7,1.6000,0.960105
10000,0.5,40,8,1.8000,0.680739
10000,0.5,40,9,2.0000,0.589309
10000,0.5,40,10,2.2000,0.461638
10000,0.5,40,11,2.4000,0.420004
10000,0.5,40,12,2.6000,0.391911
10000,0.5,40,13,2.8000,0.369629
10000,0.5,40,14,3.0000,0.254415
10000,0.5,40,15,3.2000,0.256484
10000,0.5,40,16,3.4000,0.302686
10000,0.5,40,17,3.6000,0.451917
10000,0.5,40,18,3.8000,0.639410
10000,0.5,40,19,4.0000,0.762526
10000,0.5,40,20,4.2000,0.746751
10000,0.5,40,21,4.4000,0.906609
10000,0.5,40,22,4.6000,0.808881
10000,0.5,40,23,4.8000,0.446421
10000,0.5,40,24,5.0000,0.376926
10000,0.5,40,25,5.2000,0.338727
10000,0.5,40,26,5.4000,0.316098
10000,0.5,40,27,5.6000,0.307890
10000,0.5,40,28,5.8000,0.307987
10000,0.5,40,29,6.0000,0.303537
10000,0.5,40,30,6.2000,0.291885
10000,0.5,40,31,6.4000,0.259188
10000,0.5,40,32,6.6000,0.262450
10000,0.5,40,33,6.8000,0.270877
10000,0.5,40,34,7.0000,0.263330
10000,0.5,40,35,7.2000,0.285411
10000,0.5,40,36,7.4000,0.285931
10000,0.5,40,37,7.6000,0.276251
10000,0.5,40,38,7.8000,0.277937
10000,0.5,40,39,8.0000,0.274470
10000,0.5,40,40,8.2000,0.276296
10000,0.5,40,41,8.4000,0.293601
10000,0.5,40,42,8.6000,0.288962
10000,0.5,40,43,8.8000,0.285210
10000,0.5,40,44,9.0000,0.282541
10000,0.5,40,45,9.2000,0.286733
10000,0.5,40,46,9.4000,0.284670
10000,0.5,40,47,9.6000,0.298497
10000,0.5,40,48,9.8000,0.296186
10000,0.5,40,49,10.0000,0.292742
10000,0.5,40,50,10.2000,0.297087
10000,0.5,40,51,10.4000,0.326580
10000,0.5,40,52,10.6000,0.327193
10000,0.5,40,53,10.8000,0.334517
10000,0.5,40,54,11.0000,0.322781
10000,0.5,40,55,11.2000,0.302374
10000,0.5,40,56,11.4000,0.290935
10000,0.5,40,57,11.6000,0.271346
10000,0.5,40,58,11.8000,0.261215
10000,0.5,40,59,12.0000,0.242107
10000,0.5,40,60,12.2000,0.246801
10000,0.5,40,61,12.4000,0.267416
10000,0.5,40,62,12.6000,0.283430
10000,0.5,40,63,12.8000,0.280086
10000,0.5,40,64,13.0000,0.276645
10000,0.5,40,65,13.2000,0.281099
10000,0.5,40,66,13.4000,0.279462
10000,0.5,40,67,13.6000,0.301762
10000,0.5,40,68,13.8000,0.282387
10000,0.5,40,69,14.0000,0.265081
10000,0.5,40,70,14.2000,0.254447
10000,0.5,40,71,14.4000,0.244501
10000,0.5,40,72,14.6000,0.236541
10000,0.5,40,73,14.8000,0.253464
10000,0.5,40,74,15.0000,0.248730
10000,0.5,40,75,15.2000,0.276095
10000,0.5,40,76,15.4000,0.271467
10000,0.5,40,77,15.6000,0.267474
10000,0.5,40,78,15.8000,0.272555
10000,0.5,40,79,16.0000,0.277609
10000,0.5,40,80,16.2000,0.274470
10000,0.5,40,81,16.4000,0.260349
10000,0.5,40,82,16.6000,0.250480
10000,0.5,40,83,16.8000,0.239965
10000,0.5,40,84,17.0000,0.249156
10000,0.5,40,85,17.2000,0.245691
10000,0.5,40,86,17.4000,0.252954
10000,0.5,40,87,17.6000,0.248925
10000,0.5,40,88,17.8000,0.245384
10000,0.5,40,89,18.0000,0.246990
10000,0.5,40,90,18.2000,0.243996
10000,0.5,40,91,18.4000,0.242645
10000,0.5,40,92,18.6000,0.248948
10000,0.5,40,93,18.8000,0.246307
10000,0.5,40,94,19.0000,0.249753
10000,0.5,40,95,19.2000,0.248043
10000,0.5,40,96,19.4000,0.245858
10000,0.5,40,97,19.6000,0.250638
10000,0.5,40,98,19.8000,0.251037
10000,0.5,40,99,20.0000,0.248920
10000,0.5,50,0,0.2000,2.205273
10000,0.5,50,1,0.4000,1.877269
10000,0.5,50,2,0.6000,1.606868
10000,0.5,50,3,0.8000,1.344932
10000,0.5,50,4,1.0000,1.339218
10000,0.5,50,5,1.2000,1.245365
10000,0.5,50,6,1.4000,1.246542
10000,0.5,50,7,1.6000,1.233378
10000,0.5,50,8,1.8000,1.249130
10000,0.5,50,9,2.0000,1.243691
10000,0.5,50,10,2.2000,1.223443
10000,0.5,50,11,2.4000,1.199191
10000,0.5,50,12,2.6000,1.188596
10000,0.5,50,13,2.8000,1.147826
10000,0.5,50,14,3.0000,1.143114
10000,0.5,50,15,3.2000,0.865878
10000,0.5,50,16,3.4000,0.739405
10000,0.5,50,17,3.6000,1.275788
10000,0.5,50,18,3.8000,1.283307
10000,0.5,50,19,4.0000,0.956643
10000,0.5,50,20,4.2000,0.921419
10000,0.5,50,21,4.4000,0.917549
10000,0.5,50,22,4.6000,0.915493
10000,0.5,50,23,4.8000,0.912805
10000,0.5,50,24,5.0000,0.767446
10000,0.5,50,25,5.2000,0.559990
10000,0.5,50,26,5.4000,0.431653
10000,0.5,50,27,5.6000,0.428295
10000,0.5,50,28,5.8000,0.424788
10000,0.5,50,29,6.0000,0.281490
10000,0.5,50,30,6.2000,0.199044
10000,0.5,50,31,6.4000,0.160290
10000,0.5,50,32,6.6000,0.185610
10000,0.5,50,33,6.8000,0.205552
10000,0.5,50,34,7.0000,0.156672
10000,0.5,50,35,7.2000,0.180967
10000,0.5,50,36,7.4000,0.138498
10000,0.5,50,37,7.6000,0.131952
10000,0.5,50,38,7.8000,0.144324
10000,0.5,50,39,8.0000,0.147196
10000,0.5,50,40,8.2000,0.142887
10000,0.5,50,41,8.4000,0.157963
10000,0.5,50,42,8.6000,0.165138
10000,0.5,50,43,8.8000,0.184823
10000,0.5,50,44,9.0000,0.208878
10000,0.5,50,45,9.2000,0.219120
10000,0.5,50,46,9.4000,0.230740
10000,0.5,50,47,9.6000,0.225074
10000,0.5,50,48,9.8000,0.221874
10000,0.5,50,49,10.0000,0.218765
10000,0.5,50,50,10.2000,0.214694
10000,0.5,50,51,10.4000,0.201699
10000,0.5,50,52,10.6000,0.172632
10000,0.5,50,53,10.8000,0.146365
10000,0.5,50,54,11.0000,0.141751
10000,0.5,50,55,11.2000,0.138055
10000,0.5,50,56,11.4000,0.137098
10000,0.5,50,57,11.6000,0.129941
10000,0.5,50,58,11.8000,0.125214
10000,0.5,50,59,12.0000,0.133935
10000,0.5,50,60,12.2000,0.133200
10000,0.5,50,61,12.4000,0.138086
10000,0.5,50,62,12.6000,0.138213
10000,0.5,50,63,12.8000,0.155737
10000,0.5,50,64,13.0000,0.146217
10000,0.5,50,65,13.2000,0.151884
10000,0.5,50,66,13.4000,0.174706
10000,0.5,50,67,13.6000,0.171598
10000,0.5,50,68,13.8000,0.169704
10000,0.5,50,69,14.0000,0.168969
10000,0.5,50,70,14.2000,0.168680
10000,0.5,50,71,14.4000,0.169729
10000,0.5,50,72,14.6000,0.170457
10000,0.5,50,73,14.8000,0.174782
10000,0.5,50,74,15.0000,0.172127
10000,0.5,50,75,15.2000,0.163942
10000,0.5,50,76,15.4000,0.160560
10000,0.5,50,77,15.6000,0.160402
10000,0.5,50,78,15.8000,0.165479
10000,0.5,50,79,16.0000,0.171995
10000,0.5,50,80,16.2000,0.167709
10000,0.5,50,81,16.4000,0.178577
10000,0.5,50,82,16.6000,0.182509
10000,0.5,50,83,16.8000,0.180713
10000,0.5,50,84,17.0000,0.182683
10000,0.5,50,85,17.2000,0.181821
10000,0.5,50,86,17.4000,0.181337
10000,0.5,50,87,17.6000,0.181169
10000,0.5,50,88,17.8000,0.185164
10000,0.5,50,89,18.0000,0.186571
10000,0.5,50,90,18.2000,0.179991
10000,0.5,50,91,18.4000,0.172955
10000,0.5,50,92,18.6000,0.166325
10000,0.5,50,93,18.8000,0.159360
10000,0.5,50,94,19.0000,0.162953
10000,0.5,50,95,19.2000,0.158260
10000,0.5,50,96,19.4000,0.157494
10000,0.5,50,97,19.6000,0.157491
10000,0.5,50,98,19.8000,0.157623
10000,0.5,50,99,20.0000,0.157615
10000,0.5,60,0,0.2000,1.929435
10000,0.5,60,1,0.4000,1.873957
10000,0.5,60,2,0.6000,1.960329
10000,0.5,60,3,0.8000,1.912011
10000,0.5,60,4,1.0000,1.597651
10000,0.5,60,5,1.2000,1.415157
10000,0.5,60,6,1.4000,1.417209
10000,0.5,60,7,1.6000,1.379948
10000,0.5,60,8,1.8000,1.203251
10000,0.5,60,9,2.0000,0.944715
10000,0.5,60,10,2.2000,0.588963
10000,0.5,60,11,2.4000,0.403267
10000,0.5,60,12,2.6000,0.395966
10000,0.5,60,13,2.8000,0.391668
10000,0.5,60,14,3.0000,0.146465
10000,0.5,60,15,3.2000,0.140034
10000,0.5,60,16,3.4000,0.147089
10000,0.5,60,17,3.6000,0.169396
10000,0.5,60,18,3.8000,0.166168
10000,0.5,60,19,4.0000,0.190784
10000,0.5,60,20,4.2000,0.225302
10000,0.5,60,21,4.4000,0.418309
10000,0.5,60,22,4.6000,0.738475
10000,0.5,60,23,4.8000,0.630918
10000,0.5,60,24,5.0000,0.255836
10000,0.5,60,25,5.2000,0.202200
10000,0.5,60,26,5.4000,0.211553
10000,0.5,60,27,5.6000,0.219191
10000,0.5,60,28,5.8000,0.212438
10000,0.5,60,29,6.0000,0.182603
10000,0.5,60,30,6.2000,0.198900
10000,0.5,60,31,6.4000,0.187699
10000,0.5,60,32,6.6000,0.185430
10000,0.5,60,33,6.8000,0.196210
10000,0.5,60,34,7.0000,0.214687
10000,0.5,60,35,7.2000,0.215948
10000,0.5,60,36,7.4000,0.200339
10000,0.5,60,37,7.6000,0.185843
10000,0.5,60,38,7.8000,0.191986
10000,0.5,60,39,8.0000,0.181153
10000,0.5,60,40,8.2000,0.188741
10000,0.5,60,41,8.4000,0.188385
10000,0.5,60,42,8.6000,0.194241
10000,0.5,60,43,8.8000,0.195082
10000,0.5,60,44,9.0000,0.191260
10000,0.5,60,45,9.2000,0.181046
10000,0.5,60,46,9.4000,0.176806
10000,0.5,60,47,9.6000,0.163959
10000,0.5,60,48,9.8000,0.153348
10000,0.5,60,49,10.0000,0.147594
10000,0.5,60,50,10.2000,0.148060
10000,0.5,60,51,10.4000,0.142504
10000,0.5,60,52,10.6000,0.135684
10000,0.5,60,53,10.8000,0.128150
10000,0.5,60,54,11.0000,0.139947
10000,0.5,60,55,11.2000,0.151338
10000,0.5,60,56,11.4000,0.159056
10000,0.5,60,57,11.6000,0.177057
10000,0.5,60,58,11.8000,0.178782
10000,0.5,60,59,12.0000,0.178721
10000,0.5,60,60,12.2000,0.177210
10000,0.5,60,61,12.4000,0.173429
10000,0.5,60,62,12.6000,0.169795
10000,0.5,60,63,12.8000,0.161198
10000,0.5,60,64,13.0000,0.155018
10000,0.5,60,65,13.2000,0.148971
10000,0.5,60,66,13.4000,0.149193
10000,0.5,60,67,13.6000,0.157623
10000,0.5,60,68,13.8000,0.154376
10000,0.5,60,69,14.0000,0.148571
10000,0.5,60,70,14.2000,0.144544
10000,0.5,60,71,14.4000,0.143533
10000,0.5,60,72,14.6000,0.139829
10000,0.5,60,73,14.8000,0.139111
10000,0.5,60,74,15.0000,0.131983
10000,0.5,60,75,15.2000,0.134697
10000,0.5,60,76,15.4000,0.118619
10000,0.5,60,77,15.6000,0.115468
10000,0.5,60,78,15.8000,0.107375
10000,0.5,60,79,16.0000,0.102762
10000,0.5,60,80,16.2000,0.096470
10000,0.5,60,81,16.4000,0.090499
10000,0.5,60,82,16.6000,0.090049
10000,0.5,60,83,16.8000,0.090545
10000,0.5,60,84,17.0000,0.091178
10000,0.5,60,85,17.2000,0.080625
10000,0.5,60,86,17.4000,0.077520
10000,0.5,60,87,17.6000,0.078416
10000,0.5,60,88,17.8000,0.077348
10000,0.5,60,89,18.0000,0.076762
10000,0.5,60,90,18.2000,0.078135
10000,0.5,60,91,18.4000,0.085860
10000,0.5,60,92,18.6000,0.091773
10000,0.5,60,93,18.8000,0.087619
10000,0.5,60,94,19.0000,0.090765
10000,0.5,60,95,19.2000,0.099716
10000,0.5,60,96,19.4000,0.099866
10000,0.5,60,97,19.6000,0.101522
10000,0.5,60,98,19.8000,0.108456
10000,0.5,60,99,20.0000,0.114358
10000,0.5,70,0,0.2000,2.048478
10000,0.5,70,1,0.4000,2.021583
10000,0.5,70,2,0.6000,1.420705
10000,0.5,70,3,0.8000,1.338372
10000,0.5,70,4,1.0000,1.064358
10000,0.5,70,5,1.2000,0.900662
10000,0.5,70,6,1.4000,0.848023
10000,0.5,70,7,1.6000,0.756589
10000,0.5,70,8,1.8000,0.750866
10000,0.5,70,9,2.0000,0.659609
10000,0.5,70,10,2.2000,0.607082
10000,0.5,70,11,2.4000,0.579850
10000,0.5,70,12,2.6000,0.560830
10000,0.5,70,13,2.8000,0.543602
10000,0.5,70,14,3.0000,0.530298
10000,0.5,70,15,3.2000,0.526392
10000,0.5,70,16,3.4000,0.512757
10000,0.5,70,17,3.6000,0.311856
10000,0.5,70,18,3.8000,0.301019
10000,0.5,70,19,4.0000,0.295975
10000,0.5,70,20,4.2000,0.295721
10000,0.5,70,21,4.4000,0.299344
10000,0.5,70,22,4.6000,0.380281
10000,0.5,70,23,4.8000,0.397361
10000,0.5,70,24,5.0000,0.397614
10000,0.5,70,25,5.2000,0.347500
10000,0.5,70,26,5.4000,0.348378
10000,0.5,70,27,5.6000,0.349874
10000,0.5,70,28,5.8000,0.353711
10000,0.5,70,29,6.0000,0.170530
10000,0.5,70,30,6.2000,0.155512
10000,0.5,70,31,6.4000,0.099611
10000,0.5,70,32,6.6000,0.105908
10000,0.5,70,33,6.8000,0.122004
10000,0.5,70,34,7.0000,0.168249
10000,0.5,70,35,7.2000,0.144001
10000,0.5,70,36,7.4000,0.108626
10000,0.5,70,37,7.6000,0.100404
10000,0.5,70,38,7.8000,0.120999
10000,0.5,70,39,8.0000,0.129906
10000,0.5,70,40,8.2000,0.148331
10000,0.5,70,41,8.4000,0.161218
10000,0.5,70,42,8.6000,0.206634
10000,0.5,70,43,8.8000,0.249078
10000,0.5,70,44,9.0000,0.225185
10000,0.5,70,45,9.2000,0.220299
10000,0.5,70,46,9.4000,0.200648
10000,0.5,70,47,9.6000,0.186721
10000,0.5,70,48,9.8000,0.164733
10000,0.5,70,49,10.0000,0.146549
10000,0.5,70,50,10.2000,0.146938
10000,0.5,70,51,10.4000,0.145185
10000,0.5,70,52,10.6000,0.126809
10000,0.5,70,53,10.8000,0.133734
10000,0.5,70,54,11.0000,0.140432
10000,0.5,70,55,11.2000,0.151565
10000,0.5,70,56,11.4000,0.162782
10000,0.5,70,57,11.6000,0.175951
10000,0.5,70,58,11.8000,0.177551
10000,0.5,70,59,12.0000,0.177944
10000,0.5,70,60,12.2000,0.170138
10000,0.5,70,61,12.4000,0.164886
10000,0.5,70,62,12.6000,0.155421
10000,0.5,70,63,12.8000,0.152411
10000,0.5,70,64,13.0000,0.148910
10000,0.5,70,65,13.2000,0.157537
10000,0.5,70,66,13.4000,0.171820
10000,0.5,70,67,13.6000,0.176572
10000,0.5,70,68,13.8000,0.175164
10000,0.5,70,69,14.0000,0.174799
10000,0.5,70,70,14.2000,0.166268
10000,0.5,70,71,14.4000,0.164057
10000,0.5,70,72,14.6000,0.165634
10000,0.5,70,73,14.8000,0.158354
10000,0.5,70,74,15.0000,0.149549
10000,0.5,70,75,15.2000,0.150164
10000,0.5,70,76,15.4000,0.161790
10000,0.5,70,77,15.6000,0.167855
10000,0.5,70,78,15.8000,0.178229
10000,0.5,70,79,16.0000,0.187571
10000,0.5,70,80,16.2000,0.186833
10000,0.5,70,81,16.4000,0.194651
10000,0.5,70,82,16.6000,0.203084
10000,0.5,70,83,16.8000,0.203222
10000,0.5,70,84,17.0000,0.199072
10000,0.5,70,85,17.2000,0.200584
10000,0.5,70,86,17.4000,0.201954
10000,0.5,70,87,17.6000,0.200065
10000,0.5,70,88,17.8000,0.195400
10000,0.5,70,89,18.0000,0.187988
10000,0.5,70,90,18.2000,0.180485
10000,0.5,70,91,18.4000,0.173647
10000,0.5,70,92,18.6000,0.168009
10000,0.5,70,93,18.8000,0.162608
10000,0.5,70,94,19.0000,0.156966
10000,0.5,70,95,19.2000,0.153095
10000,0.5,70,96,19.4000,0.148452
10000,0.5,70,97,19.6000,0.143423
10000,0.5,70,98,19.8000,0.135553
10000,0.5,70,99,20.0000,0.131907
10000,0.5,80,0,0.2000,2.362941
10000,0.5,80,1,0.4000,2.198795
10000,0.5,80,2,0.6000,2.078088
10000,0.5,80,3,0.8000,1.945669
10000,0.5,80,4,1.0000,1.965477
10000,0.5,80,5,1.2000,1.959864
10000,0.5,80,6,1.4000,1.981914
10000,0.5,80,7,1.6000,1.703391
10000,0.5,80,8,1.8000,1.284200
10000,0.5,80,9,2.0000,0.864754
10000,0.5,80,10,2.2000,0.726773
10000,0.5,80,11,2.4000,0.698677
10000,0.5,80,12,2.6000,0.505095
10000,0.5,80,13,2.8000,0.317537
10000,0.5,80,14,3.0000,0.297818
10000,0.5,80,15,3.2000,0.513019
10000,0.5,80,16,3.4000,0.223621
10000,0.5,80,17,3.6000,0.294284
10000,0.5,80,18,3.8000,0.233332
10000,0.5,80,19,4.0000,0.177608
10000,0.5,80,20,4.2000,0.166046
10000,0.5,80,21,4.4000,0.176503
10000,0.5,80,22,4.6000,0.175666
10000,0.5,80,23,4.8000,0.162332
10000,0.5,80,24,5.0000,0.187689
10000,0.5,80,25,5.2000,0.232018
10000,0.5,80,26,5.4000,0.168374
10000,0.5,80,27,5.6000,0.233032
10000,0.5,80,28,5.8000,0.195587
10000,0.5,80,29,6.0000,0.151721
10000,0.5,80,30,6.2000,0.181370
10000,0.5,80,31,6.4000,0.157272
10000,0.5,80,32,6.6000,0.145111
10000,0.5,80,33,6.8000,0.139963
10000,0.5,80,34,7.0000,0.126247
10000,0.5,80,35,7.2000,0.132678
10000,0.5,80,36,7.4000,0.116822
10000,0.5,80,37,7.6000,0.108318
10000,0.5,80,38,7.8000,0.106974
10000,0.5,80,39,8.0000,0.101391
10000,0.5,80,40,8.2000,0.094278
10000,0.5,80,41,8.4000,0.100154
10000,0.5,80,42,8.6000,0.128691
10000,0.5,80,43,8.8000,0.130231
10000,0.5,80,44,9.0000,0.131019
10000,0.5,80,45,9.2000,0.134163
10000,0.5,80,46,9.4000,0.153033
10000,0.5,80,47,9.6000,0.155829
10000,0.5,80,48,9.8000,0.118680
10000,0.5,80,49,10.0000,0.102307
10000,0.5,80,50,10.2000,0.091924
10000,0.5,80,51,10.4000,0.088650
10000,0.5,80,52,10.6000,0.073597
10000,0.5,80,53,10.8000,0.062215
10000,0.5,80,54,11.0000,0.068639
10000,0.5,80,55,11.2000,0.081857
10000,0.5,80,56,11.4000,0.076264
10000,0.5,80,57,11.6000,0.075601
10000,0.5,80,58,11.8000,0.084887
10000,0.5,80,59,12.0000,0.097296
10000,0.5,80,60,12.2000,0.114215
10000,0.5,80,61,12.4000,0.129982
10000,0.5,80,62,12.6000,0.129476
10000,0.5,80,63,12.8000,0.124826
10000,0.5,80,64,13.0000,0.122225
10000,0.5,80,65,13.2000,0.121798
10000,0.5,80,66,13.4000,0.139606
10000,0.5,80,67,13.6000,0.137615
10000,0.5,80,68,13.8000,0.143726
10000,0.5,80,69,14.0000,0.142143
10000,0.5,80,70,14.2000,0.146397
10000,0.5,80,71,14.4000,0.162210
10000,0.5,80,72,14.6000,0.144611
10000,0.5,80,73,14.8000,0.131110
10000,0.5,80,74,15.0000,0.125859
10000,0.5,80,75,15.2000,0.125592
10000,0.5,80,76,15.4000,0.120987
10000,0.5,80,77,15.6000,0.112363
10000,0.5,80,78,15.8000,0.104762
10000,0.5,80,79,16.0000,0.089706
10000,0.5,80,80,16.2000,0.082781
10000,0.5,80,81,16.4000,0.070039
10000,0.5,80,82,16.6000,0.063326
10000,0.5,80,83,16.8000,0.076180
10000,0.5,80,84,17.0000,0.081388
10000,0.5,80,85,17.2000,0.077496
10000,0.5,80,86,17.4000,0.075340
10000,0.5,80,87,17.6000,0.074840
10000,0.5,80,88,17.8000,0.074643
10000,0.5,80,89,18.0000,0.074732
10000,0.5,80,90,18.2000,0.079882
10000,0.5,80,91,18.4000,0.086256
10000,0.5,80,92,18.6000,0.086511
10000,0.5,80,93,18.8000,0.087510
10000,0.5,80,94,19.0000,0.091905
10000,0.5,80,95,19.2000,0.094935
10000,0.5,80,96,19.4000,0.106240
10000,0.5,80,97,19.6000,0.100939
10000,0.5,80,98,19.8000,0.093893
10000,0.5,80,99,20.0000,0.082858
10000,0.5,90,0,0.2000,2.537640
10000,0.5,90,1,0.4000,1.701190
10000,0.5,90,2,0.6000,1.859185
10000,0.5,90,3,0.8000,1.584767
10000,0.5,90,4,1.0000,1.541462
10000,0.5,90,5,1.2000,1.381501
10000,0.5,90,6,1.4000,1.365376
10000,0.5,90,7,1.6000,0.869815
10000,0.5,90,8,1.8000,1.082317
10000,0.5,90,9,2.0000,1.095166
10000,0.5,90,10,2.2000,0.798763
10000,0.5,90,11,2.4000,0.678691
10000,0.5,90,12,2.6000,0.599321
10000,0.5,90,13,2.8000,0.604026
10000,0.5,90,14,3.0000,0.559850
10000,0.5,90,15,3.2000,0.535993
10000,0.5,90,16,3.4000,0.519217
10000,0.5,90,17,3.6000,0.507938
10000,0.5,90,18,3.8000,0.462402
10000,0.5,90,19,4.0000,0.437436
10000,0.5,90,20,4.2000,0.413196
10000,0.5,90,21,4.4000,0.382855
10000,0.5,90,22,4.6000,0.395170
10000,0.5,90,23,4.8000,0.835785
10000,0.5,90,24,5.0000,0.963866
10000,0.5,90,25,5.2000,0.528658
10000,0.5,90,26,5.4000,0.400628
10000,0.5,90,27,5.6000,0.387044
10000,0.5,90,28,5.8000,0.391700
10000,0.5,90,29,6.0000,0.368397
10000,0.5,90,30,6.2000,0.353459
10000,0.5,90,31,6.4000,0.339126
10000,0.5,90,32,6.6000,0.332393
10000,0.5,90,33,6.8000,0.337639
10000,0.5,90,34,7.0000,0.333571
10000,0.5,90,35,7.2000,0.334959
10000,0.5,90,36,7.4000,0.334978
10000,0.5,90,37,7.6000,0.320119
10000,0.5,90,38,7.8000,0.304222
10000,0.5,90,39,8.0000,0.286188
10000,0.5,90,40,8.2000,0.278971
10000,0.5,90,41,8.4000,0.300094
10000,0.5,90,42,8.6000,0.289953
10000,0.5,90,43,8.8000,0.278202
10000,0.5,90,44,9.0000,0.275482
10000,0.5,90,45,9.2000,0.270508
10000,0.5,90,46,9.4000,0.283301
10000,0.5,90,47,9.6000,0.280403
10000,0.5,90,48,9.8000,0.272839
10000,0.5,90,49,10.0000,0.264805
10000,0.5,90,50,10.2000,0.286930
10000,0.5,90,51,10.4000,0.291428
10000,0.5,90,52,10.6000,0.315116
10000,0.5,90,53,10.8000,0.308591
10000,0.5,90,54,11.0000,0.313302
10000,0.5,90,55,11.2000,0.312070
10000,0.5,90,56,11.4000,0.321189
10000,0.5,90,57,11.6000,0.346871
10000,0.5,90,58,11.8000,0.350985
10000,0.5,90,59,12.0000,0.346900
10000,0.5,90,60,12.2000,0.338189
10000,0.5,90,61,12.4000,0.324907
10000,0.5,90,62,12.6000,0.312126
10000,0.5,90,63,12.8000,0.301904
10000,0.5,90,64,13.0000,0.303044
10000,0.5,90,65,13.2000,0.307703
10000,0.5,90,66,13.4000,0.296386
10000,0.5,90,67,13.6000,0.294679
10000,0.5,90,68,13.8000,0.287851
10000,0.5,90,69,14.0000,0.282943
10000,0.5,90,70,14.2000,0.277476
10000,0.5,90,71,14.4000,0.270765
10000,0.5,90,72,14.6000,0.263701
10000,0.5,90,73,14.8000,0.256551
10000,0.5,90,74,15.0000,0.255103
10000,0.5,90,75,15.2000,0.260720
10000,0.5,90,76,15.4000,0.252392
10000,0.5,90,77,15.6000,0.248965
10000,0.5,90,78,15.8000,0.239924
10000,0.5,90,79,16.0000,0.236841
10000,0.5,90,80,16.2000,0.229296
10000,0.5,90,81,16.4000,0.235033
10000,0.5,90,82,16.6000,0.238225
10000,0.5,90,83,16.8000,0.242499
10000,0.5,90,84,17.0000,0.236528
10000,0.5,90,85,17.2000,0.231412
10000,0.5,90,86,17.4000,0.237539
10000,0.5,90,87,17.6000,0.237364
10000,0.5,90,88,17.8000,0.235206
10000,0.5,90,89,18.0000,0.233026
10000,0.5,90,90,18.2000,0.233940
10000,0.5,90,91,18.4000,0.236978
10000,0.5,90,92,18.6000,0.243190
10000,0.5,90,93,18.8000,0.247140
10000,0.5,90,94,19.0000,0.244365
10000,0.5,90,95,19.2000,0.249450
10000,0.5,90,96,19.4000,0.255043
10000,0.5,90,97,19.6000,0.260055
10000,0.5,90,98,19.8000,0.265182
10000,0.5,90,99,20.0000,0.261557
10000,2.0,10,0,0.2000,1.948368
10000,2.0,10,1,0.4000,1.992348
10000,2.0,10,2,0.6000,1.849308
10000,2.0,10,3,0.8000,1.730421
10000,2.0,10,4,1.0000,1.724376
10000,2.0,10,5,1.2000,1.739626
10000,2.0,10,6,1.4000,1.753233
10000,2.0,10,7,1.6000,1.720314
10000,2.0,10,8,1.8000,1.890390
10000,2.0,10,9,2.0000,1.870192
10000,2.0,10,10,2.2000,1.882566
10000,2.0,10,11,2.4000,1.015181
10000,2.0,10,12,2.6000,1.033175
10000,2.0,10,13,2.8000,0.957420
10000,2.0,10,14,3.0000,1.181037
10000,2.0,10,15,3.2000,1.053034
10000,2.0,10,16,3.4000,0.563017
10000,2.0,10,17,3.6000,0.454270
10000,2.0,10,18,3.8000,0.366501
10000,2.0,10,19,4.0000,0.305514
10000,2.0,10,20,4.2000,0.328474
10000,2.0,10,21,4.4000,0.294971
10000,2.0,10,22,4.6000,0.278024
10000,2.0,10,23,4.8000,0.277768
10000,2.0,10,24,5.0000,0.280575
10000,2.0,10,25,5.2000,0.272686
10000,2.0,10,26,5.4000,1.145025
10000,2.0,10,27,5.6000,0.573741
10000,2.0,10,28,5.8000,0.569227
10000,2.0,10,29,6.0000,0.572802
10000,2.0,10,30,6.2000,0.578900
10000,2.0,10,31,6.4000,0.583788
10000,2.0,10,32,6.6000,0.736370
10000,2.0,10,33,6.8000,0.754166
10000,2.0,10,34,7.0000,0.837538
10000,2.0,10,35,7.2000,0.896750
10000,2.0,10,36,7.4000,0.649885
10000,2.0,10,37,7.6000,0.411643
10000,2.0,10,38,7.8000,0.318097
10000,2.0,10,39,8.0000,0.254723
10000,2.0,10,40,8.2000,0.208670
10000,2.0,10,41,8.4000,0.184531
10000,2.0,10,42,8.6000,0.178183
10000,2.0,10,43,8.8000,0.170003
10000,2.0,10,44,9.0000,0.166034
10000,2.0,10,45,9.2000,0.177760
10000,2.0,10,46,9.4000,0.181609
10000,2.0,10,47,9.6000,0.187736
10000,2.0,10,48,9.8000,0.162868
10000,2.0,10,49,10.0000,0.166239
10000,2.0,10,50,10.2000,0.159305
10000,2.0,10,51,10.4000,0.149882
10000,2.0,10,52,10.6000,0.162125
10000,2.0,10,53,10.8000,0.179071
10000,2.0,10,54,11.0000,0.194689
10000,2.0,10,55,11.2000,0.207582
10000,2.0,10,56,11.4000,0.188750
10000,2.0,10,57,11.6000,0.180114
10000,2.0,10,58,11.8000,0.164153
10000,2.0,10,59,12.0000,0.172626
10000,2.0,10,60,12.2000,0.179096
10000,2.0,10,61,12.4000,0.185022
10000,2.0,10,62,12.6000,0.194969
10000,2.0,10,63,12.8000,0.204403
10000,2.0,10,64,13.0000,0.203024
10000,2.0,10,65,13.2000,0.190885
10000,2.0,10,66,13.4000,0.175574
10000,2.0,10,67,13.6000,0.163330
10000,2.0,10,68,13.8000,0.153717
10000,2.0,10,69,14.0000,0.158315
10000,2.0,10,70,14.2000,0.167391
10000,2.0,10,71,14.4000,0.176753
10000,2.0,10,72,14.6000,0.175659
10000,2.0,10,73,14.8000,0.170055
10000,2.0,10,74,15.0000,0.170271
10000,2.0,10,75,15.2000,0.167436
10000,2.0,10,76,15.4000,0.160235
10000,2.0,10,77,15.6000,0.155217
10000,2.0,10,78,15.8000,0.149522
10000,2.0,10,79,16.0000,0.140647
10000,2.0,10,80,16.2000,0.144015
10000,2.0,10,81,16.4000,0.142422
10000,2.0,10,82,16.6000,0.140196
10000,2.0,10,83,16.8000,0.136468
10000,2.0,10,84,17.0000,0.134004
10000,2.0,10,85,17.2000,0.131629
10000,2.0,10,86,17.4000,0.130895
10000,2.0,10,87,17.6000,0.129092
10000,2.0,10,88,17.8000,0.127086
10000,2.0,10,89,18.0000,0.131654
10000,2.0,10,90,18.2000,0.134120
10000,2.0,10,91,18.4000,0.133943
10000,2.0,10,92,18.6000,0.130074
10000,2.0,10,93,18.8000,0.125021
10000,2.0,10,94,19.0000,0.121750
10000,2.0,10,95,19.2000,0.117380
10000,2.0,10,96,19.4000,0.112649
10000,2.0,10,97,19.6000,0.107993
10000,2.0,10,98,19.8000,0.106504
10000,2.0,10,99,20.0000,0.102372
10000,2.0,100,0,0.2000,2.266571
10000,2.0,100,1,0.4000,1.761506
10000,2.0,100,2,0.6000,1.606668
10000,2.0,100,3,0.8000,1.434179
10000,2.0,100,4,1.0000,1.307322
10000,2.0,100,5,1.2000,1.321780
10000,2.0,100,6,1.4000,1.228466
10000,2.0,100,7,1.6000,0.964613
10000,2.0,100,8,1.8000,0.965289
10000,2.0,100,9,2.0000,0.972279
10000,2.0,100,10,2.2000,0.985780
10000,2.0,100,11,2.4000,1.001960
10000,2.0,100,12,2.6000,0.877365
10000,2.0,100,13,2.8000,0.810455
10000,2.0,100,14,3.0000,0.923721
10000,2.0,100,15,3.2000,0.931564
10000,2.0,100,16,3.4000,0.643661
10000,2.0,100,17,3.6000,0.545446
10000,2.0,100,18,3.8000,0.511238
10000,2.0,100,19,4.0000,0.613933
10000,2.0,100,20,4.2000,0.626049
10000,2.0,100,21,4.4000,0.631546
10000,2.0,100,22,4.6000,0.584514
10000,2.0,100,23,4.8000,0.468779
10000,2.0,100,24,5.0000,0.299326
10000,2.0,100,25,5.2000,0.358771
10000,2.0,100,26,5.4000,0.349853
10000,2.0,100,27,5.6000,0.360944
10000,2.0,100,28,5.8000,0.375273
10000,2.0,100,29,6.0000,0.379551
10000,2.0,100,30,6.2000,0.393059
10000,2.0,100,31,6.4000,0.311761
10000,2.0,100,32,6.6000,0.272663
10000,2.0,100,33,6.8000,0.251058
10000,2.0,100,34,7.0000,0.235266
10000,2.0,100,35,7.2000,0.224445
10000,2.0,100,36,7.4000,0.225074
10000,2.0,100,37,7.6000,0.250029
10000,2.0,100,38,7.8000,0.273102
10000,2.0,100,39,8.0000,0.272281
10000,2.0,100,40,8.2000,0.255326
10000,2.0,100,41,8.4000,0.242532
10000,2.0,100,42,8.6000,0.233468
10000,2.0,100,43,8.8000,0.219648
10000,2.0,100,44,9.0000,0.205615
10000,2.0,100,45,9.2000,0.192958
10000,2.0,100,46,9.4000,0.187391
10000,2.0,100,47,9.6000,0.186687
10000,2.0,100,48,9.8000,0.189141
10000,2.0,100,49,10.0000,0.190774
10000,2.0,100,50,10.2000,0.178131
10000,2.0,100,51,10.4000,0.163254
10000,2.0,100,52,10.6000,0.153140
10000,2.0,100,53,10.8000,0.147013
10000,2.0,100,54,11.0000,0.141509
10000,2.0,100,55,11.2000,0.140274
10000,2.0,100,56,11.4000,0.137488
10000,2.0,100,57,11.6000,0.130310
10000,2.0,100,58,11.8000,0.126969
10000,2.0,100,59,12.0000,0.125686
10000,2.0,100,60,12.2000,0.122622
10000,2.0,100,61,12.4000,0.119006
10000,2.0,100,62,12.6000,0.115901
10000,2.0,100,63,12.8000,0.113593
10000,2.0,100,64,13.0000,0.113452
10000,2.0,100,65,13.2000,0.107441
10000,2.0,100,66,13.4000,0.107293
10000,2.0,100,67,13.6000,0.111842
10000,2.0,100,68,13.8000,0.114480
10000,2.0,100,69,14.0000,0.114134
10000,2.0,100,70,14.2000,0.113991
10000,2.0,100,71,14.4000,0.116210
10000,2.0,100,72,14.6000,0.123115
10000,2.0,100,73,14.8000,0.125177
10000,2.0,100,74,15.0000,0.130179
10000,2.0,100,75,15.2000,0.135862
10000,2.0,100,76,15.4000,0.144431
10000,2.0,100,77,15.6000,0.153232
10000,2.0,100,78,15.8000,0.162113
10000,2.0,100,79,16.0000,0.174687
10000,2.0,100,80,16.2000,0.184843
10000,2.0,100,81,16.4000,0.187061
10000,2.0,100,82,16.6000,0.185730
10000,2.0,100,83,16.8000,0.186175
10000,2.0,100,84,17.0000,0.188478
10000,2.0,100,85,17.2000,0.192846
10000,2.0,100,86,17.4000,0.190411
10000,2.0,100,87,17.6000,0.184470
10000,2.0,100,88,17.8000,0.178537
10000,2.0,100,89,18.0000,0.171380
10000,2.0,100,90,18.2000,0.168201
10000,2.0,100,91,18.4000,0.170230
10000,2.0,100,92,18.6000,0.176840
10000,2.0,100,93,18.8000,0.176370
10000,2.0,100,94,19.0000,0.167464
10000,2.0,100,95,19.2000,0.159530
10000,2.0,100,96,19.4000,0.149610
10000,2.0,100,97,19.6000,0.139928
10000,2.0,100,98,19.8000,0.135138
10000,2.0,100,99,20.0000,0.132234
10000,2.0,20,0,0.2000,2.223042
10000,2.0,20,1,0.4000,2.187157
10000,2.0,20,2,0.6000,2.208513
10000,2.0,20,3,0.8000,1.786391
10000,2.0,20,4,1.0000,1.677640
10000,2.0,20,5,1.2000,1.792632
10000,2.0,20,6,1.4000,1.916838
10000,2.0,20,7,1.6000,1.811435
10000,2.0,20,8,1.8000,1.718319
10000,2.0,20,9,2.0000,1.720280
10000,2.0,20,10,2.2000,1.640856
10000,2.0,20,11,2.4000,0.892353
10000,2.0,20,12,2.6000,0.869579
10000,2.0,20,13,2.8000,0.874476
10000,2.0,20,14,3.0000,0.795921
10000,2.0,20,15,3.2000,0.792701
10000,2.0,20,16,3.4000,0.791844
10000,2.0,20,17,3.6000,0.735807
10000,2.0,20,18,3.8000,0.686692
10000,2.0,20,19,4.0000,0.692459
10000,2.0,20,20,4.2000,0.699494
10000,2.0,20,21,4.4000,0.702926
10000,2.0,20,22,4.6000,0.482299
10000,2.0,20,23,4.8000,0.425565
10000,2.0,20,24,5.0000,0.429296
10000,2.0,20,25,5.2000,0.450358
10000,2.0,20,26,5.4000,0.505048
10000,2.0,20,27,5.6000,0.583063
10000,2.0,20,28,5.8000,0.642651
10000,2.0,20,29,6.0000,0.713857
10000,2.0,20,30,6.2000,0.524753
10000,2.0,20,31,6.4000,0.383487
10000,2.0,20,32,6.6000,0.191059
10000,2.0,20,33,6.8000,0.113611
10000,2.0,20,34,7.0000,0.134739
10000,2.0,20,35,7.2000,0.185128
10000,2.0,20,36,7.4000,0.202843
10000,2.0,20,37,7.6000,0.204711
10000,2.0,20,38,7.8000,0.213473
10000,2.0,20,39,8.0000,0.218194
10000,2.0,20,40,8.2000,0.224579
10000,2.0,20,41,8.4000,0.229866
10000,2.0,20,42,8.6000,0.228192
10000,2.0,20,43,8.8000,0.189903
10000,2.0,20,44,9.0000,0.158523
10000,2.0,20,45,9.2000,0.153119
10000,2.0,20,46,9.4000,0.169821
10000,2.0,20,47,9.6000,0.165651
10000,2.0,20,48,9.8000,0.140454
10000,2.0,20,49,10.0000,0.128976
10000,2.0,20,50,10.2000,0.119915
10000,2.0,20,51,10.4000,0.113460
10000,2.0,20,52,10.6000,0.111637
10000,2.0,20,53,10.8000,0.117831
10000,2.0,20,54,11.0000,0.130447
10000,2.0,20,55,11.2000,0.141654
10000,2.0,20,56,11.4000,0.151405
10000,2.0,20,57,11.6000,0.160053
10000,2.0,20,58,11.8000,0.168586
10000,2.0,20,59,12.0000,0.181419
10000,2.0,20,60,12.2000,0.190456
10000,2.0,20,61,12.4000,0.178227
10000,2.0,20,62,12.6000,0.164789
10000,2.0,20,63,12.8000,0.151817
10000,2.0,20,64,13.0000,0.140469
10000,2.0,20,65,13.2000,0.130156
10000,2.0,20,66,13.4000,0.121381
10000,2.0,20,67,13.6000,0.123357
10000,2.0,20,68,13.8000,0.125939
10000,2.0,20,69,14.0000,0.123001
10000,2.0,20,70,14.2000,0.113144
10000,2.0,20,71,14.4000,0.108805
10000,2.0,20,72,14.6000,0.103909
10000,2.0,20,73,14.8000,0.103534
10000,2.0,20,74,15.0000,0.106158
10000,2.0,20,75,15.2000,0.105250
10000,2.0,20,76,15.4000,0.099252
10000,2.0,20,77,15.6000,0.101921
10000,2.0,20,78,15.8000,0.099007
10000,2.0,20,79,16.0000,0.091787
10000,2.0,20,80,16.2000,0.090837
10000,2.0,20,81,16.4000,0.092959
10000,2.0,20,82,16.6000,0.086811
10000,2.0,20,83,16.8000,0.085034
10000,2.0,20,84,17.0000,0.089138
10000,2.0,20,85,17.2000,0.095059
10000,2.0,20,86,17.4000,0.103879
10000,2.0,20,87,17.6000,0.111405
10000,2.0,20,88,17.8000,0.120025
10000,2.0,20,89,18.0000,0.115417
10000,2.0,20,90,18.2000,0.105373
10000,2.0,20,91,18.4000,0.095704
10000,2.0,20,92,18.6000,0.089981
10000,2.0,20,93,18.8000,0.088460
10000,2.0,20,94,19.0000,0.086327
10000,2.0,20,95,19.2000,0.087124
10000,2.0,20,96,19.4000,0.088428
10000,2.0,20,97,19.6000,0.092148
10000,2.0,20,98,19.8000,0.093394
10000,2.0,20,99,20.0000,0.097106
10000,2.0,30,0,0.2000,2.366829
10000,2.0,30,1,0.4000,2.130058
10000,2.0,30,2,0.6000,1.899029
10000,2.0,30,3,0.8000,2.051367
10000,2.0,30,4,1.0000,1.504580
10000,2.0,30,5,1.2000,1.403544
10000,2.0,30,6,1.4000,1.292891
10000,2.0,30,7,1.6000,1.291270
10000,2.0,30,8,1.8000,1.298404
10000,2.0,30,9,2.0000,1.216925
10000,2.0,30,10,2.2000,1.148469
10000,2.0,30,11,2.4000,1.079113
10000,2.0,30,12,2.6000,1.082675
10000,2.0,30,13,2.8000,1.043619
10000,2.0,30,14,3.0000,0.930074
10000,2.0,30,15,3.2000,0.822392
10000,2.0,30,16,3.4000,0.472143
10000,2.0,30,17,3.6000,0.382391
10000,2.0,30,18,3.8000,0.400248
10000,2.0,30,19,4.0000,0.558160
10000,2.0,30,20,4.2000,0.667423
10000,2.0,30,21,4.4000,0.617844
10000,2.0,30,22,4.6000,0.582304
10000,2.0,30,23,4.8000,0.566574
10000,2.0,30,24,5.0000,0.560292
10000,2.0,30,25,5.2000,0.514664
10000,2.0,30,26,5.4000,0.448969
10000,2.0,30,27,5.6000,0.369999
10000,2.0,30,28,5.8000,0.361941
10000,2.0,30,29,6.0000,0.353788
10000,2.0,30,30,6.2000,0.348757
10000,2.0,30,31,6.4000,0.344557
10000,2.0,30,32,6.6000,0.339687
10000,2.0,30,33,6.8000,0.337562
10000,2.0,30,34,7.0000,0.335196
10000,2.0,30,35,7.2000,0.194949
10000,2.0,30,36,7.4000,0.222609
10000,2.0,30,37,7.6000,0.140496
10000,2.0,30,38,7.8000,0.136949
10000,2.0,30,39,8.0000,0.138723
10000,2.0,30,40,8.2000,0.130350
10000,2.0,30,41,8.4000,0.128695
10000,2.0,30,42,8.6000,0.127271
10000,2.0,30,43,8.8000,0.176769
10000,2.0,30,44,9.0000,0.222673
10000,2.0,30,45,9.2000,0.194902
10000,2.0,30,46,9.4000,0.155747
10000,2.0,30,47,9.6000,0.123737
10000,2.0,30,48,9.8000,0.121833
10000,2.0,30,49,10.0000,0.116687
10000,2.0,30,50,10.2000,0.101599
10000,2.0,30,51,10.4000,0.100590
10000,2.0,30,52,10.6000,0.118104
10000,2.0,30,53,10.8000,0.158256
10000,2.0,30,54,11.0000,0.193853
10000,2.0,30,55,11.2000,0.182417
10000,2.0,30,56,11.4000,0.165266
10000,2.0,30,57,11.6000,0.158625
10000,2.0,30,58,11.8000,0.144953
10000,2.0,30,59,12.0000,0.130995
10000,2.0,30,60,12.2000,0.117529
10000,2.0,30,61,12.4000,0.102912
10000,2.0,30,62,12.6000,0.092100
10000,2.0,30,63,12.8000,0.078210
10000,2.0,30,64,13.0000,0.074481
10000,2.0,30,65,13.2000,0.080907
10000,2.0,30,66,13.4000,0.086002
10000,2.0,30,67,13.6000,0.079582
10000,2.0,30,68,13.8000,0.068468
10000,2.0,30,69,14.0000,0.065858
10000,2.0,30,70,14.2000,0.067405
10000,2.0,30,71,14.4000,0.061255
10000,2.0,30,72,14.6000,0.061121
10000,2.0,30,73,14.8000,0.066253
10000,2.0,30,74,15.0000,0.067187
10000,2.0,30,75,15.2000,0.068167
10000,2.0,30,76,15.4000,0.069794
10000,2.0,30,77,15.6000,0.064926
10000,2.0,30,78,15.8000,0.065142
10000,2.0,30,79,16.0000,0.068231
10000,2.0,30,80,16.2000,0.069552
10000,2.0,30,81,16.4000,0.066309
10000,2.0,30,82,16.6000,0.063312
10000,2.0,30,83,16.8000,0.064940
10000,2.0,30,84,17.0000,0.067234
10000,2.0,30,85,17.2000,0.070944
10000,2.0,30,86,17.4000,0.073800
10000,2.0,30,87,17.6000,0.068052
10000,2.0,30,88,17.8000,0.067047
10000,2.0,30,89,18.0000,0.068673
10000,2.0,30,90,18.2000,0.070280
10000,2.0,30,91,18.4000,0.071001
10000,2.0,30,92,18.6000,0.070810
10000,2.0,30,93,18.8000,0.072407
10000,2.0,30,94,19.0000,0.075834
10000,2.0,30,95,19.2000,0.073447
10000,2.0,30,96,19.4000,0.071430
10000,2.0,30,97,19.6000,0.071186
10000,2.0,30,98,19.8000,0.071384
10000,2.0,30,99,20.0000,0.069959
10000,2.0,40,0,0.2000,2.302114
10000,2.0,40,1,0.4000,2.255722
10000,2.0,40,2,0.6000,2.085289
10000,2.0,40,3,0.8000,1.711265
10000,2.0,40,4,1.0000,1.578606
10000,2.0,40,5,1.2000,1.472725
10000,2.0,40,6,1.4000,1.403612
10000,2.0,40,7,1.6000,1.316522
10000,2.0,40,8,1.8000,1.271873
10000,2.0,40,9,2.0000,0.979392
10000,2.0,40,10,2.2000,0.911647
10000,2.0,40,11,2.4000,0.830049
10000,2.0,40,12,2.6000,0.979753
10000,2.0,40,13,2.8000,0.913316
10000,2.0,40,14,3.0000,0.860450
10000,2.0,40,15,3.2000,0.791684
10000,2.0,40,16,3.4000,0.751715
10000,2.0,40,17,3.6000,0.760689
10000,2.0,40,18,3.8000,0.704798
10000,2.0,40,19,4.0000,0.651295
10000,2.0,40,20,4.2000,0.544986
10000,2.0,40,21,4.4000,0.468574
10000,2.0,40,22,4.6000,0.382005
10000,2.0,40,23,4.8000,0.487881
10000,2.0,40,24,5.0000,0.392318
10000,2.0,40,25,5.2000,0.385431
10000,2.0,40,26,5.4000,0.347664
10000,2.0,40,27,5.6000,0.316534
10000,2.0,40,28,5.8000,0.325281
10000,2.0,40,29,6.0000,0.379045
10000,2.0,40,30,6.2000,0.402167
10000,2.0,40,31,6.4000,0.358372
10000,2.0,40,32,6.6000,0.328099
10000,2.0,40,33,6.8000,0.305523
10000,2.0,40,34,7.0000,0.292547
10000,2.0,40,35,7.2000,0.286853
10000,2.0,40,36,7.4000,0.284311
10000,2.0,40,37,7.6000,0.281171
10000,2.0,40,38,7.8000,0.258858
10000,2.0,40,39,8.0000,0.278654
10000,2.0,40,40,8.2000,0.253457
10000,2.0,40,41,8.4000,0.242043
10000,2.0,40,42,8.6000,0.237732
10000,2.0,40,43,8.8000,0.222253
10000,2.0,40,44,9.0000,0.236696
10000,2.0,40,45,9.2000,0.250784
10000,2.0,40,46,9.4000,0.246600
10000,2.0,40,47,9.6000,0.251343
10000,2.0,40,48,9.8000,0.263151
10000,2.0,40,49,10.0000,0.252039
10000,2.0,40,50,10.2000,0.238631
10000,2.0,40,51,10.4000,0.252338
10000,2.0,40,52,10.6000,0.268688
10000,2.0,40,53,10.8000,0.279580
10000,2.0,40,54,11.0000,0.279429
10000,2.0,40,55,11.2000,0.281449
10000,2.0,40,56,11.4000,0.281382
10000,2.0,40,57,11.6000,0.279045
10000,2.0,40,58,11.8000,0.264725
10000,2.0,40,59,12.0000,0.245224
10000,2.0,40,60,12.2000,0.230994
10000,2.0,40,61,12.4000,0.210577
10000,2.0,40,62,12.6000,0.210674
10000,2.0,40,63,12.8000,0.213685
10000,2.0,40,64,13.0000,0.217256
10000,2.0,40,65,13.2000,0.228791
10000,2.0,40,66,13.4000,0.238690
10000,2.0,40,67,13.6000,0.252453
10000,2.0,40,68,13.8000,0.264947
10000,2.0,40,69,14.0000,0.255221
10000,2.0,40,70,14.2000,0.242224
10000,2.0,40,71,14.4000,0.245460
10000,2.0,40,72,14.6000,0.255586
10000,2.0,40,73,14.8000,0.267328
10000,2.0,40,74,15.0000,0.268126
10000,2.0,40,75,15.2000,0.269049
10000,2.0,40,76,15.4000,0.270516
10000,2.0,40,77,15.6000,0.271946
10000,2.0,40,78,15.8000,0.275240
10000,2.0,40,79,16.0000,0.277544
10000,2.0,40,80,16.2000,0.282199
10000,2.0,40,81,16.4000,0.285432
10000,2.0,40,82,16.6000,0.294022
10000,2.0,40,83,16.8000,0.298195
10000,2.0,40,84,17.0000,0.300152
10000,2.0,40,85,17.2000,0.301734
10000,2.0,40,86,17.4000,0.305725
10000,2.0,40,87,17.6000,0.315322
10000,2.0,40,88,17.8000,0.328544
10000,2.0,40,89,18.0000,0.339904
10000,2.0,40,90,18.2000,0.353831
10000,2.0,40,91,18.4000,0.341894
10000,2.0,40,92,18.6000,0.346358
10000,2.0,40,93,18.8000,0.358097
10000,2.0,40,94,19.0000,0.367246
10000,2.0,40,95,19.2000,0.381722
10000,2.0,40,96,19.4000,0.391617
10000,2.0,40,97,19.6000,0.382551
10000,2.0,40,98,19.8000,0.376540
10000,2.0,40,99,20.0000,0.368248
10000,2.0,50,0,0.2000,2.192215
10000,2.0,50,1,0.4000,2.146336
10000,2.0,50,2,0.6000,2.263009
10000,2.0,50,3,0.8000,2.399947
10000,2.0,50,4,1.0000,2.315960
10000,2.0,50,5,1.2000,2.273158
10000,2.0,50,6,1.4000,2.081585
10000,2.0,50,7,1.6000,2.056858
10000,2.0,50,8,1.8000,2.093822
10000,2.0,50,9,2.0000,1.146160
10000,2.0,50,10,2.2000,1.037084
10000,2.0,50,11,2.4000,1.092605
10000,2.0,50,12,2.6000,1.056721
10000,2.0,50,13,2.8000,1.062603
10000,2.0,50,14,3.0000,0.980756
10000,2.0,50,15,3.2000,0.882013
10000,2.0,50,16,3.4000,0.821006
10000,2.0,50,17,3.6000,0.788767
10000,2.0,50,18,3.8000,0.351122
10000,2.0,50,19,4.0000,0.320202
10000,2.0,50,20,4.2000,0.298143
10000,2.0,50,21,4.4000,0.284319
10000,2.0,50,22,4.6000,0.325726
10000,2.0,50,23,4.8000,0.347477
10000,2.0,50,24,5.0000,0.337888
10000,2.0,50,25,5.2000,0.328482
10000,2.0,50,26,5.4000,0.319912
10000,2.0,50,27,5.6000,0.315337
10000,2.0,50,28,5.8000,0.320487
10000,2.0,50,29,6.0000,0.350961
10000,2.0,50,30,6.2000,0.398321
10000,2.0,50,31,6.4000,0.464171
10000,2.0,50,32,6.6000,0.657459
10000,2.0,50,33,6.8000,0.669694
10000,2.0,50,34,7.0000,0.670779
10000,2.0,50,35,7.2000,0.669198
10000,2.0,50,36,7.4000,0.669616
10000,2.0,50,37,7.6000,0.669768
10000,2.0,50,38,7.8000,0.669042
10000,2.0,50,39,8.0000,0.678569
10000,2.0,50,40,8.2000,0.809281
10000,2.0,50,41,8.4000,0.607123
10000,2.0,50,42,8.6000,0.686062
10000,2.0,50,43,8.8000,0.723847
10000,2.0,50,44,9.0000,0.817631
10000,2.0,50,45,9.2000,0.769524
10000,2.0,50,46,9.4000,0.708265
10000,2.0,50,47,9.6000,0.684215
10000,2.0,50,48,9.8000,0.648994
10000,2.0,50,49,10.0000,0.616106
10000,2.0,50,50,10.2000,0.581964
10000,2.0,50,51,10.4000,0.544280
10000,2.0,50,52,10.6000,0.510310
10000,2.0,50,53,10.8000,0.518803
10000,2.0,50,54,11.0000,0.520987
10000,2.0,50,55,11.2000,0.493235
10000,2.0,50,56,11.4000,0.465033
10000,2.0,50,57,11.6000,0.432593
10000,2.0,50,58,11.8000,0.404268
10000,2.0,50,59,12.0000,0.367047
10000,2.0,50,60,12.2000,0.333783
10000,2.0,50,61,12.4000,0.304771
10000,2.0,50,62,12.6000,0.316357
10000,2.0,50,63,12.8000,0.335422
10000,2.0,50,64,13.0000,0.348766
10000,2.0,50,65,13.2000,0.363746
10000,2.0,50,66,13.4000,0.368434
10000,2.0,50,67,13.6000,0.375880
10000,2.0,50,68,13.8000,0.374820
10000,2.0,50,69,14.0000,0.374243
10000,2.0,50,70,14.2000,0.372592
10000,2.0,50,71,14.4000,0.371332
10000,2.0,50,72,14.6000,0.370591
10000,2.0,50,73,14.8000,0.371319
10000,2.0,50,74,15.0000,0.381754
10000,2.0,50,75,15.2000,0.364784
10000,2.0,50,76,15.4000,0.349876
10000,2.0,50,77,15.6000,0.314755
10000,2.0,50,78,15.8000,0.299495
10000,2.0,50,79,16.0000,0.300938
10000,2.0,50,80,16.2000,0.302112
10000,2.0,50,81,16.4000,0.303467
10000,2.0,50,82,16.6000,0.307186
10000,2.0,50,83,16.8000,0.310644
10000,2.0,50,84,17.0000,0.312561
10000,2.0,50,85,17.2000,0.317996
10000,2.0,50,86,17.4000,0.321419
10000,2.0,50,87,17.6000,0.327328
10000,2.0,50,88,17.8000,0.337663
10000,2.0,50,89,18.0000,0.326271
10000,2.0,50,90,18.2000,0.306237
10000,2.0,50,91,18.4000,0.290808
10000,2.0,50,92,18.6000,0.264573
10000,2.0,50,93,18.8000,0.263384
10000,2.0,50,94,19.0000,0.252604
10000,2.0,50,95,19.2000,0.241607
10000,2.0,50,96,19.4000,0.234921
10000,2.0,50,97,19.6000,0.217736
10000,2.0,50,98,19.8000,0.219108
10000,2.0,50,99,20.0000,0.219446
10000,2.0,60,0,0.2000,2.482976
10000,2.0,60,1,0.4000,2.330162
10000,2.0,60,2,0.6000,1.657718
10000,2.0,60,3,0.8000,1.623432
10000,2.0,60,4,1.0000,1.789228
10000,2.0,60,5,1.2000,1.638681
10000,2.0,60,6,1.4000,1.500839
10000,2.0,60,7,1.6000,1.365376
10000,2.0,60,8,1.8000,1.259164
10000,2.0,60,9,2.0000,1.166755
10000,2.0,60,10,2.2000,1.124688
10000,2.0,60,11,2.4000,1.041690
10000,2.0,60,12,2.6000,0.909354
10000,2.0,60,13,2.8000,0.552506
10000,2.0,60,14,3.0000,0.495039
10000,2.0,60,15,3.2000,0.437900
10000,2.0,60,16,3.4000,0.409730
10000,2.0,60,17,3.6000,0.387427
10000,2.0,60,18,3.8000,0.370892
10000,2.0,60,19,4.0000,0.367387
10000,2.0,60,20,4.2000,0.351778
10000,2.0,60,21,4.4000,0.347475
10000,2.0,60,22,4.6000,0.296529
10000,2.0,60,23,4.8000,0.263037
10000,2.0,60,24,5.0000,0.179052
10000,2.0,60,25,5.2000,0.170321
10000,2.0,60,26,5.4000,0.265718
10000,2.0,60,27,5.6000,0.300323
10000,2.0,60,28,5.8000,0.363748
10000,2.0,60,29,6.0000,0.538139
10000,2.0,60,30,6.2000,0.575340
10000,2.0,60,31,6.4000,0.574553
10000,2.0,60,32,6.6000,0.573581
10000,2.0,60,33,6.8000,0.572889
10000,2.0,60,34,7.0000,0.573099
10000,2.0,60,35,7.2000,0.573559
10000,2.0,60,36,7.4000,0.575686
10000,2.0,60,37,7.6000,0.577603
10000,2.0,60,38,7.8000,0.579869
10000,2.0,60,39,8.0000,0.582293
10000,2.0,60,40,8.2000,0.586904
10000,2.0,60,41,8.4000,0.593503
10000,2.0,60,42,8.6000,0.597918
10000,2.0,60,43,8.8000,0.605682
10000,2.0,60,44,9.0000,0.617811
10000,2.0,60,45,9.2000,0.632375
10000,2.0,60,46,9.4000,0.641783
10000,2.0,60,47,9.6000,0.644939
10000,2.0,60,48,9.8000,0.648750
10000,2.0,60,49,10.0000,0.654485
10000,2.0,60,50,10.2000,0.670320
10000,2.0,60,51,10.4000,0.685087
10000,2.0,60,52,10.6000,0.752002
10000,2.0,60,53,10.8000,0.776405
10000,2.0,60,54,11.0000,0.759860
10000,2.0,60,55,11.2000,0.808961
10000,2.0,60,56,11.4000,0.756109
10000,2.0,60,57,11.6000,0.650560
10000,2.0,60,58,11.8000,0.586577
10000,2.0,60,59,12.0000,0.546450
10000,2.0,60,60,12.2000,0.533025
10000,2.0,60,61,12.4000,0.495884
10000,2.0,60,62,12.6000,0.476728
10000,2.0,60,63,12.8000,0.472174
10000,2.0,60,64,13.0000,0.503067
10000,2.0,60,65,13.2000,0.522115
10000,2.0,60,66,13.4000,0.541969
10000,2.0,60,67,13.6000,0.555351
10000,2.0,60,68,13.8000,0.534947
10000,2.0,60,69,14.0000,0.554246
10000,2.0,60,70,14.2000,0.553618
10000,2.0,60,71,14.4000,0.521825
10000,2.0,60,72,14.6000,0.503578
10000,2.0,60,73,14.8000,0.483965
10000,2.0,60,74,15.0000,0.464768
10000,2.0,60,75,15.2000,0.447848
10000,2.0,60,76,15.4000,0.431592
10000,2.0,60,77,15.6000,0.405974
10000,2.0,60,78,15.8000,0.398839
10000,2.0,60,79,16.0000,0.383227
10000,2.0,60,80,16.2000,0.372175
10000,2.0,60,81,16.4000,0.373380
10000,2.0,60,82,16.6000,0.380587
10000,2.0,60,83,16.8000,0.386407
10000,2.0,60,84,17.0000,0.400213
10000,2.0,60,85,17.2000,0.409906
10000,2.0,60,86,17.4000,0.421336
10000,2.0,60,87,17.6000,0.431204
10000,2.0,60,88,17.8000,0.446610
10000,2.0,60,89,18.0000,0.433364
10000,2.0,60,90,18.2000,0.432310
10000,2.0,60,91,18.4000,0.440128
10000,2.0,60,92,18.6000,0.440697
10000,2.0,60,93,18.8000,0.435766
10000,2.0,60,94,19.0000,0.423798
10000,2.0,60,95,19.2000,0.417682
10000,2.0,60,96,19.4000,0.409767
10000,2.0,60,97,19.6000,0.408509
10000,2.0,60,98,19.8000,0.410266
10000,2.0,60,99,20.0000,0.410670
10000,2.0,70,0,0.2000,2.451924
10000,2.0,70,1,0.4000,2.044413
10000,2.0,70,2,0.6000,1.835884
10000,2.0,70,3,0.8000,1.678662
10000,2.0,70,4,1.0000,1.572721
10000,2.0,70,5,1.2000,1.573409
10000,2.0,70,6,1.4000,1.577546
10000,2.0,70,7,1.6000,1.481411
10000,2.0,70,8,1.8000,1.316078
10000,2.0,70,9,2.0000,1.325801
10000,2.0,70,10,2.2000,1.327654
10000,2.0,70,11,2.4000,1.217029
10000,2.0,70,12,2.6000,1.041715
10000,2.0,70,13,2.8000,0.764313
10000,2.0,70,14,3.0000,0.764689
10000,2.0,70,15,3.2000,0.775017
10000,2.0,70,16,3.4000,0.784689
10000,2.0,70,17,3.6000,0.793146
10000,2.0,70,18,3.8000,0.800366
10000,2.0,70,19,4.0000,0.803088
10000,2.0,70,20,4.2000,0.727137
10000,2.0,70,21,4.4000,0.774729
10000,2.0,70,22,4.6000,0.388246
10000,2.0,70,23,4.8000,0.337811
10000,2.0,70,24,5.0000,0.285873
10000,2.0,70,25,5.2000,0.294162
10000,2.0,70,26,5.4000,0.450435
10000,2.0,70,27,5.6000,0.472904
10000,2.0,70,28,5.8000,0.396613
10000,2.0,70,29,6.0000,0.338116
10000,2.0,70,30,6.2000,0.292494
10000,2.0,70,31,6.4000,0.397195
10000,2.0,70,32,6.6000,0.388462
10000,2.0,70,33,6.8000,0.342427
10000,2.0,70,34,7.0000,0.307935
10000,2.0,70,35,7.2000,0.259065
10000,2.0,70,36,7.4000,0.223451
10000,2.0,70,37,7.6000,0.223725
10000,2.0,70,38,7.8000,0.230802
10000,2.0,70,39,8.0000,0.251423
10000,2.0,70,40,8.2000,0.236991
10000,2.0,70,41,8.4000,0.183886
10000,2.0,70,42,8.6000,0.184281
10000,2.0,70,43,8.8000,0.181381
10000,2.0,70,44,9.0000,0.165835
10000,2.0,70,45,9.2000,0.171749
10000,2.0,70,46,9.4000,0.172075
10000,2.0,70,47,9.6000,0.175887
10000,2.0,70,48,9.8000,0.158816
10000,2.0,70,49,10.0000,0.164049
10000,2.0,70,50,10.2000,0.164057
10000,2.0,70,51,10.4000,0.174412
10000,2.0,70,52,10.6000,0.187892
10000,2.0,70,53,10.8000,0.200079
10000,2.0,70,54,11.0000,0.209043
10000,2.0,70,55,11.2000,0.216582
10000,2.0,70,56,11.4000,0.223471
10000,2.0,70,57,11.6000,0.233265
10000,2.0,70,58,11.8000,0.239271
10000,2.0,70,59,12.0000,0.245984
10000,2.0,70,60,12.2000,0.246935
10000,2.0,70,61,12.4000,0.245361
10000,2.0,70,62,12.6000,0.225888
10000,2.0,70,63,12.8000,0.237675
10000,2.0,70,64,13.0000,0.215106
10000,2.0,70,65,13.2000,0.198235
10000,2.0,70,66,13.4000,0.200950
10000,2.0,70,67,13.6000,0.206283
10000,2.0,70,68,13.8000,0.216320
10000,2.0,70,69,14.0000,0.216547
10000,2.0,70,70,14.2000,0.196167
10000,2.0,70,71,14.4000,0.176883
10000,2.0,70,72,14.6000,0.159570
10000,2.0,70,73,14.8000,0.142109
10000,2.0,70,74,15.0000,0.128157
10000,2.0,70,75,15.2000,0.118404
10000,2.0,70,76,15.4000,0.098686
10000,2.0,70,77,15.6000,0.088388
10000,2.0,70,78,15.8000,0.081493
10000,2.0,70,79,16.0000,0.072268
10000,2.0,70,80,16.2000,0.068506
10000,2.0,70,81,16.4000,0.066516
10000,2.0,70,82,16.6000,0.063927
10000,2.0,70,83,16.8000,0.065533
10000,2.0,70,84,17.0000,0.064997
10000,2.0,70,85,17.2000,0.064763
10000,2.0,70,86,17.4000,0.066902
10000,2.0,70,87,17.6000,0.069179
10000,2.0,70,88,17.8000,0.073496
10000,2.0,70,89,18.0000,0.080709
10000,2.0,70,90,18.2000,0.090544
10000,2.0,70,91,18.4000,0.101221
10000,2.0,70,92,18.6000,0.111515
10000,2.0,70,93,18.8000,0.120718
10000,2.0,70,94,19.0000,0.126105
10000,2.0,70,95,19.2000,0.122128
10000,2.0,70,96,19.4000,0.122772
10000,2.0,70,97,19.6000,0.114407
10000,2.0,70,98,19.8000,0.113685
10000,2.0,70,99,20.0000,0.120041
10000,2.0,80,0,0.2000,2.274205
10000,2.0,80,1,0.4000,2.048634
10000,2.0,80,2,0.6000,2.033681
10000,2.0,80,3,0.8000,1.888753
10000,2.0,80,4,1.0000,1.431232
10000,2.0,80,5,1.2000,1.311131
10000,2.0,80,6,1.4000,1.243781
10000,2.0,80,7,1.6000,1.195598
10000,2.0,80,8,1.8000,1.206583
10000,2.0,80,9,2.0000,1.217603
10000,2.0,80,10,2.2000,1.123052
10000,2.0,80,11,2.4000,1.020556
10000,2.0,80,12,2.6000,1.008832
10000,2.0,80,13,2.8000,1.014988
10000,2.0,80,14,3.0000,0.519462
10000,2.0,80,15,3.2000,0.431200
10000,2.0,80,16,3.4000,0.314258
10000,2.0,80,17,3.6000,0.286194
10000,2.0,80,18,3.8000,0.258148
10000,2.0,80,19,4.0000,0.261710
10000,2.0,80,20,4.2000,0.267068
10000,2.0,80,21,4.4000,0.224540
10000,2.0,80,22,4.6000,0.210643
10000,2.0,80,23,4.8000,0.408566
10000,2.0,80,24,5.0000,0.307415
10000,2.0,80,25,5.2000,0.243725
10000,2.0,80,26,5.4000,0.217824
10000,2.0,80,27,5.6000,0.316802
10000,2.0,80,28,5.8000,0.127730
10000,2.0,80,29,6.0000,0.149282
10000,2.0,80,30,6.2000,0.244443
10000,2.0,80,31,6.4000,0.282079
10000,2.0,80,32,6.6000,0.336296
10000,2.0,80,33,6.8000,0.393152
10000,2.0,80,34,7.0000,0.378242
10000,2.0,80,35,7.2000,0.357851
10000,2.0,80,36,7.4000,0.315994
10000,2.0,80,37,7.6000,0.294917
10000,2.0,80,38,7.8000,0.308192
10000,2.0,80,39,8.0000,0.330616
10000,2.0,80,40,8.2000,0.298906
10000,2.0,80,41,8.4000,0.269206
10000,2.0,80,42,8.6000,0.241688
10000,2.0,80,43,8.8000,0.215671
10000,2.0,80,44,9.0000,0.193546
10000,2.0,80,45,9.2000,0.174743
10000,2.0,80,46,9.4000,0.155948
10000,2.0,80,47,9.6000,0.153330
10000,2.0,80,48,9.8000,0.157628
10000,2.0,80,49,10.0000,0.162544
10000,2.0,80,50,10.2000,0.151652
10000,2.0,80,51,10.4000,0.137546
10000,2.0,80,52,10.6000,0.136320
10000,2.0,80,53,10.8000,0.149449
10000,2.0,80,54,11.0000,0.159041
10000,2.0,80,55,11.2000,0.174938
10000,2.0,80,56,11.4000,0.187722
10000,2.0,80,57,11.6000,0.210905
10000,2.0,80,58,11.8000,0.236771
10000,2.0,80,59,12.0000,0.226900
10000,2.0,80,60,12.2000,0.215843
10000,2.0,80,61,12.4000,0.208334
10000,2.0,80,62,12.6000,0.203519
10000,2.0,80,63,12.8000,0.200385
10000,2.0,80,64,13.0000,0.207233
10000,2.0,80,65,13.2000,0.198658
10000,2.0,80,66,13.4000,0.195878
10000,2.0,80,67,13.6000,0.204602
10000,2.0,80,68,13.8000,0.228571
10000,2.0,80,69,14.0000,0.241186
10000,2.0,80,70,14.2000,0.257819
10000,2.0,80,71,14.4000,0.268696
10000,2.0,80,72,14.6000,0.267129
10000,2.0,80,73,14.8000,0.255620
10000,2.0,80,74,15.0000,0.249817
10000,2.0,80,75,15.2000,0.261184
10000,2.0,80,76,15.4000,0.256376
10000,2.0,80,77,15.6000,0.258320
10000,2.0,80,78,15.8000,0.253272
10000,2.0,80,79,16.0000,0.247293
10000,2.0,80,80,16.2000,0.235609
10000,2.0,80,81,16.4000,0.242837
10000,2.0,80,82,16.6000,0.257205
10000,2.0,80,83,16.8000,0.266101
10000,2.0,80,84,17.0000,0.268470
10000,2.0,80,85,17.2000,0.269646
10000,2.0,80,86,17.4000,0.274774
10000,2.0,80,87,17.6000,0.268623
10000,2.0,80,88,17.8000,0.262916
10000,2.0,80,89,18.0000,0.258885
10000,2.0,80,90,18.2000,0.255074
10000,2.0,80,91,18.4000,0.251391
10000,2.0,80,92,18.6000,0.248750
10000,2.0,80,93,18.8000,0.250328
10000,2.0,80,94,19.0000,0.258859
10000,2.0,80,95,19.2000,0.273648
10000,2.0,80,96,19.4000,0.283695
10000,2.0,80,97,19.6000,0.294282
10000,2.0,80,98,19.8000,0.304779
10000,2.0,80,99,20.0000,0.315378
10000,2.0,90,0,0.2000,2.549259
10000,2.0,90,1,0.4000,2.447434
10000,2.0,90,2,0.6000,2.359514
10000,2.0,90,3,0.8000,1.936816
10000,2.0,90,4,1.0000,1.913727
10000,2.0,90,5,1.2000,1.758875
10000,2.0,90,6,1.4000,1.790698
10000,2.0,90,7,1.6000,1.659982
10000,2.0,90,8,1.8000,1.570530
10000,2.0,90,9,2.0000,1.476812
10000,2.0,90,10,2.2000,1.368246
10000,2.0,90,11,2.4000,1.468322
10000,2.0,90,12,2.6000,1.441086
10000,2.0,90,13,2.8000,1.360970
10000,2.0,90,14,3.0000,1.143039
10000,2.0,90,15,3.2000,0.377649
10000,2.0,90,16,3.4000,0.534150
10000,2.0,90,17,3.6000,0.402841
10000,2.0,90,18,3.8000,0.282215
10000,2.0,90,19,4.0000,0.247921
10000,2.0,90,20,4.2000,0.248574
10000,2.0,90,21,4.4000,0.243212
10000,2.0,90,22,4.6000,0.235196
10000,2.0,90,23,4.8000,0.233830
10000,2.0,90,24,5.0000,0.228388
10000,2.0,90,25,5.2000,0.227037
10000,2.0,90,26,5.4000,0.225846
10000,2.0,90,27,5.6000,0.227670
10000,2.0,90,28,5.8000,0.211131
10000,2.0,90,29,6.0000,0.273169
10000,2.0,90,30,6.2000,0.182085
10000,2.0,90,31,6.4000,0.170213
10000,2.0,90,32,6.6000,0.231367
10000,2.0,90,33,6.8000,0.187019
10000,2.0,90,34,7.0000,0.159530
10000,2.0,90,35,7.2000,0.135416
10000,2.0,90,36,7.4000,0.132249
10000,2.0,90,37,7.6000,0.160770
10000,2.0,90,38,7.8000,0.137481
10000,2.0,90,39,8.0000,0.132548
10000,2.0,90,40,8.2000,0.130387
10000,2.0,90,41,8.4000,0.127000
10000,2.0,90,42,8.6000,0.119807
10000,2.0,90,43,8.8000,0.126040
10000,2.0,90,44,9.0000,0.136513
10000,2.0,90,45,9.2000,0.134752
10000,2.0,90,46,9.4000,0.125594
10000,2.0,90,47,9.6000,0.125780
10000,2.0,90,48,9.8000,0.123751
10000,2.0,90,49,10.0000,0.127516
10000,2.0,90,50,10.2000,0.120088
10000,2.0,90,51,10.4000,0.127999
10000,2.0,90,52,10.6000,0.139051
10000,2.0,90,53,10.8000,0.128510
10000,2.0,90,54,11.0000,0.127716
10000,2.0,90,55,11.2000,0.128088
10000,2.0,90,56,11.4000,0.138013
10000,2.0,90,57,11.6000,0.138529
10000,2.0,90,58,11.8000,0.140287
10000,2.0,90,59,12.0000,0.144731
10000,2.0,90,60,12.2000,0.151422
10000,2.0,90,61,12.4000,0.157719
10000,2.0,90,62,12.6000,0.157029
10000,2.0,90,63,12.8000,0.150631
10000,2.0,90,64,13.0000,0.144432
10000,2.0,90,65,13.2000,0.136842
10000,2.0,90,66,13.4000,0.140057
10000,2.0,90,67,13.6000,0.151534
10000,2.0,90,68,13.8000,0.160438
10000,2.0,90,69,14.0000,0.172908
10000,2.0,90,70,14.2000,0.176060
10000,2.0,90,71,14.4000,0.170064
10000,2.0,90,72,14.6000,0.164631
10000,2.0,90,73,14.8000,0.161694
10000,2.0,90,74,15.0000,0.159378
10000,2.0,90,75,15.2000,0.165134
10000,2.0,90,76,15.4000,0.176959
10000,2.0,90,77,15.6000,0.170170
10000,2.0,90,78,15.8000,0.167174
10000,2.0,90,79,16.0000,0.158092
10000,2.0,90,80,16.2000,0.156479
10000,2.0,90,81,16.4000,0.167219
10000,2.0,90,82,16.6000,0.176925
10000,2.0,90,83,16.8000,0.182351
10000,2.0,90,84,17.0000,0.178541
10000,2.0,90,85,17.2000,0.176209
10000,2.0,90,86,17.4000,0.172247
10000,2.0,90,87,17.6000,0.170768
10000,2.0,90,88,17.8000,0.169572
10000,2.0,90,89,18.0000,0.169950
10000,2.0,90,90,18.2000,0.172137
10000,2.0,90,91,18.4000,0.171115
10000,2.0,90,92,18.6000,0.161576
10000,2.0,90,93,18.8000,0.157723
10000,2.0,90,94,19.0000,0.148652
10000,2.0,90,95,19.2000,0.135835
10000,2.0,90,96,19.4000,0.129440
10000,2.0,90,97,19.6000,0.134943
10000,2.0,90,98,19.8000,0.124120
10000,2.0,90,99,20.0000,0.111629
100,0.01,10,0,0.2000,2.221447
100,0.01,10,1,0.4000,10.791632
100,0.01,10,2,0.6000,5.610611
100,0.01,10,3,0.8000,8.494366
100,0.01,10,4,1.0000,7.991081
100,0.01,10,5,1.2000,8.017384
100,0.01,10,6,1.4000,8.310583
100,0.01,10,7,1.6000,7.910168
100,0.01,10,8,1.8000,7.915334
100,0.01,10,9,2.0000,8.083057
100,0.01,10,10,2.2000,7.873976
100,0.01,10,11,2.4000,7.796091
100,0.01,10,12,2.6000,7.767025
100,0.01,10,13,2.8000,7.822734
100,0.01,10,14,3.0000,7.783574
100,0.01,10,15,3.2000,7.785327
100,0.01,10,16,3.4000,2.732252
100,0.01,10,17,3.6000,2.564068
100,0.01,10,18,3.8000,2.563457
100,0.01,10,19,4.0000,2.522204
100,0.01,10,20,4.2000,2.482374
100,0.01,10,21,4.4000,2.479734
100,0.01,10,22,4.6000,2.458259
100,0.01,10,23,4.8000,2.463857
100,0.01,10,24,5.0000,2.474396
100,0.01,10,25,5.2000,2.473731
100,0.01,10,26,5.4000,2.472354
100,0.01,10,27,5.6000,2.501649
100,0.01,10,28,5.8000,2.503632
100,0.01,10,29,6.0000,2.489427
100,0.01,10,30,6.2000,2.452681
100,0.01,10,31,6.4000,2.455283
100,0.01,10,32,6.6000,2.459220
100,0.01,10,33,6.8000,2.456997
100,0.01,10,34,7.0000,2.457138
100,0.01,10,35,7.2000,2.438057
100,0.01,10,36,7.4000,2.430147
100,0.01,10,37,7.6000,2.428847
100,0.01,10,38,7.8000,2.388846
100,0.01,10,39,8.0000,2.388660
100,0.01,10,40,8.2000,2.391494
100,0.01,10,41,8.4000,2.377980
100,0.01,10,42,8.6000,2.383053
100,0.01,10,43,8.8000,2.344861
100,0.01,10,44,9.0000,2.007344
100,0.01,10,45,9.2000,1.222636
100,0.01,10,46,9.4000,0.853134
100,0.01,10,47,9.6000,0.540026
100,0.01,10,48,9.8000,0.420729
100,0.01,10,49,10.0000,0.429669
100,0.01,10,50,10.2000,0.428021
100,0.01,10,51,10.4000,0.411685
100,0.01,10,52,10.6000,0.369555
100,0.01,10,53,10.8000,0.344236
100,0.01,10,54,11.0000,0.351815
100,0.01,10,55,11.2000,0.352037
100,0.01,10,56,11.4000,0.352249
100,0.01,10,57,11.6000,0.352586
100,0.01,10,58,11.8000,0.352555
100,0.01,10,59,12.0000,0.352248
100,0.01,10,60,12.2000,0.353353
100,0.01,10,61,12.4000,0.353348
100,0.01,10,62,12.6000,0.353784
100,0.01,10,63,12.8000,0.354041
100,0.01,10,64,13.0000,0.354377
100,0.01,10,65,13.2000,0.353821
100,0.01,10,66,13.4000,0.359989
100,0.01,10,67,13.6000,0.364180
100,0.01,10,68,13.8000,0.361825
100,0.01,10,69,14.0000,0.362080
100,0.01,10,70,14.2000,0.361947
100,0.01,10,71,14.4000,0.361483
100,0.01,10,72,14.6000,0.365733
100,0.01,10,73,14.8000,0.365521
100,0.01,10,74,15.0000,0.365821
100,0.01,10,75,15.2000,0.366185
100,0.01,10,76,15.4000,0.366860
100,0.01,10,77,15.6000,0.366398
100,0.01,10,78,15.8000,0.367009
100,0.01,10,79,16.0000,0.373844
100,0.01,10,80,16.2000,0.370637
100,0.01,10,81,16.4000,0.369681
100,0.01,10,82,16.6000,0.349799
100,0.01,10,83,16.8000,0.384133
100,0.01,10,84,17.0000,0.408089
100,0.01,10,85,17.2000,0.377470
100,0.01,10,86,17.4000,0.379186
100,0.01,10,87,17.6000,0.354875
100,0.01,10,88,17.8000,0.341510
100,0.01,10,89,18.0000,0.325221
100,0.01,10,90,18.2000,0.314360
100,0.01,10,91,18.4000,0.320243
100,0.01,10,92,18.6000,0.314451
100,0.01,10,93,18.8000,0.314758
100,0.01,10,94,19.0000,0.285850
100,0.01,10,95,19.2000,0.279038
100,0.01,10,96,19.4000,0.272894
100,0.01,10,97,19.6000,0.268895
100,0.01,10,98,19.8000,0.261476
100,0.01,10,99,20.0000,0.260689
100,0.01,100,0,0.2000,2.563838
100,0.01,100,1,0.4000,1.926302
100,0.01,100,2,0.6000,1.912613
100,0.01,100,3,0.8000,1.867423
100,0.01,100,4,1.0000,2.142689
100,0.01,100,5,1.2000,2.368924
100,0.01,100,6,1.4000,2.368288
100,0.01,100,7,1.6000,2.372837
100,0.01,100,8,1.8000,2.372317
100,0.01,100,9,2.0000,1.955072
100,0.01,100,10,2.2000,2.331142
100,0.01,100,11,2.4000,1.958332
100,0.01,100,12,2.6000,1.848794
100,0.01,100,13,2.8000,1.583595
100,0.01,100,14,3.0000,1.538314
100,0.01,100,15,3.2000,1.002961
100,0.01,100,16,3.4000,0.636153
100,0.01,100,17,3.6000,0.639496
100,0.01,100,18,3.8000,0.656558
100,0.01,100,19,4.0000,0.644307
100,0.01,100,20,4.2000,0.447349
100,0.01,100,21,4.4000,0.441625
100,0.01,100,22,4.6000,0.434644
100,0.01,100,23,4.8000,0.429488
100,0.01,100,24,5.0000,0.356600
100,0.01,100,25,5.2000,0.332158
100,0.01,100,26,5.4000,0.328096
100,0.01,100,27,5.6000,0.328371
100,0.01,100,28,5.8000,0.328405
100,0.01,100,29,6.0000,0.308413
100,0.01,100,30,6.2000,0.316137
100,0.01,100,31,6.4000,0.313465
100,0.01,100,32,6.6000,0.353752
100,0.01,100,33,6.8000,0.362109
100,0.01,100,34,7.0000,0.440691
100,0.01,100,35,7.2000,0.399249
100,0.01,100,36,7.4000,0.385555
100,0.01,100,37,7.6000,0.370619
100,0.01,100,38,7.8000,0.362480
100,0.01,100,39,8.0000,0.344370
100,0.01,100,40,8.2000,0.345481
100,0.01,100,41,8.4000,0.324441
100,0.01,100,42,8.6000,0.348578
100,0.01,100,43,8.8000,0.272219
100,0.01,100,44,9.0000,0.259182
100,0.01,100,45,9.2000,0.253642
100,0.01,100,46,9.4000,0.248757
100,0.01,100,47,9.6000,0.255756
100,0.01,100,48,9.8000,0.240620
100,0.01,100,49,10.0000,0.233044
100,0.01,100,50,10.2000,0.224742
100,0.01,100,51,10.4000,0.187365
100,0.01,100,52,10.6000,0.165723
100,0.01,100,53,10.8000,0.162156
100,0.01,100,54,11.0000,0.165295
100,0.01,100,55,11.2000,0.161232
100,0.01,100,56,11.4000,0.185140
100,0.01,100,57,11.6000,0.159658
100,0.01,100,58,11.8000,0.155615
100,0.01,100,59,12.0000,0.150567
100,0.01,100,60,12.2000,0.153919
100,0.01,100,61,12.4000,0.167932
100,0.01,100,62,12.6000,0.165607
100,0.01,100,63,12.8000,0.158762
100,0.01,100,64,13.0000,0.153718
100,0.01,100,65,13.2000,0.151085
100,0.01,100,66,13.4000,0.149544
100,0.01,100,67,13.6000,0.149714
100,0.01,100,68,13.8000,0.148207
100,0.01,100,69,14.0000,0.147828
100,0.01,100,70,14.2000,0.147271
100,0.01,100,71,14.4000,0.146560
100,0.01,100,72,14.6000,0.124588
100,0.01,100,73,14.8000,0.119175
100,0.01,100,74,15.0000,0.120213
100,0.01,100,75,15.2000,0.128806
100,0.01,100,76,15.4000,0.133386
100,0.01,100,77,15.6000,0.132854
100,0.01,100,78,15.8000,0.141559
100,0.01,100,79,16.0000,0.152015
100,0.01,100,80,16.2000,0.149555
100,0.01,100,81,16.4000,0.136512
100,0.01,100,82,16.6000,0.140848
100,0.01,100,83,16.8000,0.135148
100,0.01,100,84,17.0000,0.132573
100,0.01,100,85,17.2000,0.129665
100,0.01,100,86,17.4000,0.126111
100,0.01,100,87,17.6000,0.131999
100,0.01,100,88,17.8000,0.129675
100,0.01,100,89,18.0000,0.131640
100,0.01,100,90,18.2000,0.132224
100,0.01,100,91,18.4000,0.152315
100,0.01,100,92,18.6000,0.188851
100,0.01,100,93,18.8000,0.184677
100,0.01,100,94,19.0000,0.188783
100,0.01,100,95,19.2000,0.185962
100,0.01,100,96,19.4000,0.179499
100,0.01,100,97,19.6000,0.170467
100,0.01,100,98,19.8000,0.197274
100,0.01,100,99,20.0000,0.208760
100,0.01,20,0,0.2000,4.426656
100,0.01,20,1,0.4000,4.968948
100,0.01,20,2,0.6000,4.019446
100,0.01,20,3,0.8000,2.217389
100,0.01,20,4,1.0000,1.574035
100,0.01,20,5,1.2000,1.039730
100,0.01,20,6,1.4000,1.005564
100,0.01,20,7,1.6000,0.945467
100,0.01,20,8,1.8000,0.941196
100,0.01,20,9,2.0000,0.776057
100,0.01,20,10,2.2000,0.747029
100,0.01,20,11,2.4000,0.767001
100,0.01,20,12,2.6000,0.467171
100,0.01,20,13,2.8000,0.386451
100,0.01,20,14,3.0000,0.355115
100,0.01,20,15,3.2000,0.370921
100,0.01,20,16,3.4000,0.350392
100,0.01,20,17,3.6000,0.344397
100,0.01,20,18,3.8000,0.345128
100,0.01,20,19,4.0000,0.348794
100,0.01,20,20,4.2000,0.337701
100,0.01,20,21,4.4000,0.355599
100,0.01,20,22,4.6000,0.348687
100,0.01,20,23,4.8000,0.356103
100,0.01,20,24,5.0000,0.350147
100,0.01,20,25,5.2000,0.347563
100,0.01,20,26,5.4000,0.348500
100,0.01,20,27,5.6000,0.336026
100,0.01,20,28,5.8000,0.363409
100,0.01,20,29,6.0000,0.902770
100,0.01,20,30,6.2000,0.857391
100,0.01,20,31,6.4000,0.336484
100,0.01,20,32,6.6000,0.354266
100,0.01,20,33,6.8000,0.348281
100,0.01,20,34,7.0000,0.370381
100,0.01,20,35,7.2000,0.372819
100,0.01,20,36,7.4000,0.364866
100,0.01,20,37,7.6000,0.359183
100,0.01,20,38,7.8000,0.358556
100,0.01,20,39,8.0000,0.355936
100,0.01,20,40,8.2000,0.352909
100,0.01,20,41,8.4000,0.344115
100,0.01,20,42,8.6000,0.342978
100,0.01,20,43,8.8000,0.325006
100,0.01,20,44,9.0000,0.355297
100,0.01,20,45,9.2000,0.338319
100,0.01,20,46,9.4000,0.319994
100,0.01,20,47,9.6000,0.322167
100,0.01,20,48,9.8000,0.319837
100,0.01,20,49,10.0000,0.322319
100,0.01,20,50,10.2000,0.308636
100,0.01,20,51,10.4000,0.307438
100,0.01,20,52,10.6000,0.308534
100,0.01,20,53,10.8000,0.298248
100,0.01,20,54,11.0000,0.287349
100,0.01,20,55,11.2000,0.271562
100,0.01,20,56,11.4000,0.292074
100,0.01,20,57,11.6000,0.263128
100,0.01,20,58,11.8000,0.227807
100,0.01,20,59,12.0000,0.164666
100,0.01,20,60,12.2000,0.156371
100,0.01,20,61,12.4000,0.158461
100,0.01,20,62,12.6000,0.148286
100,0.01,20,63,12.8000,0.132138
100,0.01,20,64,13.0000,0.170730
100,0.01,20,65,13.2000,0.151122
100,0.01,20,66,13.4000,0.147678
100,0.01,20,67,13.6000,0.171667
100,0.01,20,68,13.8000,0.160710
100,0.01,20,69,14.0000,0.181031
100,0.01,20,70,14.2000,0.164382
100,0.01,20,71,14.4000,0.166331
100,0.01,20,72,14.6000,0.165559
100,0.01,20,73,14.8000,0.164496
100,0.01,20,74,15.0000,0.163144
100,0.01,20,75,15.2000,0.162649
100,0.01,20,76,15.4000,0.160892
100,0.01,20,77,15.6000,0.159278
100,0.01,20,78,15.8000,0.159406
100,0.01,20,79,16.0000,0.159376
100,0.01,20,80,16.2000,0.159169
100,0.01,20,81,16.4000,0.159537
100,0.01,20,82,16.6000,0.148273
100,0.01,20,83,16.8000,0.146483
100,0.01,20,84,17.0000,0.155829
100,0.01,20,85,17.2000,0.151062
100,0.01,20,86,17.4000,0.155688
100,0.01,20,87,17.6000,0.149883
100,0.01,20,88,17.8000,0.161664
100,0.01,20,89,18.0000,0.156769
100,0.01,20,90,18.2000,0.157859
100,0.01,20,91,18.4000,0.151872
100,0.01,20,92,18.6000,0.140381
100,0.01,20,93,18.8000,0.117797
100,0.01,20,94,19.0000,0.107219
100,0.01,20,95,19.2000,0.106736
100,0.01,20,96,19.4000,0.106424
100,0.01,20,97,19.6000,0.106682
100,0.01,20,98,19.8000,0.109060
100,0.01,20,99,20.0000,0.108222
100,0.01,30,0,0.2000,7.047848
100,0.01,30,1,0.4000,3.459989
100,0.01,30,2,0.6000,3.294181
100,0.01,30,3,0.8000,3.461238
100,0.01,30,4,1.0000,3.166460
100,0.01,30,5,1.2000,3.175404
100,0.01,30,6,1.4000,3.246225
100,0.01,30,7,1.6000,3.099201
100,0.01,30,8,1.8000,4.196539
100,0.01,30,9,2.0000,4.349313
100,0.01,30,10,2.2000,4.352157
100,0.01,30,11,2.4000,4.176866
100,0.01,30,12,2.6000,4.158900
100,0.01,30,13,2.8000,4.114205
100,0.01,30,14,3.0000,1.411037
100,0.01,30,15,3.2000,0.938756
100,0.01,30,16,3.4000,0.755362
100,0.01,30,17,3.6000,0.584312
100,0.01,30,18,3.8000,0.614013
100,0.01,30,19,4.0000,0.536851
100,0.01,30,20,4.2000,0.817883
100,0.01,30,21,4.4000,0.744794
100,0.01,30,22,4.6000,0.815176
100,0.01,30,23,4.8000,0.587485
100,0.01,30,24,5.0000,0.550226
100,0.01,30,25,5.2000,0.542310
100,0.01,30,26,5.4000,0.552421
100,0.01,30,27,5.6000,0.543413
100,0.01,30,28,5.8000,0.552526
100,0.01,30,29,6.0000,0.601332
100,0.01,30,30,6.2000,0.597125
100,0.01,30,31,6.4000,0.554458
100,0.01,30,32,6.6000,0.666269
100,0.01,30,33,6.8000,0.629730
100,0.01,30,34,7.0000,0.499227
100,0.01,30,35,7.2000,0.295845
100,0.01,30,36,7.4000,0.290919
100,0.01,30,37,7.6000,0.290984
100,0.01,30,38,7.8000,0.279300
100,0.01,30,39,8.0000,0.218145
100,0.01,30,40,8.2000,0.215604
100,0.01,30,41,8.4000,0.215617
100,0.01,30,42,8.6000,0.214717
100,0.01,30,43,8.8000,0.214692
100,0.01,30,44,9.0000,0.205287
100,0.01,30,45,9.2000,0.189007
100,0.01,30,46,9.4000,0.203982
100,0.01,30,47,9.6000,0.200535
100,0.01,30,48,9.8000,0.196851
100,0.01,30,49,10.0000,0.248549
100,0.01,30,50,10.2000,0.186575
100,0.01,30,51,10.4000,0.153317
100,0.01,30,52,10.6000,0.145290
100,0.01,30,53,10.8000,0.188556
100,0.01,30,54,11.0000,0.154554
100,0.01,30,55,11.2000,0.189552
100,0.01,30,56,11.4000,0.139559
100,0.01,30,57,11.6000,0.201152
100,0.01,30,58,11.8000,0.172613
100,0.01,30,59,12.0000,0.156306
100,0.01,30,60,12.2000,0.119463
100,0.01,30,61,12.4000,0.113759
100,0.01,30,62,12.6000,0.116124
100,0.01,30,63,12.8000,0.116336
100,0.01,30,64,13.0000,0.117544
100,0.01,30,65,13.2000,0.117034
100,0.01,30,66,13.4000,0.117031
100,0.01,30,67,13.6000,0.122139
100,0.01,30,68,13.8000,0.122387
100,0.01,30,69,14.0000,0.119843
100,0.01,30,70,14.2000,0.123023
100,0.01,30,71,14.4000,0.126464
100,0.01,30,72,14.6000,0.154125
100,0.01,30,73,14.8000,0.156020
100,0.01,30,74,15.0000,0.175174
100,0.01,30,75,15.2000,0.161580
100,0.01,30,76,15.4000,0.188704
100,0.01,30,77,15.6000,0.186056
100,0.01,30,78,15.8000,0.186887
100,0.01,30,79,16.0000,0.187263
100,0.01,30,80,16.2000,0.185705
100,0.01,30,81,16.4000,0.192585
100,0.01,30,82,16.6000,0.189001
100,0.01,30,83,16.8000,0.200897
100,0.01,30,84,17.0000,0.201242
100,0.01,30,85,17.2000,0.198917
100,0.01,30,86,17.4000,0.198303
100,0.01,30,87,17.6000,0.199152
100,0.01,30,88,17.8000,0.197819
100,0.01,30,89,18.0000,0.226526
100,0.01,30,90,18.2000,0.181034
100,0.01,30,91,18.4000,0.169383
100,0.01,30,92,18.6000,0.141216
100,0.01,30,93,18.8000,0.144503
100,0.01,30,94,19.0000,0.148562
100,0.01,30,95,19.2000,0.142796
100,0.01,30,96,19.4000,0.137585
100,0.01,30,97,19.6000,0.134440
100,0.01,30,98,19.8000,0.133336
100,0.01,30,99,20.0000,0.132669
100,0.01,40,0,0.2000,2.793786
100,0.01,40,1,0.4000,2.056416
100,0.01,40,2,0.6000,3.134209
100,0.01,40,3,0.8000,2.653446
100,0.01,40,4,1.0000,2.661890
100,0.01,40,5,1.2000,0.778999
100,0.01,40,6,1.4000,0.659641
100,0.01,40,7,1.6000,0.539159
100,0.01,40,8,1.8000,0.542475
100,0.01,40,9,2.0000,0.568890
100,0.01,40,10,2.2000,0.545051
100,0.01,40,11,2.4000,0.537415
100,0.01,40,12,2.6000,0.508587
100,0.01,40,13,2.8000,0.425973
100,0.01,40,14,3.0000,0.428263
100,0.01,40,15,3.2000,0.413790
100,0.01,40,16,3.4000,0.412245
100,0.01,40,17,3.6000,0.412700
100,0.01,40,18,3.8000,0.407504
100,0.01,40,19,4.0000,0.409465
100,0.01,40,20,4.2000,0.408743
100,0.01,40,21,4.4000,0.409569
100,0.01,40,22,4.6000,0.409861
100,0.01,40,23,4.8000,0.410350
100,0.01,40,24,5.0000,0.417440
100,0.01,40,25,5.2000,0.390436
100,0.01,40,26,5.4000,0.432515
100,0.01,40,27,5.6000,0.334317
100,0.01,40,28,5.8000,0.879640
100,0.01,40,29,6.0000,0.617415
100,0.01,40,30,6.2000,0.481177
100,0.01,40,31,6.4000,0.386827
100,0.01,40,32,6.6000,0.420842
100,0.01,40,33,6.8000,0.357925
100,0.01,40,34,7.0000,0.314260
100,0.01,40,35,7.2000,0.282600
100,0.01,40,36,7.4000,0.254256
100,0.01,40,37,7.6000,0.246739
100,0.01,40,38,7.8000,0.267669
100,0.01,40,39,8.0000,0.251052
100,0.01,40,40,8.2000,0.232747
100,0.01,40,41,8.4000,0.250749
100,0.01,40,42,8.6000,0.244354
100,0.01,40,43,8.8000,0.241304
100,0.01,40,44,9.0000,0.236415
100,0.01,40,45,9.2000,0.227652
100,0.01,40,46,9.4000,0.220202
100,0.01,40,47,9.6000,0.226032
100,0.01,40,48,9.8000,0.230951
100,0.01,40,49,10.0000,0.225545
100,0.01,40,50,10.2000,0.218646
100,0.01,40,51,10.4000,0.217176
100,0.01,40,52,10.6000,0.200891
100,0.01,40,53,10.8000,0.198654
100,0.01,40,54,11.0000,0.203945
100,0.01,40,55,11.2000,0.223649
100,0.01,40,56,11.4000,0.200193
100,0.01,40,57,11.6000,0.245890
100,0.01,40,58,11.8000,0.250779
100,0.01,40,59,12.0000,0.251509
100,0.01,40,60,12.2000,0.254743
100,0.01,40,61,12.4000,0.254803
100,0.01,40,62,12.6000,0.259780
100,0.01,40,63,12.8000,0.277927
100,0.01,40,64,13.0000,0.271691
100,0.01,40,65,13.2000,0.271288
100,0.01,40,66,13.4000,0.274075
100,0.01,40,67,13.6000,0.276623
100,0.01,40,68,13.8000,0.270950
100,0.01,40,69,14.0000,0.287853
100,0.01,40,70,14.2000,0.303760
100,0.01,40,71,14.4000,0.302623
100,0.01,40,72,14.6000,0.297994
100,0.01,40,73,14.8000,0.289998
100,0.01,40,74,15.0000,0.285102
100,0.01,40,75,15.2000,0.269705
100,0.01,40,76,15.4000,0.271486
100,0.01,40,77,15.6000,0.263735
100,0.01,40,78,15.8000,0.262272
100,0.01,40,79,16.0000,0.260475
100,0.01,40,80,16.2000,0.260592
100,0.01,40,81,16.4000,0.260525
100,0.01,40,82,16.6000,0.262087
100,0.01,40,83,16.8000,0.260463
100,0.01,40,84,17.0000,0.256964
100,0.01,40,85,17.2000,0.255313
100,0.01,40,86,17.4000,0.254839
100,0.01,40,87,17.6000,0.252178
100,0.01,40,88,17.8000,0.255282
100,0.01,40,89,18.0000,0.291207
100,0.01,40,90,18.2000,0.262947
100,0.01,40,91,18.4000,0.258342
100,0.01,40,92,18.6000,0.260174
100,0.01,40,93,18.8000,0.269154
100,0.01,40,94,19.0000,0.280769
100,0.01,40,95,19.2000,0.309912
100,0.01,40,96,19.4000,0.306823
100,0.01,40,97,19.6000,0.303551
100,0.01,40,98,19.8000,0.282239
100,0.01,40,99,20.0000,0.276767
100,0.01,50,0,0.2000,3.439228
100,0.01,50,1,0.4000,3.887803
100,0.01,50,2,0.6000,3.966640
100,0.01,50,3,0.8000,3.934883
100,0.01,50,4,1.0000,3.925102
100,0.01,50,5,1.2000,3.922724
100,0.01,50,6,1.4000,3.889268
100,0.01,50,7,1.6000,3.955420
100,0.01,50,8,1.8000,1.597897
100,0.01,50,9,2.0000,1.895455
100,0.01,50,10,2.2000,1.896884
100,0.01,50,11,2.4000,1.897080
100,0.01,50,12,2.6000,1.898264
100,0.01,50,13,2.8000,1.901471
100,0.01,50,14,3.0000,1.897741
100,0.01,50,15,3.2000,1.956144
100,0.01,50,16,3.4000,3.213893
100,0.01,50,17,3.6000,3.296637
100,0.01,50,18,3.8000,2.849336
100,0.01,50,19,4.0000,2.848994
100,0.01,50,20,4.2000,1.133814
100,0.01,50,21,4.4000,1.052528
100,0.01,50,22,4.6000,0.970650
100,0.01,50,23,4.8000,0.980542
100,0.01,50,24,5.0000,0.919253
100,0.01,50,25,5.2000,0.840997
100,0.01,50,26,5.4000,0.806433
100,0.01,50,27,5.6000,0.501141
100,0.01,50,28,5.8000,0.517021
100,0.01,50,29,6.0000,0.414523
100,0.01,50,30,6.2000,0.319765
100,0.01,50,31,6.4000,0.223930
100,0.01,50,32,6.6000,0.224074
100,0.01,50,33,6.8000,0.210631
100,0.01,50,34,7.0000,0.182939
100,0.01,50,35,7.2000,0.183620
100,0.01,50,36,7.4000,0.181938
100,0.01,50,37,7.6000,0.193682
100,0.01,50,38,7.8000,0.190175
100,0.01,50,39,8.0000,0.204946
100,0.01,50,40,8.2000,0.191097
100,0.01,50,41,8.4000,0.182002
100,0.01,50,42,8.6000,0.167405
100,0.01,50,43,8.8000,0.186749
100,0.01,50,44,9.0000,0.185164
100,0.01,50,45,9.2000,0.179286
100,0.01,50,46,9.4000,0.180894
100,0.01,50,47,9.6000,0.176484
100,0.01,50,48,9.8000,0.183706
100,0.01,50,49,10.0000,0.178778
100,0.01,50,50,10.2000,0.178964
100,0.01,50,51,10.4000,0.178459
100,0.01,50,52,10.6000,0.176674
100,0.01,50,53,10.8000,0.176251
100,0.01,50,54,11.0000,0.176459
100,0.01,50,55,11.2000,0.182948
100,0.01,50,56,11.4000,0.175171
100,0.01,50,57,11.6000,0.181004
100,0.01,50,58,11.8000,0.181404
100,0.01,50,59,12.0000,0.192326
100,0.01,50,60,12.2000,0.179987
100,0.01,50,61,12.4000,0.192808
100,0.01,50,62,12.6000,0.174921
100,0.01,50,63,12.8000,0.185932
100,0.01,50,64,13.0000,0.189960
100,0.01,50,65,13.2000,0.194475
100,0.01,50,66,13.4000,0.193518
100,0.01,50,67,13.6000,0.193736
100,0.01,50,68,13.8000,0.193844
100,0.01,50,69,14.0000,0.193247
100,0.01,50,70,14.2000,0.191825
100,0.01,50,71,14.4000,0.191698
100,0.01,50,72,14.6000,0.202918
100,0.01,50,73,14.8000,0.219399
100,0.01,50,74,15.0000,0.275924
100,0.01,50,75,15.2000,0.280674
100,0.01,50,76,15.4000,0.297675
100,0.01,50,77,15.6000,0.254915
100,0.01,50,78,15.8000,0.240841
100,0.01,50,79,16.0000,0.253789
100,0.01,50,80,16.2000,0.231019
100,0.01,50,81,16.4000,0.230373
100,0.01,50,82,16.6000,0.228720
100,0.01,50,83,16.8000,0.238112
100,0.01,50,84,17.0000,0.242528
100,0.01,50,85,17.2000,0.241470
100,0.01,50,86,17.4000,0.243247
100,0.01,50,87,17.6000,0.247194
100,0.01,50,88,17.8000,0.248459
100,0.01,50,89,18.0000,0.248508
100,0.01,50,90,18.2000,0.243223
100,0.01,50,91,18.4000,0.225347
100,0.01,50,92,18.6000,0.222641
100,0.01,50,93,18.8000,0.224869
100,0.01,50,94,19.0000,0.224614
100,0.01,50,95,19.2000,0.231205
100,0.01,50,96,19.4000,0.233024
100,0.01,50,97,19.6000,0.220669
100,0.01,50,98,19.8000,0.216806
100,0.01,50,99,20.0000,0.212656
100,0.01,60,0,0.2000,7.520248
100,0.01,60,1,0.4000,2.566746
100,0.01,60,2,0.6000,4.220461
100,0.01,60,3,0.8000,3.313729
100,0.01,60,4,1.0000,3.332743
100,0.01,60,5,1.2000,3.187872
100,0.01,60,6,1.4000,3.543498
100,0.01,60,7,1.6000,3.172211
100,0.01,60,8,1.8000,3.193197
100,0.01,60,9,2.0000,3.204342
100,0.01,60,10,2.2000,3.171716
100,0.01,60,11,2.4000,3.145132
100,0.01,60,12,2.6000,3.866612
100,0.01,60,13,2.8000,3.797975
100,0.01,60,14,3.0000,3.476970
100,0.01,60,15,3.2000,2.000587
100,0.01,60,16,3.4000,1.986845
100,0.01,60,17,3.6000,1.688279
100,0.01,60,18,3.8000,0.791911
100,0.01,60,19,4.0000,0.809332
100,0.01,60,20,4.2000,0.815855
100,0.01,60,21,4.4000,0.828482
100,0.01,60,22,4.6000,1.069666
100,0.01,60,23,4.8000,1.056866
100,0.01,60,24,5.0000,1.087410
100,0.01,60,25,5.2000,1.094003
100,0.01,60,26,5.4000,1.099194
100,0.01,60,27,5.6000,1.100787
100,0.01,60,28,5.8000,1.085926
100,0.01,60,29,6.0000,1.092360
100,0.01,60,30,6.2000,1.055847
100,0.01,60,31,6.4000,1.043547
100,0.01,60,32,6.6000,1.041780
100,0.01,60,33,6.8000,1.037949
100,0.01,60,34,7.0000,1.041705
100,0.01,60,35,7.2000,1.125493
100,0.01,60,36,7.4000,1.136068
100,0.01,60,37,7.6000,1.134196
100,0.01,60,38,7.8000,1.136276
100,0.01,60,39,8.0000,1.138342
100,0.01,60,40,8.2000,1.142864
100,0.01,60,41,8.4000,1.141240
100,0.01,60,42,8.6000,1.025490
100,0.01,60,43,8.8000,0.201513
100,0.01,60,44,9.0000,0.166923
100,0.01,60,45,9.2000,0.160769
100,0.01,60,46,9.4000,0.159671
100,0.01,60,47,9.6000,0.163832
100,0.01,60,48,9.8000,0.165595
100,0.01,60,49,10.0000,0.193792
100,0.01,60,50,10.2000,0.196679
100,0.01,60,51,10.4000,0.214103
100,0.01,60,52,10.6000,0.254847
100,0.01,60,53,10.8000,0.301783
100,0.01,60,54,11.0000,0.271478
100,0.01,60,55,11.2000,0.239978
100,0.01,60,56,11.4000,0.220662
100,0.01,60,57,11.6000,0.257876
100,0.01,60,58,11.8000,0.257964
100,0.01,60,59,12.0000,0.243416
100,0.01,60,60,12.2000,0.238730
100,0.01,60,61,12.4000,0.240450
100,0.01,60,62,12.6000,0.244157
100,0.01,60,63,12.8000,0.241913
100,0.01,60,64,13.0000,0.236935
100,0.01,60,65,13.2000,0.237222
100,0.01,60,66,13.4000,0.224996
100,0.01,60,67,13.6000,0.183950
100,0.01,60,68,13.8000,0.146517
100,0.01,60,69,14.0000,0.157103
100,0.01,60,70,14.2000,0.156454
100,0.01,60,71,14.4000,0.168602
100,0.01,60,72,14.6000,0.187812
100,0.01,60,73,14.8000,0.170181
100,0.01,60,74,15.0000,0.160234
100,0.01,60,75,15.2000,0.139418
100,0.01,60,76,15.4000,0.136098
100,0.01,60,77,15.6000,0.135332
100,0.01,60,78,15.8000,0.134848
100,0.01,60,79,16.0000,0.135239
100,0.01,60,80,16.2000,0.137559
100,0.01,60,81,16.4000,0.154537
100,0.01,60,82,16.6000,0.155583
100,0.01,60,83,16.8000,0.154199
100,0.01,60,84,17.0000,0.155358
100,0.01,60,85,17.2000,0.144198
100,0.01,60,86,17.4000,0.146313
100,0.01,60,87,17.6000,0.152251
100,0.01,60,88,17.8000,0.142788
100,0.01,60,89,18.0000,0.152046
100,0.01,60,90,18.2000,0.139055
100,0.01,60,91,18.4000,0.136213
100,0.01,60,92,18.6000,0.137914
100,0.01,60,93,18.8000,0.139487
100,0.01,60,94,19.0000,0.132045
100,0.01,60,95,19.2000,0.126035
100,0.01,60,96,19.4000,0.139137
100,0.01,60,97,19.6000,0.145451
100,0.01,60,98,19.8000,0.146405
100,0.01,60,99,20.0000,0.146118
100,0.01,70,0,0.2000,3.600618
100,0.01,70,1,0.4000,3.597988
100,0.01,70,2,0.6000,3.690291
100,0.01,70,3,0.8000,2.831410
100,0.01,70,4,1.0000,6.093862
100,0.01,70,5,1.2000,6.075030
100,0.01,70,6,1.4000,6.057680
100,0.01,70,7,1.6000,6.035881
100,0.01,70,8,1.8000,6.024946
100,0.01,70,9,2.0000,6.026384
100,0.01,70,10,2.2000,4.218880
100,0.01,70,11,2.4000,3.863417
100,0.01,70,12,2.6000,3.892743
100,0.01,70,13,2.8000,4.025910
100,0.01,70,14,3.0000,3.326925
100,0.01,70,15,3.2000,3.408961
100,0.01,70,16,3.4000,3.386955
100,0.01,70,17,3.6000,3.412427
100,0.01,70,18,3.8000,3.574017
100,0.01,70,19,4.0000,1.021457
100,0.01,70,20,4.2000,1.147921
100,0.01,70,21,4.4000,0.918459
100,0.01,70,22,4.6000,0.902135
100,0.01,70,23,4.8000,0.819959
100,0.01,70,24,5.0000,0.863390
100,0.01,70,25,5.2000,0.706453
100,0.01,70,26,5.4000,0.683698
100,0.01,70,27,5.6000,0.675453
100,0.01,70,28,5.8000,0.644902
100,0.01,70,29,6.0000,0.503744
100,0.01,70,30,6.2000,0.533959
100,0.01,70,31,6.4000,0.532734
100,0.01,70,32,6.6000,0.462087
100,0.01,70,33,6.8000,0.463251
100,0.01,70,34,7.0000,0.462946
100,0.01,70,35,7.2000,0.462895
100,0.01,70,36,7.4000,0.466960
100,0.01,70,37,7.6000,0.458455
100,0.01,70,38,7.8000,0.461756
100,0.01,70,39,8.0000,0.455806
100,0.01,70,40,8.2000,0.458228
100,0.01,70,41,8.4000,0.456965
100,0.01,70,42,8.6000,0.441963
100,0.01,70,43,8.8000,0.431179
100,0.01,70,44,9.0000,0.424483
100,0.01,70,45,9.2000,0.418849
100,0.01,70,46,9.4000,0.419981
100,0.01,70,47,9.6000,0.421120
100,0.01,70,48,9.8000,0.416023
100,0.01,70,49,10.0000,0.409708
100,0.01,70,50,10.2000,0.401428
100,0.01,70,51,10.4000,0.400577
100,0.01,70,52,10.6000,0.322003
100,0.01,70,53,10.8000,0.280798
100,0.01,70,54,11.0000,0.245620
100,0.01,70,55,11.2000,0.241904
100,0.01,70,56,11.4000,0.244525
100,0.01,70,57,11.6000,0.208801
100,0.01,70,58,11.8000,0.176713
100,0.01,70,59,12.0000,0.161905
100,0.01,70,60,12.2000,0.144938
100,0.01,70,61,12.4000,0.177939
100,0.01,70,62,12.6000,0.158134
100,0.01,70,63,12.8000,0.160240
100,0.01,70,64,13.0000,0.194402
100,0.01,70,65,13.2000,0.208730
100,0.01,70,66,13.4000,0.222389
100,0.01,70,67,13.6000,0.197692
100,0.01,70,68,13.8000,0.174215
100,0.01,70,69,14.0000,0.155232
100,0.01,70,70,14.2000,0.163430
100,0.01,70,71,14.4000,0.135822
100,0.01,70,72,14.6000,0.124083
100,0.01,70,73,14.8000,0.131053
100,0.01,70,74,15.0000,0.154078
100,0.01,70,75,15.2000,0.136049
100,0.01,70,76,15.4000,0.133927
100,0.01,70,77,15.6000,0.142697
100,0.01,70,78,15.8000,0.145239
100,0.01,70,79,16.0000,0.144844
100,0.01,70,80,16.2000,0.143258
100,0.01,70,81,16.4000,0.150377
100,0.01,70,82,16.6000,0.141833
100,0.01,70,83,16.8000,0.141799
100,0.01,70,84,17.0000,0.141482
100,0.01,70,85,17.2000,0.141516
100,0.01,70,86,17.4000,0.142059
100,0.01,70,87,17.6000,0.141976
100,0.01,70,88,17.8000,0.141955
100,0.01,70,89,18.0000,0.141946
100,0.01,70,90,18.2000,0.141027
100,0.01,70,91,18.4000,0.143541
100,0.01,70,92,18.6000,0.149135
100,0.01,70,93,18.8000,0.131792
100,0.01,70,94,19.0000,0.129010
100,0.01,70,95,19.2000,0.128412
100,0.01,70,96,19.4000,0.111228
100,0.01,70,97,19.6000,0.116785
100,0.01,70,98,19.8000,0.110431
100,0.01,70,99,20.0000,0.110188
100,0.01,80,0,0.2000,7.132985
100,0.01,80,1,0.4000,9.416177
100,0.01,80,2,0.6000,8.000368
100,0.01,80,3,0.8000,8.979256
100,0.01,80,4,1.0000,5.904788
100,0.01,80,5,1.2000,2.842204
100,0.01,80,6,1.4000,3.078731
100,0.01,80,7,1.6000,3.050320
100,0.01,80,8,1.8000,2.162337
100,0.01,80,9,2.0000,2.153871
100,0.01,80,10,2.2000,2.140934
100,0.01,80,11,2.4000,2.136482
100,0.01,80,12,2.6000,1.563320
100,0.01,80,13,2.8000,1.333289
100,0.01,80,14,3.0000,1.294279
100,0.01,80,15,3.2000,1.072789
100,0.01,80,16,3.4000,0.815218
100,0.01,80,17,3.6000,0.857806
100,0.01,80,18,3.8000,0.870619
100,0.01,80,19,4.0000,0.643275
100,0.01,80,20,4.2000,0.554415
100,0.01,80,21,4.4000,0.560875
100,0.01,80,22,4.6000,0.563725
100,0.01,80,23,4.8000,0.565741
100,0.01,80,24,5.0000,0.558812
100,0.01,80,25,5.2000,0.558708
100,0.01,80,26,5.4000,0.534543
100,0.01,80,27,5.6000,0.510399
100,0.01,80,28,5.8000,0.370384
100,0.01,80,29,6.0000,0.216903
100,0.01,80,30,6.2000,0.306201
100,0.01,80,31,6.4000,0.254273
100,0.01,80,32,6.6000,0.221418
100,0.01,80,33,6.8000,0.219503
100,0.01,80,34,7.0000,0.213472
100,0.01,80,35,7.2000,0.194748
100,0.01,80,36,7.4000,0.234647
100,0.01,80,37,7.6000,0.292816
100,0.01,80,38,7.8000,0.292916
100,0.01,80,39,8.0000,0.311296
100,0.01,80,40,8.2000,0.328272
100,0.01,80,41,8.4000,0.281317
100,0.01,80,42,8.6000,0.293315
100,0.01,80,43,8.8000,0.294863
100,0.01,80,44,9.0000,0.288543
100,0.01,80,45,9.2000,0.296775
100,0.01,80,46,9.4000,0.268765
100,0.01,80,47,9.6000,0.286636
100,0.01,80,48,9.8000,0.237934
100,0.01,80,49,10.0000,0.227909
100,0.01,80,50,10.2000,0.242923
100,0.01,80,51,10.4000,0.266182
100,0.01,80,52,10.6000,0.229478
100,0.01,80,53,10.8000,0.222144
100,0.01,80,54,11.0000,0.214089
100,0.01,80,55,11.2000,0.253305
100,0.01,80,56,11.4000,0.238736
100,0.01,80,57,11.6000,0.206911
100,0.01,80,58,11.8000,0.168683
100,0.01,80,59,12.0000,0.189558
100,0.01,80,60,12.2000,0.177706
100,0.01,80,61,12.4000,0.185355
100,0.01,80,62,12.6000,0.160726
100,0.01,80,63,12.8000,0.143026
100,0.01,80,64,13.0000,0.144290
100,0.01,80,65,13.2000,0.140893
100,0.01,80,66,13.4000,0.141008
100,0.01,80,67,13.6000,0.136667
100,0.01,80,68,13.8000,0.133669
100,0.01,80,69,14.0000,0.134304
100,0.01,80,70,14.2000,0.136444
100,0.01,80,71,14.4000,0.132497
100,0.01,80,72,14.6000,0.115674
100,0.01,80,73,14.8000,0.122839
100,0.01,80,74,15.0000,0.133485
100,0.01,80,75,15.2000,0.140169
100,0.01,80,76,15.4000,0.146684
100,0.01,80,77,15.6000,0.183366
100,0.01,80,78,15.8000,0.181569
100,0.01,80,79,16.0000,0.228274
100,0.01,80,80,16.2000,0.228928
100,0.01,80,81,16.4000,0.228779
100,0.01,80,82,16.6000,0.225745
100,0.01,80,83,16.8000,0.225982
100,0.01,80,84,17.0000,0.225586
100,0.01,80,85,17.2000,0.225186
100,0.01,80,86,17.4000,0.225071
100,0.01,80,87,17.6000,0.225006
100,0.01,80,88,17.8000,0.225663
100,0.01,80,89,18.0000,0.225990
100,0.01,80,90,18.2000,0.226139
100,0.01,80,91,18.4000,0.225987
100,0.01,80,92,18.6000,0.225940
100,0.01,80,93,18.8000,0.225636
100,0.01,80,94,19.0000,0.225259
100,0.01,80,95,19.2000,0.224442
100,0.01,80,96,19.4000,0.238406
100,0.01,80,97,19.6000,0.243732
100,0.01,80,98,19.8000,0.202522
100,0.01,80,99,20.0000,0.202579
100,0.01,90,0,0.2000,4.997128
100,0.01,90,1,0.4000,3.717992
100,0.01,90,2,0.6000,3.699402
100,0.01,90,3,0.8000,3.707205
100,0.01,90,4,1.0000,3.707750
100,0.01,90,5,1.2000,3.705052
100,0.01,90,6,1.4000,3.703810
100,0.01,90,7,1.6000,3.702205
100,0.01,90,8,1.8000,3.699085
100,0.01,90,9,2.0000,3.706506
100,0.01,90,10,2.2000,3.714376
100,0.01,90,11,2.4000,3.712405
100,0.01,90,12,2.6000,3.714335
100,0.01,90,13,2.8000,3.714937
100,0.01,90,14,3.0000,3.715614
100,0.01,90,15,3.2000,4.768539
100,0.01,90,16,3.4000,1.885255
100,0.01,90,17,3.6000,1.872405
100,0.01,90,18,3.8000,1.800654
100,0.01,90,19,4.0000,1.784924
100,0.01,90,20,4.2000,1.786593
100,0.01,90,21,4.4000,1.786076
100,0.01,90,22,4.6000,1.763475
100,0.01,90,23,4.8000,0.705510
100,0.01,90,24,5.0000,10.222283
100,0.01,90,25,5.2000,0.732106
100,0.01,90,26,5.4000,0.806574
100,0.01,90,27,5.6000,0.774662
100,0.01,90,28,5.8000,0.605989
100,0.01,90,29,6.0000,0.629240
100,0.01,90,30,6.2000,0.503414
100,0.01,90,31,6.4000,0.526512
100,0.01,90,32,6.6000,0.469119
100,0.01,90,33,6.8000,0.400374
100,0.01,90,34,7.0000,0.370827
100,0.01,90,35,7.2000,0.377903
100,0.01,90,36,7.4000,0.388291
100,0.01,90,37,7.6000,0.349717
100,0.01,90,38,7.8000,0.353356
100,0.01,90,39,8.0000,0.326420
100,0.01,90,40,8.2000,0.327568
100,0.01,90,41,8.4000,0.315381
100,0.01,90,42,8.6000,0.314716
100,0.01,90,43,8.8000,0.316421
100,0.01,90,44,9.0000,0.316220
100,0.01,90,45,9.2000,0.312584
100,0.01,90,46,9.4000,0.375169
100,0.01,90,47,9.6000,0.380721
100,0.01,90,48,9.8000,0.379221
100,0.01,90,49,10.0000,0.347005
100,0.01,90,50,10.2000,0.362841
100,0.01,90,51,10.4000,0.398071
100,0.01,90,52,10.6000,0.396567
100,0.01,90,53,10.8000,0.410794
100,0.01,90,54,11.0000,0.404829
100,0.01,90,55,11.2000,0.396773
100,0.01,90,56,11.4000,0.384485
100,0.01,90,57,11.6000,0.384523
100,0.01,90,58,11.8000,0.383700
100,0.01,90,59,12.0000,0.385776
100,0.01,90,60,12.2000,0.386967
100,0.01,90,61,12.4000,0.380453
100,0.01,90,62,12.6000,0.383815
100,0.01,90,63,12.8000,0.430351
100,0.01,90,64,13.0000,0.448603
100,0.01,90,65,13.2000,0.405489
100,0.01,90,66,13.4000,0.367268
100,0.01,90,67,13.6000,0.387835
100,0.01,90,68,13.8000,0.403173
100,0.01,90,69,14.0000,0.402365
100,0.01,90,70,14.2000,0.394823
100,0.01,90,71,14.4000,0.360890
100,0.01,90,72,14.6000,0.363392
100,0.01,90,73,14.8000,0.353601
100,0.01,90,74,15.0000,0.340485
100,0.01,90,75,15.2000,0.317059
100,0.01,90,76,15.4000,0.312502
100,0.01,90,77,15.6000,0.305404
100,0.01,90,78,15.8000,0.296805
100,0.01,90,79,16.0000,0.278524
100,0.01,90,80,16.2000,0.282557
100,0.01,90,81,16.4000,0.281119
100,0.01,90,82,16.6000,0.282816
100,0.01,90,83,16.8000,0.249473
100,0.01,90,84,17.0000,0.255159
100,0.01,90,85,17.2000,0.255948
100,0.01,90,86,17.4000,0.261068
100,0.01,90,87,17.6000,0.258820
100,0.01,90,88,17.8000,0.269888
100,0.01,90,89,18.0000,0.274316
100,0.01,90,90,18.2000,0.286215
100,0.01,90,91,18.4000,0.275138
100,0.01,90,92,18.6000,0.241523
100,0.01,90,93,18.8000,0.243381
100,0.01,90,94,19.0000,0.242092
100,0.01,90,95,19.2000,0.261027
100,0.01,90,96,19.4000,0.244621
100,0.01,90,97,19.6000,0.227072
100,0.01,90,98,19.8000,0.236649
100,0.01,90,99,20.0000,0.246302
100,0.10,10,0,0.2000,8.874733
100,0.10,10,1,0.4000,8.416982
100,0.10,10,2,0.6000,8.108921
100,0.10,10,3,0.8000,6.126658
100,0.10,10,4,1.0000,5.781367
100,0.10,10,5,1.2000,5.681121
100,0.10,10,6,1.4000,5.615694
100,0.10,10,7,1.6000,5.540569
100,0.10,10,8,1.8000,5.478384
100,0.10,10,9,2.0000,5.382643
100,0.10,10,10,2.2000,5.248501
100,0.10,10,11,2.4000,5.157966
100,0.10,10,12,2.6000,5.116687
100,0.10,10,13,2.8000,4.940108
100,0.10,10,14,3.0000,4.908426
100,0.10,10,15,3.2000,2.826016
100,0.10,10,16,3.4000,2.797373
100,0.10,10,17,3.6000,2.758938
100,0.10,10,18,3.8000,2.729933
100,0.10,10,19,4.0000,1.773166
100,0.10,10,20,4.2000,0.440810
100,0.10,10,21,4.4000,0.414125
100,0.10,10,22,4.6000,0.401691
100,0.10,10,23,4.8000,0.394498
100,0.10,10,24,5.0000,0.384575
100,0.10,10,25,5.2000,0.380865
100,0.10,10,26,5.4000,0.290970
100,0.10,10,27,5.6000,0.222563
100,0.10,10,28,5.8000,0.176018
100,0.10,10,29,6.0000,0.148674
100,0.10,10,30,6.2000,0.166585
100,0.10,10,31,6.4000,0.137263
100,0.10,10,32,6.6000,0.142519
100,0.10,10,33,6.8000,0.148622
100,0.10,10,34,7.0000,0.181584
100,0.10,10,35,7.2000,0.185230
100,0.10,10,36,7.4000,0.203232
100,0.10,10,37,7.6000,0.208544
100,0.10,10,38,7.8000,0.209348
100,0.10,10,39,8.0000,0.204652
100,0.10,10,40,8.2000,0.191941
100,0.10,10,41,8.4000,0.178969
100,0.10,10,42,8.6000,0.171178
100,0.10,10,43,8.8000,0.168467
100,0.10,10,44,9.0000,0.179111
100,0.10,10,45,9.2000,0.182228
100,0.10,10,46,9.4000,0.206956
100,0.10,10,47,9.6000,0.230263
100,0.10,10,48,9.8000,0.240158
100,0.10,10,49,10.0000,0.246966
100,0.10,10,50,10.2000,0.248559
100,0.10,10,51,10.4000,0.251371
100,0.10,10,52,10.6000,0.252026
100,0.10,10,53,10.8000,0.220065
100,0.10,10,54,11.0000,0.222141
100,0.10,10,55,11.2000,0.225115
100,0.10,10,56,11.4000,0.231966
100,0.10,10,57,11.6000,0.238732
100,0.10,10,58,11.8000,0.211433
100,0.10,10,59,12.0000,0.189382
100,0.10,10,60,12.2000,0.185946
100,0.10,10,61,12.4000,0.192829
100,0.10,10,62,12.6000,0.193931
100,0.10,10,63,12.8000,0.184812
100,0.10,10,64,13.0000,0.177542
100,0.10,10,65,13.2000,0.171842
100,0.10,10,66,13.4000,0.163955
100,0.10,10,67,13.6000,0.164037
100,0.10,10,68,13.8000,0.170154
100,0.10,10,69,14.0000,0.176879
100,0.10,10,70,14.2000,0.185814
100,0.10,10,71,14.4000,0.181605
100,0.10,10,72,14.6000,0.180183
100,0.10,10,73,14.8000,0.177309
100,0.10,10,74,15.0000,0.173247
100,0.10,10,75,15.2000,0.169018
100,0.10,10,76,15.4000,0.172867
100,0.10,10,77,15.6000,0.177565
100,0.10,10,78,15.8000,0.188674
100,0.10,10,79,16.0000,0.193336
100,0.10,10,80,16.2000,0.198222
100,0.10,10,81,16.4000,0.206035
100,0.10,10,82,16.6000,0.210532
100,0.10,10,83,16.8000,0.214755
100,0.10,10,84,17.0000,0.222420
100,0.10,10,85,17.2000,0.228123
100,0.10,10,86,17.4000,0.235540
100,0.10,10,87,17.6000,0.244704
100,0.10,10,88,17.8000,0.239648
100,0.10,10,89,18.0000,0.234475
100,0.10,10,90,18.2000,0.231637
100,0.10,10,91,18.4000,0.227737
100,0.10,10,92,18.6000,0.224886
100,0.10,10,93,18.8000,0.225072
100,0.10,10,94,19.0000,0.219020
100,0.10,10,95,19.2000,0.214032
100,0.10,10,96,19.4000,0.210495
100,0.10,10,97,19.6000,0.206178
100,0.10,10,98,19.8000,0.200981
100,0.10,10,99,20.0000,0.194256
100,0.10,100,0,0.2000,3.446975
100,0.10,100,1,0.4000,3.404773
100,0.10,100,2,0.6000,3.199019
100,0.10,100,3,0.8000,3.558256
100,0.10,100,4,1.0000,3.116006
100,0.10,100,5,1.2000,0.953202
100,0.10,100,6,1.4000,0.531983
100,0.10,100,7,1.6000,0.458328
100,0.10,100,8,1.8000,0.450491
100,0.10,100,9,2.0000,0.403753
100,0.10,100,10,2.2000,0.357665
100,0.10,100,11,2.4000,0.332020
100,0.10,100,12,2.6000,0.319405
100,0.10,100,13,2.8000,0.322176
100,0.10,100,14,3.0000,0.287207
100,0.10,100,15,3.2000,0.157074
100,0.10,100,16,3.4000,0.155171
100,0.10,100,17,3.6000,0.157376
100,0.10,100,18,3.8000,0.166282
100,0.10,100,19,4.0000,0.129511
100,0.10,100,20,4.2000,0.142833
100,0.10,100,21,4.4000,0.147206
100,0.10,100,22,4.6000,0.165694
100,0.10,100,23,4.8000,0.197946
100,0.10,100,24,5.0000,0.221215
100,0.10,100,25,5.2000,0.199672
100,0.10,100,26,5.4000,0.208675
100,0.10,100,27,5.6000,0.232680
100,0.10,100,28,5.8000,0.205689
100,0.10,100,29,6.0000,0.186369
100,0.10,100,30,6.2000,0.181693
100,0.10,100,31,6.4000,0.200381
100,0.10,100,32,6.6000,0.215246
100,0.10,100,33,6.8000,0.212533
100,0.10,100,34,7.0000,0.217521
100,0.10,100,35,7.2000,0.204210
100,0.10,100,36,7.4000,0.183935
100,0.10,100,37,7.6000,0.158355
100,0.10,100,38,7.8000,0.147617
100,0.10,100,39,8.0000,0.148213
100,0.10,100,40,8.2000,0.172746
100,0.10,100,41,8.4000,0.176566
100,0.10,100,42,8.6000,0.190546
100,0.10,100,43,8.8000,0.188385
100,0.10,100,44,9.0000,0.184017
100,0.10,100,45,9.2000,0.175248
100,0.10,100,46,9.4000,0.188073
100,0.10,100,47,9.6000,0.183373
100,0.10,100,48,9.8000,0.196929
100,0.10,100,49,10.0000,0.202174
100,0.10,100,50,10.2000,0.193881
100,0.10,100,51,10.4000,0.183421
100,0.10,100,52,10.6000,0.176038
100,0.10,100,53,10.8000,0.169255
100,0.10,100,54,11.0000,0.176263
100,0.10,100,55,11.2000,0.172613
100,0.10,100,56,11.4000,0.178326
100,0.10,100,57,11.6000,0.178036
100,0.10,100,58,11.8000,0.215000
100,0.10,100,59,12.0000,0.229009
100,0.10,100,60,12.2000,0.232041
100,0.10,100,61,12.4000,0.242896
100,0.10,100,62,12.6000,0.233073
100,0.10,100,63,12.8000,0.238126
100,0.10,100,64,13.0000,0.228461
100,0.10,100,65,13.2000,0.222832
100,0.10,100,66,13.4000,0.220206
100,0.10,100,67,13.6000,0.230840
100,0.10,100,68,13.8000,0.231053
100,0.10,100,69,14.0000,0.250235
100,0.10,100,70,14.2000,0.239980
100,0.10,100,71,14.4000,0.236034
100,0.10,100,72,14.6000,0.239197
100,0.10,100,73,14.8000,0.232907
100,0.10,100,74,15.0000,0.237554
100,0.10,100,75,15.2000,0.232062
100,0.10,100,76,15.4000,0.223639
100,0.10,100,77,15.6000,0.217900
100,0.10,100,78,15.8000,0.211939
100,0.10,100,79,16.0000,0.211772
100,0.10,100,80,16.2000,0.222222
100,0.10,100,81,16.4000,0.226244
100,0.10,100,82,16.6000,0.261878
100,0.10,100,83,16.8000,0.261578
100,0.10,100,84,17.0000,0.268072
100,0.10,100,85,17.2000,0.264537
100,0.10,100,86,17.4000,0.260633
100,0.10,100,87,17.6000,0.254982
100,0.10,100,88,17.8000,0.251832
100,0.10,100,89,18.0000,0.251981
100,0.10,100,90,18.2000,0.253612
100,0.10,100,91,18.4000,0.248644
100,0.10,100,92,18.6000,0.243015
100,0.10,100,93,18.8000,0.237797
100,0.10,100,94,19.0000,0.236419
100,0.10,100,95,19.2000,0.231337
100,0.10,100,96,19.4000,0.224775
100,0.10,100,97,19.6000,0.228070
100,0.10,100,98,19.8000,0.221478
100,0.10,100,99,20.0000,0.218409
100,0.10,20,0,0.2000,7.103338
100,0.10,20,1,0.4000,6.370665
100,0.10,20,2,0.6000,6.022186
100,0.10,20,3,0.8000,5.806173
100,0.10,20,4,1.0000,5.614056
100,0.10,20,5,1.2000,3.887154
100,0.10,20,6,1.4000,0.732047
100,0.10,20,7,1.6000,0.661304
100,0.10,20,8,1.8000,0.486737
100,0.10,20,9,2.0000,0.435566
100,0.10,20,10,2.2000,0.373356
100,0.10,20,11,2.4000,0.311824
100,0.10,20,12,2.6000,0.249632
100,0.10,20,13,2.8000,0.215933
100,0.10,20,14,3.0000,0.173795
100,0.10,20,15,3.2000,0.232535
100,0.10,20,16,3.4000,0.301037
100,0.10,20,17,3.6000,0.301822
100,0.10,20,18,3.8000,0.294529
100,0.10,20,19,4.0000,0.283442
100,0.10,20,20,4.2000,0.283184
100,0.10,20,21,4.4000,0.290421
100,0.10,20,22,4.6000,0.255704
100,0.10,20,23,4.8000,0.206284
100,0.10,20,24,5.0000,0.172790
100,0.10,20,25,5.2000,0.167818
100,0.10,20,26,5.4000,0.143457
100,0.10,20,27,5.6000,0.130007
100,0.10,20,28,5.8000,0.111798
100,0.10,20,29,6.0000,0.105858
100,0.10,20,30,6.2000,0.114865
100,0.10,20,31,6.4000,0.095410
100,0.10,20,32,6.6000,0.100942
100,0.10,20,33,6.8000,0.110722
100,0.10,20,34,7.0000,0.112495
100,0.10,20,35,7.2000,0.098124
100,0.10,20,36,7.4000,0.102801
100,0.10,20,37,7.6000,0.108379
100,0.10,20,38,7.8000,0.135567
100,0.10,20,39,8.0000,0.161443
100,0.10,20,40,8.2000,0.155702
100,0.10,20,41,8.4000,0.146471
100,0.10,20,42,8.6000,0.134548
100,0.10,20,43,8.8000,0.130841
100,0.10,20,44,9.0000,0.141676
100,0.10,20,45,9.2000,0.127915
100,0.10,20,46,9.4000,0.148056
100,0.10,20,47,9.6000,0.149244
100,0.10,20,48,9.8000,0.148742
100,0.10,20,49,10.0000,0.138143
100,0.10,20,50,10.2000,0.136578
100,0.10,20,51,10.4000,0.174063
100,0.10,20,52,10.6000,0.172835
100,0.10,20,53,10.8000,0.166618
100,0.10,20,54,11.0000,0.159565
100,0.10,20,55,11.2000,0.175915
100,0.10,20,56,11.4000,0.170060
100,0.10,20,57,11.6000,0.165923
100,0.10,20,58,11.8000,0.163144
100,0.10,20,59,12.0000,0.158251
100,0.10,20,60,12.2000,0.154537
100,0.10,20,61,12.4000,0.150886
100,0.10,20,62,12.6000,0.149156
100,0.10,20,63,12.8000,0.149018
100,0.10,20,64,13.0000,0.144106
100,0.10,20,65,13.2000,0.122113
100,0.10,20,66,13.4000,0.131359
100,0.10,20,67,13.6000,0.132228
100,0.10,20,68,13.8000,0.139444
100,0.10,20,69,14.0000,0.135581
100,0.10,20,70,14.2000,0.164095
100,0.10,20,71,14.4000,0.161247
100,0.10,20,72,14.6000,0.147092
100,0.10,20,73,14.8000,0.168145
100,0.10,20,74,15.0000,0.182402
100,0.10,20,75,15.2000,0.181978
100,0.10,20,76,15.4000,0.180469
100,0.10,20,77,15.6000,0.178449
100,0.10,20,78,15.8000,0.173591
100,0.10,20,79,16.0000,0.193235
100,0.10,20,80,16.2000,0.198030
100,0.10,20,81,16.4000,0.186364
100,0.10,20,82,16.6000,0.170129
100,0.10,20,83,16.8000,0.161874
100,0.10,20,84,17.0000,0.150233
100,0.10,20,85,17.2000,0.140806
100,0.10,20,86,17.4000,0.152798
100,0.10,20,87,17.6000,0.152733
100,0.10,20,88,17.8000,0.150482
100,0.10,20,89,18.0000,0.162220
100,0.10,20,90,18.2000,0.158730
100,0.10,20,91,18.4000,0.152903
100,0.10,20,92,18.6000,0.148718
100,0.10,20,93,18.8000,0.152658
100,0.10,20,94,19.0000,0.145195
100,0.10,20,95,19.2000,0.139484
100,0.10,20,96,19.4000,0.136662
100,0.10,20,97,19.6000,0.132583
100,0.10,20,98,19.8000,0.125505
100,0.10,20,99,20.0000,0.136424
100,0.10,30,0,0.2000,5.974988
100,0.10,30,1,0.4000,4.711893
100,0.10,30,2,0.6000,3.494231
100,0.10,30,3,0.8000,3.264192
100,0.10,30,4,1.0000,3.102763
100,0.10,30,5,1.2000,2.873919
100,0.10,30,6,1.4000,0.701914
100,0.10,30,7,1.6000,0.694045
100,0.10,30,8,1.8000,0.652493
100,0.10,30,9,2.0000,0.577892
100,0.10,30,10,2.2000,0.508558
100,0.10,30,11,2.4000,0.513800
100,0.10,30,12,2.6000,0.437648
100,0.10,30,13,2.8000,0.397548
100,0.10,30,14,3.0000,0.356229
100,0.10,30,15,3.2000,0.368851
100,0.10,30,16,3.4000,0.399088
100,0.10,30,17,3.6000,0.374975
100,0.10,30,18,3.8000,0.406649
100,0.10,30,19,4.0000,0.355827
100,0.10,30,20,4.2000,0.368053
100,0.10,30,21,4.4000,0.390066
100,0.10,30,22,4.6000,0.359233
100,0.10,30,23,4.8000,0.347806
100,0.10,30,24,5.0000,0.360265
100,0.10,30,25,5.2000,0.322013
100,0.10,30,26,5.4000,0.326237
100,0.10,30,27,5.6000,0.331082
100,0.10,30,28,5.8000,0.273120
100,0.10,30,29,6.0000,0.280297
100,0.10,30,30,6.2000,0.289798
100,0.10,30,31,6.4000,0.308035
100,0.10,30,32,6.6000,0.316790
100,0.10,30,33,6.8000,0.323066
100,0.10,30,34,7.0000,0.332040
100,0.10,30,35,7.2000,0.344996
100,0.10,30,36,7.4000,0.368692
100,0.10,30,37,7.6000,0.364589
100,0.10,30,38,7.8000,0.365991
100,0.10,30,39,8.0000,0.385532
100,0.10,30,40,8.2000,0.375980
100,0.10,30,41,8.4000,0.360448
100,0.10,30,42,8.6000,0.366497
100,0.10,30,43,8.8000,0.365291
100,0.10,30,44,9.0000,0.349005
100,0.10,30,45,9.2000,0.347782
100,0.10,30,46,9.4000,0.339727
100,0.10,30,47,9.6000,0.322204
100,0.10,30,48,9.8000,0.322024
100,0.10,30,49,10.0000,0.331110
100,0.10,30,50,10.2000,0.327510
100,0.10,30,51,10.4000,0.306494
100,0.10,30,52,10.6000,0.282436
100,0.10,30,53,10.8000,0.268618
100,0.10,30,54,11.0000,0.220354
100,0.10,30,55,11.2000,0.233005
100,0.10,30,56,11.4000,0.235083
100,0.10,30,57,11.6000,0.227404
100,0.10,30,58,11.8000,0.218590
100,0.10,30,59,12.0000,0.219044
100,0.10,30,60,12.2000,0.223661
100,0.10,30,61,12.4000,0.226014
100,0.10,30,62,12.6000,0.228933
100,0.10,30,63,12.8000,0.230761
100,0.10,30,64,13.0000,0.225958
100,0.10,30,65,13.2000,0.198273
100,0.10,30,66,13.4000,0.202259
100,0.10,30,67,13.6000,0.207168
100,0.10,30,68,13.8000,0.215684
100,0.10,30,69,14.0000,0.186224
100,0.10,30,70,14.2000,0.192478
100,0.10,30,71,14.4000,0.198383
100,0.10,30,72,14.6000,0.203869
100,0.10,30,73,14.8000,0.193472
100,0.10,30,74,15.0000,0.188635
100,0.10,30,75,15.2000,0.186548
100,0.10,30,76,15.4000,0.178740
100,0.10,30,77,15.6000,0.183747
100,0.10,30,78,15.8000,0.199883
100,0.10,30,79,16.0000,0.200573
100,0.10,30,80,16.2000,0.207047
100,0.10,30,81,16.4000,0.213092
100,0.10,30,82,16.6000,0.219337
100,0.10,30,83,16.8000,0.214851
100,0.10,30,84,17.0000,0.211897
100,0.10,30,85,17.2000,0.203078
100,0.10,30,86,17.4000,0.206595
100,0.10,30,87,17.6000,0.208083
100,0.10,30,88,17.8000,0.207542
100,0.10,30,89,18.0000,0.204328
100,0.10,30,90,18.2000,0.203090
100,0.10,30,91,18.4000,0.200340
100,0.10,30,92,18.6000,0.199399
100,0.10,30,93,18.8000,0.192630
100,0.10,30,94,19.0000,0.188790
100,0.10,30,95,19.2000,0.185431
100,0.10,30,96,19.4000,0.183435
100,0.10,30,97,19.6000,0.186256
100,0.10,30,98,19.8000,0.187593
100,0.10,30,99,20.0000,0.193127
100,0.10,40,0,0.2000,5.168565
100,0.10,40,1,0.4000,4.894808
100,0.10,40,2,0.6000,0.765926
100,0.10,40,3,0.8000,0.637066
100,0.10,40,4,1.0000,0.507931
100,0.10,40,5,1.2000,0.348028
100,0.10,40,6,1.4000,0.295171
100,0.10,40,7,1.6000,0.281029
100,0.10,40,8,1.8000,0.296713
100,0.10,40,9,2.0000,0.363567
100,0.10,40,10,2.2000,0.513941
100,0.10,40,11,2.4000,0.338418
100,0.10,40,12,2.6000,0.265976
100,0.10,40,13,2.8000,0.245650
100,0.10,40,14,3.0000,0.218715
100,0.10,40,15,3.2000,0.221875
100,0.10,40,16,3.4000,0.205191
100,0.10,40,17,3.6000,0.187446
100,0.10,40,18,3.8000,0.166861
100,0.10,40,19,4.0000,0.222343
100,0.10,40,20,4.2000,0.190855
100,0.10,40,21,4.4000,0.172697
100,0.10,40,22,4.6000,0.190698
100,0.10,40,23,4.8000,0.178605
100,0.10,40,24,5.0000,0.220075
100,0.10,40,25,5.2000,0.222477
100,0.10,40,26,5.4000,0.230660
100,0.10,40,27,5.6000,0.235241
100,0.10,40,28,5.8000,0.247230
100,0.10,40,29,6.0000,0.237830
100,0.10,40,30,6.2000,0.215523
100,0.10,40,31,6.4000,0.202626
100,0.10,40,32,6.6000,0.178534
100,0.10,40,33,6.8000,0.165157
100,0.10,40,34,7.0000,0.143260
100,0.10,40,35,7.2000,0.132561
100,0.10,40,36,7.4000,0.116063
100,0.10,40,37,7.6000,0.115599
100,0.10,40,38,7.8000,0.118076
100,0.10,40,39,8.0000,0.106778
100,0.10,40,40,8.2000,0.106222
100,0.10,40,41,8.4000,0.102856
100,0.10,40,42,8.6000,0.110966
100,0.10,40,43,8.8000,0.103161
100,0.10,40,44,9.0000,0.100372
100,0.10,40,45,9.2000,0.089538
100,0.10,40,46,9.4000,0.094288
100,0.10,40,47,9.6000,0.097471
100,0.10,40,48,9.8000,0.107130
100,0.10,40,49,10.0000,0.099481
100,0.10,40,50,10.2000,0.096887
100,0.10,40,51,10.4000,0.095826
100,0.10,40,52,10.6000,0.106995
100,0.10,40,53,10.8000,0.121609
100,0.10,40,54,11.0000,0.133756
100,0.10,40,55,11.2000,0.144486
100,0.10,40,56,11.4000,0.168089
100,0.10,40,57,11.6000,0.185036
100,0.10,40,58,11.8000,0.200628
100,0.10,40,59,12.0000,0.204744
100,0.10,40,60,12.2000,0.186059
100,0.10,40,61,12.4000,0.175005
100,0.10,40,62,12.6000,0.156995
100,0.10,40,63,12.8000,0.165379
100,0.10,40,64,13.0000,0.185225
100,0.10,40,65,13.2000,0.196874
100,0.10,40,66,13.4000,0.201652
100,0.10,40,67,13.6000,0.191403
100,0.10,40,68,13.8000,0.190969
100,0.10,40,69,14.0000,0.178260
100,0.10,40,70,14.2000,0.185327
100,0.10,40,71,14.4000,0.187307
100,0.10,40,72,14.6000,0.193963
100,0.10,40,73,14.8000,0.196457
100,0.10,40,74,15.0000,0.198292
100,0.10,40,75,15.2000,0.194799
100,0.10,40,76,15.4000,0.196846
100,0.10,40,77,15.6000,0.200601
100,0.10,40,78,15.8000,0.211009
100,0.10,40,79,16.0000,0.216821
100,0.10,40,80,16.2000,0.208047
100,0.10,40,81,16.4000,0.200415
100,0.10,40,82,16.6000,0.204545
100,0.10,40,83,16.8000,0.211415
100,0.10,40,84,17.0000,0.212074
100,0.10,40,85,17.2000,0.214906
100,0.10,40,86,17.4000,0.217672
100,0.10,40,87,17.6000,0.219050
100,0.10,40,88,17.8000,0.222617
100,0.10,40,89,18.0000,0.226762
100,0.10,40,90,18.2000,0.218523
100,0.10,40,91,18.4000,0.207170
100,0.10,40,92,18.6000,0.198815
100,0.10,40,93,18.8000,0.186445
100,0.10,40,94,19.0000,0.178173
100,0.10,40,95,19.2000,0.179559
100,0.10,40,96,19.4000,0.169150
100,0.10,40,97,19.6000,0.161378
100,0.10,40,98,19.8000,0.153743
100,0.10,40,99,20.0000,0.147133
100,0.10,50,0,0.2000,5.783868
100,0.10,50,1,0.4000,3.003142
100,0.10,50,2,0.6000,2.620594
100,0.10,50,3,0.8000,1.756810
100,0.10,50,4,1.0000,0.479803
100,0.10,50,5,1.2000,0.468387
100,0.10,50,6,1.4000,0.350764
100,0.10,50,7,1.6000,0.304502
100,0.10,50,8,1.8000,0.286789
100,0.10,50,9,2.0000,0.235540
100,0.10,50,10,2.2000,0.286232
100,0.10,50,11,2.4000,0.247577
100,0.10,50,12,2.6000,0.225039
100,0.10,50,13,2.8000,0.196050
100,0.10,50,14,3.0000,0.202740
100,0.10,50,15,3.2000,0.184391
100,0.10,50,16,3.4000,0.181979
100,0.10,50,17,3.6000,0.186667
100,0.10,50,18,3.8000,0.197692
100,0.10,50,19,4.0000,0.172228
100,0.10,50,20,4.2000,0.211040
100,0.10,50,21,4.4000,0.189260
100,0.10,50,22,4.6000,0.186529
100,0.10,50,23,4.8000,0.207459
100,0.10,50,24,5.0000,0.205826
100,0.10,50,25,5.2000,0.189635
100,0.10,50,26,5.4000,0.174230
100,0.10,50,27,5.6000,0.164413
100,0.10,50,28,5.8000,0.169638
100,0.10,50,29,6.0000,0.201116
100,0.10,50,30,6.2000,0.170567
100,0.10,50,31,6.4000,0.165472
100,0.10,50,32,6.6000,0.149930
100,0.10,50,33,6.8000,0.138402
100,0.10,50,34,7.0000,0.123451
100,0.10,50,35,7.2000,0.124738
100,0.10,50,36,7.4000,0.137128
100,0.10,50,37,7.6000,0.128606
100,0.10,50,38,7.8000,0.125985
100,0.10,50,39,8.0000,0.124561
100,0.10,50,40,8.2000,0.124034
100,0.10,50,41,8.4000,0.128768
100,0.10,50,42,8.6000,0.146700
100,0.10,50,43,8.8000,0.155310
100,0.10,50,44,9.0000,0.130755
100,0.10,50,45,9.2000,0.129332
100,0.10,50,46,9.4000,0.138381
100,0.10,50,47,9.6000,0.135752
100,0.10,50,48,9.8000,0.118555
100,0.10,50,49,10.0000,0.101625
100,0.10,50,50,10.2000,0.093840
100,0.10,50,51,10.4000,0.093600
100,0.10,50,52,10.6000,0.095600
100,0.10,50,53,10.8000,0.104079
100,0.10,50,54,11.0000,0.112731
100,0.10,50,55,11.2000,0.126121
100,0.10,50,56,11.4000,0.111782
100,0.10,50,57,11.6000,0.127134
100,0.10,50,58,11.8000,0.140434
100,0.10,50,59,12.0000,0.148013
100,0.10,50,60,12.2000,0.127119
100,0.10,50,61,12.4000,0.130606
100,0.10,50,62,12.6000,0.125737
100,0.10,50,63,12.8000,0.112093
100,0.10,50,64,13.0000,0.109423
100,0.10,50,65,13.2000,0.114693
100,0.10,50,66,13.4000,0.120456
100,0.10,50,67,13.6000,0.130396
100,0.10,50,68,13.8000,0.124775
100,0.10,50,69,14.0000,0.115292
100,0.10,50,70,14.2000,0.104965
100,0.10,50,71,14.4000,0.117245
100,0.10,50,72,14.6000,0.116482
100,0.10,50,73,14.8000,0.101174
100,0.10,50,74,15.0000,0.098774
100,0.10,50,75,15.2000,0.097594
100,0.10,50,76,15.4000,0.089391
100,0.10,50,77,15.6000,0.082369
100,0.10,50,78,15.8000,0.084853
100,0.10,50,79,16.0000,0.090135
100,0.10,50,80,16.2000,0.089406
100,0.10,50,81,16.4000,0.081085
100,0.10,50,82,16.6000,0.073643
100,0.10,50,83,16.8000,0.070967
100,0.10,50,84,17.0000,0.087167
100,0.10,50,85,17.2000,0.093961
100,0.10,50,86,17.4000,0.092659
100,0.10,50,87,17.6000,0.104571
100,0.10,50,88,17.8000,0.115574
100,0.10,50,89,18.0000,0.124311
100,0.10,50,90,18.2000,0.114831
100,0.10,50,91,18.4000,0.131277
100,0.10,50,92,18.6000,0.130627
100,0.10,50,93,18.8000,0.129349
100,0.10,50,94,19.0000,0.126811
100,0.10,50,95,19.2000,0.131526
100,0.10,50,96,19.4000,0.147669
100,0.10,50,97,19.6000,0.142442
100,0.10,50,98,19.8000,0.137946
100,0.10,50,99,20.0000,0.136842
100,0.10,60,0,0.2000,4.651198
100,0.10,60,1,0.4000,4.121303
100,0.10,60,2,0.6000,4.058724
100,0.10,60,3,0.8000,1.946959
100,0.10,60,4,1.0000,0.448844
100,0.10,60,5,1.2000,0.287309
100,0.10,60,6,1.4000,0.280054
100,0.10,60,7,1.6000,0.340679
100,0.10,60,8,1.8000,0.373765
100,0.10,60,9,2.0000,0.329462
100,0.10,60,10,2.2000,0.295191
100,0.10,60,11,2.4000,0.276787
100,0.10,60,12,2.6000,0.319497
100,0.10,60,13,2.8000,0.319854
100,0.10,60,14,3.0000,0.334551
100,0.10,60,15,3.2000,0.342475
100,0.10,60,16,3.4000,0.380241
100,0.10,60,17,3.6000,0.386222
100,0.10,60,18,3.8000,0.393609
100,0.10,60,19,4.0000,0.459133
100,0.10,60,20,4.2000,0.449282
100,0.10,60,21,4.4000,0.489272
100,0.10,60,22,4.6000,0.501517
100,0.10,60,23,4.8000,0.528793
100,0.10,60,24,5.0000,0.523174
100,0.10,60,25,5.2000,0.573115
100,0.10,60,26,5.4000,0.547483
100,0.10,60,27,5.6000,0.522852
100,0.10,60,28,5.8000,0.545459
100,0.10,60,29,6.0000,0.556682
100,0.10,60,30,6.2000,0.532272
100,0.10,60,31,6.4000,0.541767
100,0.10,60,32,6.6000,0.544686
100,0.10,60,33,6.8000,0.556595
100,0.10,60,34,7.0000,0.559636
100,0.10,60,35,7.2000,0.562876
100,0.10,60,36,7.4000,0.573993
100,0.10,60,37,7.6000,0.577754
100,0.10,60,38,7.8000,0.583505
100,0.10,60,39,8.0000,0.590156
100,0.10,60,40,8.2000,0.594972
100,0.10,60,41,8.4000,0.565888
100,0.10,60,42,8.6000,0.538356
100,0.10,60,43,8.8000,0.510846
100,0.10,60,44,9.0000,0.475454
100,0.10,60,45,9.2000,0.445753
100,0.10,60,46,9.4000,0.428491
100,0.10,60,47,9.6000,0.405008
100,0.10,60,48,9.8000,0.401682
100,0.10,60,49,10.0000,0.388870
100,0.10,60,50,10.2000,0.369199
100,0.10,60,51,10.4000,0.351564
100,0.10,60,52,10.6000,0.334845
100,0.10,60,53,10.8000,0.318949
100,0.10,60,54,11.0000,0.307993
100,0.10,60,55,11.2000,0.290148
100,0.10,60,56,11.4000,0.275831
100,0.10,60,57,11.6000,0.249272
100,0.10,60,58,11.8000,0.220223
100,0.10,60,59,12.0000,0.225400
100,0.10,60,60,12.2000,0.235020
100,0.10,60,61,12.4000,0.244449
100,0.10,60,62,12.6000,0.237409
100,0.10,60,63,12.8000,0.233237
100,0.10,60,64,13.0000,0.240191
100,0.10,60,65,13.2000,0.247690
100,0.10,60,66,13.4000,0.256358
100,0.10,60,67,13.6000,0.269389
100,0.10,60,68,13.8000,0.278170
100,0.10,60,69,14.0000,0.272713
100,0.10,60,70,14.2000,0.264749
100,0.10,60,71,14.4000,0.251664
100,0.10,60,72,14.6000,0.245322
100,0.10,60,73,14.8000,0.229904
100,0.10,60,74,15.0000,0.226363
100,0.10,60,75,15.2000,0.234816
100,0.10,60,76,15.4000,0.244254
100,0.10,60,77,15.6000,0.247298
100,0.10,60,78,15.8000,0.232330
100,0.10,60,79,16.0000,0.222700
100,0.10,60,80,16.2000,0.214668
100,0.10,60,81,16.4000,0.215648
100,0.10,60,82,16.6000,0.204133
100,0.10,60,83,16.8000,0.213007
100,0.10,60,84,17.0000,0.218150
100,0.10,60,85,17.2000,0.230902
100,0.10,60,86,17.4000,0.221086
100,0.10,60,87,17.6000,0.221584
100,0.10,60,88,17.8000,0.226871
100,0.10,60,89,18.0000,0.227932
100,0.10,60,90,18.2000,0.233417
100,0.10,60,91,18.4000,0.238185
100,0.10,60,92,18.6000,0.244923
100,0.10,60,93,18.8000,0.235716
100,0.10,60,94,19.0000,0.230533
100,0.10,60,95,19.2000,0.222718
100,0.10,60,96,19.4000,0.216524
100,0.10,60,97,19.6000,0.218372
100,0.10,60,98,19.8000,0.226163
100,0.10,60,99,20.0000,0.226386
100,0.10,70,0,0.2000,9.965635
100,0.10,70,1,0.4000,9.592096
100,0.10,70,2,0.6000,8.989325
100,0.10,70,3,0.8000,8.855562
100,0.10,70,4,1.0000,8.627895
100,0.10,70,5,1.2000,8.538965
100,0.10,70,6,1.4000,7.023218
100,0.10,70,7,1.6000,5.435540
100,0.10,70,8,1.8000,5.378261
100,0.10,70,9,2.0000,5.332172
100,0.10,70,10,2.2000,5.255593
100,0.10,70,11,2.4000,5.221031
100,0.10,70,12,2.6000,5.173172
100,0.10,70,13,2.8000,5.102675
100,0.10,70,14,3.0000,3.361302
100,0.10,70,15,3.2000,3.338982
100,0.10,70,16,3.4000,3.324026
100,0.10,70,17,3.6000,3.134775
100,0.10,70,18,3.8000,3.096198
100,0.10,70,19,4.0000,0.371526
100,0.10,70,20,4.2000,0.615633
100,0.10,70,21,4.4000,0.436155
100,0.10,70,22,4.6000,0.422295
100,0.10,70,23,4.8000,0.378945
100,0.10,70,24,5.0000,0.400597
100,0.10,70,25,5.2000,0.466640
100,0.10,70,26,5.4000,0.368630
100,0.10,70,27,5.6000,0.303166
100,0.10,70,28,5.8000,0.300450
100,0.10,70,29,6.0000,0.251268
100,0.10,70,30,6.2000,0.223967
100,0.10,70,31,6.4000,0.246364
100,0.10,70,32,6.6000,0.252335
100,0.10,70,33,6.8000,0.260352
100,0.10,70,34,7.0000,0.272767
100,0.10,70,35,7.2000,0.301608
100,0.10,70,36,7.4000,0.315830
100,0.10,70,37,7.6000,0.295897
100,0.10,70,38,7.8000,0.303385
100,0.10,70,39,8.0000,0.264806
100,0.10,70,40,8.2000,0.235891
100,0.10,70,41,8.4000,0.236429
100,0.10,70,42,8.6000,0.242402
100,0.10,70,43,8.8000,0.248063
100,0.10,70,44,9.0000,0.260921
100,0.10,70,45,9.2000,0.271277
100,0.10,70,46,9.4000,0.282782
100,0.10,70,47,9.6000,0.287243
100,0.10,70,48,9.8000,0.291806
100,0.10,70,49,10.0000,0.293946
100,0.10,70,50,10.2000,0.295723
100,0.10,70,51,10.4000,0.325809
100,0.10,70,52,10.6000,0.310338
100,0.10,70,53,10.8000,0.294768
100,0.10,70,54,11.0000,0.301883
100,0.10,70,55,11.2000,0.304030
100,0.10,70,56,11.4000,0.302507
100,0.10,70,57,11.6000,0.317893
100,0.10,70,58,11.8000,0.328403
100,0.10,70,59,12.0000,0.333627
100,0.10,70,60,12.2000,0.343810
100,0.10,70,61,12.4000,0.339280
100,0.10,70,62,12.6000,0.321309
100,0.10,70,63,12.8000,0.301693
100,0.10,70,64,13.0000,0.285681
100,0.10,70,65,13.2000,0.265236
100,0.10,70,66,13.4000,0.252772
100,0.10,70,67,13.6000,0.233899
100,0.10,70,68,13.8000,0.243799
100,0.10,70,69,14.0000,0.244661
100,0.10,70,70,14.2000,0.241390
100,0.10,70,71,14.4000,0.249077
100,0.10,70,72,14.6000,0.245938
100,0.10,70,73,14.8000,0.251449
100,0.10,70,74,15.0000,0.232262
100,0.10,70,75,15.2000,0.224766
100,0.10,70,76,15.4000,0.222587
100,0.10,70,77,15.6000,0.219989
100,0.10,70,78,15.8000,0.217090
100,0.10,70,79,16.0000,0.228499
100,0.10,70,80,16.2000,0.220291
100,0.10,70,81,16.4000,0.215445
100,0.10,70,82,16.6000,0.226167
100,0.10,70,83,16.8000,0.225673
100,0.10,70,84,17.0000,0.243104
100,0.10,70,85,17.2000,0.247554
100,0.10,70,86,17.4000,0.245128
100,0.10,70,87,17.6000,0.242412
100,0.10,70,88,17.8000,0.240027
100,0.10,70,89,18.0000,0.238070
100,0.10,70,90,18.2000,0.240549
100,0.10,70,91,18.4000,0.237998
100,0.10,70,92,18.6000,0.233110
100,0.10,70,93,18.8000,0.229453
100,0.10,70,94,19.0000,0.238476
100,0.10,70,95,19.2000,0.234887
100,0.10,70,96,19.4000,0.234621
100,0.10,70,97,19.6000,0.223452
100,0.10,70,98,19.8000,0.215710
100,0.10,70,99,20.0000,0.210909
100,0.10,80,0,0.2000,8.166954
100,0.10,80,1,0.4000,7.382035
100,0.10,80,2,0.6000,6.558082
100,0.10,80,3,0.8000,6.363169
100,0.10,80,4,1.0000,6.229464
100,0.10,80,5,1.2000,1.074746
100,0.10,80,6,1.4000,0.839296
100,0.10,80,7,1.6000,0.617877
100,0.10,80,8,1.8000,0.535993
100,0.10,80,9,2.0000,0.479850
100,0.10,80,10,2.2000,0.394592
100,0.10,80,11,2.4000,0.255934
100,0.10,80,12,2.6000,0.178175
100,0.10,80,13,2.8000,0.148589
100,0.10,80,14,3.0000,0.206542
100,0.10,80,15,3.2000,0.302100
100,0.10,80,16,3.4000,0.329303
100,0.10,80,17,3.6000,0.271924
100,0.10,80,18,3.8000,0.253437
100,0.10,80,19,4.0000,0.253066
100,0.10,80,20,4.2000,0.286598
100,0.10,80,21,4.4000,0.154202
100,0.10,80,22,4.6000,0.146452
100,0.10,80,23,4.8000,0.138217
100,0.10,80,24,5.0000,0.147866
100,0.10,80,25,5.2000,0.146091
100,0.10,80,26,5.4000,0.152145
100,0.10,80,27,5.6000,0.137972
100,0.10,80,28,5.8000,0.117995
100,0.10,80,29,6.0000,0.134299
100,0.10,80,30,6.2000,0.140876
100,0.10,80,31,6.4000,0.153941
100,0.10,80,32,6.6000,0.139546
100,0.10,80,33,6.8000,0.141403
100,0.10,80,34,7.0000,0.161137
100,0.10,80,35,7.2000,0.172834
100,0.10,80,36,7.4000,0.168168
100,0.10,80,37,7.6000,0.154685
100,0.10,80,38,7.8000,0.146466
100,0.10,80,39,8.0000,0.153648
100,0.10,80,40,8.2000,0.142142
100,0.10,80,41,8.4000,0.128182
100,0.10,80,42,8.6000,0.122207
100,0.10,80,43,8.8000,0.121223
100,0.10,80,44,9.0000,0.130647
100,0.10,80,45,9.2000,0.179983
100,0.10,80,46,9.4000,0.177162
100,0.10,80,47,9.6000,0.195047
100,0.10,80,48,9.8000,0.192570
100,0.10,80,49,10.0000,0.192687
100,0.10,80,50,10.2000,0.194139
100,0.10,80,51,10.4000,0.197801
100,0.10,80,52,10.6000,0.185927
100,0.10,80,53,10.8000,0.159340
100,0.10,80,54,11.0000,0.150707
100,0.10,80,55,11.2000,0.131286
100,0.10,80,56,11.4000,0.129564
100,0.10,80,57,11.6000,0.120959
100,0.10,80,58,11.8000,0.125524
100,0.10,80,59,12.0000,0.135701
100,0.10,80,60,12.2000,0.150176
100,0.10,80,61,12.4000,0.177238
100,0.10,80,62,12.6000,0.178317
100,0.10,80,63,12.8000,0.185818
100,0.10,80,64,13.0000,0.189692
100,0.10,80,65,13.2000,0.217958
100,0.10,80,66,13.4000,0.203565
100,0.10,80,67,13.6000,0.214098
100,0.10,80,68,13.8000,0.202135
100,0.10,80,69,14.0000,0.189885
100,0.10,80,70,14.2000,0.171426
100,0.10,80,71,14.4000,0.156731
100,0.10,80,72,14.6000,0.169596
100,0.10,80,73,14.8000,0.166857
100,0.10,80,74,15.0000,0.164922
100,0.10,80,75,15.2000,0.163860
100,0.10,80,76,15.4000,0.170792
100,0.10,80,77,15.6000,0.180527
100,0.10,80,78,15.8000,0.189430
100,0.10,80,79,16.0000,0.198715
100,0.10,80,80,16.2000,0.188270
100,0.10,80,81,16.4000,0.178112
100,0.10,80,82,16.6000,0.178521
100,0.10,80,83,16.8000,0.174768
100,0.10,80,84,17.0000,0.191803
100,0.10,80,85,17.2000,0.182738
100,0.10,80,86,17.4000,0.172407
100,0.10,80,87,17.6000,0.163952
100,0.10,80,88,17.8000,0.160557
100,0.10,80,89,18.0000,0.166248
100,0.10,80,90,18.2000,0.172133
100,0.10,80,91,18.4000,0.167949
100,0.10,80,92,18.6000,0.166879
100,0.10,80,93,18.8000,0.166597
100,0.10,80,94,19.0000,0.167066
100,0.10,80,95,19.2000,0.165343
100,0.10,80,96,19.4000,0.169467
100,0.10,80,97,19.6000,0.165148
100,0.10,80,98,19.8000,0.161379
100,0.10,80,99,20.0000,0.156808
100,0.10,90,0,0.2000,7.655853
100,0.10,90,1,0.4000,6.833640
100,0.10,90,2,0.6000,6.521810
100,0.10,90,3,0.8000,5.800642
100,0.10,90,4,1.0000,5.274529
100,0.10,90,5,1.2000,0.487852
100,0.10,90,6,1.4000,0.577868
100,0.10,90,7,1.6000,0.938761
100,0.10,90,8,1.8000,0.819628
100,0.10,90,9,2.0000,0.682095
100,0.10,90,10,2.2000,0.555839
100,0.10,90,11,2.4000,0.504398
100,0.10,90,12,2.6000,0.452916
100,0.10,90,13,2.8000,0.394930
100,0.10,90,14,3.0000,0.332387
100,0.10,90,15,3.2000,0.274751
100,0.10,90,16,3.4000,0.227374
100,0.10,90,17,3.6000,0.216264
100,0.10,90,18,3.8000,0.216358
100,0.10,90,19,4.0000,0.229211
100,0.10,90,20,4.2000,0.210371
100,0.10,90,21,4.4000,0.181864
100,0.10,90,22,4.6000,0.175771
100,0.10,90,23,4.8000,0.183864
100,0.10,90,24,5.0000,0.216456
100,0.10,90,25,5.2000,0.243928
100,0.10,90,26,5.4000,0.188905
100,0.10,90,27,5.6000,0.129493
100,0.10,90,28,5.8000,0.121318
100,0.10,90,29,6.0000,0.138936
100,0.10,90,30,6.2000,0.160320
100,0.10,90,31,6.4000,0.168271
100,0.10,90,32,6.6000,0.189633
100,0.10,90,33,6.8000,0.197076
100,0.10,90,34,7.0000,0.203458
100,0.10,90,35,7.2000,0.203882
100,0.10,90,36,7.4000,0.196294
100,0.10,90,37,7.6000,0.183629
100,0.10,90,38,7.8000,0.176094
100,0.10,90,39,8.0000,0.168747
100,0.10,90,40,8.2000,0.164783
100,0.10,90,41,8.4000,0.159913
100,0.10,90,42,8.6000,0.159003
100,0.10,90,43,8.8000,0.168340
100,0.10,90,44,9.0000,0.177321
100,0.10,90,45,9.2000,0.183981
100,0.10,90,46,9.4000,0.172465
100,0.10,90,47,9.6000,0.164980
100,0.10,90,48,9.8000,0.162815
100,0.10,90,49,10.0000,0.159811
100,0.10,90,50,10.2000,0.159660
100,0.10,90,51,10.4000,0.148450
100,0.10,90,52,10.6000,0.138590
100,0.10,90,53,10.8000,0.126454
100,0.10,90,54,11.0000,0.127188
100,0.10,90,55,11.2000,0.136383
100,0.10,90,56,11.4000,0.140834
100,0.10,90,57,11.6000,0.145683
100,0.10,90,58,11.8000,0.156846
100,0.10,90,59,12.0000,0.163584
100,0.10,90,60,12.2000,0.173117
100,0.10,90,61,12.4000,0.178227
100,0.10,90,62,12.6000,0.183481
100,0.10,90,63,12.8000,0.182137
100,0.10,90,64,13.0000,0.175778
100,0.10,90,65,13.2000,0.169470
100,0.10,90,66,13.4000,0.161267
100,0.10,90,67,13.6000,0.151426
100,0.10,90,68,13.8000,0.147252
100,0.10,90,69,14.0000,0.144622
100,0.10,90,70,14.2000,0.142477
100,0.10,90,71,14.4000,0.136726
100,0.10,90,72,14.6000,0.135110
100,0.10,90,73,14.8000,0.135699
100,0.10,90,74,15.0000,0.140892
100,0.10,90,75,15.2000,0.141567
100,0.10,90,76,15.4000,0.134607
100,0.10,90,77,15.6000,0.137082
100,0.10,90,78,15.8000,0.133311
100,0.10,90,79,16.0000,0.131575
100,0.10,90,80,16.2000,0.134375
100,0.10,90,81,16.4000,0.128318
100,0.10,90,82,16.6000,0.131151
100,0.10,90,83,16.8000,0.134247
100,0.10,90,84,17.0000,0.136766
100,0.10,90,85,17.2000,0.136762
100,0.10,90,86,17.4000,0.132372
100,0.10,90,87,17.6000,0.131985
100,0.10,90,88,17.8000,0.128283
100,0.10,90,89,18.0000,0.127501
100,0.10,90,90,18.2000,0.129446
100,0.10,90,91,18.4000,0.136289
100,0.10,90,92,18.6000,0.137731
100,0.10,90,93,18.8000,0.132640
100,0.10,90,94,19.0000,0.130431
100,0.10,90,95,19.2000,0.132487
100,0.10,90,96,19.4000,0.136567
100,0.10,90,97,19.6000,0.138437
100,0.10,90,98,19.8000,0.135045
100,0.10,90,99,20.0000,0.132117
100,0.2,10,0,0.2000,4.731949
100,0.2,10,1,0.4000,4.234493
100,0.2,10,2,0.6000,0.861203
100,0.2,10,3,0.8000,0.494622
100,0.2,10,4,1.0000,0.420000
100,0.2,10,5,1.2000,0.424245
100,0.2,10,6,1.4000,0.432790
100,0.2,10,7,1.6000,0.429182
100,0.2,10,8,1.8000,0.433453
100,0.2,10,9,2.0000,0.451479
100,0.2,10,10,2.2000,0.311564
100,0.2,10,11,2.4000,0.307137
100,0.2,10,12,2.6000,0.391246
100,0.2,10,13,2.8000,0.399972
100,0.2,10,14,3.0000,0.428816
100,0.2,10,15,3.2000,0.362035
100,0.2,10,16,3.4000,0.303837
100,0.2,10,17,3.6000,0.203469
100,0.2,10,18,3.8000,0.200979
100,0.2,10,19,4.0000,0.207960
100,0.2,10,20,4.2000,0.186472
100,0.2,10,21,4.4000,0.144070
100,0.2,10,22,4.6000,0.126789
100,0.2,10,23,4.8000,0.105744
100,0.2,10,24,5.0000,0.117034
100,0.2,10,25,5.2000,0.132940
100,0.2,10,26,5.4000,0.141617
100,0.2,10,27,5.6000,0.110571
100,0.2,10,28,5.8000,0.110106
100,0.2,10,29,6.0000,0.079093
100,0.2,10,30,6.2000,0.077403
100,0.2,10,31,6.4000,0.084690
100,0.2,10,32,6.6000,0.098264
100,0.2,10,33,6.8000,0.070902
100,0.2,10,34,7.0000,0.084413
100,0.2,10,35,7.2000,0.080331
100,0.2,10,36,7.4000,0.083607
100,0.2,10,37,7.6000,0.095527
100,0.2,10,38,7.8000,0.109975
100,0.2,10,39,8.0000,0.097281
100,0.2,10,40,8.2000,0.119171
100,0.2,10,41,8.4000,0.109395
100,0.2,10,42,8.6000,0.121461
100,0.2,10,43,8.8000,0.135157
100,0.2,10,44,9.0000,0.148434
100,0.2,10,45,9.2000,0.164752
100,0.2,10,46,9.4000,0.181089
100,0.2,10,47,9.6000,0.199208
100,0.2,10,48,9.8000,0.190925
100,0.2,10,49,10.0000,0.186910
100,0.2,10,50,10.2000,0.169085
100,0.2,10,51,10.4000,0.170411
100,0.2,10,52,10.6000,0.162942
100,0.2,10,53,10.8000,0.170295
100,0.2,10,54,11.0000,0.184745
100,0.2,10,55,11.2000,0.187938
100,0.2,10,56,11.4000,0.187606
100,0.2,10,57,11.6000,0.186545
100,0.2,10,58,11.8000,0.202078
100,0.2,10,59,12.0000,0.212986
100,0.2,10,60,12.2000,0.207018
100,0.2,10,61,12.4000,0.196935
100,0.2,10,62,12.6000,0.186934
100,0.2,10,63,12.8000,0.176208
100,0.2,10,64,13.0000,0.166040
100,0.2,10,65,13.2000,0.161231
100,0.2,10,66,13.4000,0.154485
100,0.2,10,67,13.6000,0.152962
100,0.2,10,68,13.8000,0.136839
100,0.2,10,69,14.0000,0.133140
100,0.2,10,70,14.2000,0.140347
100,0.2,10,71,14.4000,0.144937
100,0.2,10,72,14.6000,0.148600
100,0.2,10,73,14.8000,0.140188
100,0.2,10,74,15.0000,0.141969
100,0.2,10,75,15.2000,0.145254
100,0.2,10,76,15.4000,0.147551
100,0.2,10,77,15.6000,0.150515
100,0.2,10,78,15.8000,0.157960
100,0.2,10,79,16.0000,0.162138
100,0.2,10,80,16.2000,0.163705
100,0.2,10,81,16.4000,0.168166
100,0.2,10,82,16.6000,0.172623
100,0.2,10,83,16.8000,0.180645
100,0.2,10,84,17.0000,0.174257
100,0.2,10,85,17.2000,0.166491
100,0.2,10,86,17.4000,0.154867
100,0.2,10,87,17.6000,0.146336
100,0.2,10,88,17.8000,0.140138
100,0.2,10,89,18.0000,0.136059
100,0.2,10,90,18.2000,0.130797
100,0.2,10,91,18.4000,0.122413
100,0.2,10,92,18.6000,0.120580
100,0.2,10,93,18.8000,0.115692
100,0.2,10,94,19.0000,0.115784
100,0.2,10,95,19.2000,0.116243
100,0.2,10,96,19.4000,0.121690
100,0.2,10,97,19.6000,0.123008
100,0.2,10,98,19.8000,0.123736
100,0.2,10,99,20.0000,0.129816
100,0.2,100,0,0.2000,4.354258
100,0.2,100,1,0.4000,3.909794
100,0.2,100,2,0.6000,2.609829
100,0.2,100,3,0.8000,1.490819
100,0.2,100,4,1.0000,1.184884
100,0.2,100,5,1.2000,0.354694
100,0.2,100,6,1.4000,0.250848
100,0.2,100,7,1.6000,0.183122
100,0.2,100,8,1.8000,0.185551
100,0.2,100,9,2.0000,0.159472
100,0.2,100,10,2.2000,0.169438
100,0.2,100,11,2.4000,0.218889
100,0.2,100,12,2.6000,0.213279
100,0.2,100,13,2.8000,0.224669
100,0.2,100,14,3.0000,0.248887
100,0.2,100,15,3.2000,0.230335
100,0.2,100,16,3.4000,0.204202
100,0.2,100,17,3.6000,0.186679
100,0.2,100,18,3.8000,0.197594
100,0.2,100,19,4.0000,0.195244
100,0.2,100,20,4.2000,0.221020
100,0.2,100,21,4.4000,0.229078
100,0.2,100,22,4.6000,0.193304
100,0.2,100,23,4.8000,0.241382
100,0.2,100,24,5.0000,0.231937
100,0.2,100,25,5.2000,0.169167
100,0.2,100,26,5.4000,0.166336
100,0.2,100,27,5.6000,0.163044
100,0.2,100,28,5.8000,0.133345
100,0.2,100,29,6.0000,0.131914
100,0.2,100,30,6.2000,0.113161
100,0.2,100,31,6.4000,0.106504
100,0.2,100,32,6.6000,0.127756
100,0.2,100,33,6.8000,0.144051
100,0.2,100,34,7.0000,0.153269
100,0.2,100,35,7.2000,0.166507
100,0.2,100,36,7.4000,0.176086
100,0.2,100,37,7.6000,0.190028
100,0.2,100,38,7.8000,0.214865
100,0.2,100,39,8.0000,0.235678
100,0.2,100,40,8.2000,0.257413
100,0.2,100,41,8.4000,0.240776
100,0.2,100,42,8.6000,0.226135
100,0.2,100,43,8.8000,0.197208
100,0.2,100,44,9.0000,0.212986
100,0.2,100,45,9.2000,0.217213
100,0.2,100,46,9.4000,0.217299
100,0.2,100,47,9.6000,0.192665
100,0.2,100,48,9.8000,0.193540
100,0.2,100,49,10.0000,0.195297
100,0.2,100,50,10.2000,0.193872
100,0.2,100,51,10.4000,0.179643
100,0.2,100,52,10.6000,0.178378
100,0.2,100,53,10.8000,0.183096
100,0.2,100,54,11.0000,0.196145
100,0.2,100,55,11.2000,0.181694
100,0.2,100,56,11.4000,0.190839
100,0.2,100,57,11.6000,0.201324
100,0.2,100,58,11.8000,0.192184
100,0.2,100,59,12.0000,0.163949
100,0.2,100,60,12.2000,0.149665
100,0.2,100,61,12.4000,0.152836
100,0.2,100,62,12.6000,0.146658
100,0.2,100,63,12.8000,0.152486
100,0.2,100,64,13.0000,0.163856
100,0.2,100,65,13.2000,0.178365
100,0.2,100,66,13.4000,0.172058
100,0.2,100,67,13.6000,0.171767
100,0.2,100,68,13.8000,0.140394
100,0.2,100,69,14.0000,0.142446
100,0.2,100,70,14.2000,0.141814
100,0.2,100,71,14.4000,0.130864
100,0.2,100,72,14.6000,0.141164
100,0.2,100,73,14.8000,0.146087
100,0.2,100,74,15.0000,0.139674
100,0.2,100,75,15.2000,0.144841
100,0.2,100,76,15.4000,0.134426
100,0.2,100,77,15.6000,0.130867
100,0.2,100,78,15.8000,0.133221
100,0.2,100,79,16.0000,0.126759
100,0.2,100,80,16.2000,0.109397
100,0.2,100,81,16.4000,0.108411
100,0.2,100,82,16.6000,0.113883
100,0.2,100,83,16.8000,0.123156
100,0.2,100,84,17.0000,0.112528
100,0.2,100,85,17.2000,0.113135
100,0.2,100,86,17.4000,0.116287
100,0.2,100,87,17.6000,0.109584
100,0.2,100,88,17.8000,0.112905
100,0.2,100,89,18.0000,0.109890
100,0.2,100,90,18.2000,0.115425
100,0.2,100,91,18.4000,0.120115
100,0.2,100,92,18.6000,0.126086
100,0.2,100,93,18.8000,0.134052
100,0.2,100,94,19.0000,0.141483
100,0.2,100,95,19.2000,0.146994
100,0.2,100,96,19.4000,0.145839
100,0.2,100,97,19.6000,0.147104
100,0.2,100,98,19.8000,0.136003
100,0.2,100,99,20.0000,0.135684
100,0.2,20,0,0.2000,8.619533
100,0.2,20,1,0.4000,8.099411
100,0.2,20,2,0.6000,7.846112
100,0.2,20,3,0.8000,6.161638
100,0.2,20,4,1.0000,6.023149
100,0.2,20,5,1.2000,5.862645
100,0.2,20,6,1.4000,5.773728
100,0.2,20,7,1.6000,5.647786
100,0.2,20,8,1.8000,5.362068
100,0.2,20,9,2.0000,5.072550
100,0.2,20,10,2.2000,2.403090
100,0.2,20,11,2.4000,1.643455
100,0.2,20,12,2.6000,0.445811
100,0.2,20,13,2.8000,0.361613
100,0.2,20,14,3.0000,0.308825
100,0.2,20,15,3.2000,0.306181
100,0.2,20,16,3.4000,0.335203
100,0.2,20,17,3.6000,0.362079
100,0.2,20,18,3.8000,0.309620
100,0.2,20,19,4.0000,0.232146
100,0.2,20,20,4.2000,0.186909
100,0.2,20,21,4.4000,0.168047
100,0.2,20,22,4.6000,0.163352
100,0.2,20,23,4.8000,0.177906
100,0.2,20,24,5.0000,0.175322
100,0.2,20,25,5.2000,0.193889
100,0.2,20,26,5.4000,0.244936
100,0.2,20,27,5.6000,0.244814
100,0.2,20,28,5.8000,0.193899
100,0.2,20,29,6.0000,0.130726
100,0.2,20,30,6.2000,0.132266
100,0.2,20,31,6.4000,0.137959
100,0.2,20,32,6.6000,0.116474
100,0.2,20,33,6.8000,0.112436
100,0.2,20,34,7.0000,0.122260
100,0.2,20,35,7.2000,0.130686
100,0.2,20,36,7.4000,0.137754
100,0.2,20,37,7.6000,0.125568
100,0.2,20,38,7.8000,0.120515
100,0.2,20,39,8.0000,0.112016
100,0.2,20,40,8.2000,0.116816
100,0.2,20,41,8.4000,0.117443
100,0.2,20,42,8.6000,0.112869
100,0.2,20,43,8.8000,0.114006
100,0.2,20,44,9.0000,0.113949
100,0.2,20,45,9.2000,0.123001
100,0.2,20,46,9.4000,0.130137
100,0.2,20,47,9.6000,0.139345
100,0.2,20,48,9.8000,0.140972
100,0.2,20,49,10.0000,0.159049
100,0.2,20,50,10.2000,0.161655
100,0.2,20,51,10.4000,0.157025
100,0.2,20,52,10.6000,0.169022
100,0.2,20,53,10.8000,0.170449
100,0.2,20,54,11.0000,0.162092
100,0.2,20,55,11.2000,0.156618
100,0.2,20,56,11.4000,0.132121
100,0.2,20,57,11.6000,0.120963
100,0.2,20,58,11.8000,0.119367
100,0.2,20,59,12.0000,0.113211
100,0.2,20,60,12.2000,0.110141
100,0.2,20,61,12.4000,0.107242
100,0.2,20,62,12.6000,0.102520
100,0.2,20,63,12.8000,0.104865
100,0.2,20,64,13.0000,0.102702
100,0.2,20,65,13.2000,0.107182
100,0.2,20,66,13.4000,0.116419
100,0.2,20,67,13.6000,0.123458
100,0.2,20,68,13.8000,0.130402
100,0.2,20,69,14.0000,0.137496
100,0.2,20,70,14.2000,0.126795
100,0.2,20,71,14.4000,0.116208
100,0.2,20,72,14.6000,0.110188
100,0.2,20,73,14.8000,0.110127
100,0.2,20,74,15.0000,0.102765
100,0.2,20,75,15.2000,0.096334
100,0.2,20,76,15.4000,0.092646
100,0.2,20,77,15.6000,0.087813
100,0.2,20,78,15.8000,0.090663
100,0.2,20,79,16.0000,0.100233
100,0.2,20,80,16.2000,0.103117
100,0.2,20,81,16.4000,0.116869
100,0.2,20,82,16.6000,0.116737
100,0.2,20,83,16.8000,0.112413
100,0.2,20,84,17.0000,0.119486
100,0.2,20,85,17.2000,0.122811
100,0.2,20,86,17.4000,0.115094
100,0.2,20,87,17.6000,0.116527
100,0.2,20,88,17.8000,0.121463
100,0.2,20,89,18.0000,0.116193
100,0.2,20,90,18.2000,0.111879
100,0.2,20,91,18.4000,0.112611
100,0.2,20,92,18.6000,0.117789
100,0.2,20,93,18.8000,0.118905
100,0.2,20,94,19.0000,0.108186
100,0.2,20,95,19.2000,0.102048
100,0.2,20,96,19.4000,0.111232
100,0.2,20,97,19.6000,0.108549
100,0.2,20,98,19.8000,0.108717
100,0.2,20,99,20.0000,0.107995
100,0.2,30,0,0.2000,9.850219
100,0.2,30,1,0.4000,9.422784
100,0.2,30,2,0.6000,8.391169
100,0.2,30,3,0.8000,5.954693
100,0.2,30,4,1.0000,5.067429
100,0.2,30,5,1.2000,2.573596
100,0.2,30,6,1.4000,2.353172
100,0.2,30,7,1.6000,2.281754
100,0.2,30,8,1.8000,2.230643
100,0.2,30,9,2.0000,2.166477
100,0.2,30,10,2.2000,2.115032
100,0.2,30,11,2.4000,2.070456
100,0.2,30,12,2.6000,2.025584
100,0.2,30,13,2.8000,1.990557
100,0.2,30,14,3.0000,1.941778
100,0.2,30,15,3.2000,1.721500
100,0.2,30,16,3.4000,1.561135
100,0.2,30,17,3.6000,1.504396
100,0.2,30,18,3.8000,1.427606
100,0.2,30,19,4.0000,0.268897
100,0.2,30,20,4.2000,0.234056
100,0.2,30,21,4.4000,0.259105
100,0.2,30,22,4.6000,0.333193
100,0.2,30,23,4.8000,0.308541
100,0.2,30,24,5.0000,0.264616
100,0.2,30,25,5.2000,0.270688
100,0.2,30,26,5.4000,0.246083
100,0.2,30,27,5.6000,0.315297
100,0.2,30,28,5.8000,0.315816
100,0.2,30,29,6.0000,0.286259
100,0.2,30,30,6.2000,0.261419
100,0.2,30,31,6.4000,0.244834
100,0.2,30,32,6.6000,0.234169
100,0.2,30,33,6.8000,0.218296
100,0.2,30,34,7.0000,0.226105
100,0.2,30,35,7.2000,0.228498
100,0.2,30,36,7.4000,0.229307
100,0.2,30,37,7.6000,0.239180
100,0.2,30,38,7.8000,0.228703
100,0.2,30,39,8.0000,0.218919
100,0.2,30,40,8.2000,0.204019
100,0.2,30,41,8.4000,0.202365
100,0.2,30,42,8.6000,0.210345
100,0.2,30,43,8.8000,0.227831
100,0.2,30,44,9.0000,0.213955
100,0.2,30,45,9.2000,0.199365
100,0.2,30,46,9.4000,0.195857
100,0.2,30,47,9.6000,0.179140
100,0.2,30,48,9.8000,0.170570
100,0.2,30,49,10.0000,0.164348
100,0.2,30,50,10.2000,0.158811
100,0.2,30,51,10.4000,0.166583
100,0.2,30,52,10.6000,0.169878
100,0.2,30,53,10.8000,0.187555
100,0.2,30,54,11.0000,0.195948
100,0.2,30,55,11.2000,0.213728
100,0.2,30,56,11.4000,0.228077
100,0.2,30,57,11.6000,0.222398
100,0.2,30,58,11.8000,0.215053
100,0.2,30,59,12.0000,0.198131
100,0.2,30,60,12.2000,0.182559
100,0.2,30,61,12.4000,0.171460
100,0.2,30,62,12.6000,0.166588
100,0.2,30,63,12.8000,0.160097
100,0.2,30,64,13.0000,0.148507
100,0.2,30,65,13.2000,0.142501
100,0.2,30,66,13.4000,0.139364
100,0.2,30,67,13.6000,0.131567
100,0.2,30,68,13.8000,0.126332
100,0.2,30,69,14.0000,0.117338
100,0.2,30,70,14.2000,0.114887
100,0.2,30,71,14.4000,0.114964
100,0.2,30,72,14.6000,0.113439
100,0.2,30,73,14.8000,0.103347
100,0.2,30,74,15.0000,0.092443
100,0.2,30,75,15.2000,0.098662
100,0.2,30,76,15.4000,0.103443
100,0.2,30,77,15.6000,0.111009
100,0.2,30,78,15.8000,0.114848
100,0.2,30,79,16.0000,0.125626
100,0.2,30,80,16.2000,0.120792
100,0.2,30,81,16.4000,0.120171
100,0.2,30,82,16.6000,0.130153
100,0.2,30,83,16.8000,0.117539
100,0.2,30,84,17.0000,0.116273
100,0.2,30,85,17.2000,0.116528
100,0.2,30,86,17.4000,0.105709
100,0.2,30,87,17.6000,0.108273
100,0.2,30,88,17.8000,0.115928
100,0.2,30,89,18.0000,0.111496
100,0.2,30,90,18.2000,0.108868
100,0.2,30,91,18.4000,0.106556
100,0.2,30,92,18.6000,0.108972
100,0.2,30,93,18.8000,0.106837
100,0.2,30,94,19.0000,0.099879
100,0.2,30,95,19.2000,0.096529
100,0.2,30,96,19.4000,0.092583
100,0.2,30,97,19.6000,0.092824
100,0.2,30,98,19.8000,0.092228
100,0.2,30,99,20.0000,0.095755
100,0.2,40,0,0.2000,7.664986
100,0.2,40,1,0.4000,5.945661
100,0.2,40,2,0.6000,5.500411
100,0.2,40,3,0.8000,2.938869
100,0.2,40,4,1.0000,2.594431
100,0.2,40,5,1.2000,2.486716
100,0.2,40,6,1.4000,2.393909
100,0.2,40,7,1.6000,2.323067
100,0.2,40,8,1.8000,2.246947
100,0.2,40,9,2.0000,2.172869
100,0.2,40,10,2.2000,2.032540
100,0.2,40,11,2.4000,0.362731
100,0.2,40,12,2.6000,0.370785
100,0.2,40,13,2.8000,0.371139
100,0.2,40,14,3.0000,0.394683
100,0.2,40,15,3.2000,0.444851
100,0.2,40,16,3.4000,0.251899
100,0.2,40,17,3.6000,0.207606
100,0.2,40,18,3.8000,0.249560
100,0.2,40,19,4.0000,0.242999
100,0.2,40,20,4.2000,0.225833
100,0.2,40,21,4.4000,0.161458
100,0.2,40,22,4.6000,0.133884
100,0.2,40,23,4.8000,0.171376
100,0.2,40,24,5.0000,0.171581
100,0.2,40,25,5.2000,0.160028
100,0.2,40,26,5.4000,0.161219
100,0.2,40,27,5.6000,0.141694
100,0.2,40,28,5.8000,0.172574
100,0.2,40,29,6.0000,0.198463
100,0.2,40,30,6.2000,0.246644
100,0.2,40,31,6.4000,0.223676
100,0.2,40,32,6.6000,0.218829
100,0.2,40,33,6.8000,0.204699
100,0.2,40,34,7.0000,0.204717
100,0.2,40,35,7.2000,0.166826
100,0.2,40,36,7.4000,0.137343
100,0.2,40,37,7.6000,0.115298
100,0.2,40,38,7.8000,0.136892
100,0.2,40,39,8.0000,0.148525
100,0.2,40,40,8.2000,0.138593
100,0.2,40,41,8.4000,0.128795
100,0.2,40,42,8.6000,0.121525
100,0.2,40,43,8.8000,0.116008
100,0.2,40,44,9.0000,0.127264
100,0.2,40,45,9.2000,0.136018
100,0.2,40,46,9.4000,0.158649
100,0.2,40,47,9.6000,0.148881
100,0.2,40,48,9.8000,0.142040
100,0.2,40,49,10.0000,0.139227
100,0.2,40,50,10.2000,0.135803
100,0.2,40,51,10.4000,0.134445
100,0.2,40,52,10.6000,0.140375
100,0.2,40,53,10.8000,0.141775
100,0.2,40,54,11.0000,0.159737
100,0.2,40,55,11.2000,0.162244
100,0.2,40,56,11.4000,0.166420
100,0.2,40,57,11.6000,0.171293
100,0.2,40,58,11.8000,0.176330
100,0.2,40,59,12.0000,0.187883
100,0.2,40,60,12.2000,0.189872
100,0.2,40,61,12.4000,0.181337
100,0.2,40,62,12.6000,0.187889
100,0.2,40,63,12.8000,0.172595
100,0.2,40,64,13.0000,0.157721
100,0.2,40,65,13.2000,0.138254
100,0.2,40,66,13.4000,0.118211
100,0.2,40,67,13.6000,0.109067
100,0.2,40,68,13.8000,0.104445
100,0.2,40,69,14.0000,0.106670
100,0.2,40,70,14.2000,0.105144
100,0.2,40,71,14.4000,0.111794
100,0.2,40,72,14.6000,0.116177
100,0.2,40,73,14.8000,0.116733
100,0.2,40,74,15.0000,0.113419
100,0.2,40,75,15.2000,0.110119
100,0.2,40,76,15.4000,0.111987
100,0.2,40,77,15.6000,0.117590
100,0.2,40,78,15.8000,0.126568
100,0.2,40,79,16.0000,0.135409
100,0.2,40,80,16.2000,0.141784
100,0.2,40,81,16.4000,0.149014
100,0.2,40,82,16.6000,0.157925
100,0.2,40,83,16.8000,0.168994
100,0.2,40,84,17.0000,0.175941
100,0.2,40,85,17.2000,0.176907
100,0.2,40,86,17.4000,0.186371
100,0.2,40,87,17.6000,0.186024
100,0.2,40,88,17.8000,0.191272
100,0.2,40,89,18.0000,0.183800
100,0.2,40,90,18.2000,0.176173
100,0.2,40,91,18.4000,0.171762
100,0.2,40,92,18.6000,0.179109
100,0.2,40,93,18.8000,0.172372
100,0.2,40,94,19.0000,0.174992
100,0.2,40,95,19.2000,0.180772
100,0.2,40,96,19.4000,0.183702
100,0.2,40,97,19.6000,0.184707
100,0.2,40,98,19.8000,0.178165
100,0.2,40,99,20.0000,0.170093
100,0.2,50,0,0.2000,10.889170
100,0.2,50,1,0.4000,10.253582
100,0.2,50,2,0.6000,8.308094
100,0.2,50,3,0.8000,2.743170
100,0.2,50,4,1.0000,2.544905
100,0.2,50,5,1.2000,0.701213
100,0.2,50,6,1.4000,0.609355
100,0.2,50,7,1.6000,0.580644
100,0.2,50,8,1.8000,0.520226
100,0.2,50,9,2.0000,0.445797
100,0.2,50,10,2.2000,0.438442
100,0.2,50,11,2.4000,0.417116
100,0.2,50,12,2.6000,0.331807
100,0.2,50,13,2.8000,0.312965
100,0.2,50,14,3.0000,0.283789
100,0.2,50,15,3.2000,0.298957
100,0.2,50,16,3.4000,0.251916
100,0.2,50,17,3.6000,0.211420
100,0.2,50,18,3.8000,0.211266
100,0.2,50,19,4.0000,0.173029
100,0.2,50,20,4.2000,0.213405
100,0.2,50,21,4.4000,0.230454
100,0.2,50,22,4.6000,0.239375
100,0.2,50,23,4.8000,0.242405
100,0.2,50,24,5.0000,0.282874
100,0.2,50,25,5.2000,0.263730
100,0.2,50,26,5.4000,0.235116
100,0.2,50,27,5.6000,0.213318
100,0.2,50,28,5.8000,0.204331
100,0.2,50,29,6.0000,0.186555
100,0.2,50,30,6.2000,0.173148
100,0.2,50,31,6.4000,0.159054
100,0.2,50,32,6.6000,0.153476
100,0.2,50,33,6.8000,0.163185
100,0.2,50,34,7.0000,0.131055
100,0.2,50,35,7.2000,0.147308
100,0.2,50,36,7.4000,0.150542
100,0.2,50,37,7.6000,0.154341
100,0.2,50,38,7.8000,0.143306
100,0.2,50,39,8.0000,0.128737
100,0.2,50,40,8.2000,0.158896
100,0.2,50,41,8.4000,0.147924
100,0.2,50,42,8.6000,0.166576
100,0.2,50,43,8.8000,0.155595
100,0.2,50,44,9.0000,0.134409
100,0.2,50,45,9.2000,0.131293
100,0.2,50,46,9.4000,0.135693
100,0.2,50,47,9.6000,0.133378
100,0.2,50,48,9.8000,0.131002
100,0.2,50,49,10.0000,0.162397
100,0.2,50,50,10.2000,0.206322
100,0.2,50,51,10.4000,0.202925
100,0.2,50,52,10.6000,0.196055
100,0.2,50,53,10.8000,0.163196
100,0.2,50,54,11.0000,0.147081
100,0.2,50,55,11.2000,0.130723
100,0.2,50,56,11.4000,0.137144
100,0.2,50,57,11.6000,0.190582
100,0.2,50,58,11.8000,0.185425
100,0.2,50,59,12.0000,0.180197
100,0.2,50,60,12.2000,0.175531
100,0.2,50,61,12.4000,0.171850
100,0.2,50,62,12.6000,0.161134
100,0.2,50,63,12.8000,0.142321
100,0.2,50,64,13.0000,0.135357
100,0.2,50,65,13.2000,0.122769
100,0.2,50,66,13.4000,0.111927
100,0.2,50,67,13.6000,0.107535
100,0.2,50,68,13.8000,0.105375
100,0.2,50,69,14.0000,0.113392
100,0.2,50,70,14.2000,0.113055
100,0.2,50,71,14.4000,0.137941
100,0.2,50,72,14.6000,0.134538
100,0.2,50,73,14.8000,0.129870
100,0.2,50,74,15.0000,0.131413
100,0.2,50,75,15.2000,0.136966
100,0.2,50,76,15.4000,0.136172
100,0.2,50,77,15.6000,0.134782
100,0.2,50,78,15.8000,0.133394
100,0.2,50,79,16.0000,0.132945
100,0.2,50,80,16.2000,0.144007
100,0.2,50,81,16.4000,0.148976
100,0.2,50,82,16.6000,0.149905
100,0.2,50,83,16.8000,0.150320
100,0.2,50,84,17.0000,0.159452
100,0.2,50,85,17.2000,0.156614
100,0.2,50,86,17.4000,0.157784
100,0.2,50,87,17.6000,0.145381
100,0.2,50,88,17.8000,0.138559
100,0.2,50,89,18.0000,0.130022
100,0.2,50,90,18.2000,0.142142
100,0.2,50,91,18.4000,0.154226
100,0.2,50,92,18.6000,0.161434
100,0.2,50,93,18.8000,0.175984
100,0.2,50,94,19.0000,0.194059
100,0.2,50,95,19.2000,0.198818
100,0.2,50,96,19.4000,0.197955
100,0.2,50,97,19.6000,0.197978
100,0.2,50,98,19.8000,0.207675
100,0.2,50,99,20.0000,0.211160
100,0.2,60,0,0.2000,9.158711
100,0.2,60,1,0.4000,8.395405
100,0.2,60,2,0.6000,7.883071
100,0.2,60,3,0.8000,7.298924
100,0.2,60,4,1.0000,6.935607
100,0.2,60,5,1.2000,3.993096
100,0.2,60,6,1.4000,3.213625
100,0.2,60,7,1.6000,2.783984
100,0.2,60,8,1.8000,2.662382
100,0.2,60,9,2.0000,2.595173
100,0.2,60,10,2.2000,2.497296
100,0.2,60,11,2.4000,0.712933
100,0.2,60,12,2.6000,0.573856
100,0.2,60,13,2.8000,0.497408
100,0.2,60,14,3.0000,0.399123
100,0.2,60,15,3.2000,0.336526
100,0.2,60,16,3.4000,0.290002
100,0.2,60,17,3.6000,0.280888
100,0.2,60,18,3.8000,0.273374
100,0.2,60,19,4.0000,0.265024
100,0.2,60,20,4.2000,0.233289
100,0.2,60,21,4.4000,0.196610
100,0.2,60,22,4.6000,0.186425
100,0.2,60,23,4.8000,0.171848
100,0.2,60,24,5.0000,0.213710
100,0.2,60,25,5.2000,0.189377
100,0.2,60,26,5.4000,0.161060
100,0.2,60,27,5.6000,0.167272
100,0.2,60,28,5.8000,0.201351
100,0.2,60,29,6.0000,0.256376
100,0.2,60,30,6.2000,0.243294
100,0.2,60,31,6.4000,0.210001
100,0.2,60,32,6.6000,0.232421
100,0.2,60,33,6.8000,0.202363
100,0.2,60,34,7.0000,0.179354
100,0.2,60,35,7.2000,0.158587
100,0.2,60,36,7.4000,0.178864
100,0.2,60,37,7.6000,0.165261
100,0.2,60,38,7.8000,0.150511
100,0.2,60,39,8.0000,0.136877
100,0.2,60,40,8.2000,0.140137
100,0.2,60,41,8.4000,0.169751
100,0.2,60,42,8.6000,0.190466
100,0.2,60,43,8.8000,0.202755
100,0.2,60,44,9.0000,0.188712
100,0.2,60,45,9.2000,0.176994
100,0.2,60,46,9.4000,0.193115
100,0.2,60,47,9.6000,0.197819
100,0.2,60,48,9.8000,0.217210
100,0.2,60,49,10.0000,0.217528
100,0.2,60,50,10.2000,0.235118
100,0.2,60,51,10.4000,0.232457
100,0.2,60,52,10.6000,0.228833
100,0.2,60,53,10.8000,0.250264
100,0.2,60,54,11.0000,0.271859
100,0.2,60,55,11.2000,0.300888
100,0.2,60,56,11.4000,0.276299
100,0.2,60,57,11.6000,0.280512
100,0.2,60,58,11.8000,0.296070
100,0.2,60,59,12.0000,0.292221
100,0.2,60,60,12.2000,0.288439
100,0.2,60,61,12.4000,0.285974
100,0.2,60,62,12.6000,0.284851
100,0.2,60,63,12.8000,0.284668
100,0.2,60,64,13.0000,0.284506
100,0.2,60,65,13.2000,0.296820
100,0.2,60,66,13.4000,0.313252
100,0.2,60,67,13.6000,0.337760
100,0.2,60,68,13.8000,0.338114
100,0.2,60,69,14.0000,0.348058
100,0.2,60,70,14.2000,0.352160
100,0.2,60,71,14.4000,0.340615
100,0.2,60,72,14.6000,0.324313
100,0.2,60,73,14.8000,0.343086
100,0.2,60,74,15.0000,0.348792
100,0.2,60,75,15.2000,0.337872
100,0.2,60,76,15.4000,0.330473
100,0.2,60,77,15.6000,0.323086
100,0.2,60,78,15.8000,0.310572
100,0.2,60,79,16.0000,0.301613
100,0.2,60,80,16.2000,0.282267
100,0.2,60,81,16.4000,0.277390
100,0.2,60,82,16.6000,0.267889
100,0.2,60,83,16.8000,0.268493
100,0.2,60,84,17.0000,0.271516
100,0.2,60,85,17.2000,0.291241
100,0.2,60,86,17.4000,0.283824
100,0.2,60,87,17.6000,0.266998
100,0.2,60,88,17.8000,0.264065
100,0.2,60,89,18.0000,0.264053
100,0.2,60,90,18.2000,0.275533
100,0.2,60,91,18.4000,0.280688
100,0.2,60,92,18.6000,0.297010
100,0.2,60,93,18.8000,0.297646
100,0.2,60,94,19.0000,0.285804
100,0.2,60,95,19.2000,0.279882
100,0.2,60,96,19.4000,0.285638
100,0.2,60,97,19.6000,0.285380
100,0.2,60,98,19.8000,0.285370
100,0.2,60,99,20.0000,0.287638
100,0.2,70,0,0.2000,6.077713
100,0.2,70,1,0.4000,4.694056
100,0.2,70,2,0.6000,2.524285
100,0.2,70,3,0.8000,2.360229
100,0.2,70,4,1.0000,2.272692
100,0.2,70,5,1.2000,0.416471
100,0.2,70,6,1.4000,0.232080
100,0.2,70,7,1.6000,0.232897
100,0.2,70,8,1.8000,0.227785
100,0.2,70,9,2.0000,0.297581
100,0.2,70,10,2.2000,0.273901
100,0.2,70,11,2.4000,0.299762
100,0.2,70,12,2.6000,0.370742
100,0.2,70,13,2.8000,0.331967
100,0.2,70,14,3.0000,0.256958
100,0.2,70,15,3.2000,0.240445
100,0.2,70,16,3.4000,0.224807
100,0.2,70,17,3.6000,0.242773
100,0.2,70,18,3.8000,0.242523
100,0.2,70,19,4.0000,0.214979
100,0.2,70,20,4.2000,0.181552
100,0.2,70,21,4.4000,0.173336
100,0.2,70,22,4.6000,0.177931
100,0.2,70,23,4.8000,0.199439
100,0.2,70,24,5.0000,0.164724
100,0.2,70,25,5.2000,0.149191
100,0.2,70,26,5.4000,0.153019
100,0.2,70,27,5.6000,0.153270
100,0.2,70,28,5.8000,0.157488
100,0.2,70,29,6.0000,0.153591
100,0.2,70,30,6.2000,0.150911
100,0.2,70,31,6.4000,0.147687
100,0.2,70,32,6.6000,0.142404
100,0.2,70,33,6.8000,0.143839
100,0.2,70,34,7.0000,0.147292
100,0.2,70,35,7.2000,0.141992
100,0.2,70,36,7.4000,0.149852
100,0.2,70,37,7.6000,0.162233
100,0.2,70,38,7.8000,0.174218
100,0.2,70,39,8.0000,0.194635
100,0.2,70,40,8.2000,0.193888
100,0.2,70,41,8.4000,0.169167
100,0.2,70,42,8.6000,0.187540
100,0.2,70,43,8.8000,0.193418
100,0.2,70,44,9.0000,0.174746
100,0.2,70,45,9.2000,0.176096
100,0.2,70,46,9.4000,0.169374
100,0.2,70,47,9.6000,0.172480
100,0.2,70,48,9.8000,0.177915
100,0.2,70,49,10.0000,0.180718
100,0.2,70,50,10.2000,0.179748
100,0.2,70,51,10.4000,0.166624
100,0.2,70,52,10.6000,0.155102
100,0.2,70,53,10.8000,0.147880
100,0.2,70,54,11.0000,0.138905
100,0.2,70,55,11.2000,0.117761
100,0.2,70,56,11.4000,0.117020
100,0.2,70,57,11.6000,0.114625
100,0.2,70,58,11.8000,0.111650
100,0.2,70,59,12.0000,0.096487
100,0.2,70,60,12.2000,0.093430
100,0.2,70,61,12.4000,0.091165
100,0.2,70,62,12.6000,0.087919
100,0.2,70,63,12.8000,0.083891
100,0.2,70,64,13.0000,0.080102
100,0.2,70,65,13.2000,0.075692
100,0.2,70,66,13.4000,0.080271
100,0.2,70,67,13.6000,0.078428
100,0.2,70,68,13.8000,0.074683
100,0.2,70,69,14.0000,0.072446
100,0.2,70,70,14.2000,0.077159
100,0.2,70,71,14.4000,0.064918
100,0.2,70,72,14.6000,0.064034
100,0.2,70,73,14.8000,0.063378
100,0.2,70,74,15.0000,0.057710
100,0.2,70,75,15.2000,0.053779
100,0.2,70,76,15.4000,0.056960
100,0.2,70,77,15.6000,0.065727
100,0.2,70,78,15.8000,0.067088
100,0.2,70,79,16.0000,0.067152
100,0.2,70,80,16.2000,0.065233
100,0.2,70,81,16.4000,0.059549
100,0.2,70,82,16.6000,0.058330
100,0.2,70,83,16.8000,0.058846
100,0.2,70,84,17.0000,0.057276
100,0.2,70,85,17.2000,0.055390
100,0.2,70,86,17.4000,0.049824
100,0.2,70,87,17.6000,0.050046
100,0.2,70,88,17.8000,0.044865
100,0.2,70,89,18.0000,0.040432
100,0.2,70,90,18.2000,0.038599
100,0.2,70,91,18.4000,0.040701
100,0.2,70,92,18.6000,0.047925
100,0.2,70,93,18.8000,0.054145
100,0.2,70,94,19.0000,0.057840
100,0.2,70,95,19.2000,0.055982
100,0.2,70,96,19.4000,0.055972
100,0.2,70,97,19.6000,0.057648
100,0.2,70,98,19.8000,0.060036
100,0.2,70,99,20.0000,0.066205
100,0.2,80,0,0.2000,8.879135
100,0.2,80,1,0.4000,7.827213
100,0.2,80,2,0.6000,7.486184
100,0.2,80,3,0.8000,7.366461
100,0.2,80,4,1.0000,6.919461
100,0.2,80,5,1.2000,4.527493
100,0.2,80,6,1.4000,2.100962
100,0.2,80,7,1.6000,2.047645
100,0.2,80,8,1.8000,2.001605
100,0.2,80,9,2.0000,1.955531
100,0.2,80,10,2.2000,1.863380
100,0.2,80,11,2.4000,1.764502
100,0.2,80,12,2.6000,0.281348
100,0.2,80,13,2.8000,0.354082
100,0.2,80,14,3.0000,0.332554
100,0.2,80,15,3.2000,0.323831
100,0.2,80,16,3.4000,0.323192
100,0.2,80,17,3.6000,0.272024
100,0.2,80,18,3.8000,0.272344
100,0.2,80,19,4.0000,0.244657
100,0.2,80,20,4.2000,0.228347
100,0.2,80,21,4.4000,0.232778
100,0.2,80,22,4.6000,0.201817
100,0.2,80,23,4.8000,0.144180
100,0.2,80,24,5.0000,0.146024
100,0.2,80,25,5.2000,0.153281
100,0.2,80,26,5.4000,0.137932
100,0.2,80,27,5.6000,0.129773
100,0.2,80,28,5.8000,0.130138
100,0.2,80,29,6.0000,0.101756
100,0.2,80,30,6.2000,0.086105
100,0.2,80,31,6.4000,0.089509
100,0.2,80,32,6.6000,0.109097
100,0.2,80,33,6.8000,0.083819
100,0.2,80,34,7.0000,0.068872
100,0.2,80,35,7.2000,0.067723
100,0.2,80,36,7.4000,0.073075
100,0.2,80,37,7.6000,0.071148
100,0.2,80,38,7.8000,0.070888
100,0.2,80,39,8.0000,0.079674
100,0.2,80,40,8.2000,0.089903
100,0.2,80,41,8.4000,0.102366
100,0.2,80,42,8.6000,0.104210
100,0.2,80,43,8.8000,0.085818
100,0.2,80,44,9.0000,0.075710
100,0.2,80,45,9.2000,0.073287
100,0.2,80,46,9.4000,0.069715
100,0.2,80,47,9.6000,0.061480
100,0.2,80,48,9.8000,0.063735
100,0.2,80,49,10.0000,0.064866
100,0.2,80,50,10.2000,0.058108
100,0.2,80,51,10.4000,0.063657
100,0.2,80,52,10.6000,0.073670
100,0.2,80,53,10.8000,0.077670
100,0.2,80,54,11.0000,0.089800
100,0.2,80,55,11.2000,0.095367
100,0.2,80,56,11.4000,0.099649
100,0.2,80,57,11.6000,0.111103
100,0.2,80,58,11.8000,0.116032
100,0.2,80,59,12.0000,0.110150
100,0.2,80,60,12.2000,0.105288
100,0.2,80,61,12.4000,0.098995
100,0.2,80,62,12.6000,0.091967
100,0.2,80,63,12.8000,0.094110
100,0.2,80,64,13.0000,0.092550
100,0.2,80,65,13.2000,0.086927
100,0.2,80,66,13.4000,0.080296
100,0.2,80,67,13.6000,0.085023
100,0.2,80,68,13.8000,0.089031
100,0.2,80,69,14.0000,0.092639
100,0.2,80,70,14.2000,0.094109
100,0.2,80,71,14.4000,0.100720
100,0.2,80,72,14.6000,0.095944
100,0.2,80,73,14.8000,0.090501
100,0.2,80,74,15.0000,0.100369
100,0.2,80,75,15.2000,0.100490
100,0.2,80,76,15.4000,0.102194
100,0.2,80,77,15.6000,0.104334
100,0.2,80,78,15.8000,0.099327
100,0.2,80,79,16.0000,0.096794
100,0.2,80,80,16.2000,0.094755
100,0.2,80,81,16.4000,0.095376
100,0.2,80,82,16.6000,0.096898
100,0.2,80,83,16.8000,0.098139
100,0.2,80,84,17.0000,0.098961
100,0.2,80,85,17.2000,0.099797
100,0.2,80,86,17.4000,0.101035
100,0.2,80,87,17.6000,0.094390
100,0.2,80,88,17.8000,0.096362
100,0.2,80,89,18.0000,0.098908
100,0.2,80,90,18.2000,0.105947
100,0.2,80,91,18.4000,0.112121
100,0.2,80,92,18.6000,0.113273
100,0.2,80,93,18.8000,0.119626
100,0.2,80,94,19.0000,0.120288
100,0.2,80,95,19.2000,0.123473
100,0.2,80,96,19.4000,0.124149
100,0.2,80,97,19.6000,0.126293
100,0.2,80,98,19.8000,0.130329
100,0.2,80,99,20.0000,0.134774
100,0.2,90,0,0.2000,2.175623
100,0.2,90,1,0.4000,3.007337
100,0.2,90,2,0.6000,2.713368
100,0.2,90,3,0.8000,2.394755
100,0.2,90,4,1.0000,2.221057
100,0.2,90,5,1.2000,1.748210
100,0.2,90,6,1.4000,1.619054
100,0.2,90,7,1.6000,1.267735
100,0.2,90,8,1.8000,0.202592
100,0.2,90,9,2.0000,0.234516
100,0.2,90,10,2.2000,0.286321
100,0.2,90,11,2.4000,0.312077
100,0.2,90,12,2.6000,0.305474
100,0.2,90,13,2.8000,0.334879
100,0.2,90,14,3.0000,0.371105
100,0.2,90,15,3.2000,0.370343
100,0.2,90,16,3.4000,0.363997
100,0.2,90,17,3.6000,0.323202
100,0.2,90,18,3.8000,0.300400
100,0.2,90,19,4.0000,0.294529
100,0.2,90,20,4.2000,0.313293
100,0.2,90,21,4.4000,0.347544
100,0.2,90,22,4.6000,0.399378
100,0.2,90,23,4.8000,0.398484
100,0.2,90,24,5.0000,0.380957
100,0.2,90,25,5.2000,0.383287
100,0.2,90,26,5.4000,0.380121
100,0.2,90,27,5.6000,0.371152
100,0.2,90,28,5.8000,0.357691
100,0.2,90,29,6.0000,0.342028
100,0.2,90,30,6.2000,0.323752
100,0.2,90,31,6.4000,0.314613
100,0.2,90,32,6.6000,0.301177
100,0.2,90,33,6.8000,0.292929
100,0.2,90,34,7.0000,0.289478
100,0.2,90,35,7.2000,0.305431
100,0.2,90,36,7.4000,0.337704
100,0.2,90,37,7.6000,0.349459
100,0.2,90,38,7.8000,0.350225
100,0.2,90,39,8.0000,0.337202
100,0.2,90,40,8.2000,0.330493
100,0.2,90,41,8.4000,0.317436
100,0.2,90,42,8.6000,0.311984
100,0.2,90,43,8.8000,0.315578
100,0.2,90,44,9.0000,0.310526
100,0.2,90,45,9.2000,0.303050
100,0.2,90,46,9.4000,0.275275
100,0.2,90,47,9.6000,0.267558
100,0.2,90,48,9.8000,0.262966
100,0.2,90,49,10.0000,0.257489
100,0.2,90,50,10.2000,0.244861
100,0.2,90,51,10.4000,0.239825
100,0.2,90,52,10.6000,0.236432
100,0.2,90,53,10.8000,0.223961
100,0.2,90,54,11.0000,0.204383
100,0.2,90,55,11.2000,0.190468
100,0.2,90,56,11.4000,0.183306
100,0.2,90,57,11.6000,0.177630
100,0.2,90,58,11.8000,0.172557
100,0.2,90,59,12.0000,0.162434
100,0.2,90,60,12.2000,0.156547
100,0.2,90,61,12.4000,0.150381
100,0.2,90,62,12.6000,0.134745
100,0.2,90,63,12.8000,0.107735
100,0.2,90,64,13.0000,0.099945
100,0.2,90,65,13.2000,0.089720
100,0.2,90,66,13.4000,0.086574
100,0.2,90,67,13.6000,0.095475
100,0.2,90,68,13.8000,0.102669
100,0.2,90,69,14.0000,0.107746
100,0.2,90,70,14.2000,0.103178
100,0.2,90,71,14.4000,0.096747
100,0.2,90,72,14.6000,0.092038
100,0.2,90,73,14.8000,0.087641
100,0.2,90,74,15.0000,0.075772
100,0.2,90,75,15.2000,0.070223
100,0.2,90,76,15.4000,0.065679
100,0.2,90,77,15.6000,0.061732
100,0.2,90,78,15.8000,0.059218
100,0.2,90,79,16.0000,0.056895
100,0.2,90,80,16.2000,0.059086
100,0.2,90,81,16.4000,0.051500
100,0.2,90,82,16.6000,0.054597
100,0.2,90,83,16.8000,0.051708
100,0.2,90,84,17.0000,0.055252
100,0.2,90,85,17.2000,0.061486
100,0.2,90,86,17.4000,0.071118
100,0.2,90,87,17.6000,0.063357
100,0.2,90,88,17.8000,0.065859
100,0.2,90,89,18.0000,0.074243
100,0.2,90,90,18.2000,0.080689
100,0.2,90,91,18.4000,0.090350
100,0.2,90,92,18.6000,0.090507
100,0.2,90,93,18.8000,0.090745
100,0.2,90,94,19.0000,0.091842
100,0.2,90,95,19.2000,0.095816
100,0.2,90,96,19.4000,0.101376
100,0.2,90,97,19.6000,0.105712
100,0.2,90,98,19.8000,0.111786
100,0.2,90,99,20.0000,0.113291
100,0.5,10,0,0.2000,7.323631
100,0.5,10,1,0.4000,5.967681
100,0.5,10,2,0.6000,2.578751
100,0.5,10,3,0.8000,1.086173
100,0.5,10,4,1.0000,1.040536
100,0.5,10,5,1.2000,0.524815
100,0.5,10,6,1.4000,0.473772
100,0.5,10,7,1.6000,0.405936
100,0.5,10,8,1.8000,0.315071
100,0.5,10,9,2.0000,0.270562
100,0.5,10,10,2.2000,0.264577
100,0.5,10,11,2.4000,0.277316
100,0.5,10,12,2.6000,0.291103
100,0.5,10,13,2.8000,0.243070
100,0.5,10,14,3.0000,0.184277
100,0.5,10,15,3.2000,0.146773
100,0.5,10,16,3.4000,0.155025
100,0.5,10,17,3.6000,0.149600
100,0.5,10,18,3.8000,0.159748
100,0.5,10,19,4.0000,0.139942
100,0.5,10,20,4.2000,0.110892
100,0.5,10,21,4.4000,0.117634
100,0.5,10,22,4.6000,0.112347
100,0.5,10,23,4.8000,0.097614
100,0.5,10,24,5.0000,0.085045
100,0.5,10,25,5.2000,0.081250
100,0.5,10,26,5.4000,0.084113
100,0.5,10,27,5.6000,0.075836
100,0.5,10,28,5.8000,0.079252
100,0.5,10,29,6.0000,0.083017
100,0.5,10,30,6.2000,0.072679
100,0.5,10,31,6.4000,0.071296
100,0.5,10,32,6.6000,0.073243
100,0.5,10,33,6.8000,0.091869
100,0.5,10,34,7.0000,0.099864
100,0.5,10,35,7.2000,0.122897
100,0.5,10,36,7.4000,0.118766
100,0.5,10,37,7.6000,0.121715
100,0.5,10,38,7.8000,0.111278
100,0.5,10,39,8.0000,0.108385
100,0.5,10,40,8.2000,0.100141
100,0.5,10,41,8.4000,0.089992
100,0.5,10,42,8.6000,0.090990
100,0.5,10,43,8.8000,0.087844
100,0.5,10,44,9.0000,0.103326
100,0.5,10,45,9.2000,0.099727
100,0.5,10,46,9.4000,0.108870
100,0.5,10,47,9.6000,0.110135
100,0.5,10,48,9.8000,0.114959
100,0.5,10,49,10.0000,0.106853
100,0.5,10,50,10.2000,0.098738
100,0.5,10,51,10.4000,0.092935
100,0.5,10,52,10.6000,0.090890
100,0.5,10,53,10.8000,0.097825
100,0.5,10,54,11.0000,0.097483
100,0.5,10,55,11.2000,0.104776
100,0.5,10,56,11.4000,0.090923
100,0.5,10,57,11.6000,0.091487
100,0.5,10,58,11.8000,0.092476
100,0.5,10,59,12.0000,0.105186
100,0.5,10,60,12.2000,0.114419
100,0.5,10,61,12.4000,0.125462
100,0.5,10,62,12.6000,0.139012
100,0.5,10,63,12.8000,0.161188
100,0.5,10,64,13.0000,0.168328
100,0.5,10,65,13.2000,0.165155
100,0.5,10,66,13.4000,0.166707
100,0.5,10,67,13.6000,0.180538
100,0.5,10,68,13.8000,0.182041
100,0.5,10,69,14.0000,0.183307
100,0.5,10,70,14.2000,0.194427
100,0.5,10,71,14.4000,0.201263
100,0.5,10,72,14.6000,0.226864
100,0.5,10,73,14.8000,0.218088
100,0.5,10,74,15.0000,0.206137
100,0.5,10,75,15.2000,0.199879
100,0.5,10,76,15.4000,0.187057
100,0.5,10,77,15.6000,0.180113
100,0.5,10,78,15.8000,0.172624
100,0.5,10,79,16.0000,0.163351
100,0.5,10,80,16.2000,0.156007
100,0.5,10,81,16.4000,0.139458
100,0.5,10,82,16.6000,0.137195
100,0.5,10,83,16.8000,0.132509
100,0.5,10,84,17.0000,0.130387
100,0.5,10,85,17.2000,0.129469
100,0.5,10,86,17.4000,0.125427
100,0.5,10,87,17.6000,0.129955
100,0.5,10,88,17.8000,0.126063
100,0.5,10,89,18.0000,0.124202
100,0.5,10,90,18.2000,0.121531
100,0.5,10,91,18.4000,0.120380
100,0.5,10,92,18.6000,0.120007
100,0.5,10,93,18.8000,0.121211
100,0.5,10,94,19.0000,0.128787
100,0.5,10,95,19.2000,0.120784
100,0.5,10,96,19.4000,0.112723
100,0.5,10,97,19.6000,0.112455
100,0.5,10,98,19.8000,0.115825
100,0.5,10,99,20.0000,0.117152
100,0.5,100,0,0.2000,8.109654
100,0.5,100,1,0.4000,7.124391
100,0.5,100,2,0.6000,6.590979
100,0.5,100,3,0.8000,6.358351
100,0.5,100,4,1.0000,6.205159
100,0.5,100,5,1.2000,6.105099
100,0.5,100,6,1.4000,5.842475
100,0.5,100,7,1.6000,5.347366
100,0.5,100,8,1.8000,4.848928
100,0.5,100,9,2.0000,3.613285
100,0.5,100,10,2.2000,3.418436
100,0.5,100,11,2.4000,3.391203
100,0.5,100,12,2.6000,0.394677
100,0.5,100,13,2.8000,0.386828
100,0.5,100,14,3.0000,0.421164
100,0.5,100,15,3.2000,0.425340
100,0.5,100,16,3.4000,0.402152
100,0.5,100,17,3.6000,0.488504
100,0.5,100,18,3.8000,0.492523
100,0.5,100,19,4.0000,0.429341
100,0.5,100,20,4.2000,0.394638
100,0.5,100,21,4.4000,0.394016
100,0.5,100,22,4.6000,0.371056
100,0.5,100,23,4.8000,0.371465
100,0.5,100,24,5.0000,0.350310
100,0.5,100,25,5.2000,0.326371
100,0.5,100,26,5.4000,0.327453
100,0.5,100,27,5.6000,0.305425
100,0.5,100,28,5.8000,0.311252
100,0.5,100,29,6.0000,0.292198
100,0.5,100,30,6.2000,0.278237
100,0.5,100,31,6.4000,0.264238
100,0.5,100,32,6.6000,0.243558
100,0.5,100,33,6.8000,0.230038
100,0.5,100,34,7.0000,0.246715
100,0.5,100,35,7.2000,0.239847
100,0.5,100,36,7.4000,0.214038
100,0.5,100,37,7.6000,0.211461
100,0.5,100,38,7.8000,0.222855
100,0.5,100,39,8.0000,0.224239
100,0.5,100,40,8.2000,0.204632
100,0.5,100,41,8.4000,0.173614
100,0.5,100,42,8.6000,0.156210
100,0.5,100,43,8.8000,0.133314
100,0.5,100,44,9.0000,0.119216
100,0.5,100,45,9.2000,0.113610
100,0.5,100,46,9.4000,0.096615
100,0.5,100,47,9.6000,0.083658
100,0.5,100,48,9.8000,0.073007
100,0.5,100,49,10.0000,0.067583
100,0.5,100,50,10.2000,0.069438
100,0.5,100,51,10.4000,0.085509
100,0.5,100,52,10.6000,0.107287
100,0.5,100,53,10.8000,0.117096
100,0.5,100,54,11.0000,0.131482
100,0.5,100,55,11.2000,0.131213
100,0.5,100,56,11.4000,0.132420
100,0.5,100,57,11.6000,0.143897
100,0.5,100,58,11.8000,0.149370
100,0.5,100,59,12.0000,0.153361
100,0.5,100,60,12.2000,0.167532
100,0.5,100,61,12.4000,0.160819
100,0.5,100,62,12.6000,0.155862
100,0.5,100,63,12.8000,0.160912
100,0.5,100,64,13.0000,0.162769
100,0.5,100,65,13.2000,0.148680
100,0.5,100,66,13.4000,0.133672
100,0.5,100,67,13.6000,0.115209
100,0.5,100,68,13.8000,0.113540
100,0.5,100,69,14.0000,0.130218
100,0.5,100,70,14.2000,0.130870
100,0.5,100,71,14.4000,0.133404
100,0.5,100,72,14.6000,0.119896
100,0.5,100,73,14.8000,0.114351
100,0.5,100,74,15.0000,0.116527
100,0.5,100,75,15.2000,0.123236
100,0.5,100,76,15.4000,0.119961
100,0.5,100,77,15.6000,0.135749
100,0.5,100,78,15.8000,0.142047
100,0.5,100,79,16.0000,0.132110
100,0.5,100,80,16.2000,0.126547
100,0.5,100,81,16.4000,0.136662
100,0.5,100,82,16.6000,0.137759
100,0.5,100,83,16.8000,0.150769
100,0.5,100,84,17.0000,0.148697
100,0.5,100,85,17.2000,0.136600
100,0.5,100,86,17.4000,0.126921
100,0.5,100,87,17.6000,0.117723
100,0.5,100,88,17.8000,0.121360
100,0.5,100,89,18.0000,0.121826
100,0.5,100,90,18.2000,0.120284
100,0.5,100,91,18.4000,0.123450
100,0.5,100,92,18.6000,0.130259
100,0.5,100,93,18.8000,0.129726
100,0.5,100,94,19.0000,0.125002
100,0.5,100,95,19.2000,0.131724
100,0.5,100,96,19.4000,0.143163
100,0.5,100,97,19.6000,0.143040
100,0.5,100,98,19.8000,0.140754
100,0.5,100,99,20.0000,0.144577
100,0.5,20,0,0.2000,8.789174
100,0.5,20,1,0.4000,8.260181
100,0.5,20,2,0.6000,7.599399
100,0.5,20,3,0.8000,7.384425
100,0.5,20,4,1.0000,4.622722
100,0.5,20,5,1.2000,4.524460
100,0.5,20,6,1.4000,3.726517
100,0.5,20,7,1.6000,0.791967
100,0.5,20,8,1.8000,0.697691
100,0.5,20,9,2.0000,0.648220
100,0.5,20,10,2.2000,0.593845
100,0.5,20,11,2.4000,0.586386
100,0.5,20,12,2.6000,0.622762
100,0.5,20,13,2.8000,0.673007
100,0.5,20,14,3.0000,0.611019
100,0.5,20,15,3.2000,0.532430
100,0.5,20,16,3.4000,0.500954
100,0.5,20,17,3.6000,0.451844
100,0.5,20,18,3.8000,0.460443
100,0.5,20,19,4.0000,0.472735
100,0.5,20,20,4.2000,0.429201
100,0.5,20,21,4.4000,0.362198
100,0.5,20,22,4.6000,0.360134
100,0.5,20,23,4.8000,0.406960
100,0.5,20,24,5.0000,0.404272
100,0.5,20,25,5.2000,0.371493
100,0.5,20,26,5.4000,0.347204
100,0.5,20,27,5.6000,0.315242
100,0.5,20,28,5.8000,0.285308
100,0.5,20,29,6.0000,0.262694
100,0.5,20,30,6.2000,0.215876
100,0.5,20,31,6.4000,0.175986
100,0.5,20,32,6.6000,0.175095
100,0.5,20,33,6.8000,0.172289
100,0.5,20,34,7.0000,0.168770
100,0.5,20,35,7.2000,0.153701
100,0.5,20,36,7.4000,0.174012
100,0.5,20,37,7.6000,0.152707
100,0.5,20,38,7.8000,0.149887
100,0.5,20,39,8.0000,0.148034
100,0.5,20,40,8.2000,0.148907
100,0.5,20,41,8.4000,0.144677
100,0.5,20,42,8.6000,0.163450
100,0.5,20,43,8.8000,0.169014
100,0.5,20,44,9.0000,0.138110
100,0.5,20,45,9.2000,0.121674
100,0.5,20,46,9.4000,0.127722
100,0.5,20,47,9.6000,0.129725
100,0.5,20,48,9.8000,0.128207
100,0.5,20,49,10.0000,0.113218
100,0.5,20,50,10.2000,0.109355
100,0.5,20,51,10.4000,0.109143
100,0.5,20,52,10.6000,0.108937
100,0.5,20,53,10.8000,0.107699
100,0.5,20,54,11.0000,0.106993
100,0.5,20,55,11.2000,0.109515
100,0.5,20,56,11.4000,0.111082
100,0.5,20,57,11.6000,0.103362
100,0.5,20,58,11.8000,0.093579
100,0.5,20,59,12.0000,0.092986
100,0.5,20,60,12.2000,0.086933
100,0.5,20,61,12.4000,0.087081
100,0.5,20,62,12.6000,0.092769
100,0.5,20,63,12.8000,0.101857
100,0.5,20,64,13.0000,0.111885
100,0.5,20,65,13.2000,0.126036
100,0.5,20,66,13.4000,0.139683
100,0.5,20,67,13.6000,0.128329
100,0.5,20,68,13.8000,0.124579
100,0.5,20,69,14.0000,0.122366
100,0.5,20,70,14.2000,0.120915
100,0.5,20,71,14.4000,0.120710
100,0.5,20,72,14.6000,0.122196
100,0.5,20,73,14.8000,0.122436
100,0.5,20,74,15.0000,0.127100
100,0.5,20,75,15.2000,0.128813
100,0.5,20,76,15.4000,0.119148
100,0.5,20,77,15.6000,0.110384
100,0.5,20,78,15.8000,0.102468
100,0.5,20,79,16.0000,0.094826
100,0.5,20,80,16.2000,0.097425
100,0.5,20,81,16.4000,0.099228
100,0.5,20,82,16.6000,0.099559
100,0.5,20,83,16.8000,0.098548
100,0.5,20,84,17.0000,0.091181
100,0.5,20,85,17.2000,0.084587
100,0.5,20,86,17.4000,0.081936
100,0.5,20,87,17.6000,0.081164
100,0.5,20,88,17.8000,0.082762
100,0.5,20,89,18.0000,0.079431
100,0.5,20,90,18.2000,0.079970
100,0.5,20,91,18.4000,0.077999
100,0.5,20,92,18.6000,0.080690
100,0.5,20,93,18.8000,0.081191
100,0.5,20,94,19.0000,0.078090
100,0.5,20,95,19.2000,0.077922
100,0.5,20,96,19.4000,0.080324
100,0.5,20,97,19.6000,0.082562
100,0.5,20,98,19.8000,0.086824
100,0.5,20,99,20.0000,0.092313
100,0.5,30,0,0.2000,6.389111
100,0.5,30,1,0.4000,5.555078
100,0.5,30,2,0.6000,5.342646
100,0.5,30,3,0.8000,5.243347
100,0.5,30,4,1.0000,4.907845
100,0.5,30,5,1.2000,3.839009
100,0.5,30,6,1.4000,3.176319
100,0.5,30,7,1.6000,3.118292
100,0.5,30,8,1.8000,3.064009
100,0.5,30,9,2.0000,2.977309
100,0.5,30,10,2.2000,2.919756
100,0.5,30,11,2.4000,2.774327
100,0.5,30,12,2.6000,0.274150
100,0.5,30,13,2.8000,0.245963
100,0.5,30,14,3.0000,0.251279
100,0.5,30,15,3.2000,0.152741
100,0.5,30,16,3.4000,0.184059
100,0.5,30,17,3.6000,0.225274
100,0.5,30,18,3.8000,0.122796
100,0.5,30,19,4.0000,0.145407
100,0.5,30,20,4.2000,0.157933
100,0.5,30,21,4.4000,0.191719
100,0.5,30,22,4.6000,0.184549
100,0.5,30,23,4.8000,0.171927
100,0.5,30,24,5.0000,0.213701
100,0.5,30,25,5.2000,0.270059
100,0.5,30,26,5.4000,0.316822
100,0.5,30,27,5.6000,0.352267
100,0.5,30,28,5.8000,0.394519
100,0.5,30,29,6.0000,0.411106
100,0.5,30,30,6.2000,0.421917
100,0.5,30,31,6.4000,0.444751
100,0.5,30,32,6.6000,0.483114
100,0.5,30,33,6.8000,0.519548
100,0.5,30,34,7.0000,0.548860
100,0.5,30,35,7.2000,0.550249
100,0.5,30,36,7.4000,0.545610
100,0.5,30,37,7.6000,0.544975
100,0.5,30,38,7.8000,0.546156
100,0.5,30,39,8.0000,0.544752
100,0.5,30,40,8.2000,0.543609
100,0.5,30,41,8.4000,0.548955
100,0.5,30,42,8.6000,0.527906
100,0.5,30,43,8.8000,0.532032
100,0.5,30,44,9.0000,0.531332
100,0.5,30,45,9.2000,0.516478
100,0.5,30,46,9.4000,0.520446
100,0.5,30,47,9.6000,0.526908
100,0.5,30,48,9.8000,0.518103
100,0.5,30,49,10.0000,0.507862
100,0.5,30,50,10.2000,0.512837
100,0.5,30,51,10.4000,0.505010
100,0.5,30,52,10.6000,0.474334
100,0.5,30,53,10.8000,0.468340
100,0.5,30,54,11.0000,0.446996
100,0.5,30,55,11.2000,0.409214
100,0.5,30,56,11.4000,0.378901
100,0.5,30,57,11.6000,0.357869
100,0.5,30,58,11.8000,0.344550
100,0.5,30,59,12.0000,0.336311
100,0.5,30,60,12.2000,0.329346
100,0.5,30,61,12.4000,0.330169
100,0.5,30,62,12.6000,0.331863
100,0.5,30,63,12.8000,0.333339
100,0.5,30,64,13.0000,0.320509
100,0.5,30,65,13.2000,0.306937
100,0.5,30,66,13.4000,0.302691
100,0.5,30,67,13.6000,0.286513
100,0.5,30,68,13.8000,0.288106
100,0.5,30,69,14.0000,0.289735
100,0.5,30,70,14.2000,0.268536
100,0.5,30,71,14.4000,0.265363
100,0.5,30,72,14.6000,0.269363
100,0.5,30,73,14.8000,0.265488
100,0.5,30,74,15.0000,0.267544
100,0.5,30,75,15.2000,0.270838
100,0.5,30,76,15.4000,0.265168
100,0.5,30,77,15.6000,0.255533
100,0.5,30,78,15.8000,0.250453
100,0.5,30,79,16.0000,0.260784
100,0.5,30,80,16.2000,0.272381
100,0.5,30,81,16.4000,0.280665
100,0.5,30,82,16.6000,0.272902
100,0.5,30,83,16.8000,0.275149
100,0.5,30,84,17.0000,0.278142
100,0.5,30,85,17.2000,0.281511
100,0.5,30,86,17.4000,0.276674
100,0.5,30,87,17.6000,0.275548
100,0.5,30,88,17.8000,0.272575
100,0.5,30,89,18.0000,0.258572
100,0.5,30,90,18.2000,0.245589
100,0.5,30,91,18.4000,0.229971
100,0.5,30,92,18.6000,0.207935
100,0.5,30,93,18.8000,0.210232
100,0.5,30,94,19.0000,0.213096
100,0.5,30,95,19.2000,0.200145
100,0.5,30,96,19.4000,0.208029
100,0.5,30,97,19.6000,0.219655
100,0.5,30,98,19.8000,0.218754
100,0.5,30,99,20.0000,0.204399
100,0.5,40,0,0.2000,8.651844
100,0.5,40,1,0.4000,8.254831
100,0.5,40,2,0.6000,8.094484
100,0.5,40,3,0.8000,7.932955
100,0.5,40,4,1.0000,7.520698
100,0.5,40,5,1.2000,6.516785
100,0.5,40,6,1.4000,6.273804
100,0.5,40,7,1.6000,4.559252
100,0.5,40,8,1.8000,3.178055
100,0.5,40,9,2.0000,3.039984
100,0.5,40,10,2.2000,1.924800
100,0.5,40,11,2.4000,1.805350
100,0.5,40,12,2.6000,1.693786
100,0.5,40,13,2.8000,0.397290
100,0.5,40,14,3.0000,0.327742
100,0.5,40,15,3.2000,0.277448
100,0.5,40,16,3.4000,0.236818
100,0.5,40,17,3.6000,0.235376
100,0.5,40,18,3.8000,0.189403
100,0.5,40,19,4.0000,0.216437
100,0.5,40,20,4.2000,0.243379
100,0.5,40,21,4.4000,0.291151
100,0.5,40,22,4.6000,0.315231
100,0.5,40,23,4.8000,0.348303
100,0.5,40,24,5.0000,0.373730
100,0.5,40,25,5.2000,0.359178
100,0.5,40,26,5.4000,0.411302
100,0.5,40,27,5.6000,0.397064
100,0.5,40,28,5.8000,0.377491
100,0.5,40,29,6.0000,0.363223
100,0.5,40,30,6.2000,0.361304
100,0.5,40,31,6.4000,0.341815
100,0.5,40,32,6.6000,0.323970
100,0.5,40,33,6.8000,0.308573
100,0.5,40,34,7.0000,0.295359
100,0.5,40,35,7.2000,0.288968
100,0.5,40,36,7.4000,0.317186
100,0.5,40,37,7.6000,0.318284
100,0.5,40,38,7.8000,0.312094
100,0.5,40,39,8.0000,0.308149
100,0.5,40,40,8.2000,0.294030
100,0.5,40,41,8.4000,0.285258
100,0.5,40,42,8.6000,0.294781
100,0.5,40,43,8.8000,0.310190
100,0.5,40,44,9.0000,0.311223
100,0.5,40,45,9.2000,0.314738
100,0.5,40,46,9.4000,0.304627
100,0.5,40,47,9.6000,0.304565
100,0.5,40,48,9.8000,0.309347
100,0.5,40,49,10.0000,0.309961
100,0.5,40,50,10.2000,0.318781
100,0.5,40,51,10.4000,0.312969
100,0.5,40,52,10.6000,0.301826
100,0.5,40,53,10.8000,0.285766
100,0.5,40,54,11.0000,0.291927
100,0.5,40,55,11.2000,0.286645
100,0.5,40,56,11.4000,0.275478
100,0.5,40,57,11.6000,0.260853
100,0.5,40,58,11.8000,0.246374
100,0.5,40,59,12.0000,0.234241
100,0.5,40,60,12.2000,0.227645
100,0.5,40,61,12.4000,0.220149
100,0.5,40,62,12.6000,0.209023
100,0.5,40,63,12.8000,0.201279
100,0.5,40,64,13.0000,0.191507
100,0.5,40,65,13.2000,0.182409
100,0.5,40,66,13.4000,0.177466
100,0.5,40,67,13.6000,0.181149
100,0.5,40,68,13.8000,0.185120
100,0.5,40,69,14.0000,0.192343
100,0.5,40,70,14.2000,0.201427
100,0.5,40,71,14.4000,0.208558
100,0.5,40,72,14.6000,0.201041
100,0.5,40,73,14.8000,0.213422
100,0.5,40,74,15.0000,0.209103
100,0.5,40,75,15.2000,0.200348
100,0.5,40,76,15.4000,0.205676
100,0.5,40,77,15.6000,0.207676
100,0.5,40,78,15.8000,0.227480
100,0.5,40,79,16.0000,0.232623
100,0.5,40,80,16.2000,0.233934
100,0.5,40,81,16.4000,0.237438
100,0.5,40,82,16.6000,0.245189
100,0.5,40,83,16.8000,0.251424
100,0.5,40,84,17.0000,0.250460
100,0.5,40,85,17.2000,0.241574
100,0.5,40,86,17.4000,0.232917
100,0.5,40,87,17.6000,0.233926
100,0.5,40,88,17.8000,0.238642
100,0.5,40,89,18.0000,0.240256
100,0.5,40,90,18.2000,0.234561
100,0.5,40,91,18.4000,0.231734
100,0.5,40,92,18.6000,0.249343
100,0.5,40,93,18.8000,0.254821
100,0.5,40,94,19.0000,0.251961
100,0.5,40,95,19.2000,0.257457
100,0.5,40,96,19.4000,0.254398
100,0.5,40,97,19.6000,0.252645
100,0.5,40,98,19.8000,0.248754
100,0.5,40,99,20.0000,0.241903
100,0.5,50,0,0.2000,11.242803
100,0.5,50,1,0.4000,10.882512
100,0.5,50,2,0.6000,10.685501
100,0.5,50,3,0.8000,9.345433
100,0.5,50,4,1.0000,7.325153
100,0.5,50,5,1.2000,5.431809
100,0.5,50,6,1.4000,5.311680
100,0.5,50,7,1.6000,4.068159
100,0.5,50,8,1.8000,4.016967
100,0.5,50,9,2.0000,3.985586
100,0.5,50,10,2.2000,3.947150
100,0.5,50,11,2.4000,3.905565
100,0.5,50,12,2.6000,0.677695
100,0.5,50,13,2.8000,0.493225
100,0.5,50,14,3.0000,0.387256
100,0.5,50,15,3.2000,0.312993
100,0.5,50,16,3.4000,0.281037
100,0.5,50,17,3.6000,0.209169
100,0.5,50,18,3.8000,0.245416
100,0.5,50,19,4.0000,0.204952
100,0.5,50,20,4.2000,0.158054
100,0.5,50,21,4.4000,0.134679
100,0.5,50,22,4.6000,0.144532
100,0.5,50,23,4.8000,0.133612
100,0.5,50,24,5.0000,0.119161
100,0.5,50,25,5.2000,0.113495
100,0.5,50,26,5.4000,0.114423
100,0.5,50,27,5.6000,0.116574
100,0.5,50,28,5.8000,0.100009
100,0.5,50,29,6.0000,0.089333
100,0.5,50,30,6.2000,0.100516
100,0.5,50,31,6.4000,0.102466
100,0.5,50,32,6.6000,0.092340
100,0.5,50,33,6.8000,0.104622
100,0.5,50,34,7.0000,0.116926
100,0.5,50,35,7.2000,0.131791
100,0.5,50,36,7.4000,0.124061
100,0.5,50,37,7.6000,0.145014
100,0.5,50,38,7.8000,0.156239
100,0.5,50,39,8.0000,0.174001
100,0.5,50,40,8.2000,0.171340
100,0.5,50,41,8.4000,0.214785
100,0.5,50,42,8.6000,0.240568
100,0.5,50,43,8.8000,0.227231
100,0.5,50,44,9.0000,0.228730
100,0.5,50,45,9.2000,0.258764
100,0.5,50,46,9.4000,0.277654
100,0.5,50,47,9.6000,0.262111
100,0.5,50,48,9.8000,0.255173
100,0.5,50,49,10.0000,0.251574
100,0.5,50,50,10.2000,0.244166
100,0.5,50,51,10.4000,0.237415
100,0.5,50,52,10.6000,0.248266
100,0.5,50,53,10.8000,0.238104
100,0.5,50,54,11.0000,0.234459
100,0.5,50,55,11.2000,0.223319
100,0.5,50,56,11.4000,0.210531
100,0.5,50,57,11.6000,0.225190
100,0.5,50,58,11.8000,0.239576
100,0.5,50,59,12.0000,0.228513
100,0.5,50,60,12.2000,0.215016
100,0.5,50,61,12.4000,0.203592
100,0.5,50,62,12.6000,0.216140
100,0.5,50,63,12.8000,0.215809
100,0.5,50,64,13.0000,0.241684
100,0.5,50,65,13.2000,0.251543
100,0.5,50,66,13.4000,0.244501
100,0.5,50,67,13.6000,0.245119
100,0.5,50,68,13.8000,0.236417
100,0.5,50,69,14.0000,0.230246
100,0.5,50,70,14.2000,0.220378
100,0.5,50,71,14.4000,0.215335
100,0.5,50,72,14.6000,0.206856
100,0.5,50,73,14.8000,0.194520
100,0.5,50,74,15.0000,0.201931
100,0.5,50,75,15.2000,0.217369
100,0.5,50,76,15.4000,0.215069
100,0.5,50,77,15.6000,0.217727
100,0.5,50,78,15.8000,0.207966
100,0.5,50,79,16.0000,0.198721
100,0.5,50,80,16.2000,0.189963
100,0.5,50,81,16.4000,0.187413
100,0.5,50,82,16.6000,0.182748
100,0.5,50,83,16.8000,0.180582
100,0.5,50,84,17.0000,0.177237
100,0.5,50,85,17.2000,0.184424
100,0.5,50,86,17.4000,0.175727
100,0.5,50,87,17.6000,0.170113
100,0.5,50,88,17.8000,0.168753
100,0.5,50,89,18.0000,0.159385
100,0.5,50,90,18.2000,0.162528
100,0.5,50,91,18.4000,0.161544
100,0.5,50,92,18.6000,0.158348
100,0.5,50,93,18.8000,0.152268
100,0.5,50,94,19.0000,0.154315
100,0.5,50,95,19.2000,0.148996
100,0.5,50,96,19.4000,0.146669
100,0.5,50,97,19.6000,0.138811
100,0.5,50,98,19.8000,0.129938
100,0.5,50,99,20.0000,0.122194
100,0.5,60,0,0.2000,8.161227
100,0.5,60,1,0.4000,7.641821
100,0.5,60,2,0.6000,7.267892
100,0.5,60,3,0.8000,6.661525
100,0.5,60,4,1.0000,6.273475
100,0.5,60,5,1.2000,6.158404
100,0.5,60,6,1.4000,6.076895
100,0.5,60,7,1.6000,5.991265
100,0.5,60,8,1.8000,3.926844
100,0.5,60,9,2.0000,1.969455
100,0.5,60,10,2.2000,1.880595
100,0.5,60,11,2.4000,1.498455
100,0.5,60,12,2.6000,1.443211
100,0.5,60,13,2.8000,1.358702
100,0.5,60,14,3.0000,1.016896
100,0.5,60,15,3.2000,0.509151
100,0.5,60,16,3.4000,0.606935
100,0.5,60,17,3.6000,0.549497
100,0.5,60,18,3.8000,0.511623
100,0.5,60,19,4.0000,0.472348
100,0.5,60,20,4.2000,0.426721
100,0.5,60,21,4.4000,0.432030
100,0.5,60,22,4.6000,0.447815
100,0.5,60,23,4.8000,0.436798
100,0.5,60,24,5.0000,0.417919
100,0.5,60,25,5.2000,0.406457
100,0.5,60,26,5.4000,0.398069
100,0.5,60,27,5.6000,0.392411
100,0.5,60,28,5.8000,0.378532
100,0.5,60,29,6.0000,0.357328
100,0.5,60,30,6.2000,0.340746
100,0.5,60,31,6.4000,0.336082
100,0.5,60,32,6.6000,0.324970
100,0.5,60,33,6.8000,0.306700
100,0.5,60,34,7.0000,0.304049
100,0.5,60,35,7.2000,0.284678
100,0.5,60,36,7.4000,0.267671
100,0.5,60,37,7.6000,0.286228
100,0.5,60,38,7.8000,0.324029
100,0.5,60,39,8.0000,0.366108
100,0.5,60,40,8.2000,0.349280
100,0.5,60,41,8.4000,0.302526
100,0.5,60,42,8.6000,0.286998
100,0.5,60,43,8.8000,0.281452
100,0.5,60,44,9.0000,0.267570
100,0.5,60,45,9.2000,0.258887
100,0.5,60,46,9.4000,0.241379
100,0.5,60,47,9.6000,0.231674
100,0.5,60,48,9.8000,0.226185
100,0.5,60,49,10.0000,0.219154
100,0.5,60,50,10.2000,0.219164
100,0.5,60,51,10.4000,0.213698
100,0.5,60,52,10.6000,0.213778
100,0.5,60,53,10.8000,0.221388
100,0.5,60,54,11.0000,0.238232
100,0.5,60,55,11.2000,0.229537
100,0.5,60,56,11.4000,0.225074
100,0.5,60,57,11.6000,0.221758
100,0.5,60,58,11.8000,0.217901
100,0.5,60,59,12.0000,0.211243
100,0.5,60,60,12.2000,0.206899
100,0.5,60,61,12.4000,0.186798
100,0.5,60,62,12.6000,0.180713
100,0.5,60,63,12.8000,0.173419
100,0.5,60,64,13.0000,0.153761
100,0.5,60,65,13.2000,0.144711
100,0.5,60,66,13.4000,0.143726
100,0.5,60,67,13.6000,0.135753
100,0.5,60,68,13.8000,0.114025
100,0.5,60,69,14.0000,0.125541
100,0.5,60,70,14.2000,0.141669
100,0.5,60,71,14.4000,0.128694
100,0.5,60,72,14.6000,0.121305
100,0.5,60,73,14.8000,0.115734
100,0.5,60,74,15.0000,0.111424
100,0.5,60,75,15.2000,0.100338
100,0.5,60,76,15.4000,0.094694
100,0.5,60,77,15.6000,0.089669
100,0.5,60,78,15.8000,0.086342
100,0.5,60,79,16.0000,0.083806
100,0.5,60,80,16.2000,0.079084
100,0.5,60,81,16.4000,0.080808
100,0.5,60,82,16.6000,0.090383
100,0.5,60,83,16.8000,0.103301
100,0.5,60,84,17.0000,0.116694
100,0.5,60,85,17.2000,0.130379
100,0.5,60,86,17.4000,0.145551
100,0.5,60,87,17.6000,0.146894
100,0.5,60,88,17.8000,0.146291
100,0.5,60,89,18.0000,0.146847
100,0.5,60,90,18.2000,0.147101
100,0.5,60,91,18.4000,0.148775
100,0.5,60,92,18.6000,0.144635
100,0.5,60,93,18.8000,0.141610
100,0.5,60,94,19.0000,0.157758
100,0.5,60,95,19.2000,0.141509
100,0.5,60,96,19.4000,0.148487
100,0.5,60,97,19.6000,0.162930
100,0.5,60,98,19.8000,0.178729
100,0.5,60,99,20.0000,0.165628
100,0.5,70,0,0.2000,9.067675
100,0.5,70,1,0.4000,8.930948
100,0.5,70,2,0.6000,8.726800
100,0.5,70,3,0.8000,7.118153
100,0.5,70,4,1.0000,5.055533
100,0.5,70,5,1.2000,4.729298
100,0.5,70,6,1.4000,4.717065
100,0.5,70,7,1.6000,4.681433
100,0.5,70,8,1.8000,4.652203
100,0.5,70,9,2.0000,4.558022
100,0.5,70,10,2.2000,4.405316
100,0.5,70,11,2.4000,4.082240
100,0.5,70,12,2.6000,4.058504
100,0.5,70,13,2.8000,4.030517
100,0.5,70,14,3.0000,3.955080
100,0.5,70,15,3.2000,3.931286
100,0.5,70,16,3.4000,3.906358
100,0.5,70,17,3.6000,3.881564
100,0.5,70,18,3.8000,3.852701
100,0.5,70,19,4.0000,3.815043
100,0.5,70,20,4.2000,3.655407
100,0.5,70,21,4.4000,1.811055
100,0.5,70,22,4.6000,1.608506
100,0.5,70,23,4.8000,1.567811
100,0.5,70,24,5.0000,1.287088
100,0.5,70,25,5.2000,1.250325
100,0.5,70,26,5.4000,1.097323
100,0.5,70,27,5.6000,0.324057
100,0.5,70,28,5.8000,0.296356
100,0.5,70,29,6.0000,0.261268
100,0.5,70,30,6.2000,0.259324
100,0.5,70,31,6.4000,0.253973
100,0.5,70,32,6.6000,0.230719
100,0.5,70,33,6.8000,0.202133
100,0.5,70,34,7.0000,0.187097
100,0.5,70,35,7.2000,0.209217
100,0.5,70,36,7.4000,0.227267
100,0.5,70,37,7.6000,0.254152
100,0.5,70,38,7.8000,0.243996
100,0.5,70,39,8.0000,0.225888
100,0.5,70,40,8.2000,0.215627
100,0.5,70,41,8.4000,0.202267
100,0.5,70,42,8.6000,0.193350
100,0.5,70,43,8.8000,0.217261
100,0.5,70,44,9.0000,0.215336
100,0.5,70,45,9.2000,0.203944
100,0.5,70,46,9.4000,0.187981
100,0.5,70,47,9.6000,0.190927
100,0.5,70,48,9.8000,0.180969
100,0.5,70,49,10.0000,0.198611
100,0.5,70,50,10.2000,0.185362
100,0.5,70,51,10.4000,0.182402
100,0.5,70,52,10.6000,0.182857
100,0.5,70,53,10.8000,0.187851
100,0.5,70,54,11.0000,0.178285
100,0.5,70,55,11.2000,0.160999
100,0.5,70,56,11.4000,0.150511
100,0.5,70,57,11.6000,0.138658
100,0.5,70,58,11.8000,0.142035
100,0.5,70,59,12.0000,0.155875
100,0.5,70,60,12.2000,0.167536
100,0.5,70,61,12.4000,0.165044
100,0.5,70,62,12.6000,0.166155
100,0.5,70,63,12.8000,0.161082
100,0.5,70,64,13.0000,0.173757
100,0.5,70,65,13.2000,0.176527
100,0.5,70,66,13.4000,0.160683
100,0.5,70,67,13.6000,0.148863
100,0.5,70,68,13.8000,0.140101
100,0.5,70,69,14.0000,0.132788
100,0.5,70,70,14.2000,0.152363
100,0.5,70,71,14.4000,0.157442
100,0.5,70,72,14.6000,0.153659
100,0.5,70,73,14.8000,0.152783
100,0.5,70,74,15.0000,0.160741
100,0.5,70,75,15.2000,0.163724
100,0.5,70,76,15.4000,0.172894
100,0.5,70,77,15.6000,0.171491
100,0.5,70,78,15.8000,0.158550
100,0.5,70,79,16.0000,0.154321
100,0.5,70,80,16.2000,0.155135
100,0.5,70,81,16.4000,0.163049
100,0.5,70,82,16.6000,0.170406
100,0.5,70,83,16.8000,0.180515
100,0.5,70,84,17.0000,0.189603
100,0.5,70,85,17.2000,0.187035
100,0.5,70,86,17.4000,0.177294
100,0.5,70,87,17.6000,0.169693
100,0.5,70,88,17.8000,0.171887
100,0.5,70,89,18.0000,0.169256
100,0.5,70,90,18.2000,0.169218
100,0.5,70,91,18.4000,0.173621
100,0.5,70,92,18.6000,0.176038
100,0.5,70,93,18.8000,0.176019
100,0.5,70,94,19.0000,0.188789
100,0.5,70,95,19.2000,0.186724
100,0.5,70,96,19.4000,0.193724
100,0.5,70,97,19.6000,0.206046
100,0.5,70,98,19.8000,0.205706
100,0.5,70,99,20.0000,0.198436
100,0.5,80,0,0.2000,7.595221
100,0.5,80,1,0.4000,6.888843
100,0.5,80,2,0.6000,6.393010
100,0.5,80,3,0.8000,5.354346
100,0.5,80,4,1.0000,5.077107
100,0.5,80,5,1.2000,4.981432
100,0.5,80,6,1.4000,3.144005
100,0.5,80,7,1.6000,2.463370
100,0.5,80,8,1.8000,2.213296
100,0.5,80,9,2.0000,0.787529
100,0.5,80,10,2.2000,0.609821
100,0.5,80,11,2.4000,0.595783
100,0.5,80,12,2.6000,0.503806
100,0.5,80,13,2.8000,0.453820
100,0.5,80,14,3.0000,0.430253
100,0.5,80,15,3.2000,0.356479
100,0.5,80,16,3.4000,0.309485
100,0.5,80,17,3.6000,0.269490
100,0.5,80,18,3.8000,0.234733
100,0.5,80,19,4.0000,0.244893
100,0.5,80,20,4.2000,0.219801
100,0.5,80,21,4.4000,0.200724
100,0.5,80,22,4.6000,0.170451
100,0.5,80,23,4.8000,0.172979
100,0.5,80,24,5.0000,0.187404
100,0.5,80,25,5.2000,0.195861
100,0.5,80,26,5.4000,0.226545
100,0.5,80,27,5.6000,0.217629
100,0.5,80,28,5.8000,0.199225
100,0.5,80,29,6.0000,0.228178
100,0.5,80,30,6.2000,0.244871
100,0.5,80,31,6.4000,0.267441
100,0.5,80,32,6.6000,0.283859
100,0.5,80,33,6.8000,0.252112
100,0.5,80,34,7.0000,0.224257
100,0.5,80,35,7.2000,0.195091
100,0.5,80,36,7.4000,0.205488
100,0.5,80,37,7.6000,0.206432
100,0.5,80,38,7.8000,0.206571
100,0.5,80,39,8.0000,0.212844
100,0.5,80,40,8.2000,0.233816
100,0.5,80,41,8.4000,0.223104
100,0.5,80,42,8.6000,0.223885
100,0.5,80,43,8.8000,0.241231
100,0.5,80,44,9.0000,0.244276
100,0.5,80,45,9.2000,0.226322
100,0.5,80,46,9.4000,0.208267
100,0.5,80,47,9.6000,0.205142
100,0.5,80,48,9.8000,0.189496
100,0.5,80,49,10.0000,0.176969
100,0.5,80,50,10.2000,0.181711
100,0.5,80,51,10.4000,0.191811
100,0.5,80,52,10.6000,0.199079
100,0.5,80,53,10.8000,0.213369
100,0.5,80,54,11.0000,0.203691
100,0.5,80,55,11.2000,0.193079
100,0.5,80,56,11.4000,0.182139
100,0.5,80,57,11.6000,0.172257
100,0.5,80,58,11.8000,0.161232
100,0.5,80,59,12.0000,0.153159
100,0.5,80,60,12.2000,0.145760
100,0.5,80,61,12.4000,0.138373
100,0.5,80,62,12.6000,0.128295
100,0.5,80,63,12.8000,0.119641
100,0.5,80,64,13.0000,0.123793
100,0.5,80,65,13.2000,0.114294
100,0.5,80,66,13.4000,0.119680
100,0.5,80,67,13.6000,0.109465
100,0.5,80,68,13.8000,0.098665
100,0.5,80,69,14.0000,0.114417
100,0.5,80,70,14.2000,0.124396
100,0.5,80,71,14.4000,0.127751
100,0.5,80,72,14.6000,0.115755
100,0.5,80,73,14.8000,0.104504
100,0.5,80,74,15.0000,0.110383
100,0.5,80,75,15.2000,0.100909
100,0.5,80,76,15.4000,0.116160
100,0.5,80,77,15.6000,0.136809
100,0.5,80,78,15.8000,0.130358
100,0.5,80,79,16.0000,0.129340
100,0.5,80,80,16.2000,0.122092
100,0.5,80,81,16.4000,0.124300
100,0.5,80,82,16.6000,0.125513
100,0.5,80,83,16.8000,0.119168
100,0.5,80,84,17.0000,0.119322
100,0.5,80,85,17.2000,0.127031
100,0.5,80,86,17.4000,0.128285
100,0.5,80,87,17.6000,0.137335
100,0.5,80,88,17.8000,0.152901
100,0.5,80,89,18.0000,0.158343
100,0.5,80,90,18.2000,0.147792
100,0.5,80,91,18.4000,0.136538
100,0.5,80,92,18.6000,0.129402
100,0.5,80,93,18.8000,0.121185
100,0.5,80,94,19.0000,0.114159
100,0.5,80,95,19.2000,0.110232
100,0.5,80,96,19.4000,0.108138
100,0.5,80,97,19.6000,0.103791
100,0.5,80,98,19.8000,0.096692
100,0.5,80,99,20.0000,0.114814
100,0.5,90,0,0.2000,2.403805
100,0.5,90,1,0.4000,2.534934
100,0.5,90,2,0.6000,2.332687
100,0.5,90,3,0.8000,2.207975
100,0.5,90,4,1.0000,2.022428
100,0.5,90,5,1.2000,0.462139
100,0.5,90,6,1.4000,0.400535
100,0.5,90,7,1.6000,0.339881
100,0.5,90,8,1.8000,0.285537
100,0.5,90,9,2.0000,0.306131
100,0.5,90,10,2.2000,0.326866
100,0.5,90,11,2.4000,0.271061
100,0.5,90,12,2.6000,0.223443
100,0.5,90,13,2.8000,0.208608
100,0.5,90,14,3.0000,0.227546
100,0.5,90,15,3.2000,0.261134
100,0.5,90,16,3.4000,0.303489
100,0.5,90,17,3.6000,0.338456
100,0.5,90,18,3.8000,0.247085
100,0.5,90,19,4.0000,0.281842
100,0.5,90,20,4.2000,0.276947
100,0.5,90,21,4.4000,0.273129
100,0.5,90,22,4.6000,0.305296
100,0.5,90,23,4.8000,0.323119
100,0.5,90,24,5.0000,0.344105
100,0.5,90,25,5.2000,0.321846
100,0.5,90,26,5.4000,0.303578
100,0.5,90,27,5.6000,0.301400
100,0.5,90,28,5.8000,0.302164
100,0.5,90,29,6.0000,0.306897
100,0.5,90,30,6.2000,0.267971
100,0.5,90,31,6.4000,0.260677
100,0.5,90,32,6.6000,0.250663
100,0.5,90,33,6.8000,0.248464
100,0.5,90,34,7.0000,0.256232
100,0.5,90,35,7.2000,0.238533
100,0.5,90,36,7.4000,0.228824
100,0.5,90,37,7.6000,0.215771
100,0.5,90,38,7.8000,0.192944
100,0.5,90,39,8.0000,0.189347
100,0.5,90,40,8.2000,0.194153
100,0.5,90,41,8.4000,0.201025
100,0.5,90,42,8.6000,0.196579
100,0.5,90,43,8.8000,0.196875
100,0.5,90,44,9.0000,0.203530
100,0.5,90,45,9.2000,0.195266
100,0.5,90,46,9.4000,0.165778
100,0.5,90,47,9.6000,0.154403
100,0.5,90,48,9.8000,0.134168
100,0.5,90,49,10.0000,0.122829
100,0.5,90,50,10.2000,0.109780
100,0.5,90,51,10.4000,0.098839
100,0.5,90,52,10.6000,0.094899
100,0.5,90,53,10.8000,0.092469
100,0.5,90,54,11.0000,0.087778
100,0.5,90,55,11.2000,0.086459
100,0.5,90,56,11.4000,0.087045
100,0.5,90,57,11.6000,0.084118
100,0.5,90,58,11.8000,0.084164
100,0.5,90,59,12.0000,0.084099
100,0.5,90,60,12.2000,0.093749
100,0.5,90,61,12.4000,0.096317
100,0.5,90,62,12.6000,0.098959
100,0.5,90,63,12.8000,0.098945
100,0.5,90,64,13.0000,0.103364
100,0.5,90,65,13.2000,0.111251
100,0.5,90,66,13.4000,0.121671
100,0.5,90,67,13.6000,0.127519
100,0.5,90,68,13.8000,0.124163
100,0.5,90,69,14.0000,0.140048
100,0.5,90,70,14.2000,0.159681
100,0.5,90,71,14.4000,0.156073
100,0.5,90,72,14.6000,0.150435
100,0.5,90,73,14.8000,0.138534
100,0.5,90,74,15.0000,0.154224
100,0.5,90,75,15.2000,0.143475
100,0.5,90,76,15.4000,0.148843
100,0.5,90,77,15.6000,0.138097
100,0.5,90,78,15.8000,0.139475
100,0.5,90,79,16.0000,0.129598
100,0.5,90,80,16.2000,0.141312
100,0.5,90,81,16.4000,0.145071
100,0.5,90,82,16.6000,0.145457
100,0.5,90,83,16.8000,0.137714
100,0.5,90,84,17.0000,0.148272
100,0.5,90,85,17.2000,0.167055
100,0.5,90,86,17.4000,0.160318
100,0.5,90,87,17.6000,0.154533
100,0.5,90,88,17.8000,0.154451
100,0.5,90,89,18.0000,0.143312
100,0.5,90,90,18.2000,0.144443
100,0.5,90,91,18.4000,0.155660
100,0.5,90,92,18.6000,0.161333
100,0.5,90,93,18.8000,0.162297
100,0.5,90,94,19.0000,0.155653
100,0.5,90,95,19.2000,0.147737
100,0.5,90,96,19.4000,0.142686
100,0.5,90,97,19.6000,0.139306
100,0.5,90,98,19.8000,0.134432
100,0.5,90,99,20.0000,0.129453
100,2.0,10,0,0.2000,1.680782
100,2.0,10,1,0.4000,0.647795
100,2.0,10,2,0.6000,0.546170
100,2.0,10,3,0.8000,0.655008
100,2.0,10,4,1.0000,0.571673
100,2.0,10,5,1.2000,0.590832
100,2.0,10,6,1.4000,0.544341
100,2.0,10,7,1.6000,0.515660
100,2.0,10,8,1.8000,0.254211
100,2.0,10,9,2.0000,0.326498
100,2.0,10,10,2.2000,0.269886
100,2.0,10,11,2.4000,0.270637
100,2.0,10,12,2.6000,0.267871
100,2.0,10,13,2.8000,0.302570
100,2.0,10,14,3.0000,0.356534
100,2.0,10,15,3.2000,0.433150
100,2.0,10,16,3.4000,0.466827
100,2.0,10,17,3.6000,0.524344
100,2.0,10,18,3.8000,0.543500
100,2.0,10,19,4.0000,0.477154
100,2.0,10,20,4.2000,0.467398
100,2.0,10,21,4.4000,0.432260
100,2.0,10,22,4.6000,0.402470
100,2.0,10,23,4.8000,0.378069
100,2.0,10,24,5.0000,0.375096
100,2.0,10,25,5.2000,0.401802
100,2.0,10,26,5.4000,0.394794
100,2.0,10,27,5.6000,0.391298
100,2.0,10,28,5.8000,0.405515
100,2.0,10,29,6.0000,0.430760
100,2.0,10,30,6.2000,0.457189
100,2.0,10,31,6.4000,0.435034
100,2.0,10,32,6.6000,0.383097
100,2.0,10,33,6.8000,0.327860
100,2.0,10,34,7.0000,0.291733
100,2.0,10,35,7.2000,0.265171
100,2.0,10,36,7.4000,0.226358
100,2.0,10,37,7.6000,0.194126
100,2.0,10,38,7.8000,0.199114
100,2.0,10,39,8.0000,0.202925
100,2.0,10,40,8.2000,0.210384
100,2.0,10,41,8.4000,0.197845
100,2.0,10,42,8.6000,0.186855
100,2.0,10,43,8.8000,0.191634
100,2.0,10,44,9.0000,0.193624
100,2.0,10,45,9.2000,0.207350
100,2.0,10,46,9.4000,0.220105
100,2.0,10,47,9.6000,0.232679
100,2.0,10,48,9.8000,0.228191
100,2.0,10,49,10.0000,0.226707
100,2.0,10,50,10.2000,0.227381
100,2.0,10,51,10.4000,0.229928
100,2.0,10,52,10.6000,0.239343
100,2.0,10,53,10.8000,0.251702
100,2.0,10,54,11.0000,0.263761
100,2.0,10,55,11.2000,0.273067
100,2.0,10,56,11.4000,0.267687
100,2.0,10,57,11.6000,0.255679
100,2.0,10,58,11.8000,0.248985
100,2.0,10,59,12.0000,0.236579
100,2.0,10,60,12.2000,0.223168
100,2.0,10,61,12.4000,0.212844
100,2.0,10,62,12.6000,0.201404
100,2.0,10,63,12.8000,0.167884
100,2.0,10,64,13.0000,0.167133
100,2.0,10,65,13.2000,0.168266
100,2.0,10,66,13.4000,0.170676
100,2.0,10,67,13.6000,0.185403
100,2.0,10,68,13.8000,0.195860
100,2.0,10,69,14.0000,0.204702
100,2.0,10,70,14.2000,0.210517
100,2.0,10,71,14.4000,0.223638
100,2.0,10,72,14.6000,0.231457
100,2.0,10,73,14.8000,0.241751
100,2.0,10,74,15.0000,0.238612
100,2.0,10,75,15.2000,0.233615
100,2.0,10,76,15.4000,0.224462
100,2.0,10,77,15.6000,0.217157
100,2.0,10,78,15.8000,0.211449
100,2.0,10,79,16.0000,0.201906
100,2.0,10,80,16.2000,0.183457
100,2.0,10,81,16.4000,0.172924
100,2.0,10,82,16.6000,0.156769
100,2.0,10,83,16.8000,0.149881
100,2.0,10,84,17.0000,0.146791
100,2.0,10,85,17.2000,0.139929
100,2.0,10,86,17.4000,0.123065
100,2.0,10,87,17.6000,0.116330
100,2.0,10,88,17.8000,0.103807
100,2.0,10,89,18.0000,0.102867
100,2.0,10,90,18.2000,0.109917
100,2.0,10,91,18.4000,0.109146
100,2.0,10,92,18.6000,0.122132
100,2.0,10,93,18.8000,0.115002
100,2.0,10,94,19.0000,0.107271
100,2.0,10,95,19.2000,0.102502
100,2.0,10,96,19.4000,0.098564
100,2.0,10,97,19.6000,0.105054
100,2.0,10,98,19.8000,0.103588
100,2.0,10,99,20.0000,0.107745
100,2.0,100,0,0.2000,5.083226
100,2.0,100,1,0.4000,6.541713
100,2.0,100,2,0.6000,5.753030
100,2.0,100,3,0.8000,5.404496
100,2.0,100,4,1.0000,5.258166
100,2.0,100,5,1.2000,5.010042
100,2.0,100,6,1.4000,4.791092
100,2.0,100,7,1.6000,4.377629
100,2.0,100,8,1.8000,3.273027
100,2.0,100,9,2.0000,2.707922
100,2.0,100,10,2.2000,2.478224
100,2.0,100,11,2.4000,2.269287
100,2.0,100,12,2.6000,2.054046
100,2.0,100,13,2.8000,1.821606
100,2.0,100,14,3.0000,1.707862
100,2.0,100,15,3.2000,0.282826
100,2.0,100,16,3.4000,0.223092
100,2.0,100,17,3.6000,0.223347
100,2.0,100,18,3.8000,0.250599
100,2.0,100,19,4.0000,0.295245
100,2.0,100,20,4.2000,0.349729
100,2.0,100,21,4.4000,0.424398
100,2.0,100,22,4.6000,0.400757
100,2.0,100,23,4.8000,0.378941
100,2.0,100,24,5.0000,0.350086
100,2.0,100,25,5.2000,0.313430
100,2.0,100,26,5.4000,0.310225
100,2.0,100,27,5.6000,0.308457
100,2.0,100,28,5.8000,0.316675
100,2.0,100,29,6.0000,0.279539
100,2.0,100,30,6.2000,0.234075
100,2.0,100,31,6.4000,0.225958
100,2.0,100,32,6.6000,0.201969
100,2.0,100,33,6.8000,0.205551
100,2.0,100,34,7.0000,0.196291
100,2.0,100,35,7.2000,0.180502
100,2.0,100,36,7.4000,0.176661
100,2.0,100,37,7.6000,0.189175
100,2.0,100,38,7.8000,0.191764
100,2.0,100,39,8.0000,0.198109
100,2.0,100,40,8.2000,0.209302
100,2.0,100,41,8.4000,0.221772
100,2.0,100,42,8.6000,0.227595
100,2.0,100,43,8.8000,0.230770
100,2.0,100,44,9.0000,0.232713
100,2.0,100,45,9.2000,0.224617
100,2.0,100,46,9.4000,0.207729
100,2.0,100,47,9.6000,0.186254
100,2.0,100,48,9.8000,0.166033
100,2.0,100,49,10.0000,0.151064
100,2.0,100,50,10.2000,0.141814
100,2.0,100,51,10.4000,0.131749
100,2.0,100,52,10.6000,0.131244
100,2.0,100,53,10.8000,0.134408
100,2.0,100,54,11.0000,0.123163
100,2.0,100,55,11.2000,0.108910
100,2.0,100,56,11.4000,0.099103
100,2.0,100,57,11.6000,0.105208
100,2.0,100,58,11.8000,0.099954
100,2.0,100,59,12.0000,0.094621
100,2.0,100,60,12.2000,0.090587
100,2.0,100,61,12.4000,0.092943
100,2.0,100,62,12.6000,0.098394
100,2.0,100,63,12.8000,0.106034
100,2.0,100,64,13.0000,0.101486
100,2.0,100,65,13.2000,0.099659
100,2.0,100,66,13.4000,0.114492
100,2.0,100,67,13.6000,0.113363
100,2.0,100,68,13.8000,0.116697
100,2.0,100,69,14.0000,0.119065
100,2.0,100,70,14.2000,0.127979
100,2.0,100,71,14.4000,0.140467
100,2.0,100,72,14.6000,0.121649
100,2.0,100,73,14.8000,0.108454
100,2.0,100,74,15.0000,0.106379
100,2.0,100,75,15.2000,0.106270
100,2.0,100,76,15.4000,0.109096
100,2.0,100,77,15.6000,0.117138
100,2.0,100,78,15.8000,0.122226
100,2.0,100,79,16.0000,0.114510
100,2.0,100,80,16.2000,0.115247
100,2.0,100,81,16.4000,0.112156
100,2.0,100,82,16.6000,0.114644
100,2.0,100,83,16.8000,0.099646
100,2.0,100,84,17.0000,0.098697
100,2.0,100,85,17.2000,0.099932
100,2.0,100,86,17.4000,0.098346
100,2.0,100,87,17.6000,0.101794
100,2.0,100,88,17.8000,0.100678
100,2.0,100,89,18.0000,0.102399
100,2.0,100,90,18.2000,0.105544
100,2.0,100,91,18.4000,0.107044
100,2.0,100,92,18.6000,0.105448
100,2.0,100,93,18.8000,0.103059
100,2.0,100,94,19.0000,0.101747
100,2.0,100,95,19.2000,0.105487
100,2.0,100,96,19.4000,0.108858
100,2.0,100,97,19.6000,0.113474
100,2.0,100,98,19.8000,0.119624
100,2.0,100,99,20.0000,0.115794
100,2.0,20,0,0.2000,7.877492
100,2.0,20,1,0.4000,6.983733
100,2.0,20,2,0.6000,5.970653
100,2.0,20,3,0.8000,5.403231
100,2.0,20,4,1.0000,4.517428
100,2.0,20,5,1.2000,4.285165
100,2.0,20,6,1.4000,3.821792
100,2.0,20,7,1.6000,2.621800
100,2.0,20,8,1.8000,2.223859
100,2.0,20,9,2.0000,2.028897
100,2.0,20,10,2.2000,1.699705
100,2.0,20,11,2.4000,1.653197
100,2.0,20,12,2.6000,1.586786
100,2.0,20,13,2.8000,1.489535
100,2.0,20,14,3.0000,1.287030
100,2.0,20,15,3.2000,1.211518
100,2.0,20,16,3.4000,1.166552
100,2.0,20,17,3.6000,1.121603
100,2.0,20,18,3.8000,1.090372
100,2.0,20,19,4.0000,1.039320
100,2.0,20,20,4.2000,1.002919
100,2.0,20,21,4.4000,0.498942
100,2.0,20,22,4.6000,0.455654
100,2.0,20,23,4.8000,0.503268
100,2.0,20,24,5.0000,0.553883
100,2.0,20,25,5.2000,0.544357
100,2.0,20,26,5.4000,0.505217
100,2.0,20,27,5.6000,0.521597
100,2.0,20,28,5.8000,0.582758
100,2.0,20,29,6.0000,0.636607
100,2.0,20,30,6.2000,0.611970
100,2.0,20,31,6.4000,0.598166
100,2.0,20,32,6.6000,0.598965
100,2.0,20,33,6.8000,0.563771
100,2.0,20,34,7.0000,0.533040
100,2.0,20,35,7.2000,0.514125
100,2.0,20,36,7.4000,0.532742
100,2.0,20,37,7.6000,0.557682
100,2.0,20,38,7.8000,0.526903
100,2.0,20,39,8.0000,0.517278
100,2.0,20,40,8.2000,0.504278
100,2.0,20,41,8.4000,0.490778
100,2.0,20,42,8.6000,0.494687
100,2.0,20,43,8.8000,0.515332
100,2.0,20,44,9.0000,0.534436
100,2.0,20,45,9.2000,0.551936
100,2.0,20,46,9.4000,0.576626
100,2.0,20,47,9.6000,0.595257
100,2.0,20,48,9.8000,0.590710
100,2.0,20,49,10.0000,0.581206
100,2.0,20,50,10.2000,0.588311
100,2.0,20,51,10.4000,0.603264
100,2.0,20,52,10.6000,0.611670
100,2.0,20,53,10.8000,0.603830
100,2.0,20,54,11.0000,0.595572
100,2.0,20,55,11.2000,0.600991
100,2.0,20,56,11.4000,0.627363
100,2.0,20,57,11.6000,0.644403
100,2.0,20,58,11.8000,0.625145
100,2.0,20,59,12.0000,0.608006
100,2.0,20,60,12.2000,0.587920
100,2.0,20,61,12.4000,0.580666
100,2.0,20,62,12.6000,0.569669
100,2.0,20,63,12.8000,0.549184
100,2.0,20,64,13.0000,0.537476
100,2.0,20,65,13.2000,0.521867
100,2.0,20,66,13.4000,0.513617
100,2.0,20,67,13.6000,0.506327
100,2.0,20,68,13.8000,0.528336
100,2.0,20,69,14.0000,0.543517
100,2.0,20,70,14.2000,0.541200
100,2.0,20,71,14.4000,0.552838
100,2.0,20,72,14.6000,0.566013
100,2.0,20,73,14.8000,0.547793
100,2.0,20,74,15.0000,0.535435
100,2.0,20,75,15.2000,0.521652
100,2.0,20,76,15.4000,0.505136
100,2.0,20,77,15.6000,0.493350
100,2.0,20,78,15.8000,0.477753
100,2.0,20,79,16.0000,0.460405
100,2.0,20,80,16.2000,0.447931
100,2.0,20,81,16.4000,0.436423
100,2.0,20,82,16.6000,0.428430
100,2.0,20,83,16.8000,0.423471
100,2.0,20,84,17.0000,0.415868
100,2.0,20,85,17.2000,0.409137
100,2.0,20,86,17.4000,0.400405
100,2.0,20,87,17.6000,0.397192
100,2.0,20,88,17.8000,0.399394
100,2.0,20,89,18.0000,0.388317
100,2.0,20,90,18.2000,0.379926
100,2.0,20,91,18.4000,0.368689
100,2.0,20,92,18.6000,0.354473
100,2.0,20,93,18.8000,0.347455
100,2.0,20,94,19.0000,0.340895
100,2.0,20,95,19.2000,0.327601
100,2.0,20,96,19.4000,0.316615
100,2.0,20,97,19.6000,0.321950
100,2.0,20,98,19.8000,0.333371
100,2.0,20,99,20.0000,0.337492
100,2.0,30,0,0.2000,7.002307
100,2.0,30,1,0.4000,6.019865
100,2.0,30,2,0.6000,5.716532
100,2.0,30,3,0.8000,4.546605
100,2.0,30,4,1.0000,4.016040
100,2.0,30,5,1.2000,3.794445
100,2.0,30,6,1.4000,3.103539
100,2.0,30,7,1.6000,2.201726
100,2.0,30,8,1.8000,2.064125
100,2.0,30,9,2.0000,0.502181
100,2.0,30,10,2.2000,0.300259
100,2.0,30,11,2.4000,0.297139
100,2.0,30,12,2.6000,0.333087
100,2.0,30,13,2.8000,0.333838
100,2.0,30,14,3.0000,0.321733
100,2.0,30,15,3.2000,0.314663
100,2.0,30,16,3.4000,0.317361
100,2.0,30,17,3.6000,0.337385
100,2.0,30,18,3.8000,0.354306
100,2.0,30,19,4.0000,0.376803
100,2.0,30,20,4.2000,0.409655
100,2.0,30,21,4.4000,0.436069
100,2.0,30,22,4.6000,0.474681
100,2.0,30,23,4.8000,0.490571
100,2.0,30,24,5.0000,0.511745
100,2.0,30,25,5.2000,0.532539
100,2.0,30,26,5.4000,0.508926
100,2.0,30,27,5.6000,0.469007
100,2.0,30,28,5.8000,0.433706
100,2.0,30,29,6.0000,0.387833
100,2.0,30,30,6.2000,0.360324
100,2.0,30,31,6.4000,0.360181
100,2.0,30,32,6.6000,0.356510
100,2.0,30,33,6.8000,0.366789
100,2.0,30,34,7.0000,0.375746
100,2.0,30,35,7.2000,0.388376
100,2.0,30,36,7.4000,0.404426
100,2.0,30,37,7.6000,0.414020
100,2.0,30,38,7.8000,0.430144
100,2.0,30,39,8.0000,0.437316
100,2.0,30,40,8.2000,0.447489
100,2.0,30,41,8.4000,0.455075
100,2.0,30,42,8.6000,0.464542
100,2.0,30,43,8.8000,0.471576
100,2.0,30,44,9.0000,0.452568
100,2.0,30,45,9.2000,0.425899
100,2.0,30,46,9.4000,0.413725
100,2.0,30,47,9.6000,0.395033
100,2.0,30,48,9.8000,0.379057
100,2.0,30,49,10.0000,0.363797
100,2.0,30,50,10.2000,0.337629
100,2.0,30,51,10.4000,0.320071
100,2.0,30,52,10.6000,0.311967
100,2.0,30,53,10.8000,0.319273
100,2.0,30,54,11.0000,0.324104
100,2.0,30,55,11.2000,0.324045
100,2.0,30,56,11.4000,0.330729
100,2.0,30,57,11.6000,0.332570
100,2.0,30,58,11.8000,0.336730
100,2.0,30,59,12.0000,0.339694
100,2.0,30,60,12.2000,0.329500
100,2.0,30,61,12.4000,0.313837
100,2.0,30,62,12.6000,0.296444
100,2.0,30,63,12.8000,0.278926
100,2.0,30,64,13.0000,0.264236
100,2.0,30,65,13.2000,0.252297
100,2.0,30,66,13.4000,0.235530
100,2.0,30,67,13.6000,0.210310
100,2.0,30,68,13.8000,0.194649
100,2.0,30,69,14.0000,0.185673
100,2.0,30,70,14.2000,0.180784
100,2.0,30,71,14.4000,0.182288
100,2.0,30,72,14.6000,0.176237
100,2.0,30,73,14.8000,0.177573
100,2.0,30,74,15.0000,0.179120
100,2.0,30,75,15.2000,0.182228
100,2.0,30,76,15.4000,0.183423
100,2.0,30,77,15.6000,0.178634
100,2.0,30,78,15.8000,0.179919
100,2.0,30,79,16.0000,0.182364
100,2.0,30,80,16.2000,0.179467
100,2.0,30,81,16.4000,0.179691
100,2.0,30,82,16.6000,0.181531
100,2.0,30,83,16.8000,0.184022
100,2.0,30,84,17.0000,0.187892
100,2.0,30,85,17.2000,0.190054
100,2.0,30,86,17.4000,0.195144
100,2.0,30,87,17.6000,0.198695
100,2.0,30,88,17.8000,0.204888
100,2.0,30,89,18.0000,0.212099
100,2.0,30,90,18.2000,0.221253
100,2.0,30,91,18.4000,0.232143
100,2.0,30,92,18.6000,0.226211
100,2.0,30,93,18.8000,0.222376
100,2.0,30,94,19.0000,0.220133
100,2.0,30,95,19.2000,0.219471
100,2.0,30,96,19.4000,0.211268
100,2.0,30,97,19.6000,0.201670
100,2.0,30,98,19.8000,0.196956
100,2.0,30,99,20.0000,0.196634
100,2.0,40,0,0.2000,5.924482
100,2.0,40,1,0.4000,7.751994
100,2.0,40,2,0.6000,7.513664
100,2.0,40,3,0.8000,6.501187
100,2.0,40,4,1.0000,6.292910
100,2.0,40,5,1.2000,6.040061
100,2.0,40,6,1.4000,5.621707
100,2.0,40,7,1.6000,4.963547
100,2.0,40,8,1.8000,4.504451
100,2.0,40,9,2.0000,3.569614
100,2.0,40,10,2.2000,3.517638
100,2.0,40,11,2.4000,3.444047
100,2.0,40,12,2.6000,3.198166
100,2.0,40,13,2.8000,2.908244
100,2.0,40,14,3.0000,2.218167
100,2.0,40,15,3.2000,1.807367
100,2.0,40,16,3.4000,1.727891
100,2.0,40,17,3.6000,1.306627
100,2.0,40,18,3.8000,0.301089
100,2.0,40,19,4.0000,0.282444
100,2.0,40,20,4.2000,0.304731
100,2.0,40,21,4.4000,0.342423
100,2.0,40,22,4.6000,0.341306
100,2.0,40,23,4.8000,0.338324
100,2.0,40,24,5.0000,0.292643
100,2.0,40,25,5.2000,0.291636
100,2.0,40,26,5.4000,0.297928
100,2.0,40,27,5.6000,0.275597
100,2.0,40,28,5.8000,0.222763
100,2.0,40,29,6.0000,0.190121
100,2.0,40,30,6.2000,0.165385
100,2.0,40,31,6.4000,0.149287
100,2.0,40,32,6.6000,0.154571
100,2.0,40,33,6.8000,0.174045
100,2.0,40,34,7.0000,0.173417
100,2.0,40,35,7.2000,0.174501
100,2.0,40,36,7.4000,0.181040
100,2.0,40,37,7.6000,0.130105
100,2.0,40,38,7.8000,0.144878
100,2.0,40,39,8.0000,0.129711
100,2.0,40,40,8.2000,0.103099
100,2.0,40,41,8.4000,0.092691
100,2.0,40,42,8.6000,0.089790
100,2.0,40,43,8.8000,0.108085
100,2.0,40,44,9.0000,0.135107
100,2.0,40,45,9.2000,0.150133
100,2.0,40,46,9.4000,0.173304
100,2.0,40,47,9.6000,0.191006
100,2.0,40,48,9.8000,0.191377
100,2.0,40,49,10.0000,0.183891
100,2.0,40,50,10.2000,0.201108
100,2.0,40,51,10.4000,0.202623
100,2.0,40,52,10.6000,0.185910
100,2.0,40,53,10.8000,0.171366
100,2.0,40,54,11.0000,0.159800
100,2.0,40,55,11.2000,0.169839
100,2.0,40,56,11.4000,0.162008
100,2.0,40,57,11.6000,0.151805
100,2.0,40,58,11.8000,0.164044
100,2.0,40,59,12.0000,0.181628
100,2.0,40,60,12.2000,0.207721
100,2.0,40,61,12.4000,0.220345
100,2.0,40,62,12.6000,0.222369
100,2.0,40,63,12.8000,0.217762
100,2.0,40,64,13.0000,0.208402
100,2.0,40,65,13.2000,0.193800
100,2.0,40,66,13.4000,0.184821
100,2.0,40,67,13.6000,0.174131
100,2.0,40,68,13.8000,0.167104
100,2.0,40,69,14.0000,0.165197
100,2.0,40,70,14.2000,0.157055
100,2.0,40,71,14.4000,0.167488
100,2.0,40,72,14.6000,0.177543
100,2.0,40,73,14.8000,0.183394
100,2.0,40,74,15.0000,0.177367
100,2.0,40,75,15.2000,0.179611
100,2.0,40,76,15.4000,0.174197
100,2.0,40,77,15.6000,0.169065
100,2.0,40,78,15.8000,0.168262
100,2.0,40,79,16.0000,0.176711
100,2.0,40,80,16.2000,0.193004
100,2.0,40,81,16.4000,0.196229
100,2.0,40,82,16.6000,0.204863
100,2.0,40,83,16.8000,0.201545
100,2.0,40,84,17.0000,0.195082
100,2.0,40,85,17.2000,0.185771
100,2.0,40,86,17.4000,0.178666
100,2.0,40,87,17.6000,0.167200
100,2.0,40,88,17.8000,0.159584
100,2.0,40,89,18.0000,0.154909
100,2.0,40,90,18.2000,0.144953
100,2.0,40,91,18.4000,0.132024
100,2.0,40,92,18.6000,0.120082
100,2.0,40,93,18.8000,0.114392
100,2.0,40,94,19.0000,0.108055
100,2.0,40,95,19.2000,0.108484
100,2.0,40,96,19.4000,0.108340
100,2.0,40,97,19.6000,0.105382
100,2.0,40,98,19.8000,0.101236
100,2.0,40,99,20.0000,0.095941
100,2.0,50,0,0.2000,11.139433
100,2.0,50,1,0.4000,9.751637
100,2.0,50,2,0.6000,8.967974
100,2.0,50,3,0.8000,7.848462
100,2.0,50,4,1.0000,7.078127
100,2.0,50,5,1.2000,6.721340
100,2.0,50,6,1.4000,6.603968
100,2.0,50,7,1.6000,6.493973
100,2.0,50,8,1.8000,6.343951
100,2.0,50,9,2.0000,6.297816
100,2.0,50,10,2.2000,6.259148
100,2.0,50,11,2.4000,6.115524
100,2.0,50,12,2.6000,5.484806
100,2.0,50,13,2.8000,5.207678
100,2.0,50,14,3.0000,5.062404
100,2.0,50,15,3.2000,4.968594
100,2.0,50,16,3.4000,4.267846
100,2.0,50,17,3.6000,1.254454
100,2.0,50,18,3.8000,1.052144
100,2.0,50,19,4.0000,0.615920
100,2.0,50,20,4.2000,0.413598
100,2.0,50,21,4.4000,0.397809
100,2.0,50,22,4.6000,0.397028
100,2.0,50,23,4.8000,0.399292
100,2.0,50,24,5.0000,0.379263
100,2.0,50,25,5.2000,0.326496
100,2.0,50,26,5.4000,0.298491
100,2.0,50,27,5.6000,0.297224
100,2.0,50,28,5.8000,0.315161
100,2.0,50,29,6.0000,0.303736
100,2.0,50,30,6.2000,0.260823
100,2.0,50,31,6.4000,0.272474
100,2.0,50,32,6.6000,0.304473
100,2.0,50,33,6.8000,0.336093
100,2.0,50,34,7.0000,0.362032
100,2.0,50,35,7.2000,0.358671
100,2.0,50,36,7.4000,0.340191
100,2.0,50,37,7.6000,0.321369
100,2.0,50,38,7.8000,0.309685
100,2.0,50,39,8.0000,0.298313
100,2.0,50,40,8.2000,0.290553
100,2.0,50,41,8.4000,0.307252
100,2.0,50,42,8.6000,0.322766
100,2.0,50,43,8.8000,0.317374
100,2.0,50,44,9.0000,0.309856
100,2.0,50,45,9.2000,0.303547
100,2.0,50,46,9.4000,0.291418
100,2.0,50,47,9.6000,0.287909
100,2.0,50,48,9.8000,0.288864
100,2.0,50,49,10.0000,0.290313
100,2.0,50,50,10.2000,0.292809
100,2.0,50,51,10.4000,0.281409
100,2.0,50,52,10.6000,0.275143
100,2.0,50,53,10.8000,0.273488
100,2.0,50,54,11.0000,0.261980
100,2.0,50,55,11.2000,0.267790
100,2.0,50,56,11.4000,0.281893
100,2.0,50,57,11.6000,0.297874
100,2.0,50,58,11.8000,0.313112
100,2.0,50,59,12.0000,0.318070
100,2.0,50,60,12.2000,0.315944
100,2.0,50,61,12.4000,0.315870
100,2.0,50,62,12.6000,0.314208
100,2.0,50,63,12.8000,0.315912
100,2.0,50,64,13.0000,0.317050
100,2.0,50,65,13.2000,0.319008
100,2.0,50,66,13.4000,0.322053
100,2.0,50,67,13.6000,0.324895
100,2.0,50,68,13.8000,0.318843
100,2.0,50,69,14.0000,0.305617
100,2.0,50,70,14.2000,0.294959
100,2.0,50,71,14.4000,0.279022
100,2.0,50,72,14.6000,0.267487
100,2.0,50,73,14.8000,0.256617
100,2.0,50,74,15.0000,0.246211
100,2.0,50,75,15.2000,0.238808
100,2.0,50,76,15.4000,0.228635
100,2.0,50,77,15.6000,0.212768
100,2.0,50,78,15.8000,0.202133
100,2.0,50,79,16.0000,0.191621
100,2.0,50,80,16.2000,0.179280
100,2.0,50,81,16.4000,0.187164
100,2.0,50,82,16.6000,0.189779
100,2.0,50,83,16.8000,0.181120
100,2.0,50,84,17.0000,0.182435
100,2.0,50,85,17.2000,0.175960
100,2.0,50,86,17.4000,0.172097
100,2.0,50,87,17.6000,0.166109
100,2.0,50,88,17.8000,0.165947
100,2.0,50,89,18.0000,0.175996
100,2.0,50,90,18.2000,0.185088
100,2.0,50,91,18.4000,0.194267
100,2.0,50,92,18.6000,0.193897
100,2.0,50,93,18.8000,0.189690
100,2.0,50,94,19.0000,0.182017
100,2.0,50,95,19.2000,0.176875
100,2.0,50,96,19.4000,0.170482
100,2.0,50,97,19.6000,0.169984
100,2.0,50,98,19.8000,0.169689
100,2.0,50,99,20.0000,0.170308
100,2.0,60,0,0.2000,5.261218
100,2.0,60,1,0.4000,4.614645
100,2.0,60,2,0.6000,3.703140
100,2.0,60,3,0.8000,2.524695
100,2.0,60,4,1.0000,2.338031
100,2.0,60,5,1.2000,2.087711
100,2.0,60,6,1.4000,1.996945
100,2.0,60,7,1.6000,1.905775
100,2.0,60,8,1.8000,1.819105
100,2.0,60,9,2.0000,1.750581
100,2.0,60,10,2.2000,1.634774
100,2.0,60,11,2.4000,0.530873
100,2.0,60,12,2.6000,0.670864
100,2.0,60,13,2.8000,0.959179
100,2.0,60,14,3.0000,1.060803
100,2.0,60,15,3.2000,0.970293
100,2.0,60,16,3.4000,0.854329
100,2.0,60,17,3.6000,0.760499
100,2.0,60,18,3.8000,0.640677
100,2.0,60,19,4.0000,0.607514
100,2.0,60,20,4.2000,0.521989
100,2.0,60,21,4.4000,0.470148
100,2.0,60,22,4.6000,0.447807
100,2.0,60,23,4.8000,0.439723
100,2.0,60,24,5.0000,0.435556
100,2.0,60,25,5.2000,0.428331
100,2.0,60,26,5.4000,0.429239
100,2.0,60,27,5.6000,0.398922
100,2.0,60,28,5.8000,0.356258
100,2.0,60,29,6.0000,0.347992
100,2.0,60,30,6.2000,0.353912
100,2.0,60,31,6.4000,0.358315
100,2.0,60,32,6.6000,0.359834
100,2.0,60,33,6.8000,0.334907
100,2.0,60,34,7.0000,0.244978
100,2.0,60,35,7.2000,0.205465
100,2.0,60,36,7.4000,0.172005
100,2.0,60,37,7.6000,0.169396
100,2.0,60,38,7.8000,0.160248
100,2.0,60,39,8.0000,0.161383
100,2.0,60,40,8.2000,0.175758
100,2.0,60,41,8.4000,0.195308
100,2.0,60,42,8.6000,0.214813
100,2.0,60,43,8.8000,0.223616
100,2.0,60,44,9.0000,0.219256
100,2.0,60,45,9.2000,0.220962
100,2.0,60,46,9.4000,0.220593
100,2.0,60,47,9.6000,0.209380
100,2.0,60,48,9.8000,0.211813
100,2.0,60,49,10.0000,0.221730
100,2.0,60,50,10.2000,0.230174
100,2.0,60,51,10.4000,0.246351
100,2.0,60,52,10.6000,0.241413
100,2.0,60,53,10.8000,0.234507
100,2.0,60,54,11.0000,0.233224
100,2.0,60,55,11.2000,0.226819
100,2.0,60,56,11.4000,0.214933
100,2.0,60,57,11.6000,0.210575
100,2.0,60,58,11.8000,0.205400
100,2.0,60,59,12.0000,0.200192
100,2.0,60,60,12.2000,0.194795
100,2.0,60,61,12.4000,0.193063
100,2.0,60,62,12.6000,0.191928
100,2.0,60,63,12.8000,0.191481
100,2.0,60,64,13.0000,0.195902
100,2.0,60,65,13.2000,0.201364
100,2.0,60,66,13.4000,0.207452
100,2.0,60,67,13.6000,0.214609
100,2.0,60,68,13.8000,0.217893
100,2.0,60,69,14.0000,0.223700
100,2.0,60,70,14.2000,0.229856
100,2.0,60,71,14.4000,0.214830
100,2.0,60,72,14.6000,0.202547
100,2.0,60,73,14.8000,0.210906
100,2.0,60,74,15.0000,0.220767
100,2.0,60,75,15.2000,0.225202
100,2.0,60,76,15.4000,0.233297
100,2.0,60,77,15.6000,0.241009
100,2.0,60,78,15.8000,0.253880
100,2.0,60,79,16.0000,0.265433
100,2.0,60,80,16.2000,0.272507
100,2.0,60,81,16.4000,0.276373
100,2.0,60,82,16.6000,0.283011
100,2.0,60,83,16.8000,0.265872
100,2.0,60,84,17.0000,0.256114
100,2.0,60,85,17.2000,0.240051
100,2.0,60,86,17.4000,0.227935
100,2.0,60,87,17.6000,0.223327
100,2.0,60,88,17.8000,0.228530
100,2.0,60,89,18.0000,0.228561
100,2.0,60,90,18.2000,0.234080
100,2.0,60,91,18.4000,0.239897
100,2.0,60,92,18.6000,0.247525
100,2.0,60,93,18.8000,0.236413
100,2.0,60,94,19.0000,0.232587
100,2.0,60,95,19.2000,0.243203
100,2.0,60,96,19.4000,0.245894
100,2.0,60,97,19.6000,0.234641
100,2.0,60,98,19.8000,0.224599
100,2.0,60,99,20.0000,0.216766
100,2.0,70,0,0.2000,6.988359
100,2.0,70,1,0.4000,6.288971
100,2.0,70,2,0.6000,5.709672
100,2.0,70,3,0.8000,5.205469
100,2.0,70,4,1.0000,4.949966
100,2.0,70,5,1.2000,4.410598
100,2.0,70,6,1.4000,4.133727
100,2.0,70,7,1.6000,4.063352
100,2.0,70,8,1.8000,3.985584
100,2.0,70,9,2.0000,3.892068
100,2.0,70,10,2.2000,3.705074
100,2.0,70,11,2.4000,3.192236
100,2.0,70,12,2.6000,2.765885
100,2.0,70,13,2.8000,2.526162
100,2.0,70,14,3.0000,1.284734
100,2.0,70,15,3.2000,1.174503
100,2.0,70,16,3.4000,1.129418
100,2.0,70,17,3.6000,0.995689
100,2.0,70,18,3.8000,0.838019
100,2.0,70,19,4.0000,0.793628
100,2.0,70,20,4.2000,0.767110
100,2.0,70,21,4.4000,0.730892
100,2.0,70,22,4.6000,0.707760
100,2.0,70,23,4.8000,0.693211
100,2.0,70,24,5.0000,0.680293
100,2.0,70,25,5.2000,0.605180
100,2.0,70,26,5.4000,0.536610
100,2.0,70,27,5.6000,0.326656
100,2.0,70,28,5.8000,0.181426
100,2.0,70,29,6.0000,0.185082
100,2.0,70,30,6.2000,0.246633
100,2.0,70,31,6.4000,0.284747
100,2.0,70,32,6.6000,0.239924
100,2.0,70,33,6.8000,0.200390
100,2.0,70,34,7.0000,0.205598
100,2.0,70,35,7.2000,0.225846
100,2.0,70,36,7.4000,0.258474
100,2.0,70,37,7.6000,0.256459
100,2.0,70,38,7.8000,0.229191
100,2.0,70,39,8.0000,0.221965
100,2.0,70,40,8.2000,0.184429
100,2.0,70,41,8.4000,0.162586
100,2.0,70,42,8.6000,0.156364
100,2.0,70,43,8.8000,0.157569
100,2.0,70,44,9.0000,0.137855
100,2.0,70,45,9.2000,0.145792
100,2.0,70,46,9.4000,0.158207
100,2.0,70,47,9.6000,0.184169
100,2.0,70,48,9.8000,0.201826
100,2.0,70,49,10.0000,0.194747
100,2.0,70,50,10.2000,0.184353
100,2.0,70,51,10.4000,0.178453
100,2.0,70,52,10.6000,0.186101
100,2.0,70,53,10.8000,0.193011
100,2.0,70,54,11.0000,0.185411
100,2.0,70,55,11.2000,0.183031
100,2.0,70,56,11.4000,0.187996
100,2.0,70,57,11.6000,0.180242
100,2.0,70,58,11.8000,0.190281
100,2.0,70,59,12.0000,0.182377
100,2.0,70,60,12.2000,0.165332
100,2.0,70,61,12.4000,0.172644
100,2.0,70,62,12.6000,0.176876
100,2.0,70,63,12.8000,0.169322
100,2.0,70,64,13.0000,0.158996
100,2.0,70,65,13.2000,0.156319
100,2.0,70,66,13.4000,0.149928
100,2.0,70,67,13.6000,0.150643
100,2.0,70,68,13.8000,0.145834
100,2.0,70,69,14.0000,0.145630
100,2.0,70,70,14.2000,0.142251
100,2.0,70,71,14.4000,0.138243
100,2.0,70,72,14.6000,0.142057
100,2.0,70,73,14.8000,0.140975
100,2.0,70,74,15.0000,0.136515
100,2.0,70,75,15.2000,0.138294
100,2.0,70,76,15.4000,0.136056
100,2.0,70,77,15.6000,0.141008
100,2.0,70,78,15.8000,0.144055
100,2.0,70,79,16.0000,0.150398
100,2.0,70,80,16.2000,0.158812
100,2.0,70,81,16.4000,0.163296
100,2.0,70,82,16.6000,0.167985
100,2.0,70,83,16.8000,0.161608
100,2.0,70,84,17.0000,0.155120
100,2.0,70,85,17.2000,0.149825
100,2.0,70,86,17.4000,0.146043
100,2.0,70,87,17.6000,0.148250
100,2.0,70,88,17.8000,0.148102
100,2.0,70,89,18.0000,0.151387
100,2.0,70,90,18.2000,0.152184
100,2.0,70,91,18.4000,0.154041
100,2.0,70,92,18.6000,0.157507
100,2.0,70,93,18.8000,0.160649
100,2.0,70,94,19.0000,0.166531
100,2.0,70,95,19.2000,0.168581
100,2.0,70,96,19.4000,0.170837
100,2.0,70,97,19.6000,0.178928
100,2.0,70,98,19.8000,0.173438
100,2.0,70,99,20.0000,0.164967
100,2.0,80,0,0.2000,6.440668
100,2.0,80,1,0.4000,5.749722
100,2.0,80,2,0.6000,5.175186
100,2.0,80,3,0.8000,4.521422
100,2.0,80,4,1.0000,4.205571
100,2.0,80,5,1.2000,3.828075
100,2.0,80,6,1.4000,2.386579
100,2.0,80,7,1.6000,1.978285
100,2.0,80,8,1.8000,0.501850
100,2.0,80,9,2.0000,0.460727
100,2.0,80,10,2.2000,0.345764
100,2.0,80,11,2.4000,0.293771
100,2.0,80,12,2.6000,0.274501
100,2.0,80,13,2.8000,0.283918
100,2.0,80,14,3.0000,0.338410
100,2.0,80,15,3.2000,0.257999
100,2.0,80,16,3.4000,0.221028
100,2.0,80,17,3.6000,0.203703
100,2.0,80,18,3.8000,0.230804
100,2.0,80,19,4.0000,0.266405
100,2.0,80,20,4.2000,0.285671
100,2.0,80,21,4.4000,0.311461
100,2.0,80,22,4.6000,0.346245
100,2.0,80,23,4.8000,0.383632
100,2.0,80,24,5.0000,0.417082
100,2.0,80,25,5.2000,0.400200
100,2.0,80,26,5.4000,0.322102
100,2.0,80,27,5.6000,0.253351
100,2.0,80,28,5.8000,0.226914
100,2.0,80,29,6.0000,0.183628
100,2.0,80,30,6.2000,0.217973
100,2.0,80,31,6.4000,0.236186
100,2.0,80,32,6.6000,0.254213
100,2.0,80,33,6.8000,0.274896
100,2.0,80,34,7.0000,0.298053
100,2.0,80,35,7.2000,0.320592
100,2.0,80,36,7.4000,0.326175
100,2.0,80,37,7.6000,0.327014
100,2.0,80,38,7.8000,0.327193
100,2.0,80,39,8.0000,0.360426
100,2.0,80,40,8.2000,0.379527
100,2.0,80,41,8.4000,0.408865
100,2.0,80,42,8.6000,0.415220
100,2.0,80,43,8.8000,0.398420
100,2.0,80,44,9.0000,0.371801
100,2.0,80,45,9.2000,0.357319
100,2.0,80,46,9.4000,0.337516
100,2.0,80,47,9.6000,0.320640
100,2.0,80,48,9.8000,0.305542
100,2.0,80,49,10.0000,0.316324
100,2.0,80,50,10.2000,0.330917
100,2.0,80,51,10.4000,0.345998
100,2.0,80,52,10.6000,0.373702
100,2.0,80,53,10.8000,0.389722
100,2.0,80,54,11.0000,0.407227
100,2.0,80,55,11.2000,0.432849
100,2.0,80,56,11.4000,0.416318
100,2.0,80,57,11.6000,0.400095
100,2.0,80,58,11.8000,0.383784
100,2.0,80,59,12.0000,0.370351
100,2.0,80,60,12.2000,0.359719
100,2.0,80,61,12.4000,0.347324
100,2.0,80,62,12.6000,0.343783
100,2.0,80,63,12.8000,0.358621
100,2.0,80,64,13.0000,0.383096
100,2.0,80,65,13.2000,0.385194
100,2.0,80,66,13.4000,0.380014
100,2.0,80,67,13.6000,0.366115
100,2.0,80,68,13.8000,0.359542
100,2.0,80,69,14.0000,0.347827
100,2.0,80,70,14.2000,0.335910
100,2.0,80,71,14.4000,0.338363
100,2.0,80,72,14.6000,0.329386
100,2.0,80,73,14.8000,0.313558
100,2.0,80,74,15.0000,0.302529
100,2.0,80,75,15.2000,0.293123
100,2.0,80,76,15.4000,0.280569
100,2.0,80,77,15.6000,0.287815
100,2.0,80,78,15.8000,0.305203
100,2.0,80,79,16.0000,0.314972
100,2.0,80,80,16.2000,0.329326
100,2.0,80,81,16.4000,0.331075
100,2.0,80,82,16.6000,0.318943
100,2.0,80,83,16.8000,0.321428
100,2.0,80,84,17.0000,0.312246
100,2.0,80,85,17.2000,0.303560
100,2.0,80,86,17.4000,0.291193
100,2.0,80,87,17.6000,0.285409
100,2.0,80,88,17.8000,0.279209
100,2.0,80,89,18.0000,0.273526
100,2.0,80,90,18.2000,0.272308
100,2.0,80,91,18.4000,0.277031
100,2.0,80,92,18.6000,0.280038
100,2.0,80,93,18.8000,0.272416
100,2.0,80,94,19.0000,0.261847
100,2.0,80,95,19.2000,0.254022
100,2.0,80,96,19.4000,0.243007
100,2.0,80,97,19.6000,0.239307
100,2.0,80,98,19.8000,0.253221
100,2.0,80,99,20.0000,0.259607
100,2.0,90,0,0.2000,1.587837
100,2.0,90,1,0.4000,2.193162
100,2.0,90,2,0.6000,1.471058
100,2.0,90,3,0.8000,0.970820
100,2.0,90,4,1.0000,0.794031
100,2.0,90,5,1.2000,0.514651
100,2.0,90,6,1.4000,0.811898
100,2.0,90,7,1.6000,0.548032
100,2.0,90,8,1.8000,0.336914
100,2.0,90,9,2.0000,0.284334
100,2.0,90,10,2.2000,0.285027
100,2.0,90,11,2.4000,0.307307
100,2.0,90,12,2.6000,0.374781
100,2.0,90,13,2.8000,0.404124
100,2.0,90,14,3.0000,0.431134
100,2.0,90,15,3.2000,0.488701
100,2.0,90,16,3.4000,0.427504
100,2.0,90,17,3.6000,0.362250
100,2.0,90,18,3.8000,0.338648
100,2.0,90,19,4.0000,0.334270
100,2.0,90,20,4.2000,0.306107
100,2.0,90,21,4.4000,0.314054
100,2.0,90,22,4.6000,0.326833
100,2.0,90,23,4.8000,0.356276
100,2.0,90,24,5.0000,0.403782
100,2.0,90,25,5.2000,0.471274
100,2.0,90,26,5.4000,0.510889
100,2.0,90,27,5.6000,0.478621
100,2.0,90,28,5.8000,0.452501
100,2.0,90,29,6.0000,0.446325
100,2.0,90,30,6.2000,0.424650
100,2.0,90,31,6.4000,0.429534
100,2.0,90,32,6.6000,0.414163
100,2.0,90,33,6.8000,0.379293
100,2.0,90,34,7.0000,0.346637
100,2.0,90,35,7.2000,0.358334
100,2.0,90,36,7.4000,0.369470
100,2.0,90,37,7.6000,0.344141
100,2.0,90,38,7.8000,0.313407
100,2.0,90,39,8.0000,0.311682
100,2.0,90,40,8.2000,0.294304
100,2.0,90,41,8.4000,0.267444
100,2.0,90,42,8.6000,0.261256
100,2.0,90,43,8.8000,0.241269
100,2.0,90,44,9.0000,0.227803
100,2.0,90,45,9.2000,0.207839
100,2.0,90,46,9.4000,0.200213
100,2.0,90,47,9.6000,0.202918
100,2.0,90,48,9.8000,0.205456
100,2.0,90,49,10.0000,0.209320
100,2.0,90,50,10.2000,0.217784
100,2.0,90,51,10.4000,0.211555
100,2.0,90,52,10.6000,0.201171
100,2.0,90,53,10.8000,0.175555
100,2.0,90,54,11.0000,0.162034
100,2.0,90,55,11.2000,0.170224
100,2.0,90,56,11.4000,0.160387
100,2.0,90,57,11.6000,0.137571
100,2.0,90,58,11.8000,0.141004
100,2.0,90,59,12.0000,0.156245
100,2.0,90,60,12.2000,0.167125
100,2.0,90,61,12.4000,0.172457
100,2.0,90,62,12.6000,0.151688
100,2.0,90,63,12.8000,0.136416
100,2.0,90,64,13.0000,0.136029
100,2.0,90,65,13.2000,0.122444
100,2.0,90,66,13.4000,0.111702
100,2.0,90,67,13.6000,0.100266
100,2.0,90,68,13.8000,0.093917
100,2.0,90,69,14.0000,0.089186
100,2.0,90,70,14.2000,0.085737
100,2.0,90,71,14.4000,0.090944
100,2.0,90,72,14.6000,0.101472
100,2.0,90,73,14.8000,0.109875
100,2.0,90,74,15.0000,0.120976
100,2.0,90,75,15.2000,0.134498
100,2.0,90,76,15.4000,0.144483
100,2.0,90,77,15.6000,0.139360
100,2.0,90,78,15.8000,0.130765
100,2.0,90,79,16.0000,0.131394
100,2.0,90,80,16.2000,0.128654
100,2.0,90,81,16.4000,0.131213
100,2.0,90,82,16.6000,0.130587
100,2.0,90,83,16.8000,0.137220
100,2.0,90,84,17.0000,0.141158
100,2.0,90,85,17.2000,0.147227
100,2.0,90,86,17.4000,0.141671
100,2.0,90,87,17.6000,0.146715
100,2.0,90,88,17.8000,0.148085
100,2.0,90,89,18.0000,0.146261
100,2.0,90,90,18.2000,0.135888
100,2.0,90,91,18.4000,0.124396
100,2.0,90,92,18.6000,0.114507
100,2.0,90,93,18.8000,0.108081
100,2.0,90,94,19.0000,0.099259
100,2.0,90,95,19.2000,0.091875
100,2.0,90,96,19.4000,0.082942
100,2.0,90,97,19.6000,0.079478
100,2.0,90,98,19.8000,0.080202
100,2.0,90,99,20.0000,0.079200
2000,0.01,10,0,0.2000,3.720889
2000,0.01,10,1,0.4000,10.395753
2000,0.01,10,2,0.6000,2.279248
2000,0.01,10,3,0.8000,2.819883
2000,0.01,10,4,1.0000,1.895921
2000,0.01,10,5,1.2000,1.890173
2000,0.01,10,6,1.4000,1.846115
2000,0.01,10,7,1.6000,2.639639
2000,0.01,10,8,1.8000,2.133402
2000,0.01,10,9,2.0000,2.124495
2000,0.01,10,10,2.2000,2.092620
2000,0.01,10,11,2.4000,2.185075
2000,0.01,10,12,2.6000,0.425638
2000,0.01,10,13,2.8000,0.463197
2000,0.01,10,14,3.0000,0.398760
2000,0.01,10,15,3.2000,0.425781
2000,0.01,10,16,3.4000,0.381552
2000,0.01,10,17,3.6000,0.328481
2000,0.01,10,18,3.8000,0.324189
2000,0.01,10,19,4.0000,0.312565
2000,0.01,10,20,4.2000,0.339736
2000,0.01,10,21,4.4000,0.309329
2000,0.01,10,22,4.6000,0.304495
2000,0.01,10,23,4.8000,0.336802
2000,0.01,10,24,5.0000,0.377413
2000,0.01,10,25,5.2000,0.351681
2000,0.01,10,26,5.4000,0.350736
2000,0.01,10,27,5.6000,0.343983
2000,0.01,10,28,5.8000,0.344610
2000,0.01,10,29,6.0000,0.348806
2000,0.01,10,30,6.2000,0.350533
2000,0.01,10,31,6.4000,0.350373
2000,0.01,10,32,6.6000,0.348901
2000,0.01,10,33,6.8000,0.334131
2000,0.01,10,34,7.0000,0.336321
2000,0.01,10,35,7.2000,0.326173
2000,0.01,10,36,7.4000,0.314759
2000,0.01,10,37,7.6000,0.309914
2000,0.01,10,38,7.8000,0.307012
2000,0.01,10,39,8.0000,0.307472
2000,0.01,10,40,8.2000,0.306088
2000,0.01,10,41,8.4000,0.315514
2000,0.01,10,42,8.6000,0.314072
2000,0.01,10,43,8.8000,0.312498
2000,0.01,10,44,9.0000,0.271302
2000,0.01,10,45,9.2000,0.291352
2000,0.01,10,46,9.4000,0.262056
2000,0.01,10,47,9.6000,0.255109
2000,0.01,10,48,9.8000,0.251874
2000,0.01,10,49,10.0000,0.258236
2000,0.01,10,50,10.2000,0.238240
2000,0.01,10,51,10.4000,0.235656
2000,0.01,10,52,10.6000,0.243851
2000,0.01,10,53,10.8000,0.240169
2000,0.01,10,54,11.0000,0.234979
2000,0.01,10,55,11.2000,0.228588
2000,0.01,10,56,11.4000,0.230941
2000,0.01,10,57,11.6000,0.231506
2000,0.01,10,58,11.8000,0.228806
2000,0.01,10,59,12.0000,0.228069
2000,0.01,10,60,12.2000,0.226645
2000,0.01,10,61,12.4000,0.237428
2000,0.01,10,62,12.6000,0.269006
2000,0.01,10,63,12.8000,0.276526
2000,0.01,10,64,13.0000,0.270058
2000,0.01,10,65,13.2000,0.272450
2000,0.01,10,66,13.4000,0.268699
2000,0.01,10,67,13.6000,0.260140
2000,0.01,10,68,13.8000,0.254917
2000,0.01,10,69,14.0000,0.257636
2000,0.01,10,70,14.2000,0.270317
2000,0.01,10,71,14.4000,0.259869
2000,0.01,10,72,14.6000,0.265111
2000,0.01,10,73,14.8000,0.260480
2000,0.01,10,74,15.0000,0.248742
2000,0.01,10,75,15.2000,0.235547
2000,0.01,10,76,15.4000,0.256185
2000,0.01,10,77,15.6000,0.266300
2000,0.01,10,78,15.8000,0.272932
2000,0.01,10,79,16.0000,0.273756
2000,0.01,10,80,16.2000,0.272705
2000,0.01,10,81,16.4000,0.267779
2000,0.01,10,82,16.6000,0.255529
2000,0.01,10,83,16.8000,0.250477
2000,0.01,10,84,17.0000,0.235170
2000,0.01,10,85,17.2000,0.238287
2000,0.01,10,86,17.4000,0.237197
2000,0.01,10,87,17.6000,0.238974
2000,0.01,10,88,17.8000,0.241077
2000,0.01,10,89,18.0000,0.239893
2000,0.01,10,90,18.2000,0.239371
2000,0.01,10,91,18.4000,0.239508
2000,0.01,10,92,18.6000,0.235893
2000,0.01,10,93,18.8000,0.236187
2000,0.01,10,94,19.0000,0.248063
2000,0.01,10,95,19.2000,0.248702
2000,0.01,10,96,19.4000,0.250850
2000,0.01,10,97,19.6000,0.251949
2000,0.01,10,98,19.8000,0.241747
2000,0.01,10,99,20.0000,0.237000
2000,0.01,100,0,0.2000,8.667727
2000,0.01,100,1,0.4000,8.609722
2000,0.01,100,2,0.6000,8.483460
2000,0.01,100,3,0.8000,3.571669
2000,0.01,100,4,1.0000,2.807932
2000,0.01,100,5,1.2000,2.802561
2000,0.01,100,6,1.4000,2.800858
2000,0.01,100,7,1.6000,2.799586
2000,0.01,100,8,1.8000,2.801829
2000,0.01,100,9,2.0000,2.862611
2000,0.01,100,10,2.2000,3.387125
2000,0.01,100,11,2.4000,0.836942
2000,0.01,100,12,2.6000,1.122653
2000,0.01,100,13,2.8000,0.438170
2000,0.01,100,14,3.0000,0.411604
2000,0.01,100,15,3.2000,0.358305
2000,0.01,100,16,3.4000,0.371613
2000,0.01,100,17,3.6000,0.454246
2000,0.01,100,18,3.8000,0.454988
2000,0.01,100,19,4.0000,0.454614
2000,0.01,100,20,4.2000,0.471486
2000,0.01,100,21,4.4000,0.471539
2000,0.01,100,22,4.6000,0.463406
2000,0.01,100,23,4.8000,0.322783
2000,0.01,100,24,5.0000,0.375513
2000,0.01,100,25,5.2000,0.311658
2000,0.01,100,26,5.4000,0.316436
2000,0.01,100,27,5.6000,0.317542
2000,0.01,100,28,5.8000,0.317656
2000,0.01,100,29,6.0000,0.312794
2000,0.01,100,30,6.2000,0.295444
2000,0.01,100,31,6.4000,0.292157
2000,0.01,100,32,6.6000,0.291104
2000,0.01,100,33,6.8000,0.289045
2000,0.01,100,34,7.0000,0.294519
2000,0.01,100,35,7.2000,0.287292
2000,0.01,100,36,7.4000,0.276499
2000,0.01,100,37,7.6000,0.276221
2000,0.01,100,38,7.8000,0.286170
2000,0.01,100,39,8.0000,0.244127
2000,0.01,100,40,8.2000,0.224876
2000,0.01,100,41,8.4000,0.225826
2000,0.01,100,42,8.6000,0.208058
2000,0.01,100,43,8.8000,0.189466
2000,0.01,100,44,9.0000,0.175290
2000,0.01,100,45,9.2000,0.196090
2000,0.01,100,46,9.4000,0.208438
2000,0.01,100,47,9.6000,0.195090
2000,0.01,100,48,9.8000,0.195734
2000,0.01,100,49,10.0000,0.210013
2000,0.01,100,50,10.2000,0.204956
2000,0.01,100,51,10.4000,0.199116
2000,0.01,100,52,10.6000,0.224362
2000,0.01,100,53,10.8000,0.221829
2000,0.01,100,54,11.0000,0.206932
2000,0.01,100,55,11.2000,0.191068
2000,0.01,100,56,11.4000,0.191105
2000,0.01,100,57,11.6000,0.205183
2000,0.01,100,58,11.8000,0.206446
2000,0.01,100,59,12.0000,0.208361
2000,0.01,100,60,12.2000,0.209252
2000,0.01,100,61,12.4000,0.208402
2000,0.01,100,62,12.6000,0.211323
2000,0.01,100,63,12.8000,0.219918
2000,0.01,100,64,13.0000,0.220900
2000,0.01,100,65,13.2000,0.209077
2000,0.01,100,66,13.4000,0.204811
2000,0.01,100,67,13.6000,0.176932
2000,0.01,100,68,13.8000,0.167426
2000,0.01,100,69,14.0000,0.159148
2000,0.01,100,70,14.2000,0.157514
2000,0.01,100,71,14.4000,0.154191
2000,0.01,100,72,14.6000,0.151568
2000,0.01,100,73,14.8000,0.146985
2000,0.01,100,74,15.0000,0.153999
2000,0.01,100,75,15.2000,0.153386
2000,0.01,100,76,15.4000,0.146936
2000,0.01,100,77,15.6000,0.161227
2000,0.01,100,78,15.8000,0.172079
2000,0.01,100,79,16.0000,0.157624
2000,0.01,100,80,16.2000,0.153205
2000,0.01,100,81,16.4000,0.148861
2000,0.01,100,82,16.6000,0.159738
2000,0.01,100,83,16.8000,0.156987
2000,0.01,100,84,17.0000,0.150603
2000,0.01,100,85,17.2000,0.140723
2000,0.01,100,86,17.4000,0.148422
2000,0.01,100,87,17.6000,0.142674
2000,0.01,100,88,17.8000,0.139478
2000,0.01,100,89,18.0000,0.143280
2000,0.01,100,90,18.2000,0.161181
2000,0.01,100,91,18.4000,0.170984
2000,0.01,100,92,18.6000,0.179678
2000,0.01,100,93,18.8000,0.177195
2000,0.01,100,94,19.0000,0.171415
2000,0.01,100,95,19.2000,0.176476
2000,0.01,100,96,19.4000,0.178503
2000,0.01,100,97,19.6000,0.180160
2000,0.01,100,98,19.8000,0.198081
2000,0.01,100,99,20.0000,0.194030
2000,0.01,20,0,0.2000,3.325694
2000,0.01,20,1,0.4000,3.694363
2000,0.01,20,2,0.6000,3.787731
2000,0.01,20,3,0.8000,2.602037
2000,0.01,20,4,1.0000,2.299728
2000,0.01,20,5,1.2000,2.008638
2000,0.01,20,6,1.4000,2.031360
2000,0.01,20,7,1.6000,2.368502
2000,0.01,20,8,1.8000,2.127544
2000,0.01,20,9,2.0000,1.032798
2000,0.01,20,10,2.2000,6.339041
2000,0.01,20,11,2.4000,0.461151
2000,0.01,20,12,2.6000,0.389491
2000,0.01,20,13,2.8000,0.398923
2000,0.01,20,14,3.0000,0.525404
2000,0.01,20,15,3.2000,0.457012
2000,0.01,20,16,3.4000,0.336636
2000,0.01,20,17,3.6000,0.271066
2000,0.01,20,18,3.8000,0.291724
2000,0.01,20,19,4.0000,0.237927
2000,0.01,20,20,4.2000,0.218874
2000,0.01,20,21,4.4000,0.262832
2000,0.01,20,22,4.6000,0.344833
2000,0.01,20,23,4.8000,0.359885
2000,0.01,20,24,5.0000,0.327734
2000,0.01,20,25,5.2000,0.352202
2000,0.01,20,26,5.4000,0.300578
2000,0.01,20,27,5.6000,0.283137
2000,0.01,20,28,5.8000,0.332974
2000,0.01,20,29,6.0000,0.422769
2000,0.01,20,30,6.2000,0.450124
2000,0.01,20,31,6.4000,0.440721
2000,0.01,20,32,6.6000,0.446326
2000,0.01,20,33,6.8000,0.470149
2000,0.01,20,34,7.0000,0.365555
2000,0.01,20,35,7.2000,0.365632
2000,0.01,20,36,7.4000,0.332512
2000,0.01,20,37,7.6000,0.343556
2000,0.01,20,38,7.8000,0.338912
2000,0.01,20,39,8.0000,0.331167
2000,0.01,20,40,8.2000,0.315235
2000,0.01,20,41,8.4000,0.275606
2000,0.01,20,42,8.6000,0.250990
2000,0.01,20,43,8.8000,0.236730
2000,0.01,20,44,9.0000,0.225589
2000,0.01,20,45,9.2000,0.224901
2000,0.01,20,46,9.4000,0.223668
2000,0.01,20,47,9.6000,0.238116
2000,0.01,20,48,9.8000,0.234519
2000,0.01,20,49,10.0000,0.232527
2000,0.01,20,50,10.2000,0.228008
2000,0.01,20,51,10.4000,0.224592
2000,0.01,20,52,10.6000,0.241993
2000,0.01,20,53,10.8000,0.243134
2000,0.01,20,54,11.0000,0.246183
2000,0.01,20,55,11.2000,0.233346
2000,0.01,20,56,11.4000,0.242037
2000,0.01,20,57,11.6000,0.242090
2000,0.01,20,58,11.8000,0.233443
2000,0.01,20,59,12.0000,0.247138
2000,0.01,20,60,12.2000,0.242392
2000,0.01,20,61,12.4000,0.233092
2000,0.01,20,62,12.6000,0.238412
2000,0.01,20,63,12.8000,0.258796
2000,0.01,20,64,13.0000,0.252662
2000,0.01,20,65,13.2000,0.265774
2000,0.01,20,66,13.4000,0.263153
2000,0.01,20,67,13.6000,0.282872
2000,0.01,20,68,13.8000,0.295863
2000,0.01,20,69,14.0000,0.273885
2000,0.01,20,70,14.2000,0.278521
2000,0.01,20,71,14.4000,0.282126
2000,0.01,20,72,14.6000,0.277351
2000,0.01,20,73,14.8000,0.269837
2000,0.01,20,74,15.0000,0.263876
2000,0.01,20,75,15.2000,0.259625
2000,0.01,20,76,15.4000,0.245687
2000,0.01,20,77,15.6000,0.236822
2000,0.01,20,78,15.8000,0.232317
2000,0.01,20,79,16.0000,0.231986
2000,0.01,20,80,16.2000,0.228600
2000,0.01,20,81,16.4000,0.225926
2000,0.01,20,82,16.6000,0.246732
2000,0.01,20,83,16.8000,0.270001
2000,0.01,20,84,17.0000,0.242461
2000,0.01,20,85,17.2000,0.240995
2000,0.01,20,86,17.4000,0.223626
2000,0.01,20,87,17.6000,0.219139
2000,0.01,20,88,17.8000,0.230983
2000,0.01,20,89,18.0000,0.228852
2000,0.01,20,90,18.2000,0.226512
2000,0.01,20,91,18.4000,0.211704
2000,0.01,20,92,18.6000,0.208762
2000,0.01,20,93,18.8000,0.196327
2000,0.01,20,94,19.0000,0.192284
2000,0.01,20,95,19.2000,0.190867
2000,0.01,20,96,19.4000,0.189217
2000,0.01,20,97,19.6000,0.184607
2000,0.01,20,98,19.8000,0.183748
2000,0.01,20,99,20.0000,0.180733
2000,0.01,30,0,0.2000,4.896202
2000,0.01,30,1,0.4000,2.609745
2000,0.01,30,2,0.6000,2.585077
2000,0.01,30,3,0.8000,3.672946
2000,0.01,30,4,1.0000,2.948801
2000,0.01,30,5,1.2000,2.792443
2000,0.01,30,6,1.4000,3.037752
2000,0.01,30,7,1.6000,3.040198
2000,0.01,30,8,1.8000,3.067574
2000,0.01,30,9,2.0000,1.496796
2000,0.01,30,10,2.2000,1.528155
2000,0.01,30,11,2.4000,1.085020
2000,0.01,30,12,2.6000,1.023740
2000,0.01,30,13,2.8000,0.829518
2000,0.01,30,14,3.0000,0.816386
2000,0.01,30,15,3.2000,0.804207
2000,0.01,30,16,3.4000,0.481758
2000,0.01,30,17,3.6000,0.406939
2000,0.01,30,18,3.8000,0.396812
2000,0.01,30,19,4.0000,0.359372
2000,0.01,30,20,4.2000,0.363228
2000,0.01,30,21,4.4000,0.352296
2000,0.01,30,22,4.6000,0.346837
2000,0.01,30,23,4.8000,0.350126
2000,0.01,30,24,5.0000,0.349146
2000,0.01,30,25,5.2000,0.345703
2000,0.01,30,26,5.4000,0.356372
2000,0.01,30,27,5.6000,0.338528
2000,0.01,30,28,5.8000,0.342880
2000,0.01,30,29,6.0000,0.342676
2000,0.01,30,30,6.2000,0.333156
2000,0.01,30,31,6.4000,0.329600
2000,0.01,30,32,6.6000,0.324442
2000,0.01,30,33,6.8000,0.328800
2000,0.01,30,34,7.0000,0.302987
2000,0.01,30,35,7.2000,0.257261
2000,0.01,30,36,7.4000,0.254718
2000,0.01,30,37,7.6000,0.250659
2000,0.01,30,38,7.8000,0.244943
2000,0.01,30,39,8.0000,0.268654
2000,0.01,30,40,8.2000,0.267877
2000,0.01,30,41,8.4000,0.263604
2000,0.01,30,42,8.6000,0.261435
2000,0.01,30,43,8.8000,0.259444
2000,0.01,30,44,9.0000,0.258987
2000,0.01,30,45,9.2000,0.258763
2000,0.01,30,46,9.4000,0.258887
2000,0.01,30,47,9.6000,0.258204
2000,0.01,30,48,9.8000,0.258492
2000,0.01,30,49,10.0000,0.256331
2000,0.01,30,50,10.2000,0.256930
2000,0.01,30,51,10.4000,0.258047
2000,0.01,30,52,10.6000,0.256369
2000,0.01,30,53,10.8000,0.255724
2000,0.01,30,54,11.0000,0.252319
2000,0.01,30,55,11.2000,0.252423
2000,0.01,30,56,11.4000,0.252309
2000,0.01,30,57,11.6000,0.252562
2000,0.01,30,58,11.8000,0.252746
2000,0.01,30,59,12.0000,0.252837
2000,0.01,30,60,12.2000,0.256615
2000,0.01,30,61,12.4000,0.246091
2000,0.01,30,62,12.6000,0.246470
2000,0.01,30,63,12.8000,0.246716
2000,0.01,30,64,13.0000,0.246726
2000,0.01,30,65,13.2000,0.246728
2000,0.01,30,66,13.4000,0.246851
2000,0.01,30,67,13.6000,0.245261
2000,0.01,30,68,13.8000,0.247192
2000,0.01,30,69,14.0000,0.305568
2000,0.01,30,70,14.2000,0.199380
2000,0.01,30,71,14.4000,0.188861
2000,0.01,30,72,14.6000,0.207647
2000,0.01,30,73,14.8000,0.176440
2000,0.01,30,74,15.0000,0.174695
2000,0.01,30,75,15.2000,0.203591
2000,0.01,30,76,15.4000,0.203190
2000,0.01,30,77,15.6000,0.215728
2000,0.01,30,78,15.8000,0.206870
2000,0.01,30,79,16.0000,0.216733
2000,0.01,30,80,16.2000,0.232002
2000,0.01,30,81,16.4000,0.215542
2000,0.01,30,82,16.6000,0.206446
2000,0.01,30,83,16.8000,0.188918
2000,0.01,30,84,17.0000,0.176369
2000,0.01,30,85,17.2000,0.181349
2000,0.01,30,86,17.4000,0.178851
2000,0.01,30,87,17.6000,0.180168
2000,0.01,30,88,17.8000,0.177157
2000,0.01,30,89,18.0000,0.154784
2000,0.01,30,90,18.2000,0.171085
2000,0.01,30,91,18.4000,0.172045
2000,0.01,30,92,18.6000,0.158563
2000,0.01,30,93,18.8000,0.146121
2000,0.01,30,94,19.0000,0.117507
2000,0.01,30,95,19.2000,0.104326
2000,0.01,30,96,19.4000,0.113999
2000,0.01,30,97,19.6000,0.115142
2000,0.01,30,98,19.8000,0.115396
2000,0.01,30,99,20.0000,0.114734
2000,0.01,40,0,0.2000,2.366890
2000,0.01,40,1,0.4000,2.480660
2000,0.01,40,2,0.6000,3.347108
2000,0.01,40,3,0.8000,3.352103
2000,0.01,40,4,1.0000,3.715276
2000,0.01,40,5,1.2000,2.932813
2000,0.01,40,6,1.4000,2.940091
2000,0.01,40,7,1.6000,2.937386
2000,0.01,40,8,1.8000,2.940396
2000,0.01,40,9,2.0000,2.940910
2000,0.01,40,10,2.2000,2.943447
2000,0.01,40,11,2.4000,2.945171
2000,0.01,40,12,2.6000,3.077630
2000,0.01,40,13,2.8000,3.273167
2000,0.01,40,14,3.0000,3.009876
2000,0.01,40,15,3.2000,2.917491
2000,0.01,40,16,3.4000,2.784164
2000,0.01,40,17,3.6000,2.691525
2000,0.01,40,18,3.8000,2.694903
2000,0.01,40,19,4.0000,2.234042
2000,0.01,40,20,4.2000,2.240091
2000,0.01,40,21,4.4000,1.290806
2000,0.01,40,22,4.6000,4.948176
2000,0.01,40,23,4.8000,4.555148
2000,0.01,40,24,5.0000,0.592068
2000,0.01,40,25,5.2000,0.516234
2000,0.01,40,26,5.4000,0.460054
2000,0.01,40,27,5.6000,0.476171
2000,0.01,40,28,5.8000,0.426906
2000,0.01,40,29,6.0000,0.426551
2000,0.01,40,30,6.2000,0.438434
2000,0.01,40,31,6.4000,0.423889
2000,0.01,40,32,6.6000,0.389165
2000,0.01,40,33,6.8000,0.340119
2000,0.01,40,34,7.0000,0.415777
2000,0.01,40,35,7.2000,0.493166
2000,0.01,40,36,7.4000,0.486074
2000,0.01,40,37,7.6000,0.478981
2000,0.01,40,38,7.8000,0.481812
2000,0.01,40,39,8.0000,0.483540
2000,0.01,40,40,8.2000,0.482662
2000,0.01,40,41,8.4000,0.482562
2000,0.01,40,42,8.6000,0.483005
2000,0.01,40,43,8.8000,0.483671
2000,0.01,40,44,9.0000,0.464151
2000,0.01,40,45,9.2000,0.447642
2000,0.01,40,46,9.4000,0.444738
2000,0.01,40,47,9.6000,0.424182
2000,0.01,40,48,9.8000,0.422630
2000,0.01,40,49,10.0000,0.423209
2000,0.01,40,50,10.2000,0.414751
2000,0.01,40,51,10.4000,0.413549
2000,0.01,40,52,10.6000,0.413929
2000,0.01,40,53,10.8000,0.406127
2000,0.01,40,54,11.0000,0.367235
2000,0.01,40,55,11.2000,0.346398
2000,0.01,40,56,11.4000,0.316750
2000,0.01,40,57,11.6000,0.302771
2000,0.01,40,58,11.8000,0.316639
2000,0.01,40,59,12.0000,0.308272
2000,0.01,40,60,12.2000,0.307669
2000,0.01,40,61,12.4000,0.303065
2000,0.01,40,62,12.6000,0.302055
2000,0.01,40,63,12.8000,0.303969
2000,0.01,40,64,13.0000,0.304739
2000,0.01,40,65,13.2000,0.305639
2000,0.01,40,66,13.4000,0.305824
2000,0.01,40,67,13.6000,0.306416
2000,0.01,40,68,13.8000,0.313978
2000,0.01,40,69,14.0000,0.378716
2000,0.01,40,70,14.2000,0.406494
2000,0.01,40,71,14.4000,0.413648
2000,0.01,40,72,14.6000,0.416320
2000,0.01,40,73,14.8000,0.411854
2000,0.01,40,74,15.0000,0.414452
2000,0.01,40,75,15.2000,0.375576
2000,0.01,40,76,15.4000,0.373366
2000,0.01,40,77,15.6000,0.360059
2000,0.01,40,78,15.8000,0.359049
2000,0.01,40,79,16.0000,0.357058
2000,0.01,40,80,16.2000,0.368734
2000,0.01,40,81,16.4000,0.364647
2000,0.01,40,82,16.6000,0.366059
2000,0.01,40,83,16.8000,0.369400
2000,0.01,40,84,17.0000,0.358577
2000,0.01,40,85,17.2000,0.347857
2000,0.01,40,86,17.4000,0.348384
2000,0.01,40,87,17.6000,0.283386
2000,0.01,40,88,17.8000,0.255533
2000,0.01,40,89,18.0000,0.230450
2000,0.01,40,90,18.2000,0.235191
2000,0.01,40,91,18.4000,0.236479
2000,0.01,40,92,18.6000,0.200268
2000,0.01,40,93,18.8000,0.217403
2000,0.01,40,94,19.0000,0.225360
2000,0.01,40,95,19.2000,0.206931
2000,0.01,40,96,19.4000,0.199863
2000,0.01,40,97,19.6000,0.203324
2000,0.01,40,98,19.8000,0.206773
2000,0.01,40,99,20.0000,0.205830
2000,0.01,50,0,0.2000,18.866710
2000,0.01,50,1,0.4000,4.580999
2000,0.01,50,2,0.6000,4.566511
2000,0.01,50,3,0.8000,3.681421
2000,0.01,50,4,1.0000,3.681248
2000,0.01,50,5,1.2000,3.681222
2000,0.01,50,6,1.4000,3.681629
2000,0.01,50,7,1.6000,3.706603
2000,0.01,50,8,1.8000,3.663603
2000,0.01,50,9,2.0000,3.566991
2000,0.01,50,10,2.2000,3.539142
2000,0.01,50,11,2.4000,3.002658
2000,0.01,50,12,2.6000,3.344958
2000,0.01,50,13,2.8000,1.245742
2000,0.01,50,14,3.0000,0.475752
2000,0.01,50,15,3.2000,0.420215
2000,0.01,50,16,3.4000,0.466461
2000,0.01,50,17,3.6000,0.582292
2000,0.01,50,18,3.8000,0.402775
2000,0.01,50,19,4.0000,0.446227
2000,0.01,50,20,4.2000,0.404098
2000,0.01,50,21,4.4000,0.342835
2000,0.01,50,22,4.6000,0.344797
2000,0.01,50,23,4.8000,0.332944
2000,0.01,50,24,5.0000,0.306960
2000,0.01,50,25,5.2000,0.303110
2000,0.01,50,26,5.4000,0.303555
2000,0.01,50,27,5.6000,0.379793
2000,0.01,50,28,5.8000,0.434666
2000,0.01,50,29,6.0000,0.475373
2000,0.01,50,30,6.2000,0.497558
2000,0.01,50,31,6.4000,0.439002
2000,0.01,50,32,6.6000,0.433140
2000,0.01,50,33,6.8000,0.409769
2000,0.01,50,34,7.0000,0.374314
2000,0.01,50,35,7.2000,0.397270
2000,0.01,50,36,7.4000,0.377678
2000,0.01,50,37,7.6000,0.378624
2000,0.01,50,38,7.8000,0.337329
2000,0.01,50,39,8.0000,0.295477
2000,0.01,50,40,8.2000,0.290477
2000,0.01,50,41,8.4000,0.282274
2000,0.01,50,42,8.6000,0.287080
2000,0.01,50,43,8.8000,0.298454
2000,0.01,50,44,9.0000,0.289564
2000,0.01,50,45,9.2000,0.281279
2000,0.01,50,46,9.4000,0.283545
2000,0.01,50,47,9.6000,0.286278
2000,0.01,50,48,9.8000,0.304419
2000,0.01,50,49,10.0000,0.302815
2000,0.01,50,50,10.2000,0.301838
2000,0.01,50,51,10.4000,0.293129
2000,0.01,50,52,10.6000,0.295626
2000,0.01,50,53,10.8000,0.293756
2000,0.01,50,54,11.0000,0.292324
2000,0.01,50,55,11.2000,0.279882
2000,0.01,50,56,11.4000,0.266588
2000,0.01,50,57,11.6000,0.266805
2000,0.01,50,58,11.8000,0.261046
2000,0.01,50,59,12.0000,0.259697
2000,0.01,50,60,12.2000,0.269061
2000,0.01,50,61,12.4000,0.275865
2000,0.01,50,62,12.6000,0.273066
2000,0.01,50,63,12.8000,0.271029
2000,0.01,50,64,13.0000,0.247964
2000,0.01,50,65,13.2000,0.237445
2000,0.01,50,66,13.4000,0.202375
2000,0.01,50,67,13.6000,0.203151
2000,0.01,50,68,13.8000,0.204686
2000,0.01,50,69,14.0000,0.197229
2000,0.01,50,70,14.2000,0.190146
2000,0.01,50,71,14.4000,0.200048
2000,0.01,50,72,14.6000,0.212190
2000,0.01,50,73,14.8000,0.212872
2000,0.01,50,74,15.0000,0.223051
2000,0.01,50,75,15.2000,0.224353
2000,0.01,50,76,15.4000,0.220681
2000,0.01,50,77,15.6000,0.212860
2000,0.01,50,78,15.8000,0.215688
2000,0.01,50,79,16.0000,0.202673
2000,0.01,50,80,16.2000,0.207881
2000,0.01,50,81,16.4000,0.211313
2000,0.01,50,82,16.6000,0.210979
2000,0.01,50,83,16.8000,0.207668
2000,0.01,50,84,17.0000,0.218730
2000,0.01,50,85,17.2000,0.230787
2000,0.01,50,86,17.4000,0.230261
2000,0.01,50,87,17.6000,0.228335
2000,0.01,50,88,17.8000,0.230123
2000,0.01,50,89,18.0000,0.227275
2000,0.01,50,90,18.2000,0.239219
2000,0.01,50,91,18.4000,0.243649
2000,0.01,50,92,18.6000,0.245078
2000,0.01,50,93,18.8000,0.245551
2000,0.01,50,94,19.0000,0.244492
2000,0.01,50,95,19.2000,0.247945
2000,0.01,50,96,19.4000,0.246025
2000,0.01,50,97,19.6000,0.244078
2000,0.01,50,98,19.8000,0.246806
2000,0.01,50,99,20.0000,0.243057
2000,0.01,60,0,0.2000,3.420179
2000,0.01,60,1,0.4000,3.592940
2000,0.01,60,2,0.6000,2.340990
2000,0.01,60,3,0.8000,3.743751
2000,0.01,60,4,1.0000,2.154581
2000,0.01,60,5,1.2000,1.563531
2000,0.01,60,6,1.4000,1.700653
2000,0.01,60,7,1.6000,1.749649
2000,0.01,60,8,1.8000,1.270728
2000,0.01,60,9,2.0000,0.951364
2000,0.01,60,10,2.2000,1.007347
2000,0.01,60,11,2.4000,0.825913
2000,0.01,60,12,2.6000,0.828015
2000,0.01,60,13,2.8000,0.832483
2000,0.01,60,14,3.0000,0.990251
2000,0.01,60,15,3.2000,0.488454
2000,0.01,60,16,3.4000,0.603738
2000,0.01,60,17,3.6000,0.442518
2000,0.01,60,18,3.8000,0.328407
2000,0.01,60,19,4.0000,0.303411
2000,0.01,60,20,4.2000,0.296411
2000,0.01,60,21,4.4000,0.298348
2000,0.01,60,22,4.6000,0.297725
2000,0.01,60,23,4.8000,0.280585
2000,0.01,60,24,5.0000,0.256902
2000,0.01,60,25,5.2000,0.255319
2000,0.01,60,26,5.4000,0.259676
2000,0.01,60,27,5.6000,0.262603
2000,0.01,60,28,5.8000,0.247200
2000,0.01,60,29,6.0000,0.238950
2000,0.01,60,30,6.2000,0.218739
2000,0.01,60,31,6.4000,0.218380
2000,0.01,60,32,6.6000,0.223375
2000,0.01,60,33,6.8000,0.218601
2000,0.01,60,34,7.0000,0.214384
2000,0.01,60,35,7.2000,0.212628
2000,0.01,60,36,7.4000,0.212673
2000,0.01,60,37,7.6000,0.213599
2000,0.01,60,38,7.8000,0.210297
2000,0.01,60,39,8.0000,0.211107
2000,0.01,60,40,8.2000,0.216933
2000,0.01,60,41,8.4000,0.218045
2000,0.01,60,42,8.6000,0.208123
2000,0.01,60,43,8.8000,0.296398
2000,0.01,60,44,9.0000,0.331298
2000,0.01,60,45,9.2000,0.395771
2000,0.01,60,46,9.4000,0.278971
2000,0.01,60,47,9.6000,0.317975
2000,0.01,60,48,9.8000,0.317828
2000,0.01,60,49,10.0000,0.335874
2000,0.01,60,50,10.2000,0.418346
2000,0.01,60,51,10.4000,0.440262
2000,0.01,60,52,10.6000,0.464514
2000,0.01,60,53,10.8000,0.415417
2000,0.01,60,54,11.0000,0.407439
2000,0.01,60,55,11.2000,0.404183
2000,0.01,60,56,11.4000,0.391080
2000,0.01,60,57,11.6000,0.351576
2000,0.01,60,58,11.8000,0.331007
2000,0.01,60,59,12.0000,0.323862
2000,0.01,60,60,12.2000,0.320339
2000,0.01,60,61,12.4000,0.315844
2000,0.01,60,62,12.6000,0.291596
2000,0.01,60,63,12.8000,0.299475
2000,0.01,60,64,13.0000,0.278914
2000,0.01,60,65,13.2000,0.319205
2000,0.01,60,66,13.4000,0.334567
2000,0.01,60,67,13.6000,0.307952
2000,0.01,60,68,13.8000,0.321928
2000,0.01,60,69,14.0000,0.338543
2000,0.01,60,70,14.2000,0.337419
2000,0.01,60,71,14.4000,0.323652
2000,0.01,60,72,14.6000,0.298177
2000,0.01,60,73,14.8000,0.308029
2000,0.01,60,74,15.0000,0.297356
2000,0.01,60,75,15.2000,0.293700
2000,0.01,60,76,15.4000,0.285509
2000,0.01,60,77,15.6000,0.274827
2000,0.01,60,78,15.8000,0.265350
2000,0.01,60,79,16.0000,0.256485
2000,0.01,60,80,16.2000,0.249429
2000,0.01,60,81,16.4000,0.263914
2000,0.01,60,82,16.6000,0.273754
2000,0.01,60,83,16.8000,0.268182
2000,0.01,60,84,17.0000,0.264592
2000,0.01,60,85,17.2000,0.260481
2000,0.01,60,86,17.4000,0.263743
2000,0.01,60,87,17.6000,0.257014
2000,0.01,60,88,17.8000,0.267814
2000,0.01,60,89,18.0000,0.204823
2000,0.01,60,90,18.2000,0.204453
2000,0.01,60,91,18.4000,0.227639
2000,0.01,60,92,18.6000,0.225185
2000,0.01,60,93,18.8000,0.245233
2000,0.01,60,94,19.0000,0.243266
2000,0.01,60,95,19.2000,0.224424
2000,0.01,60,96,19.4000,0.247686
2000,0.01,60,97,19.6000,0.236796
2000,0.01,60,98,19.8000,0.211567
2000,0.01,60,99,20.0000,0.207459
2000,0.01,70,0,0.2000,3.706331
2000,0.01,70,1,0.4000,3.710572
2000,0.01,70,2,0.6000,3.707187
2000,0.01,70,3,0.8000,3.709664
2000,0.01,70,4,1.0000,3.609493
2000,0.01,70,5,1.2000,3.694487
2000,0.01,70,6,1.4000,3.871914
2000,0.01,70,7,1.6000,1.421195
2000,0.01,70,8,1.8000,1.271360
2000,0.01,70,9,2.0000,1.296310
2000,0.01,70,10,2.2000,1.318819
2000,0.01,70,11,2.4000,1.895753
2000,0.01,70,12,2.6000,1.952993
2000,0.01,70,13,2.8000,1.824526
2000,0.01,70,14,3.0000,1.775183
2000,0.01,70,15,3.2000,1.694413
2000,0.01,70,16,3.4000,1.666506
2000,0.01,70,17,3.6000,1.655814
2000,0.01,70,18,3.8000,1.490763
2000,0.01,70,19,4.0000,1.297483
2000,0.01,70,20,4.2000,0.955062
2000,0.01,70,21,4.4000,0.740083
2000,0.01,70,22,4.6000,0.723718
2000,0.01,70,23,4.8000,0.687959
2000,0.01,70,24,5.0000,0.628453
2000,0.01,70,25,5.2000,0.673016
2000,0.01,70,26,5.4000,0.673225
2000,0.01,70,27,5.6000,0.672348
2000,0.01,70,28,5.8000,0.686479
2000,0.01,70,29,6.0000,0.678758
2000,0.01,70,30,6.2000,0.642985
2000,0.01,70,31,6.4000,0.629740
2000,0.01,70,32,6.6000,0.624262
2000,0.01,70,33,6.8000,0.582373
2000,0.01,70,34,7.0000,0.533287
2000,0.01,70,35,7.2000,0.485834
2000,0.01,70,36,7.4000,0.474909
2000,0.01,70,37,7.6000,0.388310
2000,0.01,70,38,7.8000,0.321634
2000,0.01,70,39,8.0000,0.315104
2000,0.01,70,40,8.2000,0.306842
2000,0.01,70,41,8.4000,0.308422
2000,0.01,70,42,8.6000,0.299230
2000,0.01,70,43,8.8000,0.288964
2000,0.01,70,44,9.0000,0.276294
2000,0.01,70,45,9.2000,0.274494
2000,0.01,70,46,9.4000,0.274069
2000,0.01,70,47,9.6000,0.274928
2000,0.01,70,48,9.8000,0.274191
2000,0.01,70,49,10.0000,0.273162
2000,0.01,70,50,10.2000,0.289836
2000,0.01,70,51,10.4000,0.290455
2000,0.01,70,52,10.6000,0.417819
2000,0.01,70,53,10.8000,0.416369
2000,0.01,70,54,11.0000,0.400930
2000,0.01,70,55,11.2000,0.463057
2000,0.01,70,56,11.4000,0.523911
2000,0.01,70,57,11.6000,0.516477
2000,0.01,70,58,11.8000,0.500787
2000,0.01,70,59,12.0000,0.479735
2000,0.01,70,60,12.2000,0.480295
2000,0.01,70,61,12.4000,0.459506
2000,0.01,70,62,12.6000,0.445370
2000,0.01,70,63,12.8000,0.453094
2000,0.01,70,64,13.0000,0.436913
2000,0.01,70,65,13.2000,0.430015
2000,0.01,70,66,13.4000,0.427475
2000,0.01,70,67,13.6000,0.430341
2000,0.01,70,68,13.8000,0.410970
2000,0.01,70,69,14.0000,0.411994
2000,0.01,70,70,14.2000,0.380845
2000,0.01,70,71,14.4000,0.384816
2000,0.01,70,72,14.6000,0.388269
2000,0.01,70,73,14.8000,0.399006
2000,0.01,70,74,15.0000,0.396753
2000,0.01,70,75,15.2000,0.350980
2000,0.01,70,76,15.4000,0.314648
2000,0.01,70,77,15.6000,0.295987
2000,0.01,70,78,15.8000,0.317747
2000,0.01,70,79,16.0000,0.318940
2000,0.01,70,80,16.2000,0.324409
2000,0.01,70,81,16.4000,0.338286
2000,0.01,70,82,16.6000,0.338964
2000,0.01,70,83,16.8000,0.338014
2000,0.01,70,84,17.0000,0.339482
2000,0.01,70,85,17.2000,0.338520
2000,0.01,70,86,17.4000,0.340233
2000,0.01,70,87,17.6000,0.339569
2000,0.01,70,88,17.8000,0.338891
2000,0.01,70,89,18.0000,0.338766
2000,0.01,70,90,18.2000,0.345778
2000,0.01,70,91,18.4000,0.313556
2000,0.01,70,92,18.6000,0.344568
2000,0.01,70,93,18.8000,0.368121
2000,0.01,70,94,19.0000,0.343685
2000,0.01,70,95,19.2000,0.333473
2000,0.01,70,96,19.4000,0.335218
2000,0.01,70,97,19.6000,0.324667
2000,0.01,70,98,19.8000,0.322296
2000,0.01,70,99,20.0000,0.327158
2000,0.01,80,0,0.2000,4.225157
2000,0.01,80,1,0.4000,3.395513
2000,0.01,80,2,0.6000,5.297940
2000,0.01,80,3,0.8000,2.741920
2000,0.01,80,4,1.0000,2.599319
2000,0.01,80,5,1.2000,2.597473
2000,0.01,80,6,1.4000,2.598161
2000,0.01,80,7,1.6000,2.613549
2000,0.01,80,8,1.8000,2.613639
2000,0.01,80,9,2.0000,2.622260
2000,0.01,80,10,2.2000,2.869006
2000,0.01,80,11,2.4000,2.867617
2000,0.01,80,12,2.6000,2.973655
2000,0.01,80,13,2.8000,2.971498
2000,0.01,80,14,3.0000,1.902648
2000,0.01,80,15,3.2000,1.940682
2000,0.01,80,16,3.4000,1.943705
2000,0.01,80,17,3.6000,1.866077
2000,0.01,80,18,3.8000,1.763662
2000,0.01,80,19,4.0000,1.734249
2000,0.01,80,20,4.2000,1.909328
2000,0.01,80,21,4.4000,1.880785
2000,0.01,80,22,4.6000,1.362832
2000,0.01,80,23,4.8000,0.291520
2000,0.01,80,24,5.0000,0.436061
2000,0.01,80,25,5.2000,0.388820
2000,0.01,80,26,5.4000,0.344934
2000,0.01,80,27,5.6000,0.237905
2000,0.01,80,28,5.8000,0.324591
2000,0.01,80,29,6.0000,0.289570
2000,0.01,80,30,6.2000,0.351216
2000,0.01,80,31,6.4000,0.290615
2000,0.01,80,32,6.6000,0.218675
2000,0.01,80,33,6.8000,0.209518
2000,0.01,80,34,7.0000,0.221247
2000,0.01,80,35,7.2000,0.239043
2000,0.01,80,36,7.4000,0.302148
2000,0.01,80,37,7.6000,0.285738
2000,0.01,80,38,7.8000,0.246906
2000,0.01,80,39,8.0000,0.234964
2000,0.01,80,40,8.2000,0.234626
2000,0.01,80,41,8.4000,0.220503
2000,0.01,80,42,8.6000,0.164377
2000,0.01,80,43,8.8000,0.173489
2000,0.01,80,44,9.0000,0.179898
2000,0.01,80,45,9.2000,0.190158
2000,0.01,80,46,9.4000,0.194552
2000,0.01,80,47,9.6000,0.234512
2000,0.01,80,48,9.8000,0.258974
2000,0.01,80,49,10.0000,0.253279
2000,0.01,80,50,10.2000,0.238752
2000,0.01,80,51,10.4000,0.244507
2000,0.01,80,52,10.6000,0.237760
2000,0.01,80,53,10.8000,0.246073
2000,0.01,80,54,11.0000,0.255873
2000,0.01,80,55,11.2000,0.259639
2000,0.01,80,56,11.4000,0.295068
2000,0.01,80,57,11.6000,0.294569
2000,0.01,80,58,11.8000,0.270096
2000,0.01,80,59,12.0000,0.248038
2000,0.01,80,60,12.2000,0.256167
2000,0.01,80,61,12.4000,0.249695
2000,0.01,80,62,12.6000,0.251334
2000,0.01,80,63,12.8000,0.257896
2000,0.01,80,64,13.0000,0.258511
2000,0.01,80,65,13.2000,0.260182
2000,0.01,80,66,13.4000,0.259251
2000,0.01,80,67,13.6000,0.259431
2000,0.01,80,68,13.8000,0.258369
2000,0.01,80,69,14.0000,0.260831
2000,0.01,80,70,14.2000,0.258369
2000,0.01,80,71,14.4000,0.258234
2000,0.01,80,72,14.6000,0.257889
2000,0.01,80,73,14.8000,0.258751
2000,0.01,80,74,15.0000,0.259437
2000,0.01,80,75,15.2000,0.265267
2000,0.01,80,76,15.4000,0.270907
2000,0.01,80,77,15.6000,0.271439
2000,0.01,80,78,15.8000,0.271219
2000,0.01,80,79,16.0000,0.270051
2000,0.01,80,80,16.2000,0.271806
2000,0.01,80,81,16.4000,0.271928
2000,0.01,80,82,16.6000,0.272451
2000,0.01,80,83,16.8000,0.272200
2000,0.01,80,84,17.0000,0.276220
2000,0.01,80,85,17.2000,0.282377
2000,0.01,80,86,17.4000,0.267603
2000,0.01,80,87,17.6000,0.280392
2000,0.01,80,88,17.8000,0.300761
2000,0.01,80,89,18.0000,0.281149
2000,0.01,80,90,18.2000,0.280143
2000,0.01,80,91,18.4000,0.281509
2000,0.01,80,92,18.6000,0.276528
2000,0.01,80,93,18.8000,0.275596
2000,0.01,80,94,19.0000,0.272409
2000,0.01,80,95,19.2000,0.256549
2000,0.01,80,96,19.4000,0.251648
2000,0.01,80,97,19.6000,0.242898
2000,0.01,80,98,19.8000,0.243735
2000,0.01,80,99,20.0000,0.243488
2000,0.01,90,0,0.2000,3.728881
2000,0.01,90,1,0.4000,4.386423
2000,0.01,90,2,0.6000,2.112473
2000,0.01,90,3,0.8000,2.030900
2000,0.01,90,4,1.0000,1.916877
2000,0.01,90,5,1.2000,1.898875
2000,0.01,90,6,1.4000,1.903772
2000,0.01,90,7,1.6000,1.877396
2000,0.01,90,8,1.8000,1.876507
2000,0.01,90,9,2.0000,1.886434
2000,0.01,90,10,2.2000,1.900981
2000,0.01,90,11,2.4000,1.889079
2000,0.01,90,12,2.6000,1.886884
2000,0.01,90,13,2.8000,1.885301
2000,0.01,90,14,3.0000,1.870307
2000,0.01,90,15,3.2000,1.855257
2000,0.01,90,16,3.4000,1.840083
2000,0.01,90,17,3.6000,1.844523
2000,0.01,90,18,3.8000,1.842404
2000,0.01,90,19,4.0000,1.834658
2000,0.01,90,20,4.2000,1.833150
2000,0.01,90,21,4.4000,1.819304
2000,0.01,90,22,4.6000,1.999952
2000,0.01,90,23,4.8000,0.848195
2000,0.01,90,24,5.0000,2.060839
2000,0.01,90,25,5.2000,1.165234
2000,0.01,90,26,5.4000,0.875289
2000,0.01,90,27,5.6000,0.858127
2000,0.01,90,28,5.8000,0.954773
2000,0.01,90,29,6.0000,0.964400
2000,0.01,90,30,6.2000,0.908270
2000,0.01,90,31,6.4000,0.752584
2000,0.01,90,32,6.6000,0.683541
2000,0.01,90,33,6.8000,0.624110
2000,0.01,90,34,7.0000,0.591922
2000,0.01,90,35,7.2000,0.577449
2000,0.01,90,36,7.4000,0.571796
2000,0.01,90,37,7.6000,0.606457
2000,0.01,90,38,7.8000,0.552809
2000,0.01,90,39,8.0000,0.580593
2000,0.01,90,40,8.2000,0.583153
2000,0.01,90,41,8.4000,0.552406
2000,0.01,90,42,8.6000,0.590460
2000,0.01,90,43,8.8000,0.611161
2000,0.01,90,44,9.0000,0.572870
2000,0.01,90,45,9.2000,0.528635
2000,0.01,90,46,9.4000,0.531681
2000,0.01,90,47,9.6000,0.522632
2000,0.01,90,48,9.8000,0.491720
2000,0.01,90,49,10.0000,0.507258
2000,0.01,90,50,10.2000,0.518262
2000,0.01,90,51,10.4000,0.504555
2000,0.01,90,52,10.6000,0.512487
2000,0.01,90,53,10.8000,0.509634
2000,0.01,90,54,11.0000,0.525276
2000,0.01,90,55,11.2000,0.520045
2000,0.01,90,56,11.4000,0.506833
2000,0.01,90,57,11.6000,0.501966
2000,0.01,90,58,11.8000,0.497594
2000,0.01,90,59,12.0000,0.497449
2000,0.01,90,60,12.2000,0.497548
2000,0.01,90,61,12.4000,0.481710
2000,0.01,90,62,12.6000,0.491538
2000,0.01,90,63,12.8000,0.515227
2000,0.01,90,64,13.0000,0.516315
2000,0.01,90,65,13.2000,0.482110
2000,0.01,90,66,13.4000,0.489563
2000,0.01,90,67,13.6000,0.480707
2000,0.01,90,68,13.8000,0.481290
2000,0.01,90,69,14.0000,0.479424
2000,0.01,90,70,14.2000,0.491991
2000,0.01,90,71,14.4000,0.484214
2000,0.01,90,72,14.6000,0.465242
2000,0.01,90,73,14.8000,0.462415
2000,0.01,90,74,15.0000,0.459221
2000,0.01,90,75,15.2000,0.457386
2000,0.01,90,76,15.4000,0.456003
2000,0.01,90,77,15.6000,0.455544
2000,0.01,90,78,15.8000,0.452988
2000,0.01,90,79,16.0000,0.453066
2000,0.01,90,80,16.2000,0.452925
2000,0.01,90,81,16.4000,0.449565
2000,0.01,90,82,16.6000,0.445507
2000,0.01,90,83,16.8000,0.439831
2000,0.01,90,84,17.0000,0.439246
2000,0.01,90,85,17.2000,0.438957
2000,0.01,90,86,17.4000,0.438541
2000,0.01,90,87,17.6000,0.436238
2000,0.01,90,88,17.8000,0.425037
2000,0.01,90,89,18.0000,0.424909
2000,0.01,90,90,18.2000,0.425218
2000,0.01,90,91,18.4000,0.418711
2000,0.01,90,92,18.6000,0.408495
2000,0.01,90,93,18.8000,0.406391
2000,0.01,90,94,19.0000,0.402780
2000,0.01,90,95,19.2000,0.416804
2000,0.01,90,96,19.4000,0.443976
2000,0.01,90,97,19.6000,0.423177
2000,0.01,90,98,19.8000,0.421005
2000,0.01,90,99,20.0000,0.462197
2000,0.10,10,0,0.2000,2.139168
2000,0.10,10,1,0.4000,2.226884
2000,0.10,10,2,0.6000,2.008325
2000,0.10,10,3,0.8000,0.967347
2000,0.10,10,4,1.0000,0.395671
2000,0.10,10,5,1.2000,0.460824
2000,0.10,10,6,1.4000,0.286490
2000,0.10,10,7,1.6000,0.202224
2000,0.10,10,8,1.8000,0.230420
2000,0.10,10,9,2.0000,0.300795
2000,0.10,10,10,2.2000,0.349319
2000,0.10,10,11,2.4000,0.291212
2000,0.10,10,12,2.6000,0.227257
2000,0.10,10,13,2.8000,0.233304
2000,0.10,10,14,3.0000,0.244175
2000,0.10,10,15,3.2000,0.320301
2000,0.10,10,16,3.4000,0.382248
2000,0.10,10,17,3.6000,0.370123
2000,0.10,10,18,3.8000,0.371352
2000,0.10,10,19,4.0000,0.341777
2000,0.10,10,20,4.2000,0.359792
2000,0.10,10,21,4.4000,0.388835
2000,0.10,10,22,4.6000,0.439647
2000,0.10,10,23,4.8000,0.458532
2000,0.10,10,24,5.0000,0.436064
2000,0.10,10,25,5.2000,0.404579
2000,0.10,10,26,5.4000,0.350878
2000,0.10,10,27,5.6000,0.337942
2000,0.10,10,28,5.8000,0.321485
2000,0.10,10,29,6.0000,0.320658
2000,0.10,10,30,6.2000,0.306009
2000,0.10,10,31,6.4000,0.341700
2000,0.10,10,32,6.6000,0.327359
2000,0.10,10,33,6.8000,0.341209
2000,0.10,10,34,7.0000,0.311799
2000,0.10,10,35,7.2000,0.288003
2000,0.10,10,36,7.4000,0.258430
2000,0.10,10,37,7.6000,0.248781
2000,0.10,10,38,7.8000,0.295846
2000,0.10,10,39,8.0000,0.315667
2000,0.10,10,40,8.2000,0.284290
2000,0.10,10,41,8.4000,0.270154
2000,0.10,10,42,8.6000,0.277880
2000,0.10,10,43,8.8000,0.274563
2000,0.10,10,44,9.0000,0.258358
2000,0.10,10,45,9.2000,0.273656
2000,0.10,10,46,9.4000,0.254150
2000,0.10,10,47,9.6000,0.276195
2000,0.10,10,48,9.8000,0.287820
2000,0.10,10,49,10.0000,0.273692
2000,0.10,10,50,10.2000,0.272065
2000,0.10,10,51,10.4000,0.258243
2000,0.10,10,52,10.6000,0.252322
2000,0.10,10,53,10.8000,0.234345
2000,0.10,10,54,11.0000,0.243012
2000,0.10,10,55,11.2000,0.232038
2000,0.10,10,56,11.4000,0.225348
2000,0.10,10,57,11.6000,0.221436
2000,0.10,10,58,11.8000,0.245836
2000,0.10,10,59,12.0000,0.238857
2000,0.10,10,60,12.2000,0.236765
2000,0.10,10,61,12.4000,0.237541
2000,0.10,10,62,12.6000,0.238733
2000,0.10,10,63,12.8000,0.243314
2000,0.10,10,64,13.0000,0.241847
2000,0.10,10,65,13.2000,0.230058
2000,0.10,10,66,13.4000,0.238254
2000,0.10,10,67,13.6000,0.241573
2000,0.10,10,68,13.8000,0.245595
2000,0.10,10,69,14.0000,0.239046
2000,0.10,10,70,14.2000,0.230986
2000,0.10,10,71,14.4000,0.220691
2000,0.10,10,72,14.6000,0.223784
2000,0.10,10,73,14.8000,0.242215
2000,0.10,10,74,15.0000,0.235142
2000,0.10,10,75,15.2000,0.228732
2000,0.10,10,76,15.4000,0.215626
2000,0.10,10,77,15.6000,0.214038
2000,0.10,10,78,15.8000,0.206717
2000,0.10,10,79,16.0000,0.229073
2000,0.10,10,80,16.2000,0.224739
2000,0.10,10,81,16.4000,0.215191
2000,0.10,10,82,16.6000,0.205565
2000,0.10,10,83,16.8000,0.215181
2000,0.10,10,84,17.0000,0.212101
2000,0.10,10,85,17.2000,0.210223
2000,0.10,10,86,17.4000,0.223945
2000,0.10,10,87,17.6000,0.223496
2000,0.10,10,88,17.8000,0.238827
2000,0.10,10,89,18.0000,0.239512
2000,0.10,10,90,18.2000,0.231700
2000,0.10,10,91,18.4000,0.224919
2000,0.10,10,92,18.6000,0.216825
2000,0.10,10,93,18.8000,0.206036
2000,0.10,10,94,19.0000,0.196539
2000,0.10,10,95,19.2000,0.185649
2000,0.10,10,96,19.4000,0.174580
2000,0.10,10,97,19.6000,0.165782
2000,0.10,10,98,19.8000,0.160013
2000,0.10,10,99,20.0000,0.155214
2000,0.10,100,0,0.2000,1.975918
2000,0.10,100,1,0.4000,1.238398
2000,0.10,100,2,0.6000,0.551135
2000,0.10,100,3,0.8000,0.480769
2000,0.10,100,4,1.0000,0.479048
2000,0.10,100,5,1.2000,0.424014
2000,0.10,100,6,1.4000,0.456750
2000,0.10,100,7,1.6000,0.287604
2000,0.10,100,8,1.8000,0.287460
2000,0.10,100,9,2.0000,0.260450
2000,0.10,100,10,2.2000,0.256181
2000,0.10,100,11,2.4000,0.262526
2000,0.10,100,12,2.6000,0.262839
2000,0.10,100,13,2.8000,0.253128
2000,0.10,100,14,3.0000,0.255159
2000,0.10,100,15,3.2000,0.242819
2000,0.10,100,16,3.4000,0.271202
2000,0.10,100,17,3.6000,0.266265
2000,0.10,100,18,3.8000,0.241827
2000,0.10,100,19,4.0000,0.233536
2000,0.10,100,20,4.2000,0.250394
2000,0.10,100,21,4.4000,0.261172
2000,0.10,100,22,4.6000,0.276650
2000,0.10,100,23,4.8000,0.291989
2000,0.10,100,24,5.0000,0.276781
2000,0.10,100,25,5.2000,0.258391
2000,0.10,100,26,5.4000,0.254541
2000,0.10,100,27,5.6000,0.254068
2000,0.10,100,28,5.8000,0.243901
2000,0.10,100,29,6.0000,0.251630
2000,0.10,100,30,6.2000,0.277377
2000,0.10,100,31,6.4000,0.283919
2000,0.10,100,32,6.6000,0.290769
2000,0.10,100,33,6.8000,0.300477
2000,0.10,100,34,7.0000,0.302034
2000,0.10,100,35,7.2000,0.307050
2000,0.10,100,36,7.4000,0.309072
2000,0.10,100,37,7.6000,0.305504
2000,0.10,100,38,7.8000,0.300041
2000,0.10,100,39,8.0000,0.285560
2000,0.10,100,40,8.2000,0.277656
2000,0.10,100,41,8.4000,0.267324
2000,0.10,100,42,8.6000,0.257215
2000,0.10,100,43,8.8000,0.272333
2000,0.10,100,44,9.0000,0.275837
2000,0.10,100,45,9.2000,0.272815
2000,0.10,100,46,9.4000,0.277038
2000,0.10,100,47,9.6000,0.284448
2000,0.10,100,48,9.8000,0.290213
2000,0.10,100,49,10.0000,0.274138
2000,0.10,100,50,10.2000,0.277222
2000,0.10,100,51,10.4000,0.289068
2000,0.10,100,52,10.6000,0.293480
2000,0.10,100,53,10.8000,0.294748
2000,0.10,100,54,11.0000,0.285775
2000,0.10,100,55,11.2000,0.272545
2000,0.10,100,56,11.4000,0.263737
2000,0.10,100,57,11.6000,0.251448
2000,0.10,100,58,11.8000,0.243811
2000,0.10,100,59,12.0000,0.238854
2000,0.10,100,60,12.2000,0.249309
2000,0.10,100,61,12.4000,0.247729
2000,0.10,100,62,12.6000,0.237061
2000,0.10,100,63,12.8000,0.229540
2000,0.10,100,64,13.0000,0.221437
2000,0.10,100,65,13.2000,0.225439
2000,0.10,100,66,13.4000,0.213931
2000,0.10,100,67,13.6000,0.203548
2000,0.10,100,68,13.8000,0.201700
2000,0.10,100,69,14.0000,0.201463
2000,0.10,100,70,14.2000,0.223148
2000,0.10,100,71,14.4000,0.208944
2000,0.10,100,72,14.6000,0.197900
2000,0.10,100,73,14.8000,0.197860
2000,0.10,100,74,15.0000,0.190341
2000,0.10,100,75,15.2000,0.177429
2000,0.10,100,76,15.4000,0.166736
2000,0.10,100,77,15.6000,0.159117
2000,0.10,100,78,15.8000,0.157438
2000,0.10,100,79,16.0000,0.156342
2000,0.10,100,80,16.2000,0.159292
2000,0.10,100,81,16.4000,0.161193
2000,0.10,100,82,16.6000,0.164487
2000,0.10,100,83,16.8000,0.169862
2000,0.10,100,84,17.0000,0.172444
2000,0.10,100,85,17.2000,0.172253
2000,0.10,100,86,17.4000,0.163926
2000,0.10,100,87,17.6000,0.155992
2000,0.10,100,88,17.8000,0.147441
2000,0.10,100,89,18.0000,0.142097
2000,0.10,100,90,18.2000,0.136987
2000,0.10,100,91,18.4000,0.140777
2000,0.10,100,92,18.6000,0.134648
2000,0.10,100,93,18.8000,0.133890
2000,0.10,100,94,19.0000,0.134035
2000,0.10,100,95,19.2000,0.133645
2000,0.10,100,96,19.4000,0.138312
2000,0.10,100,97,19.6000,0.138453
2000,0.10,100,98,19.8000,0.130154
2000,0.10,100,99,20.0000,0.121293
2000,0.10,20,0,0.2000,2.239583
2000,0.10,20,1,0.4000,2.076673
2000,0.10,20,2,0.6000,3.631728
2000,0.10,20,3,0.8000,3.603911
2000,0.10,20,4,1.0000,1.222040
2000,0.10,20,5,1.2000,0.543210
2000,0.10,20,6,1.4000,0.467842
2000,0.10,20,7,1.6000,0.527270
2000,0.10,20,8,1.8000,0.667160
2000,0.10,20,9,2.0000,0.555169
2000,0.10,20,10,2.2000,0.409584
2000,0.10,20,11,2.4000,0.351683
2000,0.10,20,12,2.6000,0.322384
2000,0.10,20,13,2.8000,0.341664
2000,0.10,20,14,3.0000,0.407580
2000,0.10,20,15,3.2000,0.429639
2000,0.10,20,16,3.4000,0.393911
2000,0.10,20,17,3.6000,0.376751
2000,0.10,20,18,3.8000,0.364697
2000,0.10,20,19,4.0000,0.408208
2000,0.10,20,20,4.2000,0.430064
2000,0.10,20,21,4.4000,0.376899
2000,0.10,20,22,4.6000,0.368615
2000,0.10,20,23,4.8000,0.334691
2000,0.10,20,24,5.0000,0.291820
2000,0.10,20,25,5.2000,0.250276
2000,0.10,20,26,5.4000,0.233038
2000,0.10,20,27,5.6000,0.215999
2000,0.10,20,28,5.8000,0.201334
2000,0.10,20,29,6.0000,0.192154
2000,0.10,20,30,6.2000,0.222654
2000,0.10,20,31,6.4000,0.250340
2000,0.10,20,32,6.6000,0.237176
2000,0.10,20,33,6.8000,0.212467
2000,0.10,20,34,7.0000,0.191797
2000,0.10,20,35,7.2000,0.175925
2000,0.10,20,36,7.4000,0.179307
2000,0.10,20,37,7.6000,0.206136
2000,0.10,20,38,7.8000,0.264332
2000,0.10,20,39,8.0000,0.282197
2000,0.10,20,40,8.2000,0.269679
2000,0.10,20,41,8.4000,0.244220
2000,0.10,20,42,8.6000,0.220355
2000,0.10,20,43,8.8000,0.219284
2000,0.10,20,44,9.0000,0.207063
2000,0.10,20,45,9.2000,0.201964
2000,0.10,20,46,9.4000,0.195717
2000,0.10,20,47,9.6000,0.193486
2000,0.10,20,48,9.8000,0.193445
2000,0.10,20,49,10.0000,0.199038
2000,0.10,20,50,10.2000,0.186029
2000,0.10,20,51,10.4000,0.233957
2000,0.10,20,52,10.6000,0.220919
2000,0.10,20,53,10.8000,0.211725
2000,0.10,20,54,11.0000,0.231835
2000,0.10,20,55,11.2000,0.235255
2000,0.10,20,56,11.4000,0.234142
2000,0.10,20,57,11.6000,0.230647
2000,0.10,20,58,11.8000,0.218244
2000,0.10,20,59,12.0000,0.205113
2000,0.10,20,60,12.2000,0.195860
2000,0.10,20,61,12.4000,0.185454
2000,0.10,20,62,12.6000,0.171566
2000,0.10,20,63,12.8000,0.188053
2000,0.10,20,64,13.0000,0.188008
2000,0.10,20,65,13.2000,0.200503
2000,0.10,20,66,13.4000,0.189535
2000,0.10,20,67,13.6000,0.181846
2000,0.10,20,68,13.8000,0.172088
2000,0.10,20,69,14.0000,0.167645
2000,0.10,20,70,14.2000,0.199253
2000,0.10,20,71,14.4000,0.204136
2000,0.10,20,72,14.6000,0.199765
2000,0.10,20,73,14.8000,0.208203
2000,0.10,20,74,15.0000,0.205386
2000,0.10,20,75,15.2000,0.197054
2000,0.10,20,76,15.4000,0.220241
2000,0.10,20,77,15.6000,0.236802
2000,0.10,20,78,15.8000,0.230838
2000,0.10,20,79,16.0000,0.227463
2000,0.10,20,80,16.2000,0.235398
2000,0.10,20,81,16.4000,0.224993
2000,0.10,20,82,16.6000,0.229947
2000,0.10,20,83,16.8000,0.224240
2000,0.10,20,84,17.0000,0.238982
2000,0.10,20,85,17.2000,0.238718
2000,0.10,20,86,17.4000,0.234600
2000,0.10,20,87,17.6000,0.233216
2000,0.10,20,88,17.8000,0.238116
2000,0.10,20,89,18.0000,0.233697
2000,0.10,20,90,18.2000,0.232099
2000,0.10,20,91,18.4000,0.227950
2000,0.10,20,92,18.6000,0.216409
2000,0.10,20,93,18.8000,0.210640
2000,0.10,20,94,19.0000,0.211105
2000,0.10,20,95,19.2000,0.202734
2000,0.10,20,96,19.4000,0.197339
2000,0.10,20,97,19.6000,0.191601
2000,0.10,20,98,19.8000,0.184600
2000,0.10,20,99,20.0000,0.173568
2000,0.10,30,0,0.2000,2.282868
2000,0.10,30,1,0.4000,2.780768
2000,0.10,30,2,0.6000,2.049899
2000,0.10,30,3,0.8000,1.997942
2000,0.10,30,4,1.0000,0.298566
2000,0.10,30,5,1.2000,0.245108
2000,0.10,30,6,1.4000,0.605285
2000,0.10,30,7,1.6000,0.337633
2000,0.10,30,8,1.8000,0.263608
2000,0.10,30,9,2.0000,0.209737
2000,0.10,30,10,2.2000,0.181832
2000,0.10,30,11,2.4000,0.149193
2000,0.10,30,12,2.6000,0.146997
2000,0.10,30,13,2.8000,0.168967
2000,0.10,30,14,3.0000,0.190238
2000,0.10,30,15,3.2000,0.329515
2000,0.10,30,16,3.4000,0.440154
2000,0.10,30,17,3.6000,0.444290
2000,0.10,30,18,3.8000,0.441156
2000,0.10,30,19,4.0000,0.455893
2000,0.10,30,20,4.2000,0.414042
2000,0.10,30,21,4.4000,0.371743
2000,0.10,30,22,4.6000,0.338884
2000,0.10,30,23,4.8000,0.286462
2000,0.10,30,24,5.0000,0.242740
2000,0.10,30,25,5.2000,0.199119
2000,0.10,30,26,5.4000,0.170923
2000,0.10,30,27,5.6000,0.142784
2000,0.10,30,28,5.8000,0.110901
2000,0.10,30,29,6.0000,0.152176
2000,0.10,30,30,6.2000,0.169384
2000,0.10,30,31,6.4000,0.157891
2000,0.10,30,32,6.6000,0.149201
2000,0.10,30,33,6.8000,0.169541
2000,0.10,30,34,7.0000,0.168545
2000,0.10,30,35,7.2000,0.182086
2000,0.10,30,36,7.4000,0.183281
2000,0.10,30,37,7.6000,0.186461
2000,0.10,30,38,7.8000,0.195671
2000,0.10,30,39,8.0000,0.201848
2000,0.10,30,40,8.2000,0.181766
2000,0.10,30,41,8.4000,0.195431
2000,0.10,30,42,8.6000,0.194099
2000,0.10,30,43,8.8000,0.197973
2000,0.10,30,44,9.0000,0.206608
2000,0.10,30,45,9.2000,0.222543
2000,0.10,30,46,9.4000,0.230277
2000,0.10,30,47,9.6000,0.234355
2000,0.10,30,48,9.8000,0.217654
2000,0.10,30,49,10.0000,0.216227
2000,0.10,30,50,10.2000,0.221211
2000,0.10,30,51,10.4000,0.230272
2000,0.10,30,52,10.6000,0.239977
2000,0.10,30,53,10.8000,0.256204
2000,0.10,30,54,11.0000,0.245746
2000,0.10,30,55,11.2000,0.245013
2000,0.10,30,56,11.4000,0.252923
2000,0.10,30,57,11.6000,0.260888
2000,0.10,30,58,11.8000,0.269412
2000,0.10,30,59,12.0000,0.274298
2000,0.10,30,60,12.2000,0.268733
2000,0.10,30,61,12.4000,0.274558
2000,0.10,30,62,12.6000,0.271886
2000,0.10,30,63,12.8000,0.273526
2000,0.10,30,64,13.0000,0.277381
2000,0.10,30,65,13.2000,0.283125
2000,0.10,30,66,13.4000,0.279431
2000,0.10,30,67,13.6000,0.273147
2000,0.10,30,68,13.8000,0.265637
2000,0.10,30,69,14.0000,0.257899
2000,0.10,30,70,14.2000,0.248430
2000,0.10,30,71,14.4000,0.236098
2000,0.10,30,72,14.6000,0.225256
2000,0.10,30,73,14.8000,0.222381
2000,0.10,30,74,15.0000,0.210673
2000,0.10,30,75,15.2000,0.210156
2000,0.10,30,76,15.4000,0.207161
2000,0.10,30,77,15.6000,0.195382
2000,0.10,30,78,15.8000,0.201035
2000,0.10,30,79,16.0000,0.205606
2000,0.10,30,80,16.2000,0.201927
2000,0.10,30,81,16.4000,0.203540
2000,0.10,30,82,16.6000,0.207994
2000,0.10,30,83,16.8000,0.211656
2000,0.10,30,84,17.0000,0.219852
2000,0.10,30,85,17.2000,0.219473
2000,0.10,30,86,17.4000,0.214497
2000,0.10,30,87,17.6000,0.209525
2000,0.10,30,88,17.8000,0.202287
2000,0.10,30,89,18.0000,0.184798
2000,0.10,30,90,18.2000,0.175734
2000,0.10,30,91,18.4000,0.169781
2000,0.10,30,92,18.6000,0.161498
2000,0.10,30,93,18.8000,0.156082
2000,0.10,30,94,19.0000,0.151587
2000,0.10,30,95,19.2000,0.146764
2000,0.10,30,96,19.4000,0.145470
2000,0.10,30,97,19.6000,0.143259
2000,0.10,30,98,19.8000,0.146675
2000,0.10,30,99,20.0000,0.154432
2000,0.10,40,0,0.2000,1.804514
2000,0.10,40,1,0.4000,1.571327
2000,0.10,40,2,0.6000,1.381182
2000,0.10,40,3,0.8000,1.317948
2000,0.10,40,4,1.0000,0.776971
2000,0.10,40,5,1.2000,1.087433
2000,0.10,40,6,1.4000,0.814118
2000,0.10,40,7,1.6000,0.389517
2000,0.10,40,8,1.8000,0.297231
2000,0.10,40,9,2.0000,0.269450
2000,0.10,40,10,2.2000,0.270678
2000,0.10,40,11,2.4000,0.329910
2000,0.10,40,12,2.6000,0.365830
2000,0.10,40,13,2.8000,0.364168
2000,0.10,40,14,3.0000,0.415397
2000,0.10,40,15,3.2000,0.395980
2000,0.10,40,16,3.4000,0.402317
2000,0.10,40,17,3.6000,0.459099
2000,0.10,40,18,3.8000,0.490928
2000,0.10,40,19,4.0000,0.426182
2000,0.10,40,20,4.2000,0.391352
2000,0.10,40,21,4.4000,0.354515
2000,0.10,40,22,4.6000,0.327572
2000,0.10,40,23,4.8000,0.362376
2000,0.10,40,24,5.0000,0.324398
2000,0.10,40,25,5.2000,0.370845
2000,0.10,40,26,5.4000,0.367118
2000,0.10,40,27,5.6000,0.367467
2000,0.10,40,28,5.8000,0.385653
2000,0.10,40,29,6.0000,0.403656
2000,0.10,40,30,6.2000,0.441001
2000,0.10,40,31,6.4000,0.438294
2000,0.10,40,32,6.6000,0.440397
2000,0.10,40,33,6.8000,0.449903
2000,0.10,40,34,7.0000,0.427073
2000,0.10,40,35,7.2000,0.437776
2000,0.10,40,36,7.4000,0.434396
2000,0.10,40,37,7.6000,0.450838
2000,0.10,40,38,7.8000,0.486690
2000,0.10,40,39,8.0000,0.484919
2000,0.10,40,40,8.2000,0.481828
2000,0.10,40,41,8.4000,0.479538
2000,0.10,40,42,8.6000,0.482285
2000,0.10,40,43,8.8000,0.483794
2000,0.10,40,44,9.0000,0.483128
2000,0.10,40,45,9.2000,0.476487
2000,0.10,40,46,9.4000,0.455577
2000,0.10,40,47,9.6000,0.424757
2000,0.10,40,48,9.8000,0.409101
2000,0.10,40,49,10.0000,0.396321
2000,0.10,40,50,10.2000,0.359854
2000,0.10,40,51,10.4000,0.343399
2000,0.10,40,52,10.6000,0.354524
2000,0.10,40,53,10.8000,0.373826
2000,0.10,40,54,11.0000,0.368505
2000,0.10,40,55,11.2000,0.355837
2000,0.10,40,56,11.4000,0.344663
2000,0.10,40,57,11.6000,0.336363
2000,0.10,40,58,11.8000,0.322315
2000,0.10,40,59,12.0000,0.304165
2000,0.10,40,60,12.2000,0.292650
2000,0.10,40,61,12.4000,0.282125
2000,0.10,40,62,12.6000,0.253324
2000,0.10,40,63,12.8000,0.234475
2000,0.10,40,64,13.0000,0.213290
2000,0.10,40,65,13.2000,0.201717
2000,0.10,40,66,13.4000,0.214564
2000,0.10,40,67,13.6000,0.230162
2000,0.10,40,68,13.8000,0.239057
2000,0.10,40,69,14.0000,0.232863
2000,0.10,40,70,14.2000,0.238133
2000,0.10,40,71,14.4000,0.200833
2000,0.10,40,72,14.6000,0.214007
2000,0.10,40,73,14.8000,0.212087
2000,0.10,40,74,15.0000,0.209785
2000,0.10,40,75,15.2000,0.211063
2000,0.10,40,76,15.4000,0.214741
2000,0.10,40,77,15.6000,0.210403
2000,0.10,40,78,15.8000,0.212940
2000,0.10,40,79,16.0000,0.211809
2000,0.10,40,80,16.2000,0.214101
2000,0.10,40,81,16.4000,0.209593
2000,0.10,40,82,16.6000,0.204550
2000,0.10,40,83,16.8000,0.212695
2000,0.10,40,84,17.0000,0.209832
2000,0.10,40,85,17.2000,0.208312
2000,0.10,40,86,17.4000,0.206531
2000,0.10,40,87,17.6000,0.201865
2000,0.10,40,88,17.8000,0.197969
2000,0.10,40,89,18.0000,0.195895
2000,0.10,40,90,18.2000,0.197572
2000,0.10,40,91,18.4000,0.204654
2000,0.10,40,92,18.6000,0.206595
2000,0.10,40,93,18.8000,0.217079
2000,0.10,40,94,19.0000,0.216132
2000,0.10,40,95,19.2000,0.222775
2000,0.10,40,96,19.4000,0.219224
2000,0.10,40,97,19.6000,0.203614
2000,0.10,40,98,19.8000,0.199079
2000,0.10,40,99,20.0000,0.197250
2000,0.10,50,0,0.2000,1.697932
2000,0.10,50,1,0.4000,1.537921
2000,0.10,50,2,0.6000,1.492061
2000,0.10,50,3,0.8000,0.798073
2000,0.10,50,4,1.0000,0.594816
2000,0.10,50,5,1.2000,0.512711
2000,0.10,50,6,1.4000,0.453858
2000,0.10,50,7,1.6000,0.579744
2000,0.10,50,8,1.8000,0.580990
2000,0.10,50,9,2.0000,0.604985
2000,0.10,50,10,2.2000,0.552700
2000,0.10,50,11,2.4000,0.592958
2000,0.10,50,12,2.6000,0.584676
2000,0.10,50,13,2.8000,0.580596
2000,0.10,50,14,3.0000,0.573012
2000,0.10,50,15,3.2000,0.528671
2000,0.10,50,16,3.4000,0.581291
2000,0.10,50,17,3.6000,0.570882
2000,0.10,50,18,3.8000,0.535953
2000,0.10,50,19,4.0000,0.512264
2000,0.10,50,20,4.2000,0.486828
2000,0.10,50,21,4.4000,0.450305
2000,0.10,50,22,4.6000,0.431309
2000,0.10,50,23,4.8000,0.400597
2000,0.10,50,24,5.0000,0.391325
2000,0.10,50,25,5.2000,0.362637
2000,0.10,50,26,5.4000,0.345936
2000,0.10,50,27,5.6000,0.323261
2000,0.10,50,28,5.8000,0.298253
2000,0.10,50,29,6.0000,0.279041
2000,0.10,50,30,6.2000,0.252750
2000,0.10,50,31,6.4000,0.231277
2000,0.10,50,32,6.6000,0.222668
2000,0.10,50,33,6.8000,0.193648
2000,0.10,50,34,7.0000,0.154724
2000,0.10,50,35,7.2000,0.152812
2000,0.10,50,36,7.4000,0.198144
2000,0.10,50,37,7.6000,0.232228
2000,0.10,50,38,7.8000,0.218168
2000,0.10,50,39,8.0000,0.195184
2000,0.10,50,40,8.2000,0.161109
2000,0.10,50,41,8.4000,0.146673
2000,0.10,50,42,8.6000,0.133807
2000,0.10,50,43,8.8000,0.134057
2000,0.10,50,44,9.0000,0.141608
2000,0.10,50,45,9.2000,0.151104
2000,0.10,50,46,9.4000,0.175866
2000,0.10,50,47,9.6000,0.160418
2000,0.10,50,48,9.8000,0.169463
2000,0.10,50,49,10.0000,0.173488
2000,0.10,50,50,10.2000,0.169509
2000,0.10,50,51,10.4000,0.160046
2000,0.10,50,52,10.6000,0.128583
2000,0.10,50,53,10.8000,0.105495
2000,0.10,50,54,11.0000,0.098184
2000,0.10,50,55,11.2000,0.089370
2000,0.10,50,56,11.4000,0.088877
2000,0.10,50,57,11.6000,0.082592
2000,0.10,50,58,11.8000,0.084335
2000,0.10,50,59,12.0000,0.085431
2000,0.10,50,60,12.2000,0.080822
2000,0.10,50,61,12.4000,0.078768
2000,0.10,50,62,12.6000,0.073741
2000,0.10,50,63,12.8000,0.081054
2000,0.10,50,64,13.0000,0.086134
2000,0.10,50,65,13.2000,0.097455
2000,0.10,50,66,13.4000,0.106592
2000,0.10,50,67,13.6000,0.117793
2000,0.10,50,68,13.8000,0.121000
2000,0.10,50,69,14.0000,0.120407
2000,0.10,50,70,14.2000,0.121675
2000,0.10,50,71,14.4000,0.125672
2000,0.10,50,72,14.6000,0.145488
2000,0.10,50,73,14.8000,0.143142
2000,0.10,50,74,15.0000,0.159666
2000,0.10,50,75,15.2000,0.174054
2000,0.10,50,76,15.4000,0.166958
2000,0.10,50,77,15.6000,0.165667
2000,0.10,50,78,15.8000,0.174978
2000,0.10,50,79,16.0000,0.166937
2000,0.10,50,80,16.2000,0.157678
2000,0.10,50,81,16.4000,0.157403
2000,0.10,50,82,16.6000,0.158823
2000,0.10,50,83,16.8000,0.157527
2000,0.10,50,84,17.0000,0.153867
2000,0.10,50,85,17.2000,0.152284
2000,0.10,50,86,17.4000,0.154321
2000,0.10,50,87,17.6000,0.162099
2000,0.10,50,88,17.8000,0.165764
2000,0.10,50,89,18.0000,0.159294
2000,0.10,50,90,18.2000,0.149505
2000,0.10,50,91,18.4000,0.143866
2000,0.10,50,92,18.6000,0.146312
2000,0.10,50,93,18.8000,0.143994
2000,0.10,50,94,19.0000,0.137975
2000,0.10,50,95,19.2000,0.133490
2000,0.10,50,96,19.4000,0.126215
2000,0.10,50,97,19.6000,0.117691
2000,0.10,50,98,19.8000,0.125462
2000,0.10,50,99,20.0000,0.122836
2000,0.10,60,0,0.2000,3.313602
2000,0.10,60,1,0.4000,2.582085
2000,0.10,60,2,0.6000,1.761390
2000,0.10,60,3,0.8000,1.033112
2000,0.10,60,4,1.0000,0.359164
2000,0.10,60,5,1.2000,0.505338
2000,0.10,60,6,1.4000,0.809649
2000,0.10,60,7,1.6000,0.774586
2000,0.10,60,8,1.8000,0.770319
2000,0.10,60,9,2.0000,0.631163
2000,0.10,60,10,2.2000,0.705763
2000,0.10,60,11,2.4000,0.540251
2000,0.10,60,12,2.6000,0.429820
2000,0.10,60,13,2.8000,0.361399
2000,0.10,60,14,3.0000,0.301733
2000,0.10,60,15,3.2000,0.286782
2000,0.10,60,16,3.4000,0.344638
2000,0.10,60,17,3.6000,0.357081
2000,0.10,60,18,3.8000,0.356531
2000,0.10,60,19,4.0000,0.465580
2000,0.10,60,20,4.2000,0.464432
2000,0.10,60,21,4.4000,0.451337
2000,0.10,60,22,4.6000,0.438403
2000,0.10,60,23,4.8000,0.458374
2000,0.10,60,24,5.0000,0.484905
2000,0.10,60,25,5.2000,0.450651
2000,0.10,60,26,5.4000,0.417657
2000,0.10,60,27,5.6000,0.425279
2000,0.10,60,28,5.8000,0.389506
2000,0.10,60,29,6.0000,0.358101
2000,0.10,60,30,6.2000,0.402360
2000,0.10,60,31,6.4000,0.393873
2000,0.10,60,32,6.6000,0.388375
2000,0.10,60,33,6.8000,0.386986
2000,0.10,60,34,7.0000,0.388009
2000,0.10,60,35,7.2000,0.384538
2000,0.10,60,36,7.4000,0.386137
2000,0.10,60,37,7.6000,0.384972
2000,0.10,60,38,7.8000,0.363890
2000,0.10,60,39,8.0000,0.359877
2000,0.10,60,40,8.2000,0.399087
2000,0.10,60,41,8.4000,0.397000
2000,0.10,60,42,8.6000,0.418772
2000,0.10,60,43,8.8000,0.400251
2000,0.10,60,44,9.0000,0.391958
2000,0.10,60,45,9.2000,0.403118
2000,0.10,60,46,9.4000,0.398641
2000,0.10,60,47,9.6000,0.395863
2000,0.10,60,48,9.8000,0.370276
2000,0.10,60,49,10.0000,0.349806
2000,0.10,60,50,10.2000,0.335367
2000,0.10,60,51,10.4000,0.307072
2000,0.10,60,52,10.6000,0.292934
2000,0.10,60,53,10.8000,0.318207
2000,0.10,60,54,11.0000,0.295734
2000,0.10,60,55,11.2000,0.280984
2000,0.10,60,56,11.4000,0.274271
2000,0.10,60,57,11.6000,0.276176
2000,0.10,60,58,11.8000,0.274923
2000,0.10,60,59,12.0000,0.275176
2000,0.10,60,60,12.2000,0.290533
2000,0.10,60,61,12.4000,0.290493
2000,0.10,60,62,12.6000,0.292686
2000,0.10,60,63,12.8000,0.296331
2000,0.10,60,64,13.0000,0.303040
2000,0.10,60,65,13.2000,0.300603
2000,0.10,60,66,13.4000,0.316237
2000,0.10,60,67,13.6000,0.309345
2000,0.10,60,68,13.8000,0.293107
2000,0.10,60,69,14.0000,0.284186
2000,0.10,60,70,14.2000,0.281290
2000,0.10,60,71,14.4000,0.297918
2000,0.10,60,72,14.6000,0.321961
2000,0.10,60,73,14.8000,0.340407
2000,0.10,60,74,15.0000,0.356487
2000,0.10,60,75,15.2000,0.353735
2000,0.10,60,76,15.4000,0.359656
2000,0.10,60,77,15.6000,0.368401
2000,0.10,60,78,15.8000,0.368064
2000,0.10,60,79,16.0000,0.368064
2000,0.10,60,80,16.2000,0.357106
2000,0.10,60,81,16.4000,0.346054
2000,0.10,60,82,16.6000,0.338781
2000,0.10,60,83,16.8000,0.326894
2000,0.10,60,84,17.0000,0.320289
2000,0.10,60,85,17.2000,0.307664
2000,0.10,60,86,17.4000,0.295556
2000,0.10,60,87,17.6000,0.286526
2000,0.10,60,88,17.8000,0.273305
2000,0.10,60,89,18.0000,0.265774
2000,0.10,60,90,18.2000,0.264677
2000,0.10,60,91,18.4000,0.261610
2000,0.10,60,92,18.6000,0.258691
2000,0.10,60,93,18.8000,0.265296
2000,0.10,60,94,19.0000,0.263541
2000,0.10,60,95,19.2000,0.255022
2000,0.10,60,96,19.4000,0.244969
2000,0.10,60,97,19.6000,0.240657
2000,0.10,60,98,19.8000,0.239342
2000,0.10,60,99,20.0000,0.238773
2000,0.10,70,0,0.2000,2.763981
2000,0.10,70,1,0.4000,2.473133
2000,0.10,70,2,0.6000,2.312670
2000,0.10,70,3,0.8000,0.670317
2000,0.10,70,4,1.0000,0.694027
2000,0.10,70,5,1.2000,0.440054
2000,0.10,70,6,1.4000,0.430598
2000,0.10,70,7,1.6000,0.384409
2000,0.10,70,8,1.8000,0.500029
2000,0.10,70,9,2.0000,0.499320
2000,0.10,70,10,2.2000,0.446181
2000,0.10,70,11,2.4000,0.425803
2000,0.10,70,12,2.6000,0.389935
2000,0.10,70,13,2.8000,0.367998
2000,0.10,70,14,3.0000,0.351386
2000,0.10,70,15,3.2000,0.449181
2000,0.10,70,16,3.4000,0.374382
2000,0.10,70,17,3.6000,0.312481
2000,0.10,70,18,3.8000,0.314786
2000,0.10,70,19,4.0000,0.308548
2000,0.10,70,20,4.2000,0.307137
2000,0.10,70,21,4.4000,0.268149
2000,0.10,70,22,4.6000,0.223426
2000,0.10,70,23,4.8000,0.210742
2000,0.10,70,24,5.0000,0.223202
2000,0.10,70,25,5.2000,0.213620
2000,0.10,70,26,5.4000,0.210647
2000,0.10,70,27,5.6000,0.200943
2000,0.10,70,28,5.8000,0.174550
2000,0.10,70,29,6.0000,0.163893
2000,0.10,70,30,6.2000,0.165654
2000,0.10,70,31,6.4000,0.165218
2000,0.10,70,32,6.6000,0.170637
2000,0.10,70,33,6.8000,0.175055
2000,0.10,70,34,7.0000,0.161088
2000,0.10,70,35,7.2000,0.164004
2000,0.10,70,36,7.4000,0.169646
2000,0.10,70,37,7.6000,0.171057
2000,0.10,70,38,7.8000,0.163620
2000,0.10,70,39,8.0000,0.149012
2000,0.10,70,40,8.2000,0.125573
2000,0.10,70,41,8.4000,0.110649
2000,0.10,70,42,8.6000,0.097171
2000,0.10,70,43,8.8000,0.091362
2000,0.10,70,44,9.0000,0.089357
2000,0.10,70,45,9.2000,0.089579
2000,0.10,70,46,9.4000,0.077801
2000,0.10,70,47,9.6000,0.086096
2000,0.10,70,48,9.8000,0.086635
2000,0.10,70,49,10.0000,0.085456
2000,0.10,70,50,10.2000,0.097733
2000,0.10,70,51,10.4000,0.099779
2000,0.10,70,52,10.6000,0.086894
2000,0.10,70,53,10.8000,0.088883
2000,0.10,70,54,11.0000,0.094311
2000,0.10,70,55,11.2000,0.073557
2000,0.10,70,56,11.4000,0.078735
2000,0.10,70,57,11.6000,0.068568
2000,0.10,70,58,11.8000,0.080315
2000,0.10,70,59,12.0000,0.096902
2000,0.10,70,60,12.2000,0.101770
2000,0.10,70,61,12.4000,0.102195
2000,0.10,70,62,12.6000,0.101813
2000,0.10,70,63,12.8000,0.123243
2000,0.10,70,64,13.0000,0.149449
2000,0.10,70,65,13.2000,0.170003
2000,0.10,70,66,13.4000,0.175174
2000,0.10,70,67,13.6000,0.174947
2000,0.10,70,68,13.8000,0.174731
2000,0.10,70,69,14.0000,0.175290
2000,0.10,70,70,14.2000,0.176625
2000,0.10,70,71,14.4000,0.178400
2000,0.10,70,72,14.6000,0.181455
2000,0.10,70,73,14.8000,0.185092
2000,0.10,70,74,15.0000,0.193712
2000,0.10,70,75,15.2000,0.202259
2000,0.10,70,76,15.4000,0.208547
2000,0.10,70,77,15.6000,0.197701
2000,0.10,70,78,15.8000,0.189265
2000,0.10,70,79,16.0000,0.181116
2000,0.10,70,80,16.2000,0.170500
2000,0.10,70,81,16.4000,0.177964
2000,0.10,70,82,16.6000,0.168714
2000,0.10,70,83,16.8000,0.162001
2000,0.10,70,84,17.0000,0.156769
2000,0.10,70,85,17.2000,0.148351
2000,0.10,70,86,17.4000,0.150265
2000,0.10,70,87,17.6000,0.148411
2000,0.10,70,88,17.8000,0.146694
2000,0.10,70,89,18.0000,0.145507
2000,0.10,70,90,18.2000,0.144745
2000,0.10,70,91,18.4000,0.156200
2000,0.10,70,92,18.6000,0.158901
2000,0.10,70,93,18.8000,0.165540
2000,0.10,70,94,19.0000,0.175666
2000,0.10,70,95,19.2000,0.182984
2000,0.10,70,96,19.4000,0.178300
2000,0.10,70,97,19.6000,0.176237
2000,0.10,70,98,19.8000,0.173859
2000,0.10,70,99,20.0000,0.169276
2000,0.10,80,0,0.2000,2.395311
2000,0.10,80,1,0.4000,1.580937
2000,0.10,80,2,0.6000,0.754938
2000,0.10,80,3,0.8000,0.929908
2000,0.10,80,4,1.0000,1.143624
2000,0.10,80,5,1.2000,1.026361
2000,0.10,80,6,1.4000,1.009045
2000,0.10,80,7,1.6000,0.945478
2000,0.10,80,8,1.8000,0.780058
2000,0.10,80,9,2.0000,0.666418
2000,0.10,80,10,2.2000,0.630740
2000,0.10,80,11,2.4000,0.577235
2000,0.10,80,12,2.6000,0.531016
2000,0.10,80,13,2.8000,0.469476
2000,0.10,80,14,3.0000,0.424769
2000,0.10,80,15,3.2000,0.407460
2000,0.10,80,16,3.4000,0.595475
2000,0.10,80,17,3.6000,0.484350
2000,0.10,80,18,3.8000,0.533196
2000,0.10,80,19,4.0000,0.534326
2000,0.10,80,20,4.2000,0.507425
2000,0.10,80,21,4.4000,0.542212
2000,0.10,80,22,4.6000,0.516541
2000,0.10,80,23,4.8000,0.490134
2000,0.10,80,24,5.0000,0.475267
2000,0.10,80,25,5.2000,0.446245
2000,0.10,80,26,5.4000,0.474266
2000,0.10,80,27,5.6000,0.473171
2000,0.10,80,28,5.8000,0.459819
2000,0.10,80,29,6.0000,0.452637
2000,0.10,80,30,6.2000,0.444763
2000,0.10,80,31,6.4000,0.439592
2000,0.10,80,32,6.6000,0.436119
2000,0.10,80,33,6.8000,0.411440
2000,0.10,80,34,7.0000,0.380928
2000,0.10,80,35,7.2000,0.425145
2000,0.10,80,36,7.4000,0.384808
2000,0.10,80,37,7.6000,0.355093
2000,0.10,80,38,7.8000,0.321989
2000,0.10,80,39,8.0000,0.296800
2000,0.10,80,40,8.2000,0.266524
2000,0.10,80,41,8.4000,0.257078
2000,0.10,80,42,8.6000,0.268507
2000,0.10,80,43,8.8000,0.310673
2000,0.10,80,44,9.0000,0.305001
2000,0.10,80,45,9.2000,0.293777
2000,0.10,80,46,9.4000,0.271182
2000,0.10,80,47,9.6000,0.257434
2000,0.10,80,48,9.8000,0.267897
2000,0.10,80,49,10.0000,0.266619
2000,0.10,80,50,10.2000,0.254994
2000,0.10,80,51,10.4000,0.250981
2000,0.10,80,52,10.6000,0.248218
2000,0.10,80,53,10.8000,0.236008
2000,0.10,80,54,11.0000,0.227262
2000,0.10,80,55,11.2000,0.220319
2000,0.10,80,56,11.4000,0.248417
2000,0.10,80,57,11.6000,0.255994
2000,0.10,80,58,11.8000,0.282460
2000,0.10,80,59,12.0000,0.276649
2000,0.10,80,60,12.2000,0.285914
2000,0.10,80,61,12.4000,0.294755
2000,0.10,80,62,12.6000,0.288593
2000,0.10,80,63,12.8000,0.282637
2000,0.10,80,64,13.0000,0.302586
2000,0.10,80,65,13.2000,0.311201
2000,0.10,80,66,13.4000,0.313077
2000,0.10,80,67,13.6000,0.332791
2000,0.10,80,68,13.8000,0.339354
2000,0.10,80,69,14.0000,0.335263
2000,0.10,80,70,14.2000,0.333465
2000,0.10,80,71,14.4000,0.349878
2000,0.10,80,72,14.6000,0.359691
2000,0.10,80,73,14.8000,0.348439
2000,0.10,80,74,15.0000,0.332959
2000,0.10,80,75,15.2000,0.321024
2000,0.10,80,76,15.4000,0.343669
2000,0.10,80,77,15.6000,0.325098
2000,0.10,80,78,15.8000,0.323110
2000,0.10,80,79,16.0000,0.310159
2000,0.10,80,80,16.2000,0.298054
2000,0.10,80,81,16.4000,0.286367
2000,0.10,80,82,16.6000,0.279549
2000,0.10,80,83,16.8000,0.264829
2000,0.10,80,84,17.0000,0.265686
2000,0.10,80,85,17.2000,0.262641
2000,0.10,80,86,17.4000,0.252438
2000,0.10,80,87,17.6000,0.238440
2000,0.10,80,88,17.8000,0.229525
2000,0.10,80,89,18.0000,0.234351
2000,0.10,80,90,18.2000,0.231594
2000,0.10,80,91,18.4000,0.228221
2000,0.10,80,92,18.6000,0.226187
2000,0.10,80,93,18.8000,0.225221
2000,0.10,80,94,19.0000,0.214630
2000,0.10,80,95,19.2000,0.208649
2000,0.10,80,96,19.4000,0.225938
2000,0.10,80,97,19.6000,0.216579
2000,0.10,80,98,19.8000,0.207911
2000,0.10,80,99,20.0000,0.193322
2000,0.10,90,0,0.2000,2.183506
2000,0.10,90,1,0.4000,1.996745
2000,0.10,90,2,0.6000,0.660165
2000,0.10,90,3,0.8000,0.447307
2000,0.10,90,4,1.0000,0.334831
2000,0.10,90,5,1.2000,0.275019
2000,0.10,90,6,1.4000,0.364923
2000,0.10,90,7,1.6000,0.444855
2000,0.10,90,8,1.8000,0.489402
2000,0.10,90,9,2.0000,0.486860
2000,0.10,90,10,2.2000,0.551134
2000,0.10,90,11,2.4000,0.396604
2000,0.10,90,12,2.6000,0.328948
2000,0.10,90,13,2.8000,0.320844
2000,0.10,90,14,3.0000,0.293399
2000,0.10,90,15,3.2000,0.290549
2000,0.10,90,16,3.4000,0.299529
2000,0.10,90,17,3.6000,0.239893
2000,0.10,90,18,3.8000,0.255341
2000,0.10,90,19,4.0000,0.272393
2000,0.10,90,20,4.2000,0.216846
2000,0.10,90,21,4.4000,0.260936
2000,0.10,90,22,4.6000,0.244104
2000,0.10,90,23,4.8000,0.191473
2000,0.10,90,24,5.0000,0.166747
2000,0.10,90,25,5.2000,0.157027
2000,0.10,90,26,5.4000,0.164938
2000,0.10,90,27,5.6000,0.163199
2000,0.10,90,28,5.8000,0.162840
2000,0.10,90,29,6.0000,0.156901
2000,0.10,90,30,6.2000,0.158599
2000,0.10,90,31,6.4000,0.124235
2000,0.10,90,32,6.6000,0.103110
2000,0.10,90,33,6.8000,0.106387
2000,0.10,90,34,7.0000,0.119499
2000,0.10,90,35,7.2000,0.131094
2000,0.10,90,36,7.4000,0.153958
2000,0.10,90,37,7.6000,0.172243
2000,0.10,90,38,7.8000,0.165454
2000,0.10,90,39,8.0000,0.183850
2000,0.10,90,40,8.2000,0.170442
2000,0.10,90,41,8.4000,0.192308
2000,0.10,90,42,8.6000,0.216053
2000,0.10,90,43,8.8000,0.209256
2000,0.10,90,44,9.0000,0.228571
2000,0.10,90,45,9.2000,0.220419
2000,0.10,90,46,9.4000,0.209337
2000,0.10,90,47,9.6000,0.201305
2000,0.10,90,48,9.8000,0.190464
2000,0.10,90,49,10.0000,0.174570
2000,0.10,90,50,10.2000,0.152750
2000,0.10,90,51,10.4000,0.145353
2000,0.10,90,52,10.6000,0.133292
2000,0.10,90,53,10.8000,0.128254
2000,0.10,90,54,11.0000,0.133275
2000,0.10,90,55,11.2000,0.132980
2000,0.10,90,56,11.4000,0.143094
2000,0.10,90,57,11.6000,0.154074
2000,0.10,90,58,11.8000,0.155497
2000,0.10,90,59,12.0000,0.163168
2000,0.10,90,60,12.2000,0.152441
2000,0.10,90,61,12.4000,0.149754
2000,0.10,90,62,12.6000,0.143162
2000,0.10,90,63,12.8000,0.138304
2000,0.10,90,64,13.0000,0.139670
2000,0.10,90,65,13.2000,0.137860
2000,0.10,90,66,13.4000,0.144522
2000,0.10,90,67,13.6000,0.132041
2000,0.10,90,68,13.8000,0.147907
2000,0.10,90,69,14.0000,0.146951
2000,0.10,90,70,14.2000,0.158105
2000,0.10,90,71,14.4000,0.157743
2000,0.10,90,72,14.6000,0.146665
2000,0.10,90,73,14.8000,0.164032
2000,0.10,90,74,15.0000,0.156402
2000,0.10,90,75,15.2000,0.145759
2000,0.10,90,76,15.4000,0.139314
2000,0.10,90,77,15.6000,0.132914
2000,0.10,90,78,15.8000,0.120103
2000,0.10,90,79,16.0000,0.115202
2000,0.10,90,80,16.2000,0.120963
2000,0.10,90,81,16.4000,0.116336
2000,0.10,90,82,16.6000,0.115687
2000,0.10,90,83,16.8000,0.110385
2000,0.10,90,84,17.0000,0.105691
2000,0.10,90,85,17.2000,0.098746
2000,0.10,90,86,17.4000,0.108387
2000,0.10,90,87,17.6000,0.107208
2000,0.10,90,88,17.8000,0.100626
2000,0.10,90,89,18.0000,0.097314
2000,0.10,90,90,18.2000,0.094399
2000,0.10,90,91,18.4000,0.088893
2000,0.10,90,92,18.6000,0.085308
2000,0.10,90,93,18.8000,0.084481
2000,0.10,90,94,19.0000,0.083417
2000,0.10,90,95,19.2000,0.084267
2000,0.10,90,96,19.4000,0.085993
2000,0.10,90,97,19.6000,0.090872
2000,0.10,90,98,19.8000,0.096114
2000,0.10,90,99,20.0000,0.099347
2000,0.2,10,0,0.2000,2.335016
2000,0.2,10,1,0.4000,1.580486
2000,0.2,10,2,0.6000,1.198052
2000,0.2,10,3,0.8000,0.497672
2000,0.2,10,4,1.0000,0.500085
2000,0.2,10,5,1.2000,0.359880
2000,0.2,10,6,1.4000,0.330222
2000,0.2,10,7,1.6000,0.321001
2000,0.2,10,8,1.8000,0.219794
2000,0.2,10,9,2.0000,0.292262
2000,0.2,10,10,2.2000,0.291975
2000,0.2,10,11,2.4000,0.254775
2000,0.2,10,12,2.6000,0.243607
2000,0.2,10,13,2.8000,0.226003
2000,0.2,10,14,3.0000,0.182193
2000,0.2,10,15,3.2000,0.192208
2000,0.2,10,16,3.4000,0.195327
2000,0.2,10,17,3.6000,0.246325
2000,0.2,10,18,3.8000,0.291029
2000,0.2,10,19,4.0000,0.248532
2000,0.2,10,20,4.2000,0.237773
2000,0.2,10,21,4.4000,0.299629
2000,0.2,10,22,4.6000,0.282076
2000,0.2,10,23,4.8000,0.249147
2000,0.2,10,24,5.0000,0.216455
2000,0.2,10,25,5.2000,0.193294
2000,0.2,10,26,5.4000,0.196608
2000,0.2,10,27,5.6000,0.237977
2000,0.2,10,28,5.8000,0.259705
2000,0.2,10,29,6.0000,0.246655
2000,0.2,10,30,6.2000,0.271687
2000,0.2,10,31,6.4000,0.257254
2000,0.2,10,32,6.6000,0.259577
2000,0.2,10,33,6.8000,0.287268
2000,0.2,10,34,7.0000,0.276268
2000,0.2,10,35,7.2000,0.256538
2000,0.2,10,36,7.4000,0.247880
2000,0.2,10,37,7.6000,0.241633
2000,0.2,10,38,7.8000,0.234352
2000,0.2,10,39,8.0000,0.252235
2000,0.2,10,40,8.2000,0.238852
2000,0.2,10,41,8.4000,0.216202
2000,0.2,10,42,8.6000,0.196964
2000,0.2,10,43,8.8000,0.179146
2000,0.2,10,44,9.0000,0.190340
2000,0.2,10,45,9.2000,0.170288
2000,0.2,10,46,9.4000,0.182158
2000,0.2,10,47,9.6000,0.177075
2000,0.2,10,48,9.8000,0.195833
2000,0.2,10,49,10.0000,0.206398
2000,0.2,10,50,10.2000,0.199540
2000,0.2,10,51,10.4000,0.224603
2000,0.2,10,52,10.6000,0.220067
2000,0.2,10,53,10.8000,0.215686
2000,0.2,10,54,11.0000,0.210558
2000,0.2,10,55,11.2000,0.213246
2000,0.2,10,56,11.4000,0.248354
2000,0.2,10,57,11.6000,0.297599
2000,0.2,10,58,11.8000,0.305858
2000,0.2,10,59,12.0000,0.310389
2000,0.2,10,60,12.2000,0.333649
2000,0.2,10,61,12.4000,0.338151
2000,0.2,10,62,12.6000,0.334676
2000,0.2,10,63,12.8000,0.321391
2000,0.2,10,64,13.0000,0.307308
2000,0.2,10,65,13.2000,0.309064
2000,0.2,10,66,13.4000,0.297421
2000,0.2,10,67,13.6000,0.285536
2000,0.2,10,68,13.8000,0.274366
2000,0.2,10,69,14.0000,0.263773
2000,0.2,10,70,14.2000,0.250128
2000,0.2,10,71,14.4000,0.237205
2000,0.2,10,72,14.6000,0.241088
2000,0.2,10,73,14.8000,0.227981
2000,0.2,10,74,15.0000,0.217468
2000,0.2,10,75,15.2000,0.239795
2000,0.2,10,76,15.4000,0.250191
2000,0.2,10,77,15.6000,0.245188
2000,0.2,10,78,15.8000,0.242685
2000,0.2,10,79,16.0000,0.239584
2000,0.2,10,80,16.2000,0.237751
2000,0.2,10,81,16.4000,0.236242
2000,0.2,10,82,16.6000,0.241633
2000,0.2,10,83,16.8000,0.240853
2000,0.2,10,84,17.0000,0.258216
2000,0.2,10,85,17.2000,0.243824
2000,0.2,10,86,17.4000,0.233693
2000,0.2,10,87,17.6000,0.238490
2000,0.2,10,88,17.8000,0.227474
2000,0.2,10,89,18.0000,0.218048
2000,0.2,10,90,18.2000,0.208604
2000,0.2,10,91,18.4000,0.205535
2000,0.2,10,92,18.6000,0.196162
2000,0.2,10,93,18.8000,0.193529
2000,0.2,10,94,19.0000,0.187166
2000,0.2,10,95,19.2000,0.185148
2000,0.2,10,96,19.4000,0.183399
2000,0.2,10,97,19.6000,0.183643
2000,0.2,10,98,19.8000,0.196421
2000,0.2,10,99,20.0000,0.191785
2000,0.2,100,0,0.2000,2.512404
2000,0.2,100,1,0.4000,1.455174
2000,0.2,100,2,0.6000,0.803999
2000,0.2,100,3,0.8000,0.766672
2000,0.2,100,4,1.0000,1.106573
2000,0.2,100,5,1.2000,1.221213
2000,0.2,100,6,1.4000,1.212059
2000,0.2,100,7,1.6000,1.313810
2000,0.2,100,8,1.8000,0.801225
2000,0.2,100,9,2.0000,0.596798
2000,0.2,100,10,2.2000,0.461077
2000,0.2,100,11,2.4000,0.399519
2000,0.2,100,12,2.6000,0.359231
2000,0.2,100,13,2.8000,0.347285
2000,0.2,100,14,3.0000,0.399293
2000,0.2,100,15,3.2000,0.454728
2000,0.2,100,16,3.4000,0.537126
2000,0.2,100,17,3.6000,0.513349
2000,0.2,100,18,3.8000,0.563596
2000,0.2,100,19,4.0000,0.526990
2000,0.2,100,20,4.2000,0.562067
2000,0.2,100,21,4.4000,0.501494
2000,0.2,100,22,4.6000,0.467896
2000,0.2,100,23,4.8000,0.428597
2000,0.2,100,24,5.0000,0.407082
2000,0.2,100,25,5.2000,0.361029
2000,0.2,100,26,5.4000,0.329615
2000,0.2,100,27,5.6000,0.317534
2000,0.2,100,28,5.8000,0.315009
2000,0.2,100,29,6.0000,0.280628
2000,0.2,100,30,6.2000,0.284677
2000,0.2,100,31,6.4000,0.307766
2000,0.2,100,32,6.6000,0.324664
2000,0.2,100,33,6.8000,0.301336
2000,0.2,100,34,7.0000,0.284950
2000,0.2,100,35,7.2000,0.295944
2000,0.2,100,36,7.4000,0.278062
2000,0.2,100,37,7.6000,0.264613
2000,0.2,100,38,7.8000,0.249171
2000,0.2,100,39,8.0000,0.235594
2000,0.2,100,40,8.2000,0.219937
2000,0.2,100,41,8.4000,0.212581
2000,0.2,100,42,8.6000,0.207349
2000,0.2,100,43,8.8000,0.206260
2000,0.2,100,44,9.0000,0.196898
2000,0.2,100,45,9.2000,0.182572
2000,0.2,100,46,9.4000,0.161390
2000,0.2,100,47,9.6000,0.133628
2000,0.2,100,48,9.8000,0.126721
2000,0.2,100,49,10.0000,0.118361
2000,0.2,100,50,10.2000,0.109161
2000,0.2,100,51,10.4000,0.104539
2000,0.2,100,52,10.6000,0.098503
2000,0.2,100,53,10.8000,0.094983
2000,0.2,100,54,11.0000,0.101229
2000,0.2,100,55,11.2000,0.108774
2000,0.2,100,56,11.4000,0.117009
2000,0.2,100,57,11.6000,0.122115
2000,0.2,100,58,11.8000,0.123879
2000,0.2,100,59,12.0000,0.129097
2000,0.2,100,60,12.2000,0.145283
2000,0.2,100,61,12.4000,0.114891
2000,0.2,100,62,12.6000,0.109345
2000,0.2,100,63,12.8000,0.091244
2000,0.2,100,64,13.0000,0.080295
2000,0.2,100,65,13.2000,0.078200
2000,0.2,100,66,13.4000,0.082009
2000,0.2,100,67,13.6000,0.084854
2000,0.2,100,68,13.8000,0.090795
2000,0.2,100,69,14.0000,0.090829
2000,0.2,100,70,14.2000,0.102426
2000,0.2,100,71,14.4000,0.113436
2000,0.2,100,72,14.6000,0.116690
2000,0.2,100,73,14.8000,0.118484
2000,0.2,100,74,15.0000,0.117430
2000,0.2,100,75,15.2000,0.117705
2000,0.2,100,76,15.4000,0.119951
2000,0.2,100,77,15.6000,0.112447
2000,0.2,100,78,15.8000,0.099422
2000,0.2,100,79,16.0000,0.093965
2000,0.2,100,80,16.2000,0.102783
2000,0.2,100,81,16.4000,0.104853
2000,0.2,100,82,16.6000,0.124956
2000,0.2,100,83,16.8000,0.147052
2000,0.2,100,84,17.0000,0.144999
2000,0.2,100,85,17.2000,0.144406
2000,0.2,100,86,17.4000,0.145009
2000,0.2,100,87,17.6000,0.145836
2000,0.2,100,88,17.8000,0.145198
2000,0.2,100,89,18.0000,0.145261
2000,0.2,100,90,18.2000,0.146593
2000,0.2,100,91,18.4000,0.155078
2000,0.2,100,92,18.6000,0.156171
2000,0.2,100,93,18.8000,0.157863
2000,0.2,100,94,19.0000,0.159502
2000,0.2,100,95,19.2000,0.164298
2000,0.2,100,96,19.4000,0.168080
2000,0.2,100,97,19.6000,0.172170
2000,0.2,100,98,19.8000,0.168857
2000,0.2,100,99,20.0000,0.160358
2000,0.2,20,0,0.2000,2.136665
2000,0.2,20,1,0.4000,2.111447
2000,0.2,20,2,0.6000,1.434467
2000,0.2,20,3,0.8000,0.758971
2000,0.2,20,4,1.0000,0.575426
2000,0.2,20,5,1.2000,0.728627
2000,0.2,20,6,1.4000,0.671198
2000,0.2,20,7,1.6000,0.855645
2000,0.2,20,8,1.8000,0.413241
2000,0.2,20,9,2.0000,0.432847
2000,0.2,20,10,2.2000,0.438202
2000,0.2,20,11,2.4000,0.471529
2000,0.2,20,12,2.6000,0.542644
2000,0.2,20,13,2.8000,0.561549
2000,0.2,20,14,3.0000,0.576682
2000,0.2,20,15,3.2000,0.580695
2000,0.2,20,16,3.4000,0.504194
2000,0.2,20,17,3.6000,0.515901
2000,0.2,20,18,3.8000,0.495581
2000,0.2,20,19,4.0000,0.489694
2000,0.2,20,20,4.2000,0.475301
2000,0.2,20,21,4.4000,0.454015
2000,0.2,20,22,4.6000,0.436934
2000,0.2,20,23,4.8000,0.422467
2000,0.2,20,24,5.0000,0.404300
2000,0.2,20,25,5.2000,0.385765
2000,0.2,20,26,5.4000,0.365599
2000,0.2,20,27,5.6000,0.351393
2000,0.2,20,28,5.8000,0.345249
2000,0.2,20,29,6.0000,0.340253
2000,0.2,20,30,6.2000,0.337298
2000,0.2,20,31,6.4000,0.339854
2000,0.2,20,32,6.6000,0.365923
2000,0.2,20,33,6.8000,0.346644
2000,0.2,20,34,7.0000,0.332618
2000,0.2,20,35,7.2000,0.325163
2000,0.2,20,36,7.4000,0.327974
2000,0.2,20,37,7.6000,0.311774
2000,0.2,20,38,7.8000,0.314912
2000,0.2,20,39,8.0000,0.312388
2000,0.2,20,40,8.2000,0.302787
2000,0.2,20,41,8.4000,0.295558
2000,0.2,20,42,8.6000,0.289806
2000,0.2,20,43,8.8000,0.285208
2000,0.2,20,44,9.0000,0.277368
2000,0.2,20,45,9.2000,0.273058
2000,0.2,20,46,9.4000,0.268344
2000,0.2,20,47,9.6000,0.256973
2000,0.2,20,48,9.8000,0.240537
2000,0.2,20,49,10.0000,0.233373
2000,0.2,20,50,10.2000,0.233334
2000,0.2,20,51,10.4000,0.217822
2000,0.2,20,52,10.6000,0.201060
2000,0.2,20,53,10.8000,0.193586
2000,0.2,20,54,11.0000,0.184852
2000,0.2,20,55,11.2000,0.177112
2000,0.2,20,56,11.4000,0.180372
2000,0.2,20,57,11.6000,0.181550
2000,0.2,20,58,11.8000,0.180612
2000,0.2,20,59,12.0000,0.173778
2000,0.2,20,60,12.2000,0.168998
2000,0.2,20,61,12.4000,0.166957
2000,0.2,20,62,12.6000,0.162906
2000,0.2,20,63,12.8000,0.160510
2000,0.2,20,64,13.0000,0.161763
2000,0.2,20,65,13.2000,0.157981
2000,0.2,20,66,13.4000,0.153208
2000,0.2,20,67,13.6000,0.141999
2000,0.2,20,68,13.8000,0.141191
2000,0.2,20,69,14.0000,0.140972
2000,0.2,20,70,14.2000,0.141968
2000,0.2,20,71,14.4000,0.136860
2000,0.2,20,72,14.6000,0.138193
2000,0.2,20,73,14.8000,0.128367
2000,0.2,20,74,15.0000,0.129021
2000,0.2,20,75,15.2000,0.125858
2000,0.2,20,76,15.4000,0.126179
2000,0.2,20,77,15.6000,0.121098
2000,0.2,20,78,15.8000,0.120538
2000,0.2,20,79,16.0000,0.122330
2000,0.2,20,80,16.2000,0.121369
2000,0.2,20,81,16.4000,0.122808
2000,0.2,20,82,16.6000,0.118063
2000,0.2,20,83,16.8000,0.122099
2000,0.2,20,84,17.0000,0.122901
2000,0.2,20,85,17.2000,0.124801
2000,0.2,20,86,17.4000,0.123330
2000,0.2,20,87,17.6000,0.122541
2000,0.2,20,88,17.8000,0.120980
2000,0.2,20,89,18.0000,0.121075
2000,0.2,20,90,18.2000,0.121048
2000,0.2,20,91,18.4000,0.122240
2000,0.2,20,92,18.6000,0.125474
2000,0.2,20,93,18.8000,0.120223
2000,0.2,20,94,19.0000,0.122487
2000,0.2,20,95,19.2000,0.116139
2000,0.2,20,96,19.4000,0.115539
2000,0.2,20,97,19.6000,0.117846
2000,0.2,20,98,19.8000,0.114347
2000,0.2,20,99,20.0000,0.111720
2000,0.2,30,0,0.2000,2.401029
2000,0.2,30,1,0.4000,1.550792
2000,0.2,30,2,0.6000,0.907208
2000,0.2,30,3,0.8000,0.308588
2000,0.2,30,4,1.0000,0.218678
2000,0.2,30,5,1.2000,0.310700
2000,0.2,30,6,1.4000,0.339215
2000,0.2,30,7,1.6000,0.326594
2000,0.2,30,8,1.8000,0.302860
2000,0.2,30,9,2.0000,0.352552
2000,0.2,30,10,2.2000,0.395257
2000,0.2,30,11,2.4000,0.436694
2000,0.2,30,12,2.6000,0.467570
2000,0.2,30,13,2.8000,0.523117
2000,0.2,30,14,3.0000,0.511403
2000,0.2,30,15,3.2000,0.429693
2000,0.2,30,16,3.4000,0.380922
2000,0.2,30,17,3.6000,0.349956
2000,0.2,30,18,3.8000,0.349263
2000,0.2,30,19,4.0000,0.322197
2000,0.2,30,20,4.2000,0.327296
2000,0.2,30,21,4.4000,0.294958
2000,0.2,30,22,4.6000,0.301928
2000,0.2,30,23,4.8000,0.299367
2000,0.2,30,24,5.0000,0.273428
2000,0.2,30,25,5.2000,0.253644
2000,0.2,30,26,5.4000,0.230120
2000,0.2,30,27,5.6000,0.227258
2000,0.2,30,28,5.8000,0.194680
2000,0.2,30,29,6.0000,0.194848
2000,0.2,30,30,6.2000,0.195856
2000,0.2,30,31,6.4000,0.194600
2000,0.2,30,32,6.6000,0.203715
2000,0.2,30,33,6.8000,0.212285
2000,0.2,30,34,7.0000,0.223056
2000,0.2,30,35,7.2000,0.234505
2000,0.2,30,36,7.4000,0.206610
2000,0.2,30,37,7.6000,0.187815
2000,0.2,30,38,7.8000,0.170237
2000,0.2,30,39,8.0000,0.176056
2000,0.2,30,40,8.2000,0.188050
2000,0.2,30,41,8.4000,0.197442
2000,0.2,30,42,8.6000,0.203900
2000,0.2,30,43,8.8000,0.183973
2000,0.2,30,44,9.0000,0.165802
2000,0.2,30,45,9.2000,0.141852
2000,0.2,30,46,9.4000,0.138192
2000,0.2,30,47,9.6000,0.149419
2000,0.2,30,48,9.8000,0.159085
2000,0.2,30,49,10.0000,0.164004
2000,0.2,30,50,10.2000,0.162215
2000,0.2,30,51,10.4000,0.144856
2000,0.2,30,52,10.6000,0.118870
2000,0.2,30,53,10.8000,0.123449
2000,0.2,30,54,11.0000,0.134556
2000,0.2,30,55,11.2000,0.142666
2000,0.2,30,56,11.4000,0.140820
2000,0.2,30,57,11.6000,0.127649
2000,0.2,30,58,11.8000,0.122482
2000,0.2,30,59,12.0000,0.128232
2000,0.2,30,60,12.2000,0.128803
2000,0.2,30,61,12.4000,0.140941
2000,0.2,30,62,12.6000,0.136082
2000,0.2,30,63,12.8000,0.143780
2000,0.2,30,64,13.0000,0.151986
2000,0.2,30,65,13.2000,0.160424
2000,0.2,30,66,13.4000,0.159151
2000,0.2,30,67,13.6000,0.159612
2000,0.2,30,68,13.8000,0.147581
2000,0.2,30,69,14.0000,0.133527
2000,0.2,30,70,14.2000,0.125687
2000,0.2,30,71,14.4000,0.129147
2000,0.2,30,72,14.6000,0.115372
2000,0.2,30,73,14.8000,0.114122
2000,0.2,30,74,15.0000,0.109915
2000,0.2,30,75,15.2000,0.106688
2000,0.2,30,76,15.4000,0.105254
2000,0.2,30,77,15.6000,0.104633
2000,0.2,30,78,15.8000,0.105480
2000,0.2,30,79,16.0000,0.092822
2000,0.2,30,80,16.2000,0.078961
2000,0.2,30,81,16.4000,0.084445
2000,0.2,30,82,16.6000,0.084474
2000,0.2,30,83,16.8000,0.083110
2000,0.2,30,84,17.0000,0.068820
2000,0.2,30,85,17.2000,0.067083
2000,0.2,30,86,17.4000,0.068365
2000,0.2,30,87,17.6000,0.074446
2000,0.2,30,88,17.8000,0.069792
2000,0.2,30,89,18.0000,0.060891
2000,0.2,30,90,18.2000,0.048942
2000,0.2,30,91,18.4000,0.042475
2000,0.2,30,92,18.6000,0.043247
2000,0.2,30,93,18.8000,0.047005
2000,0.2,30,94,19.0000,0.049111
2000,0.2,30,95,19.2000,0.044595
2000,0.2,30,96,19.4000,0.044476
2000,0.2,30,97,19.6000,0.045047
2000,0.2,30,98,19.8000,0.046852
2000,0.2,30,99,20.0000,0.053127
2000,0.2,40,0,0.2000,2.566693
2000,0.2,40,1,0.4000,1.829948
2000,0.2,40,2,0.6000,1.781117
2000,0.2,40,3,0.8000,1.602812
2000,0.2,40,4,1.0000,0.638453
2000,0.2,40,5,1.2000,0.770267
2000,0.2,40,6,1.4000,0.552497
2000,0.2,40,7,1.6000,0.509771
2000,0.2,40,8,1.8000,0.486656
2000,0.2,40,9,2.0000,0.450393
2000,0.2,40,10,2.2000,0.410590
2000,0.2,40,11,2.4000,0.362257
2000,0.2,40,12,2.6000,0.331678
2000,0.2,40,13,2.8000,0.351498
2000,0.2,40,14,3.0000,0.377339
2000,0.2,40,15,3.2000,0.267508
2000,0.2,40,16,3.4000,0.249768
2000,0.2,40,17,3.6000,0.236106
2000,0.2,40,18,3.8000,0.236464
2000,0.2,40,19,4.0000,0.233170
2000,0.2,40,20,4.2000,0.201885
2000,0.2,40,21,4.4000,0.153064
2000,0.2,40,22,4.6000,0.123506
2000,0.2,40,23,4.8000,0.135120
2000,0.2,40,24,5.0000,0.167561
2000,0.2,40,25,5.2000,0.155491
2000,0.2,40,26,5.4000,0.114826
2000,0.2,40,27,5.6000,0.106730
2000,0.2,40,28,5.8000,0.116777
2000,0.2,40,29,6.0000,0.125054
2000,0.2,40,30,6.2000,0.144094
2000,0.2,40,31,6.4000,0.133900
2000,0.2,40,32,6.6000,0.132409
2000,0.2,40,33,6.8000,0.122608
2000,0.2,40,34,7.0000,0.126101
2000,0.2,40,35,7.2000,0.121998
2000,0.2,40,36,7.4000,0.113584
2000,0.2,40,37,7.6000,0.123885
2000,0.2,40,38,7.8000,0.128311
2000,0.2,40,39,8.0000,0.152152
2000,0.2,40,40,8.2000,0.166842
2000,0.2,40,41,8.4000,0.169526
2000,0.2,40,42,8.6000,0.162868
2000,0.2,40,43,8.8000,0.158346
2000,0.2,40,44,9.0000,0.151400
2000,0.2,40,45,9.2000,0.152626
2000,0.2,40,46,9.4000,0.167048
2000,0.2,40,47,9.6000,0.163132
2000,0.2,40,48,9.8000,0.155123
2000,0.2,40,49,10.0000,0.143258
2000,0.2,40,50,10.2000,0.145700
2000,0.2,40,51,10.4000,0.160785
2000,0.2,40,52,10.6000,0.171970
2000,0.2,40,53,10.8000,0.167477
2000,0.2,40,54,11.0000,0.162811
2000,0.2,40,55,11.2000,0.170449
2000,0.2,40,56,11.4000,0.185589
2000,0.2,40,57,11.6000,0.201528
2000,0.2,40,58,11.8000,0.197198
2000,0.2,40,59,12.0000,0.180323
2000,0.2,40,60,12.2000,0.173786
2000,0.2,40,61,12.4000,0.163903
2000,0.2,40,62,12.6000,0.156578
2000,0.2,40,63,12.8000,0.163654
2000,0.2,40,64,13.0000,0.171283
2000,0.2,40,65,13.2000,0.175264
2000,0.2,40,66,13.4000,0.180241
2000,0.2,40,67,13.6000,0.187421
2000,0.2,40,68,13.8000,0.194940
2000,0.2,40,69,14.0000,0.189715
2000,0.2,40,70,14.2000,0.189223
2000,0.2,40,71,14.4000,0.184455
2000,0.2,40,72,14.6000,0.176415
2000,0.2,40,73,14.8000,0.166727
2000,0.2,40,74,15.0000,0.160838
2000,0.2,40,75,15.2000,0.162939
2000,0.2,40,76,15.4000,0.172004
2000,0.2,40,77,15.6000,0.179584
2000,0.2,40,78,15.8000,0.181150
2000,0.2,40,79,16.0000,0.182848
2000,0.2,40,80,16.2000,0.188824
2000,0.2,40,81,16.4000,0.202482
2000,0.2,40,82,16.6000,0.192853
2000,0.2,40,83,16.8000,0.197292
2000,0.2,40,84,17.0000,0.202105
2000,0.2,40,85,17.2000,0.209110
2000,0.2,40,86,17.4000,0.215962
2000,0.2,40,87,17.6000,0.224652
2000,0.2,40,88,17.8000,0.229284
2000,0.2,40,89,18.0000,0.229550
2000,0.2,40,90,18.2000,0.226792
2000,0.2,40,91,18.4000,0.229033
2000,0.2,40,92,18.6000,0.227534
2000,0.2,40,93,18.8000,0.231164
2000,0.2,40,94,19.0000,0.231335
2000,0.2,40,95,19.2000,0.241856
2000,0.2,40,96,19.4000,0.248086
2000,0.2,40,97,19.6000,0.249448
2000,0.2,40,98,19.8000,0.249936
2000,0.2,40,99,20.0000,0.252400
2000,0.2,50,0,0.2000,2.478584
2000,0.2,50,1,0.4000,1.868165
2000,0.2,50,2,0.6000,1.180132
2000,0.2,50,3,0.8000,0.752348
2000,0.2,50,4,1.0000,0.395730
2000,0.2,50,5,1.2000,0.402784
2000,0.2,50,6,1.4000,0.439886
2000,0.2,50,7,1.6000,0.466461
2000,0.2,50,8,1.8000,0.507706
2000,0.2,50,9,2.0000,0.575697
2000,0.2,50,10,2.2000,1.195629
2000,0.2,50,11,2.4000,0.701277
2000,0.2,50,12,2.6000,0.694448
2000,0.2,50,13,2.8000,0.639767
2000,0.2,50,14,3.0000,0.575222
2000,0.2,50,15,3.2000,0.537346
2000,0.2,50,16,3.4000,0.556013
2000,0.2,50,17,3.6000,0.619343
2000,0.2,50,18,3.8000,0.606161
2000,0.2,50,19,4.0000,0.596543
2000,0.2,50,20,4.2000,0.608031
2000,0.2,50,21,4.4000,0.595239
2000,0.2,50,22,4.6000,0.586169
2000,0.2,50,23,4.8000,0.583211
2000,0.2,50,24,5.0000,0.575637
2000,0.2,50,25,5.2000,0.538530
2000,0.2,50,26,5.4000,0.520885
2000,0.2,50,27,5.6000,0.497166
2000,0.2,50,28,5.8000,0.461562
2000,0.2,50,29,6.0000,0.436107
2000,0.2,50,30,6.2000,0.426826
2000,0.2,50,31,6.4000,0.407663
2000,0.2,50,32,6.6000,0.439094
2000,0.2,50,33,6.8000,0.477217
2000,0.2,50,34,7.0000,0.471536
2000,0.2,50,35,7.2000,0.496008
2000,0.2,50,36,7.4000,0.488405
2000,0.2,50,37,7.6000,0.492582
2000,0.2,50,38,7.8000,0.520943
2000,0.2,50,39,8.0000,0.507569
2000,0.2,50,40,8.2000,0.500491
2000,0.2,50,41,8.4000,0.494387
2000,0.2,50,42,8.6000,0.482925
2000,0.2,50,43,8.8000,0.478414
2000,0.2,50,44,9.0000,0.474115
2000,0.2,50,45,9.2000,0.471307
2000,0.2,50,46,9.4000,0.465269
2000,0.2,50,47,9.6000,0.458859
2000,0.2,50,48,9.8000,0.450009
2000,0.2,50,49,10.0000,0.425844
2000,0.2,50,50,10.2000,0.413896
2000,0.2,50,51,10.4000,0.409337
2000,0.2,50,52,10.6000,0.406794
2000,0.2,50,53,10.8000,0.404371
2000,0.2,50,54,11.0000,0.403314
2000,0.2,50,55,11.2000,0.393375
2000,0.2,50,56,11.4000,0.374835
2000,0.2,50,57,11.6000,0.371968
2000,0.2,50,58,11.8000,0.371727
2000,0.2,50,59,12.0000,0.364442
2000,0.2,50,60,12.2000,0.363637
2000,0.2,50,61,12.4000,0.363989
2000,0.2,50,62,12.6000,0.361823
2000,0.2,50,63,12.8000,0.372169
2000,0.2,50,64,13.0000,0.382249
2000,0.2,50,65,13.2000,0.383079
2000,0.2,50,66,13.4000,0.378247
2000,0.2,50,67,13.6000,0.375419
2000,0.2,50,68,13.8000,0.364643
2000,0.2,50,69,14.0000,0.364846
2000,0.2,50,70,14.2000,0.364837
2000,0.2,50,71,14.4000,0.358534
2000,0.2,50,72,14.6000,0.337094
2000,0.2,50,73,14.8000,0.332369
2000,0.2,50,74,15.0000,0.332301
2000,0.2,50,75,15.2000,0.323227
2000,0.2,50,76,15.4000,0.312732
2000,0.2,50,77,15.6000,0.306035
2000,0.2,50,78,15.8000,0.291823
2000,0.2,50,79,16.0000,0.281304
2000,0.2,50,80,16.2000,0.257714
2000,0.2,50,81,16.4000,0.265985
2000,0.2,50,82,16.6000,0.276907
2000,0.2,50,83,16.8000,0.265772
2000,0.2,50,84,17.0000,0.260147
2000,0.2,50,85,17.2000,0.253930
2000,0.2,50,86,17.4000,0.248994
2000,0.2,50,87,17.6000,0.244150
2000,0.2,50,88,17.8000,0.228697
2000,0.2,50,89,18.0000,0.221020
2000,0.2,50,90,18.2000,0.219641
2000,0.2,50,91,18.4000,0.217855
2000,0.2,50,92,18.6000,0.213714
2000,0.2,50,93,18.8000,0.212855
2000,0.2,50,94,19.0000,0.209992
2000,0.2,50,95,19.2000,0.205079
2000,0.2,50,96,19.4000,0.211858
2000,0.2,50,97,19.6000,0.221028
2000,0.2,50,98,19.8000,0.222074
2000,0.2,50,99,20.0000,0.231916
2000,0.2,60,0,0.2000,2.469141
2000,0.2,60,1,0.4000,1.181226
2000,0.2,60,2,0.6000,1.232841
2000,0.2,60,3,0.8000,0.525115
2000,0.2,60,4,1.0000,0.596268
2000,0.2,60,5,1.2000,0.357174
2000,0.2,60,6,1.4000,0.280130
2000,0.2,60,7,1.6000,0.272091
2000,0.2,60,8,1.8000,0.280429
2000,0.2,60,9,2.0000,0.353533
2000,0.2,60,10,2.2000,0.345602
2000,0.2,60,11,2.4000,0.383068
2000,0.2,60,12,2.6000,0.417677
2000,0.2,60,13,2.8000,0.339243
2000,0.2,60,14,3.0000,0.290902
2000,0.2,60,15,3.2000,0.299290
2000,0.2,60,16,3.4000,0.313122
2000,0.2,60,17,3.6000,0.336371
2000,0.2,60,18,3.8000,0.343951
2000,0.2,60,19,4.0000,0.371286
2000,0.2,60,20,4.2000,0.391389
2000,0.2,60,21,4.4000,0.415263
2000,0.2,60,22,4.6000,0.404450
2000,0.2,60,23,4.8000,0.387259
2000,0.2,60,24,5.0000,0.372539
2000,0.2,60,25,5.2000,0.378416
2000,0.2,60,26,5.4000,0.391964
2000,0.2,60,27,5.6000,0.403169
2000,0.2,60,28,5.8000,0.410130
2000,0.2,60,29,6.0000,0.401651
2000,0.2,60,30,6.2000,0.377643
2000,0.2,60,31,6.4000,0.353680
2000,0.2,60,32,6.6000,0.319366
2000,0.2,60,33,6.8000,0.289601
2000,0.2,60,34,7.0000,0.285280
2000,0.2,60,35,7.2000,0.274420
2000,0.2,60,36,7.4000,0.273417
2000,0.2,60,37,7.6000,0.268853
2000,0.2,60,38,7.8000,0.270840
2000,0.2,60,39,8.0000,0.252016
2000,0.2,60,40,8.2000,0.236377
2000,0.2,60,41,8.4000,0.226152
2000,0.2,60,42,8.6000,0.236539
2000,0.2,60,43,8.8000,0.243038
2000,0.2,60,44,9.0000,0.219715
2000,0.2,60,45,9.2000,0.216054
2000,0.2,60,46,9.4000,0.223554
2000,0.2,60,47,9.6000,0.222558
2000,0.2,60,48,9.8000,0.233644
2000,0.2,60,49,10.0000,0.239776
2000,0.2,60,50,10.2000,0.233019
2000,0.2,60,51,10.4000,0.240688
2000,0.2,60,52,10.6000,0.246484
2000,0.2,60,53,10.8000,0.250782
2000,0.2,60,54,11.0000,0.256945
2000,0.2,60,55,11.2000,0.261400
2000,0.2,60,56,11.4000,0.259725
2000,0.2,60,57,11.6000,0.255137
2000,0.2,60,58,11.8000,0.265521
2000,0.2,60,59,12.0000,0.282277
2000,0.2,60,60,12.2000,0.272576
2000,0.2,60,61,12.4000,0.270309
2000,0.2,60,62,12.6000,0.262863
2000,0.2,60,63,12.8000,0.255069
2000,0.2,60,64,13.0000,0.240942
2000,0.2,60,65,13.2000,0.239506
2000,0.2,60,66,13.4000,0.237663
2000,0.2,60,67,13.6000,0.227136
2000,0.2,60,68,13.8000,0.240563
2000,0.2,60,69,14.0000,0.234180
2000,0.2,60,70,14.2000,0.237551
2000,0.2,60,71,14.4000,0.239489
2000,0.2,60,72,14.6000,0.237952
2000,0.2,60,73,14.8000,0.236458
2000,0.2,60,74,15.0000,0.236132
2000,0.2,60,75,15.2000,0.239841
2000,0.2,60,76,15.4000,0.242084
2000,0.2,60,77,15.6000,0.235246
2000,0.2,60,78,15.8000,0.221694
2000,0.2,60,79,16.0000,0.214914
2000,0.2,60,80,16.2000,0.212941
2000,0.2,60,81,16.4000,0.217907
2000,0.2,60,82,16.6000,0.215112
2000,0.2,60,83,16.8000,0.212084
2000,0.2,60,84,17.0000,0.209188
2000,0.2,60,85,17.2000,0.209662
2000,0.2,60,86,17.4000,0.208673
2000,0.2,60,87,17.6000,0.207954
2000,0.2,60,88,17.8000,0.207669
2000,0.2,60,89,18.0000,0.208308
2000,0.2,60,90,18.2000,0.212300
2000,0.2,60,91,18.4000,0.215996
2000,0.2,60,92,18.6000,0.218894
2000,0.2,60,93,18.8000,0.219319
2000,0.2,60,94,19.0000,0.221097
2000,0.2,60,95,19.2000,0.221676
2000,0.2,60,96,19.4000,0.221994
2000,0.2,60,97,19.6000,0.232173
2000,0.2,60,98,19.8000,0.232084
2000,0.2,60,99,20.0000,0.234750
2000,0.2,70,0,0.2000,2.245580
2000,0.2,70,1,0.4000,2.027191
2000,0.2,70,2,0.6000,2.361876
2000,0.2,70,3,0.8000,2.326601
2000,0.2,70,4,1.0000,0.349859
2000,0.2,70,5,1.2000,0.275446
2000,0.2,70,6,1.4000,0.375099
2000,0.2,70,7,1.6000,0.571269
2000,0.2,70,8,1.8000,0.587506
2000,0.2,70,9,2.0000,0.559995
2000,0.2,70,10,2.2000,0.581124
2000,0.2,70,11,2.4000,0.577927
2000,0.2,70,12,2.6000,0.437663
2000,0.2,70,13,2.8000,0.455273
2000,0.2,70,14,3.0000,0.474149
2000,0.2,70,15,3.2000,0.515299
2000,0.2,70,16,3.4000,0.557101
2000,0.2,70,17,3.6000,0.532050
2000,0.2,70,18,3.8000,0.525269
2000,0.2,70,19,4.0000,0.510895
2000,0.2,70,20,4.2000,0.500404
2000,0.2,70,21,4.4000,0.494399
2000,0.2,70,22,4.6000,0.495503
2000,0.2,70,23,4.8000,0.488792
2000,0.2,70,24,5.0000,0.493886
2000,0.2,70,25,5.2000,0.511664
2000,0.2,70,26,5.4000,0.508199
2000,0.2,70,27,5.6000,0.496256
2000,0.2,70,28,5.8000,0.491319
2000,0.2,70,29,6.0000,0.481921
2000,0.2,70,30,6.2000,0.473674
2000,0.2,70,31,6.4000,0.464583
2000,0.2,70,32,6.6000,0.460042
2000,0.2,70,33,6.8000,0.459068
2000,0.2,70,34,7.0000,0.454443
2000,0.2,70,35,7.2000,0.455225
2000,0.2,70,36,7.4000,0.448604
2000,0.2,70,37,7.6000,0.414886
2000,0.2,70,38,7.8000,0.399521
2000,0.2,70,39,8.0000,0.385859
2000,0.2,70,40,8.2000,0.382560
2000,0.2,70,41,8.4000,0.378704
2000,0.2,70,42,8.6000,0.381122
2000,0.2,70,43,8.8000,0.391252
2000,0.2,70,44,9.0000,0.405456
2000,0.2,70,45,9.2000,0.396108
2000,0.2,70,46,9.4000,0.389472
2000,0.2,70,47,9.6000,0.385523
2000,0.2,70,48,9.8000,0.384324
2000,0.2,70,49,10.0000,0.378009
2000,0.2,70,50,10.2000,0.373910
2000,0.2,70,51,10.4000,0.376651
2000,0.2,70,52,10.6000,0.391075
2000,0.2,70,53,10.8000,0.389923
2000,0.2,70,54,11.0000,0.389670
2000,0.2,70,55,11.2000,0.394366
2000,0.2,70,56,11.4000,0.405594
2000,0.2,70,57,11.6000,0.414560
2000,0.2,70,58,11.8000,0.405004
2000,0.2,70,59,12.0000,0.392230
2000,0.2,70,60,12.2000,0.377345
2000,0.2,70,61,12.4000,0.376921
2000,0.2,70,62,12.6000,0.376130
2000,0.2,70,63,12.8000,0.376076
2000,0.2,70,64,13.0000,0.362005
2000,0.2,70,65,13.2000,0.354042
2000,0.2,70,66,13.4000,0.346525
2000,0.2,70,67,13.6000,0.337932
2000,0.2,70,68,13.8000,0.332576
2000,0.2,70,69,14.0000,0.330272
2000,0.2,70,70,14.2000,0.319719
2000,0.2,70,71,14.4000,0.318411
2000,0.2,70,72,14.6000,0.317062
2000,0.2,70,73,14.8000,0.316773
2000,0.2,70,74,15.0000,0.306419
2000,0.2,70,75,15.2000,0.303377
2000,0.2,70,76,15.4000,0.302974
2000,0.2,70,77,15.6000,0.292868
2000,0.2,70,78,15.8000,0.291514
2000,0.2,70,79,16.0000,0.282642
2000,0.2,70,80,16.2000,0.275888
2000,0.2,70,81,16.4000,0.271225
2000,0.2,70,82,16.6000,0.279357
2000,0.2,70,83,16.8000,0.276102
2000,0.2,70,84,17.0000,0.279223
2000,0.2,70,85,17.2000,0.286562
2000,0.2,70,86,17.4000,0.283789
2000,0.2,70,87,17.6000,0.282191
2000,0.2,70,88,17.8000,0.281059
2000,0.2,70,89,18.0000,0.280072
2000,0.2,70,90,18.2000,0.278714
2000,0.2,70,91,18.4000,0.276803
2000,0.2,70,92,18.6000,0.276625
2000,0.2,70,93,18.8000,0.276829
2000,0.2,70,94,19.0000,0.276812
2000,0.2,70,95,19.2000,0.277930
2000,0.2,70,96,19.4000,0.277572
2000,0.2,70,97,19.6000,0.271065
2000,0.2,70,98,19.8000,0.265558
2000,0.2,70,99,20.0000,0.261603
2000,0.2,80,0,0.2000,2.790373
2000,0.2,80,1,0.4000,1.587582
2000,0.2,80,2,0.6000,0.709221
2000,0.2,80,3,0.8000,0.572775
2000,0.2,80,4,1.0000,0.409672
2000,0.2,80,5,1.2000,0.489119
2000,0.2,80,6,1.4000,0.353580
2000,0.2,80,7,1.6000,0.301677
2000,0.2,80,8,1.8000,0.247283
2000,0.2,80,9,2.0000,0.259619
2000,0.2,80,10,2.2000,0.265314
2000,0.2,80,11,2.4000,0.258281
2000,0.2,80,12,2.6000,0.283203
2000,0.2,80,13,2.8000,0.284970
2000,0.2,80,14,3.0000,0.275806
2000,0.2,80,15,3.2000,0.235859
2000,0.2,80,16,3.4000,0.202357
2000,0.2,80,17,3.6000,0.300031
2000,0.2,80,18,3.8000,0.272639
2000,0.2,80,19,4.0000,0.299747
2000,0.2,80,20,4.2000,0.288747
2000,0.2,80,21,4.4000,0.386354
2000,0.2,80,22,4.6000,0.350042
2000,0.2,80,23,4.8000,0.274983
2000,0.2,80,24,5.0000,0.234909
2000,0.2,80,25,5.2000,0.204823
2000,0.2,80,26,5.4000,0.199842
2000,0.2,80,27,5.6000,0.185228
2000,0.2,80,28,5.8000,0.181903
2000,0.2,80,29,6.0000,0.167964
2000,0.2,80,30,6.2000,0.148292
2000,0.2,80,31,6.4000,0.150139
2000,0.2,80,32,6.6000,0.204049
2000,0.2,80,33,6.8000,0.218083
2000,0.2,80,34,7.0000,0.232129
2000,0.2,80,35,7.2000,0.243856
2000,0.2,80,36,7.4000,0.224594
2000,0.2,80,37,7.6000,0.210648
2000,0.2,80,38,7.8000,0.203531
2000,0.2,80,39,8.0000,0.204725
2000,0.2,80,40,8.2000,0.204827
2000,0.2,80,41,8.4000,0.193544
2000,0.2,80,42,8.6000,0.206158
2000,0.2,80,43,8.8000,0.198003
2000,0.2,80,44,9.0000,0.208294
2000,0.2,80,45,9.2000,0.203678
2000,0.2,80,46,9.4000,0.203752
2000,0.2,80,47,9.6000,0.199219
2000,0.2,80,48,9.8000,0.193873
2000,0.2,80,49,10.0000,0.192841
2000,0.2,80,50,10.2000,0.187820
2000,0.2,80,51,10.4000,0.182911
2000,0.2,80,52,10.6000,0.207565
2000,0.2,80,53,10.8000,0.206610
2000,0.2,80,54,11.0000,0.228741
2000,0.2,80,55,11.2000,0.218388
2000,0.2,80,56,11.4000,0.213082
2000,0.2,80,57,11.6000,0.213255
2000,0.2,80,58,11.8000,0.209507
2000,0.2,80,59,12.0000,0.211879
2000,0.2,80,60,12.2000,0.195430
2000,0.2,80,61,12.4000,0.180136
2000,0.2,80,62,12.6000,0.153984
2000,0.2,80,63,12.8000,0.152748
2000,0.2,80,64,13.0000,0.133517
2000,0.2,80,65,13.2000,0.110236
2000,0.2,80,66,13.4000,0.102492
2000,0.2,80,67,13.6000,0.113062
2000,0.2,80,68,13.8000,0.136681
2000,0.2,80,69,14.0000,0.134883
2000,0.2,80,70,14.2000,0.129354
2000,0.2,80,71,14.4000,0.134196
2000,0.2,80,72,14.6000,0.143735
2000,0.2,80,73,14.8000,0.140448
2000,0.2,80,74,15.0000,0.136374
2000,0.2,80,75,15.2000,0.130870
2000,0.2,80,76,15.4000,0.126872
2000,0.2,80,77,15.6000,0.137381
2000,0.2,80,78,15.8000,0.154057
2000,0.2,80,79,16.0000,0.149280
2000,0.2,80,80,16.2000,0.145092
2000,0.2,80,81,16.4000,0.139702
2000,0.2,80,82,16.6000,0.134836
2000,0.2,80,83,16.8000,0.130583
2000,0.2,80,84,17.0000,0.149817
2000,0.2,80,85,17.2000,0.153417
2000,0.2,80,86,17.4000,0.149774
2000,0.2,80,87,17.6000,0.152030
2000,0.2,80,88,17.8000,0.149087
2000,0.2,80,89,18.0000,0.146439
2000,0.2,80,90,18.2000,0.146996
2000,0.2,80,91,18.4000,0.145225
2000,0.2,80,92,18.6000,0.134919
2000,0.2,80,93,18.8000,0.123939
2000,0.2,80,94,19.0000,0.112548
2000,0.2,80,95,19.2000,0.102970
2000,0.2,80,96,19.4000,0.095990
2000,0.2,80,97,19.6000,0.085696
2000,0.2,80,98,19.8000,0.076579
2000,0.2,80,99,20.0000,0.089275
2000,0.2,90,0,0.2000,1.520996
2000,0.2,90,1,0.4000,2.034436
2000,0.2,90,2,0.6000,1.957873
2000,0.2,90,3,0.8000,1.843682
2000,0.2,90,4,1.0000,1.779548
2000,0.2,90,5,1.2000,1.749765
2000,0.2,90,6,1.4000,1.739108
2000,0.2,90,7,1.6000,1.732015
2000,0.2,90,8,1.8000,1.728046
2000,0.2,90,9,2.0000,0.876511
2000,0.2,90,10,2.2000,0.321510
2000,0.2,90,11,2.4000,0.287568
2000,0.2,90,12,2.6000,0.317518
2000,0.2,90,13,2.8000,0.622808
2000,0.2,90,14,3.0000,0.436567
2000,0.2,90,15,3.2000,0.255094
2000,0.2,90,16,3.4000,0.244641
2000,0.2,90,17,3.6000,0.246673
2000,0.2,90,18,3.8000,0.273953
2000,0.2,90,19,4.0000,0.278928
2000,0.2,90,20,4.2000,0.258311
2000,0.2,90,21,4.4000,0.243043
2000,0.2,90,22,4.6000,0.221881
2000,0.2,90,23,4.8000,0.229155
2000,0.2,90,24,5.0000,0.200368
2000,0.2,90,25,5.2000,0.179423
2000,0.2,90,26,5.4000,0.162517
2000,0.2,90,27,5.6000,0.155349
2000,0.2,90,28,5.8000,0.140911
2000,0.2,90,29,6.0000,0.143224
2000,0.2,90,30,6.2000,0.111766
2000,0.2,90,31,6.4000,0.146568
2000,0.2,90,32,6.6000,0.116604
2000,0.2,90,33,6.8000,0.105348
2000,0.2,90,34,7.0000,0.110913
2000,0.2,90,35,7.2000,0.119940
2000,0.2,90,36,7.4000,0.124950
2000,0.2,90,37,7.6000,0.149355
2000,0.2,90,38,7.8000,0.155183
2000,0.2,90,39,8.0000,0.137546
2000,0.2,90,40,8.2000,0.130942
2000,0.2,90,41,8.4000,0.132143
2000,0.2,90,42,8.6000,0.138104
2000,0.2,90,43,8.8000,0.111161
2000,0.2,90,44,9.0000,0.113980
2000,0.2,90,45,9.2000,0.127699
2000,0.2,90,46,9.4000,0.128249
2000,0.2,90,47,9.6000,0.121910
2000,0.2,90,48,9.8000,0.117305
2000,0.2,90,49,10.0000,0.120888
2000,0.2,90,50,10.2000,0.117934
2000,0.2,90,51,10.4000,0.134597
2000,0.2,90,52,10.6000,0.145905
2000,0.2,90,53,10.8000,0.157521
2000,0.2,90,54,11.0000,0.156174
2000,0.2,90,55,11.2000,0.155542
2000,0.2,90,56,11.4000,0.145941
2000,0.2,90,57,11.6000,0.141355
2000,0.2,90,58,11.8000,0.136142
2000,0.2,90,59,12.0000,0.135420
2000,0.2,90,60,12.2000,0.139589
2000,0.2,90,61,12.4000,0.150092
2000,0.2,90,62,12.6000,0.157402
2000,0.2,90,63,12.8000,0.156647
2000,0.2,90,64,13.0000,0.161960
2000,0.2,90,65,13.2000,0.153327
2000,0.2,90,66,13.4000,0.147332
2000,0.2,90,67,13.6000,0.145662
2000,0.2,90,68,13.8000,0.139717
2000,0.2,90,69,14.0000,0.137176
2000,0.2,90,70,14.2000,0.152025
2000,0.2,90,71,14.4000,0.147325
2000,0.2,90,72,14.6000,0.142538
2000,0.2,90,73,14.8000,0.133971
2000,0.2,90,74,15.0000,0.124911
2000,0.2,90,75,15.2000,0.118355
2000,0.2,90,76,15.4000,0.119225
2000,0.2,90,77,15.6000,0.119905
2000,0.2,90,78,15.8000,0.124053
2000,0.2,90,79,16.0000,0.121211
2000,0.2,90,80,16.2000,0.118394
2000,0.2,90,81,16.4000,0.116369
2000,0.2,90,82,16.6000,0.113192
2000,0.2,90,83,16.8000,0.113325
2000,0.2,90,84,17.0000,0.113359
2000,0.2,90,85,17.2000,0.125391
2000,0.2,90,86,17.4000,0.128444
2000,0.2,90,87,17.6000,0.136849
2000,0.2,90,88,17.8000,0.137777
2000,0.2,90,89,18.0000,0.138984
2000,0.2,90,90,18.2000,0.144667
2000,0.2,90,91,18.4000,0.150137
2000,0.2,90,92,18.6000,0.144114
2000,0.2,90,93,18.8000,0.140736
2000,0.2,90,94,19.0000,0.140969
2000,0.2,90,95,19.2000,0.134355
2000,0.2,90,96,19.4000,0.139749
2000,0.2,90,97,19.6000,0.132831
2000,0.2,90,98,19.8000,0.129976
2000,0.2,90,99,20.0000,0.122971
2000,0.5,10,0,0.2000,2.092054
2000,0.5,10,1,0.4000,1.518329
2000,0.5,10,2,0.6000,1.178229
2000,0.5,10,3,0.8000,0.977336
2000,0.5,10,4,1.0000,0.864824
2000,0.5,10,5,1.2000,0.890858
2000,0.5,10,6,1.4000,0.836305
2000,0.5,10,7,1.6000,0.758315
2000,0.5,10,8,1.8000,0.665813
2000,0.5,10,9,2.0000,0.603611
2000,0.5,10,10,2.2000,0.522781
2000,0.5,10,11,2.4000,0.483621
2000,0.5,10,12,2.6000,0.424544
2000,0.5,10,13,2.8000,0.380368
2000,0.5,10,14,3.0000,0.442597
2000,0.5,10,15,3.2000,0.361902
2000,0.5,10,16,3.4000,0.437860
2000,0.5,10,17,3.6000,0.465568
2000,0.5,10,18,3.8000,0.505340
2000,0.5,10,19,4.0000,0.565294
2000,0.5,10,20,4.2000,0.534590
2000,0.5,10,21,4.4000,0.499291
2000,0.5,10,22,4.6000,0.513575
2000,0.5,10,23,4.8000,0.534420
2000,0.5,10,24,5.0000,0.543741
2000,0.5,10,25,5.2000,0.546795
2000,0.5,10,26,5.4000,0.528395
2000,0.5,10,27,5.6000,0.533924
2000,0.5,10,28,5.8000,0.525515
2000,0.5,10,29,6.0000,0.491377
2000,0.5,10,30,6.2000,0.479222
2000,0.5,10,31,6.4000,0.452812
2000,0.5,10,32,6.6000,0.427905
2000,0.5,10,33,6.8000,0.391180
2000,0.5,10,34,7.0000,0.365964
2000,0.5,10,35,7.2000,0.342749
2000,0.5,10,36,7.4000,0.324839
2000,0.5,10,37,7.6000,0.344103
2000,0.5,10,38,7.8000,0.323565
2000,0.5,10,39,8.0000,0.346340
2000,0.5,10,40,8.2000,0.322497
2000,0.5,10,41,8.4000,0.299428
2000,0.5,10,42,8.6000,0.280860
2000,0.5,10,43,8.8000,0.260454
2000,0.5,10,44,9.0000,0.237310
2000,0.5,10,45,9.2000,0.228920
2000,0.5,10,46,9.4000,0.214819
2000,0.5,10,47,9.6000,0.202373
2000,0.5,10,48,9.8000,0.190239
2000,0.5,10,49,10.0000,0.181552
2000,0.5,10,50,10.2000,0.168478
2000,0.5,10,51,10.4000,0.175238
2000,0.5,10,52,10.6000,0.175688
2000,0.5,10,53,10.8000,0.178722
2000,0.5,10,54,11.0000,0.185584
2000,0.5,10,55,11.2000,0.196099
2000,0.5,10,56,11.4000,0.205269
2000,0.5,10,57,11.6000,0.218800
2000,0.5,10,58,11.8000,0.226657
2000,0.5,10,59,12.0000,0.215873
2000,0.5,10,60,12.2000,0.204793
2000,0.5,10,61,12.4000,0.195908
2000,0.5,10,62,12.6000,0.187718
2000,0.5,10,63,12.8000,0.179382
2000,0.5,10,64,13.0000,0.171010
2000,0.5,10,65,13.2000,0.187354
2000,0.5,10,66,13.4000,0.201614
2000,0.5,10,67,13.6000,0.205287
2000,0.5,10,68,13.8000,0.194065
2000,0.5,10,69,14.0000,0.184801
2000,0.5,10,70,14.2000,0.176922
2000,0.5,10,71,14.4000,0.170764
2000,0.5,10,72,14.6000,0.164106
2000,0.5,10,73,14.8000,0.160354
2000,0.5,10,74,15.0000,0.152627
2000,0.5,10,75,15.2000,0.145309
2000,0.5,10,76,15.4000,0.142612
2000,0.5,10,77,15.6000,0.151374
2000,0.5,10,78,15.8000,0.157492
2000,0.5,10,79,16.0000,0.167075
2000,0.5,10,80,16.2000,0.158566
2000,0.5,10,81,16.4000,0.165540
2000,0.5,10,82,16.6000,0.174598
2000,0.5,10,83,16.8000,0.171789
2000,0.5,10,84,17.0000,0.160790
2000,0.5,10,85,17.2000,0.158319
2000,0.5,10,86,17.4000,0.150030
2000,0.5,10,87,17.6000,0.149692
2000,0.5,10,88,17.8000,0.149321
2000,0.5,10,89,18.0000,0.152512
2000,0.5,10,90,18.2000,0.157145
2000,0.5,10,91,18.4000,0.159124
2000,0.5,10,92,18.6000,0.157473
2000,0.5,10,93,18.8000,0.158477
2000,0.5,10,94,19.0000,0.157915
2000,0.5,10,95,19.2000,0.155576
2000,0.5,10,96,19.4000,0.155760
2000,0.5,10,97,19.6000,0.157499
2000,0.5,10,98,19.8000,0.159736
2000,0.5,10,99,20.0000,0.163544
2000,0.5,100,0,0.2000,2.206872
2000,0.5,100,1,0.4000,2.172591
2000,0.5,100,2,0.6000,1.744467
2000,0.5,100,3,0.8000,1.468057
2000,0.5,100,4,1.0000,1.300764
2000,0.5,100,5,1.2000,1.723659
2000,0.5,100,6,1.4000,1.669362
2000,0.5,100,7,1.6000,1.646912
2000,0.5,100,8,1.8000,1.659765
2000,0.5,100,9,2.0000,1.633198
2000,0.5,100,10,2.2000,1.437741
2000,0.5,100,11,2.4000,1.395779
2000,0.5,100,12,2.6000,1.364732
2000,0.5,100,13,2.8000,1.217522
2000,0.5,100,14,3.0000,1.061996
2000,0.5,100,15,3.2000,0.997475
2000,0.5,100,16,3.4000,0.868886
2000,0.5,100,17,3.6000,0.849243
2000,0.5,100,18,3.8000,0.827587
2000,0.5,100,19,4.0000,0.801713
2000,0.5,100,20,4.2000,0.771711
2000,0.5,100,21,4.4000,0.753712
2000,0.5,100,22,4.6000,0.732663
2000,0.5,100,23,4.8000,0.664111
2000,0.5,100,24,5.0000,0.643792
2000,0.5,100,25,5.2000,0.628717
2000,0.5,100,26,5.4000,0.618457
2000,0.5,100,27,5.6000,0.598391
2000,0.5,100,28,5.8000,0.519506
2000,0.5,100,29,6.0000,0.518890
2000,0.5,100,30,6.2000,0.513345
2000,0.5,100,31,6.4000,0.512013
2000,0.5,100,32,6.6000,0.453283
2000,0.5,100,33,6.8000,0.460483
2000,0.5,100,34,7.0000,0.428894
2000,0.5,100,35,7.2000,0.485139
2000,0.5,100,36,7.4000,0.449154
2000,0.5,100,37,7.6000,0.456256
2000,0.5,100,38,7.8000,0.467198
2000,0.5,100,39,8.0000,0.438435
2000,0.5,100,40,8.2000,0.415806
2000,0.5,100,41,8.4000,0.424860
2000,0.5,100,42,8.6000,0.417308
2000,0.5,100,43,8.8000,0.385465
2000,0.5,100,44,9.0000,0.335979
2000,0.5,100,45,9.2000,0.314110
2000,0.5,100,46,9.4000,0.303971
2000,0.5,100,47,9.6000,0.308927
2000,0.5,100,48,9.8000,0.297539
2000,0.5,100,49,10.0000,0.291577
2000,0.5,100,50,10.2000,0.281847
2000,0.5,100,51,10.4000,0.253835
2000,0.5,100,52,10.6000,0.251547
2000,0.5,100,53,10.8000,0.254126
2000,0.5,100,54,11.0000,0.264139
2000,0.5,100,55,11.2000,0.267859
2000,0.5,100,56,11.4000,0.252190
2000,0.5,100,57,11.6000,0.263931
2000,0.5,100,58,11.8000,0.241006
2000,0.5,100,59,12.0000,0.228326
2000,0.5,100,60,12.2000,0.232775
2000,0.5,100,61,12.4000,0.234800
2000,0.5,100,62,12.6000,0.238743
2000,0.5,100,63,12.8000,0.225054
2000,0.5,100,64,13.0000,0.212262
2000,0.5,100,65,13.2000,0.206453
2000,0.5,100,66,13.4000,0.209666
2000,0.5,100,67,13.6000,0.211360
2000,0.5,100,68,13.8000,0.208704
2000,0.5,100,69,14.0000,0.188228
2000,0.5,100,70,14.2000,0.181217
2000,0.5,100,71,14.4000,0.185423
2000,0.5,100,72,14.6000,0.167477
2000,0.5,100,73,14.8000,0.167709
2000,0.5,100,74,15.0000,0.176881
2000,0.5,100,75,15.2000,0.176515
2000,0.5,100,76,15.4000,0.180927
2000,0.5,100,77,15.6000,0.173908
2000,0.5,100,78,15.8000,0.160089
2000,0.5,100,79,16.0000,0.147282
2000,0.5,100,80,16.2000,0.138498
2000,0.5,100,81,16.4000,0.124124
2000,0.5,100,82,16.6000,0.132280
2000,0.5,100,83,16.8000,0.140878
2000,0.5,100,84,17.0000,0.143840
2000,0.5,100,85,17.2000,0.134274
2000,0.5,100,86,17.4000,0.132504
2000,0.5,100,87,17.6000,0.137527
2000,0.5,100,88,17.8000,0.147221
2000,0.5,100,89,18.0000,0.143976
2000,0.5,100,90,18.2000,0.145512
2000,0.5,100,91,18.4000,0.148438
2000,0.5,100,92,18.6000,0.139711
2000,0.5,100,93,18.8000,0.143526
2000,0.5,100,94,19.0000,0.147018
2000,0.5,100,95,19.2000,0.137865
2000,0.5,100,96,19.4000,0.133608
2000,0.5,100,97,19.6000,0.122478
2000,0.5,100,98,19.8000,0.112075
2000,0.5,100,99,20.0000,0.101419
2000,0.5,20,0,0.2000,2.631100
2000,0.5,20,1,0.4000,1.817208
2000,0.5,20,2,0.6000,1.635421
2000,0.5,20,3,0.8000,1.327213
2000,0.5,20,4,1.0000,0.397910
2000,0.5,20,5,1.2000,0.247154
2000,0.5,20,6,1.4000,0.395218
2000,0.5,20,7,1.6000,0.268644
2000,0.5,20,8,1.8000,0.244319
2000,0.5,20,9,2.0000,0.298247
2000,0.5,20,10,2.2000,0.235634
2000,0.5,20,11,2.4000,0.298514
2000,0.5,20,12,2.6000,0.392016
2000,0.5,20,13,2.8000,0.366849
2000,0.5,20,14,3.0000,0.363028
2000,0.5,20,15,3.2000,0.358080
2000,0.5,20,16,3.4000,0.348635
2000,0.5,20,17,3.6000,0.362793
2000,0.5,20,18,3.8000,0.330313
2000,0.5,20,19,4.0000,0.309576
2000,0.5,20,20,4.2000,0.282014
2000,0.5,20,21,4.4000,0.241736
2000,0.5,20,22,4.6000,0.173853
2000,0.5,20,23,4.8000,0.200082
2000,0.5,20,24,5.0000,0.193831
2000,0.5,20,25,5.2000,0.199881
2000,0.5,20,26,5.4000,0.196947
2000,0.5,20,27,5.6000,0.211196
2000,0.5,20,28,5.8000,0.235979
2000,0.5,20,29,6.0000,0.235273
2000,0.5,20,30,6.2000,0.234337
2000,0.5,20,31,6.4000,0.239169
2000,0.5,20,32,6.6000,0.214805
2000,0.5,20,33,6.8000,0.192030
2000,0.5,20,34,7.0000,0.203177
2000,0.5,20,35,7.2000,0.239266
2000,0.5,20,36,7.4000,0.212260
2000,0.5,20,37,7.6000,0.246216
2000,0.5,20,38,7.8000,0.281029
2000,0.5,20,39,8.0000,0.234520
2000,0.5,20,40,8.2000,0.212851
2000,0.5,20,41,8.4000,0.206316
2000,0.5,20,42,8.6000,0.231348
2000,0.5,20,43,8.8000,0.260821
2000,0.5,20,44,9.0000,0.281110
2000,0.5,20,45,9.2000,0.270625
2000,0.5,20,46,9.4000,0.262625
2000,0.5,20,47,9.6000,0.254943
2000,0.5,20,48,9.8000,0.248719
2000,0.5,20,49,10.0000,0.242332
2000,0.5,20,50,10.2000,0.236431
2000,0.5,20,51,10.4000,0.213522
2000,0.5,20,52,10.6000,0.208690
2000,0.5,20,53,10.8000,0.204391
2000,0.5,20,54,11.0000,0.194743
2000,0.5,20,55,11.2000,0.223240
2000,0.5,20,56,11.4000,0.229819
2000,0.5,20,57,11.6000,0.217928
2000,0.5,20,58,11.8000,0.205012
2000,0.5,20,59,12.0000,0.207153
2000,0.5,20,60,12.2000,0.241623
2000,0.5,20,61,12.4000,0.249067
2000,0.5,20,62,12.6000,0.262190
2000,0.5,20,63,12.8000,0.250437
2000,0.5,20,64,13.0000,0.243298
2000,0.5,20,65,13.2000,0.233390
2000,0.5,20,66,13.4000,0.225168
2000,0.5,20,67,13.6000,0.217119
2000,0.5,20,68,13.8000,0.211930
2000,0.5,20,69,14.0000,0.198210
2000,0.5,20,70,14.2000,0.186898
2000,0.5,20,71,14.4000,0.214112
2000,0.5,20,72,14.6000,0.209537
2000,0.5,20,73,14.8000,0.222958
2000,0.5,20,74,15.0000,0.244831
2000,0.5,20,75,15.2000,0.255522
2000,0.5,20,76,15.4000,0.248965
2000,0.5,20,77,15.6000,0.241610
2000,0.5,20,78,15.8000,0.233768
2000,0.5,20,79,16.0000,0.226092
2000,0.5,20,80,16.2000,0.217874
2000,0.5,20,81,16.4000,0.211673
2000,0.5,20,82,16.6000,0.213155
2000,0.5,20,83,16.8000,0.205508
2000,0.5,20,84,17.0000,0.199524
2000,0.5,20,85,17.2000,0.192798
2000,0.5,20,86,17.4000,0.186187
2000,0.5,20,87,17.6000,0.188256
2000,0.5,20,88,17.8000,0.194160
2000,0.5,20,89,18.0000,0.190015
2000,0.5,20,90,18.2000,0.185125
2000,0.5,20,91,18.4000,0.182163
2000,0.5,20,92,18.6000,0.175727
2000,0.5,20,93,18.8000,0.169440
2000,0.5,20,94,19.0000,0.166113
2000,0.5,20,95,19.2000,0.162340
2000,0.5,20,96,19.4000,0.158774
2000,0.5,20,97,19.6000,0.154959
2000,0.5,20,98,19.8000,0.152873
2000,0.5,20,99,20.0000,0.147504
2000,0.5,30,0,0.2000,2.515968
2000,0.5,30,1,0.4000,1.617352
2000,0.5,30,2,0.6000,1.005301
2000,0.5,30,3,0.8000,1.299647
2000,0.5,30,4,1.0000,0.879390
2000,0.5,30,5,1.2000,0.846191
2000,0.5,30,6,1.4000,0.845211
2000,0.5,30,7,1.6000,0.851922
2000,0.5,30,8,1.8000,0.643016
2000,0.5,30,9,2.0000,0.372492
2000,0.5,30,10,2.2000,0.412079
2000,0.5,30,11,2.4000,0.406007
2000,0.5,30,12,2.6000,0.358255
2000,0.5,30,13,2.8000,0.320724
2000,0.5,30,14,3.0000,0.319223
2000,0.5,30,15,3.2000,0.363467
2000,0.5,30,16,3.4000,0.373553
2000,0.5,30,17,3.6000,0.353818
2000,0.5,30,18,3.8000,0.374556
2000,0.5,30,19,4.0000,0.315503
2000,0.5,30,20,4.2000,0.333563
2000,0.5,30,21,4.4000,0.345073
2000,0.5,30,22,4.6000,0.351341
2000,0.5,30,23,4.8000,0.336333
2000,0.5,30,24,5.0000,0.361459
2000,0.5,30,25,5.2000,0.396183
2000,0.5,30,26,5.4000,0.338575
2000,0.5,30,27,5.6000,0.267182
2000,0.5,30,28,5.8000,0.264914
2000,0.5,30,29,6.0000,0.276537
2000,0.5,30,30,6.2000,0.229841
2000,0.5,30,31,6.4000,0.188978
2000,0.5,30,32,6.6000,0.174959
2000,0.5,30,33,6.8000,0.178106
2000,0.5,30,34,7.0000,0.146177
2000,0.5,30,35,7.2000,0.117142
2000,0.5,30,36,7.4000,0.112874
2000,0.5,30,37,7.6000,0.101739
2000,0.5,30,38,7.8000,0.102297
2000,0.5,30,39,8.0000,0.086634
2000,0.5,30,40,8.2000,0.089514
2000,0.5,30,41,8.4000,0.092640
2000,0.5,30,42,8.6000,0.094973
2000,0.5,30,43,8.8000,0.089611
2000,0.5,30,44,9.0000,0.092246
2000,0.5,30,45,9.2000,0.092726
2000,0.5,30,46,9.4000,0.095648
2000,0.5,30,47,9.6000,0.089196
2000,0.5,30,48,9.8000,0.082590
2000,0.5,30,49,10.0000,0.082293
2000,0.5,30,50,10.2000,0.084701
2000,0.5,30,51,10.4000,0.088298
2000,0.5,30,52,10.6000,0.090388
2000,0.5,30,53,10.8000,0.095490
2000,0.5,30,54,11.0000,0.094502
2000,0.5,30,55,11.2000,0.092796
2000,0.5,30,56,11.4000,0.090914
2000,0.5,30,57,11.6000,0.091602
2000,0.5,30,58,11.8000,0.088298
2000,0.5,30,59,12.0000,0.090918
2000,0.5,30,60,12.2000,0.094653
2000,0.5,30,61,12.4000,0.095738
2000,0.5,30,62,12.6000,0.103125
2000,0.5,30,63,12.8000,0.105421
2000,0.5,30,64,13.0000,0.111285
2000,0.5,30,65,13.2000,0.119400
2000,0.5,30,66,13.4000,0.127158
2000,0.5,30,67,13.6000,0.139488
2000,0.5,30,68,13.8000,0.154917
2000,0.5,30,69,14.0000,0.148106
2000,0.5,30,70,14.2000,0.138167
2000,0.5,30,71,14.4000,0.130262
2000,0.5,30,72,14.6000,0.123538
2000,0.5,30,73,14.8000,0.118525
2000,0.5,30,74,15.0000,0.115206
2000,0.5,30,75,15.2000,0.113190
2000,0.5,30,76,15.4000,0.112943
2000,0.5,30,77,15.6000,0.113385
2000,0.5,30,78,15.8000,0.113660
2000,0.5,30,79,16.0000,0.121135
2000,0.5,30,80,16.2000,0.125711
2000,0.5,30,81,16.4000,0.130553
2000,0.5,30,82,16.6000,0.138591
2000,0.5,30,83,16.8000,0.148450
2000,0.5,30,84,17.0000,0.141375
2000,0.5,30,85,17.2000,0.141306
2000,0.5,30,86,17.4000,0.142901
2000,0.5,30,87,17.6000,0.141030
2000,0.5,30,88,17.8000,0.140180
2000,0.5,30,89,18.0000,0.142165
2000,0.5,30,90,18.2000,0.136837
2000,0.5,30,91,18.4000,0.137916
2000,0.5,30,92,18.6000,0.144008
2000,0.5,30,93,18.8000,0.148299
2000,0.5,30,94,19.0000,0.142257
2000,0.5,30,95,19.2000,0.140469
2000,0.5,30,96,19.4000,0.139785
2000,0.5,30,97,19.6000,0.141610
2000,0.5,30,98,19.8000,0.144002
2000,0.5,30,99,20.0000,0.147696
2000,0.5,40,0,0.2000,2.132118
2000,0.5,40,1,0.4000,1.507556
2000,0.5,40,2,0.6000,1.124186
2000,0.5,40,3,0.8000,0.509293
2000,0.5,40,4,1.0000,0.429950
2000,0.5,40,5,1.2000,0.446246
2000,0.5,40,6,1.4000,0.462230
2000,0.5,40,7,1.6000,0.602467
2000,0.5,40,8,1.8000,0.999543
2000,0.5,40,9,2.0000,1.045587
2000,0.5,40,10,2.2000,0.575212
2000,0.5,40,11,2.4000,0.544003
2000,0.5,40,12,2.6000,0.566798
2000,0.5,40,13,2.8000,0.611026
2000,0.5,40,14,3.0000,0.640949
2000,0.5,40,15,3.2000,0.635902
2000,0.5,40,16,3.4000,0.648027
2000,0.5,40,17,3.6000,0.683355
2000,0.5,40,18,3.8000,0.704450
2000,0.5,40,19,4.0000,0.603457
2000,0.5,40,20,4.2000,0.506514
2000,0.5,40,21,4.4000,0.496943
2000,0.5,40,22,4.6000,0.528862
2000,0.5,40,23,4.8000,0.498347
2000,0.5,40,24,5.0000,0.440454
2000,0.5,40,25,5.2000,0.436348
2000,0.5,40,26,5.4000,0.421371
2000,0.5,40,27,5.6000,0.389087
2000,0.5,40,28,5.8000,0.345092
2000,0.5,40,29,6.0000,0.296475
2000,0.5,40,30,6.2000,0.248570
2000,0.5,40,31,6.4000,0.249585
2000,0.5,40,32,6.6000,0.240194
2000,0.5,40,33,6.8000,0.260615
2000,0.5,40,34,7.0000,0.281476
2000,0.5,40,35,7.2000,0.269125
2000,0.5,40,36,7.4000,0.237515
2000,0.5,40,37,7.6000,0.232808
2000,0.5,40,38,7.8000,0.233209
2000,0.5,40,39,8.0000,0.235760
2000,0.5,40,40,8.2000,0.244897
2000,0.5,40,41,8.4000,0.254095
2000,0.5,40,42,8.6000,0.238219
2000,0.5,40,43,8.8000,0.238624
2000,0.5,40,44,9.0000,0.250585
2000,0.5,40,45,9.2000,0.257134
2000,0.5,40,46,9.4000,0.253684
2000,0.5,40,47,9.6000,0.218403
2000,0.5,40,48,9.8000,0.208047
2000,0.5,40,49,10.0000,0.198762
2000,0.5,40,50,10.2000,0.163919
2000,0.5,40,51,10.4000,0.175538
2000,0.5,40,52,10.6000,0.181560
2000,0.5,40,53,10.8000,0.181240
2000,0.5,40,54,11.0000,0.190837
2000,0.5,40,55,11.2000,0.177657
2000,0.5,40,56,11.4000,0.180923
2000,0.5,40,57,11.6000,0.184376
2000,0.5,40,58,11.8000,0.195062
2000,0.5,40,59,12.0000,0.168797
2000,0.5,40,60,12.2000,0.177499
2000,0.5,40,61,12.4000,0.189214
2000,0.5,40,62,12.6000,0.202470
2000,0.5,40,63,12.8000,0.207115
2000,0.5,40,64,13.0000,0.181598
2000,0.5,40,65,13.2000,0.185396
2000,0.5,40,66,13.4000,0.190446
2000,0.5,40,67,13.6000,0.173921
2000,0.5,40,68,13.8000,0.150012
2000,0.5,40,69,14.0000,0.134407
2000,0.5,40,70,14.2000,0.141986
2000,0.5,40,71,14.4000,0.141886
2000,0.5,40,72,14.6000,0.142187
2000,0.5,40,73,14.8000,0.142033
2000,0.5,40,74,15.0000,0.127067
2000,0.5,40,75,15.2000,0.132039
2000,0.5,40,76,15.4000,0.134699
2000,0.5,40,77,15.6000,0.140974
2000,0.5,40,78,15.8000,0.147878
2000,0.5,40,79,16.0000,0.155824
2000,0.5,40,80,16.2000,0.152617
2000,0.5,40,81,16.4000,0.145404
2000,0.5,40,82,16.6000,0.151057
2000,0.5,40,83,16.8000,0.149965
2000,0.5,40,84,17.0000,0.145360
2000,0.5,40,85,17.2000,0.136600
2000,0.5,40,86,17.4000,0.138691
2000,0.5,40,87,17.6000,0.131864
2000,0.5,40,88,17.8000,0.131093
2000,0.5,40,89,18.0000,0.130932
2000,0.5,40,90,18.2000,0.126969
2000,0.5,40,91,18.4000,0.127779
2000,0.5,40,92,18.6000,0.131867
2000,0.5,40,93,18.8000,0.136233
2000,0.5,40,94,19.0000,0.141045
2000,0.5,40,95,19.2000,0.147607
2000,0.5,40,96,19.4000,0.151486
2000,0.5,40,97,19.6000,0.156119
2000,0.5,40,98,19.8000,0.159623
2000,0.5,40,99,20.0000,0.163305
2000,0.5,50,0,0.2000,2.487984
2000,0.5,50,1,0.4000,1.993231
2000,0.5,50,2,0.6000,1.650340
2000,0.5,50,3,0.8000,0.666136
2000,0.5,50,4,1.0000,0.500565
2000,0.5,50,5,1.2000,0.429961
2000,0.5,50,6,1.4000,0.300020
2000,0.5,50,7,1.6000,0.283496
2000,0.5,50,8,1.8000,0.308975
2000,0.5,50,9,2.0000,0.384354
2000,0.5,50,10,2.2000,0.566537
2000,0.5,50,11,2.4000,0.496453
2000,0.5,50,12,2.6000,0.431980
2000,0.5,50,13,2.8000,0.365358
2000,0.5,50,14,3.0000,0.291674
2000,0.5,50,15,3.2000,0.240629
2000,0.5,50,16,3.4000,0.222731
2000,0.5,50,17,3.6000,0.241326
2000,0.5,50,18,3.8000,0.183084
2000,0.5,50,19,4.0000,0.154094
2000,0.5,50,20,4.2000,0.164108
2000,0.5,50,21,4.4000,0.170982
2000,0.5,50,22,4.6000,0.140761
2000,0.5,50,23,4.8000,0.121735
2000,0.5,50,24,5.0000,0.130440
2000,0.5,50,25,5.2000,0.108021
2000,0.5,50,26,5.4000,0.131729
2000,0.5,50,27,5.6000,0.120679
2000,0.5,50,28,5.8000,0.124903
2000,0.5,50,29,6.0000,0.102092
2000,0.5,50,30,6.2000,0.099245
2000,0.5,50,31,6.4000,0.108637
2000,0.5,50,32,6.6000,0.105997
2000,0.5,50,33,6.8000,0.110153
2000,0.5,50,34,7.0000,0.129205
2000,0.5,50,35,7.2000,0.134834
2000,0.5,50,36,7.4000,0.143109
2000,0.5,50,37,7.6000,0.125379
2000,0.5,50,38,7.8000,0.121575
2000,0.5,50,39,8.0000,0.132323
2000,0.5,50,40,8.2000,0.139956
2000,0.5,50,41,8.4000,0.124672
2000,0.5,50,42,8.6000,0.109141
2000,0.5,50,43,8.8000,0.103785
2000,0.5,50,44,9.0000,0.101045
2000,0.5,50,45,9.2000,0.101465
2000,0.5,50,46,9.4000,0.106919
2000,0.5,50,47,9.6000,0.094305
2000,0.5,50,48,9.8000,0.088384
2000,0.5,50,49,10.0000,0.085003
2000,0.5,50,50,10.2000,0.102315
2000,0.5,50,51,10.4000,0.099807
2000,0.5,50,52,10.6000,0.114100
2000,0.5,50,53,10.8000,0.111706
2000,0.5,50,54,11.0000,0.103982
2000,0.5,50,55,11.2000,0.102480
2000,0.5,50,56,11.4000,0.113727
2000,0.5,50,57,11.6000,0.124896
2000,0.5,50,58,11.8000,0.133930
2000,0.5,50,59,12.0000,0.141672
2000,0.5,50,60,12.2000,0.134914
2000,0.5,50,61,12.4000,0.131634
2000,0.5,50,62,12.6000,0.126028
2000,0.5,50,63,12.8000,0.119862
2000,0.5,50,64,13.0000,0.121668
2000,0.5,50,65,13.2000,0.134518
2000,0.5,50,66,13.4000,0.139458
2000,0.5,50,67,13.6000,0.132176
2000,0.5,50,68,13.8000,0.128807
2000,0.5,50,69,14.0000,0.132373
2000,0.5,50,70,14.2000,0.134114
2000,0.5,50,71,14.4000,0.132299
2000,0.5,50,72,14.6000,0.129506
2000,0.5,50,73,14.8000,0.128891
2000,0.5,50,74,15.0000,0.129129
2000,0.5,50,75,15.2000,0.131033
2000,0.5,50,76,15.4000,0.144504
2000,0.5,50,77,15.6000,0.145894
2000,0.5,50,78,15.8000,0.142642
2000,0.5,50,79,16.0000,0.133935
2000,0.5,50,80,16.2000,0.133818
2000,0.5,50,81,16.4000,0.136546
2000,0.5,50,82,16.6000,0.144217
2000,0.5,50,83,16.8000,0.147432
2000,0.5,50,84,17.0000,0.149188
2000,0.5,50,85,17.2000,0.154975
2000,0.5,50,86,17.4000,0.156285
2000,0.5,50,87,17.6000,0.157389
2000,0.5,50,88,17.8000,0.169094
2000,0.5,50,89,18.0000,0.170206
2000,0.5,50,90,18.2000,0.169543
2000,0.5,50,91,18.4000,0.170779
2000,0.5,50,92,18.6000,0.168247
2000,0.5,50,93,18.8000,0.165816
2000,0.5,50,94,19.0000,0.165276
2000,0.5,50,95,19.2000,0.163205
2000,0.5,50,96,19.4000,0.172325
2000,0.5,50,97,19.6000,0.177366
2000,0.5,50,98,19.8000,0.189719
2000,0.5,50,99,20.0000,0.194044
2000,0.5,60,0,0.2000,1.814474
2000,0.5,60,1,0.4000,1.148534
2000,0.5,60,2,0.6000,0.840212
2000,0.5,60,3,0.8000,0.798521
2000,0.5,60,4,1.0000,0.845826
2000,0.5,60,5,1.2000,1.126126
2000,0.5,60,6,1.4000,0.639391
2000,0.5,60,7,1.6000,0.466825
2000,0.5,60,8,1.8000,0.361437
2000,0.5,60,9,2.0000,0.315169
2000,0.5,60,10,2.2000,0.239854
2000,0.5,60,11,2.4000,0.217710
2000,0.5,60,12,2.6000,0.234437
2000,0.5,60,13,2.8000,0.185237
2000,0.5,60,14,3.0000,0.200311
2000,0.5,60,15,3.2000,0.221283
2000,0.5,60,16,3.4000,0.270956
2000,0.5,60,17,3.6000,0.230199
2000,0.5,60,18,3.8000,0.233305
2000,0.5,60,19,4.0000,0.256245
2000,0.5,60,20,4.2000,0.200520
2000,0.5,60,21,4.4000,0.195371
2000,0.5,60,22,4.6000,0.166537
2000,0.5,60,23,4.8000,0.172850
2000,0.5,60,24,5.0000,0.178920
2000,0.5,60,25,5.2000,0.180439
2000,0.5,60,26,5.4000,0.165314
2000,0.5,60,27,5.6000,0.166311
2000,0.5,60,28,5.8000,0.176041
2000,0.5,60,29,6.0000,0.191397
2000,0.5,60,30,6.2000,0.209875
2000,0.5,60,31,6.4000,0.210654
2000,0.5,60,32,6.6000,0.225108
2000,0.5,60,33,6.8000,0.244385
2000,0.5,60,34,7.0000,0.234416
2000,0.5,60,35,7.2000,0.235863
2000,0.5,60,36,7.4000,0.214451
2000,0.5,60,37,7.6000,0.166577
2000,0.5,60,38,7.8000,0.166122
2000,0.5,60,39,8.0000,0.165163
2000,0.5,60,40,8.2000,0.166501
2000,0.5,60,41,8.4000,0.156495
2000,0.5,60,42,8.6000,0.170429
2000,0.5,60,43,8.8000,0.181240
2000,0.5,60,44,9.0000,0.192108
2000,0.5,60,45,9.2000,0.201897
2000,0.5,60,46,9.4000,0.195916
2000,0.5,60,47,9.6000,0.191438
2000,0.5,60,48,9.8000,0.199002
2000,0.5,60,49,10.0000,0.210374
2000,0.5,60,50,10.2000,0.208002
2000,0.5,60,51,10.4000,0.197758
2000,0.5,60,52,10.6000,0.188958
2000,0.5,60,53,10.8000,0.196199
2000,0.5,60,54,11.0000,0.202472
2000,0.5,60,55,11.2000,0.197899
2000,0.5,60,56,11.4000,0.190606
2000,0.5,60,57,11.6000,0.188218
2000,0.5,60,58,11.8000,0.188709
2000,0.5,60,59,12.0000,0.189089
2000,0.5,60,60,12.2000,0.191094
2000,0.5,60,61,12.4000,0.200670
2000,0.5,60,62,12.6000,0.212266
2000,0.5,60,63,12.8000,0.208251
2000,0.5,60,64,13.0000,0.186709
2000,0.5,60,65,13.2000,0.181347
2000,0.5,60,66,13.4000,0.193995
2000,0.5,60,67,13.6000,0.207986
2000,0.5,60,68,13.8000,0.220353
2000,0.5,60,69,14.0000,0.233771
2000,0.5,60,70,14.2000,0.238397
2000,0.5,60,71,14.4000,0.233109
2000,0.5,60,72,14.6000,0.234208
2000,0.5,60,73,14.8000,0.237842
2000,0.5,60,74,15.0000,0.250624
2000,0.5,60,75,15.2000,0.253737
2000,0.5,60,76,15.4000,0.266529
2000,0.5,60,77,15.6000,0.266798
2000,0.5,60,78,15.8000,0.260113
2000,0.5,60,79,16.0000,0.270974
2000,0.5,60,80,16.2000,0.271509
2000,0.5,60,81,16.4000,0.270653
2000,0.5,60,82,16.6000,0.279197
2000,0.5,60,83,16.8000,0.286463
2000,0.5,60,84,17.0000,0.293206
2000,0.5,60,85,17.2000,0.299497
2000,0.5,60,86,17.4000,0.300660
2000,0.5,60,87,17.6000,0.302300
2000,0.5,60,88,17.8000,0.304054
2000,0.5,60,89,18.0000,0.294609
2000,0.5,60,90,18.2000,0.302941
2000,0.5,60,91,18.4000,0.308117
2000,0.5,60,92,18.6000,0.315221
2000,0.5,60,93,18.8000,0.314440
2000,0.5,60,94,19.0000,0.310715
2000,0.5,60,95,19.2000,0.310570
2000,0.5,60,96,19.4000,0.316873
2000,0.5,60,97,19.6000,0.309618
2000,0.5,60,98,19.8000,0.316475
2000,0.5,60,99,20.0000,0.323301
2000,0.5,70,0,0.2000,2.139862
2000,0.5,70,1,0.4000,2.024270
2000,0.5,70,2,0.6000,1.076408
2000,0.5,70,3,0.8000,0.977348
2000,0.5,70,4,1.0000,0.975960
2000,0.5,70,5,1.2000,0.497129
2000,0.5,70,6,1.4000,0.524509
2000,0.5,70,7,1.6000,0.902006
2000,0.5,70,8,1.8000,0.989365
2000,0.5,70,9,2.0000,0.781571
2000,0.5,70,10,2.2000,0.724104
2000,0.5,70,11,2.4000,0.650454
2000,0.5,70,12,2.6000,0.607655
2000,0.5,70,13,2.8000,0.556660
2000,0.5,70,14,3.0000,0.486298
2000,0.5,70,15,3.2000,0.441532
2000,0.5,70,16,3.4000,0.389762
2000,0.5,70,17,3.6000,0.339967
2000,0.5,70,18,3.8000,0.302508
2000,0.5,70,19,4.0000,0.271099
2000,0.5,70,20,4.2000,0.247883
2000,0.5,70,21,4.4000,0.224951
2000,0.5,70,22,4.6000,0.224664
2000,0.5,70,23,4.8000,0.265478
2000,0.5,70,24,5.0000,0.256006
2000,0.5,70,25,5.2000,0.260307
2000,0.5,70,26,5.4000,0.247435
2000,0.5,70,27,5.6000,0.233466
2000,0.5,70,28,5.8000,0.241143
2000,0.5,70,29,6.0000,0.248850
2000,0.5,70,30,6.2000,0.233184
2000,0.5,70,31,6.4000,0.254009
2000,0.5,70,32,6.6000,0.272878
2000,0.5,70,33,6.8000,0.257047
2000,0.5,70,34,7.0000,0.255097
2000,0.5,70,35,7.2000,0.245208
2000,0.5,70,36,7.4000,0.238757
2000,0.5,70,37,7.6000,0.228601
2000,0.5,70,38,7.8000,0.223796
2000,0.5,70,39,8.0000,0.221466
2000,0.5,70,40,8.2000,0.218496
2000,0.5,70,41,8.4000,0.214853
2000,0.5,70,42,8.6000,0.195905
2000,0.5,70,43,8.8000,0.195142
2000,0.5,70,44,9.0000,0.193113
2000,0.5,70,45,9.2000,0.183990
2000,0.5,70,46,9.4000,0.183573
2000,0.5,70,47,9.6000,0.181239
2000,0.5,70,48,9.8000,0.181014
2000,0.5,70,49,10.0000,0.178399
2000,0.5,70,50,10.2000,0.186346
2000,0.5,70,51,10.4000,0.187629
2000,0.5,70,52,10.6000,0.182199
2000,0.5,70,53,10.8000,0.181632
2000,0.5,70,54,11.0000,0.179410
2000,0.5,70,55,11.2000,0.183361
2000,0.5,70,56,11.4000,0.190997
2000,0.5,70,57,11.6000,0.202644
2000,0.5,70,58,11.8000,0.215648
2000,0.5,70,59,12.0000,0.220587
2000,0.5,70,60,12.2000,0.215908
2000,0.5,70,61,12.4000,0.230241
2000,0.5,70,62,12.6000,0.240684
2000,0.5,70,63,12.8000,0.230173
2000,0.5,70,64,13.0000,0.220226
2000,0.5,70,65,13.2000,0.215644
2000,0.5,70,66,13.4000,0.211290
2000,0.5,70,67,13.6000,0.206384
2000,0.5,70,68,13.8000,0.203940
2000,0.5,70,69,14.0000,0.197085
2000,0.5,70,70,14.2000,0.192873
2000,0.5,70,71,14.4000,0.185324
2000,0.5,70,72,14.6000,0.183614
2000,0.5,70,73,14.8000,0.176299
2000,0.5,70,74,15.0000,0.175455
2000,0.5,70,75,15.2000,0.175036
2000,0.5,70,76,15.4000,0.174992
2000,0.5,70,77,15.6000,0.187536
2000,0.5,70,78,15.8000,0.203877
2000,0.5,70,79,16.0000,0.196685
2000,0.5,70,80,16.2000,0.196726
2000,0.5,70,81,16.4000,0.191300
2000,0.5,70,82,16.6000,0.191711
2000,0.5,70,83,16.8000,0.191182
2000,0.5,70,84,17.0000,0.192398
2000,0.5,70,85,17.2000,0.193920
2000,0.5,70,86,17.4000,0.192493
2000,0.5,70,87,17.6000,0.195058
2000,0.5,70,88,17.8000,0.188945
2000,0.5,70,89,18.0000,0.183142
2000,0.5,70,90,18.2000,0.179562
2000,0.5,70,91,18.4000,0.162474
2000,0.5,70,92,18.6000,0.152102
2000,0.5,70,93,18.8000,0.149790
2000,0.5,70,94,19.0000,0.149989
2000,0.5,70,95,19.2000,0.150985
2000,0.5,70,96,19.4000,0.161784
2000,0.5,70,97,19.6000,0.164171
2000,0.5,70,98,19.8000,0.169521
2000,0.5,70,99,20.0000,0.176243
2000,0.5,80,0,0.2000,1.696157
2000,0.5,80,1,0.4000,1.841369
2000,0.5,80,2,0.6000,1.705815
2000,0.5,80,3,0.8000,1.701223
2000,0.5,80,4,1.0000,0.566421
2000,0.5,80,5,1.2000,0.606051
2000,0.5,80,6,1.4000,0.573181
2000,0.5,80,7,1.6000,0.550765
2000,0.5,80,8,1.8000,0.339049
2000,0.5,80,9,2.0000,0.386514
2000,0.5,80,10,2.2000,0.282937
2000,0.5,80,11,2.4000,0.258354
2000,0.5,80,12,2.6000,0.220458
2000,0.5,80,13,2.8000,0.201420
2000,0.5,80,14,3.0000,0.214844
2000,0.5,80,15,3.2000,0.247166
2000,0.5,80,16,3.4000,0.259009
2000,0.5,80,17,3.6000,0.228428
2000,0.5,80,18,3.8000,0.211106
2000,0.5,80,19,4.0000,0.187491
2000,0.5,80,20,4.2000,0.193508
2000,0.5,80,21,4.4000,0.174874
2000,0.5,80,22,4.6000,0.172236
2000,0.5,80,23,4.8000,0.172251
2000,0.5,80,24,5.0000,0.159915
2000,0.5,80,25,5.2000,0.154444
2000,0.5,80,26,5.4000,0.188572
2000,0.5,80,27,5.6000,0.186766
2000,0.5,80,28,5.8000,0.210897
2000,0.5,80,29,6.0000,0.228324
2000,0.5,80,30,6.2000,0.240665
2000,0.5,80,31,6.4000,0.229700
2000,0.5,80,32,6.6000,0.203744
2000,0.5,80,33,6.8000,0.178810
2000,0.5,80,34,7.0000,0.164374
2000,0.5,80,35,7.2000,0.148127
2000,0.5,80,36,7.4000,0.127168
2000,0.5,80,37,7.6000,0.107161
2000,0.5,80,38,7.8000,0.093980
2000,0.5,80,39,8.0000,0.088777
2000,0.5,80,40,8.2000,0.087385
2000,0.5,80,41,8.4000,0.091142
2000,0.5,80,42,8.6000,0.083776
2000,0.5,80,43,8.8000,0.075644
2000,0.5,80,44,9.0000,0.072637
2000,0.5,80,45,9.2000,0.075180
2000,0.5,80,46,9.4000,0.074793
2000,0.5,80,47,9.6000,0.084105
2000,0.5,80,48,9.8000,0.075942
2000,0.5,80,49,10.0000,0.072983
2000,0.5,80,50,10.2000,0.092254
2000,0.5,80,51,10.4000,0.087851
2000,0.5,80,52,10.6000,0.110374
2000,0.5,80,53,10.8000,0.105677
2000,0.5,80,54,11.0000,0.120930
2000,0.5,80,55,11.2000,0.117571
2000,0.5,80,56,11.4000,0.117990
2000,0.5,80,57,11.6000,0.121271
2000,0.5,80,58,11.8000,0.102508
2000,0.5,80,59,12.0000,0.114154
2000,0.5,80,60,12.2000,0.124477
2000,0.5,80,61,12.4000,0.153485
2000,0.5,80,62,12.6000,0.176749
2000,0.5,80,63,12.8000,0.170433
2000,0.5,80,64,13.0000,0.186388
2000,0.5,80,65,13.2000,0.195566
2000,0.5,80,66,13.4000,0.190826
2000,0.5,80,67,13.6000,0.176843
2000,0.5,80,68,13.8000,0.171217
2000,0.5,80,69,14.0000,0.162445
2000,0.5,80,70,14.2000,0.164151
2000,0.5,80,71,14.4000,0.162320
2000,0.5,80,72,14.6000,0.155851
2000,0.5,80,73,14.8000,0.169375
2000,0.5,80,74,15.0000,0.164562
2000,0.5,80,75,15.2000,0.158964
2000,0.5,80,76,15.4000,0.152081
2000,0.5,80,77,15.6000,0.147062
2000,0.5,80,78,15.8000,0.146661
2000,0.5,80,79,16.0000,0.141419
2000,0.5,80,80,16.2000,0.136924
2000,0.5,80,81,16.4000,0.133302
2000,0.5,80,82,16.6000,0.131400
2000,0.5,80,83,16.8000,0.129865
2000,0.5,80,84,17.0000,0.132558
2000,0.5,80,85,17.2000,0.142855
2000,0.5,80,86,17.4000,0.141589
2000,0.5,80,87,17.6000,0.138574
2000,0.5,80,88,17.8000,0.150309
2000,0.5,80,89,18.0000,0.154049
2000,0.5,80,90,18.2000,0.156844
2000,0.5,80,91,18.4000,0.163726
2000,0.5,80,92,18.6000,0.152633
2000,0.5,80,93,18.8000,0.140061
2000,0.5,80,94,19.0000,0.132866
2000,0.5,80,95,19.2000,0.123296
2000,0.5,80,96,19.4000,0.116804
2000,0.5,80,97,19.6000,0.136804
2000,0.5,80,98,19.8000,0.129575
2000,0.5,80,99,20.0000,0.120680
2000,0.5,90,0,0.2000,2.304122
2000,0.5,90,1,0.4000,2.186815
2000,0.5,90,2,0.6000,1.754840
2000,0.5,90,3,0.8000,1.108537
2000,0.5,90,4,1.0000,0.350811
2000,0.5,90,5,1.2000,0.350650
2000,0.5,90,6,1.4000,0.288933
2000,0.5,90,7,1.6000,0.342078
2000,0.5,90,8,1.8000,0.296075
2000,0.5,90,9,2.0000,0.297094
2000,0.5,90,10,2.2000,0.339203
2000,0.5,90,11,2.4000,0.311093
2000,0.5,90,12,2.6000,0.334051
2000,0.5,90,13,2.8000,0.415703
2000,0.5,90,14,3.0000,0.446075
2000,0.5,90,15,3.2000,0.399138
2000,0.5,90,16,3.4000,0.330808
2000,0.5,90,17,3.6000,0.355232
2000,0.5,90,18,3.8000,0.387943
2000,0.5,90,19,4.0000,0.400289
2000,0.5,90,20,4.2000,0.358387
2000,0.5,90,21,4.4000,0.370604
2000,0.5,90,22,4.6000,0.391599
2000,0.5,90,23,4.8000,0.352247
2000,0.5,90,24,5.0000,0.352317
2000,0.5,90,25,5.2000,0.355172
2000,0.5,90,26,5.4000,0.330191
2000,0.5,90,27,5.6000,0.277026
2000,0.5,90,28,5.8000,0.254288
2000,0.5,90,29,6.0000,0.249775
2000,0.5,90,30,6.2000,0.234067
2000,0.5,90,31,6.4000,0.216744
2000,0.5,90,32,6.6000,0.210536
2000,0.5,90,33,6.8000,0.208477
2000,0.5,90,34,7.0000,0.203495
2000,0.5,90,35,7.2000,0.198716
2000,0.5,90,36,7.4000,0.200690
2000,0.5,90,37,7.6000,0.192876
2000,0.5,90,38,7.8000,0.186191
2000,0.5,90,39,8.0000,0.179557
2000,0.5,90,40,8.2000,0.181270
2000,0.5,90,41,8.4000,0.183271
2000,0.5,90,42,8.6000,0.185397
2000,0.5,90,43,8.8000,0.181863
2000,0.5,90,44,9.0000,0.181367
2000,0.5,90,45,9.2000,0.173171
2000,0.5,90,46,9.4000,0.161327
2000,0.5,90,47,9.6000,0.157693
2000,0.5,90,48,9.8000,0.150335
2000,0.5,90,49,10.0000,0.144242
2000,0.5,90,50,10.2000,0.138232
2000,0.5,90,51,10.4000,0.131701
2000,0.5,90,52,10.6000,0.127229
2000,0.5,90,53,10.8000,0.121584
2000,0.5,90,54,11.0000,0.115911
2000,0.5,90,55,11.2000,0.109089
2000,0.5,90,56,11.4000,0.105225
2000,0.5,90,57,11.6000,0.101112
2000,0.5,90,58,11.8000,0.098310
2000,0.5,90,59,12.0000,0.096564
2000,0.5,90,60,12.2000,0.081562
2000,0.5,90,61,12.4000,0.079125
2000,0.5,90,62,12.6000,0.074132
2000,0.5,90,63,12.8000,0.069417
2000,0.5,90,64,13.0000,0.070707
2000,0.5,90,65,13.2000,0.066118
2000,0.5,90,66,13.4000,0.072323
2000,0.5,90,67,13.6000,0.079588
2000,0.5,90,68,13.8000,0.078944
2000,0.5,90,69,14.0000,0.074620
2000,0.5,90,70,14.2000,0.072719
2000,0.5,90,71,14.4000,0.070792
2000,0.5,90,72,14.6000,0.072517
2000,0.5,90,73,14.8000,0.058809
2000,0.5,90,74,15.0000,0.055936
2000,0.5,90,75,15.2000,0.056956
2000,0.5,90,76,15.4000,0.057947
2000,0.5,90,77,15.6000,0.049989
2000,0.5,90,78,15.8000,0.055727
2000,0.5,90,79,16.0000,0.051441
2000,0.5,90,80,16.2000,0.048590
2000,0.5,90,81,16.4000,0.045887
2000,0.5,90,82,16.6000,0.041132
2000,0.5,90,83,16.8000,0.039017
2000,0.5,90,84,17.0000,0.038239
2000,0.5,90,85,17.2000,0.039621
2000,0.5,90,86,17.4000,0.050685
2000,0.5,90,87,17.6000,0.053354
2000,0.5,90,88,17.8000,0.060197
2000,0.5,90,89,18.0000,0.053890
2000,0.5,90,90,18.2000,0.053445
2000,0.5,90,91,18.4000,0.056326
2000,0.5,90,92,18.6000,0.057760
2000,0.5,90,93,18.8000,0.062068
2000,0.5,90,94,19.0000,0.064684
2000,0.5,90,95,19.2000,0.070077
2000,0.5,90,96,19.4000,0.074539
2000,0.5,90,97,19.6000,0.085036
2000,0.5,90,98,19.8000,0.081895
2000,0.5,90,99,20.0000,0.088967
2000,2.0,10,0,0.2000,2.366601
2000,2.0,10,1,0.4000,2.118601
2000,2.0,10,2,0.6000,1.427910
2000,2.0,10,3,0.8000,1.239310
2000,2.0,10,4,1.0000,0.916445
2000,2.0,10,5,1.2000,1.128687
2000,2.0,10,6,1.4000,1.144674
2000,2.0,10,7,1.6000,1.267511
2000,2.0,10,8,1.8000,0.950098
2000,2.0,10,9,2.0000,0.796873
2000,2.0,10,10,2.2000,0.763401
2000,2.0,10,11,2.4000,0.745978
2000,2.0,10,12,2.6000,0.674216
2000,2.0,10,13,2.8000,0.628662
2000,2.0,10,14,3.0000,0.593537
2000,2.0,10,15,3.2000,0.558513
2000,2.0,10,16,3.4000,0.545107
2000,2.0,10,17,3.6000,0.521541
2000,2.0,10,18,3.8000,0.521465
2000,2.0,10,19,4.0000,0.518503
2000,2.0,10,20,4.2000,0.526598
2000,2.0,10,21,4.4000,0.536722
2000,2.0,10,22,4.6000,0.610644
2000,2.0,10,23,4.8000,0.677266
2000,2.0,10,24,5.0000,0.625042
2000,2.0,10,25,5.2000,0.646486
2000,2.0,10,26,5.4000,0.590401
2000,2.0,10,27,5.6000,0.577061
2000,2.0,10,28,5.8000,0.576068
2000,2.0,10,29,6.0000,0.575810
2000,2.0,10,30,6.2000,0.562795
2000,2.0,10,31,6.4000,0.576917
2000,2.0,10,32,6.6000,0.593988
2000,2.0,10,33,6.8000,0.597046
2000,2.0,10,34,7.0000,0.587616
2000,2.0,10,35,7.2000,0.592725
2000,2.0,10,36,7.4000,0.609511
2000,2.0,10,37,7.6000,0.602365
2000,2.0,10,38,7.8000,0.580267
2000,2.0,10,39,8.0000,0.566913
2000,2.0,10,40,8.2000,0.544578
2000,2.0,10,41,8.4000,0.524117
2000,2.0,10,42,8.6000,0.507494
2000,2.0,10,43,8.8000,0.490479
2000,2.0,10,44,9.0000,0.462367
2000,2.0,10,45,9.2000,0.439155
2000,2.0,10,46,9.4000,0.410275
2000,2.0,10,47,9.6000,0.392568
2000,2.0,10,48,9.8000,0.377579
2000,2.0,10,49,10.0000,0.386869
2000,2.0,10,50,10.2000,0.379006
2000,2.0,10,51,10.4000,0.363323
2000,2.0,10,52,10.6000,0.355921
2000,2.0,10,53,10.8000,0.345671
2000,2.0,10,54,11.0000,0.345165
2000,2.0,10,55,11.2000,0.347397
2000,2.0,10,56,11.4000,0.351196
2000,2.0,10,57,11.6000,0.355102
2000,2.0,10,58,11.8000,0.361091
2000,2.0,10,59,12.0000,0.365227
2000,2.0,10,60,12.2000,0.369883
2000,2.0,10,61,12.4000,0.376918
2000,2.0,10,62,12.6000,0.383820
2000,2.0,10,63,12.8000,0.387435
2000,2.0,10,64,13.0000,0.373371
2000,2.0,10,65,13.2000,0.367900
2000,2.0,10,66,13.4000,0.346619
2000,2.0,10,67,13.6000,0.350042
2000,2.0,10,68,13.8000,0.360434
2000,2.0,10,69,14.0000,0.370658
2000,2.0,10,70,14.2000,0.380096
2000,2.0,10,71,14.4000,0.389663
2000,2.0,10,72,14.6000,0.397697
2000,2.0,10,73,14.8000,0.405002
2000,2.0,10,74,15.0000,0.401848
2000,2.0,10,75,15.2000,0.392727
2000,2.0,10,76,15.4000,0.396462
2000,2.0,10,77,15.6000,0.392692
2000,2.0,10,78,15.8000,0.387225
2000,2.0,10,79,16.0000,0.371479
2000,2.0,10,80,16.2000,0.375211
2000,2.0,10,81,16.4000,0.367516
2000,2.0,10,82,16.6000,0.362712
2000,2.0,10,83,16.8000,0.347676
2000,2.0,10,84,17.0000,0.348339
2000,2.0,10,85,17.2000,0.339799
2000,2.0,10,86,17.4000,0.325382
2000,2.0,10,87,17.6000,0.316590
2000,2.0,10,88,17.8000,0.305448
2000,2.0,10,89,18.0000,0.293653
2000,2.0,10,90,18.2000,0.285196
2000,2.0,10,91,18.4000,0.282647
2000,2.0,10,92,18.6000,0.282446
2000,2.0,10,93,18.8000,0.283621
2000,2.0,10,94,19.0000,0.275685
2000,2.0,10,95,19.2000,0.272734
2000,2.0,10,96,19.4000,0.273973
2000,2.0,10,97,19.6000,0.272318
2000,2.0,10,98,19.8000,0.265146
2000,2.0,10,99,20.0000,0.256422
2000,2.0,100,0,0.2000,2.121735
2000,2.0,100,1,0.4000,2.223748
2000,2.0,100,2,0.6000,1.391627
2000,2.0,100,3,0.8000,0.774734
2000,2.0,100,4,1.0000,0.499007
2000,2.0,100,5,1.2000,0.264712
2000,2.0,100,6,1.4000,0.310395
2000,2.0,100,7,1.6000,0.443319
2000,2.0,100,8,1.8000,0.613215
2000,2.0,100,9,2.0000,0.608384
2000,2.0,100,10,2.2000,0.599812
2000,2.0,100,11,2.4000,0.545320
2000,2.0,100,12,2.6000,0.609920
2000,2.0,100,13,2.8000,0.619726
2000,2.0,100,14,3.0000,0.568388
2000,2.0,100,15,3.2000,0.542444
2000,2.0,100,16,3.4000,0.477159
2000,2.0,100,17,3.6000,0.432287
2000,2.0,100,18,3.8000,0.412066
2000,2.0,100,19,4.0000,0.403761
2000,2.0,100,20,4.2000,0.398296
2000,2.0,100,21,4.4000,0.399371
2000,2.0,100,22,4.6000,0.398792
2000,2.0,100,23,4.8000,0.422374
2000,2.0,100,24,5.0000,0.439526
2000,2.0,100,25,5.2000,0.464544
2000,2.0,100,26,5.4000,0.487539
2000,2.0,100,27,5.6000,0.489675
2000,2.0,100,28,5.8000,0.452704
2000,2.0,100,29,6.0000,0.420603
2000,2.0,100,30,6.2000,0.397385
2000,2.0,100,31,6.4000,0.370582
2000,2.0,100,32,6.6000,0.343161
2000,2.0,100,33,6.8000,0.319535
2000,2.0,100,34,7.0000,0.305573
2000,2.0,100,35,7.2000,0.286418
2000,2.0,100,36,7.4000,0.268012
2000,2.0,100,37,7.6000,0.277523
2000,2.0,100,38,7.8000,0.282929
2000,2.0,100,39,8.0000,0.287846
2000,2.0,100,40,8.2000,0.296802
2000,2.0,100,41,8.4000,0.303994
2000,2.0,100,42,8.6000,0.309178
2000,2.0,100,43,8.8000,0.317118
2000,2.0,100,44,9.0000,0.324349
2000,2.0,100,45,9.2000,0.335105
2000,2.0,100,46,9.4000,0.347266
2000,2.0,100,47,9.6000,0.358080
2000,2.0,100,48,9.8000,0.363441
2000,2.0,100,49,10.0000,0.371126
2000,2.0,100,50,10.2000,0.381750
2000,2.0,100,51,10.4000,0.373647
2000,2.0,100,52,10.6000,0.366597
2000,2.0,100,53,10.8000,0.359494
2000,2.0,100,54,11.0000,0.368424
2000,2.0,100,55,11.2000,0.380550
2000,2.0,100,56,11.4000,0.389610
2000,2.0,100,57,11.6000,0.384454
2000,2.0,100,58,11.8000,0.384676
2000,2.0,100,59,12.0000,0.367885
2000,2.0,100,60,12.2000,0.354884
2000,2.0,100,61,12.4000,0.333399
2000,2.0,100,62,12.6000,0.326042
2000,2.0,100,63,12.8000,0.315216
2000,2.0,100,64,13.0000,0.308885
2000,2.0,100,65,13.2000,0.303128
2000,2.0,100,66,13.4000,0.296083
2000,2.0,100,67,13.6000,0.267872
2000,2.0,100,68,13.8000,0.261673
2000,2.0,100,69,14.0000,0.260473
2000,2.0,100,70,14.2000,0.265406
2000,2.0,100,71,14.4000,0.249975
2000,2.0,100,72,14.6000,0.245577
2000,2.0,100,73,14.8000,0.225599
2000,2.0,100,74,15.0000,0.214442
2000,2.0,100,75,15.2000,0.225121
2000,2.0,100,76,15.4000,0.234611
2000,2.0,100,77,15.6000,0.233867
2000,2.0,100,78,15.8000,0.226405
2000,2.0,100,79,16.0000,0.235945
2000,2.0,100,80,16.2000,0.238002
2000,2.0,100,81,16.4000,0.236526
2000,2.0,100,82,16.6000,0.231103
2000,2.0,100,83,16.8000,0.227669
2000,2.0,100,84,17.0000,0.223953
2000,2.0,100,85,17.2000,0.219279
2000,2.0,100,86,17.4000,0.207979
2000,2.0,100,87,17.6000,0.196446
2000,2.0,100,88,17.8000,0.192266
2000,2.0,100,89,18.0000,0.193181
2000,2.0,100,90,18.2000,0.187349
2000,2.0,100,91,18.4000,0.182813
2000,2.0,100,92,18.6000,0.178754
2000,2.0,100,93,18.8000,0.175929
2000,2.0,100,94,19.0000,0.171513
2000,2.0,100,95,19.2000,0.166651
2000,2.0,100,96,19.4000,0.162731
2000,2.0,100,97,19.6000,0.153503
2000,2.0,100,98,19.8000,0.144331
2000,2.0,100,99,20.0000,0.144862
2000,2.0,20,0,0.2000,2.374615
2000,2.0,20,1,0.4000,2.150207
2000,2.0,20,2,0.6000,1.990311
2000,2.0,20,3,0.8000,1.931617
2000,2.0,20,4,1.0000,1.164921
2000,2.0,20,5,1.2000,0.959708
2000,2.0,20,6,1.4000,0.816192
2000,2.0,20,7,1.6000,0.747263
2000,2.0,20,8,1.8000,0.720249
2000,2.0,20,9,2.0000,0.600267
2000,2.0,20,10,2.2000,0.567031
2000,2.0,20,11,2.4000,0.523830
2000,2.0,20,12,2.6000,0.840020
2000,2.0,20,13,2.8000,0.961534
2000,2.0,20,14,3.0000,1.023216
2000,2.0,20,15,3.2000,0.994652
2000,2.0,20,16,3.4000,0.868768
2000,2.0,20,17,3.6000,0.700000
2000,2.0,20,18,3.8000,0.580610
2000,2.0,20,19,4.0000,0.556975
2000,2.0,20,20,4.2000,0.578126
2000,2.0,20,21,4.4000,0.625302
2000,2.0,20,22,4.6000,0.576526
2000,2.0,20,23,4.8000,0.545097
2000,2.0,20,24,5.0000,0.513664
2000,2.0,20,25,5.2000,0.489061
2000,2.0,20,26,5.4000,0.477634
2000,2.0,20,27,5.6000,0.475377
2000,2.0,20,28,5.8000,0.498356
2000,2.0,20,29,6.0000,0.472020
2000,2.0,20,30,6.2000,0.431777
2000,2.0,20,31,6.4000,0.410217
2000,2.0,20,32,6.6000,0.334337
2000,2.0,20,33,6.8000,0.305835
2000,2.0,20,34,7.0000,0.280568
2000,2.0,20,35,7.2000,0.268805
2000,2.0,20,36,7.4000,0.260503
2000,2.0,20,37,7.6000,0.208137
2000,2.0,20,38,7.8000,0.205171
2000,2.0,20,39,8.0000,0.185753
2000,2.0,20,40,8.2000,0.165556
2000,2.0,20,41,8.4000,0.161889
2000,2.0,20,42,8.6000,0.161314
2000,2.0,20,43,8.8000,0.156864
2000,2.0,20,44,9.0000,0.144700
2000,2.0,20,45,9.2000,0.149812
2000,2.0,20,46,9.4000,0.171090
2000,2.0,20,47,9.6000,0.173729
2000,2.0,20,48,9.8000,0.156959
2000,2.0,20,49,10.0000,0.170634
2000,2.0,20,50,10.2000,0.176533
2000,2.0,20,51,10.4000,0.209756
2000,2.0,20,52,10.6000,0.232471
2000,2.0,20,53,10.8000,0.240071
2000,2.0,20,54,11.0000,0.227344
2000,2.0,20,55,11.2000,0.217271
2000,2.0,20,56,11.4000,0.213743
2000,2.0,20,57,11.6000,0.205822
2000,2.0,20,58,11.8000,0.207542
2000,2.0,20,59,12.0000,0.198011
2000,2.0,20,60,12.2000,0.194742
2000,2.0,20,61,12.4000,0.192714
2000,2.0,20,62,12.6000,0.187807
2000,2.0,20,63,12.8000,0.181350
2000,2.0,20,64,13.0000,0.177301
2000,2.0,20,65,13.2000,0.175506
2000,2.0,20,66,13.4000,0.171507
2000,2.0,20,67,13.6000,0.169898
2000,2.0,20,68,13.8000,0.163331
2000,2.0,20,69,14.0000,0.157293
2000,2.0,20,70,14.2000,0.153766
2000,2.0,20,71,14.4000,0.149902
2000,2.0,20,72,14.6000,0.151020
2000,2.0,20,73,14.8000,0.143940
2000,2.0,20,74,15.0000,0.138518
2000,2.0,20,75,15.2000,0.132114
2000,2.0,20,76,15.4000,0.126543
2000,2.0,20,77,15.6000,0.122765
2000,2.0,20,78,15.8000,0.120872
2000,2.0,20,79,16.0000,0.122070
2000,2.0,20,80,16.2000,0.126841
2000,2.0,20,81,16.4000,0.125801
2000,2.0,20,82,16.6000,0.119138
2000,2.0,20,83,16.8000,0.126179
2000,2.0,20,84,17.0000,0.133323
2000,2.0,20,85,17.2000,0.138398
2000,2.0,20,86,17.4000,0.127165
2000,2.0,20,87,17.6000,0.131703
2000,2.0,20,88,17.8000,0.140315
2000,2.0,20,89,18.0000,0.147076
2000,2.0,20,90,18.2000,0.150615
2000,2.0,20,91,18.4000,0.158085
2000,2.0,20,92,18.6000,0.168514
2000,2.0,20,93,18.8000,0.173298
2000,2.0,20,94,19.0000,0.166243
2000,2.0,20,95,19.2000,0.159618
2000,2.0,20,96,19.4000,0.152783
2000,2.0,20,97,19.6000,0.147021
2000,2.0,20,98,19.8000,0.149463
2000,2.0,20,99,20.0000,0.153571
2000,2.0,30,0,0.2000,2.096286
2000,2.0,30,1,0.4000,1.589175
2000,2.0,30,2,0.6000,1.176898
2000,2.0,30,3,0.8000,1.157367
2000,2.0,30,4,1.0000,1.116864
2000,2.0,30,5,1.2000,0.723395
2000,2.0,30,6,1.4000,0.528122
2000,2.0,30,7,1.6000,0.265471
2000,2.0,30,8,1.8000,0.726186
2000,2.0,30,9,2.0000,0.269415
2000,2.0,30,10,2.2000,0.266250
2000,2.0,30,11,2.4000,0.323342
2000,2.0,30,12,2.6000,0.322279
2000,2.0,30,13,2.8000,0.275503
2000,2.0,30,14,3.0000,0.272329
2000,2.0,30,15,3.2000,0.271299
2000,2.0,30,16,3.4000,0.256765
2000,2.0,30,17,3.6000,0.253909
2000,2.0,30,18,3.8000,0.253690
2000,2.0,30,19,4.0000,0.268353
2000,2.0,30,20,4.2000,0.324318
2000,2.0,30,21,4.4000,0.344110
2000,2.0,30,22,4.6000,0.239584
2000,2.0,30,23,4.8000,0.197452
2000,2.0,30,24,5.0000,0.191161
2000,2.0,30,25,5.2000,0.219321
2000,2.0,30,26,5.4000,0.217678
2000,2.0,30,27,5.6000,0.224250
2000,2.0,30,28,5.8000,0.251572
2000,2.0,30,29,6.0000,0.273336
2000,2.0,30,30,6.2000,0.235971
2000,2.0,30,31,6.4000,0.193170
2000,2.0,30,32,6.6000,0.142724
2000,2.0,30,33,6.8000,0.118430
2000,2.0,30,34,7.0000,0.097244
2000,2.0,30,35,7.2000,0.098361
2000,2.0,30,36,7.4000,0.118462
2000,2.0,30,37,7.6000,0.129195
2000,2.0,30,38,7.8000,0.116873
2000,2.0,30,39,8.0000,0.104071
2000,2.0,30,40,8.2000,0.103391
2000,2.0,30,41,8.4000,0.094193
2000,2.0,30,42,8.6000,0.086751
2000,2.0,30,43,8.8000,0.081319
2000,2.0,30,44,9.0000,0.081283
2000,2.0,30,45,9.2000,0.080683
2000,2.0,30,46,9.4000,0.082499
2000,2.0,30,47,9.6000,0.093983
2000,2.0,30,48,9.8000,0.093624
2000,2.0,30,49,10.0000,0.081620
2000,2.0,30,50,10.2000,0.078307
2000,2.0,30,51,10.4000,0.081302
2000,2.0,30,52,10.6000,0.087183
2000,2.0,30,53,10.8000,0.093746
2000,2.0,30,54,11.0000,0.100257
2000,2.0,30,55,11.2000,0.109280
2000,2.0,30,56,11.4000,0.114334
2000,2.0,30,57,11.6000,0.104076
2000,2.0,30,58,11.8000,0.099180
2000,2.0,30,59,12.0000,0.098327
2000,2.0,30,60,12.2000,0.097176
2000,2.0,30,61,12.4000,0.106338
2000,2.0,30,62,12.6000,0.104519
2000,2.0,30,63,12.8000,0.103945
2000,2.0,30,64,13.0000,0.088788
2000,2.0,30,65,13.2000,0.085679
2000,2.0,30,66,13.4000,0.079809
2000,2.0,30,67,13.6000,0.089267
2000,2.0,30,68,13.8000,0.097355
2000,2.0,30,69,14.0000,0.109325
2000,2.0,30,70,14.2000,0.123683
2000,2.0,30,71,14.4000,0.115439
2000,2.0,30,72,14.6000,0.108368
2000,2.0,30,73,14.8000,0.101802
2000,2.0,30,74,15.0000,0.099012
2000,2.0,30,75,15.2000,0.095991
2000,2.0,30,76,15.4000,0.091404
2000,2.0,30,77,15.6000,0.095332
2000,2.0,30,78,15.8000,0.090415
2000,2.0,30,79,16.0000,0.087542
2000,2.0,30,80,16.2000,0.085252
2000,2.0,30,81,16.4000,0.087769
2000,2.0,30,82,16.6000,0.083369
2000,2.0,30,83,16.8000,0.077701
2000,2.0,30,84,17.0000,0.089018
2000,2.0,30,85,17.2000,0.084927
2000,2.0,30,86,17.4000,0.075924
2000,2.0,30,87,17.6000,0.077761
2000,2.0,30,88,17.8000,0.076298
2000,2.0,30,89,18.0000,0.084402
2000,2.0,30,90,18.2000,0.082564
2000,2.0,30,91,18.4000,0.083412
2000,2.0,30,92,18.6000,0.084943
2000,2.0,30,93,18.8000,0.085818
2000,2.0,30,94,19.0000,0.087984
2000,2.0,30,95,19.2000,0.089075
2000,2.0,30,96,19.4000,0.088901
2000,2.0,30,97,19.6000,0.090350
2000,2.0,30,98,19.8000,0.088321
2000,2.0,30,99,20.0000,0.087420
2000,2.0,40,0,0.2000,2.387560
2000,2.0,40,1,0.4000,2.233680
2000,2.0,40,2,0.6000,1.949947
2000,2.0,40,3,0.8000,1.323513
2000,2.0,40,4,1.0000,1.058100
2000,2.0,40,5,1.2000,0.801126
2000,2.0,40,6,1.4000,0.429349
2000,2.0,40,7,1.6000,0.527981
2000,2.0,40,8,1.8000,0.696321
2000,2.0,40,9,2.0000,0.842388
2000,2.0,40,10,2.2000,0.830367
2000,2.0,40,11,2.4000,0.740339
2000,2.0,40,12,2.6000,0.642377
2000,2.0,40,13,2.8000,0.598646
2000,2.0,40,14,3.0000,0.573317
2000,2.0,40,15,3.2000,0.532537
2000,2.0,40,16,3.4000,0.501598
2000,2.0,40,17,3.6000,0.456919
2000,2.0,40,18,3.8000,0.446346
2000,2.0,40,19,4.0000,0.419056
2000,2.0,40,20,4.2000,0.383512
2000,2.0,40,21,4.4000,0.376967
2000,2.0,40,22,4.6000,0.404982
2000,2.0,40,23,4.8000,0.414780
2000,2.0,40,24,5.0000,0.397612
2000,2.0,40,25,5.2000,0.368983
2000,2.0,40,26,5.4000,0.377616
2000,2.0,40,27,5.6000,0.355233
2000,2.0,40,28,5.8000,0.339519
2000,2.0,40,29,6.0000,0.328961
2000,2.0,40,30,6.2000,0.321666
2000,2.0,40,31,6.4000,0.297260
2000,2.0,40,32,6.6000,0.291256
2000,2.0,40,33,6.8000,0.268574
2000,2.0,40,34,7.0000,0.250962
2000,2.0,40,35,7.2000,0.231781
2000,2.0,40,36,7.4000,0.224478
2000,2.0,40,37,7.6000,0.236573
2000,2.0,40,38,7.8000,0.260568
2000,2.0,40,39,8.0000,0.261219
2000,2.0,40,40,8.2000,0.256912
2000,2.0,40,41,8.4000,0.253820
2000,2.0,40,42,8.6000,0.252597
2000,2.0,40,43,8.8000,0.235646
2000,2.0,40,44,9.0000,0.218124
2000,2.0,40,45,9.2000,0.220596
2000,2.0,40,46,9.4000,0.210307
2000,2.0,40,47,9.6000,0.180055
2000,2.0,40,48,9.8000,0.167305
2000,2.0,40,49,10.0000,0.165322
2000,2.0,40,50,10.2000,0.167126
2000,2.0,40,51,10.4000,0.169435
2000,2.0,40,52,10.6000,0.175577
2000,2.0,40,53,10.8000,0.191792
2000,2.0,40,54,11.0000,0.210012
2000,2.0,40,55,11.2000,0.226639
2000,2.0,40,56,11.4000,0.210098
2000,2.0,40,57,11.6000,0.188008
2000,2.0,40,58,11.8000,0.176858
2000,2.0,40,59,12.0000,0.158833
2000,2.0,40,60,12.2000,0.165418
2000,2.0,40,61,12.4000,0.181471
2000,2.0,40,62,12.6000,0.194330
2000,2.0,40,63,12.8000,0.208801
2000,2.0,40,64,13.0000,0.221288
2000,2.0,40,65,13.2000,0.242902
2000,2.0,40,66,13.4000,0.255560
2000,2.0,40,67,13.6000,0.271794
2000,2.0,40,68,13.8000,0.287018
2000,2.0,40,69,14.0000,0.272443
2000,2.0,40,70,14.2000,0.258409
2000,2.0,40,71,14.4000,0.257247
2000,2.0,40,72,14.6000,0.256844
2000,2.0,40,73,14.8000,0.247335
2000,2.0,40,74,15.0000,0.249290
2000,2.0,40,75,15.2000,0.256277
2000,2.0,40,76,15.4000,0.249770
2000,2.0,40,77,15.6000,0.240714
2000,2.0,40,78,15.8000,0.230530
2000,2.0,40,79,16.0000,0.231588
2000,2.0,40,80,16.2000,0.240561
2000,2.0,40,81,16.4000,0.237437
2000,2.0,40,82,16.6000,0.239045
2000,2.0,40,83,16.8000,0.233899
2000,2.0,40,84,17.0000,0.231353
2000,2.0,40,85,17.2000,0.227484
2000,2.0,40,86,17.4000,0.222222
2000,2.0,40,87,17.6000,0.220494
2000,2.0,40,88,17.8000,0.218893
2000,2.0,40,89,18.0000,0.219502
2000,2.0,40,90,18.2000,0.218993
2000,2.0,40,91,18.4000,0.213900
2000,2.0,40,92,18.6000,0.208369
2000,2.0,40,93,18.8000,0.204486
2000,2.0,40,94,19.0000,0.200744
2000,2.0,40,95,19.2000,0.196583
2000,2.0,40,96,19.4000,0.193397
2000,2.0,40,97,19.6000,0.187915
2000,2.0,40,98,19.8000,0.185948
2000,2.0,40,99,20.0000,0.191586
2000,2.0,50,0,0.2000,2.380519
2000,2.0,50,1,0.4000,1.681352
2000,2.0,50,2,0.6000,1.446936
2000,2.0,50,3,0.8000,1.337793
2000,2.0,50,4,1.0000,1.260677
2000,2.0,50,5,1.2000,1.114085
2000,2.0,50,6,1.4000,1.037346
2000,2.0,50,7,1.6000,1.119072
2000,2.0,50,8,1.8000,1.090604
2000,2.0,50,9,2.0000,1.068109
2000,2.0,50,10,2.2000,1.056978
2000,2.0,50,11,2.4000,1.047091
2000,2.0,50,12,2.6000,1.041719
2000,2.0,50,13,2.8000,1.039954
2000,2.0,50,14,3.0000,1.036374
2000,2.0,50,15,3.2000,0.945005
2000,2.0,50,16,3.4000,0.792532
2000,2.0,50,17,3.6000,0.656497
2000,2.0,50,18,3.8000,0.260716
2000,2.0,50,19,4.0000,0.410072
2000,2.0,50,20,4.2000,0.634606
2000,2.0,50,21,4.4000,0.790171
2000,2.0,50,22,4.6000,0.636704
2000,2.0,50,23,4.8000,0.517566
2000,2.0,50,24,5.0000,0.425126
2000,2.0,50,25,5.2000,0.332005
2000,2.0,50,26,5.4000,0.259307
2000,2.0,50,27,5.6000,0.201278
2000,2.0,50,28,5.8000,0.222862
2000,2.0,50,29,6.0000,0.254486
2000,2.0,50,30,6.2000,0.213554
2000,2.0,50,31,6.4000,0.164538
2000,2.0,50,32,6.6000,0.122539
2000,2.0,50,33,6.8000,0.127109
2000,2.0,50,34,7.0000,0.136316
2000,2.0,50,35,7.2000,0.122010
2000,2.0,50,36,7.4000,0.120518
2000,2.0,50,37,7.6000,0.123200
2000,2.0,50,38,7.8000,0.132582
2000,2.0,50,39,8.0000,0.152910
2000,2.0,50,40,8.2000,0.169934
2000,2.0,50,41,8.4000,0.172762
2000,2.0,50,42,8.6000,0.169996
2000,2.0,50,43,8.8000,0.185909
2000,2.0,50,44,9.0000,0.201543
2000,2.0,50,45,9.2000,0.207111
2000,2.0,50,46,9.4000,0.197492
2000,2.0,50,47,9.6000,0.188205
2000,2.0,50,48,9.8000,0.183536
2000,2.0,50,49,10.0000,0.176693
2000,2.0,50,50,10.2000,0.160988
2000,2.0,50,51,10.4000,0.144695
2000,2.0,50,52,10.6000,0.128513
2000,2.0,50,53,10.8000,0.118007
2000,2.0,50,54,11.0000,0.106530
2000,2.0,50,55,11.2000,0.096268
2000,2.0,50,56,11.4000,0.087811
2000,2.0,50,57,11.6000,0.088356
2000,2.0,50,58,11.8000,0.094086
2000,2.0,50,59,12.0000,0.094972
2000,2.0,50,60,12.2000,0.088892
2000,2.0,50,61,12.4000,0.088149
2000,2.0,50,62,12.6000,0.091996
2000,2.0,50,63,12.8000,0.101841
2000,2.0,50,64,13.0000,0.094209
2000,2.0,50,65,13.2000,0.101073
2000,2.0,50,66,13.4000,0.105763
2000,2.0,50,67,13.6000,0.111701
2000,2.0,50,68,13.8000,0.117581
2000,2.0,50,69,14.0000,0.121267
2000,2.0,50,70,14.2000,0.116509
2000,2.0,50,71,14.4000,0.115442
2000,2.0,50,72,14.6000,0.107729
2000,2.0,50,73,14.8000,0.099603
2000,2.0,50,74,15.0000,0.095102
2000,2.0,50,75,15.2000,0.089040
2000,2.0,50,76,15.4000,0.084693
2000,2.0,50,77,15.6000,0.084028
2000,2.0,50,78,15.8000,0.087991
2000,2.0,50,79,16.0000,0.087852
2000,2.0,50,80,16.2000,0.087939
2000,2.0,50,81,16.4000,0.084771
2000,2.0,50,82,16.6000,0.082765
2000,2.0,50,83,16.8000,0.084090
2000,2.0,50,84,17.0000,0.087527
2000,2.0,50,85,17.2000,0.082153
2000,2.0,50,86,17.4000,0.079179
2000,2.0,50,87,17.6000,0.074482
2000,2.0,50,88,17.8000,0.072801
2000,2.0,50,89,18.0000,0.076758
2000,2.0,50,90,18.2000,0.079891
2000,2.0,50,91,18.4000,0.080849
2000,2.0,50,92,18.6000,0.086993
2000,2.0,50,93,18.8000,0.088029
2000,2.0,50,94,19.0000,0.096466
2000,2.0,50,95,19.2000,0.098426
2000,2.0,50,96,19.4000,0.096917
2000,2.0,50,97,19.6000,0.093328
2000,2.0,50,98,19.8000,0.099592
2000,2.0,50,99,20.0000,0.101011
2000,2.0,60,0,0.2000,2.424078
2000,2.0,60,1,0.4000,2.245669
2000,2.0,60,2,0.6000,1.679859
2000,2.0,60,3,0.8000,1.240333
2000,2.0,60,4,1.0000,0.937367
2000,2.0,60,5,1.2000,0.581986
2000,2.0,60,6,1.4000,0.664815
2000,2.0,60,7,1.6000,0.641875
2000,2.0,60,8,1.8000,1.026187
2000,2.0,60,9,2.0000,0.739632
2000,2.0,60,10,2.2000,0.752771
2000,2.0,60,11,2.4000,0.792645
2000,2.0,60,12,2.6000,0.746856
2000,2.0,60,13,2.8000,0.635581
2000,2.0,60,14,3.0000,0.577679
2000,2.0,60,15,3.2000,0.519984
2000,2.0,60,16,3.4000,0.475703
2000,2.0,60,17,3.6000,0.467544
2000,2.0,60,18,3.8000,0.495758
2000,2.0,60,19,4.0000,0.510259
2000,2.0,60,20,4.2000,0.515903
2000,2.0,60,21,4.4000,0.543849
2000,2.0,60,22,4.6000,0.493249
2000,2.0,60,23,4.8000,0.451577
2000,2.0,60,24,5.0000,0.420434
2000,2.0,60,25,5.2000,0.389352
2000,2.0,60,26,5.4000,0.353301
2000,2.0,60,27,5.6000,0.320776
2000,2.0,60,28,5.8000,0.328085
2000,2.0,60,29,6.0000,0.345312
2000,2.0,60,30,6.2000,0.321048
2000,2.0,60,31,6.4000,0.294204
2000,2.0,60,32,6.6000,0.278187
2000,2.0,60,33,6.8000,0.262488
2000,2.0,60,34,7.0000,0.251869
2000,2.0,60,35,7.2000,0.252101
2000,2.0,60,36,7.4000,0.249493
2000,2.0,60,37,7.6000,0.256214
2000,2.0,60,38,7.8000,0.264365
2000,2.0,60,39,8.0000,0.265216
2000,2.0,60,40,8.2000,0.267201
2000,2.0,60,41,8.4000,0.273414
2000,2.0,60,42,8.6000,0.271593
2000,2.0,60,43,8.8000,0.259588
2000,2.0,60,44,9.0000,0.228115
2000,2.0,60,45,9.2000,0.198886
2000,2.0,60,46,9.4000,0.178053
2000,2.0,60,47,9.6000,0.180282
2000,2.0,60,48,9.8000,0.183868
2000,2.0,60,49,10.0000,0.190699
2000,2.0,60,50,10.2000,0.192105
2000,2.0,60,51,10.4000,0.202546
2000,2.0,60,52,10.6000,0.209644
2000,2.0,60,53,10.8000,0.218543
2000,2.0,60,54,11.0000,0.223363
2000,2.0,60,55,11.2000,0.226341
2000,2.0,60,56,11.4000,0.232880
2000,2.0,60,57,11.6000,0.216271
2000,2.0,60,58,11.8000,0.199591
2000,2.0,60,59,12.0000,0.185288
2000,2.0,60,60,12.2000,0.177389
2000,2.0,60,61,12.4000,0.166396
2000,2.0,60,62,12.6000,0.174557
2000,2.0,60,63,12.8000,0.178379
2000,2.0,60,64,13.0000,0.164023
2000,2.0,60,65,13.2000,0.143149
2000,2.0,60,66,13.4000,0.137231
2000,2.0,60,67,13.6000,0.118318
2000,2.0,60,68,13.8000,0.104649
2000,2.0,60,69,14.0000,0.092132
2000,2.0,60,70,14.2000,0.079296
2000,2.0,60,71,14.4000,0.063997
2000,2.0,60,72,14.6000,0.059552
2000,2.0,60,73,14.8000,0.059984
2000,2.0,60,74,15.0000,0.064131
2000,2.0,60,75,15.2000,0.069876
2000,2.0,60,76,15.4000,0.068032
2000,2.0,60,77,15.6000,0.060328
2000,2.0,60,78,15.8000,0.063484
2000,2.0,60,79,16.0000,0.058364
2000,2.0,60,80,16.2000,0.057553
2000,2.0,60,81,16.4000,0.058524
2000,2.0,60,82,16.6000,0.060215
2000,2.0,60,83,16.8000,0.066141
2000,2.0,60,84,17.0000,0.075716
2000,2.0,60,85,17.2000,0.079830
2000,2.0,60,86,17.4000,0.079811
2000,2.0,60,87,17.6000,0.088697
2000,2.0,60,88,17.8000,0.089643
2000,2.0,60,89,18.0000,0.086220
2000,2.0,60,90,18.2000,0.078801
2000,2.0,60,91,18.4000,0.070915
2000,2.0,60,92,18.6000,0.064148
2000,2.0,60,93,18.8000,0.059541
2000,2.0,60,94,19.0000,0.063295
2000,2.0,60,95,19.2000,0.062074
2000,2.0,60,96,19.4000,0.070170
2000,2.0,60,97,19.6000,0.070245
2000,2.0,60,98,19.8000,0.066948
2000,2.0,60,99,20.0000,0.063147
2000,2.0,70,0,0.2000,2.342727
2000,2.0,70,1,0.4000,2.027136
2000,2.0,70,2,0.6000,1.595559
2000,2.0,70,3,0.8000,1.296835
2000,2.0,70,4,1.0000,0.381084
2000,2.0,70,5,1.2000,0.281316
2000,2.0,70,6,1.4000,0.332523
2000,2.0,70,7,1.6000,0.300367
2000,2.0,70,8,1.8000,0.679940
2000,2.0,70,9,2.0000,0.956120
2000,2.0,70,10,2.2000,1.209831
2000,2.0,70,11,2.4000,1.365624
2000,2.0,70,12,2.6000,1.132897
2000,2.0,70,13,2.8000,0.967672
2000,2.0,70,14,3.0000,0.803254
2000,2.0,70,15,3.2000,0.711406
2000,2.0,70,16,3.4000,0.643518
2000,2.0,70,17,3.6000,0.695042
2000,2.0,70,18,3.8000,0.724655
2000,2.0,70,19,4.0000,0.706390
2000,2.0,70,20,4.2000,0.629508
2000,2.0,70,21,4.4000,0.576692
2000,2.0,70,22,4.6000,0.486231
2000,2.0,70,23,4.8000,0.483620
2000,2.0,70,24,5.0000,0.520249
2000,2.0,70,25,5.2000,0.535458
2000,2.0,70,26,5.4000,0.489929
2000,2.0,70,27,5.6000,0.435331
2000,2.0,70,28,5.8000,0.406011
2000,2.0,70,29,6.0000,0.361576
2000,2.0,70,30,6.2000,0.396183
2000,2.0,70,31,6.4000,0.398341
2000,2.0,70,32,6.6000,0.389580
2000,2.0,70,33,6.8000,0.408587
2000,2.0,70,34,7.0000,0.438952
2000,2.0,70,35,7.2000,0.467100
2000,2.0,70,36,7.4000,0.440335
2000,2.0,70,37,7.6000,0.425314
2000,2.0,70,38,7.8000,0.413917
2000,2.0,70,39,8.0000,0.405581
2000,2.0,70,40,8.2000,0.395886
2000,2.0,70,41,8.4000,0.390431
2000,2.0,70,42,8.6000,0.389296
2000,2.0,70,43,8.8000,0.388829
2000,2.0,70,44,9.0000,0.390068
2000,2.0,70,45,9.2000,0.392815
2000,2.0,70,46,9.4000,0.396537
2000,2.0,70,47,9.6000,0.406382
2000,2.0,70,48,9.8000,0.378749
2000,2.0,70,49,10.0000,0.375275
2000,2.0,70,50,10.2000,0.345282
2000,2.0,70,51,10.4000,0.352965
2000,2.0,70,52,10.6000,0.374396
2000,2.0,70,53,10.8000,0.385411
2000,2.0,70,54,11.0000,0.386518
2000,2.0,70,55,11.2000,0.384689
2000,2.0,70,56,11.4000,0.386966
2000,2.0,70,57,11.6000,0.392461
2000,2.0,70,58,11.8000,0.398379
2000,2.0,70,59,12.0000,0.413914
2000,2.0,70,60,12.2000,0.428514
2000,2.0,70,61,12.4000,0.438022
2000,2.0,70,62,12.6000,0.447918
2000,2.0,70,63,12.8000,0.438214
2000,2.0,70,64,13.0000,0.422874
2000,2.0,70,65,13.2000,0.409274
2000,2.0,70,66,13.4000,0.412934
2000,2.0,70,67,13.6000,0.411912
2000,2.0,70,68,13.8000,0.411879
2000,2.0,70,69,14.0000,0.413169
2000,2.0,70,70,14.2000,0.414514
2000,2.0,70,71,14.4000,0.415767
2000,2.0,70,72,14.6000,0.422225
2000,2.0,70,73,14.8000,0.429542
2000,2.0,70,74,15.0000,0.432029
2000,2.0,70,75,15.2000,0.414726
2000,2.0,70,76,15.4000,0.397666
2000,2.0,70,77,15.6000,0.384036
2000,2.0,70,78,15.8000,0.368007
2000,2.0,70,79,16.0000,0.351332
2000,2.0,70,80,16.2000,0.331491
2000,2.0,70,81,16.4000,0.319024
2000,2.0,70,82,16.6000,0.294199
2000,2.0,70,83,16.8000,0.282332
2000,2.0,70,84,17.0000,0.279677
2000,2.0,70,85,17.2000,0.283349
2000,2.0,70,86,17.4000,0.287393
2000,2.0,70,87,17.6000,0.282698
2000,2.0,70,88,17.8000,0.279681
2000,2.0,70,89,18.0000,0.277692
2000,2.0,70,90,18.2000,0.280834
2000,2.0,70,91,18.4000,0.284413
2000,2.0,70,92,18.6000,0.287993
2000,2.0,70,93,18.8000,0.291125
2000,2.0,70,94,19.0000,0.290130
2000,2.0,70,95,19.2000,0.293159
2000,2.0,70,96,19.4000,0.296395
2000,2.0,70,97,19.6000,0.300324
2000,2.0,70,98,19.8000,0.302760
2000,2.0,70,99,20.0000,0.306655
2000,2.0,80,0,0.2000,2.162977
2000,2.0,80,1,0.4000,2.317799
2000,2.0,80,2,0.6000,1.982934
2000,2.0,80,3,0.8000,1.152906
2000,2.0,80,4,1.0000,0.727035
2000,2.0,80,5,1.2000,0.808994
2000,2.0,80,6,1.4000,0.786182
2000,2.0,80,7,1.6000,0.705461
2000,2.0,80,8,1.8000,0.691523
2000,2.0,80,9,2.0000,0.685148
2000,2.0,80,10,2.2000,0.616859
2000,2.0,80,11,2.4000,0.283299
2000,2.0,80,12,2.6000,1.489322
2000,2.0,80,13,2.8000,0.582313
2000,2.0,80,14,3.0000,0.319715
2000,2.0,80,15,3.2000,0.182909
2000,2.0,80,16,3.4000,0.173053
2000,2.0,80,17,3.6000,0.174176
2000,2.0,80,18,3.8000,0.170559
2000,2.0,80,19,4.0000,0.230509
2000,2.0,80,20,4.2000,0.251004
2000,2.0,80,21,4.4000,0.194700
2000,2.0,80,22,4.6000,0.188843
2000,2.0,80,23,4.8000,0.215376
2000,2.0,80,24,5.0000,0.254534
2000,2.0,80,25,5.2000,0.294814
2000,2.0,80,26,5.4000,0.310434
2000,2.0,80,27,5.6000,0.308965
2000,2.0,80,28,5.8000,0.298003
2000,2.0,80,29,6.0000,0.287591
2000,2.0,80,30,6.2000,0.267897
2000,2.0,80,31,6.4000,0.262888
2000,2.0,80,32,6.6000,0.271409
2000,2.0,80,33,6.8000,0.269362
2000,2.0,80,34,7.0000,0.251058
2000,2.0,80,35,7.2000,0.266556
2000,2.0,80,36,7.4000,0.284596
2000,2.0,80,37,7.6000,0.279430
2000,2.0,80,38,7.8000,0.248684
2000,2.0,80,39,8.0000,0.208574
2000,2.0,80,40,8.2000,0.196613
2000,2.0,80,41,8.4000,0.168576
2000,2.0,80,42,8.6000,0.141077
2000,2.0,80,43,8.8000,0.109154
2000,2.0,80,44,9.0000,0.087261
2000,2.0,80,45,9.2000,0.109746
2000,2.0,80,46,9.4000,0.110626
2000,2.0,80,47,9.6000,0.112355
2000,2.0,80,48,9.8000,0.118012
2000,2.0,80,49,10.0000,0.123885
2000,2.0,80,50,10.2000,0.129179
2000,2.0,80,51,10.4000,0.135712
2000,2.0,80,52,10.6000,0.121492
2000,2.0,80,53,10.8000,0.115731
2000,2.0,80,54,11.0000,0.108431
2000,2.0,80,55,11.2000,0.110389
2000,2.0,80,56,11.4000,0.113862
2000,2.0,80,57,11.6000,0.124924
2000,2.0,80,58,11.8000,0.129865
2000,2.0,80,59,12.0000,0.134588
2000,2.0,80,60,12.2000,0.122527
2000,2.0,80,61,12.4000,0.111606
2000,2.0,80,62,12.6000,0.102355
2000,2.0,80,63,12.8000,0.094833
2000,2.0,80,64,13.0000,0.089838
2000,2.0,80,65,13.2000,0.092766
2000,2.0,80,66,13.4000,0.092974
2000,2.0,80,67,13.6000,0.087537
2000,2.0,80,68,13.8000,0.081926
2000,2.0,80,69,14.0000,0.080272
2000,2.0,80,70,14.2000,0.079903
2000,2.0,80,71,14.4000,0.082759
2000,2.0,80,72,14.6000,0.082925
2000,2.0,80,73,14.8000,0.083258
2000,2.0,80,74,15.0000,0.089082
2000,2.0,80,75,15.2000,0.095043
2000,2.0,80,76,15.4000,0.095367
2000,2.0,80,77,15.6000,0.100805
2000,2.0,80,78,15.8000,0.106697
2000,2.0,80,79,16.0000,0.102347
2000,2.0,80,80,16.2000,0.099318
2000,2.0,80,81,16.4000,0.090996
2000,2.0,80,82,16.6000,0.086780
2000,2.0,80,83,16.8000,0.089557
2000,2.0,80,84,17.0000,0.091843
2000,2.0,80,85,17.2000,0.094217
2000,2.0,80,86,17.4000,0.097306
2000,2.0,80,87,17.6000,0.101475
2000,2.0,80,88,17.8000,0.111271
2000,2.0,80,89,18.0000,0.116571
2000,2.0,80,90,18.2000,0.126760
2000,2.0,80,91,18.4000,0.137550
2000,2.0,80,92,18.6000,0.149163
2000,2.0,80,93,18.8000,0.162528
2000,2.0,80,94,19.0000,0.160544
2000,2.0,80,95,19.2000,0.151737
2000,2.0,80,96,19.4000,0.142226
2000,2.0,80,97,19.6000,0.133556
2000,2.0,80,98,19.8000,0.125178
2000,2.0,80,99,20.0000,0.115051
2000,2.0,90,0,0.2000,2.513211
2000,2.0,90,1,0.4000,1.349238
2000,2.0,90,2,0.6000,1.306380
2000,2.0,90,3,0.8000,1.304211
2000,2.0,90,4,1.0000,1.120584
2000,2.0,90,5,1.2000,1.101154
2000,2.0,90,6,1.4000,0.829305
2000,2.0,90,7,1.6000,0.621150
2000,2.0,90,8,1.8000,0.840074
2000,2.0,90,9,2.0000,0.839037
2000,2.0,90,10,2.2000,0.843300
2000,2.0,90,11,2.4000,0.851472
2000,2.0,90,12,2.6000,0.924256
2000,2.0,90,13,2.8000,0.716166
2000,2.0,90,14,3.0000,0.529404
2000,2.0,90,15,3.2000,0.382011
2000,2.0,90,16,3.4000,0.291732
2000,2.0,90,17,3.6000,0.243676
2000,2.0,90,18,3.8000,0.224749
2000,2.0,90,19,4.0000,0.222049
2000,2.0,90,20,4.2000,0.194267
2000,2.0,90,21,4.4000,0.175333
2000,2.0,90,22,4.6000,0.161057
2000,2.0,90,23,4.8000,0.163630
2000,2.0,90,24,5.0000,0.192682
2000,2.0,90,25,5.2000,0.223671
2000,2.0,90,26,5.4000,0.239057
2000,2.0,90,27,5.6000,0.265147
2000,2.0,90,28,5.8000,0.301641
2000,2.0,90,29,6.0000,0.312332
2000,2.0,90,30,6.2000,0.300870
2000,2.0,90,31,6.4000,0.297181
2000,2.0,90,32,6.6000,0.297044
2000,2.0,90,33,6.8000,0.299469
2000,2.0,90,34,7.0000,0.303200
2000,2.0,90,35,7.2000,0.280311
2000,2.0,90,36,7.4000,0.251731
2000,2.0,90,37,7.6000,0.215157
2000,2.0,90,38,7.8000,0.197517
2000,2.0,90,39,8.0000,0.168953
2000,2.0,90,40,8.2000,0.152914
2000,2.0,90,41,8.4000,0.152187
2000,2.0,90,42,8.6000,0.154318
2000,2.0,90,43,8.8000,0.161372
2000,2.0,90,44,9.0000,0.174910
2000,2.0,90,45,9.2000,0.199955
2000,2.0,90,46,9.4000,0.217977
2000,2.0,90,47,9.6000,0.207736
2000,2.0,90,48,9.8000,0.185345
2000,2.0,90,49,10.0000,0.169037
2000,2.0,90,50,10.2000,0.172317
2000,2.0,90,51,10.4000,0.181338
2000,2.0,90,52,10.6000,0.187790
2000,2.0,90,53,10.8000,0.206335
2000,2.0,90,54,11.0000,0.222966
2000,2.0,90,55,11.2000,0.220196
2000,2.0,90,56,11.4000,0.214349
2000,2.0,90,57,11.6000,0.217239
2000,2.0,90,58,11.8000,0.233288
2000,2.0,90,59,12.0000,0.252899
2000,2.0,90,60,12.2000,0.250634
2000,2.0,90,61,12.4000,0.232910
2000,2.0,90,62,12.6000,0.222312
2000,2.0,90,63,12.8000,0.206479
2000,2.0,90,64,13.0000,0.202410
2000,2.0,90,65,13.2000,0.223951
2000,2.0,90,66,13.4000,0.243943
2000,2.0,90,67,13.6000,0.255381
2000,2.0,90,68,13.8000,0.252269
2000,2.0,90,69,14.0000,0.239758
2000,2.0,90,70,14.2000,0.231320
2000,2.0,90,71,14.4000,0.224201
2000,2.0,90,72,14.6000,0.218842
2000,2.0,90,73,14.8000,0.213597
2000,2.0,90,74,15.0000,0.200880
2000,2.0,90,75,15.2000,0.198609
2000,2.0,90,76,15.4000,0.206512
2000,2.0,90,77,15.6000,0.215355
2000,2.0,90,78,15.8000,0.213916
2000,2.0,90,79,16.0000,0.206191
2000,2.0,90,80,16.2000,0.197965
2000,2.0,90,81,16.4000,0.196839
2000,2.0,90,82,16.6000,0.204624
2000,2.0,90,83,16.8000,0.210721
2000,2.0,90,84,17.0000,0.213808
2000,2.0,90,85,17.2000,0.217086
2000,2.0,90,86,17.4000,0.222959
2000,2.0,90,87,17.6000,0.233669
2000,2.0,90,88,17.8000,0.238712
2000,2.0,90,89,18.0000,0.235261
2000,2.0,90,90,18.2000,0.231125
2000,2.0,90,91,18.4000,0.242085
2000,2.0,90,92,18.6000,0.244035
2000,2.0,90,93,18.8000,0.241404
2000,2.0,90,94,19.0000,0.254303
2000,2.0,90,95,19.2000,0.250934
2000,2.0,90,96,19.4000,0.242517
2000,2.0,90,97,19.6000,0.238231
2000,2.0,90,98,19.8000,0.231585
2000,2.0,90,99,20.0000,0.223042
5000,0.01,10,0,0.2000,2.609590
5000,0.01,10,1,0.4000,4.488738
5000,0.01,10,2,0.6000,3.072512
5000,0.01,10,3,0.8000,2.538693
5000,0.01,10,4,1.0000,1.950250
5000,0.01,10,5,1.2000,1.982006
5000,0.01,10,6,1.4000,1.892351
5000,0.01,10,7,1.6000,2.367856
5000,0.01,10,8,1.8000,2.220350
5000,0.01,10,9,2.0000,2.212591
5000,0.01,10,10,2.2000,2.211013
5000,0.01,10,11,2.4000,2.209199
5000,0.01,10,12,2.6000,2.209856
5000,0.01,10,13,2.8000,2.207484
5000,0.01,10,14,3.0000,2.207777
5000,0.01,10,15,3.2000,2.207719
5000,0.01,10,16,3.4000,2.207746
5000,0.01,10,17,3.6000,2.300947
5000,0.01,10,18,3.8000,0.470114
5000,0.01,10,19,4.0000,0.920327
5000,0.01,10,20,4.2000,1.140573
5000,0.01,10,21,4.4000,0.290086
5000,0.01,10,22,4.6000,1.173967
5000,0.01,10,23,4.8000,0.568550
5000,0.01,10,24,5.0000,0.337744
5000,0.01,10,25,5.2000,0.323794
5000,0.01,10,26,5.4000,0.321576
5000,0.01,10,27,5.6000,0.620382
5000,0.01,10,28,5.8000,0.505694
5000,0.01,10,29,6.0000,0.397892
5000,0.01,10,30,6.2000,0.365748
5000,0.01,10,31,6.4000,0.361851
5000,0.01,10,32,6.6000,0.378809
5000,0.01,10,33,6.8000,0.267357
5000,0.01,10,34,7.0000,0.245038
5000,0.01,10,35,7.2000,0.246522
5000,0.01,10,36,7.4000,0.171727
5000,0.01,10,37,7.6000,0.147163
5000,0.01,10,38,7.8000,0.147578
5000,0.01,10,39,8.0000,0.147424
5000,0.01,10,40,8.2000,0.152678
5000,0.01,10,41,8.4000,0.151536
5000,0.01,10,42,8.6000,0.147397
5000,0.01,10,43,8.8000,0.151633
5000,0.01,10,44,9.0000,0.199682
5000,0.01,10,45,9.2000,0.213746
5000,0.01,10,46,9.4000,0.220671
5000,0.01,10,47,9.6000,0.206424
5000,0.01,10,48,9.8000,0.202807
5000,0.01,10,49,10.0000,0.163917
5000,0.01,10,50,10.2000,0.166616
5000,0.01,10,51,10.4000,0.157031
5000,0.01,10,52,10.6000,0.164139
5000,0.01,10,53,10.8000,0.171977
5000,0.01,10,54,11.0000,0.173570
5000,0.01,10,55,11.2000,0.175190
5000,0.01,10,56,11.4000,0.177432
5000,0.01,10,57,11.6000,0.175405
5000,0.01,10,58,11.8000,0.177863
5000,0.01,10,59,12.0000,0.176381
5000,0.01,10,60,12.2000,0.179264
5000,0.01,10,61,12.4000,0.181619
5000,0.01,10,62,12.6000,0.184905
5000,0.01,10,63,12.8000,0.185950
5000,0.01,10,64,13.0000,0.187783
5000,0.01,10,65,13.2000,0.182738
5000,0.01,10,66,13.4000,0.141493
5000,0.01,10,67,13.6000,0.136547
5000,0.01,10,68,13.8000,0.137275
5000,0.01,10,69,14.0000,0.135269
5000,0.01,10,70,14.2000,0.137674
5000,0.01,10,71,14.4000,0.137613
5000,0.01,10,72,14.6000,0.140881
5000,0.01,10,73,14.8000,0.141150
5000,0.01,10,74,15.0000,0.142039
5000,0.01,10,75,15.2000,0.142070
5000,0.01,10,76,15.4000,0.142823
5000,0.01,10,77,15.6000,0.143668
5000,0.01,10,78,15.8000,0.143990
5000,0.01,10,79,16.0000,0.144357
5000,0.01,10,80,16.2000,0.170160
5000,0.01,10,81,16.4000,0.200634
5000,0.01,10,82,16.6000,0.162634
5000,0.01,10,83,16.8000,0.199341
5000,0.01,10,84,17.0000,0.154518
5000,0.01,10,85,17.2000,0.144077
5000,0.01,10,86,17.4000,0.139476
5000,0.01,10,87,17.6000,0.133794
5000,0.01,10,88,17.8000,0.132326
5000,0.01,10,89,18.0000,0.129677
5000,0.01,10,90,18.2000,0.127009
5000,0.01,10,91,18.4000,0.129104
5000,0.01,10,92,18.6000,0.132758
5000,0.01,10,93,18.8000,0.135621
5000,0.01,10,94,19.0000,0.134733
5000,0.01,10,95,19.2000,0.134425
5000,0.01,10,96,19.4000,0.134030
5000,0.01,10,97,19.6000,0.138627
5000,0.01,10,98,19.8000,0.128837
5000,0.01,10,99,20.0000,0.130138
5000,0.01,100,0,0.2000,2.907224
5000,0.01,100,1,0.4000,2.505120
5000,0.01,100,2,0.6000,2.822928
5000,0.01,100,3,0.8000,7.951844
5000,0.01,100,4,1.0000,7.859926
5000,0.01,100,5,1.2000,7.828985
5000,0.01,100,6,1.4000,8.092862
5000,0.01,100,7,1.6000,0.917740
5000,0.01,100,8,1.8000,0.862091
5000,0.01,100,9,2.0000,5.326789
5000,0.01,100,10,2.2000,0.820541
5000,0.01,100,11,2.4000,2.976217
5000,0.01,100,12,2.6000,3.008556
5000,0.01,100,13,2.8000,1.965437
5000,0.01,100,14,3.0000,1.925022
5000,0.01,100,15,3.2000,1.385864
5000,0.01,100,16,3.4000,1.529825
5000,0.01,100,17,3.6000,1.250664
5000,0.01,100,18,3.8000,1.275792
5000,0.01,100,19,4.0000,1.275181
5000,0.01,100,20,4.2000,1.250371
5000,0.01,100,21,4.4000,1.254421
5000,0.01,100,22,4.6000,1.280435
5000,0.01,100,23,4.8000,0.980122
5000,0.01,100,24,5.0000,0.828527
5000,0.01,100,25,5.2000,0.826644
5000,0.01,100,26,5.4000,0.819930
5000,0.01,100,27,5.6000,0.814337
5000,0.01,100,28,5.8000,0.815113
5000,0.01,100,29,6.0000,0.794108
5000,0.01,100,30,6.2000,0.780436
5000,0.01,100,31,6.4000,0.775389
5000,0.01,100,32,6.6000,0.764076
5000,0.01,100,33,6.8000,0.715869
5000,0.01,100,34,7.0000,0.682503
5000,0.01,100,35,7.2000,0.681478
5000,0.01,100,36,7.4000,0.682490
5000,0.01,100,37,7.6000,0.681940
5000,0.01,100,38,7.8000,0.679615
5000,0.01,100,39,8.0000,0.557264
5000,0.01,100,40,8.2000,0.561783
5000,0.01,100,41,8.4000,0.519662
5000,0.01,100,42,8.6000,0.458439
5000,0.01,100,43,8.8000,0.339018
5000,0.01,100,44,9.0000,0.338563
5000,0.01,100,45,9.2000,0.356037
5000,0.01,100,46,9.4000,0.345709
5000,0.01,100,47,9.6000,0.314390
5000,0.01,100,48,9.8000,0.321341
5000,0.01,100,49,10.0000,0.348789
5000,0.01,100,50,10.2000,0.332284
5000,0.01,100,51,10.4000,0.371493
5000,0.01,100,52,10.6000,0.322085
5000,0.01,100,53,10.8000,0.268957
5000,0.01,100,54,11.0000,0.239597
5000,0.01,100,55,11.2000,0.252665
5000,0.01,100,56,11.4000,0.259340
5000,0.01,100,57,11.6000,0.242738
5000,0.01,100,58,11.8000,0.229662
5000,0.01,100,59,12.0000,0.215902
5000,0.01,100,60,12.2000,0.217102
5000,0.01,100,61,12.4000,0.214992
5000,0.01,100,62,12.6000,0.217866
5000,0.01,100,63,12.8000,0.200527
5000,0.01,100,64,13.0000,0.202003
5000,0.01,100,65,13.2000,0.183513
5000,0.01,100,66,13.4000,0.189465
5000,0.01,100,67,13.6000,0.188350
5000,0.01,100,68,13.8000,0.184984
5000,0.01,100,69,14.0000,0.191724
5000,0.01,100,70,14.2000,0.190430
5000,0.01,100,71,14.4000,0.206379
5000,0.01,100,72,14.6000,0.155823
5000,0.01,100,73,14.8000,0.133769
5000,0.01,100,74,15.0000,0.143491
5000,0.01,100,75,15.2000,0.146214
5000,0.01,100,76,15.4000,0.141688
5000,0.01,100,77,15.6000,0.141976
5000,0.01,100,78,15.8000,0.140249
5000,0.01,100,79,16.0000,0.139228
5000,0.01,100,80,16.2000,0.144925
5000,0.01,100,81,16.4000,0.146855
5000,0.01,100,82,16.6000,0.154246
5000,0.01,100,83,16.8000,0.152827
5000,0.01,100,84,17.0000,0.161811
5000,0.01,100,85,17.2000,0.151898
5000,0.01,100,86,17.4000,0.132563
5000,0.01,100,87,17.6000,0.139601
5000,0.01,100,88,17.8000,0.141075
5000,0.01,100,89,18.0000,0.149671
5000,0.01,100,90,18.2000,0.169388
5000,0.01,100,91,18.4000,0.147474
5000,0.01,100,92,18.6000,0.143440
5000,0.01,100,93,18.8000,0.120545
5000,0.01,100,94,19.0000,0.120373
5000,0.01,100,95,19.2000,0.119256
5000,0.01,100,96,19.4000,0.118214
5000,0.01,100,97,19.6000,0.119119
5000,0.01,100,98,19.8000,0.119569
5000,0.01,100,99,20.0000,0.119321
5000,0.01,20,0,0.2000,3.257966
5000,0.01,20,1,0.4000,2.456438
5000,0.01,20,2,0.6000,2.047161
5000,0.01,20,3,0.8000,1.732471
5000,0.01,20,4,1.0000,2.172588
5000,0.01,20,5,1.2000,2.352581
5000,0.01,20,6,1.4000,2.033915
5000,0.01,20,7,1.6000,2.160878
5000,0.01,20,8,1.8000,3.574353
5000,0.01,20,9,2.0000,1.251656
5000,0.01,20,10,2.2000,1.181135
5000,0.01,20,11,2.4000,1.130988
5000,0.01,20,12,2.6000,1.165482
5000,0.01,20,13,2.8000,1.155707
5000,0.01,20,14,3.0000,1.147379
5000,0.01,20,15,3.2000,1.142675
5000,0.01,20,16,3.4000,1.143437
5000,0.01,20,17,3.6000,1.139355
5000,0.01,20,18,3.8000,1.138247
5000,0.01,20,19,4.0000,1.139205
5000,0.01,20,20,4.2000,1.139651
5000,0.01,20,21,4.4000,1.137605
5000,0.01,20,22,4.6000,1.137538
5000,0.01,20,23,4.8000,1.138706
5000,0.01,20,24,5.0000,1.139877
5000,0.01,20,25,5.2000,1.139695
5000,0.01,20,26,5.4000,1.135175
5000,0.01,20,27,5.6000,1.130834
5000,0.01,20,28,5.8000,1.126324
5000,0.01,20,29,6.0000,1.078017
5000,0.01,20,30,6.2000,4.444527
5000,0.01,20,31,6.4000,9.579899
5000,0.01,20,32,6.6000,0.415139
5000,0.01,20,33,6.8000,0.340247
5000,0.01,20,34,7.0000,0.329821
5000,0.01,20,35,7.2000,0.431243
5000,0.01,20,36,7.4000,0.342898
5000,0.01,20,37,7.6000,0.321444
5000,0.01,20,38,7.8000,0.310026
5000,0.01,20,39,8.0000,0.341072
5000,0.01,20,40,8.2000,0.307551
5000,0.01,20,41,8.4000,0.309802
5000,0.01,20,42,8.6000,0.320441
5000,0.01,20,43,8.8000,0.282584
5000,0.01,20,44,9.0000,0.251258
5000,0.01,20,45,9.2000,0.231524
5000,0.01,20,46,9.4000,0.209296
5000,0.01,20,47,9.6000,0.214034
5000,0.01,20,48,9.8000,0.224763
5000,0.01,20,49,10.0000,0.265716
5000,0.01,20,50,10.2000,0.279663
5000,0.01,20,51,10.4000,0.274830
5000,0.01,20,52,10.6000,0.264343
5000,0.01,20,53,10.8000,0.246361
5000,0.01,20,54,11.0000,0.237003
5000,0.01,20,55,11.2000,0.243478
5000,0.01,20,56,11.4000,0.246461
5000,0.01,20,57,11.6000,0.251118
5000,0.01,20,58,11.8000,0.252644
5000,0.01,20,59,12.0000,0.247907
5000,0.01,20,60,12.2000,0.250588
5000,0.01,20,61,12.4000,0.262537
5000,0.01,20,62,12.6000,0.249143
5000,0.01,20,63,12.8000,0.252751
5000,0.01,20,64,13.0000,0.264752
5000,0.01,20,65,13.2000,0.250421
5000,0.01,20,66,13.4000,0.235232
5000,0.01,20,67,13.6000,0.234388
5000,0.01,20,68,13.8000,0.243114
5000,0.01,20,69,14.0000,0.250927
5000,0.01,20,70,14.2000,0.233650
5000,0.01,20,71,14.4000,0.217782
5000,0.01,20,72,14.6000,0.232527
5000,0.01,20,73,14.8000,0.210449
5000,0.01,20,74,15.0000,0.200201
5000,0.01,20,75,15.2000,0.201248
5000,0.01,20,76,15.4000,0.226372
5000,0.01,20,77,15.6000,0.252972
5000,0.01,20,78,15.8000,0.262602
5000,0.01,20,79,16.0000,0.275486
5000,0.01,20,80,16.2000,0.266451
5000,0.01,20,81,16.4000,0.261920
5000,0.01,20,82,16.6000,0.298319
5000,0.01,20,83,16.8000,0.312172
5000,0.01,20,84,17.0000,0.297988
5000,0.01,20,85,17.2000,0.296629
5000,0.01,20,86,17.4000,0.306346
5000,0.01,20,87,17.6000,0.272548
5000,0.01,20,88,17.8000,0.268325
5000,0.01,20,89,18.0000,0.262398
5000,0.01,20,90,18.2000,0.257464
5000,0.01,20,91,18.4000,0.259442
5000,0.01,20,92,18.6000,0.257783
5000,0.01,20,93,18.8000,0.257906
5000,0.01,20,94,19.0000,0.261290
5000,0.01,20,95,19.2000,0.260053
5000,0.01,20,96,19.4000,0.257633
5000,0.01,20,97,19.6000,0.252494
5000,0.01,20,98,19.8000,0.249726
5000,0.01,20,99,20.0000,0.242760
5000,0.01,30,0,0.2000,3.502919
5000,0.01,30,1,0.4000,2.709152
5000,0.01,30,2,0.6000,3.216003
5000,0.01,30,3,0.8000,3.221601
5000,0.01,30,4,1.0000,2.954718
5000,0.01,30,5,1.2000,3.314411
5000,0.01,30,6,1.4000,3.412901
5000,0.01,30,7,1.6000,3.679841
5000,0.01,30,8,1.8000,3.680722
5000,0.01,30,9,2.0000,3.668570
5000,0.01,30,10,2.2000,2.781336
5000,0.01,30,11,2.4000,2.749786
5000,0.01,30,12,2.6000,3.073586
5000,0.01,30,13,2.8000,5.029649
5000,0.01,30,14,3.0000,0.797287
5000,0.01,30,15,3.2000,0.843647
5000,0.01,30,16,3.4000,0.370290
5000,0.01,30,17,3.6000,0.275988
5000,0.01,30,18,3.8000,0.345012
5000,0.01,30,19,4.0000,0.309017
5000,0.01,30,20,4.2000,0.320263
5000,0.01,30,21,4.4000,0.308804
5000,0.01,30,22,4.6000,0.258324
5000,0.01,30,23,4.8000,0.235488
5000,0.01,30,24,5.0000,0.409262
5000,0.01,30,25,5.2000,0.318926
5000,0.01,30,26,5.4000,0.291507
5000,0.01,30,27,5.6000,0.269945
5000,0.01,30,28,5.8000,0.259692
5000,0.01,30,29,6.0000,0.262028
5000,0.01,30,30,6.2000,0.225703
5000,0.01,30,31,6.4000,0.219678
5000,0.01,30,32,6.6000,0.228566
5000,0.01,30,33,6.8000,0.234077
5000,0.01,30,34,7.0000,0.231594
5000,0.01,30,35,7.2000,0.230385
5000,0.01,30,36,7.4000,0.222275
5000,0.01,30,37,7.6000,0.228840
5000,0.01,30,38,7.8000,0.206506
5000,0.01,30,39,8.0000,0.205620
5000,0.01,30,40,8.2000,0.208193
5000,0.01,30,41,8.4000,0.209333
5000,0.01,30,42,8.6000,0.207565
5000,0.01,30,43,8.8000,0.206204
5000,0.01,30,44,9.0000,0.204715
5000,0.01,30,45,9.2000,0.205880
5000,0.01,30,46,9.4000,0.216326
5000,0.01,30,47,9.6000,0.211446
5000,0.01,30,48,9.8000,0.214013
5000,0.01,30,49,10.0000,0.211406
5000,0.01,30,50,10.2000,0.181614
5000,0.01,30,51,10.4000,0.194529
5000,0.01,30,52,10.6000,0.194175
5000,0.01,30,53,10.8000,0.171225
5000,0.01,30,54,11.0000,0.191397
5000,0.01,30,55,11.2000,0.201130
5000,0.01,30,56,11.4000,0.201048
5000,0.01,30,57,11.6000,0.199949
5000,0.01,30,58,11.8000,0.197858
5000,0.01,30,59,12.0000,0.191960
5000,0.01,30,60,12.2000,0.197767
5000,0.01,30,61,12.4000,0.199897
5000,0.01,30,62,12.6000,0.201978
5000,0.01,30,63,12.8000,0.201439
5000,0.01,30,64,13.0000,0.199521
5000,0.01,30,65,13.2000,0.199533
5000,0.01,30,66,13.4000,0.199041
5000,0.01,30,67,13.6000,0.195005
5000,0.01,30,68,13.8000,0.192998
5000,0.01,30,69,14.0000,0.191652
5000,0.01,30,70,14.2000,0.201020
5000,0.01,30,71,14.4000,0.207510
5000,0.01,30,72,14.6000,0.206266
5000,0.01,30,73,14.8000,0.198240
5000,0.01,30,74,15.0000,0.194220
5000,0.01,30,75,15.2000,0.196670
5000,0.01,30,76,15.4000,0.198120
5000,0.01,30,77,15.6000,0.189738
5000,0.01,30,78,15.8000,0.198161
5000,0.01,30,79,16.0000,0.189936
5000,0.01,30,80,16.2000,0.180974
5000,0.01,30,81,16.4000,0.179028
5000,0.01,30,82,16.6000,0.168150
5000,0.01,30,83,16.8000,0.167740
5000,0.01,30,84,17.0000,0.162914
5000,0.01,30,85,17.2000,0.142927
5000,0.01,30,86,17.4000,0.146108
5000,0.01,30,87,17.6000,0.147081
5000,0.01,30,88,17.8000,0.129999
5000,0.01,30,89,18.0000,0.124612
5000,0.01,30,90,18.2000,0.128570
5000,0.01,30,91,18.4000,0.112696
5000,0.01,30,92,18.6000,0.105525
5000,0.01,30,93,18.8000,0.102131
5000,0.01,30,94,19.0000,0.100889
5000,0.01,30,95,19.2000,0.101035
5000,0.01,30,96,19.4000,0.102899
5000,0.01,30,97,19.6000,0.108983
5000,0.01,30,98,19.8000,0.101521
5000,0.01,30,99,20.0000,0.102675
5000,0.01,40,0,0.2000,2.936062
5000,0.01,40,1,0.4000,3.672294
5000,0.01,40,2,0.6000,3.670815
5000,0.01,40,3,0.8000,3.664973
5000,0.01,40,4,1.0000,3.665848
5000,0.01,40,5,1.2000,3.663231
5000,0.01,40,6,1.4000,3.663069
5000,0.01,40,7,1.6000,3.662662
5000,0.01,40,8,1.8000,3.680766
5000,0.01,40,9,2.0000,3.303744
5000,0.01,40,10,2.2000,3.493525
5000,0.01,40,11,2.4000,3.393839
5000,0.01,40,12,2.6000,2.392811
5000,0.01,40,13,2.8000,2.442499
5000,0.01,40,14,3.0000,0.310591
5000,0.01,40,15,3.2000,0.437079
5000,0.01,40,16,3.4000,0.466681
5000,0.01,40,17,3.6000,0.452571
5000,0.01,40,18,3.8000,0.449605
5000,0.01,40,19,4.0000,0.447064
5000,0.01,40,20,4.2000,0.456732
5000,0.01,40,21,4.4000,0.454929
5000,0.01,40,22,4.6000,0.454577
5000,0.01,40,23,4.8000,0.455026
5000,0.01,40,24,5.0000,0.457131
5000,0.01,40,25,5.2000,0.431286
5000,0.01,40,26,5.4000,2.442738
5000,0.01,40,27,5.6000,6.904303
5000,0.01,40,28,5.8000,0.908439
5000,0.01,40,29,6.0000,0.986077
5000,0.01,40,30,6.2000,0.625508
5000,0.01,40,31,6.4000,0.569342
5000,0.01,40,32,6.6000,0.567235
5000,0.01,40,33,6.8000,0.467500
5000,0.01,40,34,7.0000,0.444781
5000,0.01,40,35,7.2000,0.423404
5000,0.01,40,36,7.4000,0.443428
5000,0.01,40,37,7.6000,0.391497
5000,0.01,40,38,7.8000,0.449204
5000,0.01,40,39,8.0000,0.442637
5000,0.01,40,40,8.2000,0.440881
5000,0.01,40,41,8.4000,0.446631
5000,0.01,40,42,8.6000,0.437309
5000,0.01,40,43,8.8000,0.441363
5000,0.01,40,44,9.0000,0.416673
5000,0.01,40,45,9.2000,0.394330
5000,0.01,40,46,9.4000,0.392639
5000,0.01,40,47,9.6000,0.341614
5000,0.01,40,48,9.8000,0.337254
5000,0.01,40,49,10.0000,0.313117
5000,0.01,40,50,10.2000,0.314357
5000,0.01,40,51,10.4000,0.297478
5000,0.01,40,52,10.6000,0.302465
5000,0.01,40,53,10.8000,0.283464
5000,0.01,40,54,11.0000,0.211251
5000,0.01,40,55,11.2000,0.227684
5000,0.01,40,56,11.4000,0.225213
5000,0.01,40,57,11.6000,0.223974
5000,0.01,40,58,11.8000,0.223673
5000,0.01,40,59,12.0000,0.224238
5000,0.01,40,60,12.2000,0.222966
5000,0.01,40,61,12.4000,0.222583
5000,0.01,40,62,12.6000,0.226332
5000,0.01,40,63,12.8000,0.224379
5000,0.01,40,64,13.0000,0.228745
5000,0.01,40,65,13.2000,0.227144
5000,0.01,40,66,13.4000,0.226777
5000,0.01,40,67,13.6000,0.224964
5000,0.01,40,68,13.8000,0.225409
5000,0.01,40,69,14.0000,0.219403
5000,0.01,40,70,14.2000,0.328422
5000,0.01,40,71,14.4000,0.362852
5000,0.01,40,72,14.6000,0.363319
5000,0.01,40,73,14.8000,0.363743
5000,0.01,40,74,15.0000,0.364669
5000,0.01,40,75,15.2000,0.360971
5000,0.01,40,76,15.4000,0.364426
5000,0.01,40,77,15.6000,0.351510
5000,0.01,40,78,15.8000,0.338781
5000,0.01,40,79,16.0000,0.337088
5000,0.01,40,80,16.2000,0.340691
5000,0.01,40,81,16.4000,0.340610
5000,0.01,40,82,16.6000,0.341531
5000,0.01,40,83,16.8000,0.336790
5000,0.01,40,84,17.0000,0.321288
5000,0.01,40,85,17.2000,0.265811
5000,0.01,40,86,17.4000,0.273878
5000,0.01,40,87,17.6000,0.244599
5000,0.01,40,88,17.8000,0.261726
5000,0.01,40,89,18.0000,0.228057
5000,0.01,40,90,18.2000,0.248365
5000,0.01,40,91,18.4000,0.247296
5000,0.01,40,92,18.6000,0.233758
5000,0.01,40,93,18.8000,0.231669
5000,0.01,40,94,19.0000,0.230504
5000,0.01,40,95,19.2000,0.229793
5000,0.01,40,96,19.4000,0.227247
5000,0.01,40,97,19.6000,0.229898
5000,0.01,40,98,19.8000,0.211983
5000,0.01,40,99,20.0000,0.207203
5000,0.01,50,0,0.2000,1.948164
5000,0.01,50,1,0.4000,2.999789
5000,0.01,50,2,0.6000,3.201425
5000,0.01,50,3,0.8000,3.205652
5000,0.01,50,4,1.0000,3.052768
5000,0.01,50,5,1.2000,3.001800
5000,0.01,50,6,1.4000,3.024200
5000,0.01,50,7,1.6000,3.240840
5000,0.01,50,8,1.8000,2.431088
5000,0.01,50,9,2.0000,2.518109
5000,0.01,50,10,2.2000,2.502545
5000,0.01,50,11,2.4000,2.496734
5000,0.01,50,12,2.6000,2.482127
5000,0.01,50,13,2.8000,2.461431
5000,0.01,50,14,3.0000,2.455759
5000,0.01,50,15,3.2000,2.419504
5000,0.01,50,16,3.4000,2.392266
5000,0.01,50,17,3.6000,2.387381
5000,0.01,50,18,3.8000,2.377561
5000,0.01,50,19,4.0000,2.372183
5000,0.01,50,20,4.2000,2.362363
5000,0.01,50,21,4.4000,2.352633
5000,0.01,50,22,4.6000,2.352267
5000,0.01,50,23,4.8000,2.350446
5000,0.01,50,24,5.0000,3.562686
5000,0.01,50,25,5.2000,0.893338
5000,0.01,50,26,5.4000,0.680754
5000,0.01,50,27,5.6000,0.596441
5000,0.01,50,28,5.8000,0.914463
5000,0.01,50,29,6.0000,1.018280
5000,0.01,50,30,6.2000,0.728102
5000,0.01,50,31,6.4000,0.631222
5000,0.01,50,32,6.6000,0.568188
5000,0.01,50,33,6.8000,0.542189
5000,0.01,50,34,7.0000,0.548675
5000,0.01,50,35,7.2000,0.539149
5000,0.01,50,36,7.4000,0.530193
5000,0.01,50,37,7.6000,0.529299
5000,0.01,50,38,7.8000,0.533804
5000,0.01,50,39,8.0000,0.563159
5000,0.01,50,40,8.2000,0.560515
5000,0.01,50,41,8.4000,0.531678
5000,0.01,50,42,8.6000,0.540892
5000,0.01,50,43,8.8000,0.539054
5000,0.01,50,44,9.0000,0.538637
5000,0.01,50,45,9.2000,0.530344
5000,0.01,50,46,9.4000,0.528227
5000,0.01,50,47,9.6000,0.527852
5000,0.01,50,48,9.8000,0.525209
5000,0.01,50,49,10.0000,0.527225
5000,0.01,50,50,10.2000,0.526482
5000,0.01,50,51,10.4000,0.523551
5000,0.01,50,52,10.6000,0.521895
5000,0.01,50,53,10.8000,0.521545
5000,0.01,50,54,11.0000,0.513390
5000,0.01,50,55,11.2000,0.549588
5000,0.01,50,56,11.4000,0.539094
5000,0.01,50,57,11.6000,0.457612
5000,0.01,50,58,11.8000,0.534522
5000,0.01,50,59,12.0000,0.621041
5000,0.01,50,60,12.2000,0.489661
5000,0.01,50,61,12.4000,0.371274
5000,0.01,50,62,12.6000,0.342033
5000,0.01,50,63,12.8000,0.326937
5000,0.01,50,64,13.0000,0.324894
5000,0.01,50,65,13.2000,0.329122
5000,0.01,50,66,13.4000,0.330905
5000,0.01,50,67,13.6000,0.340334
5000,0.01,50,68,13.8000,0.346636
5000,0.01,50,69,14.0000,0.356214
5000,0.01,50,70,14.2000,0.349090
5000,0.01,50,71,14.4000,0.345855
5000,0.01,50,72,14.6000,0.337519
5000,0.01,50,73,14.8000,0.334542
5000,0.01,50,74,15.0000,0.311509
5000,0.01,50,75,15.2000,0.330392
5000,0.01,50,76,15.4000,0.380655
5000,0.01,50,77,15.6000,0.369499
5000,0.01,50,78,15.8000,0.365550
5000,0.01,50,79,16.0000,0.371055
5000,0.01,50,80,16.2000,0.352563
5000,0.01,50,81,16.4000,0.318570
5000,0.01,50,82,16.6000,0.295977
5000,0.01,50,83,16.8000,0.295528
5000,0.01,50,84,17.0000,0.295379
5000,0.01,50,85,17.2000,0.300071
5000,0.01,50,86,17.4000,0.298228
5000,0.01,50,87,17.6000,0.286391
5000,0.01,50,88,17.8000,0.283082
5000,0.01,50,89,18.0000,0.281527
5000,0.01,50,90,18.2000,0.275410
5000,0.01,50,91,18.4000,0.285436
5000,0.01,50,92,18.6000,0.285710
5000,0.01,50,93,18.8000,0.285478
5000,0.01,50,94,19.0000,0.283648
5000,0.01,50,95,19.2000,0.275592
5000,0.01,50,96,19.4000,0.285030
5000,0.01,50,97,19.6000,0.313047
5000,0.01,50,98,19.8000,0.274151
5000,0.01,50,99,20.0000,0.283452
5000,0.01,60,0,0.2000,2.989977
5000,0.01,60,1,0.4000,3.906246
5000,0.01,60,2,0.6000,3.923442
5000,0.01,60,3,0.8000,3.900818
5000,0.01,60,4,1.0000,3.893270
5000,0.01,60,5,1.2000,3.866818
5000,0.01,60,6,1.4000,3.867890
5000,0.01,60,7,1.6000,3.867584
5000,0.01,60,8,1.8000,3.819515
5000,0.01,60,9,2.0000,3.386230
5000,0.01,60,10,2.2000,3.383571
5000,0.01,60,11,2.4000,5.020124
5000,0.01,60,12,2.6000,5.033641
5000,0.01,60,13,2.8000,5.028504
5000,0.01,60,14,3.0000,5.026119
5000,0.01,60,15,3.2000,5.024288
5000,0.01,60,16,3.4000,4.929509
5000,0.01,60,17,3.6000,1.608064
5000,0.01,60,18,3.8000,8.435466
5000,0.01,60,19,4.0000,0.597572
5000,0.01,60,20,4.2000,0.608300
5000,0.01,60,21,4.4000,0.847916
5000,0.01,60,22,4.6000,1.507534
5000,0.01,60,23,4.8000,0.351446
5000,0.01,60,24,5.0000,0.296363
5000,0.01,60,25,5.2000,0.323250
5000,0.01,60,26,5.4000,0.285978
5000,0.01,60,27,5.6000,0.244754
5000,0.01,60,28,5.8000,0.247483
5000,0.01,60,29,6.0000,0.268596
5000,0.01,60,30,6.2000,0.242028
5000,0.01,60,31,6.4000,0.241430
5000,0.01,60,32,6.6000,0.240647
5000,0.01,60,33,6.8000,0.240957
5000,0.01,60,34,7.0000,0.256512
5000,0.01,60,35,7.2000,0.242936
5000,0.01,60,36,7.4000,0.240021
5000,0.01,60,37,7.6000,0.239576
5000,0.01,60,38,7.8000,0.243336
5000,0.01,60,39,8.0000,0.255562
5000,0.01,60,40,8.2000,0.260893
5000,0.01,60,41,8.4000,0.252941
5000,0.01,60,42,8.6000,0.270055
5000,0.01,60,43,8.8000,0.280888
5000,0.01,60,44,9.0000,0.297642
5000,0.01,60,45,9.2000,0.304329
5000,0.01,60,46,9.4000,0.311020
5000,0.01,60,47,9.6000,0.322337
5000,0.01,60,48,9.8000,0.265748
5000,0.01,60,49,10.0000,0.233222
5000,0.01,60,50,10.2000,0.211140
5000,0.01,60,51,10.4000,0.202250
5000,0.01,60,52,10.6000,0.182574
5000,0.01,60,53,10.8000,0.174721
5000,0.01,60,54,11.0000,0.167668
5000,0.01,60,55,11.2000,0.165630
5000,0.01,60,56,11.4000,0.166627
5000,0.01,60,57,11.6000,0.169353
5000,0.01,60,58,11.8000,0.162532
5000,0.01,60,59,12.0000,0.168005
5000,0.01,60,60,12.2000,0.160879
5000,0.01,60,61,12.4000,0.160021
5000,0.01,60,62,12.6000,0.171074
5000,0.01,60,63,12.8000,0.155578
5000,0.01,60,64,13.0000,0.141044
5000,0.01,60,65,13.2000,0.133705
5000,0.01,60,66,13.4000,0.133903
5000,0.01,60,67,13.6000,0.133625
5000,0.01,60,68,13.8000,0.133747
5000,0.01,60,69,14.0000,0.132224
5000,0.01,60,70,14.2000,0.132497
5000,0.01,60,71,14.4000,0.134740
5000,0.01,60,72,14.6000,0.130936
5000,0.01,60,73,14.8000,0.128399
5000,0.01,60,74,15.0000,0.127957
5000,0.01,60,75,15.2000,0.129145
5000,0.01,60,76,15.4000,0.126224
5000,0.01,60,77,15.6000,0.128940
5000,0.01,60,78,15.8000,0.131850
5000,0.01,60,79,16.0000,0.128836
5000,0.01,60,80,16.2000,0.139387
5000,0.01,60,81,16.4000,0.143986
5000,0.01,60,82,16.6000,0.142992
5000,0.01,60,83,16.8000,0.141908
5000,0.01,60,84,17.0000,0.141739
5000,0.01,60,85,17.2000,0.137400
5000,0.01,60,86,17.4000,0.142490
5000,0.01,60,87,17.6000,0.146837
5000,0.01,60,88,17.8000,0.156675
5000,0.01,60,89,18.0000,0.145991
5000,0.01,60,90,18.2000,0.146344
5000,0.01,60,91,18.4000,0.144198
5000,0.01,60,92,18.6000,0.142593
5000,0.01,60,93,18.8000,0.140138
5000,0.01,60,94,19.0000,0.140139
5000,0.01,60,95,19.2000,0.139529
5000,0.01,60,96,19.4000,0.140167
5000,0.01,60,97,19.6000,0.139909
5000,0.01,60,98,19.8000,0.137427
5000,0.01,60,99,20.0000,0.139264
5000,0.01,70,0,0.2000,3.845593
5000,0.01,70,1,0.4000,3.840590
5000,0.01,70,2,0.6000,3.836110
5000,0.01,70,3,0.8000,3.277858
5000,0.01,70,4,1.0000,7.213380
5000,0.01,70,5,1.2000,2.134002
5000,0.01,70,6,1.4000,2.418663
5000,0.01,70,7,1.6000,1.973266
5000,0.01,70,8,1.8000,2.646785
5000,0.01,70,9,2.0000,2.636230
5000,0.01,70,10,2.2000,1.118250
5000,0.01,70,11,2.4000,2.010754
5000,0.01,70,12,2.6000,0.493836
5000,0.01,70,13,2.8000,0.581112
5000,0.01,70,14,3.0000,1.048876
5000,0.01,70,15,3.2000,1.385310
5000,0.01,70,16,3.4000,1.355848
5000,0.01,70,17,3.6000,0.937901
5000,0.01,70,18,3.8000,0.714035
5000,0.01,70,19,4.0000,0.461042
5000,0.01,70,20,4.2000,0.388585
5000,0.01,70,21,4.4000,0.479331
5000,0.01,70,22,4.6000,0.433335
5000,0.01,70,23,4.8000,0.334191
5000,0.01,70,24,5.0000,0.368293
5000,0.01,70,25,5.2000,0.358613
5000,0.01,70,26,5.4000,0.378606
5000,0.01,70,27,5.6000,0.356285
5000,0.01,70,28,5.8000,0.338793
5000,0.01,70,29,6.0000,0.315414
5000,0.01,70,30,6.2000,0.315646
5000,0.01,70,31,6.4000,0.308473
5000,0.01,70,32,6.6000,0.308643
5000,0.01,70,33,6.8000,0.307167
5000,0.01,70,34,7.0000,0.306909
5000,0.01,70,35,7.2000,0.314692
5000,0.01,70,36,7.4000,0.316181
5000,0.01,70,37,7.6000,0.315604
5000,0.01,70,38,7.8000,0.313688
5000,0.01,70,39,8.0000,0.309994
5000,0.01,70,40,8.2000,0.305498
5000,0.01,70,41,8.4000,0.304719
5000,0.01,70,42,8.6000,0.308567
5000,0.01,70,43,8.8000,0.325053
5000,0.01,70,44,9.0000,0.286880
5000,0.01,70,45,9.2000,0.236555
5000,0.01,70,46,9.4000,0.241780
5000,0.01,70,47,9.6000,0.237219
5000,0.01,70,48,9.8000,0.233637
5000,0.01,70,49,10.0000,0.236960
5000,0.01,70,50,10.2000,0.228587
5000,0.01,70,51,10.4000,0.194119
5000,0.01,70,52,10.6000,0.174939
5000,0.01,70,53,10.8000,0.167568
5000,0.01,70,54,11.0000,0.181070
5000,0.01,70,55,11.2000,0.182320
5000,0.01,70,56,11.4000,0.182375
5000,0.01,70,57,11.6000,0.192229
5000,0.01,70,58,11.8000,0.213972
5000,0.01,70,59,12.0000,0.191257
5000,0.01,70,60,12.2000,0.177940
5000,0.01,70,61,12.4000,0.221348
5000,0.01,70,62,12.6000,0.194948
5000,0.01,70,63,12.8000,0.184942
5000,0.01,70,64,13.0000,0.192457
5000,0.01,70,65,13.2000,0.184872
5000,0.01,70,66,13.4000,0.167070
5000,0.01,70,67,13.6000,0.168731
5000,0.01,70,68,13.8000,0.169923
5000,0.01,70,69,14.0000,0.168379
5000,0.01,70,70,14.2000,0.163410
5000,0.01,70,71,14.4000,0.151525
5000,0.01,70,72,14.6000,0.140980
5000,0.01,70,73,14.8000,0.139580
5000,0.01,70,74,15.0000,0.138624
5000,0.01,70,75,15.2000,0.138621
5000,0.01,70,76,15.4000,0.142182
5000,0.01,70,77,15.6000,0.152569
5000,0.01,70,78,15.8000,0.154511
5000,0.01,70,79,16.0000,0.153662
5000,0.01,70,80,16.2000,0.152660
5000,0.01,70,81,16.4000,0.152595
5000,0.01,70,82,16.6000,0.152626
5000,0.01,70,83,16.8000,0.153905
5000,0.01,70,84,17.0000,0.156150
5000,0.01,70,85,17.2000,0.156812
5000,0.01,70,86,17.4000,0.156366
5000,0.01,70,87,17.6000,0.156723
5000,0.01,70,88,17.8000,0.155187
5000,0.01,70,89,18.0000,0.150092
5000,0.01,70,90,18.2000,0.155207
5000,0.01,70,91,18.4000,0.170660
5000,0.01,70,92,18.6000,0.170919
5000,0.01,70,93,18.8000,0.172294
5000,0.01,70,94,19.0000,0.186399
5000,0.01,70,95,19.2000,0.205034
5000,0.01,70,96,19.4000,0.191183
5000,0.01,70,97,19.6000,0.175285
5000,0.01,70,98,19.8000,0.175237
5000,0.01,70,99,20.0000,0.176549
5000,0.01,80,0,0.2000,4.106447
5000,0.01,80,1,0.4000,4.593063
5000,0.01,80,2,0.6000,3.907880
5000,0.01,80,3,0.8000,3.771607
5000,0.01,80,4,1.0000,3.283460
5000,0.01,80,5,1.2000,2.466590
5000,0.01,80,6,1.4000,2.310195
5000,0.01,80,7,1.6000,2.266261
5000,0.01,80,8,1.8000,2.261950
5000,0.01,80,9,2.0000,2.260941
5000,0.01,80,10,2.2000,2.269605
5000,0.01,80,11,2.4000,2.265670
5000,0.01,80,12,2.6000,2.260466
5000,0.01,80,13,2.8000,2.202780
5000,0.01,80,14,3.0000,0.825372
5000,0.01,80,15,3.2000,0.834041
5000,0.01,80,16,3.4000,0.879465
5000,0.01,80,17,3.6000,1.646100
5000,0.01,80,18,3.8000,2.029787
5000,0.01,80,19,4.0000,2.064741
5000,0.01,80,20,4.2000,1.305778
5000,0.01,80,21,4.4000,0.536627
5000,0.01,80,22,4.6000,1.290800
5000,0.01,80,23,4.8000,0.625419
5000,0.01,80,24,5.0000,0.472469
5000,0.01,80,25,5.2000,0.626254
5000,0.01,80,26,5.4000,0.556025
5000,0.01,80,27,5.6000,0.363407
5000,0.01,80,28,5.8000,0.387837
5000,0.01,80,29,6.0000,0.408084
5000,0.01,80,30,6.2000,0.462660
5000,0.01,80,31,6.4000,0.479237
5000,0.01,80,32,6.6000,0.462989
5000,0.01,80,33,6.8000,0.460428
5000,0.01,80,34,7.0000,0.485814
5000,0.01,80,35,7.2000,0.417981
5000,0.01,80,36,7.4000,0.407223
5000,0.01,80,37,7.6000,0.405677
5000,0.01,80,38,7.8000,0.411627
5000,0.01,80,39,8.0000,0.412046
5000,0.01,80,40,8.2000,0.397889
5000,0.01,80,41,8.4000,0.380808
5000,0.01,80,42,8.6000,0.393057
5000,0.01,80,43,8.8000,0.394020
5000,0.01,80,44,9.0000,0.403130
5000,0.01,80,45,9.2000,0.374356
5000,0.01,80,46,9.4000,0.350729
5000,0.01,80,47,9.6000,0.310196
5000,0.01,80,48,9.8000,0.306007
5000,0.01,80,49,10.0000,0.307107
5000,0.01,80,50,10.2000,0.299814
5000,0.01,80,51,10.4000,0.290325
5000,0.01,80,52,10.6000,0.336928
5000,0.01,80,53,10.8000,0.324489
5000,0.01,80,54,11.0000,0.346898
5000,0.01,80,55,11.2000,0.298284
5000,0.01,80,56,11.4000,0.309543
5000,0.01,80,57,11.6000,0.362282
5000,0.01,80,58,11.8000,0.323864
5000,0.01,80,59,12.0000,0.311258
5000,0.01,80,60,12.2000,0.342891
5000,0.01,80,61,12.4000,0.336716
5000,0.01,80,62,12.6000,0.364340
5000,0.01,80,63,12.8000,0.386172
5000,0.01,80,64,13.0000,0.396692
5000,0.01,80,65,13.2000,0.391866
5000,0.01,80,66,13.4000,0.390597
5000,0.01,80,67,13.6000,0.394956
5000,0.01,80,68,13.8000,0.386455
5000,0.01,80,69,14.0000,0.379625
5000,0.01,80,70,14.2000,0.379953
5000,0.01,80,71,14.4000,0.393003
5000,0.01,80,72,14.6000,0.377141
5000,0.01,80,73,14.8000,0.380769
5000,0.01,80,74,15.0000,0.379689
5000,0.01,80,75,15.2000,0.373836
5000,0.01,80,76,15.4000,0.363786
5000,0.01,80,77,15.6000,0.379898
5000,0.01,80,78,15.8000,0.369961
5000,0.01,80,79,16.0000,0.380622
5000,0.01,80,80,16.2000,0.382165
5000,0.01,80,81,16.4000,0.369321
5000,0.01,80,82,16.6000,0.373003
5000,0.01,80,83,16.8000,0.364656
5000,0.01,80,84,17.0000,0.371323
5000,0.01,80,85,17.2000,0.354649
5000,0.01,80,86,17.4000,0.354720
5000,0.01,80,87,17.6000,0.338385
5000,0.01,80,88,17.8000,0.367872
5000,0.01,80,89,18.0000,0.369476
5000,0.01,80,90,18.2000,0.369469
5000,0.01,80,91,18.4000,0.369544
5000,0.01,80,92,18.6000,0.366656
5000,0.01,80,93,18.8000,0.365979
5000,0.01,80,94,19.0000,0.366187
5000,0.01,80,95,19.2000,0.355409
5000,0.01,80,96,19.4000,0.356575
5000,0.01,80,97,19.6000,0.355062
5000,0.01,80,98,19.8000,0.358469
5000,0.01,80,99,20.0000,0.379604
5000,0.01,90,0,0.2000,2.588586
5000,0.01,90,1,0.4000,3.313771
5000,0.01,90,2,0.6000,2.794963
5000,0.01,90,3,0.8000,2.756885
5000,0.01,90,4,1.0000,3.511132
5000,0.01,90,5,1.2000,2.381903
5000,0.01,90,6,1.4000,2.452875
5000,0.01,90,7,1.6000,2.490451
5000,0.01,90,8,1.8000,2.444448
5000,0.01,90,9,2.0000,3.485402
5000,0.01,90,10,2.2000,3.473616
5000,0.01,90,11,2.4000,3.471140
5000,0.01,90,12,2.6000,3.471955
5000,0.01,90,13,2.8000,3.478130
5000,0.01,90,14,3.0000,3.475888
5000,0.01,90,15,3.2000,3.476074
5000,0.01,90,16,3.4000,3.474930
5000,0.01,90,17,3.6000,3.473423
5000,0.01,90,18,3.8000,3.473051
5000,0.01,90,19,4.0000,3.473268
5000,0.01,90,20,4.2000,3.473346
5000,0.01,90,21,4.4000,3.473796
5000,0.01,90,22,4.6000,3.473655
5000,0.01,90,23,4.8000,2.175312
5000,0.01,90,24,5.0000,1.719681
5000,0.01,90,25,5.2000,0.543052
5000,0.01,90,26,5.4000,0.395092
5000,0.01,90,27,5.6000,0.349343
5000,0.01,90,28,5.8000,2.541623
5000,0.01,90,29,6.0000,0.513789
5000,0.01,90,30,6.2000,0.811751
5000,0.01,90,31,6.4000,0.471367
5000,0.01,90,32,6.6000,0.462483
5000,0.01,90,33,6.8000,0.611743
5000,0.01,90,34,7.0000,0.483917
5000,0.01,90,35,7.2000,0.717203
5000,0.01,90,36,7.4000,0.403479
5000,0.01,90,37,7.6000,0.394867
5000,0.01,90,38,7.8000,0.390340
5000,0.01,90,39,8.0000,0.363929
5000,0.01,90,40,8.2000,0.398311
5000,0.01,90,41,8.4000,0.414052
5000,0.01,90,42,8.6000,0.398969
5000,0.01,90,43,8.8000,0.386751
5000,0.01,90,44,9.0000,0.396890
5000,0.01,90,45,9.2000,0.465512
5000,0.01,90,46,9.4000,0.473216
5000,0.01,90,47,9.6000,0.397935
5000,0.01,90,48,9.8000,0.400706
5000,0.01,90,49,10.0000,0.360444
5000,0.01,90,50,10.2000,0.269113
5000,0.01,90,51,10.4000,0.256383
5000,0.01,90,52,10.6000,0.248782
5000,0.01,90,53,10.8000,0.228016
5000,0.01,90,54,11.0000,0.201761
5000,0.01,90,55,11.2000,0.210115
5000,0.01,90,56,11.4000,0.189994
5000,0.01,90,57,11.6000,0.181459
5000,0.01,90,58,11.8000,0.169037
5000,0.01,90,59,12.0000,0.190686
5000,0.01,90,60,12.2000,0.186549
5000,0.01,90,61,12.4000,0.189536
5000,0.01,90,62,12.6000,0.193553
5000,0.01,90,63,12.8000,0.197571
5000,0.01,90,64,13.0000,0.207545
5000,0.01,90,65,13.2000,0.187838
5000,0.01,90,66,13.4000,0.167795
5000,0.01,90,67,13.6000,0.164361
5000,0.01,90,68,13.8000,0.167560
5000,0.01,90,69,14.0000,0.163165
5000,0.01,90,70,14.2000,0.158269
5000,0.01,90,71,14.4000,0.156541
5000,0.01,90,72,14.6000,0.165565
5000,0.01,90,73,14.8000,0.171385
5000,0.01,90,74,15.0000,0.170654
5000,0.01,90,75,15.2000,0.169334
5000,0.01,90,76,15.4000,0.167465
5000,0.01,90,77,15.6000,0.167069
5000,0.01,90,78,15.8000,0.166860
5000,0.01,90,79,16.0000,0.164877
5000,0.01,90,80,16.2000,0.163173
5000,0.01,90,81,16.4000,0.161385
5000,0.01,90,82,16.6000,0.155824
5000,0.01,90,83,16.8000,0.163159
5000,0.01,90,84,17.0000,0.163645
5000,0.01,90,85,17.2000,0.164235
5000,0.01,90,86,17.4000,0.163548
5000,0.01,90,87,17.6000,0.162386
5000,0.01,90,88,17.8000,0.184365
5000,0.01,90,89,18.0000,0.184136
5000,0.01,90,90,18.2000,0.183676
5000,0.01,90,91,18.4000,0.204089
5000,0.01,90,92,18.6000,0.208958
5000,0.01,90,93,18.8000,0.193200
5000,0.01,90,94,19.0000,0.178114
5000,0.01,90,95,19.2000,0.184227
5000,0.01,90,96,19.4000,0.173628
5000,0.01,90,97,19.6000,0.167709
5000,0.01,90,98,19.8000,0.167411
5000,0.01,90,99,20.0000,0.161400
5000,0.10,10,0,0.2000,3.153070
5000,0.10,10,1,0.4000,2.331213
5000,0.10,10,2,0.6000,1.976825
5000,0.10,10,3,0.8000,1.848810
5000,0.10,10,4,1.0000,1.866919
5000,0.10,10,5,1.2000,1.688075
5000,0.10,10,6,1.4000,1.637400
5000,0.10,10,7,1.6000,1.151784
5000,0.10,10,8,1.8000,0.639083
5000,0.10,10,9,2.0000,0.340753
5000,0.10,10,10,2.2000,0.518037
5000,0.10,10,11,2.4000,0.534853
5000,0.10,10,12,2.6000,0.406073
5000,0.10,10,13,2.8000,0.365545
5000,0.10,10,14,3.0000,0.302351
5000,0.10,10,15,3.2000,0.300111
5000,0.10,10,16,3.4000,0.259098
5000,0.10,10,17,3.6000,0.252549
5000,0.10,10,18,3.8000,0.194760
5000,0.10,10,19,4.0000,0.107800
5000,0.10,10,20,4.2000,0.107606
5000,0.10,10,21,4.4000,0.111408
5000,0.10,10,22,4.6000,0.113447
5000,0.10,10,23,4.8000,0.118700
5000,0.10,10,24,5.0000,0.122191
5000,0.10,10,25,5.2000,0.102697
5000,0.10,10,26,5.4000,0.090929
5000,0.10,10,27,5.6000,0.102172
5000,0.10,10,28,5.8000,0.118517
5000,0.10,10,29,6.0000,0.105080
5000,0.10,10,30,6.2000,0.101695
5000,0.10,10,31,6.4000,0.106876
5000,0.10,10,32,6.6000,0.120736
5000,0.10,10,33,6.8000,0.123937
5000,0.10,10,34,7.0000,0.112913
5000,0.10,10,35,7.2000,0.116453
5000,0.10,10,36,7.4000,0.160713
5000,0.10,10,37,7.6000,0.208591
5000,0.10,10,38,7.8000,0.206679
5000,0.10,10,39,8.0000,0.196397
5000,0.10,10,40,8.2000,0.185048
5000,0.10,10,41,8.4000,0.173811
5000,0.10,10,42,8.6000,0.169250
5000,0.10,10,43,8.8000,0.193092
5000,0.10,10,44,9.0000,0.191630
5000,0.10,10,45,9.2000,0.190006
5000,0.10,10,46,9.4000,0.207044
5000,0.10,10,47,9.6000,0.218990
5000,0.10,10,48,9.8000,0.218435
5000,0.10,10,49,10.0000,0.214270
5000,0.10,10,50,10.2000,0.194251
5000,0.10,10,51,10.4000,0.178542
5000,0.10,10,52,10.6000,0.198309
5000,0.10,10,53,10.8000,0.202103
5000,0.10,10,54,11.0000,0.229208
5000,0.10,10,55,11.2000,0.225212
5000,0.10,10,56,11.4000,0.211273
5000,0.10,10,57,11.6000,0.201180
5000,0.10,10,58,11.8000,0.220111
5000,0.10,10,59,12.0000,0.210171
5000,0.10,10,60,12.2000,0.205871
5000,0.10,10,61,12.4000,0.211955
5000,0.10,10,62,12.6000,0.243182
5000,0.10,10,63,12.8000,0.254992
5000,0.10,10,64,13.0000,0.244447
5000,0.10,10,65,13.2000,0.237690
5000,0.10,10,66,13.4000,0.249135
5000,0.10,10,67,13.6000,0.245715
5000,0.10,10,68,13.8000,0.241275
5000,0.10,10,69,14.0000,0.238574
5000,0.10,10,70,14.2000,0.235272
5000,0.10,10,71,14.4000,0.231354
5000,0.10,10,72,14.6000,0.243532
5000,0.10,10,73,14.8000,0.244619
5000,0.10,10,74,15.0000,0.243677
5000,0.10,10,75,15.2000,0.240801
5000,0.10,10,76,15.4000,0.239806
5000,0.10,10,77,15.6000,0.242316
5000,0.10,10,78,15.8000,0.240415
5000,0.10,10,79,16.0000,0.241637
5000,0.10,10,80,16.2000,0.253516
5000,0.10,10,81,16.4000,0.260804
5000,0.10,10,82,16.6000,0.267773
5000,0.10,10,83,16.8000,0.283606
5000,0.10,10,84,17.0000,0.282689
5000,0.10,10,85,17.2000,0.280482
5000,0.10,10,86,17.4000,0.278854
5000,0.10,10,87,17.6000,0.289917
5000,0.10,10,88,17.8000,0.287338
5000,0.10,10,89,18.0000,0.284243
5000,0.10,10,90,18.2000,0.281103
5000,0.10,10,91,18.4000,0.271775
5000,0.10,10,92,18.6000,0.262561
5000,0.10,10,93,18.8000,0.265844
5000,0.10,10,94,19.0000,0.261261
5000,0.10,10,95,19.2000,0.264113
5000,0.10,10,96,19.4000,0.271217
5000,0.10,10,97,19.6000,0.265280
5000,0.10,10,98,19.8000,0.258650
5000,0.10,10,99,20.0000,0.251339
5000,0.10,100,0,0.2000,3.368147
5000,0.10,100,1,0.4000,2.480894
5000,0.10,100,2,0.6000,2.105868
5000,0.10,100,3,0.8000,1.449103
5000,0.10,100,4,1.0000,1.449972
5000,0.10,100,5,1.2000,1.449907
5000,0.10,100,6,1.4000,1.314605
5000,0.10,100,7,1.6000,1.328542
5000,0.10,100,8,1.8000,1.327752
5000,0.10,100,9,2.0000,1.338007
5000,0.10,100,10,2.2000,1.149095
5000,0.10,100,11,2.4000,1.159300
5000,0.10,100,12,2.6000,0.736490
5000,0.10,100,13,2.8000,0.355148
5000,0.10,100,14,3.0000,0.789115
5000,0.10,100,15,3.2000,0.329091
5000,0.10,100,16,3.4000,0.715804
5000,0.10,100,17,3.6000,0.688493
5000,0.10,100,18,3.8000,0.362487
5000,0.10,100,19,4.0000,0.267594
5000,0.10,100,20,4.2000,0.354861
5000,0.10,100,21,4.4000,0.359957
5000,0.10,100,22,4.6000,0.311657
5000,0.10,100,23,4.8000,0.286036
5000,0.10,100,24,5.0000,0.276433
5000,0.10,100,25,5.2000,0.246047
5000,0.10,100,26,5.4000,0.221011
5000,0.10,100,27,5.6000,0.200555
5000,0.10,100,28,5.8000,0.183491
5000,0.10,100,29,6.0000,0.173486
5000,0.10,100,30,6.2000,0.154824
5000,0.10,100,31,6.4000,0.140581
5000,0.10,100,32,6.6000,0.125545
5000,0.10,100,33,6.8000,0.106727
5000,0.10,100,34,7.0000,0.099108
5000,0.10,100,35,7.2000,0.094648
5000,0.10,100,36,7.4000,0.080886
5000,0.10,100,37,7.6000,0.107383
5000,0.10,100,38,7.8000,0.122991
5000,0.10,100,39,8.0000,0.151024
5000,0.10,100,40,8.2000,0.178727
5000,0.10,100,41,8.4000,0.197679
5000,0.10,100,42,8.6000,0.195882
5000,0.10,100,43,8.8000,0.189214
5000,0.10,100,44,9.0000,0.232216
5000,0.10,100,45,9.2000,0.208396
5000,0.10,100,46,9.4000,0.199119
5000,0.10,100,47,9.6000,0.194589
5000,0.10,100,48,9.8000,0.193292
5000,0.10,100,49,10.0000,0.195576
5000,0.10,100,50,10.2000,0.187848
5000,0.10,100,51,10.4000,0.137650
5000,0.10,100,52,10.6000,0.141890
5000,0.10,100,53,10.8000,0.151176
5000,0.10,100,54,11.0000,0.171937
5000,0.10,100,55,11.2000,0.186911
5000,0.10,100,56,11.4000,0.177371
5000,0.10,100,57,11.6000,0.178291
5000,0.10,100,58,11.8000,0.177281
5000,0.10,100,59,12.0000,0.169925
5000,0.10,100,60,12.2000,0.169231
5000,0.10,100,61,12.4000,0.155478
5000,0.10,100,62,12.6000,0.142787
5000,0.10,100,63,12.8000,0.143296
5000,0.10,100,64,13.0000,0.145523
5000,0.10,100,65,13.2000,0.147047
5000,0.10,100,66,13.4000,0.132391
5000,0.10,100,67,13.6000,0.124610
5000,0.10,100,68,13.8000,0.130661
5000,0.10,100,69,14.0000,0.111388
5000,0.10,100,70,14.2000,0.110275
5000,0.10,100,71,14.4000,0.113950
5000,0.10,100,72,14.6000,0.102032
5000,0.10,100,73,14.8000,0.082889
5000,0.10,100,74,15.0000,0.098112
5000,0.10,100,75,15.2000,0.113815
5000,0.10,100,76,15.4000,0.103301
5000,0.10,100,77,15.6000,0.095933
5000,0.10,100,78,15.8000,0.084031
5000,0.10,100,79,16.0000,0.077724
5000,0.10,100,80,16.2000,0.078784
5000,0.10,100,81,16.4000,0.089090
5000,0.10,100,82,16.6000,0.089708
5000,0.10,100,83,16.8000,0.084998
5000,0.10,100,84,17.0000,0.083248
5000,0.10,100,85,17.2000,0.093544
5000,0.10,100,86,17.4000,0.092232
5000,0.10,100,87,17.6000,0.092513
5000,0.10,100,88,17.8000,0.100444
5000,0.10,100,89,18.0000,0.109766
5000,0.10,100,90,18.2000,0.111162
5000,0.10,100,91,18.4000,0.116899
5000,0.10,100,92,18.6000,0.124942
5000,0.10,100,93,18.8000,0.128821
5000,0.10,100,94,19.0000,0.135944
5000,0.10,100,95,19.2000,0.140873
5000,0.10,100,96,19.4000,0.146455
5000,0.10,100,97,19.6000,0.144746
5000,0.10,100,98,19.8000,0.136988
5000,0.10,100,99,20.0000,0.126696
5000,0.10,20,0,0.2000,2.876416
5000,0.10,20,1,0.4000,2.729097
5000,0.10,20,2,0.6000,1.678347
5000,0.10,20,3,0.8000,0.711623
5000,0.10,20,4,1.0000,0.666798
5000,0.10,20,5,1.2000,1.046387
5000,0.10,20,6,1.4000,1.037144
5000,0.10,20,7,1.6000,1.030444
5000,0.10,20,8,1.8000,0.955854
5000,0.10,20,9,2.0000,0.880056
5000,0.10,20,10,2.2000,0.756077
5000,0.10,20,11,2.4000,0.661082
5000,0.10,20,12,2.6000,0.433254
5000,0.10,20,13,2.8000,0.206355
5000,0.10,20,14,3.0000,0.236633
5000,0.10,20,15,3.2000,0.192334
5000,0.10,20,16,3.4000,0.151925
5000,0.10,20,17,3.6000,0.133290
5000,0.10,20,18,3.8000,0.157650
5000,0.10,20,19,4.0000,0.125806
5000,0.10,20,20,4.2000,0.145812
5000,0.10,20,21,4.4000,0.137758
5000,0.10,20,22,4.6000,0.132682
5000,0.10,20,23,4.8000,0.143537
5000,0.10,20,24,5.0000,0.166131
5000,0.10,20,25,5.2000,0.185459
5000,0.10,20,26,5.4000,0.192255
5000,0.10,20,27,5.6000,0.212789
5000,0.10,20,28,5.8000,0.229717
5000,0.10,20,29,6.0000,0.245926
5000,0.10,20,30,6.2000,0.254656
5000,0.10,20,31,6.4000,0.237422
5000,0.10,20,32,6.6000,0.233481
5000,0.10,20,33,6.8000,0.220667
5000,0.10,20,34,7.0000,0.205419
5000,0.10,20,35,7.2000,0.222016
5000,0.10,20,36,7.4000,0.232339
5000,0.10,20,37,7.6000,0.220366
5000,0.10,20,38,7.8000,0.207776
5000,0.10,20,39,8.0000,0.215945
5000,0.10,20,40,8.2000,0.212789
5000,0.10,20,41,8.4000,0.200004
5000,0.10,20,42,8.6000,0.194880
5000,0.10,20,43,8.8000,0.186437
5000,0.10,20,44,9.0000,0.174289
5000,0.10,20,45,9.2000,0.161741
5000,0.10,20,46,9.4000,0.147166
5000,0.10,20,47,9.6000,0.169562
5000,0.10,20,48,9.8000,0.162083
5000,0.10,20,49,10.0000,0.157219
5000,0.10,20,50,10.2000,0.147377
5000,0.10,20,51,10.4000,0.145288
5000,0.10,20,52,10.6000,0.152953
5000,0.10,20,53,10.8000,0.155996
5000,0.10,20,54,11.0000,0.163329
5000,0.10,20,55,11.2000,0.164422
5000,0.10,20,56,11.4000,0.169335
5000,0.10,20,57,11.6000,0.172981
5000,0.10,20,58,11.8000,0.175887
5000,0.10,20,59,12.0000,0.161588
5000,0.10,20,60,12.2000,0.158833
5000,0.10,20,61,12.4000,0.157302
5000,0.10,20,62,12.6000,0.164743
5000,0.10,20,63,12.8000,0.175845
5000,0.10,20,64,13.0000,0.173826
5000,0.10,20,65,13.2000,0.177218
5000,0.10,20,66,13.4000,0.172430
5000,0.10,20,67,13.6000,0.175250
5000,0.10,20,68,13.8000,0.178854
5000,0.10,20,69,14.0000,0.185489
5000,0.10,20,70,14.2000,0.192947
5000,0.10,20,71,14.4000,0.204401
5000,0.10,20,72,14.6000,0.206461
5000,0.10,20,73,14.8000,0.204246
5000,0.10,20,74,15.0000,0.206890
5000,0.10,20,75,15.2000,0.210565
5000,0.10,20,76,15.4000,0.211691
5000,0.10,20,77,15.6000,0.206854
5000,0.10,20,78,15.8000,0.195813
5000,0.10,20,79,16.0000,0.187489
5000,0.10,20,80,16.2000,0.179788
5000,0.10,20,81,16.4000,0.179668
5000,0.10,20,82,16.6000,0.172605
5000,0.10,20,83,16.8000,0.165979
5000,0.10,20,84,17.0000,0.160869
5000,0.10,20,85,17.2000,0.159427
5000,0.10,20,86,17.4000,0.153630
5000,0.10,20,87,17.6000,0.145157
5000,0.10,20,88,17.8000,0.141759
5000,0.10,20,89,18.0000,0.142605
5000,0.10,20,90,18.2000,0.142602
5000,0.10,20,91,18.4000,0.145564
5000,0.10,20,92,18.6000,0.141603
5000,0.10,20,93,18.8000,0.145861
5000,0.10,20,94,19.0000,0.150447
5000,0.10,20,95,19.2000,0.155423
5000,0.10,20,96,19.4000,0.158401
5000,0.10,20,97,19.6000,0.159862
5000,0.10,20,98,19.8000,0.165100
5000,0.10,20,99,20.0000,0.164279
5000,0.10,30,0,0.2000,2.791553
5000,0.10,30,1,0.4000,2.595792
5000,0.10,30,2,0.6000,2.351397
5000,0.10,30,3,0.8000,2.316577
5000,0.10,30,4,1.0000,2.308088
5000,0.10,30,5,1.2000,2.303933
5000,0.10,30,6,1.4000,2.305593
5000,0.10,30,7,1.6000,2.287943
5000,0.10,30,8,1.8000,1.249685
5000,0.10,30,9,2.0000,0.984063
5000,0.10,30,10,2.2000,0.385887
5000,0.10,30,11,2.4000,0.283091
5000,0.10,30,12,2.6000,0.280563
5000,0.10,30,13,2.8000,0.366726
5000,0.10,30,14,3.0000,0.196010
5000,0.10,30,15,3.2000,0.265128
5000,0.10,30,16,3.4000,0.233054
5000,0.10,30,17,3.6000,0.197092
5000,0.10,30,18,3.8000,0.294070
5000,0.10,30,19,4.0000,0.298439
5000,0.10,30,20,4.2000,0.315586
5000,0.10,30,21,4.4000,0.267019
5000,0.10,30,22,4.6000,0.242180
5000,0.10,30,23,4.8000,0.227952
5000,0.10,30,24,5.0000,0.241379
5000,0.10,30,25,5.2000,0.235698
5000,0.10,30,26,5.4000,0.219747
5000,0.10,30,27,5.6000,0.213105
5000,0.10,30,28,5.8000,0.232858
5000,0.10,30,29,6.0000,0.284899
5000,0.10,30,30,6.2000,0.345328
5000,0.10,30,31,6.4000,0.352193
5000,0.10,30,32,6.6000,0.347718
5000,0.10,30,33,6.8000,0.327246
5000,0.10,30,34,7.0000,0.322716
5000,0.10,30,35,7.2000,0.326625
5000,0.10,30,36,7.4000,0.300110
5000,0.10,30,37,7.6000,0.312139
5000,0.10,30,38,7.8000,0.292710
5000,0.10,30,39,8.0000,0.282745
5000,0.10,30,40,8.2000,0.297192
5000,0.10,30,41,8.4000,0.318307
5000,0.10,30,42,8.6000,0.309726
5000,0.10,30,43,8.8000,0.331579
5000,0.10,30,44,9.0000,0.324754
5000,0.10,30,45,9.2000,0.315937
5000,0.10,30,46,9.4000,0.307810
5000,0.10,30,47,9.6000,0.301402
5000,0.10,30,48,9.8000,0.296888
5000,0.10,30,49,10.0000,0.290245
5000,0.10,30,50,10.2000,0.286824
5000,0.10,30,51,10.4000,0.277956
5000,0.10,30,52,10.6000,0.282205
5000,0.10,30,53,10.8000,0.270639
5000,0.10,30,54,11.0000,0.259575
5000,0.10,30,55,11.2000,0.260362
5000,0.10,30,56,11.4000,0.262192
5000,0.10,30,57,11.6000,0.253060
5000,0.10,30,58,11.8000,0.246768
5000,0.10,30,59,12.0000,0.240007
5000,0.10,30,60,12.2000,0.233449
5000,0.10,30,61,12.4000,0.230001
5000,0.10,30,62,12.6000,0.229094
5000,0.10,30,63,12.8000,0.227672
5000,0.10,30,64,13.0000,0.229907
5000,0.10,30,65,13.2000,0.231000
5000,0.10,30,66,13.4000,0.237347
5000,0.10,30,67,13.6000,0.255769
5000,0.10,30,68,13.8000,0.270504
5000,0.10,30,69,14.0000,0.265947
5000,0.10,30,70,14.2000,0.250242
5000,0.10,30,71,14.4000,0.251969
5000,0.10,30,72,14.6000,0.253737
5000,0.10,30,73,14.8000,0.256823
5000,0.10,30,74,15.0000,0.261680
5000,0.10,30,75,15.2000,0.256097
5000,0.10,30,76,15.4000,0.258010
5000,0.10,30,77,15.6000,0.248644
5000,0.10,30,78,15.8000,0.260570
5000,0.10,30,79,16.0000,0.253294
5000,0.10,30,80,16.2000,0.243732
5000,0.10,30,81,16.4000,0.231562
5000,0.10,30,82,16.6000,0.220952
5000,0.10,30,83,16.8000,0.227370
5000,0.10,30,84,17.0000,0.236324
5000,0.10,30,85,17.2000,0.243161
5000,0.10,30,86,17.4000,0.245882
5000,0.10,30,87,17.6000,0.251031
5000,0.10,30,88,17.8000,0.257118
5000,0.10,30,89,18.0000,0.260860
5000,0.10,30,90,18.2000,0.261028
5000,0.10,30,91,18.4000,0.256302
5000,0.10,30,92,18.6000,0.260632
5000,0.10,30,93,18.8000,0.256649
5000,0.10,30,94,19.0000,0.246032
5000,0.10,30,95,19.2000,0.238989
5000,0.10,30,96,19.4000,0.231433
5000,0.10,30,97,19.6000,0.232241
5000,0.10,30,98,19.8000,0.235587
5000,0.10,30,99,20.0000,0.246979
5000,0.10,40,0,0.2000,2.992738
5000,0.10,40,1,0.4000,2.290127
5000,0.10,40,2,0.6000,2.238299
5000,0.10,40,3,0.8000,2.061587
5000,0.10,40,4,1.0000,1.759192
5000,0.10,40,5,1.2000,1.545170
5000,0.10,40,6,1.4000,1.566101
5000,0.10,40,7,1.6000,1.556704
5000,0.10,40,8,1.8000,1.665376
5000,0.10,40,9,2.0000,1.510725
5000,0.10,40,10,2.2000,1.452606
5000,0.10,40,11,2.4000,1.466101
5000,0.10,40,12,2.6000,1.111284
5000,0.10,40,13,2.8000,1.108107
5000,0.10,40,14,3.0000,1.283199
5000,0.10,40,15,3.2000,0.687689
5000,0.10,40,16,3.4000,0.490594
5000,0.10,40,17,3.6000,0.486426
5000,0.10,40,18,3.8000,0.250095
5000,0.10,40,19,4.0000,0.268812
5000,0.10,40,20,4.2000,0.271707
5000,0.10,40,21,4.4000,0.324102
5000,0.10,40,22,4.6000,0.403420
5000,0.10,40,23,4.8000,0.456919
5000,0.10,40,24,5.0000,0.428573
5000,0.10,40,25,5.2000,0.340225
5000,0.10,40,26,5.4000,0.377930
5000,0.10,40,27,5.6000,0.301025
5000,0.10,40,28,5.8000,0.206255
5000,0.10,40,29,6.0000,0.232109
5000,0.10,40,30,6.2000,0.185039
5000,0.10,40,31,6.4000,0.207302
5000,0.10,40,32,6.6000,0.173085
5000,0.10,40,33,6.8000,0.161869
5000,0.10,40,34,7.0000,0.153156
5000,0.10,40,35,7.2000,0.177949
5000,0.10,40,36,7.4000,0.171394
5000,0.10,40,37,7.6000,0.138073
5000,0.10,40,38,7.8000,0.134505
5000,0.10,40,39,8.0000,0.129865
5000,0.10,40,40,8.2000,0.127892
5000,0.10,40,41,8.4000,0.127221
5000,0.10,40,42,8.6000,0.128367
5000,0.10,40,43,8.8000,0.129864
5000,0.10,40,44,9.0000,0.132202
5000,0.10,40,45,9.2000,0.141681
5000,0.10,40,46,9.4000,0.131917
5000,0.10,40,47,9.6000,0.115401
5000,0.10,40,48,9.8000,0.125141
5000,0.10,40,49,10.0000,0.118229
5000,0.10,40,50,10.2000,0.112261
5000,0.10,40,51,10.4000,0.112045
5000,0.10,40,52,10.6000,0.110997
5000,0.10,40,53,10.8000,0.112268
5000,0.10,40,54,11.0000,0.113907
5000,0.10,40,55,11.2000,0.109277
5000,0.10,40,56,11.4000,0.104909
5000,0.10,40,57,11.6000,0.103473
5000,0.10,40,58,11.8000,0.100414
5000,0.10,40,59,12.0000,0.104268
5000,0.10,40,60,12.2000,0.106879
5000,0.10,40,61,12.4000,0.111422
5000,0.10,40,62,12.6000,0.121031
5000,0.10,40,63,12.8000,0.120004
5000,0.10,40,64,13.0000,0.119713
5000,0.10,40,65,13.2000,0.120246
5000,0.10,40,66,13.4000,0.122233
5000,0.10,40,67,13.6000,0.131989
5000,0.10,40,68,13.8000,0.137408
5000,0.10,40,69,14.0000,0.135549
5000,0.10,40,70,14.2000,0.137550
5000,0.10,40,71,14.4000,0.153102
5000,0.10,40,72,14.6000,0.153004
5000,0.10,40,73,14.8000,0.151216
5000,0.10,40,74,15.0000,0.147767
5000,0.10,40,75,15.2000,0.148621
5000,0.10,40,76,15.4000,0.148082
5000,0.10,40,77,15.6000,0.144976
5000,0.10,40,78,15.8000,0.142700
5000,0.10,40,79,16.0000,0.138578
5000,0.10,40,80,16.2000,0.134783
5000,0.10,40,81,16.4000,0.135864
5000,0.10,40,82,16.6000,0.138674
5000,0.10,40,83,16.8000,0.143546
5000,0.10,40,84,17.0000,0.145673
5000,0.10,40,85,17.2000,0.151902
5000,0.10,40,86,17.4000,0.159479
5000,0.10,40,87,17.6000,0.165330
5000,0.10,40,88,17.8000,0.163264
5000,0.10,40,89,18.0000,0.164557
5000,0.10,40,90,18.2000,0.168446
5000,0.10,40,91,18.4000,0.171593
5000,0.10,40,92,18.6000,0.177828
5000,0.10,40,93,18.8000,0.185436
5000,0.10,40,94,19.0000,0.178365
5000,0.10,40,95,19.2000,0.183460
5000,0.10,40,96,19.4000,0.177315
5000,0.10,40,97,19.6000,0.182380
5000,0.10,40,98,19.8000,0.179976
5000,0.10,40,99,20.0000,0.177821
5000,0.10,50,0,0.2000,2.491749
5000,0.10,50,1,0.4000,2.378356
5000,0.10,50,2,0.6000,2.382158
5000,0.10,50,3,0.8000,2.038171
5000,0.10,50,4,1.0000,1.849788
5000,0.10,50,5,1.2000,1.699541
5000,0.10,50,6,1.4000,1.883259
5000,0.10,50,7,1.6000,1.741569
5000,0.10,50,8,1.8000,1.412430
5000,0.10,50,9,2.0000,1.309204
5000,0.10,50,10,2.2000,0.665032
5000,0.10,50,11,2.4000,0.626538
5000,0.10,50,12,2.6000,0.605228
5000,0.10,50,13,2.8000,0.505181
5000,0.10,50,14,3.0000,0.489066
5000,0.10,50,15,3.2000,0.771556
5000,0.10,50,16,3.4000,0.577421
5000,0.10,50,17,3.6000,0.647488
5000,0.10,50,18,3.8000,0.789913
5000,0.10,50,19,4.0000,0.742036
5000,0.10,50,20,4.2000,0.719481
5000,0.10,50,21,4.4000,0.657014
5000,0.10,50,22,4.6000,0.607424
5000,0.10,50,23,4.8000,0.586121
5000,0.10,50,24,5.0000,0.565461
5000,0.10,50,25,5.2000,0.549699
5000,0.10,50,26,5.4000,0.513804
5000,0.10,50,27,5.6000,0.496530
5000,0.10,50,28,5.8000,0.485487
5000,0.10,50,29,6.0000,0.470422
5000,0.10,50,30,6.2000,0.448186
5000,0.10,50,31,6.4000,0.435895
5000,0.10,50,32,6.6000,0.417053
5000,0.10,50,33,6.8000,0.406091
5000,0.10,50,34,7.0000,0.420959
5000,0.10,50,35,7.2000,0.418906
5000,0.10,50,36,7.4000,0.418735
5000,0.10,50,37,7.6000,0.422187
5000,0.10,50,38,7.8000,0.418168
5000,0.10,50,39,8.0000,0.394718
5000,0.10,50,40,8.2000,0.391213
5000,0.10,50,41,8.4000,0.393820
5000,0.10,50,42,8.6000,0.398956
5000,0.10,50,43,8.8000,0.408001
5000,0.10,50,44,9.0000,0.369885
5000,0.10,50,45,9.2000,0.353366
5000,0.10,50,46,9.4000,0.343421
5000,0.10,50,47,9.6000,0.342764
5000,0.10,50,48,9.8000,0.302548
5000,0.10,50,49,10.0000,0.288574
5000,0.10,50,50,10.2000,0.278339
5000,0.10,50,51,10.4000,0.272816
5000,0.10,50,52,10.6000,0.258309
5000,0.10,50,53,10.8000,0.243408
5000,0.10,50,54,11.0000,0.244651
5000,0.10,50,55,11.2000,0.233956
5000,0.10,50,56,11.4000,0.226483
5000,0.10,50,57,11.6000,0.226924
5000,0.10,50,58,11.8000,0.223932
5000,0.10,50,59,12.0000,0.225091
5000,0.10,50,60,12.2000,0.220464
5000,0.10,50,61,12.4000,0.220989
5000,0.10,50,62,12.6000,0.211031
5000,0.10,50,63,12.8000,0.214281
5000,0.10,50,64,13.0000,0.204561
5000,0.10,50,65,13.2000,0.197496
5000,0.10,50,66,13.4000,0.168432
5000,0.10,50,67,13.6000,0.163537
5000,0.10,50,68,13.8000,0.164803
5000,0.10,50,69,14.0000,0.166596
5000,0.10,50,70,14.2000,0.170272
5000,0.10,50,71,14.4000,0.175536
5000,0.10,50,72,14.6000,0.167349
5000,0.10,50,73,14.8000,0.158962
5000,0.10,50,74,15.0000,0.146791
5000,0.10,50,75,15.2000,0.149337
5000,0.10,50,76,15.4000,0.165328
5000,0.10,50,77,15.6000,0.168301
5000,0.10,50,78,15.8000,0.178895
5000,0.10,50,79,16.0000,0.167553
5000,0.10,50,80,16.2000,0.172780
5000,0.10,50,81,16.4000,0.175363
5000,0.10,50,82,16.6000,0.185139
5000,0.10,50,83,16.8000,0.189273
5000,0.10,50,84,17.0000,0.171099
5000,0.10,50,85,17.2000,0.175540
5000,0.10,50,86,17.4000,0.172363
5000,0.10,50,87,17.6000,0.169357
5000,0.10,50,88,17.8000,0.167481
5000,0.10,50,89,18.0000,0.172976
5000,0.10,50,90,18.2000,0.179848
5000,0.10,50,91,18.4000,0.186557
5000,0.10,50,92,18.6000,0.189989
5000,0.10,50,93,18.8000,0.196211
5000,0.10,50,94,19.0000,0.204071
5000,0.10,50,95,19.2000,0.209884
5000,0.10,50,96,19.4000,0.209267
5000,0.10,50,97,19.6000,0.201768
5000,0.10,50,98,19.8000,0.209086
5000,0.10,50,99,20.0000,0.217766
5000,0.10,60,0,0.2000,2.098177
5000,0.10,60,1,0.4000,1.915772
5000,0.10,60,2,0.6000,1.806656
5000,0.10,60,3,0.8000,1.553347
5000,0.10,60,4,1.0000,1.705834
5000,0.10,60,5,1.2000,1.358262
5000,0.10,60,6,1.4000,1.343504
5000,0.10,60,7,1.6000,1.310078
5000,0.10,60,8,1.8000,1.159609
5000,0.10,60,9,2.0000,0.450947
5000,0.10,60,10,2.2000,0.451222
5000,0.10,60,11,2.4000,0.410711
5000,0.10,60,12,2.6000,0.384128
5000,0.10,60,13,2.8000,0.369500
5000,0.10,60,14,3.0000,0.359503
5000,0.10,60,15,3.2000,0.349788
5000,0.10,60,16,3.4000,0.359030
5000,0.10,60,17,3.6000,0.367253
5000,0.10,60,18,3.8000,0.327276
5000,0.10,60,19,4.0000,0.382952
5000,0.10,60,20,4.2000,0.278015
5000,0.10,60,21,4.4000,0.295080
5000,0.10,60,22,4.6000,0.327321
5000,0.10,60,23,4.8000,0.334845
5000,0.10,60,24,5.0000,0.385297
5000,0.10,60,25,5.2000,0.301478
5000,0.10,60,26,5.4000,0.316469
5000,0.10,60,27,5.6000,0.371431
5000,0.10,60,28,5.8000,0.344746
5000,0.10,60,29,6.0000,0.339266
5000,0.10,60,30,6.2000,0.343159
5000,0.10,60,31,6.4000,0.313755
5000,0.10,60,32,6.6000,0.288248
5000,0.10,60,33,6.8000,0.303800
5000,0.10,60,34,7.0000,0.289331
5000,0.10,60,35,7.2000,0.300375
5000,0.10,60,36,7.4000,0.286798
5000,0.10,60,37,7.6000,0.287866
5000,0.10,60,38,7.8000,0.295242
5000,0.10,60,39,8.0000,0.311324
5000,0.10,60,40,8.2000,0.321687
5000,0.10,60,41,8.4000,0.314066
5000,0.10,60,42,8.6000,0.319586
5000,0.10,60,43,8.8000,0.327428
5000,0.10,60,44,9.0000,0.332187
5000,0.10,60,45,9.2000,0.323565
5000,0.10,60,46,9.4000,0.331048
5000,0.10,60,47,9.6000,0.342368
5000,0.10,60,48,9.8000,0.342484
5000,0.10,60,49,10.0000,0.319762
5000,0.10,60,50,10.2000,0.321964
5000,0.10,60,51,10.4000,0.341450
5000,0.10,60,52,10.6000,0.352923
5000,0.10,60,53,10.8000,0.355686
5000,0.10,60,54,11.0000,0.358226
5000,0.10,60,55,11.2000,0.360907
5000,0.10,60,56,11.4000,0.363039
5000,0.10,60,57,11.6000,0.379109
5000,0.10,60,58,11.8000,0.370673
5000,0.10,60,59,12.0000,0.383980
5000,0.10,60,60,12.2000,0.365163
5000,0.10,60,61,12.4000,0.360420
5000,0.10,60,62,12.6000,0.339511
5000,0.10,60,63,12.8000,0.322577
5000,0.10,60,64,13.0000,0.310336
5000,0.10,60,65,13.2000,0.297251
5000,0.10,60,66,13.4000,0.285941
5000,0.10,60,67,13.6000,0.274263
5000,0.10,60,68,13.8000,0.261114
5000,0.10,60,69,14.0000,0.252452
5000,0.10,60,70,14.2000,0.247660
5000,0.10,60,71,14.4000,0.238989
5000,0.10,60,72,14.6000,0.227478
5000,0.10,60,73,14.8000,0.217102
5000,0.10,60,74,15.0000,0.231293
5000,0.10,60,75,15.2000,0.234230
5000,0.10,60,76,15.4000,0.235918
5000,0.10,60,77,15.6000,0.236214
5000,0.10,60,78,15.8000,0.239619
5000,0.10,60,79,16.0000,0.241391
5000,0.10,60,80,16.2000,0.246646
5000,0.10,60,81,16.4000,0.261638
5000,0.10,60,82,16.6000,0.254437
5000,0.10,60,83,16.8000,0.244555
5000,0.10,60,84,17.0000,0.236747
5000,0.10,60,85,17.2000,0.238615
5000,0.10,60,86,17.4000,0.238694
5000,0.10,60,87,17.6000,0.236261
5000,0.10,60,88,17.8000,0.234493
5000,0.10,60,89,18.0000,0.235525
5000,0.10,60,90,18.2000,0.224186
5000,0.10,60,91,18.4000,0.220826
5000,0.10,60,92,18.6000,0.212781
5000,0.10,60,93,18.8000,0.208109
5000,0.10,60,94,19.0000,0.210623
5000,0.10,60,95,19.2000,0.209358
5000,0.10,60,96,19.4000,0.209674
5000,0.10,60,97,19.6000,0.210029
5000,0.10,60,98,19.8000,0.210867
5000,0.10,60,99,20.0000,0.214929
5000,0.10,70,0,0.2000,3.280165
5000,0.10,70,1,0.4000,2.254242
5000,0.10,70,2,0.6000,2.263168
5000,0.10,70,3,0.8000,2.342400
5000,0.10,70,4,1.0000,2.291977
5000,0.10,70,5,1.2000,1.937828
5000,0.10,70,6,1.4000,1.939112
5000,0.10,70,7,1.6000,1.938290
5000,0.10,70,8,1.8000,1.938873
5000,0.10,70,9,2.0000,1.934984
5000,0.10,70,10,2.2000,1.532085
5000,0.10,70,11,2.4000,1.003773
5000,0.10,70,12,2.6000,0.466981
5000,0.10,70,13,2.8000,0.311608
5000,0.10,70,14,3.0000,0.374826
5000,0.10,70,15,3.2000,0.382559
5000,0.10,70,16,3.4000,0.528099
5000,0.10,70,17,3.6000,0.493355
5000,0.10,70,18,3.8000,0.335121
5000,0.10,70,19,4.0000,0.336558
5000,0.10,70,20,4.2000,0.365855
5000,0.10,70,21,4.4000,0.322732
5000,0.10,70,22,4.6000,0.319770
5000,0.10,70,23,4.8000,0.279477
5000,0.10,70,24,5.0000,0.238005
5000,0.10,70,25,5.2000,0.225464
5000,0.10,70,26,5.4000,0.266333
5000,0.10,70,27,5.6000,0.274498
5000,0.10,70,28,5.8000,0.304084
5000,0.10,70,29,6.0000,0.312237
5000,0.10,70,30,6.2000,0.344421
5000,0.10,70,31,6.4000,0.343429
5000,0.10,70,32,6.6000,0.314341
5000,0.10,70,33,6.8000,0.289803
5000,0.10,70,34,7.0000,0.255808
5000,0.10,70,35,7.2000,0.230015
5000,0.10,70,36,7.4000,0.224394
5000,0.10,70,37,7.6000,0.259188
5000,0.10,70,38,7.8000,0.268676
5000,0.10,70,39,8.0000,0.251027
5000,0.10,70,40,8.2000,0.235739
5000,0.10,70,41,8.4000,0.243156
5000,0.10,70,42,8.6000,0.262321
5000,0.10,70,43,8.8000,0.261374
5000,0.10,70,44,9.0000,0.262634
5000,0.10,70,45,9.2000,0.300397
5000,0.10,70,46,9.4000,0.280626
5000,0.10,70,47,9.6000,0.260814
5000,0.10,70,48,9.8000,0.236263
5000,0.10,70,49,10.0000,0.228598
5000,0.10,70,50,10.2000,0.239434
5000,0.10,70,51,10.4000,0.251275
5000,0.10,70,52,10.6000,0.240727
5000,0.10,70,53,10.8000,0.222971
5000,0.10,70,54,11.0000,0.216800
5000,0.10,70,55,11.2000,0.228704
5000,0.10,70,56,11.4000,0.235416
5000,0.10,70,57,11.6000,0.252754
5000,0.10,70,58,11.8000,0.256608
5000,0.10,70,59,12.0000,0.274256
5000,0.10,70,60,12.2000,0.295125
5000,0.10,70,61,12.4000,0.294490
5000,0.10,70,62,12.6000,0.293575
5000,0.10,70,63,12.8000,0.295373
5000,0.10,70,64,13.0000,0.276567
5000,0.10,70,65,13.2000,0.261405
5000,0.10,70,66,13.4000,0.241191
5000,0.10,70,67,13.6000,0.230779
5000,0.10,70,68,13.8000,0.218361
5000,0.10,70,69,14.0000,0.226551
5000,0.10,70,70,14.2000,0.209202
5000,0.10,70,71,14.4000,0.207627
5000,0.10,70,72,14.6000,0.196354
5000,0.10,70,73,14.8000,0.199846
5000,0.10,70,74,15.0000,0.189031
5000,0.10,70,75,15.2000,0.179933
5000,0.10,70,76,15.4000,0.169885
5000,0.10,70,77,15.6000,0.168364
5000,0.10,70,78,15.8000,0.180275
5000,0.10,70,79,16.0000,0.177293
5000,0.10,70,80,16.2000,0.206053
5000,0.10,70,81,16.4000,0.201459
5000,0.10,70,82,16.6000,0.196127
5000,0.10,70,83,16.8000,0.201225
5000,0.10,70,84,17.0000,0.192742
5000,0.10,70,85,17.2000,0.206918
5000,0.10,70,86,17.4000,0.206568
5000,0.10,70,87,17.6000,0.198962
5000,0.10,70,88,17.8000,0.194945
5000,0.10,70,89,18.0000,0.192716
5000,0.10,70,90,18.2000,0.195813
5000,0.10,70,91,18.4000,0.191598
5000,0.10,70,92,18.6000,0.187340
5000,0.10,70,93,18.8000,0.186200
5000,0.10,70,94,19.0000,0.181068
5000,0.10,70,95,19.2000,0.179763
5000,0.10,70,96,19.4000,0.178002
5000,0.10,70,97,19.6000,0.175684
5000,0.10,70,98,19.8000,0.186981
5000,0.10,70,99,20.0000,0.186382
5000,0.10,80,0,0.2000,1.846946
5000,0.10,80,1,0.4000,1.144745
5000,0.10,80,2,0.6000,1.532517
5000,0.10,80,3,0.8000,1.486117
5000,0.10,80,4,1.0000,1.441640
5000,0.10,80,5,1.2000,1.435084
5000,0.10,80,6,1.4000,1.427743
5000,0.10,80,7,1.6000,1.423991
5000,0.10,80,8,1.8000,1.425307
5000,0.10,80,9,2.0000,1.440908
5000,0.10,80,10,2.2000,1.323331
5000,0.10,80,11,2.4000,1.086557
5000,0.10,80,12,2.6000,0.345872
5000,0.10,80,13,2.8000,0.263233
5000,0.10,80,14,3.0000,0.360516
5000,0.10,80,15,3.2000,0.547783
5000,0.10,80,16,3.4000,0.441935
5000,0.10,80,17,3.6000,0.304163
5000,0.10,80,18,3.8000,0.312751
5000,0.10,80,19,4.0000,0.368536
5000,0.10,80,20,4.2000,0.444432
5000,0.10,80,21,4.4000,0.338778
5000,0.10,80,22,4.6000,0.295444
5000,0.10,80,23,4.8000,0.238398
5000,0.10,80,24,5.0000,0.207135
5000,0.10,80,25,5.2000,0.201956
5000,0.10,80,26,5.4000,0.198452
5000,0.10,80,27,5.6000,0.259519
5000,0.10,80,28,5.8000,0.330190
5000,0.10,80,29,6.0000,0.371044
5000,0.10,80,30,6.2000,0.356648
5000,0.10,80,31,6.4000,0.351797
5000,0.10,80,32,6.6000,0.325540
5000,0.10,80,33,6.8000,0.314962
5000,0.10,80,34,7.0000,0.305471
5000,0.10,80,35,7.2000,0.303620
5000,0.10,80,36,7.4000,0.315144
5000,0.10,80,37,7.6000,0.308551
5000,0.10,80,38,7.8000,0.290322
5000,0.10,80,39,8.0000,0.271496
5000,0.10,80,40,8.2000,0.271652
5000,0.10,80,41,8.4000,0.289669
5000,0.10,80,42,8.6000,0.281341
5000,0.10,80,43,8.8000,0.270541
5000,0.10,80,44,9.0000,0.282468
5000,0.10,80,45,9.2000,0.272399
5000,0.10,80,46,9.4000,0.255814
5000,0.10,80,47,9.6000,0.251421
5000,0.10,80,48,9.8000,0.283340
5000,0.10,80,49,10.0000,0.276871
5000,0.10,80,50,10.2000,0.283431
5000,0.10,80,51,10.4000,0.278529
5000,0.10,80,52,10.6000,0.271416
5000,0.10,80,53,10.8000,0.263075
5000,0.10,80,54,11.0000,0.258377
5000,0.10,80,55,11.2000,0.284551
5000,0.10,80,56,11.4000,0.306301
5000,0.10,80,57,11.6000,0.288422
5000,0.10,80,58,11.8000,0.282168
5000,0.10,80,59,12.0000,0.266509
5000,0.10,80,60,12.2000,0.251747
5000,0.10,80,61,12.4000,0.255331
5000,0.10,80,62,12.6000,0.256108
5000,0.10,80,63,12.8000,0.243480
5000,0.10,80,64,13.0000,0.232131
5000,0.10,80,65,13.2000,0.218517
5000,0.10,80,66,13.4000,0.206645
5000,0.10,80,67,13.6000,0.192982
5000,0.10,80,68,13.8000,0.190386
5000,0.10,80,69,14.0000,0.185677
5000,0.10,80,70,14.2000,0.200620
5000,0.10,80,71,14.4000,0.192373
5000,0.10,80,72,14.6000,0.183321
5000,0.10,80,73,14.8000,0.194022
5000,0.10,80,74,15.0000,0.213378
5000,0.10,80,75,15.2000,0.206510
5000,0.10,80,76,15.4000,0.202550
5000,0.10,80,77,15.6000,0.196096
5000,0.10,80,78,15.8000,0.205233
5000,0.10,80,79,16.0000,0.200931
5000,0.10,80,80,16.2000,0.198858
5000,0.10,80,81,16.4000,0.220731
5000,0.10,80,82,16.6000,0.223364
5000,0.10,80,83,16.8000,0.221772
5000,0.10,80,84,17.0000,0.223319
5000,0.10,80,85,17.2000,0.225437
5000,0.10,80,86,17.4000,0.218725
5000,0.10,80,87,17.6000,0.220194
5000,0.10,80,88,17.8000,0.225559
5000,0.10,80,89,18.0000,0.231177
5000,0.10,80,90,18.2000,0.220765
5000,0.10,80,91,18.4000,0.215459
5000,0.10,80,92,18.6000,0.208508
5000,0.10,80,93,18.8000,0.207011
5000,0.10,80,94,19.0000,0.200960
5000,0.10,80,95,19.2000,0.216386
5000,0.10,80,96,19.4000,0.210593
5000,0.10,80,97,19.6000,0.205404
5000,0.10,80,98,19.8000,0.198858
5000,0.10,80,99,20.0000,0.197823
5000,0.10,90,0,0.2000,2.943331
5000,0.10,90,1,0.4000,2.307909
5000,0.10,90,2,0.6000,1.490006
5000,0.10,90,3,0.8000,1.345864
5000,0.10,90,4,1.0000,1.178430
5000,0.10,90,5,1.2000,1.155993
5000,0.10,90,6,1.4000,1.152574
5000,0.10,90,7,1.6000,1.915033
5000,0.10,90,8,1.8000,1.911725
5000,0.10,90,9,2.0000,1.747132
5000,0.10,90,10,2.2000,1.525456
5000,0.10,90,11,2.4000,0.439170
5000,0.10,90,12,2.6000,0.581219
5000,0.10,90,13,2.8000,0.578936
5000,0.10,90,14,3.0000,0.577112
5000,0.10,90,15,3.2000,0.530924
5000,0.10,90,16,3.4000,0.437966
5000,0.10,90,17,3.6000,0.136301
5000,0.10,90,18,3.8000,0.192822
5000,0.10,90,19,4.0000,0.129190
5000,0.10,90,20,4.2000,0.131158
5000,0.10,90,21,4.4000,0.151193
5000,0.10,90,22,4.6000,0.181934
5000,0.10,90,23,4.8000,0.194406
5000,0.10,90,24,5.0000,0.155225
5000,0.10,90,25,5.2000,0.151238
5000,0.10,90,26,5.4000,0.151045
5000,0.10,90,27,5.6000,0.148216
5000,0.10,90,28,5.8000,0.163111
5000,0.10,90,29,6.0000,0.184526
5000,0.10,90,30,6.2000,0.201884
5000,0.10,90,31,6.4000,0.213817
5000,0.10,90,32,6.6000,0.245047
5000,0.10,90,33,6.8000,0.262791
5000,0.10,90,34,7.0000,0.265636
5000,0.10,90,35,7.2000,0.251295
5000,0.10,90,36,7.4000,0.240270
5000,0.10,90,37,7.6000,0.227237
5000,0.10,90,38,7.8000,0.215544
5000,0.10,90,39,8.0000,0.198385
5000,0.10,90,40,8.2000,0.187493
5000,0.10,90,41,8.4000,0.194600
5000,0.10,90,42,8.6000,0.175386
5000,0.10,90,43,8.8000,0.160252
5000,0.10,90,44,9.0000,0.146273
5000,0.10,90,45,9.2000,0.150308
5000,0.10,90,46,9.4000,0.156574
5000,0.10,90,47,9.6000,0.166780
5000,0.10,90,48,9.8000,0.151884
5000,0.10,90,49,10.0000,0.156227
5000,0.10,90,50,10.2000,0.153516
5000,0.10,90,51,10.4000,0.150936
5000,0.10,90,52,10.6000,0.137299
5000,0.10,90,53,10.8000,0.126545
5000,0.10,90,54,11.0000,0.125500
5000,0.10,90,55,11.2000,0.132703
5000,0.10,90,56,11.4000,0.135224
5000,0.10,90,57,11.6000,0.134793
5000,0.10,90,58,11.8000,0.139489
5000,0.10,90,59,12.0000,0.143890
5000,0.10,90,60,12.2000,0.141762
5000,0.10,90,61,12.4000,0.137323
5000,0.10,90,62,12.6000,0.128626
5000,0.10,90,63,12.8000,0.125456
5000,0.10,90,64,13.0000,0.118160
5000,0.10,90,65,13.2000,0.112262
5000,0.10,90,66,13.4000,0.110663
5000,0.10,90,67,13.6000,0.109524
5000,0.10,90,68,13.8000,0.113617
5000,0.10,90,69,14.0000,0.107036
5000,0.10,90,70,14.2000,0.100651
5000,0.10,90,71,14.4000,0.108928
5000,0.10,90,72,14.6000,0.115718
5000,0.10,90,73,14.8000,0.118980
5000,0.10,90,74,15.0000,0.125889
5000,0.10,90,75,15.2000,0.133200
5000,0.10,90,76,15.4000,0.137588
5000,0.10,90,77,15.6000,0.141441
5000,0.10,90,78,15.8000,0.150296
5000,0.10,90,79,16.0000,0.133273
5000,0.10,90,80,16.2000,0.131759
5000,0.10,90,81,16.4000,0.132546
5000,0.10,90,82,16.6000,0.134623
5000,0.10,90,83,16.8000,0.131381
5000,0.10,90,84,17.0000,0.136422
5000,0.10,90,85,17.2000,0.137290
5000,0.10,90,86,17.4000,0.137544
5000,0.10,90,87,17.6000,0.145859
5000,0.10,90,88,17.8000,0.139275
5000,0.10,90,89,18.0000,0.142124
5000,0.10,90,90,18.2000,0.149875
5000,0.10,90,91,18.4000,0.157233
5000,0.10,90,92,18.6000,0.166146
5000,0.10,90,93,18.8000,0.156858
5000,0.10,90,94,19.0000,0.164192
5000,0.10,90,95,19.2000,0.173659
5000,0.10,90,96,19.4000,0.166669
5000,0.10,90,97,19.6000,0.173289
5000,0.10,90,98,19.8000,0.171812
5000,0.10,90,99,20.0000,0.178096
5000,0.2,10,0,0.2000,2.554472
5000,0.2,10,1,0.4000,1.891978
5000,0.2,10,2,0.6000,1.991541
5000,0.2,10,3,0.8000,1.445013
5000,0.2,10,4,1.0000,1.014224
5000,0.2,10,5,1.2000,0.954429
5000,0.2,10,6,1.4000,0.369272
5000,0.2,10,7,1.6000,0.267474
5000,0.2,10,8,1.8000,0.169997
5000,0.2,10,9,2.0000,0.162259
5000,0.2,10,10,2.2000,0.201679
5000,0.2,10,11,2.4000,0.485818
5000,0.2,10,12,2.6000,0.680396
5000,0.2,10,13,2.8000,0.433350
5000,0.2,10,14,3.0000,0.310560
5000,0.2,10,15,3.2000,0.383942
5000,0.2,10,16,3.4000,0.408818
5000,0.2,10,17,3.6000,0.374449
5000,0.2,10,18,3.8000,0.395328
5000,0.2,10,19,4.0000,0.361107
5000,0.2,10,20,4.2000,0.335054
5000,0.2,10,21,4.4000,0.319478
5000,0.2,10,22,4.6000,0.301009
5000,0.2,10,23,4.8000,0.279659
5000,0.2,10,24,5.0000,0.258071
5000,0.2,10,25,5.2000,0.214278
5000,0.2,10,26,5.4000,0.235542
5000,0.2,10,27,5.6000,0.229924
5000,0.2,10,28,5.8000,0.213498
5000,0.2,10,29,6.0000,0.234679
5000,0.2,10,30,6.2000,0.264396
5000,0.2,10,31,6.4000,0.285791
5000,0.2,10,32,6.6000,0.288425
5000,0.2,10,33,6.8000,0.250331
5000,0.2,10,34,7.0000,0.225861
5000,0.2,10,35,7.2000,0.224645
5000,0.2,10,36,7.4000,0.228763
5000,0.2,10,37,7.6000,0.232948
5000,0.2,10,38,7.8000,0.234759
5000,0.2,10,39,8.0000,0.241625
5000,0.2,10,40,8.2000,0.244700
5000,0.2,10,41,8.4000,0.250500
5000,0.2,10,42,8.6000,0.252911
5000,0.2,10,43,8.8000,0.254540
5000,0.2,10,44,9.0000,0.262116
5000,0.2,10,45,9.2000,0.270196
5000,0.2,10,46,9.4000,0.276702
5000,0.2,10,47,9.6000,0.278785
5000,0.2,10,48,9.8000,0.280498
5000,0.2,10,49,10.0000,0.275337
5000,0.2,10,50,10.2000,0.275320
5000,0.2,10,51,10.4000,0.280374
5000,0.2,10,52,10.6000,0.290166
5000,0.2,10,53,10.8000,0.284031
5000,0.2,10,54,11.0000,0.269968
5000,0.2,10,55,11.2000,0.256983
5000,0.2,10,56,11.4000,0.255543
5000,0.2,10,57,11.6000,0.251813
5000,0.2,10,58,11.8000,0.254096
5000,0.2,10,59,12.0000,0.273712
5000,0.2,10,60,12.2000,0.274411
5000,0.2,10,61,12.4000,0.279356
5000,0.2,10,62,12.6000,0.279876
5000,0.2,10,63,12.8000,0.284894
5000,0.2,10,64,13.0000,0.278065
5000,0.2,10,65,13.2000,0.274340
5000,0.2,10,66,13.4000,0.274964
5000,0.2,10,67,13.6000,0.263748
5000,0.2,10,68,13.8000,0.253898
5000,0.2,10,69,14.0000,0.252630
5000,0.2,10,70,14.2000,0.256696
5000,0.2,10,71,14.4000,0.259796
5000,0.2,10,72,14.6000,0.265025
5000,0.2,10,73,14.8000,0.265343
5000,0.2,10,74,15.0000,0.269954
5000,0.2,10,75,15.2000,0.274248
5000,0.2,10,76,15.4000,0.279302
5000,0.2,10,77,15.6000,0.280712
5000,0.2,10,78,15.8000,0.284758
5000,0.2,10,79,16.0000,0.293301
5000,0.2,10,80,16.2000,0.289709
5000,0.2,10,81,16.4000,0.280815
5000,0.2,10,82,16.6000,0.282668
5000,0.2,10,83,16.8000,0.286614
5000,0.2,10,84,17.0000,0.283899
5000,0.2,10,85,17.2000,0.271399
5000,0.2,10,86,17.4000,0.264034
5000,0.2,10,87,17.6000,0.252215
5000,0.2,10,88,17.8000,0.242745
5000,0.2,10,89,18.0000,0.233070
5000,0.2,10,90,18.2000,0.231213
5000,0.2,10,91,18.4000,0.233532
5000,0.2,10,92,18.6000,0.234856
5000,0.2,10,93,18.8000,0.234385
5000,0.2,10,94,19.0000,0.228335
5000,0.2,10,95,19.2000,0.229613
5000,0.2,10,96,19.4000,0.234311
5000,0.2,10,97,19.6000,0.238860
5000,0.2,10,98,19.8000,0.243314
5000,0.2,10,99,20.0000,0.247575
5000,0.2,100,0,0.2000,2.079635
5000,0.2,100,1,0.4000,2.176674
5000,0.2,100,2,0.6000,2.015594
5000,0.2,100,3,0.8000,1.960689
5000,0.2,100,4,1.0000,1.945208
5000,0.2,100,5,1.2000,1.949861
5000,0.2,100,6,1.4000,1.961687
5000,0.2,100,7,1.6000,1.913378
5000,0.2,100,8,1.8000,1.363384
5000,0.2,100,9,2.0000,0.952061
5000,0.2,100,10,2.2000,0.272481
5000,0.2,100,11,2.4000,0.490119
5000,0.2,100,12,2.6000,0.269815
5000,0.2,100,13,2.8000,0.211618
5000,0.2,100,14,3.0000,0.182047
5000,0.2,100,15,3.2000,0.172154
5000,0.2,100,16,3.4000,0.162897
5000,0.2,100,17,3.6000,0.216141
5000,0.2,100,18,3.8000,0.245314
5000,0.2,100,19,4.0000,0.309169
5000,0.2,100,20,4.2000,0.272871
5000,0.2,100,21,4.4000,0.246262
5000,0.2,100,22,4.6000,0.246907
5000,0.2,100,23,4.8000,0.249623
5000,0.2,100,24,5.0000,0.246948
5000,0.2,100,25,5.2000,0.239737
5000,0.2,100,26,5.4000,0.235610
5000,0.2,100,27,5.6000,0.236640
5000,0.2,100,28,5.8000,0.251069
5000,0.2,100,29,6.0000,0.251928
5000,0.2,100,30,6.2000,0.233001
5000,0.2,100,31,6.4000,0.208359
5000,0.2,100,32,6.6000,0.190795
5000,0.2,100,33,6.8000,0.176875
5000,0.2,100,34,7.0000,0.187437
5000,0.2,100,35,7.2000,0.180909
5000,0.2,100,36,7.4000,0.173542
5000,0.2,100,37,7.6000,0.170353
5000,0.2,100,38,7.8000,0.175082
5000,0.2,100,39,8.0000,0.179473
5000,0.2,100,40,8.2000,0.186876
5000,0.2,100,41,8.4000,0.186547
5000,0.2,100,42,8.6000,0.192735
5000,0.2,100,43,8.8000,0.190179
5000,0.2,100,44,9.0000,0.189049
5000,0.2,100,45,9.2000,0.191069
5000,0.2,100,46,9.4000,0.191213
5000,0.2,100,47,9.6000,0.194265
5000,0.2,100,48,9.8000,0.200309
5000,0.2,100,49,10.0000,0.185621
5000,0.2,100,50,10.2000,0.173742
5000,0.2,100,51,10.4000,0.164641
5000,0.2,100,52,10.6000,0.150076
5000,0.2,100,53,10.8000,0.137748
5000,0.2,100,54,11.0000,0.146664
5000,0.2,100,55,11.2000,0.152984
5000,0.2,100,56,11.4000,0.153673
5000,0.2,100,57,11.6000,0.159266
5000,0.2,100,58,11.8000,0.157917
5000,0.2,100,59,12.0000,0.165585
5000,0.2,100,60,12.2000,0.153693
5000,0.2,100,61,12.4000,0.150246
5000,0.2,100,62,12.6000,0.145321
5000,0.2,100,63,12.8000,0.139424
5000,0.2,100,64,13.0000,0.137448
5000,0.2,100,65,13.2000,0.141190
5000,0.2,100,66,13.4000,0.143619
5000,0.2,100,67,13.6000,0.146823
5000,0.2,100,68,13.8000,0.150577
5000,0.2,100,69,14.0000,0.156588
5000,0.2,100,70,14.2000,0.163903
5000,0.2,100,71,14.4000,0.163293
5000,0.2,100,72,14.6000,0.154163
5000,0.2,100,73,14.8000,0.142654
5000,0.2,100,74,15.0000,0.137284
5000,0.2,100,75,15.2000,0.130088
5000,0.2,100,76,15.4000,0.136316
5000,0.2,100,77,15.6000,0.142306
5000,0.2,100,78,15.8000,0.143587
5000,0.2,100,79,16.0000,0.149718
5000,0.2,100,80,16.2000,0.146058
5000,0.2,100,81,16.4000,0.142569
5000,0.2,100,82,16.6000,0.145970
5000,0.2,100,83,16.8000,0.146945
5000,0.2,100,84,17.0000,0.138656
5000,0.2,100,85,17.2000,0.132122
5000,0.2,100,86,17.4000,0.127124
5000,0.2,100,87,17.6000,0.120465
5000,0.2,100,88,17.8000,0.118518
5000,0.2,100,89,18.0000,0.115149
5000,0.2,100,90,18.2000,0.112122
5000,0.2,100,91,18.4000,0.109380
5000,0.2,100,92,18.6000,0.101637
5000,0.2,100,93,18.8000,0.102214
5000,0.2,100,94,19.0000,0.105281
5000,0.2,100,95,19.2000,0.093219
5000,0.2,100,96,19.4000,0.088502
5000,0.2,100,97,19.6000,0.085892
5000,0.2,100,98,19.8000,0.082288
5000,0.2,100,99,20.0000,0.079042
5000,0.2,20,0,0.2000,2.940445
5000,0.2,20,1,0.4000,1.559929
5000,0.2,20,2,0.6000,1.120038
5000,0.2,20,3,0.8000,1.057772
5000,0.2,20,4,1.0000,0.814547
5000,0.2,20,5,1.2000,0.531801
5000,0.2,20,6,1.4000,0.412703
5000,0.2,20,7,1.6000,0.440184
5000,0.2,20,8,1.8000,0.354811
5000,0.2,20,9,2.0000,0.350713
5000,0.2,20,10,2.2000,0.329620
5000,0.2,20,11,2.4000,0.303202
5000,0.2,20,12,2.6000,0.486412
5000,0.2,20,13,2.8000,0.664288
5000,0.2,20,14,3.0000,0.634518
5000,0.2,20,15,3.2000,0.631445
5000,0.2,20,16,3.4000,0.626937
5000,0.2,20,17,3.6000,0.611808
5000,0.2,20,18,3.8000,0.600176
5000,0.2,20,19,4.0000,0.592215
5000,0.2,20,20,4.2000,0.491205
5000,0.2,20,21,4.4000,0.465112
5000,0.2,20,22,4.6000,0.461044
5000,0.2,20,23,4.8000,0.431119
5000,0.2,20,24,5.0000,0.390841
5000,0.2,20,25,5.2000,0.368392
5000,0.2,20,26,5.4000,0.362074
5000,0.2,20,27,5.6000,0.366621
5000,0.2,20,28,5.8000,0.354654
5000,0.2,20,29,6.0000,0.317205
5000,0.2,20,30,6.2000,0.277137
5000,0.2,20,31,6.4000,0.231738
5000,0.2,20,32,6.6000,0.248258
5000,0.2,20,33,6.8000,0.249326
5000,0.2,20,34,7.0000,0.240443
5000,0.2,20,35,7.2000,0.227405
5000,0.2,20,36,7.4000,0.221393
5000,0.2,20,37,7.6000,0.213364
5000,0.2,20,38,7.8000,0.202431
5000,0.2,20,39,8.0000,0.204339
5000,0.2,20,40,8.2000,0.196110
5000,0.2,20,41,8.4000,0.185175
5000,0.2,20,42,8.6000,0.187758
5000,0.2,20,43,8.8000,0.189199
5000,0.2,20,44,9.0000,0.195032
5000,0.2,20,45,9.2000,0.205156
5000,0.2,20,46,9.4000,0.186950
5000,0.2,20,47,9.6000,0.183329
5000,0.2,20,48,9.8000,0.186973
5000,0.2,20,49,10.0000,0.161976
5000,0.2,20,50,10.2000,0.162187
5000,0.2,20,51,10.4000,0.147980
5000,0.2,20,52,10.6000,0.152524
5000,0.2,20,53,10.8000,0.154806
5000,0.2,20,54,11.0000,0.162340
5000,0.2,20,55,11.2000,0.140239
5000,0.2,20,56,11.4000,0.144915
5000,0.2,20,57,11.6000,0.154127
5000,0.2,20,58,11.8000,0.165525
5000,0.2,20,59,12.0000,0.176148
5000,0.2,20,60,12.2000,0.178660
5000,0.2,20,61,12.4000,0.154945
5000,0.2,20,62,12.6000,0.152293
5000,0.2,20,63,12.8000,0.146795
5000,0.2,20,64,13.0000,0.149942
5000,0.2,20,65,13.2000,0.162237
5000,0.2,20,66,13.4000,0.158573
5000,0.2,20,67,13.6000,0.164678
5000,0.2,20,68,13.8000,0.166708
5000,0.2,20,69,14.0000,0.169816
5000,0.2,20,70,14.2000,0.177226
5000,0.2,20,71,14.4000,0.182299
5000,0.2,20,72,14.6000,0.183027
5000,0.2,20,73,14.8000,0.188130
5000,0.2,20,74,15.0000,0.178613
5000,0.2,20,75,15.2000,0.177502
5000,0.2,20,76,15.4000,0.168535
5000,0.2,20,77,15.6000,0.150141
5000,0.2,20,78,15.8000,0.151408
5000,0.2,20,79,16.0000,0.137515
5000,0.2,20,80,16.2000,0.116181
5000,0.2,20,81,16.4000,0.109612
5000,0.2,20,82,16.6000,0.114132
5000,0.2,20,83,16.8000,0.122005
5000,0.2,20,84,17.0000,0.122682
5000,0.2,20,85,17.2000,0.120125
5000,0.2,20,86,17.4000,0.111837
5000,0.2,20,87,17.6000,0.118054
5000,0.2,20,88,17.8000,0.124025
5000,0.2,20,89,18.0000,0.122258
5000,0.2,20,90,18.2000,0.109642
5000,0.2,20,91,18.4000,0.107722
5000,0.2,20,92,18.6000,0.105404
5000,0.2,20,93,18.8000,0.099213
5000,0.2,20,94,19.0000,0.096804
5000,0.2,20,95,19.2000,0.092258
5000,0.2,20,96,19.4000,0.087010
5000,0.2,20,97,19.6000,0.084377
5000,0.2,20,98,19.8000,0.083973
5000,0.2,20,99,20.0000,0.081312
5000,0.2,30,0,0.2000,2.633180
5000,0.2,30,1,0.4000,2.622839
5000,0.2,30,2,0.6000,2.444144
5000,0.2,30,3,0.8000,2.458688
5000,0.2,30,4,1.0000,1.762848
5000,0.2,30,5,1.2000,1.505487
5000,0.2,30,6,1.4000,1.347708
5000,0.2,30,7,1.6000,1.286990
5000,0.2,30,8,1.8000,1.258015
5000,0.2,30,9,2.0000,1.160865
5000,0.2,30,10,2.2000,0.968026
5000,0.2,30,11,2.4000,0.975363
5000,0.2,30,12,2.6000,0.982189
5000,0.2,30,13,2.8000,0.988097
5000,0.2,30,14,3.0000,0.472611
5000,0.2,30,15,3.2000,0.381714
5000,0.2,30,16,3.4000,0.416221
5000,0.2,30,17,3.6000,0.343131
5000,0.2,30,18,3.8000,0.295531
5000,0.2,30,19,4.0000,0.275337
5000,0.2,30,20,4.2000,0.285148
5000,0.2,30,21,4.4000,0.259306
5000,0.2,30,22,4.6000,0.268537
5000,0.2,30,23,4.8000,0.285570
5000,0.2,30,24,5.0000,0.260918
5000,0.2,30,25,5.2000,0.270485
5000,0.2,30,26,5.4000,0.280371
5000,0.2,30,27,5.6000,0.292456
5000,0.2,30,28,5.8000,0.311188
5000,0.2,30,29,6.0000,0.313413
5000,0.2,30,30,6.2000,0.294430
5000,0.2,30,31,6.4000,0.277884
5000,0.2,30,32,6.6000,0.247616
5000,0.2,30,33,6.8000,0.241658
5000,0.2,30,34,7.0000,0.240200
5000,0.2,30,35,7.2000,0.225514
5000,0.2,30,36,7.4000,0.226084
5000,0.2,30,37,7.6000,0.215926
5000,0.2,30,38,7.8000,0.213472
5000,0.2,30,39,8.0000,0.217370
5000,0.2,30,40,8.2000,0.215367
5000,0.2,30,41,8.4000,0.210825
5000,0.2,30,42,8.6000,0.209752
5000,0.2,30,43,8.8000,0.216280
5000,0.2,30,44,9.0000,0.210770
5000,0.2,30,45,9.2000,0.211462
5000,0.2,30,46,9.4000,0.221766
5000,0.2,30,47,9.6000,0.219307
5000,0.2,30,48,9.8000,0.219627
5000,0.2,30,49,10.0000,0.220508
5000,0.2,30,50,10.2000,0.218508
5000,0.2,30,51,10.4000,0.220104
5000,0.2,30,52,10.6000,0.218589
5000,0.2,30,53,10.8000,0.217563
5000,0.2,30,54,11.0000,0.243639
5000,0.2,30,55,11.2000,0.243851
5000,0.2,30,56,11.4000,0.240315
5000,0.2,30,57,11.6000,0.238814
5000,0.2,30,58,11.8000,0.235791
5000,0.2,30,59,12.0000,0.248205
5000,0.2,30,60,12.2000,0.252675
5000,0.2,30,61,12.4000,0.239714
5000,0.2,30,62,12.6000,0.225335
5000,0.2,30,63,12.8000,0.209063
5000,0.2,30,64,13.0000,0.207157
5000,0.2,30,65,13.2000,0.206143
5000,0.2,30,66,13.4000,0.207745
5000,0.2,30,67,13.6000,0.210241
5000,0.2,30,68,13.8000,0.207700
5000,0.2,30,69,14.0000,0.205477
5000,0.2,30,70,14.2000,0.210068
5000,0.2,30,71,14.4000,0.209716
5000,0.2,30,72,14.6000,0.211707
5000,0.2,30,73,14.8000,0.210987
5000,0.2,30,74,15.0000,0.210022
5000,0.2,30,75,15.2000,0.211176
5000,0.2,30,76,15.4000,0.210495
5000,0.2,30,77,15.6000,0.212717
5000,0.2,30,78,15.8000,0.207083
5000,0.2,30,79,16.0000,0.204992
5000,0.2,30,80,16.2000,0.207149
5000,0.2,30,81,16.4000,0.207285
5000,0.2,30,82,16.6000,0.204013
5000,0.2,30,83,16.8000,0.206767
5000,0.2,30,84,17.0000,0.212610
5000,0.2,30,85,17.2000,0.198668
5000,0.2,30,86,17.4000,0.185341
5000,0.2,30,87,17.6000,0.196932
5000,0.2,30,88,17.8000,0.190363
5000,0.2,30,89,18.0000,0.182198
5000,0.2,30,90,18.2000,0.172880
5000,0.2,30,91,18.4000,0.170511
5000,0.2,30,92,18.6000,0.165001
5000,0.2,30,93,18.8000,0.154295
5000,0.2,30,94,19.0000,0.146228
5000,0.2,30,95,19.2000,0.150802
5000,0.2,30,96,19.4000,0.154153
5000,0.2,30,97,19.6000,0.149563
5000,0.2,30,98,19.8000,0.152236
5000,0.2,30,99,20.0000,0.153687
5000,0.2,40,0,0.2000,1.761706
5000,0.2,40,1,0.4000,1.521042
5000,0.2,40,2,0.6000,1.109320
5000,0.2,40,3,0.8000,1.401256
5000,0.2,40,4,1.0000,0.879420
5000,0.2,40,5,1.2000,0.774325
5000,0.2,40,6,1.4000,0.845810
5000,0.2,40,7,1.6000,0.588934
5000,0.2,40,8,1.8000,0.404839
5000,0.2,40,9,2.0000,0.349845
5000,0.2,40,10,2.2000,0.321992
5000,0.2,40,11,2.4000,0.304484
5000,0.2,40,12,2.6000,0.286259
5000,0.2,40,13,2.8000,0.285004
5000,0.2,40,14,3.0000,0.342877
5000,0.2,40,15,3.2000,0.280294
5000,0.2,40,16,3.4000,0.277297
5000,0.2,40,17,3.6000,0.377232
5000,0.2,40,18,3.8000,0.296725
5000,0.2,40,19,4.0000,0.251278
5000,0.2,40,20,4.2000,0.241828
5000,0.2,40,21,4.4000,0.244616
5000,0.2,40,22,4.6000,0.277510
5000,0.2,40,23,4.8000,0.271306
5000,0.2,40,24,5.0000,0.278553
5000,0.2,40,25,5.2000,0.278603
5000,0.2,40,26,5.4000,0.266424
5000,0.2,40,27,5.6000,0.214585
5000,0.2,40,28,5.8000,0.185664
5000,0.2,40,29,6.0000,0.182005
5000,0.2,40,30,6.2000,0.185913
5000,0.2,40,31,6.4000,0.198136
5000,0.2,40,32,6.6000,0.209991
5000,0.2,40,33,6.8000,0.218479
5000,0.2,40,34,7.0000,0.204239
5000,0.2,40,35,7.2000,0.202274
5000,0.2,40,36,7.4000,0.197187
5000,0.2,40,37,7.6000,0.186774
5000,0.2,40,38,7.8000,0.185628
5000,0.2,40,39,8.0000,0.186764
5000,0.2,40,40,8.2000,0.176514
5000,0.2,40,41,8.4000,0.172062
5000,0.2,40,42,8.6000,0.147731
5000,0.2,40,43,8.8000,0.140199
5000,0.2,40,44,9.0000,0.142474
5000,0.2,40,45,9.2000,0.145439
5000,0.2,40,46,9.4000,0.145401
5000,0.2,40,47,9.6000,0.145154
5000,0.2,40,48,9.8000,0.150374
5000,0.2,40,49,10.0000,0.127719
5000,0.2,40,50,10.2000,0.129615
5000,0.2,40,51,10.4000,0.129225
5000,0.2,40,52,10.6000,0.125482
5000,0.2,40,53,10.8000,0.122339
5000,0.2,40,54,11.0000,0.127835
5000,0.2,40,55,11.2000,0.136567
5000,0.2,40,56,11.4000,0.129635
5000,0.2,40,57,11.6000,0.126912
5000,0.2,40,58,11.8000,0.125383
5000,0.2,40,59,12.0000,0.126994
5000,0.2,40,60,12.2000,0.116411
5000,0.2,40,61,12.4000,0.120795
5000,0.2,40,62,12.6000,0.116435
5000,0.2,40,63,12.8000,0.117816
5000,0.2,40,64,13.0000,0.108947
5000,0.2,40,65,13.2000,0.101608
5000,0.2,40,66,13.4000,0.093233
5000,0.2,40,67,13.6000,0.096184
5000,0.2,40,68,13.8000,0.098470
5000,0.2,40,69,14.0000,0.098128
5000,0.2,40,70,14.2000,0.100077
5000,0.2,40,71,14.4000,0.103110
5000,0.2,40,72,14.6000,0.095347
5000,0.2,40,73,14.8000,0.085680
5000,0.2,40,74,15.0000,0.085716
5000,0.2,40,75,15.2000,0.086647
5000,0.2,40,76,15.4000,0.085669
5000,0.2,40,77,15.6000,0.083727
5000,0.2,40,78,15.8000,0.073399
5000,0.2,40,79,16.0000,0.075332
5000,0.2,40,80,16.2000,0.072897
5000,0.2,40,81,16.4000,0.065775
5000,0.2,40,82,16.6000,0.066363
5000,0.2,40,83,16.8000,0.065719
5000,0.2,40,84,17.0000,0.065999
5000,0.2,40,85,17.2000,0.069097
5000,0.2,40,86,17.4000,0.073312
5000,0.2,40,87,17.6000,0.073906
5000,0.2,40,88,17.8000,0.080876
5000,0.2,40,89,18.0000,0.085429
5000,0.2,40,90,18.2000,0.095782
5000,0.2,40,91,18.4000,0.095442
5000,0.2,40,92,18.6000,0.098668
5000,0.2,40,93,18.8000,0.103948
5000,0.2,40,94,19.0000,0.113290
5000,0.2,40,95,19.2000,0.124407
5000,0.2,40,96,19.4000,0.135990
5000,0.2,40,97,19.6000,0.147586
5000,0.2,40,98,19.8000,0.153271
5000,0.2,40,99,20.0000,0.159886
5000,0.2,50,0,0.2000,2.052490
5000,0.2,50,1,0.4000,1.732957
5000,0.2,50,2,0.6000,1.564537
5000,0.2,50,3,0.8000,1.576081
5000,0.2,50,4,1.0000,1.729562
5000,0.2,50,5,1.2000,1.362544
5000,0.2,50,6,1.4000,0.913135
5000,0.2,50,7,1.6000,0.807613
5000,0.2,50,8,1.8000,0.463775
5000,0.2,50,9,2.0000,0.561222
5000,0.2,50,10,2.2000,0.630795
5000,0.2,50,11,2.4000,0.588931
5000,0.2,50,12,2.6000,0.566703
5000,0.2,50,13,2.8000,0.538908
5000,0.2,50,14,3.0000,0.482471
5000,0.2,50,15,3.2000,0.455501
5000,0.2,50,16,3.4000,0.438632
5000,0.2,50,17,3.6000,0.419385
5000,0.2,50,18,3.8000,0.417657
5000,0.2,50,19,4.0000,0.329763
5000,0.2,50,20,4.2000,0.327125
5000,0.2,50,21,4.4000,0.294193
5000,0.2,50,22,4.6000,0.316631
5000,0.2,50,23,4.8000,0.333306
5000,0.2,50,24,5.0000,0.358647
5000,0.2,50,25,5.2000,0.327199
5000,0.2,50,26,5.4000,0.299660
5000,0.2,50,27,5.6000,0.276062
5000,0.2,50,28,5.8000,0.262582
5000,0.2,50,29,6.0000,0.257895
5000,0.2,50,30,6.2000,0.224769
5000,0.2,50,31,6.4000,0.206553
5000,0.2,50,32,6.6000,0.191989
5000,0.2,50,33,6.8000,0.195999
5000,0.2,50,34,7.0000,0.163489
5000,0.2,50,35,7.2000,0.156052
5000,0.2,50,36,7.4000,0.166466
5000,0.2,50,37,7.6000,0.180193
5000,0.2,50,38,7.8000,0.153505
5000,0.2,50,39,8.0000,0.143594
5000,0.2,50,40,8.2000,0.152809
5000,0.2,50,41,8.4000,0.155455
5000,0.2,50,42,8.6000,0.174575
5000,0.2,50,43,8.8000,0.191549
5000,0.2,50,44,9.0000,0.190511
5000,0.2,50,45,9.2000,0.193082
5000,0.2,50,46,9.4000,0.186045
5000,0.2,50,47,9.6000,0.182328
5000,0.2,50,48,9.8000,0.178381
5000,0.2,50,49,10.0000,0.176269
5000,0.2,50,50,10.2000,0.172765
5000,0.2,50,51,10.4000,0.161224
5000,0.2,50,52,10.6000,0.159521
5000,0.2,50,53,10.8000,0.159704
5000,0.2,50,54,11.0000,0.159452
5000,0.2,50,55,11.2000,0.156836
5000,0.2,50,56,11.4000,0.142603
5000,0.2,50,57,11.6000,0.135694
5000,0.2,50,58,11.8000,0.118249
5000,0.2,50,59,12.0000,0.106632
5000,0.2,50,60,12.2000,0.101601
5000,0.2,50,61,12.4000,0.097986
5000,0.2,50,62,12.6000,0.088688
5000,0.2,50,63,12.8000,0.086566
5000,0.2,50,64,13.0000,0.088393
5000,0.2,50,65,13.2000,0.090892
5000,0.2,50,66,13.4000,0.085456
5000,0.2,50,67,13.6000,0.086918
5000,0.2,50,68,13.8000,0.088279
5000,0.2,50,69,14.0000,0.087750
5000,0.2,50,70,14.2000,0.091050
5000,0.2,50,71,14.4000,0.096184
5000,0.2,50,72,14.6000,0.091134
5000,0.2,50,73,14.8000,0.095062
5000,0.2,50,74,15.0000,0.102617
5000,0.2,50,75,15.2000,0.103916
5000,0.2,50,76,15.4000,0.109015
5000,0.2,50,77,15.6000,0.105729
5000,0.2,50,78,15.8000,0.100079
5000,0.2,50,79,16.0000,0.102138
5000,0.2,50,80,16.2000,0.098123
5000,0.2,50,81,16.4000,0.097243
5000,0.2,50,82,16.6000,0.110419
5000,0.2,50,83,16.8000,0.117888
5000,0.2,50,84,17.0000,0.128437
5000,0.2,50,85,17.2000,0.124572
5000,0.2,50,86,17.4000,0.124582
5000,0.2,50,87,17.6000,0.121472
5000,0.2,50,88,17.8000,0.121764
5000,0.2,50,89,18.0000,0.130550
5000,0.2,50,90,18.2000,0.122671
5000,0.2,50,91,18.4000,0.120264
5000,0.2,50,92,18.6000,0.120565
5000,0.2,50,93,18.8000,0.125618
5000,0.2,50,94,19.0000,0.122892
5000,0.2,50,95,19.2000,0.121933
5000,0.2,50,96,19.4000,0.131994
5000,0.2,50,97,19.6000,0.141999
5000,0.2,50,98,19.8000,0.152636
5000,0.2,50,99,20.0000,0.155917
5000,0.2,60,0,0.2000,2.178855
5000,0.2,60,1,0.4000,1.866364
5000,0.2,60,2,0.6000,1.232440
5000,0.2,60,3,0.8000,1.109021
5000,0.2,60,4,1.0000,1.322853
5000,0.2,60,5,1.2000,1.255187
5000,0.2,60,6,1.4000,1.177864
5000,0.2,60,7,1.6000,0.867737
5000,0.2,60,8,1.8000,0.853082
5000,0.2,60,9,2.0000,0.822370
5000,0.2,60,10,2.2000,0.805014
5000,0.2,60,11,2.4000,0.790452
5000,0.2,60,12,2.6000,0.620962
5000,0.2,60,13,2.8000,0.540449
5000,0.2,60,14,3.0000,0.514576
5000,0.2,60,15,3.2000,0.742015
5000,0.2,60,16,3.4000,0.643633
5000,0.2,60,17,3.6000,0.634551
5000,0.2,60,18,3.8000,0.626984
5000,0.2,60,19,4.0000,0.622696
5000,0.2,60,20,4.2000,0.621334
5000,0.2,60,21,4.4000,0.621244
5000,0.2,60,22,4.6000,0.622781
5000,0.2,60,23,4.8000,0.621970
5000,0.2,60,24,5.0000,0.628166
5000,0.2,60,25,5.2000,0.633735
5000,0.2,60,26,5.4000,0.726356
5000,0.2,60,27,5.6000,0.600261
5000,0.2,60,28,5.8000,0.603976
5000,0.2,60,29,6.0000,0.513352
5000,0.2,60,30,6.2000,0.487190
5000,0.2,60,31,6.4000,0.494866
5000,0.2,60,32,6.6000,0.369184
5000,0.2,60,33,6.8000,0.385720
5000,0.2,60,34,7.0000,0.392656
5000,0.2,60,35,7.2000,0.411577
5000,0.2,60,36,7.4000,0.364153
5000,0.2,60,37,7.6000,0.371566
5000,0.2,60,38,7.8000,0.374932
5000,0.2,60,39,8.0000,0.342696
5000,0.2,60,40,8.2000,0.354870
5000,0.2,60,41,8.4000,0.362523
5000,0.2,60,42,8.6000,0.367573
5000,0.2,60,43,8.8000,0.384930
5000,0.2,60,44,9.0000,0.400991
5000,0.2,60,45,9.2000,0.385532
5000,0.2,60,46,9.4000,0.351881
5000,0.2,60,47,9.6000,0.296212
5000,0.2,60,48,9.8000,0.287890
5000,0.2,60,49,10.0000,0.299808
5000,0.2,60,50,10.2000,0.308940
5000,0.2,60,51,10.4000,0.324219
5000,0.2,60,52,10.6000,0.311424
5000,0.2,60,53,10.8000,0.318530
5000,0.2,60,54,11.0000,0.293665
5000,0.2,60,55,11.2000,0.298287
5000,0.2,60,56,11.4000,0.263933
5000,0.2,60,57,11.6000,0.277163
5000,0.2,60,58,11.8000,0.283426
5000,0.2,60,59,12.0000,0.298080
5000,0.2,60,60,12.2000,0.310464
5000,0.2,60,61,12.4000,0.323961
5000,0.2,60,62,12.6000,0.329686
5000,0.2,60,63,12.8000,0.318724
5000,0.2,60,64,13.0000,0.318230
5000,0.2,60,65,13.2000,0.312878
5000,0.2,60,66,13.4000,0.313226
5000,0.2,60,67,13.6000,0.312333
5000,0.2,60,68,13.8000,0.293648
5000,0.2,60,69,14.0000,0.305271
5000,0.2,60,70,14.2000,0.292466
5000,0.2,60,71,14.4000,0.275794
5000,0.2,60,72,14.6000,0.277741
5000,0.2,60,73,14.8000,0.283129
5000,0.2,60,74,15.0000,0.265046
5000,0.2,60,75,15.2000,0.247895
5000,0.2,60,76,15.4000,0.251109
5000,0.2,60,77,15.6000,0.252113
5000,0.2,60,78,15.8000,0.252463
5000,0.2,60,79,16.0000,0.231363
5000,0.2,60,80,16.2000,0.240183
5000,0.2,60,81,16.4000,0.232082
5000,0.2,60,82,16.6000,0.239555
5000,0.2,60,83,16.8000,0.245614
5000,0.2,60,84,17.0000,0.252982
5000,0.2,60,85,17.2000,0.260204
5000,0.2,60,86,17.4000,0.265286
5000,0.2,60,87,17.6000,0.273613
5000,0.2,60,88,17.8000,0.282806
5000,0.2,60,89,18.0000,0.291233
5000,0.2,60,90,18.2000,0.303737
5000,0.2,60,91,18.4000,0.292643
5000,0.2,60,92,18.6000,0.275004
5000,0.2,60,93,18.8000,0.269531
5000,0.2,60,94,19.0000,0.239640
5000,0.2,60,95,19.2000,0.246812
5000,0.2,60,96,19.4000,0.255041
5000,0.2,60,97,19.6000,0.242197
5000,0.2,60,98,19.8000,0.247183
5000,0.2,60,99,20.0000,0.251440
5000,0.2,70,0,0.2000,2.226827
5000,0.2,70,1,0.4000,2.367335
5000,0.2,70,2,0.6000,1.754598
5000,0.2,70,3,0.8000,1.786206
5000,0.2,70,4,1.0000,1.712265
5000,0.2,70,5,1.2000,1.565607
5000,0.2,70,6,1.4000,0.700837
5000,0.2,70,7,1.6000,0.707880
5000,0.2,70,8,1.8000,0.432300
5000,0.2,70,9,2.0000,0.567987
5000,0.2,70,10,2.2000,0.577418
5000,0.2,70,11,2.4000,0.625597
5000,0.2,70,12,2.6000,0.669141
5000,0.2,70,13,2.8000,0.584070
5000,0.2,70,14,3.0000,0.506068
5000,0.2,70,15,3.2000,0.503261
5000,0.2,70,16,3.4000,0.512635
5000,0.2,70,17,3.6000,0.459829
5000,0.2,70,18,3.8000,0.440617
5000,0.2,70,19,4.0000,0.432134
5000,0.2,70,20,4.2000,0.414639
5000,0.2,70,21,4.4000,0.457016
5000,0.2,70,22,4.6000,0.523403
5000,0.2,70,23,4.8000,0.542288
5000,0.2,70,24,5.0000,0.540808
5000,0.2,70,25,5.2000,0.531948
5000,0.2,70,26,5.4000,0.526700
5000,0.2,70,27,5.6000,0.513224
5000,0.2,70,28,5.8000,0.510149
5000,0.2,70,29,6.0000,0.505060
5000,0.2,70,30,6.2000,0.473673
5000,0.2,70,31,6.4000,0.408797
5000,0.2,70,32,6.6000,0.394052
5000,0.2,70,33,6.8000,0.378175
5000,0.2,70,34,7.0000,0.364189
5000,0.2,70,35,7.2000,0.358214
5000,0.2,70,36,7.4000,0.354948
5000,0.2,70,37,7.6000,0.366193
5000,0.2,70,38,7.8000,0.359657
5000,0.2,70,39,8.0000,0.331651
5000,0.2,70,40,8.2000,0.322962
5000,0.2,70,41,8.4000,0.300864
5000,0.2,70,42,8.6000,0.292755
5000,0.2,70,43,8.8000,0.288055
5000,0.2,70,44,9.0000,0.285004
5000,0.2,70,45,9.2000,0.278866
5000,0.2,70,46,9.4000,0.267295
5000,0.2,70,47,9.6000,0.263363
5000,0.2,70,48,9.8000,0.265897
5000,0.2,70,49,10.0000,0.274173
5000,0.2,70,50,10.2000,0.286555
5000,0.2,70,51,10.4000,0.281603
5000,0.2,70,52,10.6000,0.276640
5000,0.2,70,53,10.8000,0.269724
5000,0.2,70,54,11.0000,0.257685
5000,0.2,70,55,11.2000,0.254308
5000,0.2,70,56,11.4000,0.246497
5000,0.2,70,57,11.6000,0.242071
5000,0.2,70,58,11.8000,0.234860
5000,0.2,70,59,12.0000,0.228324
5000,0.2,70,60,12.2000,0.230153
5000,0.2,70,61,12.4000,0.244200
5000,0.2,70,62,12.6000,0.239440
5000,0.2,70,63,12.8000,0.233628
5000,0.2,70,64,13.0000,0.226902
5000,0.2,70,65,13.2000,0.223589
5000,0.2,70,66,13.4000,0.215039
5000,0.2,70,67,13.6000,0.212461
5000,0.2,70,68,13.8000,0.211511
5000,0.2,70,69,14.0000,0.206657
5000,0.2,70,70,14.2000,0.197367
5000,0.2,70,71,14.4000,0.192449
5000,0.2,70,72,14.6000,0.184211
5000,0.2,70,73,14.8000,0.187034
5000,0.2,70,74,15.0000,0.183143
5000,0.2,70,75,15.2000,0.183044
5000,0.2,70,76,15.4000,0.178376
5000,0.2,70,77,15.6000,0.175732
5000,0.2,70,78,15.8000,0.182745
5000,0.2,70,79,16.0000,0.183178
5000,0.2,70,80,16.2000,0.188828
5000,0.2,70,81,16.4000,0.182232
5000,0.2,70,82,16.6000,0.188051
5000,0.2,70,83,16.8000,0.199259
5000,0.2,70,84,17.0000,0.197055
5000,0.2,70,85,17.2000,0.192664
5000,0.2,70,86,17.4000,0.196706
5000,0.2,70,87,17.6000,0.193274
5000,0.2,70,88,17.8000,0.188032
5000,0.2,70,89,18.0000,0.182650
5000,0.2,70,90,18.2000,0.174108
5000,0.2,70,91,18.4000,0.166432
5000,0.2,70,92,18.6000,0.158349
5000,0.2,70,93,18.8000,0.151439
5000,0.2,70,94,19.0000,0.156074
5000,0.2,70,95,19.2000,0.149296
5000,0.2,70,96,19.4000,0.142229
5000,0.2,70,97,19.6000,0.136465
5000,0.2,70,98,19.8000,0.134818
5000,0.2,70,99,20.0000,0.134025
5000,0.2,80,0,0.2000,1.757327
5000,0.2,80,1,0.4000,1.402086
5000,0.2,80,2,0.6000,1.306869
5000,0.2,80,3,0.8000,1.320539
5000,0.2,80,4,1.0000,0.703367
5000,0.2,80,5,1.2000,0.630220
5000,0.2,80,6,1.4000,0.732255
5000,0.2,80,7,1.6000,0.638994
5000,0.2,80,8,1.8000,0.599948
5000,0.2,80,9,2.0000,0.556309
5000,0.2,80,10,2.2000,0.536200
5000,0.2,80,11,2.4000,0.245281
5000,0.2,80,12,2.6000,0.712301
5000,0.2,80,13,2.8000,0.374433
5000,0.2,80,14,3.0000,0.569569
5000,0.2,80,15,3.2000,0.371838
5000,0.2,80,16,3.4000,0.279573
5000,0.2,80,17,3.6000,0.274091
5000,0.2,80,18,3.8000,0.269335
5000,0.2,80,19,4.0000,0.270357
5000,0.2,80,20,4.2000,0.275004
5000,0.2,80,21,4.4000,0.288586
5000,0.2,80,22,4.6000,0.298117
5000,0.2,80,23,4.8000,0.310056
5000,0.2,80,24,5.0000,0.324688
5000,0.2,80,25,5.2000,0.385279
5000,0.2,80,26,5.4000,0.374771
5000,0.2,80,27,5.6000,0.353156
5000,0.2,80,28,5.8000,0.334333
5000,0.2,80,29,6.0000,0.322010
5000,0.2,80,30,6.2000,0.349361
5000,0.2,80,31,6.4000,0.383722
5000,0.2,80,32,6.6000,0.418583
5000,0.2,80,33,6.8000,0.432460
5000,0.2,80,34,7.0000,0.428149
5000,0.2,80,35,7.2000,0.425610
5000,0.2,80,36,7.4000,0.424807
5000,0.2,80,37,7.6000,0.423406
5000,0.2,80,38,7.8000,0.429994
5000,0.2,80,39,8.0000,0.429964
5000,0.2,80,40,8.2000,0.434701
5000,0.2,80,41,8.4000,0.465625
5000,0.2,80,42,8.6000,0.446644
5000,0.2,80,43,8.8000,0.429996
5000,0.2,80,44,9.0000,0.405995
5000,0.2,80,45,9.2000,0.388375
5000,0.2,80,46,9.4000,0.365554
5000,0.2,80,47,9.6000,0.361823
5000,0.2,80,48,9.8000,0.342729
5000,0.2,80,49,10.0000,0.326594
5000,0.2,80,50,10.2000,0.310856
5000,0.2,80,51,10.4000,0.298014
5000,0.2,80,52,10.6000,0.283014
5000,0.2,80,53,10.8000,0.264958
5000,0.2,80,54,11.0000,0.261220
5000,0.2,80,55,11.2000,0.242015
5000,0.2,80,56,11.4000,0.229706
5000,0.2,80,57,11.6000,0.228496
5000,0.2,80,58,11.8000,0.212269
5000,0.2,80,59,12.0000,0.203160
5000,0.2,80,60,12.2000,0.209918
5000,0.2,80,61,12.4000,0.227387
5000,0.2,80,62,12.6000,0.222436
5000,0.2,80,63,12.8000,0.228283
5000,0.2,80,64,13.0000,0.204958
5000,0.2,80,65,13.2000,0.236121
5000,0.2,80,66,13.4000,0.244461
5000,0.2,80,67,13.6000,0.245352
5000,0.2,80,68,13.8000,0.247086
5000,0.2,80,69,14.0000,0.237187
5000,0.2,80,70,14.2000,0.234058
5000,0.2,80,71,14.4000,0.228601
5000,0.2,80,72,14.6000,0.222989
5000,0.2,80,73,14.8000,0.227027
5000,0.2,80,74,15.0000,0.233826
5000,0.2,80,75,15.2000,0.230303
5000,0.2,80,76,15.4000,0.222059
5000,0.2,80,77,15.6000,0.218545
5000,0.2,80,78,15.8000,0.209686
5000,0.2,80,79,16.0000,0.199400
5000,0.2,80,80,16.2000,0.205408
5000,0.2,80,81,16.4000,0.213998
5000,0.2,80,82,16.6000,0.210819
5000,0.2,80,83,16.8000,0.208259
5000,0.2,80,84,17.0000,0.208022
5000,0.2,80,85,17.2000,0.198388
5000,0.2,80,86,17.4000,0.200410
5000,0.2,80,87,17.6000,0.201951
5000,0.2,80,88,17.8000,0.221021
5000,0.2,80,89,18.0000,0.217258
5000,0.2,80,90,18.2000,0.208156
5000,0.2,80,91,18.4000,0.201708
5000,0.2,80,92,18.6000,0.195573
5000,0.2,80,93,18.8000,0.186781
5000,0.2,80,94,19.0000,0.180425
5000,0.2,80,95,19.2000,0.172143
5000,0.2,80,96,19.4000,0.165936
5000,0.2,80,97,19.6000,0.162847
5000,0.2,80,98,19.8000,0.175047
5000,0.2,80,99,20.0000,0.178644
5000,0.2,90,0,0.2000,2.475156
5000,0.2,90,1,0.4000,2.276718
5000,0.2,90,2,0.6000,2.343995
5000,0.2,90,3,0.8000,2.028394
5000,0.2,90,4,1.0000,1.732225
5000,0.2,90,5,1.2000,0.980211
5000,0.2,90,6,1.4000,0.214437
5000,0.2,90,7,1.6000,0.270037
5000,0.2,90,8,1.8000,0.268761
5000,0.2,90,9,2.0000,0.274921
5000,0.2,90,10,2.2000,0.275377
5000,0.2,90,11,2.4000,0.276637
5000,0.2,90,12,2.6000,0.292699
5000,0.2,90,13,2.8000,0.303983
5000,0.2,90,14,3.0000,0.322054
5000,0.2,90,15,3.2000,0.364061
5000,0.2,90,16,3.4000,0.338467
5000,0.2,90,17,3.6000,0.253884
5000,0.2,90,18,3.8000,0.226643
5000,0.2,90,19,4.0000,0.226599
5000,0.2,90,20,4.2000,0.227381
5000,0.2,90,21,4.4000,0.221390
5000,0.2,90,22,4.6000,0.213003
5000,0.2,90,23,4.8000,0.222465
5000,0.2,90,24,5.0000,0.205482
5000,0.2,90,25,5.2000,0.203404
5000,0.2,90,26,5.4000,0.195015
5000,0.2,90,27,5.6000,0.193464
5000,0.2,90,28,5.8000,0.189347
5000,0.2,90,29,6.0000,0.180371
5000,0.2,90,30,6.2000,0.173724
5000,0.2,90,31,6.4000,0.163192
5000,0.2,90,32,6.6000,0.147930
5000,0.2,90,33,6.8000,0.142225
5000,0.2,90,34,7.0000,0.137436
5000,0.2,90,35,7.2000,0.128376
5000,0.2,90,36,7.4000,0.120160
5000,0.2,90,37,7.6000,0.107498
5000,0.2,90,38,7.8000,0.102457
5000,0.2,90,39,8.0000,0.098360
5000,0.2,90,40,8.2000,0.091904
5000,0.2,90,41,8.4000,0.085127
5000,0.2,90,42,8.6000,0.083525
5000,0.2,90,43,8.8000,0.096846
5000,0.2,90,44,9.0000,0.118029
5000,0.2,90,45,9.2000,0.141530
5000,0.2,90,46,9.4000,0.155674
5000,0.2,90,47,9.6000,0.166336
5000,0.2,90,48,9.8000,0.150809
5000,0.2,90,49,10.0000,0.149176
5000,0.2,90,50,10.2000,0.146954
5000,0.2,90,51,10.4000,0.143312
5000,0.2,90,52,10.6000,0.138335
5000,0.2,90,53,10.8000,0.149060
5000,0.2,90,54,11.0000,0.158084
5000,0.2,90,55,11.2000,0.160473
5000,0.2,90,56,11.4000,0.143374
5000,0.2,90,57,11.6000,0.141138
5000,0.2,90,58,11.8000,0.131857
5000,0.2,90,59,12.0000,0.125112
5000,0.2,90,60,12.2000,0.120868
5000,0.2,90,61,12.4000,0.111351
5000,0.2,90,62,12.6000,0.106592
5000,0.2,90,63,12.8000,0.104950
5000,0.2,90,64,13.0000,0.102540
5000,0.2,90,65,13.2000,0.100907
5000,0.2,90,66,13.4000,0.101026
5000,0.2,90,67,13.6000,0.102854
5000,0.2,90,68,13.8000,0.088817
5000,0.2,90,69,14.0000,0.082022
5000,0.2,90,70,14.2000,0.070119
5000,0.2,90,71,14.4000,0.078472
5000,0.2,90,72,14.6000,0.078402
5000,0.2,90,73,14.8000,0.092507
5000,0.2,90,74,15.0000,0.089073
5000,0.2,90,75,15.2000,0.089982
5000,0.2,90,76,15.4000,0.092520
5000,0.2,90,77,15.6000,0.083708
5000,0.2,90,78,15.8000,0.072335
5000,0.2,90,79,16.0000,0.074091
5000,0.2,90,80,16.2000,0.071296
5000,0.2,90,81,16.4000,0.070953
5000,0.2,90,82,16.6000,0.072076
5000,0.2,90,83,16.8000,0.065153
5000,0.2,90,84,17.0000,0.066813
5000,0.2,90,85,17.2000,0.071310
5000,0.2,90,86,17.4000,0.075728
5000,0.2,90,87,17.6000,0.083340
5000,0.2,90,88,17.8000,0.092352
5000,0.2,90,89,18.0000,0.100486
5000,0.2,90,90,18.2000,0.096313
5000,0.2,90,91,18.4000,0.091358
5000,0.2,90,92,18.6000,0.082835
5000,0.2,90,93,18.8000,0.080952
5000,0.2,90,94,19.0000,0.086653
5000,0.2,90,95,19.2000,0.088770
5000,0.2,90,96,19.4000,0.088800
5000,0.2,90,97,19.6000,0.086338
5000,0.2,90,98,19.8000,0.084395
5000,0.2,90,99,20.0000,0.083507
5000,0.5,10,0,0.2000,2.351397
5000,0.5,10,1,0.4000,2.230205
5000,0.5,10,2,0.6000,2.006795
5000,0.5,10,3,0.8000,1.602881
5000,0.5,10,4,1.0000,1.631028
5000,0.5,10,5,1.2000,1.383481
5000,0.5,10,6,1.4000,1.312210
5000,0.5,10,7,1.6000,0.886945
5000,0.5,10,8,1.8000,0.396721
5000,0.5,10,9,2.0000,0.579803
5000,0.5,10,10,2.2000,0.599187
5000,0.5,10,11,2.4000,0.414226
5000,0.5,10,12,2.6000,0.399794
5000,0.5,10,13,2.8000,0.303128
5000,0.5,10,14,3.0000,0.280235
5000,0.5,10,15,3.2000,0.331840
5000,0.5,10,16,3.4000,0.262029
5000,0.5,10,17,3.6000,0.277804
5000,0.5,10,18,3.8000,0.232705
5000,0.5,10,19,4.0000,0.196395
5000,0.5,10,20,4.2000,0.163911
5000,0.5,10,21,4.4000,0.186221
5000,0.5,10,22,4.6000,0.195706
5000,0.5,10,23,4.8000,0.166514
5000,0.5,10,24,5.0000,0.144571
5000,0.5,10,25,5.2000,0.135744
5000,0.5,10,26,5.4000,0.131481
5000,0.5,10,27,5.6000,0.141237
5000,0.5,10,28,5.8000,0.136418
5000,0.5,10,29,6.0000,0.119871
5000,0.5,10,30,6.2000,0.104265
5000,0.5,10,31,6.4000,0.145627
5000,0.5,10,32,6.6000,0.126459
5000,0.5,10,33,6.8000,0.130865
5000,0.5,10,34,7.0000,0.129009
5000,0.5,10,35,7.2000,0.158691
5000,0.5,10,36,7.4000,0.143576
5000,0.5,10,37,7.6000,0.133531
5000,0.5,10,38,7.8000,0.138519
5000,0.5,10,39,8.0000,0.131857
5000,0.5,10,40,8.2000,0.143168
5000,0.5,10,41,8.4000,0.150199
5000,0.5,10,42,8.6000,0.150089
5000,0.5,10,43,8.8000,0.146844
5000,0.5,10,44,9.0000,0.162183
5000,0.5,10,45,9.2000,0.183000
5000,0.5,10,46,9.4000,0.202435
5000,0.5,10,47,9.6000,0.196451
5000,0.5,10,48,9.8000,0.187039
5000,0.5,10,49,10.0000,0.200738
5000,0.5,10,50,10.2000,0.195083
5000,0.5,10,51,10.4000,0.181154
5000,0.5,10,52,10.6000,0.166258
5000,0.5,10,53,10.8000,0.153345
5000,0.5,10,54,11.0000,0.147934
5000,0.5,10,55,11.2000,0.140578
5000,0.5,10,56,11.4000,0.130466
5000,0.5,10,57,11.6000,0.128161
5000,0.5,10,58,11.8000,0.120555
5000,0.5,10,59,12.0000,0.114791
5000,0.5,10,60,12.2000,0.116561
5000,0.5,10,61,12.4000,0.118197
5000,0.5,10,62,12.6000,0.121309
5000,0.5,10,63,12.8000,0.141621
5000,0.5,10,64,13.0000,0.163578
5000,0.5,10,65,13.2000,0.161286
5000,0.5,10,66,13.4000,0.158554
5000,0.5,10,67,13.6000,0.157908
5000,0.5,10,68,13.8000,0.170155
5000,0.5,10,69,14.0000,0.160086
5000,0.5,10,70,14.2000,0.143690
5000,0.5,10,71,14.4000,0.134343
5000,0.5,10,72,14.6000,0.125540
5000,0.5,10,73,14.8000,0.119689
5000,0.5,10,74,15.0000,0.128386
5000,0.5,10,75,15.2000,0.136182
5000,0.5,10,76,15.4000,0.130735
5000,0.5,10,77,15.6000,0.128904
5000,0.5,10,78,15.8000,0.125487
5000,0.5,10,79,16.0000,0.128162
5000,0.5,10,80,16.2000,0.127714
5000,0.5,10,81,16.4000,0.129700
5000,0.5,10,82,16.6000,0.136848
5000,0.5,10,83,16.8000,0.140398
5000,0.5,10,84,17.0000,0.142370
5000,0.5,10,85,17.2000,0.149772
5000,0.5,10,86,17.4000,0.162719
5000,0.5,10,87,17.6000,0.159649
5000,0.5,10,88,17.8000,0.155369
5000,0.5,10,89,18.0000,0.148388
5000,0.5,10,90,18.2000,0.149219
5000,0.5,10,91,18.4000,0.144679
5000,0.5,10,92,18.6000,0.156044
5000,0.5,10,93,18.8000,0.148608
5000,0.5,10,94,19.0000,0.160317
5000,0.5,10,95,19.2000,0.161993
5000,0.5,10,96,19.4000,0.169181
5000,0.5,10,97,19.6000,0.164779
5000,0.5,10,98,19.8000,0.157120
5000,0.5,10,99,20.0000,0.148365
5000,0.5,100,0,0.2000,2.566181
5000,0.5,100,1,0.4000,1.905245
5000,0.5,100,2,0.6000,1.795457
5000,0.5,100,3,0.8000,1.713941
5000,0.5,100,4,1.0000,1.704844
5000,0.5,100,5,1.2000,1.734356
5000,0.5,100,6,1.4000,1.587576
5000,0.5,100,7,1.6000,1.225015
5000,0.5,100,8,1.8000,0.268500
5000,0.5,100,9,2.0000,0.181614
5000,0.5,100,10,2.2000,0.210262
5000,0.5,100,11,2.4000,0.389113
5000,0.5,100,12,2.6000,0.320233
5000,0.5,100,13,2.8000,0.593585
5000,0.5,100,14,3.0000,0.529118
5000,0.5,100,15,3.2000,0.350484
5000,0.5,100,16,3.4000,0.280731
5000,0.5,100,17,3.6000,0.286577
5000,0.5,100,18,3.8000,0.251274
5000,0.5,100,19,4.0000,0.254960
5000,0.5,100,20,4.2000,0.246456
5000,0.5,100,21,4.4000,0.246080
5000,0.5,100,22,4.6000,0.245166
5000,0.5,100,23,4.8000,0.259937
5000,0.5,100,24,5.0000,0.301499
5000,0.5,100,25,5.2000,0.308647
5000,0.5,100,26,5.4000,0.286475
5000,0.5,100,27,5.6000,0.245584
5000,0.5,100,28,5.8000,0.196886
5000,0.5,100,29,6.0000,0.186727
5000,0.5,100,30,6.2000,0.161284
5000,0.5,100,31,6.4000,0.193184
5000,0.5,100,32,6.6000,0.182669
5000,0.5,100,33,6.8000,0.173587
5000,0.5,100,34,7.0000,0.167361
5000,0.5,100,35,7.2000,0.186696
5000,0.5,100,36,7.4000,0.214386
5000,0.5,100,37,7.6000,0.198168
5000,0.5,100,38,7.8000,0.185255
5000,0.5,100,39,8.0000,0.161723
5000,0.5,100,40,8.2000,0.137531
5000,0.5,100,41,8.4000,0.135349
5000,0.5,100,42,8.6000,0.128809
5000,0.5,100,43,8.8000,0.130365
5000,0.5,100,44,9.0000,0.132246
5000,0.5,100,45,9.2000,0.129730
5000,0.5,100,46,9.4000,0.134101
5000,0.5,100,47,9.6000,0.142909
5000,0.5,100,48,9.8000,0.150246
5000,0.5,100,49,10.0000,0.135227
5000,0.5,100,50,10.2000,0.120080
5000,0.5,100,51,10.4000,0.126912
5000,0.5,100,52,10.6000,0.140175
5000,0.5,100,53,10.8000,0.136023
5000,0.5,100,54,11.0000,0.152988
5000,0.5,100,55,11.2000,0.150210
5000,0.5,100,56,11.4000,0.149998
5000,0.5,100,57,11.6000,0.156177
5000,0.5,100,58,11.8000,0.164782
5000,0.5,100,59,12.0000,0.164430
5000,0.5,100,60,12.2000,0.174808
5000,0.5,100,61,12.4000,0.178708
5000,0.5,100,62,12.6000,0.197756
5000,0.5,100,63,12.8000,0.203174
5000,0.5,100,64,13.0000,0.211044
5000,0.5,100,65,13.2000,0.213016
5000,0.5,100,66,13.4000,0.215930
5000,0.5,100,67,13.6000,0.212289
5000,0.5,100,68,13.8000,0.218149
5000,0.5,100,69,14.0000,0.216877
5000,0.5,100,70,14.2000,0.214698
5000,0.5,100,71,14.4000,0.211769
5000,0.5,100,72,14.6000,0.210305
5000,0.5,100,73,14.8000,0.209351
5000,0.5,100,74,15.0000,0.207768
5000,0.5,100,75,15.2000,0.209262
5000,0.5,100,76,15.4000,0.210203
5000,0.5,100,77,15.6000,0.218376
5000,0.5,100,78,15.8000,0.220184
5000,0.5,100,79,16.0000,0.220740
5000,0.5,100,80,16.2000,0.222128
5000,0.5,100,81,16.4000,0.213300
5000,0.5,100,82,16.6000,0.202575
5000,0.5,100,83,16.8000,0.194042
5000,0.5,100,84,17.0000,0.189736
5000,0.5,100,85,17.2000,0.191574
5000,0.5,100,86,17.4000,0.190942
5000,0.5,100,87,17.6000,0.187523
5000,0.5,100,88,17.8000,0.174800
5000,0.5,100,89,18.0000,0.165707
5000,0.5,100,90,18.2000,0.171473
5000,0.5,100,91,18.4000,0.168483
5000,0.5,100,92,18.6000,0.156822
5000,0.5,100,93,18.8000,0.150410
5000,0.5,100,94,19.0000,0.138836
5000,0.5,100,95,19.2000,0.127668
5000,0.5,100,96,19.4000,0.120980
5000,0.5,100,97,19.6000,0.119969
5000,0.5,100,98,19.8000,0.122681
5000,0.5,100,99,20.0000,0.128234
5000,0.5,20,0,0.2000,2.353143
5000,0.5,20,1,0.4000,2.215728
5000,0.5,20,2,0.6000,1.255318
5000,0.5,20,3,0.8000,1.037079
5000,0.5,20,4,1.0000,0.995373
5000,0.5,20,5,1.2000,1.045547
5000,0.5,20,6,1.4000,0.883039
5000,0.5,20,7,1.6000,0.593010
5000,0.5,20,8,1.8000,0.569337
5000,0.5,20,9,2.0000,0.387935
5000,0.5,20,10,2.2000,0.461363
5000,0.5,20,11,2.4000,0.456564
5000,0.5,20,12,2.6000,0.408757
5000,0.5,20,13,2.8000,0.395974
5000,0.5,20,14,3.0000,0.373615
5000,0.5,20,15,3.2000,0.319183
5000,0.5,20,16,3.4000,0.396432
5000,0.5,20,17,3.6000,0.385292
5000,0.5,20,18,3.8000,0.392082
5000,0.5,20,19,4.0000,0.361655
5000,0.5,20,20,4.2000,0.341609
5000,0.5,20,21,4.4000,0.350286
5000,0.5,20,22,4.6000,0.354917
5000,0.5,20,23,4.8000,0.402590
5000,0.5,20,24,5.0000,0.440425
5000,0.5,20,25,5.2000,0.424954
5000,0.5,20,26,5.4000,0.420248
5000,0.5,20,27,5.6000,0.411249
5000,0.5,20,28,5.8000,0.393241
5000,0.5,20,29,6.0000,0.400689
5000,0.5,20,30,6.2000,0.386351
5000,0.5,20,31,6.4000,0.432216
5000,0.5,20,32,6.6000,0.432509
5000,0.5,20,33,6.8000,0.422036
5000,0.5,20,34,7.0000,0.411563
5000,0.5,20,35,7.2000,0.401002
5000,0.5,20,36,7.4000,0.369627
5000,0.5,20,37,7.6000,0.346924
5000,0.5,20,38,7.8000,0.320744
5000,0.5,20,39,8.0000,0.305784
5000,0.5,20,40,8.2000,0.308523
5000,0.5,20,41,8.4000,0.329758
5000,0.5,20,42,8.6000,0.306663
5000,0.5,20,43,8.8000,0.287776
5000,0.5,20,44,9.0000,0.270685
5000,0.5,20,45,9.2000,0.272811
5000,0.5,20,46,9.4000,0.271362
5000,0.5,20,47,9.6000,0.262434
5000,0.5,20,48,9.8000,0.251939
5000,0.5,20,49,10.0000,0.240221
5000,0.5,20,50,10.2000,0.226004
5000,0.5,20,51,10.4000,0.215902
5000,0.5,20,52,10.6000,0.217155
5000,0.5,20,53,10.8000,0.207826
5000,0.5,20,54,11.0000,0.200362
5000,0.5,20,55,11.2000,0.193309
5000,0.5,20,56,11.4000,0.220789
5000,0.5,20,57,11.6000,0.211335
5000,0.5,20,58,11.8000,0.236521
5000,0.5,20,59,12.0000,0.231718
5000,0.5,20,60,12.2000,0.248831
5000,0.5,20,61,12.4000,0.254393
5000,0.5,20,62,12.6000,0.246686
5000,0.5,20,63,12.8000,0.258545
5000,0.5,20,64,13.0000,0.259515
5000,0.5,20,65,13.2000,0.262785
5000,0.5,20,66,13.4000,0.252612
5000,0.5,20,67,13.6000,0.257325
5000,0.5,20,68,13.8000,0.275894
5000,0.5,20,69,14.0000,0.270505
5000,0.5,20,70,14.2000,0.264622
5000,0.5,20,71,14.4000,0.257352
5000,0.5,20,72,14.6000,0.250519
5000,0.5,20,73,14.8000,0.244481
5000,0.5,20,74,15.0000,0.238525
5000,0.5,20,75,15.2000,0.248391
5000,0.5,20,76,15.4000,0.241706
5000,0.5,20,77,15.6000,0.233116
5000,0.5,20,78,15.8000,0.239989
5000,0.5,20,79,16.0000,0.239837
5000,0.5,20,80,16.2000,0.228366
5000,0.5,20,81,16.4000,0.218276
5000,0.5,20,82,16.6000,0.208916
5000,0.5,20,83,16.8000,0.208382
5000,0.5,20,84,17.0000,0.228368
5000,0.5,20,85,17.2000,0.251406
5000,0.5,20,86,17.4000,0.250601
5000,0.5,20,87,17.6000,0.240732
5000,0.5,20,88,17.8000,0.244212
5000,0.5,20,89,18.0000,0.240256
5000,0.5,20,90,18.2000,0.232522
5000,0.5,20,91,18.4000,0.239520
5000,0.5,20,92,18.6000,0.258689
5000,0.5,20,93,18.8000,0.249306
5000,0.5,20,94,19.0000,0.238349
5000,0.5,20,95,19.2000,0.258609
5000,0.5,20,96,19.4000,0.262955
5000,0.5,20,97,19.6000,0.258927
5000,0.5,20,98,19.8000,0.255198
5000,0.5,20,99,20.0000,0.267320
5000,0.5,30,0,0.2000,2.944971
5000,0.5,30,1,0.4000,1.654565
5000,0.5,30,2,0.6000,1.334994
5000,0.5,30,3,0.8000,1.020275
5000,0.5,30,4,1.0000,0.979975
5000,0.5,30,5,1.2000,0.957039
5000,0.5,30,6,1.4000,0.959628
5000,0.5,30,7,1.6000,0.881168
5000,0.5,30,8,1.8000,0.470657
5000,0.5,30,9,2.0000,0.479244
5000,0.5,30,10,2.2000,0.501264
5000,0.5,30,11,2.4000,0.296040
5000,0.5,30,12,2.6000,0.392330
5000,0.5,30,13,2.8000,0.300695
5000,0.5,30,14,3.0000,0.191315
5000,0.5,30,15,3.2000,0.206454
5000,0.5,30,16,3.4000,0.168587
5000,0.5,30,17,3.6000,0.135790
5000,0.5,30,18,3.8000,0.166965
5000,0.5,30,19,4.0000,0.172109
5000,0.5,30,20,4.2000,0.182909
5000,0.5,30,21,4.4000,0.210556
5000,0.5,30,22,4.6000,0.230557
5000,0.5,30,23,4.8000,0.258126
5000,0.5,30,24,5.0000,0.292097
5000,0.5,30,25,5.2000,0.327092
5000,0.5,30,26,5.4000,0.323561
5000,0.5,30,27,5.6000,0.302733
5000,0.5,30,28,5.8000,0.300116
5000,0.5,30,29,6.0000,0.311234
5000,0.5,30,30,6.2000,0.315826
5000,0.5,30,31,6.4000,0.340760
5000,0.5,30,32,6.6000,0.368068
5000,0.5,30,33,6.8000,0.357440
5000,0.5,30,34,7.0000,0.378611
5000,0.5,30,35,7.2000,0.393477
5000,0.5,30,36,7.4000,0.379393
5000,0.5,30,37,7.6000,0.359362
5000,0.5,30,38,7.8000,0.357723
5000,0.5,30,39,8.0000,0.347424
5000,0.5,30,40,8.2000,0.357197
5000,0.5,30,41,8.4000,0.331588
5000,0.5,30,42,8.6000,0.314927
5000,0.5,30,43,8.8000,0.276451
5000,0.5,30,44,9.0000,0.289420
5000,0.5,30,45,9.2000,0.277388
5000,0.5,30,46,9.4000,0.270992
5000,0.5,30,47,9.6000,0.274942
5000,0.5,30,48,9.8000,0.287532
5000,0.5,30,49,10.0000,0.286056
5000,0.5,30,50,10.2000,0.231733
5000,0.5,30,51,10.4000,0.209375
5000,0.5,30,52,10.6000,0.178012
5000,0.5,30,53,10.8000,0.166826
5000,0.5,30,54,11.0000,0.172826
5000,0.5,30,55,11.2000,0.164241
5000,0.5,30,56,11.4000,0.173256
5000,0.5,30,57,11.6000,0.180955
5000,0.5,30,58,11.8000,0.192356
5000,0.5,30,59,12.0000,0.200127
5000,0.5,30,60,12.2000,0.206885
5000,0.5,30,61,12.4000,0.217990
5000,0.5,30,62,12.6000,0.209815
5000,0.5,30,63,12.8000,0.184244
5000,0.5,30,64,13.0000,0.167457
5000,0.5,30,65,13.2000,0.142315
5000,0.5,30,66,13.4000,0.124397
5000,0.5,30,67,13.6000,0.116793
5000,0.5,30,68,13.8000,0.126988
5000,0.5,30,69,14.0000,0.124369
5000,0.5,30,70,14.2000,0.131308
5000,0.5,30,71,14.4000,0.134873
5000,0.5,30,72,14.6000,0.144522
5000,0.5,30,73,14.8000,0.153583
5000,0.5,30,74,15.0000,0.160423
5000,0.5,30,75,15.2000,0.157513
5000,0.5,30,76,15.4000,0.162614
5000,0.5,30,77,15.6000,0.169161
5000,0.5,30,78,15.8000,0.165571
5000,0.5,30,79,16.0000,0.161564
5000,0.5,30,80,16.2000,0.152956
5000,0.5,30,81,16.4000,0.146790
5000,0.5,30,82,16.6000,0.155837
5000,0.5,30,83,16.8000,0.153487
5000,0.5,30,84,17.0000,0.151727
5000,0.5,30,85,17.2000,0.151091
5000,0.5,30,86,17.4000,0.147476
5000,0.5,30,87,17.6000,0.146309
5000,0.5,30,88,17.8000,0.145814
5000,0.5,30,89,18.0000,0.145933
5000,0.5,30,90,18.2000,0.155508
5000,0.5,30,91,18.4000,0.149046
5000,0.5,30,92,18.6000,0.147596
5000,0.5,30,93,18.8000,0.139131
5000,0.5,30,94,19.0000,0.133827
5000,0.5,30,95,19.2000,0.135267
5000,0.5,30,96,19.4000,0.142544
5000,0.5,30,97,19.6000,0.149874
5000,0.5,30,98,19.8000,0.146463
5000,0.5,30,99,20.0000,0.148884
5000,0.5,40,0,0.2000,2.335951
5000,0.5,40,1,0.4000,2.041945
5000,0.5,40,2,0.6000,1.917579
5000,0.5,40,3,0.8000,1.450852
5000,0.5,40,4,1.0000,1.470674
5000,0.5,40,5,1.2000,1.398629
5000,0.5,40,6,1.4000,0.914728
5000,0.5,40,7,1.6000,0.847945
5000,0.5,40,8,1.8000,0.868582
5000,0.5,40,9,2.0000,0.811432
5000,0.5,40,10,2.2000,0.659932
5000,0.5,40,11,2.4000,0.521539
5000,0.5,40,12,2.6000,0.495504
5000,0.5,40,13,2.8000,0.865589
5000,0.5,40,14,3.0000,0.316791
5000,0.5,40,15,3.2000,0.283363
5000,0.5,40,16,3.4000,0.286557
5000,0.5,40,17,3.6000,0.277594
5000,0.5,40,18,3.8000,0.256143
5000,0.5,40,19,4.0000,0.235236
5000,0.5,40,20,4.2000,0.242274
5000,0.5,40,21,4.4000,0.256826
5000,0.5,40,22,4.6000,0.254817
5000,0.5,40,23,4.8000,0.282550
5000,0.5,40,24,5.0000,0.310941
5000,0.5,40,25,5.2000,0.290960
5000,0.5,40,26,5.4000,0.269465
5000,0.5,40,27,5.6000,0.250807
5000,0.5,40,28,5.8000,0.233516
5000,0.5,40,29,6.0000,0.239142
5000,0.5,40,30,6.2000,0.227516
5000,0.5,40,31,6.4000,0.219932
5000,0.5,40,32,6.6000,0.217623
5000,0.5,40,33,6.8000,0.215760
5000,0.5,40,34,7.0000,0.220819
5000,0.5,40,35,7.2000,0.214108
5000,0.5,40,36,7.4000,0.201702
5000,0.5,40,37,7.6000,0.198570
5000,0.5,40,38,7.8000,0.190403
5000,0.5,40,39,8.0000,0.185386
5000,0.5,40,40,8.2000,0.174822
5000,0.5,40,41,8.4000,0.163486
5000,0.5,40,42,8.6000,0.153111
5000,0.5,40,43,8.8000,0.146928
5000,0.5,40,44,9.0000,0.149271
5000,0.5,40,45,9.2000,0.157649
5000,0.5,40,46,9.4000,0.157652
5000,0.5,40,47,9.6000,0.150505
5000,0.5,40,48,9.8000,0.146188
5000,0.5,40,49,10.0000,0.150324
5000,0.5,40,50,10.2000,0.141737
5000,0.5,40,51,10.4000,0.143240
5000,0.5,40,52,10.6000,0.132976
5000,0.5,40,53,10.8000,0.126960
5000,0.5,40,54,11.0000,0.120351
5000,0.5,40,55,11.2000,0.116879
5000,0.5,40,56,11.4000,0.115405
5000,0.5,40,57,11.6000,0.118777
5000,0.5,40,58,11.8000,0.112254
5000,0.5,40,59,12.0000,0.108181
5000,0.5,40,60,12.2000,0.102799
5000,0.5,40,61,12.4000,0.116989
5000,0.5,40,62,12.6000,0.133724
5000,0.5,40,63,12.8000,0.128952
5000,0.5,40,64,13.0000,0.115311
5000,0.5,40,65,13.2000,0.123583
5000,0.5,40,66,13.4000,0.122228
5000,0.5,40,67,13.6000,0.120716
5000,0.5,40,68,13.8000,0.112387
5000,0.5,40,69,14.0000,0.114971
5000,0.5,40,70,14.2000,0.106028
5000,0.5,40,71,14.4000,0.105028
5000,0.5,40,72,14.6000,0.100660
5000,0.5,40,73,14.8000,0.100685
5000,0.5,40,74,15.0000,0.109766
5000,0.5,40,75,15.2000,0.105944
5000,0.5,40,76,15.4000,0.098417
5000,0.5,40,77,15.6000,0.093805
5000,0.5,40,78,15.8000,0.090775
5000,0.5,40,79,16.0000,0.092875
5000,0.5,40,80,16.2000,0.093725
5000,0.5,40,81,16.4000,0.098108
5000,0.5,40,82,16.6000,0.102345
5000,0.5,40,83,16.8000,0.106019
5000,0.5,40,84,17.0000,0.103641
5000,0.5,40,85,17.2000,0.099369
5000,0.5,40,86,17.4000,0.092315
5000,0.5,40,87,17.6000,0.085715
5000,0.5,40,88,17.8000,0.080529
5000,0.5,40,89,18.0000,0.078320
5000,0.5,40,90,18.2000,0.076918
5000,0.5,40,91,18.4000,0.075303
5000,0.5,40,92,18.6000,0.076743
5000,0.5,40,93,18.8000,0.080031
5000,0.5,40,94,19.0000,0.079538
5000,0.5,40,95,19.2000,0.082788
5000,0.5,40,96,19.4000,0.083455
5000,0.5,40,97,19.6000,0.079367
5000,0.5,40,98,19.8000,0.079986
5000,0.5,40,99,20.0000,0.078031
5000,0.5,50,0,0.2000,2.769682
5000,0.5,50,1,0.4000,1.818795
5000,0.5,50,2,0.6000,1.734485
5000,0.5,50,3,0.8000,1.758423
5000,0.5,50,4,1.0000,1.755932
5000,0.5,50,5,1.2000,1.634726
5000,0.5,50,6,1.4000,1.543395
5000,0.5,50,7,1.6000,1.491145
5000,0.5,50,8,1.8000,1.494927
5000,0.5,50,9,2.0000,1.303724
5000,0.5,50,10,2.2000,0.307500
5000,0.5,50,11,2.4000,0.254675
5000,0.5,50,12,2.6000,0.258784
5000,0.5,50,13,2.8000,0.226166
5000,0.5,50,14,3.0000,0.216391
5000,0.5,50,15,3.2000,0.400014
5000,0.5,50,16,3.4000,0.505646
5000,0.5,50,17,3.6000,0.637497
5000,0.5,50,18,3.8000,0.277202
5000,0.5,50,19,4.0000,0.339347
5000,0.5,50,20,4.2000,0.271673
5000,0.5,50,21,4.4000,0.261150
5000,0.5,50,22,4.6000,0.196079
5000,0.5,50,23,4.8000,0.215173
5000,0.5,50,24,5.0000,0.176139
5000,0.5,50,25,5.2000,0.140376
5000,0.5,50,26,5.4000,0.120337
5000,0.5,50,27,5.6000,0.126068
5000,0.5,50,28,5.8000,0.141784
5000,0.5,50,29,6.0000,0.176815
5000,0.5,50,30,6.2000,0.191368
5000,0.5,50,31,6.4000,0.217182
5000,0.5,50,32,6.6000,0.229780
5000,0.5,50,33,6.8000,0.253350
5000,0.5,50,34,7.0000,0.247591
5000,0.5,50,35,7.2000,0.235754
5000,0.5,50,36,7.4000,0.231765
5000,0.5,50,37,7.6000,0.217284
5000,0.5,50,38,7.8000,0.206967
5000,0.5,50,39,8.0000,0.196698
5000,0.5,50,40,8.2000,0.184407
5000,0.5,50,41,8.4000,0.170605
5000,0.5,50,42,8.6000,0.170667
5000,0.5,50,43,8.8000,0.178207
5000,0.5,50,44,9.0000,0.186911
5000,0.5,50,45,9.2000,0.204082
5000,0.5,50,46,9.4000,0.216487
5000,0.5,50,47,9.6000,0.235230
5000,0.5,50,48,9.8000,0.230330
5000,0.5,50,49,10.0000,0.221667
5000,0.5,50,50,10.2000,0.221013
5000,0.5,50,51,10.4000,0.210650
5000,0.5,50,52,10.6000,0.203250
5000,0.5,50,53,10.8000,0.215435
5000,0.5,50,54,11.0000,0.232964
5000,0.5,50,55,11.2000,0.236102
5000,0.5,50,56,11.4000,0.229071
5000,0.5,50,57,11.6000,0.237326
5000,0.5,50,58,11.8000,0.232346
5000,0.5,50,59,12.0000,0.220752
5000,0.5,50,60,12.2000,0.218712
5000,0.5,50,61,12.4000,0.208959
5000,0.5,50,62,12.6000,0.211556
5000,0.5,50,63,12.8000,0.203075
5000,0.5,50,64,13.0000,0.195011
5000,0.5,50,65,13.2000,0.187717
5000,0.5,50,66,13.4000,0.183528
5000,0.5,50,67,13.6000,0.195292
5000,0.5,50,68,13.8000,0.200348
5000,0.5,50,69,14.0000,0.197128
5000,0.5,50,70,14.2000,0.189191
5000,0.5,50,71,14.4000,0.185410
5000,0.5,50,72,14.6000,0.181060
5000,0.5,50,73,14.8000,0.181064
5000,0.5,50,74,15.0000,0.175446
5000,0.5,50,75,15.2000,0.177218
5000,0.5,50,76,15.4000,0.174049
5000,0.5,50,77,15.6000,0.170626
5000,0.5,50,78,15.8000,0.173496
5000,0.5,50,79,16.0000,0.178364
5000,0.5,50,80,16.2000,0.178891
5000,0.5,50,81,16.4000,0.175872
5000,0.5,50,82,16.6000,0.165844
5000,0.5,50,83,16.8000,0.161684
5000,0.5,50,84,17.0000,0.160637
5000,0.5,50,85,17.2000,0.151858
5000,0.5,50,86,17.4000,0.153840
5000,0.5,50,87,17.6000,0.146237
5000,0.5,50,88,17.8000,0.142301
5000,0.5,50,89,18.0000,0.142321
5000,0.5,50,90,18.2000,0.138165
5000,0.5,50,91,18.4000,0.130884
5000,0.5,50,92,18.6000,0.121816
5000,0.5,50,93,18.8000,0.124661
5000,0.5,50,94,19.0000,0.125649
5000,0.5,50,95,19.2000,0.127078
5000,0.5,50,96,19.4000,0.128941
5000,0.5,50,97,19.6000,0.128002
5000,0.5,50,98,19.8000,0.133329
5000,0.5,50,99,20.0000,0.141399
5000,0.5,60,0,0.2000,2.410385
5000,0.5,60,1,0.4000,1.899718
5000,0.5,60,2,0.6000,1.052316
5000,0.5,60,3,0.8000,1.148119
5000,0.5,60,4,1.0000,0.650918
5000,0.5,60,5,1.2000,0.457778
5000,0.5,60,6,1.4000,0.432599
5000,0.5,60,7,1.6000,0.323346
5000,0.5,60,8,1.8000,0.530479
5000,0.5,60,9,2.0000,0.473948
5000,0.5,60,10,2.2000,0.468272
5000,0.5,60,11,2.4000,0.559863
5000,0.5,60,12,2.6000,0.683674
5000,0.5,60,13,2.8000,0.620648
5000,0.5,60,14,3.0000,0.556998
5000,0.5,60,15,3.2000,0.515049
5000,0.5,60,16,3.4000,0.489644
5000,0.5,60,17,3.6000,0.462772
5000,0.5,60,18,3.8000,0.486660
5000,0.5,60,19,4.0000,0.457158
5000,0.5,60,20,4.2000,0.439724
5000,0.5,60,21,4.4000,0.448594
5000,0.5,60,22,4.6000,0.554139
5000,0.5,60,23,4.8000,0.522664
5000,0.5,60,24,5.0000,0.530150
5000,0.5,60,25,5.2000,0.579979
5000,0.5,60,26,5.4000,0.589899
5000,0.5,60,27,5.6000,0.613847
5000,0.5,60,28,5.8000,0.632813
5000,0.5,60,29,6.0000,0.619101
5000,0.5,60,30,6.2000,0.584595
5000,0.5,60,31,6.4000,0.584901
5000,0.5,60,32,6.6000,0.569734
5000,0.5,60,33,6.8000,0.545096
5000,0.5,60,34,7.0000,0.516860
5000,0.5,60,35,7.2000,0.494954
5000,0.5,60,36,7.4000,0.474384
5000,0.5,60,37,7.6000,0.456199
5000,0.5,60,38,7.8000,0.430507
5000,0.5,60,39,8.0000,0.404777
5000,0.5,60,40,8.2000,0.412236
5000,0.5,60,41,8.4000,0.404068
5000,0.5,60,42,8.6000,0.448597
5000,0.5,60,43,8.8000,0.447929
5000,0.5,60,44,9.0000,0.449195
5000,0.5,60,45,9.2000,0.437066
5000,0.5,60,46,9.4000,0.426064
5000,0.5,60,47,9.6000,0.430291
5000,0.5,60,48,9.8000,0.419123
5000,0.5,60,49,10.0000,0.431717
5000,0.5,60,50,10.2000,0.426103
5000,0.5,60,51,10.4000,0.422461
5000,0.5,60,52,10.6000,0.425103
5000,0.5,60,53,10.8000,0.413446
5000,0.5,60,54,11.0000,0.399334
5000,0.5,60,55,11.2000,0.388507
5000,0.5,60,56,11.4000,0.376200
5000,0.5,60,57,11.6000,0.360455
5000,0.5,60,58,11.8000,0.345177
5000,0.5,60,59,12.0000,0.360444
5000,0.5,60,60,12.2000,0.360840
5000,0.5,60,61,12.4000,0.352870
5000,0.5,60,62,12.6000,0.337218
5000,0.5,60,63,12.8000,0.324043
5000,0.5,60,64,13.0000,0.312458
5000,0.5,60,65,13.2000,0.302746
5000,0.5,60,66,13.4000,0.293703
5000,0.5,60,67,13.6000,0.279667
5000,0.5,60,68,13.8000,0.294392
5000,0.5,60,69,14.0000,0.297236
5000,0.5,60,70,14.2000,0.300514
5000,0.5,60,71,14.4000,0.294445
5000,0.5,60,72,14.6000,0.285571
5000,0.5,60,73,14.8000,0.278780
5000,0.5,60,74,15.0000,0.274050
5000,0.5,60,75,15.2000,0.273557
5000,0.5,60,76,15.4000,0.283607
5000,0.5,60,77,15.6000,0.261334
5000,0.5,60,78,15.8000,0.268260
5000,0.5,60,79,16.0000,0.251528
5000,0.5,60,80,16.2000,0.258629
5000,0.5,60,81,16.4000,0.257852
5000,0.5,60,82,16.6000,0.261277
5000,0.5,60,83,16.8000,0.265628
5000,0.5,60,84,17.0000,0.262377
5000,0.5,60,85,17.2000,0.258238
5000,0.5,60,86,17.4000,0.255646
5000,0.5,60,87,17.6000,0.262025
5000,0.5,60,88,17.8000,0.268366
5000,0.5,60,89,18.0000,0.273582
5000,0.5,60,90,18.2000,0.282312
5000,0.5,60,91,18.4000,0.279328
5000,0.5,60,92,18.6000,0.302633
5000,0.5,60,93,18.8000,0.307770
5000,0.5,60,94,19.0000,0.315641
5000,0.5,60,95,19.2000,0.320269
5000,0.5,60,96,19.4000,0.317773
5000,0.5,60,97,19.6000,0.326496
5000,0.5,60,98,19.8000,0.326626
5000,0.5,60,99,20.0000,0.332654
5000,0.5,70,0,0.2000,2.394489
5000,0.5,70,1,0.4000,2.285057
5000,0.5,70,2,0.6000,2.073582
5000,0.5,70,3,0.8000,1.945977
5000,0.5,70,4,1.0000,1.776563
5000,0.5,70,5,1.2000,1.773684
5000,0.5,70,6,1.4000,1.043305
5000,0.5,70,7,1.6000,1.010906
5000,0.5,70,8,1.8000,1.005467
5000,0.5,70,9,2.0000,0.407382
5000,0.5,70,10,2.2000,0.229020
5000,0.5,70,11,2.4000,0.210370
5000,0.5,70,12,2.6000,0.212122
5000,0.5,70,13,2.8000,0.226927
5000,0.5,70,14,3.0000,0.237263
5000,0.5,70,15,3.2000,0.345035
5000,0.5,70,16,3.4000,0.488248
5000,0.5,70,17,3.6000,0.222018
5000,0.5,70,18,3.8000,0.234486
5000,0.5,70,19,4.0000,0.161201
5000,0.5,70,20,4.2000,0.159115
5000,0.5,70,21,4.4000,0.209505
5000,0.5,70,22,4.6000,0.249279
5000,0.5,70,23,4.8000,0.166347
5000,0.5,70,24,5.0000,0.176728
5000,0.5,70,25,5.2000,0.175944
5000,0.5,70,26,5.4000,0.175470
5000,0.5,70,27,5.6000,0.193394
5000,0.5,70,28,5.8000,0.193597
5000,0.5,70,29,6.0000,0.169938
5000,0.5,70,30,6.2000,0.160900
5000,0.5,70,31,6.4000,0.159032
5000,0.5,70,32,6.6000,0.166848
5000,0.5,70,33,6.8000,0.166500
5000,0.5,70,34,7.0000,0.165685
5000,0.5,70,35,7.2000,0.170524
5000,0.5,70,36,7.4000,0.171376
5000,0.5,70,37,7.6000,0.178228
5000,0.5,70,38,7.8000,0.180720
5000,0.5,70,39,8.0000,0.161731
5000,0.5,70,40,8.2000,0.146866
5000,0.5,70,41,8.4000,0.136994
5000,0.5,70,42,8.6000,0.125435
5000,0.5,70,43,8.8000,0.133132
5000,0.5,70,44,9.0000,0.143484
5000,0.5,70,45,9.2000,0.157370
5000,0.5,70,46,9.4000,0.158662
5000,0.5,70,47,9.6000,0.165972
5000,0.5,70,48,9.8000,0.165271
5000,0.5,70,49,10.0000,0.168437
5000,0.5,70,50,10.2000,0.170144
5000,0.5,70,51,10.4000,0.162452
5000,0.5,70,52,10.6000,0.166921
5000,0.5,70,53,10.8000,0.168947
5000,0.5,70,54,11.0000,0.175059
5000,0.5,70,55,11.2000,0.182507
5000,0.5,70,56,11.4000,0.185859
5000,0.5,70,57,11.6000,0.181202
5000,0.5,70,58,11.8000,0.173398
5000,0.5,70,59,12.0000,0.158917
5000,0.5,70,60,12.2000,0.163632
5000,0.5,70,61,12.4000,0.169097
5000,0.5,70,62,12.6000,0.170765
5000,0.5,70,63,12.8000,0.174752
5000,0.5,70,64,13.0000,0.181169
5000,0.5,70,65,13.2000,0.168988
5000,0.5,70,66,13.4000,0.161369
5000,0.5,70,67,13.6000,0.156756
5000,0.5,70,68,13.8000,0.165765
5000,0.5,70,69,14.0000,0.165995
5000,0.5,70,70,14.2000,0.156516
5000,0.5,70,71,14.4000,0.147252
5000,0.5,70,72,14.6000,0.139881
5000,0.5,70,73,14.8000,0.133885
5000,0.5,70,74,15.0000,0.130043
5000,0.5,70,75,15.2000,0.133132
5000,0.5,70,76,15.4000,0.122519
5000,0.5,70,77,15.6000,0.126196
5000,0.5,70,78,15.8000,0.128650
5000,0.5,70,79,16.0000,0.117611
5000,0.5,70,80,16.2000,0.108076
5000,0.5,70,81,16.4000,0.103255
5000,0.5,70,82,16.6000,0.101392
5000,0.5,70,83,16.8000,0.092705
5000,0.5,70,84,17.0000,0.090243
5000,0.5,70,85,17.2000,0.088702
5000,0.5,70,86,17.4000,0.088852
5000,0.5,70,87,17.6000,0.089330
5000,0.5,70,88,17.8000,0.092598
5000,0.5,70,89,18.0000,0.089849
5000,0.5,70,90,18.2000,0.087518
5000,0.5,70,91,18.4000,0.087294
5000,0.5,70,92,18.6000,0.090528
5000,0.5,70,93,18.8000,0.083654
5000,0.5,70,94,19.0000,0.080976
5000,0.5,70,95,19.2000,0.080993
5000,0.5,70,96,19.4000,0.074990
5000,0.5,70,97,19.6000,0.075420
5000,0.5,70,98,19.8000,0.077888
5000,0.5,70,99,20.0000,0.082300
5000,0.5,80,0,0.2000,2.520524
5000,0.5,80,1,0.4000,2.443758
5000,0.5,80,2,0.6000,2.105123
5000,0.5,80,3,0.8000,1.608047
5000,0.5,80,4,1.0000,1.491870
5000,0.5,80,5,1.2000,1.084554
5000,0.5,80,6,1.4000,1.033159
5000,0.5,80,7,1.6000,1.011585
5000,0.5,80,8,1.8000,0.966850
5000,0.5,80,9,2.0000,0.654771
5000,0.5,80,10,2.2000,0.656338
5000,0.5,80,11,2.4000,0.368726
5000,0.5,80,12,2.6000,0.339074
5000,0.5,80,13,2.8000,0.235452
5000,0.5,80,14,3.0000,0.348451
5000,0.5,80,15,3.2000,0.316283
5000,0.5,80,16,3.4000,0.198545
5000,0.5,80,17,3.6000,0.206507
5000,0.5,80,18,3.8000,0.190710
5000,0.5,80,19,4.0000,0.169199
5000,0.5,80,20,4.2000,0.153502
5000,0.5,80,21,4.4000,0.282097
5000,0.5,80,22,4.6000,0.287478
5000,0.5,80,23,4.8000,0.232705
5000,0.5,80,24,5.0000,0.186570
5000,0.5,80,25,5.2000,0.156718
5000,0.5,80,26,5.4000,0.142585
5000,0.5,80,27,5.6000,0.122339
5000,0.5,80,28,5.8000,0.122899
5000,0.5,80,29,6.0000,0.139487
5000,0.5,80,30,6.2000,0.131128
5000,0.5,80,31,6.4000,0.130057
5000,0.5,80,32,6.6000,0.122329
5000,0.5,80,33,6.8000,0.121740
5000,0.5,80,34,7.0000,0.123497
5000,0.5,80,35,7.2000,0.141213
5000,0.5,80,36,7.4000,0.193696
5000,0.5,80,37,7.6000,0.197001
5000,0.5,80,38,7.8000,0.188673
5000,0.5,80,39,8.0000,0.176242
5000,0.5,80,40,8.2000,0.172398
5000,0.5,80,41,8.4000,0.166473
5000,0.5,80,42,8.6000,0.189696
5000,0.5,80,43,8.8000,0.229223
5000,0.5,80,44,9.0000,0.228981
5000,0.5,80,45,9.2000,0.210979
5000,0.5,80,46,9.4000,0.196574
5000,0.5,80,47,9.6000,0.193756
5000,0.5,80,48,9.8000,0.219490
5000,0.5,80,49,10.0000,0.207412
5000,0.5,80,50,10.2000,0.208360
5000,0.5,80,51,10.4000,0.220750
5000,0.5,80,52,10.6000,0.228704
5000,0.5,80,53,10.8000,0.241274
5000,0.5,80,54,11.0000,0.238048
5000,0.5,80,55,11.2000,0.238255
5000,0.5,80,56,11.4000,0.228301
5000,0.5,80,57,11.6000,0.217499
5000,0.5,80,58,11.8000,0.204904
5000,0.5,80,59,12.0000,0.189854
5000,0.5,80,60,12.2000,0.179329
5000,0.5,80,61,12.4000,0.168935
5000,0.5,80,62,12.6000,0.163779
5000,0.5,80,63,12.8000,0.157117
5000,0.5,80,64,13.0000,0.148357
5000,0.5,80,65,13.2000,0.152310
5000,0.5,80,66,13.4000,0.145243
5000,0.5,80,67,13.6000,0.142439
5000,0.5,80,68,13.8000,0.147608
5000,0.5,80,69,14.0000,0.137416
5000,0.5,80,70,14.2000,0.141231
5000,0.5,80,71,14.4000,0.153868
5000,0.5,80,72,14.6000,0.147941
5000,0.5,80,73,14.8000,0.156466
5000,0.5,80,74,15.0000,0.158846
5000,0.5,80,75,15.2000,0.159776
5000,0.5,80,76,15.4000,0.162757
5000,0.5,80,77,15.6000,0.161206
5000,0.5,80,78,15.8000,0.155598
5000,0.5,80,79,16.0000,0.194081
5000,0.5,80,80,16.2000,0.202820
5000,0.5,80,81,16.4000,0.198741
5000,0.5,80,82,16.6000,0.192537
5000,0.5,80,83,16.8000,0.187662
5000,0.5,80,84,17.0000,0.191061
5000,0.5,80,85,17.2000,0.199460
5000,0.5,80,86,17.4000,0.216208
5000,0.5,80,87,17.6000,0.219948
5000,0.5,80,88,17.8000,0.212528
5000,0.5,80,89,18.0000,0.204801
5000,0.5,80,90,18.2000,0.198480
5000,0.5,80,91,18.4000,0.190087
5000,0.5,80,92,18.6000,0.184326
5000,0.5,80,93,18.8000,0.178193
5000,0.5,80,94,19.0000,0.172389
5000,0.5,80,95,19.2000,0.167339
5000,0.5,80,96,19.4000,0.175055
5000,0.5,80,97,19.6000,0.174074
5000,0.5,80,98,19.8000,0.167590
5000,0.5,80,99,20.0000,0.167976
5000,0.5,90,0,0.2000,2.421624
5000,0.5,90,1,0.4000,1.760430
5000,0.5,90,2,0.6000,1.519615
5000,0.5,90,3,0.8000,1.589702
5000,0.5,90,4,1.0000,1.523096
5000,0.5,90,5,1.2000,1.360051
5000,0.5,90,6,1.4000,1.347980
5000,0.5,90,7,1.6000,1.256843
5000,0.5,90,8,1.8000,0.202072
5000,0.5,90,9,2.0000,0.456380
5000,0.5,90,10,2.2000,0.293133
5000,0.5,90,11,2.4000,0.195620
5000,0.5,90,12,2.6000,0.221440
5000,0.5,90,13,2.8000,0.272054
5000,0.5,90,14,3.0000,0.303589
5000,0.5,90,15,3.2000,0.349692
5000,0.5,90,16,3.4000,0.353834
5000,0.5,90,17,3.6000,0.351149
5000,0.5,90,18,3.8000,0.318513
5000,0.5,90,19,4.0000,0.306623
5000,0.5,90,20,4.2000,0.289000
5000,0.5,90,21,4.4000,0.281177
5000,0.5,90,22,4.6000,0.269802
5000,0.5,90,23,4.8000,0.274745
5000,0.5,90,24,5.0000,0.268576
5000,0.5,90,25,5.2000,0.276695
5000,0.5,90,26,5.4000,0.246183
5000,0.5,90,27,5.6000,0.231228
5000,0.5,90,28,5.8000,0.205105
5000,0.5,90,29,6.0000,0.183285
5000,0.5,90,30,6.2000,0.196876
5000,0.5,90,31,6.4000,0.213686
5000,0.5,90,32,6.6000,0.237729
5000,0.5,90,33,6.8000,0.232762
5000,0.5,90,34,7.0000,0.226494
5000,0.5,90,35,7.2000,0.214975
5000,0.5,90,36,7.4000,0.199017
5000,0.5,90,37,7.6000,0.183465
5000,0.5,90,38,7.8000,0.172575
5000,0.5,90,39,8.0000,0.165917
5000,0.5,90,40,8.2000,0.153896
5000,0.5,90,41,8.4000,0.136888
5000,0.5,90,42,8.6000,0.147124
5000,0.5,90,43,8.8000,0.158238
5000,0.5,90,44,9.0000,0.151542
5000,0.5,90,45,9.2000,0.147852
5000,0.5,90,46,9.4000,0.138714
5000,0.5,90,47,9.6000,0.144430
5000,0.5,90,48,9.8000,0.155630
5000,0.5,90,49,10.0000,0.169058
5000,0.5,90,50,10.2000,0.183266
5000,0.5,90,51,10.4000,0.157467
5000,0.5,90,52,10.6000,0.166783
5000,0.5,90,53,10.8000,0.162797
5000,0.5,90,54,11.0000,0.167065
5000,0.5,90,55,11.2000,0.143548
5000,0.5,90,56,11.4000,0.133812
5000,0.5,90,57,11.6000,0.126600
5000,0.5,90,58,11.8000,0.123055
5000,0.5,90,59,12.0000,0.116851
5000,0.5,90,60,12.2000,0.115432
5000,0.5,90,61,12.4000,0.111439
5000,0.5,90,62,12.6000,0.117363
5000,0.5,90,63,12.8000,0.123284
5000,0.5,90,64,13.0000,0.120334
5000,0.5,90,65,13.2000,0.114088
5000,0.5,90,66,13.4000,0.122254
5000,0.5,90,67,13.6000,0.113657
5000,0.5,90,68,13.8000,0.107143
5000,0.5,90,69,14.0000,0.113946
5000,0.5,90,70,14.2000,0.122845
5000,0.5,90,71,14.4000,0.113491
5000,0.5,90,72,14.6000,0.113411
5000,0.5,90,73,14.8000,0.115739
5000,0.5,90,74,15.0000,0.102649
5000,0.5,90,75,15.2000,0.104640
5000,0.5,90,76,15.4000,0.113337
5000,0.5,90,77,15.6000,0.112645
5000,0.5,90,78,15.8000,0.123048
5000,0.5,90,79,16.0000,0.131518
5000,0.5,90,80,16.2000,0.115122
5000,0.5,90,81,16.4000,0.118890
5000,0.5,90,82,16.6000,0.128930
5000,0.5,90,83,16.8000,0.139205
5000,0.5,90,84,17.0000,0.124131
5000,0.5,90,85,17.2000,0.107594
5000,0.5,90,86,17.4000,0.116875
5000,0.5,90,87,17.6000,0.124108
5000,0.5,90,88,17.8000,0.134026
5000,0.5,90,89,18.0000,0.145252
5000,0.5,90,90,18.2000,0.148534
5000,0.5,90,91,18.4000,0.146820
5000,0.5,90,92,18.6000,0.139525
5000,0.5,90,93,18.8000,0.140497
5000,0.5,90,94,19.0000,0.147982
5000,0.5,90,95,19.2000,0.145959
5000,0.5,90,96,19.4000,0.143724
5000,0.5,90,97,19.6000,0.150979
5000,0.5,90,98,19.8000,0.148266
5000,0.5,90,99,20.0000,0.150384
5000,2.0,10,0,0.2000,2.287795
5000,2.0,10,1,0.4000,2.212156
5000,2.0,10,2,0.6000,2.325802
5000,2.0,10,3,0.8000,1.778763
5000,2.0,10,4,1.0000,1.989316
5000,2.0,10,5,1.2000,1.829886
5000,2.0,10,6,1.4000,1.432669
5000,2.0,10,7,1.6000,1.239473
5000,2.0,10,8,1.8000,1.059431
5000,2.0,10,9,2.0000,0.973666
5000,2.0,10,10,2.2000,0.157894
5000,2.0,10,11,2.4000,0.132210
5000,2.0,10,12,2.6000,0.152774
5000,2.0,10,13,2.8000,0.182596
5000,2.0,10,14,3.0000,0.215489
5000,2.0,10,15,3.2000,0.219501
5000,2.0,10,16,3.4000,0.218845
5000,2.0,10,17,3.6000,0.381045
5000,2.0,10,18,3.8000,0.229012
5000,2.0,10,19,4.0000,0.257646
5000,2.0,10,20,4.2000,0.345430
5000,2.0,10,21,4.4000,0.385332
5000,2.0,10,22,4.6000,0.316813
5000,2.0,10,23,4.8000,0.237141
5000,2.0,10,24,5.0000,0.181418
5000,2.0,10,25,5.2000,0.159610
5000,2.0,10,26,5.4000,0.173270
5000,2.0,10,27,5.6000,0.211092
5000,2.0,10,28,5.8000,0.237377
5000,2.0,10,29,6.0000,0.304222
5000,2.0,10,30,6.2000,0.336825
5000,2.0,10,31,6.4000,0.301474
5000,2.0,10,32,6.6000,0.281858
5000,2.0,10,33,6.8000,0.268553
5000,2.0,10,34,7.0000,0.250673
5000,2.0,10,35,7.2000,0.244044
5000,2.0,10,36,7.4000,0.231528
5000,2.0,10,37,7.6000,0.227180
5000,2.0,10,38,7.8000,0.227155
5000,2.0,10,39,8.0000,0.223849
5000,2.0,10,40,8.2000,0.226775
5000,2.0,10,41,8.4000,0.231723
5000,2.0,10,42,8.6000,0.227492
5000,2.0,10,43,8.8000,0.206627
5000,2.0,10,44,9.0000,0.191458
5000,2.0,10,45,9.2000,0.190537
5000,2.0,10,46,9.4000,0.197496
5000,2.0,10,47,9.6000,0.183568
5000,2.0,10,48,9.8000,0.162851
5000,2.0,10,49,10.0000,0.141235
5000,2.0,10,50,10.2000,0.136324
5000,2.0,10,51,10.4000,0.134394
5000,2.0,10,52,10.6000,0.136772
5000,2.0,10,53,10.8000,0.136531
5000,2.0,10,54,11.0000,0.139683
5000,2.0,10,55,11.2000,0.145318
5000,2.0,10,56,11.4000,0.147217
5000,2.0,10,57,11.6000,0.152983
5000,2.0,10,58,11.8000,0.149775
5000,2.0,10,59,12.0000,0.153528
5000,2.0,10,60,12.2000,0.159675
5000,2.0,10,61,12.4000,0.162331
5000,2.0,10,62,12.6000,0.170242
5000,2.0,10,63,12.8000,0.175305
5000,2.0,10,64,13.0000,0.179092
5000,2.0,10,65,13.2000,0.190142
5000,2.0,10,66,13.4000,0.193530
5000,2.0,10,67,13.6000,0.182201
5000,2.0,10,68,13.8000,0.184619
5000,2.0,10,69,14.0000,0.187602
5000,2.0,10,70,14.2000,0.189091
5000,2.0,10,71,14.4000,0.185456
5000,2.0,10,72,14.6000,0.184878
5000,2.0,10,73,14.8000,0.184963
5000,2.0,10,74,15.0000,0.176750
5000,2.0,10,75,15.2000,0.173941
5000,2.0,10,76,15.4000,0.174385
5000,2.0,10,77,15.6000,0.173946
5000,2.0,10,78,15.8000,0.171872
5000,2.0,10,79,16.0000,0.167882
5000,2.0,10,80,16.2000,0.165148
5000,2.0,10,81,16.4000,0.161072
5000,2.0,10,82,16.6000,0.166757
5000,2.0,10,83,16.8000,0.169938
5000,2.0,10,84,17.0000,0.175062
5000,2.0,10,85,17.2000,0.180043
5000,2.0,10,86,17.4000,0.184098
5000,2.0,10,87,17.6000,0.185733
5000,2.0,10,88,17.8000,0.184869
5000,2.0,10,89,18.0000,0.179642
5000,2.0,10,90,18.2000,0.171745
5000,2.0,10,91,18.4000,0.170333
5000,2.0,10,92,18.6000,0.168372
5000,2.0,10,93,18.8000,0.166673
5000,2.0,10,94,19.0000,0.168253
5000,2.0,10,95,19.2000,0.169433
5000,2.0,10,96,19.4000,0.171741
5000,2.0,10,97,19.6000,0.175981
5000,2.0,10,98,19.8000,0.179023
5000,2.0,10,99,20.0000,0.182463
5000,2.0,100,0,0.2000,2.254574
5000,2.0,100,1,0.4000,2.017513
5000,2.0,100,2,0.6000,1.611081
5000,2.0,100,3,0.8000,1.536929
5000,2.0,100,4,1.0000,1.414987
5000,2.0,100,5,1.2000,0.875278
5000,2.0,100,6,1.4000,0.756843
5000,2.0,100,7,1.6000,0.648195
5000,2.0,100,8,1.8000,0.438625
5000,2.0,100,9,2.0000,0.397480
5000,2.0,100,10,2.2000,0.419643
5000,2.0,100,11,2.4000,0.489488
5000,2.0,100,12,2.6000,0.439987
5000,2.0,100,13,2.8000,0.423967
5000,2.0,100,14,3.0000,0.518189
5000,2.0,100,15,3.2000,0.485208
5000,2.0,100,16,3.4000,0.456615
5000,2.0,100,17,3.6000,0.451286
5000,2.0,100,18,3.8000,0.451029
5000,2.0,100,19,4.0000,0.293449
5000,2.0,100,20,4.2000,0.470708
5000,2.0,100,21,4.4000,0.574146
5000,2.0,100,22,4.6000,0.234601
5000,2.0,100,23,4.8000,0.259258
5000,2.0,100,24,5.0000,0.332275
5000,2.0,100,25,5.2000,0.390255
5000,2.0,100,26,5.4000,0.474634
5000,2.0,100,27,5.6000,0.493111
5000,2.0,100,28,5.8000,0.470423
5000,2.0,100,29,6.0000,0.462790
5000,2.0,100,30,6.2000,0.462477
5000,2.0,100,31,6.4000,0.428955
5000,2.0,100,32,6.6000,0.362681
5000,2.0,100,33,6.8000,0.321662
5000,2.0,100,34,7.0000,0.278804
5000,2.0,100,35,7.2000,0.242811
5000,2.0,100,36,7.4000,0.214929
5000,2.0,100,37,7.6000,0.204749
5000,2.0,100,38,7.8000,0.200496
5000,2.0,100,39,8.0000,0.207669
5000,2.0,100,40,8.2000,0.224553
5000,2.0,100,41,8.4000,0.244677
5000,2.0,100,42,8.6000,0.251985
5000,2.0,100,43,8.8000,0.242199
5000,2.0,100,44,9.0000,0.237590
5000,2.0,100,45,9.2000,0.218899
5000,2.0,100,46,9.4000,0.203721
5000,2.0,100,47,9.6000,0.190578
5000,2.0,100,48,9.8000,0.175252
5000,2.0,100,49,10.0000,0.169035
5000,2.0,100,50,10.2000,0.164024
5000,2.0,100,51,10.4000,0.160363
5000,2.0,100,52,10.6000,0.136583
5000,2.0,100,53,10.8000,0.134070
5000,2.0,100,54,11.0000,0.128183
5000,2.0,100,55,11.2000,0.110513
5000,2.0,100,56,11.4000,0.104992
5000,2.0,100,57,11.6000,0.114591
5000,2.0,100,58,11.8000,0.127157
5000,2.0,100,59,12.0000,0.125402
5000,2.0,100,60,12.2000,0.127883
5000,2.0,100,61,12.4000,0.125588
5000,2.0,100,62,12.6000,0.112668
5000,2.0,100,63,12.8000,0.113012
5000,2.0,100,64,13.0000,0.108252
5000,2.0,100,65,13.2000,0.106688
5000,2.0,100,66,13.4000,0.105046
5000,2.0,100,67,13.6000,0.106661
5000,2.0,100,68,13.8000,0.111114
5000,2.0,100,69,14.0000,0.113940
5000,2.0,100,70,14.2000,0.115444
5000,2.0,100,71,14.4000,0.119070
5000,2.0,100,72,14.6000,0.125577
5000,2.0,100,73,14.8000,0.134765
5000,2.0,100,74,15.0000,0.138297
5000,2.0,100,75,15.2000,0.132704
5000,2.0,100,76,15.4000,0.134170
5000,2.0,100,77,15.6000,0.129613
5000,2.0,100,78,15.8000,0.116132
5000,2.0,100,79,16.0000,0.114524
5000,2.0,100,80,16.2000,0.125048
5000,2.0,100,81,16.4000,0.132192
5000,2.0,100,82,16.6000,0.140193
5000,2.0,100,83,16.8000,0.137595
5000,2.0,100,84,17.0000,0.127201
5000,2.0,100,85,17.2000,0.121312
5000,2.0,100,86,17.4000,0.116148
5000,2.0,100,87,17.6000,0.109468
5000,2.0,100,88,17.8000,0.112169
5000,2.0,100,89,18.0000,0.124230
5000,2.0,100,90,18.2000,0.129091
5000,2.0,100,91,18.4000,0.124551
5000,2.0,100,92,18.6000,0.121062
5000,2.0,100,93,18.8000,0.120801
5000,2.0,100,94,19.0000,0.113901
5000,2.0,100,95,19.2000,0.114311
5000,2.0,100,96,19.4000,0.110456
5000,2.0,100,97,19.6000,0.105742
5000,2.0,100,98,19.8000,0.102843
5000,2.0,100,99,20.0000,0.101242
5000,2.0,20,0,0.2000,2.286011
5000,2.0,20,1,0.4000,2.601220
5000,2.0,20,2,0.6000,2.215550
5000,2.0,20,3,0.8000,1.834974
5000,2.0,20,4,1.0000,1.707004
5000,2.0,20,5,1.2000,1.698083
5000,2.0,20,6,1.4000,1.691312
5000,2.0,20,7,1.6000,1.541629
5000,2.0,20,8,1.8000,0.813513
5000,2.0,20,9,2.0000,0.760961
5000,2.0,20,10,2.2000,0.766455
5000,2.0,20,11,2.4000,0.776086
5000,2.0,20,12,2.6000,0.779848
5000,2.0,20,13,2.8000,0.696642
5000,2.0,20,14,3.0000,0.469933
5000,2.0,20,15,3.2000,0.392116
5000,2.0,20,16,3.4000,0.383939
5000,2.0,20,17,3.6000,0.401778
5000,2.0,20,18,3.8000,0.177624
5000,2.0,20,19,4.0000,0.944593
5000,2.0,20,20,4.2000,0.630012
5000,2.0,20,21,4.4000,0.678853
5000,2.0,20,22,4.6000,0.735078
5000,2.0,20,23,4.8000,0.690916
5000,2.0,20,24,5.0000,0.615757
5000,2.0,20,25,5.2000,0.540082
5000,2.0,20,26,5.4000,0.433903
5000,2.0,20,27,5.6000,0.382368
5000,2.0,20,28,5.8000,0.332855
5000,2.0,20,29,6.0000,0.282578
5000,2.0,20,30,6.2000,0.226308
5000,2.0,20,31,6.4000,0.185809
5000,2.0,20,32,6.6000,0.180234
5000,2.0,20,33,6.8000,0.197333
5000,2.0,20,34,7.0000,0.218914
5000,2.0,20,35,7.2000,0.242984
5000,2.0,20,36,7.4000,0.252827
5000,2.0,20,37,7.6000,0.246309
5000,2.0,20,38,7.8000,0.248933
5000,2.0,20,39,8.0000,0.253730
5000,2.0,20,40,8.2000,0.254358
5000,2.0,20,41,8.4000,0.256156
5000,2.0,20,42,8.6000,0.222115
5000,2.0,20,43,8.8000,0.194999
5000,2.0,20,44,9.0000,0.165170
5000,2.0,20,45,9.2000,0.163044
5000,2.0,20,46,9.4000,0.168760
5000,2.0,20,47,9.6000,0.171008
5000,2.0,20,48,9.8000,0.177508
5000,2.0,20,49,10.0000,0.181974
5000,2.0,20,50,10.2000,0.188121
5000,2.0,20,51,10.4000,0.200518
5000,2.0,20,52,10.6000,0.209569
5000,2.0,20,53,10.8000,0.217138
5000,2.0,20,54,11.0000,0.220325
5000,2.0,20,55,11.2000,0.234764
5000,2.0,20,56,11.4000,0.246452
5000,2.0,20,57,11.6000,0.264984
5000,2.0,20,58,11.8000,0.276780
5000,2.0,20,59,12.0000,0.289046
5000,2.0,20,60,12.2000,0.299859
5000,2.0,20,61,12.4000,0.310472
5000,2.0,20,62,12.6000,0.322980
5000,2.0,20,63,12.8000,0.334503
5000,2.0,20,64,13.0000,0.348527
5000,2.0,20,65,13.2000,0.360911
5000,2.0,20,66,13.4000,0.376948
5000,2.0,20,67,13.6000,0.392246
5000,2.0,20,68,13.8000,0.406897
5000,2.0,20,69,14.0000,0.420062
5000,2.0,20,70,14.2000,0.421552
5000,2.0,20,71,14.4000,0.406637
5000,2.0,20,72,14.6000,0.390137
5000,2.0,20,73,14.8000,0.376164
5000,2.0,20,74,15.0000,0.361692
5000,2.0,20,75,15.2000,0.349369
5000,2.0,20,76,15.4000,0.336200
5000,2.0,20,77,15.6000,0.323819
5000,2.0,20,78,15.8000,0.297744
5000,2.0,20,79,16.0000,0.297570
5000,2.0,20,80,16.2000,0.286982
5000,2.0,20,81,16.4000,0.278782
5000,2.0,20,82,16.6000,0.263725
5000,2.0,20,83,16.8000,0.249836
5000,2.0,20,84,17.0000,0.240231
5000,2.0,20,85,17.2000,0.225202
5000,2.0,20,86,17.4000,0.210612
5000,2.0,20,87,17.6000,0.198683
5000,2.0,20,88,17.8000,0.186945
5000,2.0,20,89,18.0000,0.184816
5000,2.0,20,90,18.2000,0.194659
5000,2.0,20,91,18.4000,0.190853
5000,2.0,20,92,18.6000,0.186789
5000,2.0,20,93,18.8000,0.179727
5000,2.0,20,94,19.0000,0.179788
5000,2.0,20,95,19.2000,0.179294
5000,2.0,20,96,19.4000,0.176621
5000,2.0,20,97,19.6000,0.170092
5000,2.0,20,98,19.8000,0.170190
5000,2.0,20,99,20.0000,0.170649
5000,2.0,30,0,0.2000,1.987964
5000,2.0,30,1,0.4000,1.807377
5000,2.0,30,2,0.6000,1.622419
5000,2.0,30,3,0.8000,1.528215
5000,2.0,30,4,1.0000,1.253085
5000,2.0,30,5,1.2000,1.142647
5000,2.0,30,6,1.4000,1.006940
5000,2.0,30,7,1.6000,0.930181
5000,2.0,30,8,1.8000,0.860483
5000,2.0,30,9,2.0000,0.817513
5000,2.0,30,10,2.2000,0.804625
5000,2.0,30,11,2.4000,0.795481
5000,2.0,30,12,2.6000,0.793487
5000,2.0,30,13,2.8000,0.793226
5000,2.0,30,14,3.0000,0.795657
5000,2.0,30,15,3.2000,0.801834
5000,2.0,30,16,3.4000,0.812089
5000,2.0,30,17,3.6000,0.805339
5000,2.0,30,18,3.8000,0.677003
5000,2.0,30,19,4.0000,0.558002
5000,2.0,30,20,4.2000,0.401258
5000,2.0,30,21,4.4000,0.392411
5000,2.0,30,22,4.6000,0.291589
5000,2.0,30,23,4.8000,0.270901
5000,2.0,30,24,5.0000,0.217541
5000,2.0,30,25,5.2000,0.278983
5000,2.0,30,26,5.4000,0.168852
5000,2.0,30,27,5.6000,0.153169
5000,2.0,30,28,5.8000,0.156610
5000,2.0,30,29,6.0000,0.151995
5000,2.0,30,30,6.2000,0.154835
5000,2.0,30,31,6.4000,0.151677
5000,2.0,30,32,6.6000,0.165273
5000,2.0,30,33,6.8000,0.149155
5000,2.0,30,34,7.0000,0.140558
5000,2.0,30,35,7.2000,0.150008
5000,2.0,30,36,7.4000,0.132969
5000,2.0,30,37,7.6000,0.136730
5000,2.0,30,38,7.8000,0.161929
5000,2.0,30,39,8.0000,0.157951
5000,2.0,30,40,8.2000,0.152778
5000,2.0,30,41,8.4000,0.163858
5000,2.0,30,42,8.6000,0.144070
5000,2.0,30,43,8.8000,0.139403
5000,2.0,30,44,9.0000,0.140957
5000,2.0,30,45,9.2000,0.123495
5000,2.0,30,46,9.4000,0.138514
5000,2.0,30,47,9.6000,0.130124
5000,2.0,30,48,9.8000,0.122538
5000,2.0,30,49,10.0000,0.137745
5000,2.0,30,50,10.2000,0.145124
5000,2.0,30,51,10.4000,0.160646
5000,2.0,30,52,10.6000,0.192414
5000,2.0,30,53,10.8000,0.219594
5000,2.0,30,54,11.0000,0.243070
5000,2.0,30,55,11.2000,0.244690
5000,2.0,30,56,11.4000,0.230452
5000,2.0,30,57,11.6000,0.207665
5000,2.0,30,58,11.8000,0.197331
5000,2.0,30,59,12.0000,0.193468
5000,2.0,30,60,12.2000,0.194150
5000,2.0,30,61,12.4000,0.191196
5000,2.0,30,62,12.6000,0.177157
5000,2.0,30,63,12.8000,0.169194
5000,2.0,30,64,13.0000,0.164689
5000,2.0,30,65,13.2000,0.156770
5000,2.0,30,66,13.4000,0.158323
5000,2.0,30,67,13.6000,0.161228
5000,2.0,30,68,13.8000,0.164029
5000,2.0,30,69,14.0000,0.157204
5000,2.0,30,70,14.2000,0.166451
5000,2.0,30,71,14.4000,0.173405
5000,2.0,30,72,14.6000,0.158589
5000,2.0,30,73,14.8000,0.159573
5000,2.0,30,74,15.0000,0.172089
5000,2.0,30,75,15.2000,0.188836
5000,2.0,30,76,15.4000,0.196182
5000,2.0,30,77,15.6000,0.207944
5000,2.0,30,78,15.8000,0.211976
5000,2.0,30,79,16.0000,0.202618
5000,2.0,30,80,16.2000,0.196973
5000,2.0,30,81,16.4000,0.186834
5000,2.0,30,82,16.6000,0.179736
5000,2.0,30,83,16.8000,0.172900
5000,2.0,30,84,17.0000,0.170634
5000,2.0,30,85,17.2000,0.171656
5000,2.0,30,86,17.4000,0.162978
5000,2.0,30,87,17.6000,0.169763
5000,2.0,30,88,17.8000,0.180054
5000,2.0,30,89,18.0000,0.177619
5000,2.0,30,90,18.2000,0.175070
5000,2.0,30,91,18.4000,0.169496
5000,2.0,30,92,18.6000,0.167858
5000,2.0,30,93,18.8000,0.163512
5000,2.0,30,94,19.0000,0.156249
5000,2.0,30,95,19.2000,0.156267
5000,2.0,30,96,19.4000,0.156813
5000,2.0,30,97,19.6000,0.151111
5000,2.0,30,98,19.8000,0.147564
5000,2.0,30,99,20.0000,0.139679
5000,2.0,40,0,0.2000,2.540199
5000,2.0,40,1,0.4000,2.275356
5000,2.0,40,2,0.6000,1.331169
5000,2.0,40,3,0.8000,1.298449
5000,2.0,40,4,1.0000,1.117176
5000,2.0,40,5,1.2000,1.025361
5000,2.0,40,6,1.4000,0.861505
5000,2.0,40,7,1.6000,0.805463
5000,2.0,40,8,1.8000,0.727193
5000,2.0,40,9,2.0000,0.702460
5000,2.0,40,10,2.2000,0.878962
5000,2.0,40,11,2.4000,0.802981
5000,2.0,40,12,2.6000,0.753090
5000,2.0,40,13,2.8000,0.580339
5000,2.0,40,14,3.0000,0.594917
5000,2.0,40,15,3.2000,0.697554
5000,2.0,40,16,3.4000,1.089176
5000,2.0,40,17,3.6000,1.237139
5000,2.0,40,18,3.8000,1.277141
5000,2.0,40,19,4.0000,1.254882
5000,2.0,40,20,4.2000,1.233850
5000,2.0,40,21,4.4000,1.241724
5000,2.0,40,22,4.6000,1.330774
5000,2.0,40,23,4.8000,1.396517
5000,2.0,40,24,5.0000,1.386913
5000,2.0,40,25,5.2000,1.380225
5000,2.0,40,26,5.4000,1.375443
5000,2.0,40,27,5.6000,1.366466
5000,2.0,40,28,5.8000,2.286016
5000,2.0,40,29,6.0000,1.326039
5000,2.0,40,30,6.2000,1.175389
5000,2.0,40,31,6.4000,1.071149
5000,2.0,40,32,6.6000,0.981887
5000,2.0,40,33,6.8000,0.904183
5000,2.0,40,34,7.0000,0.866580
5000,2.0,40,35,7.2000,0.818307
5000,2.0,40,36,7.4000,0.761748
5000,2.0,40,37,7.6000,0.724007
5000,2.0,40,38,7.8000,0.710960
5000,2.0,40,39,8.0000,0.704921
5000,2.0,40,40,8.2000,0.647052
5000,2.0,40,41,8.4000,0.619099
5000,2.0,40,42,8.6000,0.637717
5000,2.0,40,43,8.8000,0.620998
5000,2.0,40,44,9.0000,0.595370
5000,2.0,40,45,9.2000,0.558847
5000,2.0,40,46,9.4000,0.539415
5000,2.0,40,47,9.6000,0.503761
5000,2.0,40,48,9.8000,0.464847
5000,2.0,40,49,10.0000,0.479832
5000,2.0,40,50,10.2000,0.486123
5000,2.0,40,51,10.4000,0.476548
5000,2.0,40,52,10.6000,0.456227
5000,2.0,40,53,10.8000,0.442770
5000,2.0,40,54,11.0000,0.428062
5000,2.0,40,55,11.2000,0.405720
5000,2.0,40,56,11.4000,0.399253
5000,2.0,40,57,11.6000,0.389783
5000,2.0,40,58,11.8000,0.377996
5000,2.0,40,59,12.0000,0.376051
5000,2.0,40,60,12.2000,0.398689
5000,2.0,40,61,12.4000,0.399966
5000,2.0,40,62,12.6000,0.401515
5000,2.0,40,63,12.8000,0.407489
5000,2.0,40,64,13.0000,0.401395
5000,2.0,40,65,13.2000,0.389327
5000,2.0,40,66,13.4000,0.372736
5000,2.0,40,67,13.6000,0.363508
5000,2.0,40,68,13.8000,0.337390
5000,2.0,40,69,14.0000,0.330302
5000,2.0,40,70,14.2000,0.317864
5000,2.0,40,71,14.4000,0.305229
5000,2.0,40,72,14.6000,0.297978
5000,2.0,40,73,14.8000,0.287832
5000,2.0,40,74,15.0000,0.254715
5000,2.0,40,75,15.2000,0.254765
5000,2.0,40,76,15.4000,0.249324
5000,2.0,40,77,15.6000,0.240226
5000,2.0,40,78,15.8000,0.226383
5000,2.0,40,79,16.0000,0.218472
5000,2.0,40,80,16.2000,0.212605
5000,2.0,40,81,16.4000,0.201657
5000,2.0,40,82,16.6000,0.188501
5000,2.0,40,83,16.8000,0.166714
5000,2.0,40,84,17.0000,0.151552
5000,2.0,40,85,17.2000,0.147889
5000,2.0,40,86,17.4000,0.145156
5000,2.0,40,87,17.6000,0.140814
5000,2.0,40,88,17.8000,0.138006
5000,2.0,40,89,18.0000,0.151543
5000,2.0,40,90,18.2000,0.169727
5000,2.0,40,91,18.4000,0.160222
5000,2.0,40,92,18.6000,0.152116
5000,2.0,40,93,18.8000,0.145977
5000,2.0,40,94,19.0000,0.149324
5000,2.0,40,95,19.2000,0.160972
5000,2.0,40,96,19.4000,0.155067
5000,2.0,40,97,19.6000,0.143190
5000,2.0,40,98,19.8000,0.132313
5000,2.0,40,99,20.0000,0.138248
5000,2.0,50,0,0.2000,2.337990
5000,2.0,50,1,0.4000,2.162321
5000,2.0,50,2,0.6000,2.009895
5000,2.0,50,3,0.8000,1.678192
5000,2.0,50,4,1.0000,1.583561
5000,2.0,50,5,1.2000,1.564955
5000,2.0,50,6,1.4000,1.472030
5000,2.0,50,7,1.6000,0.869484
5000,2.0,50,8,1.8000,0.786061
5000,2.0,50,9,2.0000,0.780951
5000,2.0,50,10,2.2000,0.764122
5000,2.0,50,11,2.4000,0.644647
5000,2.0,50,12,2.6000,0.233673
5000,2.0,50,13,2.8000,0.230515
5000,2.0,50,14,3.0000,0.285938
5000,2.0,50,15,3.2000,0.356161
5000,2.0,50,16,3.4000,0.460492
5000,2.0,50,17,3.6000,0.550010
5000,2.0,50,18,3.8000,0.364954
5000,2.0,50,19,4.0000,0.297418
5000,2.0,50,20,4.2000,0.312478
5000,2.0,50,21,4.4000,0.337551
5000,2.0,50,22,4.6000,0.344502
5000,2.0,50,23,4.8000,0.359661
5000,2.0,50,24,5.0000,0.368637
5000,2.0,50,25,5.2000,0.370539
5000,2.0,50,26,5.4000,0.364456
5000,2.0,50,27,5.6000,0.335091
5000,2.0,50,28,5.8000,0.320017
5000,2.0,50,29,6.0000,0.304913
5000,2.0,50,30,6.2000,0.280695
5000,2.0,50,31,6.4000,0.259415
5000,2.0,50,32,6.6000,0.241274
5000,2.0,50,33,6.8000,0.228466
5000,2.0,50,34,7.0000,0.221403
5000,2.0,50,35,7.2000,0.236587
5000,2.0,50,36,7.4000,0.223661
5000,2.0,50,37,7.6000,0.227974
5000,2.0,50,38,7.8000,0.226708
5000,2.0,50,39,8.0000,0.241545
5000,2.0,50,40,8.2000,0.236197
5000,2.0,50,41,8.4000,0.248095
5000,2.0,50,42,8.6000,0.249925
5000,2.0,50,43,8.8000,0.261276
5000,2.0,50,44,9.0000,0.257674
5000,2.0,50,45,9.2000,0.243714
5000,2.0,50,46,9.4000,0.230952
5000,2.0,50,47,9.6000,0.216147
5000,2.0,50,48,9.8000,0.203474
5000,2.0,50,49,10.0000,0.193290
5000,2.0,50,50,10.2000,0.186092
5000,2.0,50,51,10.4000,0.167109
5000,2.0,50,52,10.6000,0.157611
5000,2.0,50,53,10.8000,0.150630
5000,2.0,50,54,11.0000,0.146133
5000,2.0,50,55,11.2000,0.149778
5000,2.0,50,56,11.4000,0.153386
5000,2.0,50,57,11.6000,0.153126
5000,2.0,50,58,11.8000,0.143913
5000,2.0,50,59,12.0000,0.141280
5000,2.0,50,60,12.2000,0.134041
5000,2.0,50,61,12.4000,0.128962
5000,2.0,50,62,12.6000,0.122055
5000,2.0,50,63,12.8000,0.115860
5000,2.0,50,64,13.0000,0.111908
5000,2.0,50,65,13.2000,0.116239
5000,2.0,50,66,13.4000,0.134246
5000,2.0,50,67,13.6000,0.141672
5000,2.0,50,68,13.8000,0.153060
5000,2.0,50,69,14.0000,0.133734
5000,2.0,50,70,14.2000,0.137651
5000,2.0,50,71,14.4000,0.150330
5000,2.0,50,72,14.6000,0.166087
5000,2.0,50,73,14.8000,0.184483
5000,2.0,50,74,15.0000,0.174601
5000,2.0,50,75,15.2000,0.158792
5000,2.0,50,76,15.4000,0.142161
5000,2.0,50,77,15.6000,0.129614
5000,2.0,50,78,15.8000,0.115795
5000,2.0,50,79,16.0000,0.100064
5000,2.0,50,80,16.2000,0.096152
5000,2.0,50,81,16.4000,0.099782
5000,2.0,50,82,16.6000,0.101175
5000,2.0,50,83,16.8000,0.110147
5000,2.0,50,84,17.0000,0.116168
5000,2.0,50,85,17.2000,0.116807
5000,2.0,50,86,17.4000,0.127897
5000,2.0,50,87,17.6000,0.138436
5000,2.0,50,88,17.8000,0.146369
5000,2.0,50,89,18.0000,0.154236
5000,2.0,50,90,18.2000,0.160455
5000,2.0,50,91,18.4000,0.169398
5000,2.0,50,92,18.6000,0.175343
5000,2.0,50,93,18.8000,0.182064
5000,2.0,50,94,19.0000,0.174158
5000,2.0,50,95,19.2000,0.182160
5000,2.0,50,96,19.4000,0.174178
5000,2.0,50,97,19.6000,0.181372
5000,2.0,50,98,19.8000,0.187087
5000,2.0,50,99,20.0000,0.187458
5000,2.0,60,0,0.2000,2.365010
5000,2.0,60,1,0.4000,2.292375
5000,2.0,60,2,0.6000,1.895737
5000,2.0,60,3,0.8000,1.491913
5000,2.0,60,4,1.0000,1.717288
5000,2.0,60,5,1.2000,1.550042
5000,2.0,60,6,1.4000,1.437648
5000,2.0,60,7,1.6000,1.372006
5000,2.0,60,8,1.8000,1.356727
5000,2.0,60,9,2.0000,1.307878
5000,2.0,60,10,2.2000,1.097462
5000,2.0,60,11,2.4000,0.832898
5000,2.0,60,12,2.6000,0.585760
5000,2.0,60,13,2.8000,0.483313
5000,2.0,60,14,3.0000,0.426438
5000,2.0,60,15,3.2000,0.444574
5000,2.0,60,16,3.4000,1.097502
5000,2.0,60,17,3.6000,0.591975
5000,2.0,60,18,3.8000,0.568965
5000,2.0,60,19,4.0000,0.573354
5000,2.0,60,20,4.2000,0.610241
5000,2.0,60,21,4.4000,0.546743
5000,2.0,60,22,4.6000,0.484609
5000,2.0,60,23,4.8000,0.435271
5000,2.0,60,24,5.0000,0.424891
5000,2.0,60,25,5.2000,0.451219
5000,2.0,60,26,5.4000,0.462171
5000,2.0,60,27,5.6000,0.472879
5000,2.0,60,28,5.8000,0.438769
5000,2.0,60,29,6.0000,0.390723
5000,2.0,60,30,6.2000,0.358972
5000,2.0,60,31,6.4000,0.309862
5000,2.0,60,32,6.6000,0.286950
5000,2.0,60,33,6.8000,0.270554
5000,2.0,60,34,7.0000,0.249931
5000,2.0,60,35,7.2000,0.234797
5000,2.0,60,36,7.4000,0.233793
5000,2.0,60,37,7.6000,0.233071
5000,2.0,60,38,7.8000,0.238446
5000,2.0,60,39,8.0000,0.248416
5000,2.0,60,40,8.2000,0.243069
5000,2.0,60,41,8.4000,0.238272
5000,2.0,60,42,8.6000,0.236455
5000,2.0,60,43,8.8000,0.234111
5000,2.0,60,44,9.0000,0.230637
5000,2.0,60,45,9.2000,0.230445
5000,2.0,60,46,9.4000,0.234114
5000,2.0,60,47,9.6000,0.236621
5000,2.0,60,48,9.8000,0.242947
5000,2.0,60,49,10.0000,0.251288
5000,2.0,60,50,10.2000,0.259042
5000,2.0,60,51,10.4000,0.267530
5000,2.0,60,52,10.6000,0.245080
5000,2.0,60,53,10.8000,0.222920
5000,2.0,60,54,11.0000,0.216257
5000,2.0,60,55,11.2000,0.221963
5000,2.0,60,56,11.4000,0.231357
5000,2.0,60,57,11.6000,0.218061
5000,2.0,60,58,11.8000,0.199699
5000,2.0,60,59,12.0000,0.180746
5000,2.0,60,60,12.2000,0.164039
5000,2.0,60,61,12.4000,0.155338
5000,2.0,60,62,12.6000,0.137243
5000,2.0,60,63,12.8000,0.129697
5000,2.0,60,64,13.0000,0.122757
5000,2.0,60,65,13.2000,0.117071
5000,2.0,60,66,13.4000,0.114970
5000,2.0,60,67,13.6000,0.124151
5000,2.0,60,68,13.8000,0.133212
5000,2.0,60,69,14.0000,0.149233
5000,2.0,60,70,14.2000,0.146310
5000,2.0,60,71,14.4000,0.134928
5000,2.0,60,72,14.6000,0.132644
5000,2.0,60,73,14.8000,0.123168
5000,2.0,60,74,15.0000,0.115323
5000,2.0,60,75,15.2000,0.110137
5000,2.0,60,76,15.4000,0.109386
5000,2.0,60,77,15.6000,0.107947
5000,2.0,60,78,15.8000,0.102404
5000,2.0,60,79,16.0000,0.091100
5000,2.0,60,80,16.2000,0.090566
5000,2.0,60,81,16.4000,0.088496
5000,2.0,60,82,16.6000,0.079903
5000,2.0,60,83,16.8000,0.079034
5000,2.0,60,84,17.0000,0.080356
5000,2.0,60,85,17.2000,0.083899
5000,2.0,60,86,17.4000,0.100854
5000,2.0,60,87,17.6000,0.100125
5000,2.0,60,88,17.8000,0.099964
5000,2.0,60,89,18.0000,0.103056
5000,2.0,60,90,18.2000,0.097609
5000,2.0,60,91,18.4000,0.096608
5000,2.0,60,92,18.6000,0.099964
5000,2.0,60,93,18.8000,0.098067
5000,2.0,60,94,19.0000,0.102245
5000,2.0,60,95,19.2000,0.107930
5000,2.0,60,96,19.4000,0.115053
5000,2.0,60,97,19.6000,0.122286
5000,2.0,60,98,19.8000,0.131624
5000,2.0,60,99,20.0000,0.144240
5000,2.0,70,0,0.2000,2.674676
5000,2.0,70,1,0.4000,1.954030
5000,2.0,70,2,0.6000,1.842352
5000,2.0,70,3,0.8000,1.261917
5000,2.0,70,4,1.0000,1.202608
5000,2.0,70,5,1.2000,1.210760
5000,2.0,70,6,1.4000,1.003213
5000,2.0,70,7,1.6000,0.967403
5000,2.0,70,8,1.8000,0.962050
5000,2.0,70,9,2.0000,0.953939
5000,2.0,70,10,2.2000,0.949395
5000,2.0,70,11,2.4000,0.730927
5000,2.0,70,12,2.6000,0.573114
5000,2.0,70,13,2.8000,0.438512
5000,2.0,70,14,3.0000,0.314613
5000,2.0,70,15,3.2000,0.267290
5000,2.0,70,16,3.4000,0.247624
5000,2.0,70,17,3.6000,0.248493
5000,2.0,70,18,3.8000,0.288427
5000,2.0,70,19,4.0000,0.346160
5000,2.0,70,20,4.2000,0.457818
5000,2.0,70,21,4.4000,0.547869
5000,2.0,70,22,4.6000,0.611018
5000,2.0,70,23,4.8000,0.472313
5000,2.0,70,24,5.0000,0.453248
5000,2.0,70,25,5.2000,0.429834
5000,2.0,70,26,5.4000,0.404510
5000,2.0,70,27,5.6000,0.383245
5000,2.0,70,28,5.8000,0.374063
5000,2.0,70,29,6.0000,0.341290
5000,2.0,70,30,6.2000,0.336526
5000,2.0,70,31,6.4000,0.342426
5000,2.0,70,32,6.6000,0.348339
5000,2.0,70,33,6.8000,0.313992
5000,2.0,70,34,7.0000,0.304894
5000,2.0,70,35,7.2000,0.307179
5000,2.0,70,36,7.4000,0.307200
5000,2.0,70,37,7.6000,0.324410
5000,2.0,70,38,7.8000,0.325381
5000,2.0,70,39,8.0000,0.335767
5000,2.0,70,40,8.2000,0.351005
5000,2.0,70,41,8.4000,0.359411
5000,2.0,70,42,8.6000,0.365542
5000,2.0,70,43,8.8000,0.370275
5000,2.0,70,44,9.0000,0.369739
5000,2.0,70,45,9.2000,0.363221
5000,2.0,70,46,9.4000,0.343482
5000,2.0,70,47,9.6000,0.324071
5000,2.0,70,48,9.8000,0.303637
5000,2.0,70,49,10.0000,0.284909
5000,2.0,70,50,10.2000,0.269727
5000,2.0,70,51,10.4000,0.252865
5000,2.0,70,52,10.6000,0.236275
5000,2.0,70,53,10.8000,0.220801
5000,2.0,70,54,11.0000,0.212549
5000,2.0,70,55,11.2000,0.207817
5000,2.0,70,56,11.4000,0.202112
5000,2.0,70,57,11.6000,0.189411
5000,2.0,70,58,11.8000,0.186917
5000,2.0,70,59,12.0000,0.183437
5000,2.0,70,60,12.2000,0.181355
5000,2.0,70,61,12.4000,0.177668
5000,2.0,70,62,12.6000,0.161448
5000,2.0,70,63,12.8000,0.170520
5000,2.0,70,64,13.0000,0.180515
5000,2.0,70,65,13.2000,0.171947
5000,2.0,70,66,13.4000,0.164023
5000,2.0,70,67,13.6000,0.164788
5000,2.0,70,68,13.8000,0.178394
5000,2.0,70,69,14.0000,0.192862
5000,2.0,70,70,14.2000,0.209672
5000,2.0,70,71,14.4000,0.224170
5000,2.0,70,72,14.6000,0.236091
5000,2.0,70,73,14.8000,0.239068
5000,2.0,70,74,15.0000,0.230943
5000,2.0,70,75,15.2000,0.230713
5000,2.0,70,76,15.4000,0.223208
5000,2.0,70,77,15.6000,0.224377
5000,2.0,70,78,15.8000,0.222917
5000,2.0,70,79,16.0000,0.213690
5000,2.0,70,80,16.2000,0.201881
5000,2.0,70,81,16.4000,0.193645
5000,2.0,70,82,16.6000,0.189057
5000,2.0,70,83,16.8000,0.179362
5000,2.0,70,84,17.0000,0.180552
5000,2.0,70,85,17.2000,0.182941
5000,2.0,70,86,17.4000,0.194151
5000,2.0,70,87,17.6000,0.207374
5000,2.0,70,88,17.8000,0.198831
5000,2.0,70,89,18.0000,0.193215
5000,2.0,70,90,18.2000,0.183279
5000,2.0,70,91,18.4000,0.192631
5000,2.0,70,92,18.6000,0.197686
5000,2.0,70,93,18.8000,0.188716
5000,2.0,70,94,19.0000,0.187082
5000,2.0,70,95,19.2000,0.183842
5000,2.0,70,96,19.4000,0.182567
5000,2.0,70,97,19.6000,0.180657
5000,2.0,70,98,19.8000,0.176885
5000,2.0,70,99,20.0000,0.176109
5000,2.0,80,0,0.2000,2.244128
5000,2.0,80,1,0.4000,1.710336
5000,2.0,80,2,0.6000,1.558138
5000,2.0,80,3,0.8000,1.720840
5000,2.0,80,4,1.0000,1.703023
5000,2.0,80,5,1.2000,1.683600
5000,2.0,80,6,1.4000,1.565545
5000,2.0,80,7,1.6000,1.366610
5000,2.0,80,8,1.8000,1.149814
5000,2.0,80,9,2.0000,0.964418
5000,2.0,80,10,2.2000,0.940659
5000,2.0,80,11,2.4000,0.923744
5000,2.0,80,12,2.6000,0.913266
5000,2.0,80,13,2.8000,0.906743
5000,2.0,80,14,3.0000,0.846105
5000,2.0,80,15,3.2000,0.808561
5000,2.0,80,16,3.4000,0.483908
5000,2.0,80,17,3.6000,0.341483
5000,2.0,80,18,3.8000,0.246449
5000,2.0,80,19,4.0000,0.372374
5000,2.0,80,20,4.2000,0.393007
5000,2.0,80,21,4.4000,0.293988
5000,2.0,80,22,4.6000,0.254562
5000,2.0,80,23,4.8000,0.295778
5000,2.0,80,24,5.0000,0.339191
5000,2.0,80,25,5.2000,0.313192
5000,2.0,80,26,5.4000,0.299508
5000,2.0,80,27,5.6000,0.291901
5000,2.0,80,28,5.8000,0.313707
5000,2.0,80,29,6.0000,0.334867
5000,2.0,80,30,6.2000,0.329500
5000,2.0,80,31,6.4000,0.319903
5000,2.0,80,32,6.6000,0.298432
5000,2.0,80,33,6.8000,0.285558
5000,2.0,80,34,7.0000,0.275671
5000,2.0,80,35,7.2000,0.268944
5000,2.0,80,36,7.4000,0.264063
5000,2.0,80,37,7.6000,0.262804
5000,2.0,80,38,7.8000,0.235356
5000,2.0,80,39,8.0000,0.236394
5000,2.0,80,40,8.2000,0.223145
5000,2.0,80,41,8.4000,0.198061
5000,2.0,80,42,8.6000,0.195530
5000,2.0,80,43,8.8000,0.194542
5000,2.0,80,44,9.0000,0.193985
5000,2.0,80,45,9.2000,0.202540
5000,2.0,80,46,9.4000,0.212594
5000,2.0,80,47,9.6000,0.200672
5000,2.0,80,48,9.8000,0.224046
5000,2.0,80,49,10.0000,0.247486
5000,2.0,80,50,10.2000,0.267653
5000,2.0,80,51,10.4000,0.270015
5000,2.0,80,52,10.6000,0.274760
5000,2.0,80,53,10.8000,0.276898
5000,2.0,80,54,11.0000,0.272794
5000,2.0,80,55,11.2000,0.256065
5000,2.0,80,56,11.4000,0.269968
5000,2.0,80,57,11.6000,0.274517
5000,2.0,80,58,11.8000,0.284588
5000,2.0,80,59,12.0000,0.298173
5000,2.0,80,60,12.2000,0.310095
5000,2.0,80,61,12.4000,0.301302
5000,2.0,80,62,12.6000,0.304393
5000,2.0,80,63,12.8000,0.319756
5000,2.0,80,64,13.0000,0.303428
5000,2.0,80,65,13.2000,0.299210
5000,2.0,80,66,13.4000,0.301837
5000,2.0,80,67,13.6000,0.303151
5000,2.0,80,68,13.8000,0.299896
5000,2.0,80,69,14.0000,0.282107
5000,2.0,80,70,14.2000,0.264291
5000,2.0,80,71,14.4000,0.266451
5000,2.0,80,72,14.6000,0.257111
5000,2.0,80,73,14.8000,0.246547
5000,2.0,80,74,15.0000,0.247551
5000,2.0,80,75,15.2000,0.261336
5000,2.0,80,76,15.4000,0.261339
5000,2.0,80,77,15.6000,0.249672
5000,2.0,80,78,15.8000,0.250811
5000,2.0,80,79,16.0000,0.263984
5000,2.0,80,80,16.2000,0.274950
5000,2.0,80,81,16.4000,0.271532
5000,2.0,80,82,16.6000,0.261016
5000,2.0,80,83,16.8000,0.254228
5000,2.0,80,84,17.0000,0.246701
5000,2.0,80,85,17.2000,0.231139
5000,2.0,80,86,17.4000,0.231847
5000,2.0,80,87,17.6000,0.236643
5000,2.0,80,88,17.8000,0.245075
5000,2.0,80,89,18.0000,0.254758
5000,2.0,80,90,18.2000,0.253815
5000,2.0,80,91,18.4000,0.260494
5000,2.0,80,92,18.6000,0.257459
5000,2.0,80,93,18.8000,0.247617
5000,2.0,80,94,19.0000,0.242464
5000,2.0,80,95,19.2000,0.247611
5000,2.0,80,96,19.4000,0.256266
5000,2.0,80,97,19.6000,0.257538
5000,2.0,80,98,19.8000,0.252180
5000,2.0,80,99,20.0000,0.238673
5000,2.0,90,0,0.2000,2.363572
5000,2.0,90,1,0.4000,1.957009
5000,2.0,90,2,0.6000,1.756366
5000,2.0,90,3,0.8000,1.364408
5000,2.0,90,4,1.0000,1.848082
5000,2.0,90,5,1.2000,1.652249
5000,2.0,90,6,1.4000,1.609651
5000,2.0,90,7,1.6000,1.590581
5000,2.0,90,8,1.8000,1.582620
5000,2.0,90,9,2.0000,1.581914
5000,2.0,90,10,2.2000,1.583206
5000,2.0,90,11,2.4000,0.893326
5000,2.0,90,12,2.6000,0.914951
5000,2.0,90,13,2.8000,0.869968
5000,2.0,90,14,3.0000,0.874321
5000,2.0,90,15,3.2000,0.884299
5000,2.0,90,16,3.4000,0.894952
5000,2.0,90,17,3.6000,0.840525
5000,2.0,90,18,3.8000,0.700558
5000,2.0,90,19,4.0000,0.789061
5000,2.0,90,20,4.2000,0.606900
5000,2.0,90,21,4.4000,0.667140
5000,2.0,90,22,4.6000,0.513531
5000,2.0,90,23,4.8000,0.508719
5000,2.0,90,24,5.0000,0.497810
5000,2.0,90,25,5.2000,0.424389
5000,2.0,90,26,5.4000,0.387453
5000,2.0,90,27,5.6000,0.394330
5000,2.0,90,28,5.8000,0.404721
5000,2.0,90,29,6.0000,0.415163
5000,2.0,90,30,6.2000,0.423961
5000,2.0,90,31,6.4000,0.434524
5000,2.0,90,32,6.6000,0.408789
5000,2.0,90,33,6.8000,0.391482
5000,2.0,90,34,7.0000,0.406800
5000,2.0,90,35,7.2000,0.406766
5000,2.0,90,36,7.4000,0.365072
5000,2.0,90,37,7.6000,0.365879
5000,2.0,90,38,7.8000,0.382479
5000,2.0,90,39,8.0000,0.368064
5000,2.0,90,40,8.2000,0.366913
5000,2.0,90,41,8.4000,0.381807
5000,2.0,90,42,8.6000,0.397144
5000,2.0,90,43,8.8000,0.413145
5000,2.0,90,44,9.0000,0.410095
5000,2.0,90,45,9.2000,0.390502
5000,2.0,90,46,9.4000,0.368229
5000,2.0,90,47,9.6000,0.322202
5000,2.0,90,48,9.8000,0.296953
5000,2.0,90,49,10.0000,0.270226
5000,2.0,90,50,10.2000,0.239125
5000,2.0,90,51,10.4000,0.207252
5000,2.0,90,52,10.6000,0.192042
5000,2.0,90,53,10.8000,0.173890
5000,2.0,90,54,11.0000,0.158879
5000,2.0,90,55,11.2000,0.148714
5000,2.0,90,56,11.4000,0.154724
5000,2.0,90,57,11.6000,0.164776
5000,2.0,90,58,11.8000,0.174015
5000,2.0,90,59,12.0000,0.184358
5000,2.0,90,60,12.2000,0.200228
5000,2.0,90,61,12.4000,0.209658
5000,2.0,90,62,12.6000,0.215251
5000,2.0,90,63,12.8000,0.207549
5000,2.0,90,64,13.0000,0.198961
5000,2.0,90,65,13.2000,0.196517
5000,2.0,90,66,13.4000,0.197995
5000,2.0,90,67,13.6000,0.198975
5000,2.0,90,68,13.8000,0.194981
5000,2.0,90,69,14.0000,0.188885
5000,2.0,90,70,14.2000,0.184754
5000,2.0,90,71,14.4000,0.181753
5000,2.0,90,72,14.6000,0.179521
5000,2.0,90,73,14.8000,0.177922
5000,2.0,90,74,15.0000,0.178403
5000,2.0,90,75,15.2000,0.179416
5000,2.0,90,76,15.4000,0.184505
5000,2.0,90,77,15.6000,0.185963
5000,2.0,90,78,15.8000,0.182667
5000,2.0,90,79,16.0000,0.180188
5000,2.0,90,80,16.2000,0.167330
5000,2.0,90,81,16.4000,0.155702
5000,2.0,90,82,16.6000,0.156424
5000,2.0,90,83,16.8000,0.153981
5000,2.0,90,84,17.0000,0.153224
5000,2.0,90,85,17.2000,0.147384
5000,2.0,90,86,17.4000,0.150143
5000,2.0,90,87,17.6000,0.155037
5000,2.0,90,88,17.8000,0.161569
5000,2.0,90,89,18.0000,0.164420
5000,2.0,90,90,18.2000,0.169542
5000,2.0,90,91,18.4000,0.177708
5000,2.0,90,92,18.6000,0.176417
5000,2.0,90,93,18.8000,0.176307
5000,2.0,90,94,19.0000,0.172097
5000,2.0,90,95,19.2000,0.171711
5000,2.0,90,96,19.4000,0.170394
5000,2.0,90,97,19.6000,0.175203
5000,2.0,90,98,19.8000,0.172569
5000,2.0,90,99,20.0000,0.171808
500,0.01,10,0,0.2000,4.242798
500,0.01,10,1,0.4000,7.374919
500,0.01,10,2,0.6000,2.139367
500,0.01,10,3,0.8000,2.159057
500,0.01,10,4,1.0000,2.610589
500,0.01,10,5,1.2000,3.238960
500,0.01,10,6,1.4000,3.357123
500,0.01,10,7,1.6000,3.329237
500,0.01,10,8,1.8000,3.174281
500,0.01,10,9,2.0000,3.148678
500,0.01,10,10,2.2000,3.305662
500,0.01,10,11,2.4000,2.293812
500,0.01,10,12,2.6000,2.379364
500,0.01,10,13,2.8000,2.438329
500,0.01,10,14,3.0000,2.458664
500,0.01,10,15,3.2000,2.228861
500,0.01,10,16,3.4000,2.339704
500,0.01,10,17,3.6000,2.269733
500,0.01,10,18,3.8000,2.274551
500,0.01,10,19,4.0000,2.273044
500,0.01,10,20,4.2000,2.262036
500,0.01,10,21,4.4000,2.261960
500,0.01,10,22,4.6000,2.271443
500,0.01,10,23,4.8000,2.233706
500,0.01,10,24,5.0000,2.225967
500,0.01,10,25,5.2000,2.226334
500,0.01,10,26,5.4000,2.227005
500,0.01,10,27,5.6000,2.219594
500,0.01,10,28,5.8000,2.221160
500,0.01,10,29,6.0000,2.181446
500,0.01,10,30,6.2000,2.166539
500,0.01,10,31,6.4000,2.163677
500,0.01,10,32,6.6000,2.165453
500,0.01,10,33,6.8000,2.173182
500,0.01,10,34,7.0000,2.175986
500,0.01,10,35,7.2000,2.168154
500,0.01,10,36,7.4000,2.121081
500,0.01,10,37,7.6000,2.114853
500,0.01,10,38,7.8000,2.084828
500,0.01,10,39,8.0000,2.108467
500,0.01,10,40,8.2000,2.053307
500,0.01,10,41,8.4000,0.768454
500,0.01,10,42,8.6000,0.832281
500,0.01,10,43,8.8000,0.741964
500,0.01,10,44,9.0000,0.918373
500,0.01,10,45,9.2000,0.627028
500,0.01,10,46,9.4000,0.566053
500,0.01,10,47,9.6000,0.555602
500,0.01,10,48,9.8000,0.531787
500,0.01,10,49,10.0000,0.409928
500,0.01,10,50,10.2000,0.398535
500,0.01,10,51,10.4000,0.386544
500,0.01,10,52,10.6000,0.375741
500,0.01,10,53,10.8000,0.363205
500,0.01,10,54,11.0000,0.377707
500,0.01,10,55,11.2000,0.373942
500,0.01,10,56,11.4000,0.377088
500,0.01,10,57,11.6000,0.376364
500,0.01,10,58,11.8000,0.375045
500,0.01,10,59,12.0000,0.388899
500,0.01,10,60,12.2000,0.407550
500,0.01,10,61,12.4000,0.414753
500,0.01,10,62,12.6000,0.389061
500,0.01,10,63,12.8000,0.337008
500,0.01,10,64,13.0000,0.310664
500,0.01,10,65,13.2000,0.292566
500,0.01,10,66,13.4000,0.297785
500,0.01,10,67,13.6000,0.284668
500,0.01,10,68,13.8000,0.238863
500,0.01,10,69,14.0000,0.234036
500,0.01,10,70,14.2000,0.227350
500,0.01,10,71,14.4000,0.236323
500,0.01,10,72,14.6000,0.246422
500,0.01,10,73,14.8000,0.215187
500,0.01,10,74,15.0000,0.196915
500,0.01,10,75,15.2000,0.189816
500,0.01,10,76,15.4000,0.187072
500,0.01,10,77,15.6000,0.171165
500,0.01,10,78,15.8000,0.170439
500,0.01,10,79,16.0000,0.170220
500,0.01,10,80,16.2000,0.172127
500,0.01,10,81,16.4000,0.217893
500,0.01,10,82,16.6000,0.227903
500,0.01,10,83,16.8000,0.219243
500,0.01,10,84,17.0000,0.247263
500,0.01,10,85,17.2000,0.230959
500,0.01,10,86,17.4000,0.220806
500,0.01,10,87,17.6000,0.215118
500,0.01,10,88,17.8000,0.206819
500,0.01,10,89,18.0000,0.209910
500,0.01,10,90,18.2000,0.201407
500,0.01,10,91,18.4000,0.205728
500,0.01,10,92,18.6000,0.205100
500,0.01,10,93,18.8000,0.203334
500,0.01,10,94,19.0000,0.202117
500,0.01,10,95,19.2000,0.195453
500,0.01,10,96,19.4000,0.189010
500,0.01,10,97,19.6000,0.188662
500,0.01,10,98,19.8000,0.164561
500,0.01,10,99,20.0000,0.154293
500,0.01,100,0,0.2000,3.710093
500,0.01,100,1,0.4000,2.810481
500,0.01,100,2,0.6000,3.143767
500,0.01,100,3,0.8000,4.852585
500,0.01,100,4,1.0000,3.859708
500,0.01,100,5,1.2000,3.745988
500,0.01,100,6,1.4000,3.738681
500,0.01,100,7,1.6000,1.142766
500,0.01,100,8,1.8000,0.469712
500,0.01,100,9,2.0000,1.519277
500,0.01,100,10,2.2000,1.344004
500,0.01,100,11,2.4000,1.382280
500,0.01,100,12,2.6000,1.323840
500,0.01,100,13,2.8000,0.925908
500,0.01,100,14,3.0000,0.798637
500,0.01,100,15,3.2000,0.485208
500,0.01,100,16,3.4000,0.396359
500,0.01,100,17,3.6000,0.359114
500,0.01,100,18,3.8000,0.366094
500,0.01,100,19,4.0000,0.365894
500,0.01,100,20,4.2000,0.342110
500,0.01,100,21,4.4000,0.339133
500,0.01,100,22,4.6000,0.330497
500,0.01,100,23,4.8000,0.280083
500,0.01,100,24,5.0000,0.253126
500,0.01,100,25,5.2000,0.221095
500,0.01,100,26,5.4000,0.223852
500,0.01,100,27,5.6000,0.223042
500,0.01,100,28,5.8000,0.223217
500,0.01,100,29,6.0000,0.218099
500,0.01,100,30,6.2000,0.242534
500,0.01,100,31,6.4000,0.240756
500,0.01,100,32,6.6000,0.240545
500,0.01,100,33,6.8000,0.238966
500,0.01,100,34,7.0000,0.247009
500,0.01,100,35,7.2000,0.246277
500,0.01,100,36,7.4000,0.242282
500,0.01,100,37,7.6000,0.234883
500,0.01,100,38,7.8000,0.234107
500,0.01,100,39,8.0000,0.233911
500,0.01,100,40,8.2000,0.266506
500,0.01,100,41,8.4000,0.285564
500,0.01,100,42,8.6000,0.380921
500,0.01,100,43,8.8000,0.416954
500,0.01,100,44,9.0000,0.446659
500,0.01,100,45,9.2000,0.478111
500,0.01,100,46,9.4000,0.469558
500,0.01,100,47,9.6000,0.455838
500,0.01,100,48,9.8000,0.449420
500,0.01,100,49,10.0000,0.467128
500,0.01,100,50,10.2000,0.440989
500,0.01,100,51,10.4000,0.454743
500,0.01,100,52,10.6000,0.383715
500,0.01,100,53,10.8000,0.361352
500,0.01,100,54,11.0000,0.360313
500,0.01,100,55,11.2000,0.358503
500,0.01,100,56,11.4000,0.362310
500,0.01,100,57,11.6000,0.342285
500,0.01,100,58,11.8000,0.335845
500,0.01,100,59,12.0000,0.350729
500,0.01,100,60,12.2000,0.350346
500,0.01,100,61,12.4000,0.350314
500,0.01,100,62,12.6000,0.349236
500,0.01,100,63,12.8000,0.322430
500,0.01,100,64,13.0000,0.299160
500,0.01,100,65,13.2000,0.301392
500,0.01,100,66,13.4000,0.302633
500,0.01,100,67,13.6000,0.300649
500,0.01,100,68,13.8000,0.295468
500,0.01,100,69,14.0000,0.303265
500,0.01,100,70,14.2000,0.305597
500,0.01,100,71,14.4000,0.303638
500,0.01,100,72,14.6000,0.301631
500,0.01,100,73,14.8000,0.300659
500,0.01,100,74,15.0000,0.298462
500,0.01,100,75,15.2000,0.299505
500,0.01,100,76,15.4000,0.299083
500,0.01,100,77,15.6000,0.298786
500,0.01,100,78,15.8000,0.298924
500,0.01,100,79,16.0000,0.299524
500,0.01,100,80,16.2000,0.299658
500,0.01,100,81,16.4000,0.302078
500,0.01,100,82,16.6000,0.304297
500,0.01,100,83,16.8000,0.301972
500,0.01,100,84,17.0000,0.302108
500,0.01,100,85,17.2000,0.304300
500,0.01,100,86,17.4000,0.307951
500,0.01,100,87,17.6000,0.323920
500,0.01,100,88,17.8000,0.292818
500,0.01,100,89,18.0000,0.289043
500,0.01,100,90,18.2000,0.277637
500,0.01,100,91,18.4000,0.278629
500,0.01,100,92,18.6000,0.281073
500,0.01,100,93,18.8000,0.254221
500,0.01,100,94,19.0000,0.251688
500,0.01,100,95,19.2000,0.272501
500,0.01,100,96,19.4000,0.284776
500,0.01,100,97,19.6000,0.282946
500,0.01,100,98,19.8000,0.282283
500,0.01,100,99,20.0000,0.282250
500,0.01,20,0,0.2000,2.231203
500,0.01,20,1,0.4000,3.752894
500,0.01,20,2,0.6000,13.158386
500,0.01,20,3,0.8000,1.637492
500,0.01,20,4,1.0000,1.386330
500,0.01,20,5,1.2000,1.730568
500,0.01,20,6,1.4000,2.300356
500,0.01,20,7,1.6000,2.154153
500,0.01,20,8,1.8000,2.223298
500,0.01,20,9,2.0000,2.262212
500,0.01,20,10,2.2000,2.125090
500,0.01,20,11,2.4000,2.007926
500,0.01,20,12,2.6000,2.033475
500,0.01,20,13,2.8000,2.062575
500,0.01,20,14,3.0000,2.057335
500,0.01,20,15,3.2000,2.040368
500,0.01,20,16,3.4000,2.020837
500,0.01,20,17,3.6000,2.020258
500,0.01,20,18,3.8000,1.768344
500,0.01,20,19,4.0000,0.636577
500,0.01,20,20,4.2000,0.449896
500,0.01,20,21,4.4000,0.482282
500,0.01,20,22,4.6000,0.408145
500,0.01,20,23,4.8000,0.453383
500,0.01,20,24,5.0000,0.520415
500,0.01,20,25,5.2000,0.489361
500,0.01,20,26,5.4000,0.305087
500,0.01,20,27,5.6000,0.256169
500,0.01,20,28,5.8000,0.216927
500,0.01,20,29,6.0000,0.212619
500,0.01,20,30,6.2000,0.207467
500,0.01,20,31,6.4000,0.234982
500,0.01,20,32,6.6000,0.190831
500,0.01,20,33,6.8000,0.196262
500,0.01,20,34,7.0000,0.192424
500,0.01,20,35,7.2000,0.198167
500,0.01,20,36,7.4000,0.220075
500,0.01,20,37,7.6000,0.192856
500,0.01,20,38,7.8000,0.184286
500,0.01,20,39,8.0000,0.177728
500,0.01,20,40,8.2000,0.182414
500,0.01,20,41,8.4000,0.181189
500,0.01,20,42,8.6000,0.177078
500,0.01,20,43,8.8000,0.156618
500,0.01,20,44,9.0000,0.146102
500,0.01,20,45,9.2000,0.149560
500,0.01,20,46,9.4000,0.148335
500,0.01,20,47,9.6000,0.148878
500,0.01,20,48,9.8000,0.148530
500,0.01,20,49,10.0000,0.147367
500,0.01,20,50,10.2000,0.147197
500,0.01,20,51,10.4000,0.145240
500,0.01,20,52,10.6000,0.148476
500,0.01,20,53,10.8000,0.163727
500,0.01,20,54,11.0000,0.193817
500,0.01,20,55,11.2000,0.159069
500,0.01,20,56,11.4000,0.157521
500,0.01,20,57,11.6000,0.157713
500,0.01,20,58,11.8000,0.158217
500,0.01,20,59,12.0000,0.157638
500,0.01,20,60,12.2000,0.155787
500,0.01,20,61,12.4000,0.157901
500,0.01,20,62,12.6000,0.165274
500,0.01,20,63,12.8000,0.161279
500,0.01,20,64,13.0000,0.185474
500,0.01,20,65,13.2000,0.162844
500,0.01,20,66,13.4000,0.173696
500,0.01,20,67,13.6000,0.175530
500,0.01,20,68,13.8000,0.179244
500,0.01,20,69,14.0000,0.179133
500,0.01,20,70,14.2000,0.167007
500,0.01,20,71,14.4000,0.157321
500,0.01,20,72,14.6000,0.142516
500,0.01,20,73,14.8000,0.124919
500,0.01,20,74,15.0000,0.123417
500,0.01,20,75,15.2000,0.124765
500,0.01,20,76,15.4000,0.126857
500,0.01,20,77,15.6000,0.124442
500,0.01,20,78,15.8000,0.124845
500,0.01,20,79,16.0000,0.129727
500,0.01,20,80,16.2000,0.126830
500,0.01,20,81,16.4000,0.129417
500,0.01,20,82,16.6000,0.128942
500,0.01,20,83,16.8000,0.130085
500,0.01,20,84,17.0000,0.129893
500,0.01,20,85,17.2000,0.128678
500,0.01,20,86,17.4000,0.125155
500,0.01,20,87,17.6000,0.124070
500,0.01,20,88,17.8000,0.123511
500,0.01,20,89,18.0000,0.122521
500,0.01,20,90,18.2000,0.121964
500,0.01,20,91,18.4000,0.118874
500,0.01,20,92,18.6000,0.118946
500,0.01,20,93,18.8000,0.121568
500,0.01,20,94,19.0000,0.117481
500,0.01,20,95,19.2000,0.117039
500,0.01,20,96,19.4000,0.122076
500,0.01,20,97,19.6000,0.120068
500,0.01,20,98,19.8000,0.120105
500,0.01,20,99,20.0000,0.129181
500,0.01,30,0,0.2000,2.705683
500,0.01,30,1,0.4000,3.372248
500,0.01,30,2,0.6000,3.708654
500,0.01,30,3,0.8000,3.714465
500,0.01,30,4,1.0000,3.713513
500,0.01,30,5,1.2000,3.705823
500,0.01,30,6,1.4000,3.705111
500,0.01,30,7,1.6000,3.705318
500,0.01,30,8,1.8000,3.705181
500,0.01,30,9,2.0000,3.704617
500,0.01,30,10,2.2000,10.863546
500,0.01,30,11,2.4000,5.492568
500,0.01,30,12,2.6000,5.417024
500,0.01,30,13,2.8000,4.301660
500,0.01,30,14,3.0000,3.601117
500,0.01,30,15,3.2000,3.640069
500,0.01,30,16,3.4000,3.702696
500,0.01,30,17,3.6000,3.804397
500,0.01,30,18,3.8000,3.825140
500,0.01,30,19,4.0000,3.744311
500,0.01,30,20,4.2000,3.749277
500,0.01,30,21,4.4000,3.733369
500,0.01,30,22,4.6000,3.742734
500,0.01,30,23,4.8000,3.735178
500,0.01,30,24,5.0000,0.486242
500,0.01,30,25,5.2000,0.812929
500,0.01,30,26,5.4000,0.405580
500,0.01,30,27,5.6000,0.408936
500,0.01,30,28,5.8000,0.407217
500,0.01,30,29,6.0000,0.410616
500,0.01,30,30,6.2000,0.404132
500,0.01,30,31,6.4000,0.419594
500,0.01,30,32,6.6000,0.391432
500,0.01,30,33,6.8000,0.431510
500,0.01,30,34,7.0000,0.452949
500,0.01,30,35,7.2000,0.370266
500,0.01,30,36,7.4000,0.334934
500,0.01,30,37,7.6000,0.312972
500,0.01,30,38,7.8000,0.301963
500,0.01,30,39,8.0000,0.300630
500,0.01,30,40,8.2000,0.311696
500,0.01,30,41,8.4000,0.314464
500,0.01,30,42,8.6000,0.328678
500,0.01,30,43,8.8000,0.338033
500,0.01,30,44,9.0000,0.342395
500,0.01,30,45,9.2000,0.339139
500,0.01,30,46,9.4000,0.335942
500,0.01,30,47,9.6000,0.338933
500,0.01,30,48,9.8000,0.336780
500,0.01,30,49,10.0000,0.306434
500,0.01,30,50,10.2000,0.304576
500,0.01,30,51,10.4000,0.312612
500,0.01,30,52,10.6000,0.263737
500,0.01,30,53,10.8000,0.253800
500,0.01,30,54,11.0000,0.269842
500,0.01,30,55,11.2000,0.244848
500,0.01,30,56,11.4000,0.245064
500,0.01,30,57,11.6000,0.286284
500,0.01,30,58,11.8000,0.283301
500,0.01,30,59,12.0000,0.302096
500,0.01,30,60,12.2000,0.361051
500,0.01,30,61,12.4000,0.355538
500,0.01,30,62,12.6000,0.351825
500,0.01,30,63,12.8000,0.350439
500,0.01,30,64,13.0000,0.349105
500,0.01,30,65,13.2000,0.348421
500,0.01,30,66,13.4000,0.348456
500,0.01,30,67,13.6000,0.348424
500,0.01,30,68,13.8000,0.347601
500,0.01,30,69,14.0000,0.323435
500,0.01,30,70,14.2000,0.307542
500,0.01,30,71,14.4000,0.287813
500,0.01,30,72,14.6000,0.328515
500,0.01,30,73,14.8000,0.328998
500,0.01,30,74,15.0000,0.311377
500,0.01,30,75,15.2000,0.318785
500,0.01,30,76,15.4000,0.328533
500,0.01,30,77,15.6000,0.322941
500,0.01,30,78,15.8000,0.324280
500,0.01,30,79,16.0000,0.314497
500,0.01,30,80,16.2000,0.318513
500,0.01,30,81,16.4000,0.319372
500,0.01,30,82,16.6000,0.307488
500,0.01,30,83,16.8000,0.307756
500,0.01,30,84,17.0000,0.306233
500,0.01,30,85,17.2000,0.305184
500,0.01,30,86,17.4000,0.305009
500,0.01,30,87,17.6000,0.303944
500,0.01,30,88,17.8000,0.294456
500,0.01,30,89,18.0000,0.288339
500,0.01,30,90,18.2000,0.286229
500,0.01,30,91,18.4000,0.286422
500,0.01,30,92,18.6000,0.286101
500,0.01,30,93,18.8000,0.286947
500,0.01,30,94,19.0000,0.310598
500,0.01,30,95,19.2000,0.315293
500,0.01,30,96,19.4000,0.296927
500,0.01,30,97,19.6000,0.312655
500,0.01,30,98,19.8000,0.312557
500,0.01,30,99,20.0000,0.312519
500,0.01,40,0,0.2000,1.976260
500,0.01,40,1,0.4000,1.407879
500,0.01,40,2,0.6000,1.752449
500,0.01,40,3,0.8000,1.695774
500,0.01,40,4,1.0000,1.774723
500,0.01,40,5,1.2000,1.676689
500,0.01,40,6,1.4000,1.782115
500,0.01,40,7,1.6000,1.746998
500,0.01,40,8,1.8000,1.721087
500,0.01,40,9,2.0000,1.709040
500,0.01,40,10,2.2000,1.712278
500,0.01,40,11,2.4000,1.704264
500,0.01,40,12,2.6000,1.699717
500,0.01,40,13,2.8000,1.863471
500,0.01,40,14,3.0000,1.827636
500,0.01,40,15,3.2000,1.810459
500,0.01,40,16,3.4000,1.805902
500,0.01,40,17,3.6000,1.804038
500,0.01,40,18,3.8000,1.805895
500,0.01,40,19,4.0000,1.789398
500,0.01,40,20,4.2000,1.787072
500,0.01,40,21,4.4000,1.787894
500,0.01,40,22,4.6000,1.784301
500,0.01,40,23,4.8000,1.783314
500,0.01,40,24,5.0000,1.745470
500,0.01,40,25,5.2000,1.875223
500,0.01,40,26,5.4000,1.905244
500,0.01,40,27,5.6000,1.910638
500,0.01,40,28,5.8000,1.939203
500,0.01,40,29,6.0000,1.941585
500,0.01,40,30,6.2000,1.074286
500,0.01,40,31,6.4000,0.885206
500,0.01,40,32,6.6000,0.882704
500,0.01,40,33,6.8000,0.791427
500,0.01,40,34,7.0000,0.731381
500,0.01,40,35,7.2000,0.348161
500,0.01,40,36,7.4000,0.329855
500,0.01,40,37,7.6000,0.325401
500,0.01,40,38,7.8000,0.324661
500,0.01,40,39,8.0000,0.316000
500,0.01,40,40,8.2000,0.321209
500,0.01,40,41,8.4000,0.323710
500,0.01,40,42,8.6000,0.322725
500,0.01,40,43,8.8000,0.318507
500,0.01,40,44,9.0000,0.318648
500,0.01,40,45,9.2000,0.316782
500,0.01,40,46,9.4000,0.316101
500,0.01,40,47,9.6000,0.315703
500,0.01,40,48,9.8000,0.315691
500,0.01,40,49,10.0000,0.317002
500,0.01,40,50,10.2000,0.317511
500,0.01,40,51,10.4000,0.315389
500,0.01,40,52,10.6000,0.303516
500,0.01,40,53,10.8000,0.318561
500,0.01,40,54,11.0000,0.346256
500,0.01,40,55,11.2000,0.351176
500,0.01,40,56,11.4000,0.349517
500,0.01,40,57,11.6000,0.345168
500,0.01,40,58,11.8000,0.309866
500,0.01,40,59,12.0000,0.302431
500,0.01,40,60,12.2000,0.300971
500,0.01,40,61,12.4000,0.302059
500,0.01,40,62,12.6000,0.299896
500,0.01,40,63,12.8000,0.293810
500,0.01,40,64,13.0000,0.289569
500,0.01,40,65,13.2000,0.285945
500,0.01,40,66,13.4000,0.283783
500,0.01,40,67,13.6000,0.275677
500,0.01,40,68,13.8000,0.265169
500,0.01,40,69,14.0000,0.238464
500,0.01,40,70,14.2000,0.253726
500,0.01,40,71,14.4000,0.253676
500,0.01,40,72,14.6000,0.252844
500,0.01,40,73,14.8000,0.250732
500,0.01,40,74,15.0000,0.250511
500,0.01,40,75,15.2000,0.249328
500,0.01,40,76,15.4000,0.249977
500,0.01,40,77,15.6000,0.249911
500,0.01,40,78,15.8000,0.248684
500,0.01,40,79,16.0000,0.248124
500,0.01,40,80,16.2000,0.246324
500,0.01,40,81,16.4000,0.246233
500,0.01,40,82,16.6000,0.245923
500,0.01,40,83,16.8000,0.246722
500,0.01,40,84,17.0000,0.237724
500,0.01,40,85,17.2000,0.235671
500,0.01,40,86,17.4000,0.234277
500,0.01,40,87,17.6000,0.238968
500,0.01,40,88,17.8000,0.282207
500,0.01,40,89,18.0000,0.248630
500,0.01,40,90,18.2000,0.208336
500,0.01,40,91,18.4000,0.236891
500,0.01,40,92,18.6000,0.276665
500,0.01,40,93,18.8000,0.277493
500,0.01,40,94,19.0000,0.296099
500,0.01,40,95,19.2000,0.284224
500,0.01,40,96,19.4000,0.259448
500,0.01,40,97,19.6000,0.264184
500,0.01,40,98,19.8000,0.266274
500,0.01,40,99,20.0000,0.272367
500,0.01,50,0,0.2000,3.475900
500,0.01,50,1,0.4000,3.705250
500,0.01,50,2,0.6000,3.700160
500,0.01,50,3,0.8000,2.987130
500,0.01,50,4,1.0000,2.991245
500,0.01,50,5,1.2000,2.992231
500,0.01,50,6,1.4000,3.627573
500,0.01,50,7,1.6000,2.756833
500,0.01,50,8,1.8000,2.965703
500,0.01,50,9,2.0000,1.283874
500,0.01,50,10,2.2000,1.118338
500,0.01,50,11,2.4000,0.953952
500,0.01,50,12,2.6000,0.952477
500,0.01,50,13,2.8000,0.952243
500,0.01,50,14,3.0000,0.877064
500,0.01,50,15,3.2000,0.919466
500,0.01,50,16,3.4000,0.490514
500,0.01,50,17,3.6000,0.467104
500,0.01,50,18,3.8000,0.473295
500,0.01,50,19,4.0000,0.472080
500,0.01,50,20,4.2000,2.504926
500,0.01,50,21,4.4000,0.802494
500,0.01,50,22,4.6000,0.606302
500,0.01,50,23,4.8000,0.864273
500,0.01,50,24,5.0000,1.107767
500,0.01,50,25,5.2000,1.128645
500,0.01,50,26,5.4000,0.909513
500,0.01,50,27,5.6000,0.726913
500,0.01,50,28,5.8000,0.692178
500,0.01,50,29,6.0000,0.611638
500,0.01,50,30,6.2000,0.535892
500,0.01,50,31,6.4000,0.512607
500,0.01,50,32,6.6000,0.539734
500,0.01,50,33,6.8000,0.427989
500,0.01,50,34,7.0000,0.403552
500,0.01,50,35,7.2000,0.399081
500,0.01,50,36,7.4000,0.422049
500,0.01,50,37,7.6000,0.447086
500,0.01,50,38,7.8000,0.433143
500,0.01,50,39,8.0000,0.388918
500,0.01,50,40,8.2000,0.389563
500,0.01,50,41,8.4000,0.373694
500,0.01,50,42,8.6000,0.372486
500,0.01,50,43,8.8000,0.372471
500,0.01,50,44,9.0000,0.373906
500,0.01,50,45,9.2000,0.371335
500,0.01,50,46,9.4000,0.374041
500,0.01,50,47,9.6000,0.371541
500,0.01,50,48,9.8000,0.369734
500,0.01,50,49,10.0000,0.369452
500,0.01,50,50,10.2000,0.369295
500,0.01,50,51,10.4000,0.369869
500,0.01,50,52,10.6000,0.367594
500,0.01,50,53,10.8000,0.367028
500,0.01,50,54,11.0000,0.369659
500,0.01,50,55,11.2000,0.389235
500,0.01,50,56,11.4000,0.444565
500,0.01,50,57,11.6000,0.426643
500,0.01,50,58,11.8000,0.448586
500,0.01,50,59,12.0000,0.470600
500,0.01,50,60,12.2000,0.453600
500,0.01,50,61,12.4000,0.416084
500,0.01,50,62,12.6000,0.396580
500,0.01,50,63,12.8000,0.396861
500,0.01,50,64,13.0000,0.404930
500,0.01,50,65,13.2000,0.406066
500,0.01,50,66,13.4000,0.406407
500,0.01,50,67,13.6000,0.405639
500,0.01,50,68,13.8000,0.403720
500,0.01,50,69,14.0000,0.403059
500,0.01,50,70,14.2000,0.402257
500,0.01,50,71,14.4000,0.397189
500,0.01,50,72,14.6000,0.371825
500,0.01,50,73,14.8000,0.357492
500,0.01,50,74,15.0000,0.353977
500,0.01,50,75,15.2000,0.354217
500,0.01,50,76,15.4000,0.350032
500,0.01,50,77,15.6000,0.350473
500,0.01,50,78,15.8000,0.377181
500,0.01,50,79,16.0000,0.365716
500,0.01,50,80,16.2000,0.336838
500,0.01,50,81,16.4000,0.345477
500,0.01,50,82,16.6000,0.321484
500,0.01,50,83,16.8000,0.317796
500,0.01,50,84,17.0000,0.315712
500,0.01,50,85,17.2000,0.314350
500,0.01,50,86,17.4000,0.312774
500,0.01,50,87,17.6000,0.315176
500,0.01,50,88,17.8000,0.315062
500,0.01,50,89,18.0000,0.311236
500,0.01,50,90,18.2000,0.302267
500,0.01,50,91,18.4000,0.285061
500,0.01,50,92,18.6000,0.280011
500,0.01,50,93,18.8000,0.280705
500,0.01,50,94,19.0000,0.281104
500,0.01,50,95,19.2000,0.279267
500,0.01,50,96,19.4000,0.283289
500,0.01,50,97,19.6000,0.277845
500,0.01,50,98,19.8000,0.280081
500,0.01,50,99,20.0000,0.274604
500,0.01,60,0,0.2000,2.829599
500,0.01,60,1,0.4000,5.680372
500,0.01,60,2,0.6000,5.324820
500,0.01,60,3,0.8000,3.676153
500,0.01,60,4,1.0000,8.107958
500,0.01,60,5,1.2000,1.728336
500,0.01,60,6,1.4000,1.724265
500,0.01,60,7,1.6000,1.720478
500,0.01,60,8,1.8000,1.706691
500,0.01,60,9,2.0000,0.828850
500,0.01,60,10,2.2000,1.017420
500,0.01,60,11,2.4000,1.746991
500,0.01,60,12,2.6000,0.907545
500,0.01,60,13,2.8000,0.730187
500,0.01,60,14,3.0000,0.519298
500,0.01,60,15,3.2000,0.506545
500,0.01,60,16,3.4000,0.407429
500,0.01,60,17,3.6000,0.481578
500,0.01,60,18,3.8000,0.572986
500,0.01,60,19,4.0000,0.512009
500,0.01,60,20,4.2000,0.524417
500,0.01,60,21,4.4000,0.513538
500,0.01,60,22,4.6000,0.490444
500,0.01,60,23,4.8000,0.486913
500,0.01,60,24,5.0000,0.492109
500,0.01,60,25,5.2000,0.496710
500,0.01,60,26,5.4000,0.476912
500,0.01,60,27,5.6000,0.441145
500,0.01,60,28,5.8000,0.429494
500,0.01,60,29,6.0000,0.374068
500,0.01,60,30,6.2000,0.375571
500,0.01,60,31,6.4000,0.367961
500,0.01,60,32,6.6000,0.367388
500,0.01,60,33,6.8000,0.369380
500,0.01,60,34,7.0000,0.372417
500,0.01,60,35,7.2000,0.370562
500,0.01,60,36,7.4000,0.370040
500,0.01,60,37,7.6000,0.370690
500,0.01,60,38,7.8000,0.366153
500,0.01,60,39,8.0000,0.364422
500,0.01,60,40,8.2000,0.369780
500,0.01,60,41,8.4000,0.372114
500,0.01,60,42,8.6000,0.326806
500,0.01,60,43,8.8000,0.347488
500,0.01,60,44,9.0000,0.361720
500,0.01,60,45,9.2000,0.370284
500,0.01,60,46,9.4000,0.294522
500,0.01,60,47,9.6000,0.280078
500,0.01,60,48,9.8000,0.272952
500,0.01,60,49,10.0000,0.273203
500,0.01,60,50,10.2000,0.270085
500,0.01,60,51,10.4000,0.269484
500,0.01,60,52,10.6000,0.268027
500,0.01,60,53,10.8000,0.265227
500,0.01,60,54,11.0000,0.264420
500,0.01,60,55,11.2000,0.264574
500,0.01,60,56,11.4000,0.266190
500,0.01,60,57,11.6000,0.286304
500,0.01,60,58,11.8000,0.268743
500,0.01,60,59,12.0000,0.251808
500,0.01,60,60,12.2000,0.241224
500,0.01,60,61,12.4000,0.260302
500,0.01,60,62,12.6000,0.297454
500,0.01,60,63,12.8000,0.297027
500,0.01,60,64,13.0000,0.277001
500,0.01,60,65,13.2000,0.304946
500,0.01,60,66,13.4000,0.300501
500,0.01,60,67,13.6000,0.286691
500,0.01,60,68,13.8000,0.260529
500,0.01,60,69,14.0000,0.268311
500,0.01,60,70,14.2000,0.267771
500,0.01,60,71,14.4000,0.268605
500,0.01,60,72,14.6000,0.286653
500,0.01,60,73,14.8000,0.320118
500,0.01,60,74,15.0000,0.309509
500,0.01,60,75,15.2000,0.314711
500,0.01,60,76,15.4000,0.289205
500,0.01,60,77,15.6000,0.284824
500,0.01,60,78,15.8000,0.278776
500,0.01,60,79,16.0000,0.311064
500,0.01,60,80,16.2000,0.332771
500,0.01,60,81,16.4000,0.318991
500,0.01,60,82,16.6000,0.319494
500,0.01,60,83,16.8000,0.318679
500,0.01,60,84,17.0000,0.318410
500,0.01,60,85,17.2000,0.318020
500,0.01,60,86,17.4000,0.321561
500,0.01,60,87,17.6000,0.320462
500,0.01,60,88,17.8000,0.324083
500,0.01,60,89,18.0000,0.334111
500,0.01,60,90,18.2000,0.339568
500,0.01,60,91,18.4000,0.343967
500,0.01,60,92,18.6000,0.356261
500,0.01,60,93,18.8000,0.351779
500,0.01,60,94,19.0000,0.356197
500,0.01,60,95,19.2000,0.349140
500,0.01,60,96,19.4000,0.346526
500,0.01,60,97,19.6000,0.352448
500,0.01,60,98,19.8000,0.374503
500,0.01,60,99,20.0000,0.375976
500,0.01,70,0,0.2000,3.542129
500,0.01,70,1,0.4000,3.701675
500,0.01,70,2,0.6000,2.861051
500,0.01,70,3,0.8000,3.670868
500,0.01,70,4,1.0000,3.678174
500,0.01,70,5,1.2000,3.663684
500,0.01,70,6,1.4000,3.578018
500,0.01,70,7,1.6000,1.441088
500,0.01,70,8,1.8000,2.031629
500,0.01,70,9,2.0000,2.297444
500,0.01,70,10,2.2000,2.123771
500,0.01,70,11,2.4000,2.144014
500,0.01,70,12,2.6000,1.609523
500,0.01,70,13,2.8000,1.496477
500,0.01,70,14,3.0000,1.256861
500,0.01,70,15,3.2000,1.429879
500,0.01,70,16,3.4000,1.425043
500,0.01,70,17,3.6000,1.357732
500,0.01,70,18,3.8000,1.029543
500,0.01,70,19,4.0000,0.824179
500,0.01,70,20,4.2000,0.824582
500,0.01,70,21,4.4000,0.966417
500,0.01,70,22,4.6000,0.989843
500,0.01,70,23,4.8000,1.015048
500,0.01,70,24,5.0000,0.934682
500,0.01,70,25,5.2000,0.945471
500,0.01,70,26,5.4000,0.992739
500,0.01,70,27,5.6000,0.887166
500,0.01,70,28,5.8000,0.881232
500,0.01,70,29,6.0000,0.877159
500,0.01,70,30,6.2000,0.876841
500,0.01,70,31,6.4000,0.877707
500,0.01,70,32,6.6000,0.876890
500,0.01,70,33,6.8000,0.880553
500,0.01,70,34,7.0000,0.798429
500,0.01,70,35,7.2000,0.679465
500,0.01,70,36,7.4000,0.596234
500,0.01,70,37,7.6000,0.569944
500,0.01,70,38,7.8000,0.482101
500,0.01,70,39,8.0000,0.473389
500,0.01,70,40,8.2000,0.480946
500,0.01,70,41,8.4000,0.480790
500,0.01,70,42,8.6000,0.437263
500,0.01,70,43,8.8000,0.431133
500,0.01,70,44,9.0000,0.426561
500,0.01,70,45,9.2000,0.401287
500,0.01,70,46,9.4000,0.403678
500,0.01,70,47,9.6000,0.402678
500,0.01,70,48,9.8000,0.407254
500,0.01,70,49,10.0000,0.347117
500,0.01,70,50,10.2000,0.297706
500,0.01,70,51,10.4000,0.235198
500,0.01,70,52,10.6000,0.219273
500,0.01,70,53,10.8000,0.233478
500,0.01,70,54,11.0000,0.217031
500,0.01,70,55,11.2000,0.218977
500,0.01,70,56,11.4000,0.235864
500,0.01,70,57,11.6000,0.220296
500,0.01,70,58,11.8000,0.223527
500,0.01,70,59,12.0000,0.242138
500,0.01,70,60,12.2000,0.242890
500,0.01,70,61,12.4000,0.295811
500,0.01,70,62,12.6000,0.307642
500,0.01,70,63,12.8000,0.257514
500,0.01,70,64,13.0000,0.246669
500,0.01,70,65,13.2000,0.249413
500,0.01,70,66,13.4000,0.251000
500,0.01,70,67,13.6000,0.252618
500,0.01,70,68,13.8000,0.254548
500,0.01,70,69,14.0000,0.234994
500,0.01,70,70,14.2000,0.234501
500,0.01,70,71,14.4000,0.202057
500,0.01,70,72,14.6000,0.224004
500,0.01,70,73,14.8000,0.234034
500,0.01,70,74,15.0000,0.245243
500,0.01,70,75,15.2000,0.213073
500,0.01,70,76,15.4000,0.193130
500,0.01,70,77,15.6000,0.192251
500,0.01,70,78,15.8000,0.192834
500,0.01,70,79,16.0000,0.192957
500,0.01,70,80,16.2000,0.193145
500,0.01,70,81,16.4000,0.186213
500,0.01,70,82,16.6000,0.185140
500,0.01,70,83,16.8000,0.185356
500,0.01,70,84,17.0000,0.184416
500,0.01,70,85,17.2000,0.184941
500,0.01,70,86,17.4000,0.185564
500,0.01,70,87,17.6000,0.185881
500,0.01,70,88,17.8000,0.184897
500,0.01,70,89,18.0000,0.184444
500,0.01,70,90,18.2000,0.184853
500,0.01,70,91,18.4000,0.167866
500,0.01,70,92,18.6000,0.161414
500,0.01,70,93,18.8000,0.151640
500,0.01,70,94,19.0000,0.143688
500,0.01,70,95,19.2000,0.134113
500,0.01,70,96,19.4000,0.116475
500,0.01,70,97,19.6000,0.113152
500,0.01,70,98,19.8000,0.115346
500,0.01,70,99,20.0000,0.129990
500,0.01,80,0,0.2000,2.595359
500,0.01,80,1,0.4000,1.714337
500,0.01,80,2,0.6000,1.645320
500,0.01,80,3,0.8000,0.843197
500,0.01,80,4,1.0000,0.781201
500,0.01,80,5,1.2000,0.723682
500,0.01,80,6,1.4000,0.695567
500,0.01,80,7,1.6000,0.701147
500,0.01,80,8,1.8000,0.710239
500,0.01,80,9,2.0000,0.750600
500,0.01,80,10,2.2000,0.575329
500,0.01,80,11,2.4000,0.511446
500,0.01,80,12,2.6000,0.511551
500,0.01,80,13,2.8000,0.504207
500,0.01,80,14,3.0000,0.618730
500,0.01,80,15,3.2000,0.378552
500,0.01,80,16,3.4000,0.425945
500,0.01,80,17,3.6000,0.467383
500,0.01,80,18,3.8000,0.487838
500,0.01,80,19,4.0000,0.486443
500,0.01,80,20,4.2000,0.434984
500,0.01,80,21,4.4000,0.409791
500,0.01,80,22,4.6000,0.417881
500,0.01,80,23,4.8000,0.382587
500,0.01,80,24,5.0000,0.413265
500,0.01,80,25,5.2000,0.435971
500,0.01,80,26,5.4000,0.380522
500,0.01,80,27,5.6000,0.388554
500,0.01,80,28,5.8000,0.373264
500,0.01,80,29,6.0000,0.375481
500,0.01,80,30,6.2000,0.365717
500,0.01,80,31,6.4000,0.338649
500,0.01,80,32,6.6000,0.335027
500,0.01,80,33,6.8000,0.330312
500,0.01,80,34,7.0000,0.320119
500,0.01,80,35,7.2000,0.319644
500,0.01,80,36,7.4000,0.317617
500,0.01,80,37,7.6000,0.319061
500,0.01,80,38,7.8000,0.315794
500,0.01,80,39,8.0000,0.322340
500,0.01,80,40,8.2000,0.320261
500,0.01,80,41,8.4000,0.315280
500,0.01,80,42,8.6000,0.313590
500,0.01,80,43,8.8000,0.310635
500,0.01,80,44,9.0000,0.309308
500,0.01,80,45,9.2000,0.309999
500,0.01,80,46,9.4000,0.310328
500,0.01,80,47,9.6000,0.309232
500,0.01,80,48,9.8000,0.313902
500,0.01,80,49,10.0000,0.313631
500,0.01,80,50,10.2000,0.315764
500,0.01,80,51,10.4000,0.295762
500,0.01,80,52,10.6000,0.769227
500,0.01,80,53,10.8000,0.604290
500,0.01,80,54,11.0000,0.272810
500,0.01,80,55,11.2000,0.250035
500,0.01,80,56,11.4000,0.255570
500,0.01,80,57,11.6000,0.246751
500,0.01,80,58,11.8000,0.226198
500,0.01,80,59,12.0000,0.228692
500,0.01,80,60,12.2000,0.215283
500,0.01,80,61,12.4000,0.193627
500,0.01,80,62,12.6000,0.197854
500,0.01,80,63,12.8000,0.216166
500,0.01,80,64,13.0000,0.239226
500,0.01,80,65,13.2000,0.207623
500,0.01,80,66,13.4000,0.198521
500,0.01,80,67,13.6000,0.202558
500,0.01,80,68,13.8000,0.208513
500,0.01,80,69,14.0000,0.195902
500,0.01,80,70,14.2000,0.196238
500,0.01,80,71,14.4000,0.181721
500,0.01,80,72,14.6000,0.205121
500,0.01,80,73,14.8000,0.228628
500,0.01,80,74,15.0000,0.215453
500,0.01,80,75,15.2000,0.215886
500,0.01,80,76,15.4000,0.177979
500,0.01,80,77,15.6000,0.186147
500,0.01,80,78,15.8000,0.192336
500,0.01,80,79,16.0000,0.172257
500,0.01,80,80,16.2000,0.165626
500,0.01,80,81,16.4000,0.150902
500,0.01,80,82,16.6000,0.151459
500,0.01,80,83,16.8000,0.131957
500,0.01,80,84,17.0000,0.130375
500,0.01,80,85,17.2000,0.125718
500,0.01,80,86,17.4000,0.126152
500,0.01,80,87,17.6000,0.118771
500,0.01,80,88,17.8000,0.120028
500,0.01,80,89,18.0000,0.121893
500,0.01,80,90,18.2000,0.119640
500,0.01,80,91,18.4000,0.121555
500,0.01,80,92,18.6000,0.122161
500,0.01,80,93,18.8000,0.122287
500,0.01,80,94,19.0000,0.121745
500,0.01,80,95,19.2000,0.129107
500,0.01,80,96,19.4000,0.123059
500,0.01,80,97,19.6000,0.125750
500,0.01,80,98,19.8000,0.127155
500,0.01,80,99,20.0000,0.145463
500,0.01,90,0,0.2000,2.648086
500,0.01,90,1,0.4000,3.242875
500,0.01,90,2,0.6000,3.682627
500,0.01,90,3,0.8000,3.680456
500,0.01,90,4,1.0000,3.672750
500,0.01,90,5,1.2000,3.670944
500,0.01,90,6,1.4000,3.672385
500,0.01,90,7,1.6000,3.671720
500,0.01,90,8,1.8000,3.671316
500,0.01,90,9,2.0000,5.369119
500,0.01,90,10,2.2000,3.670102
500,0.01,90,11,2.4000,3.516596
500,0.01,90,12,2.6000,1.863581
500,0.01,90,13,2.8000,1.730752
500,0.01,90,14,3.0000,1.724081
500,0.01,90,15,3.2000,1.736475
500,0.01,90,16,3.4000,0.609810
500,0.01,90,17,3.6000,0.640888
500,0.01,90,18,3.8000,0.633094
500,0.01,90,19,4.0000,0.623990
500,0.01,90,20,4.2000,0.618299
500,0.01,90,21,4.4000,0.619812
500,0.01,90,22,4.6000,0.618572
500,0.01,90,23,4.8000,0.632264
500,0.01,90,24,5.0000,0.642096
500,0.01,90,25,5.2000,0.303545
500,0.01,90,26,5.4000,0.422629
500,0.01,90,27,5.6000,1.104441
500,0.01,90,28,5.8000,0.642449
500,0.01,90,29,6.0000,0.653109
500,0.01,90,30,6.2000,0.726362
500,0.01,90,31,6.4000,0.700730
500,0.01,90,32,6.6000,0.580749
500,0.01,90,33,6.8000,0.670737
500,0.01,90,34,7.0000,0.525861
500,0.01,90,35,7.2000,0.535013
500,0.01,90,36,7.4000,0.508594
500,0.01,90,37,7.6000,0.500759
500,0.01,90,38,7.8000,0.534757
500,0.01,90,39,8.0000,0.532873
500,0.01,90,40,8.2000,0.528747
500,0.01,90,41,8.4000,0.516492
500,0.01,90,42,8.6000,0.530325
500,0.01,90,43,8.8000,0.511932
500,0.01,90,44,9.0000,0.517171
500,0.01,90,45,9.2000,0.432679
500,0.01,90,46,9.4000,0.317491
500,0.01,90,47,9.6000,0.313506
500,0.01,90,48,9.8000,0.283708
500,0.01,90,49,10.0000,0.284029
500,0.01,90,50,10.2000,0.276942
500,0.01,90,51,10.4000,0.280518
500,0.01,90,52,10.6000,0.273203
500,0.01,90,53,10.8000,0.252411
500,0.01,90,54,11.0000,0.254009
500,0.01,90,55,11.2000,0.241391
500,0.01,90,56,11.4000,0.234898
500,0.01,90,57,11.6000,0.249347
500,0.01,90,58,11.8000,0.239315
500,0.01,90,59,12.0000,0.239162
500,0.01,90,60,12.2000,0.236364
500,0.01,90,61,12.4000,0.231332
500,0.01,90,62,12.6000,0.204322
500,0.01,90,63,12.8000,0.183557
500,0.01,90,64,13.0000,0.191670
500,0.01,90,65,13.2000,0.210847
500,0.01,90,66,13.4000,0.200471
500,0.01,90,67,13.6000,0.185685
500,0.01,90,68,13.8000,0.201182
500,0.01,90,69,14.0000,0.200607
500,0.01,90,70,14.2000,0.183575
500,0.01,90,71,14.4000,0.181743
500,0.01,90,72,14.6000,0.165695
500,0.01,90,73,14.8000,0.161423
500,0.01,90,74,15.0000,0.162882
500,0.01,90,75,15.2000,0.162125
500,0.01,90,76,15.4000,0.161122
500,0.01,90,77,15.6000,0.160861
500,0.01,90,78,15.8000,0.159564
500,0.01,90,79,16.0000,0.159212
500,0.01,90,80,16.2000,0.159162
500,0.01,90,81,16.4000,0.160022
500,0.01,90,82,16.6000,0.158610
500,0.01,90,83,16.8000,0.158453
500,0.01,90,84,17.0000,0.158151
500,0.01,90,85,17.2000,0.158725
500,0.01,90,86,17.4000,0.157979
500,0.01,90,87,17.6000,0.158271
500,0.01,90,88,17.8000,0.163532
500,0.01,90,89,18.0000,0.167320
500,0.01,90,90,18.2000,0.145318
500,0.01,90,91,18.4000,0.136380
500,0.01,90,92,18.6000,0.132778
500,0.01,90,93,18.8000,0.135576
500,0.01,90,94,19.0000,0.136104
500,0.01,90,95,19.2000,0.137647
500,0.01,90,96,19.4000,0.136575
500,0.01,90,97,19.6000,0.133235
500,0.01,90,98,19.8000,0.137377
500,0.01,90,99,20.0000,0.146379
500,0.10,10,0,0.2000,1.750281
500,0.10,10,1,0.4000,0.895241
500,0.10,10,2,0.6000,0.759924
500,0.10,10,3,0.8000,0.565027
500,0.10,10,4,1.0000,0.475183
500,0.10,10,5,1.2000,0.353779
500,0.10,10,6,1.4000,0.283670
500,0.10,10,7,1.6000,0.238126
500,0.10,10,8,1.8000,0.144861
500,0.10,10,9,2.0000,0.141782
500,0.10,10,10,2.2000,0.142227
500,0.10,10,11,2.4000,0.173814
500,0.10,10,12,2.6000,0.226412
500,0.10,10,13,2.8000,0.185030
500,0.10,10,14,3.0000,0.159379
500,0.10,10,15,3.2000,0.180820
500,0.10,10,16,3.4000,0.180437
500,0.10,10,17,3.6000,0.186284
500,0.10,10,18,3.8000,0.183937
500,0.10,10,19,4.0000,0.192430
500,0.10,10,20,4.2000,0.236520
500,0.10,10,21,4.4000,0.245744
500,0.10,10,22,4.6000,0.297903
500,0.10,10,23,4.8000,0.319364
500,0.10,10,24,5.0000,0.291616
500,0.10,10,25,5.2000,0.322458
500,0.10,10,26,5.4000,0.346310
500,0.10,10,27,5.6000,0.350679
500,0.10,10,28,5.8000,0.357845
500,0.10,10,29,6.0000,0.295072
500,0.10,10,30,6.2000,0.299069
500,0.10,10,31,6.4000,0.299266
500,0.10,10,32,6.6000,0.307520
500,0.10,10,33,6.8000,0.291680
500,0.10,10,34,7.0000,0.253672
500,0.10,10,35,7.2000,0.273125
500,0.10,10,36,7.4000,0.307515
500,0.10,10,37,7.6000,0.256502
500,0.10,10,38,7.8000,0.246735
500,0.10,10,39,8.0000,0.245282
500,0.10,10,40,8.2000,0.247954
500,0.10,10,41,8.4000,0.246986
500,0.10,10,42,8.6000,0.247270
500,0.10,10,43,8.8000,0.215510
500,0.10,10,44,9.0000,0.222377
500,0.10,10,45,9.2000,0.209736
500,0.10,10,46,9.4000,0.177081
500,0.10,10,47,9.6000,0.164665
500,0.10,10,48,9.8000,0.161585
500,0.10,10,49,10.0000,0.176754
500,0.10,10,50,10.2000,0.192572
500,0.10,10,51,10.4000,0.201025
500,0.10,10,52,10.6000,0.194964
500,0.10,10,53,10.8000,0.194483
500,0.10,10,54,11.0000,0.195775
500,0.10,10,55,11.2000,0.198315
500,0.10,10,56,11.4000,0.196833
500,0.10,10,57,11.6000,0.188170
500,0.10,10,58,11.8000,0.194056
500,0.10,10,59,12.0000,0.205335
500,0.10,10,60,12.2000,0.209196
500,0.10,10,61,12.4000,0.201643
500,0.10,10,62,12.6000,0.217621
500,0.10,10,63,12.8000,0.228646
500,0.10,10,64,13.0000,0.242678
500,0.10,10,65,13.2000,0.250862
500,0.10,10,66,13.4000,0.278998
500,0.10,10,67,13.6000,0.282475
500,0.10,10,68,13.8000,0.275933
500,0.10,10,69,14.0000,0.279331
500,0.10,10,70,14.2000,0.302139
500,0.10,10,71,14.4000,0.291293
500,0.10,10,72,14.6000,0.274290
500,0.10,10,73,14.8000,0.286459
500,0.10,10,74,15.0000,0.266911
500,0.10,10,75,15.2000,0.265365
500,0.10,10,76,15.4000,0.267942
500,0.10,10,77,15.6000,0.269277
500,0.10,10,78,15.8000,0.278644
500,0.10,10,79,16.0000,0.278998
500,0.10,10,80,16.2000,0.275406
500,0.10,10,81,16.4000,0.270299
500,0.10,10,82,16.6000,0.268173
500,0.10,10,83,16.8000,0.270384
500,0.10,10,84,17.0000,0.273176
500,0.10,10,85,17.2000,0.266374
500,0.10,10,86,17.4000,0.271262
500,0.10,10,87,17.6000,0.266768
500,0.10,10,88,17.8000,0.257616
500,0.10,10,89,18.0000,0.263878
500,0.10,10,90,18.2000,0.274636
500,0.10,10,91,18.4000,0.258067
500,0.10,10,92,18.6000,0.227178
500,0.10,10,93,18.8000,0.229780
500,0.10,10,94,19.0000,0.227691
500,0.10,10,95,19.2000,0.214397
500,0.10,10,96,19.4000,0.215932
500,0.10,10,97,19.6000,0.216030
500,0.10,10,98,19.8000,0.218164
500,0.10,10,99,20.0000,0.220491
500,0.10,100,0,0.2000,2.074098
500,0.10,100,1,0.4000,1.952320
500,0.10,100,2,0.6000,1.931394
500,0.10,100,3,0.8000,1.922712
500,0.10,100,4,1.0000,0.521739
500,0.10,100,5,1.2000,0.427131
500,0.10,100,6,1.4000,0.348023
500,0.10,100,7,1.6000,0.334415
500,0.10,100,8,1.8000,0.329805
500,0.10,100,9,2.0000,0.333233
500,0.10,100,10,2.2000,0.330107
500,0.10,100,11,2.4000,0.324429
500,0.10,100,12,2.6000,0.347042
500,0.10,100,13,2.8000,0.305828
500,0.10,100,14,3.0000,0.341823
500,0.10,100,15,3.2000,0.388923
500,0.10,100,16,3.4000,0.383981
500,0.10,100,17,3.6000,0.370979
500,0.10,100,18,3.8000,0.356080
500,0.10,100,19,4.0000,0.332158
500,0.10,100,20,4.2000,0.352882
500,0.10,100,21,4.4000,0.307846
500,0.10,100,22,4.6000,0.299003
500,0.10,100,23,4.8000,0.287502
500,0.10,100,24,5.0000,0.317343
500,0.10,100,25,5.2000,0.307526
500,0.10,100,26,5.4000,0.291593
500,0.10,100,27,5.6000,0.303206
500,0.10,100,28,5.8000,0.292033
500,0.10,100,29,6.0000,0.292816
500,0.10,100,30,6.2000,0.258597
500,0.10,100,31,6.4000,0.254713
500,0.10,100,32,6.6000,0.245308
500,0.10,100,33,6.8000,0.246712
500,0.10,100,34,7.0000,0.239323
500,0.10,100,35,7.2000,0.235070
500,0.10,100,36,7.4000,0.252861
500,0.10,100,37,7.6000,0.238560
500,0.10,100,38,7.8000,0.228894
500,0.10,100,39,8.0000,0.225865
500,0.10,100,40,8.2000,0.228172
500,0.10,100,41,8.4000,0.238464
500,0.10,100,42,8.6000,0.277912
500,0.10,100,43,8.8000,0.270686
500,0.10,100,44,9.0000,0.265013
500,0.10,100,45,9.2000,0.268116
500,0.10,100,46,9.4000,0.281681
500,0.10,100,47,9.6000,0.275781
500,0.10,100,48,9.8000,0.272453
500,0.10,100,49,10.0000,0.266398
500,0.10,100,50,10.2000,0.257592
500,0.10,100,51,10.4000,0.241884
500,0.10,100,52,10.6000,0.231763
500,0.10,100,53,10.8000,0.229995
500,0.10,100,54,11.0000,0.227749
500,0.10,100,55,11.2000,0.217945
500,0.10,100,56,11.4000,0.230054
500,0.10,100,57,11.6000,0.226315
500,0.10,100,58,11.8000,0.224731
500,0.10,100,59,12.0000,0.222735
500,0.10,100,60,12.2000,0.223553
500,0.10,100,61,12.4000,0.223069
500,0.10,100,62,12.6000,0.231518
500,0.10,100,63,12.8000,0.225824
500,0.10,100,64,13.0000,0.226700
500,0.10,100,65,13.2000,0.228546
500,0.10,100,66,13.4000,0.226382
500,0.10,100,67,13.6000,0.217320
500,0.10,100,68,13.8000,0.212048
500,0.10,100,69,14.0000,0.214091
500,0.10,100,70,14.2000,0.208271
500,0.10,100,71,14.4000,0.199010
500,0.10,100,72,14.6000,0.202176
500,0.10,100,73,14.8000,0.203155
500,0.10,100,74,15.0000,0.206969
500,0.10,100,75,15.2000,0.208904
500,0.10,100,76,15.4000,0.207189
500,0.10,100,77,15.6000,0.211869
500,0.10,100,78,15.8000,0.220328
500,0.10,100,79,16.0000,0.224477
500,0.10,100,80,16.2000,0.227986
500,0.10,100,81,16.4000,0.231136
500,0.10,100,82,16.6000,0.234695
500,0.10,100,83,16.8000,0.246105
500,0.10,100,84,17.0000,0.237968
500,0.10,100,85,17.2000,0.231040
500,0.10,100,86,17.4000,0.216551
500,0.10,100,87,17.6000,0.205106
500,0.10,100,88,17.8000,0.195472
500,0.10,100,89,18.0000,0.191736
500,0.10,100,90,18.2000,0.191232
500,0.10,100,91,18.4000,0.182122
500,0.10,100,92,18.6000,0.176560
500,0.10,100,93,18.8000,0.171148
500,0.10,100,94,19.0000,0.162067
500,0.10,100,95,19.2000,0.156464
500,0.10,100,96,19.4000,0.148889
500,0.10,100,97,19.6000,0.150167
500,0.10,100,98,19.8000,0.148863
500,0.10,100,99,20.0000,0.148600
500,0.10,20,0,0.2000,1.141151
500,0.10,20,1,0.4000,1.462048
500,0.10,20,2,0.6000,0.910978
500,0.10,20,3,0.8000,1.054323
500,0.10,20,4,1.0000,1.143996
500,0.10,20,5,1.2000,1.159394
500,0.10,20,6,1.4000,1.236382
500,0.10,20,7,1.6000,1.385867
500,0.10,20,8,1.8000,1.277867
500,0.10,20,9,2.0000,1.106692
500,0.10,20,10,2.2000,0.984193
500,0.10,20,11,2.4000,0.857384
500,0.10,20,12,2.6000,0.783102
500,0.10,20,13,2.8000,0.756468
500,0.10,20,14,3.0000,0.719075
500,0.10,20,15,3.2000,0.668057
500,0.10,20,16,3.4000,0.620140
500,0.10,20,17,3.6000,0.593961
500,0.10,20,18,3.8000,0.538758
500,0.10,20,19,4.0000,0.518309
500,0.10,20,20,4.2000,0.534742
500,0.10,20,21,4.4000,0.513273
500,0.10,20,22,4.6000,0.478090
500,0.10,20,23,4.8000,0.451086
500,0.10,20,24,5.0000,0.428850
500,0.10,20,25,5.2000,0.404549
500,0.10,20,26,5.4000,0.396165
500,0.10,20,27,5.6000,0.379525
500,0.10,20,28,5.8000,0.355896
500,0.10,20,29,6.0000,0.390112
500,0.10,20,30,6.2000,0.413552
500,0.10,20,31,6.4000,0.379623
500,0.10,20,32,6.6000,0.357742
500,0.10,20,33,6.8000,0.347863
500,0.10,20,34,7.0000,0.324832
500,0.10,20,35,7.2000,0.311520
500,0.10,20,36,7.4000,0.303645
500,0.10,20,37,7.6000,0.313099
500,0.10,20,38,7.8000,0.325625
500,0.10,20,39,8.0000,0.347972
500,0.10,20,40,8.2000,0.381800
500,0.10,20,41,8.4000,0.409032
500,0.10,20,42,8.6000,0.422287
500,0.10,20,43,8.8000,0.432375
500,0.10,20,44,9.0000,0.418534
500,0.10,20,45,9.2000,0.407080
500,0.10,20,46,9.4000,0.399347
500,0.10,20,47,9.6000,0.382152
500,0.10,20,48,9.8000,0.370240
500,0.10,20,49,10.0000,0.361155
500,0.10,20,50,10.2000,0.348956
500,0.10,20,51,10.4000,0.355907
500,0.10,20,52,10.6000,0.374479
500,0.10,20,53,10.8000,0.396774
500,0.10,20,54,11.0000,0.409194
500,0.10,20,55,11.2000,0.400020
500,0.10,20,56,11.4000,0.394601
500,0.10,20,57,11.6000,0.386353
500,0.10,20,58,11.8000,0.375867
500,0.10,20,59,12.0000,0.367778
500,0.10,20,60,12.2000,0.358549
500,0.10,20,61,12.4000,0.352755
500,0.10,20,62,12.6000,0.338849
500,0.10,20,63,12.8000,0.349004
500,0.10,20,64,13.0000,0.341259
500,0.10,20,65,13.2000,0.334650
500,0.10,20,66,13.4000,0.325557
500,0.10,20,67,13.6000,0.318523
500,0.10,20,68,13.8000,0.310780
500,0.10,20,69,14.0000,0.305402
500,0.10,20,70,14.2000,0.293802
500,0.10,20,71,14.4000,0.278890
500,0.10,20,72,14.6000,0.264192
500,0.10,20,73,14.8000,0.263533
500,0.10,20,74,15.0000,0.266060
500,0.10,20,75,15.2000,0.262634
500,0.10,20,76,15.4000,0.261371
500,0.10,20,77,15.6000,0.267774
500,0.10,20,78,15.8000,0.271379
500,0.10,20,79,16.0000,0.274617
500,0.10,20,80,16.2000,0.273937
500,0.10,20,81,16.4000,0.273321
500,0.10,20,82,16.6000,0.271781
500,0.10,20,83,16.8000,0.266269
500,0.10,20,84,17.0000,0.274364
500,0.10,20,85,17.2000,0.278066
500,0.10,20,86,17.4000,0.277713
500,0.10,20,87,17.6000,0.282572
500,0.10,20,88,17.8000,0.282628
500,0.10,20,89,18.0000,0.275155
500,0.10,20,90,18.2000,0.275420
500,0.10,20,91,18.4000,0.276028
500,0.10,20,92,18.6000,0.281717
500,0.10,20,93,18.8000,0.281413
500,0.10,20,94,19.0000,0.272277
500,0.10,20,95,19.2000,0.259309
500,0.10,20,96,19.4000,0.247960
500,0.10,20,97,19.6000,0.243428
500,0.10,20,98,19.8000,0.238175
500,0.10,20,99,20.0000,0.232461
500,0.10,30,0,0.2000,2.228221
500,0.10,30,1,0.4000,1.899673
500,0.10,30,2,0.6000,0.674123
500,0.10,30,3,0.8000,0.567828
500,0.10,30,4,1.0000,0.718165
500,0.10,30,5,1.2000,0.718574
500,0.10,30,6,1.4000,0.809162
500,0.10,30,7,1.6000,0.768382
500,0.10,30,8,1.8000,0.789524
500,0.10,30,9,2.0000,0.804656
500,0.10,30,10,2.2000,0.747476
500,0.10,30,11,2.4000,0.725755
500,0.10,30,12,2.6000,0.661593
500,0.10,30,13,2.8000,0.661864
500,0.10,30,14,3.0000,0.675869
500,0.10,30,15,3.2000,0.707366
500,0.10,30,16,3.4000,0.718494
500,0.10,30,17,3.6000,0.694877
500,0.10,30,18,3.8000,0.663015
500,0.10,30,19,4.0000,0.629345
500,0.10,30,20,4.2000,0.603315
500,0.10,30,21,4.4000,0.561216
500,0.10,30,22,4.6000,0.509969
500,0.10,30,23,4.8000,0.489739
500,0.10,30,24,5.0000,0.454739
500,0.10,30,25,5.2000,0.442388
500,0.10,30,26,5.4000,0.426289
500,0.10,30,27,5.6000,0.323079
500,0.10,30,28,5.8000,0.349731
500,0.10,30,29,6.0000,0.363062
500,0.10,30,30,6.2000,0.327893
500,0.10,30,31,6.4000,0.315129
500,0.10,30,32,6.6000,0.306394
500,0.10,30,33,6.8000,0.302313
500,0.10,30,34,7.0000,0.279123
500,0.10,30,35,7.2000,0.284442
500,0.10,30,36,7.4000,0.282800
500,0.10,30,37,7.6000,0.293643
500,0.10,30,38,7.8000,0.315992
500,0.10,30,39,8.0000,0.300137
500,0.10,30,40,8.2000,0.317055
500,0.10,30,41,8.4000,0.331294
500,0.10,30,42,8.6000,0.319438
500,0.10,30,43,8.8000,0.302632
500,0.10,30,44,9.0000,0.288712
500,0.10,30,45,9.2000,0.298580
500,0.10,30,46,9.4000,0.312108
500,0.10,30,47,9.6000,0.327364
500,0.10,30,48,9.8000,0.319653
500,0.10,30,49,10.0000,0.314393
500,0.10,30,50,10.2000,0.302128
500,0.10,30,51,10.4000,0.307118
500,0.10,30,52,10.6000,0.299710
500,0.10,30,53,10.8000,0.289743
500,0.10,30,54,11.0000,0.275425
500,0.10,30,55,11.2000,0.269212
500,0.10,30,56,11.4000,0.259737
500,0.10,30,57,11.6000,0.250878
500,0.10,30,58,11.8000,0.235218
500,0.10,30,59,12.0000,0.246830
500,0.10,30,60,12.2000,0.257364
500,0.10,30,61,12.4000,0.242347
500,0.10,30,62,12.6000,0.238745
500,0.10,30,63,12.8000,0.238523
500,0.10,30,64,13.0000,0.243744
500,0.10,30,65,13.2000,0.226632
500,0.10,30,66,13.4000,0.209263
500,0.10,30,67,13.6000,0.204358
500,0.10,30,68,13.8000,0.201080
500,0.10,30,69,14.0000,0.206379
500,0.10,30,70,14.2000,0.216989
500,0.10,30,71,14.4000,0.211076
500,0.10,30,72,14.6000,0.208356
500,0.10,30,73,14.8000,0.206745
500,0.10,30,74,15.0000,0.197534
500,0.10,30,75,15.2000,0.195106
500,0.10,30,76,15.4000,0.190603
500,0.10,30,77,15.6000,0.187379
500,0.10,30,78,15.8000,0.195014
500,0.10,30,79,16.0000,0.188650
500,0.10,30,80,16.2000,0.183668
500,0.10,30,81,16.4000,0.181681
500,0.10,30,82,16.6000,0.174158
500,0.10,30,83,16.8000,0.162932
500,0.10,30,84,17.0000,0.153811
500,0.10,30,85,17.2000,0.144361
500,0.10,30,86,17.4000,0.142755
500,0.10,30,87,17.6000,0.140390
500,0.10,30,88,17.8000,0.132186
500,0.10,30,89,18.0000,0.123188
500,0.10,30,90,18.2000,0.123762
500,0.10,30,91,18.4000,0.129540
500,0.10,30,92,18.6000,0.134879
500,0.10,30,93,18.8000,0.134514
500,0.10,30,94,19.0000,0.135211
500,0.10,30,95,19.2000,0.139174
500,0.10,30,96,19.4000,0.143852
500,0.10,30,97,19.6000,0.143103
500,0.10,30,98,19.8000,0.145433
500,0.10,30,99,20.0000,0.145789
500,0.10,40,0,0.2000,3.680815
500,0.10,40,1,0.4000,1.906169
500,0.10,40,2,0.6000,0.932266
500,0.10,40,3,0.8000,1.064650
500,0.10,40,4,1.0000,0.916236
500,0.10,40,5,1.2000,1.035778
500,0.10,40,6,1.4000,1.085967
500,0.10,40,7,1.6000,1.114084
500,0.10,40,8,1.8000,1.071596
500,0.10,40,9,2.0000,0.969623
500,0.10,40,10,2.2000,0.909446
500,0.10,40,11,2.4000,0.786046
500,0.10,40,12,2.6000,0.700010
500,0.10,40,13,2.8000,0.698944
500,0.10,40,14,3.0000,0.705794
500,0.10,40,15,3.2000,0.683529
500,0.10,40,16,3.4000,0.663836
500,0.10,40,17,3.6000,0.634218
500,0.10,40,18,3.8000,0.603197
500,0.10,40,19,4.0000,0.570791
500,0.10,40,20,4.2000,0.558195
500,0.10,40,21,4.4000,0.545101
500,0.10,40,22,4.6000,0.479546
500,0.10,40,23,4.8000,0.462731
500,0.10,40,24,5.0000,0.457648
500,0.10,40,25,5.2000,0.398137
500,0.10,40,26,5.4000,0.300787
500,0.10,40,27,5.6000,0.233486
500,0.10,40,28,5.8000,0.240093
500,0.10,40,29,6.0000,0.246594
500,0.10,40,30,6.2000,0.234413
500,0.10,40,31,6.4000,0.275349
500,0.10,40,32,6.6000,0.313446
500,0.10,40,33,6.8000,0.336237
500,0.10,40,34,7.0000,0.294405
500,0.10,40,35,7.2000,0.276128
500,0.10,40,36,7.4000,0.274131
500,0.10,40,37,7.6000,0.250669
500,0.10,40,38,7.8000,0.244048
500,0.10,40,39,8.0000,0.260377
500,0.10,40,40,8.2000,0.277055
500,0.10,40,41,8.4000,0.297026
500,0.10,40,42,8.6000,0.314582
500,0.10,40,43,8.8000,0.309642
500,0.10,40,44,9.0000,0.302298
500,0.10,40,45,9.2000,0.295070
500,0.10,40,46,9.4000,0.304847
500,0.10,40,47,9.6000,0.301807
500,0.10,40,48,9.8000,0.283820
500,0.10,40,49,10.0000,0.271328
500,0.10,40,50,10.2000,0.259597
500,0.10,40,51,10.4000,0.236093
500,0.10,40,52,10.6000,0.233915
500,0.10,40,53,10.8000,0.243066
500,0.10,40,54,11.0000,0.267481
500,0.10,40,55,11.2000,0.280504
500,0.10,40,56,11.4000,0.296812
500,0.10,40,57,11.6000,0.310240
500,0.10,40,58,11.8000,0.312264
500,0.10,40,59,12.0000,0.329730
500,0.10,40,60,12.2000,0.339685
500,0.10,40,61,12.4000,0.338827
500,0.10,40,62,12.6000,0.335282
500,0.10,40,63,12.8000,0.332225
500,0.10,40,64,13.0000,0.332276
500,0.10,40,65,13.2000,0.326621
500,0.10,40,66,13.4000,0.323903
500,0.10,40,67,13.6000,0.316715
500,0.10,40,68,13.8000,0.311716
500,0.10,40,69,14.0000,0.302220
500,0.10,40,70,14.2000,0.291170
500,0.10,40,71,14.4000,0.292315
500,0.10,40,72,14.6000,0.297904
500,0.10,40,73,14.8000,0.305521
500,0.10,40,74,15.0000,0.298996
500,0.10,40,75,15.2000,0.293213
500,0.10,40,76,15.4000,0.280795
500,0.10,40,77,15.6000,0.268229
500,0.10,40,78,15.8000,0.277017
500,0.10,40,79,16.0000,0.287331
500,0.10,40,80,16.2000,0.289385
500,0.10,40,81,16.4000,0.298102
500,0.10,40,82,16.6000,0.306421
500,0.10,40,83,16.8000,0.305825
500,0.10,40,84,17.0000,0.304761
500,0.10,40,85,17.2000,0.299813
500,0.10,40,86,17.4000,0.296466
500,0.10,40,87,17.6000,0.286086
500,0.10,40,88,17.8000,0.276070
500,0.10,40,89,18.0000,0.270987
500,0.10,40,90,18.2000,0.271859
500,0.10,40,91,18.4000,0.270041
500,0.10,40,92,18.6000,0.272725
500,0.10,40,93,18.8000,0.273340
500,0.10,40,94,19.0000,0.278226
500,0.10,40,95,19.2000,0.279009
500,0.10,40,96,19.4000,0.284069
500,0.10,40,97,19.6000,0.280912
500,0.10,40,98,19.8000,0.275992
500,0.10,40,99,20.0000,0.271017
500,0.10,50,0,0.2000,1.487533
500,0.10,50,1,0.4000,1.713193
500,0.10,50,2,0.6000,1.693380
500,0.10,50,3,0.8000,1.711111
500,0.10,50,4,1.0000,2.102423
500,0.10,50,5,1.2000,0.656091
500,0.10,50,6,1.4000,0.305653
500,0.10,50,7,1.6000,0.311021
500,0.10,50,8,1.8000,0.216775
500,0.10,50,9,2.0000,0.181921
500,0.10,50,10,2.2000,0.173806
500,0.10,50,11,2.4000,0.144992
500,0.10,50,12,2.6000,0.187821
500,0.10,50,13,2.8000,0.185585
500,0.10,50,14,3.0000,0.174835
500,0.10,50,15,3.2000,0.157991
500,0.10,50,16,3.4000,0.178752
500,0.10,50,17,3.6000,0.192093
500,0.10,50,18,3.8000,0.202701
500,0.10,50,19,4.0000,0.233834
500,0.10,50,20,4.2000,0.239086
500,0.10,50,21,4.4000,0.266474
500,0.10,50,22,4.6000,0.273037
500,0.10,50,23,4.8000,0.246400
500,0.10,50,24,5.0000,0.221784
500,0.10,50,25,5.2000,0.207058
500,0.10,50,26,5.4000,0.199946
500,0.10,50,27,5.6000,0.196520
500,0.10,50,28,5.8000,0.184957
500,0.10,50,29,6.0000,0.182924
500,0.10,50,30,6.2000,0.181558
500,0.10,50,31,6.4000,0.186319
500,0.10,50,32,6.6000,0.127653
500,0.10,50,33,6.8000,0.136520
500,0.10,50,34,7.0000,0.149768
500,0.10,50,35,7.2000,0.171902
500,0.10,50,36,7.4000,0.172711
500,0.10,50,37,7.6000,0.197251
500,0.10,50,38,7.8000,0.200053
500,0.10,50,39,8.0000,0.207467
500,0.10,50,40,8.2000,0.215349
500,0.10,50,41,8.4000,0.191343
500,0.10,50,42,8.6000,0.177438
500,0.10,50,43,8.8000,0.146810
500,0.10,50,44,9.0000,0.134187
500,0.10,50,45,9.2000,0.128226
500,0.10,50,46,9.4000,0.112565
500,0.10,50,47,9.6000,0.110615
500,0.10,50,48,9.8000,0.109847
500,0.10,50,49,10.0000,0.108470
500,0.10,50,50,10.2000,0.108145
500,0.10,50,51,10.4000,0.115210
500,0.10,50,52,10.6000,0.111766
500,0.10,50,53,10.8000,0.116567
500,0.10,50,54,11.0000,0.121927
500,0.10,50,55,11.2000,0.125004
500,0.10,50,56,11.4000,0.123460
500,0.10,50,57,11.6000,0.123551
500,0.10,50,58,11.8000,0.120296
500,0.10,50,59,12.0000,0.118828
500,0.10,50,60,12.2000,0.122164
500,0.10,50,61,12.4000,0.131382
500,0.10,50,62,12.6000,0.125198
500,0.10,50,63,12.8000,0.124617
500,0.10,50,64,13.0000,0.123864
500,0.10,50,65,13.2000,0.122794
500,0.10,50,66,13.4000,0.123073
500,0.10,50,67,13.6000,0.121333
500,0.10,50,68,13.8000,0.122551
500,0.10,50,69,14.0000,0.128085
500,0.10,50,70,14.2000,0.131682
500,0.10,50,71,14.4000,0.143017
500,0.10,50,72,14.6000,0.141498
500,0.10,50,73,14.8000,0.137329
500,0.10,50,74,15.0000,0.132318
500,0.10,50,75,15.2000,0.132991
500,0.10,50,76,15.4000,0.130889
500,0.10,50,77,15.6000,0.130477
500,0.10,50,78,15.8000,0.123602
500,0.10,50,79,16.0000,0.124338
500,0.10,50,80,16.2000,0.125484
500,0.10,50,81,16.4000,0.123737
500,0.10,50,82,16.6000,0.124773
500,0.10,50,83,16.8000,0.129692
500,0.10,50,84,17.0000,0.129659
500,0.10,50,85,17.2000,0.126017
500,0.10,50,86,17.4000,0.126841
500,0.10,50,87,17.6000,0.125842
500,0.10,50,88,17.8000,0.128646
500,0.10,50,89,18.0000,0.127248
500,0.10,50,90,18.2000,0.124409
500,0.10,50,91,18.4000,0.126691
500,0.10,50,92,18.6000,0.126542
500,0.10,50,93,18.8000,0.127631
500,0.10,50,94,19.0000,0.128807
500,0.10,50,95,19.2000,0.137458
500,0.10,50,96,19.4000,0.137780
500,0.10,50,97,19.6000,0.133088
500,0.10,50,98,19.8000,0.126714
500,0.10,50,99,20.0000,0.122388
500,0.10,60,0,0.2000,1.147976
500,0.10,60,1,0.4000,1.329261
500,0.10,60,2,0.6000,0.664219
500,0.10,60,3,0.8000,0.424581
500,0.10,60,4,1.0000,0.427510
500,0.10,60,5,1.2000,0.497432
500,0.10,60,6,1.4000,0.566245
500,0.10,60,7,1.6000,0.572653
500,0.10,60,8,1.8000,0.466953
500,0.10,60,9,2.0000,0.392570
500,0.10,60,10,2.2000,0.373177
500,0.10,60,11,2.4000,0.363899
500,0.10,60,12,2.6000,0.372048
500,0.10,60,13,2.8000,0.343559
500,0.10,60,14,3.0000,0.220788
500,0.10,60,15,3.2000,0.237982
500,0.10,60,16,3.4000,0.211991
500,0.10,60,17,3.6000,0.258658
500,0.10,60,18,3.8000,0.279102
500,0.10,60,19,4.0000,0.283268
500,0.10,60,20,4.2000,0.313820
500,0.10,60,21,4.4000,0.315903
500,0.10,60,22,4.6000,0.315682
500,0.10,60,23,4.8000,0.295232
500,0.10,60,24,5.0000,0.307464
500,0.10,60,25,5.2000,0.346850
500,0.10,60,26,5.4000,0.386813
500,0.10,60,27,5.6000,0.430696
500,0.10,60,28,5.8000,0.386047
500,0.10,60,29,6.0000,0.418609
500,0.10,60,30,6.2000,0.287742
500,0.10,60,31,6.4000,0.234131
500,0.10,60,32,6.6000,0.227390
500,0.10,60,33,6.8000,0.252275
500,0.10,60,34,7.0000,0.256258
500,0.10,60,35,7.2000,0.256102
500,0.10,60,36,7.4000,0.257053
500,0.10,60,37,7.6000,0.236981
500,0.10,60,38,7.8000,0.213136
500,0.10,60,39,8.0000,0.200285
500,0.10,60,40,8.2000,0.185330
500,0.10,60,41,8.4000,0.186384
500,0.10,60,42,8.6000,0.186458
500,0.10,60,43,8.8000,0.188192
500,0.10,60,44,9.0000,0.171192
500,0.10,60,45,9.2000,0.147668
500,0.10,60,46,9.4000,0.141941
500,0.10,60,47,9.6000,0.120879
500,0.10,60,48,9.8000,0.125479
500,0.10,60,49,10.0000,0.126213
500,0.10,60,50,10.2000,0.136596
500,0.10,60,51,10.4000,0.143022
500,0.10,60,52,10.6000,0.155887
500,0.10,60,53,10.8000,0.163301
500,0.10,60,54,11.0000,0.176937
500,0.10,60,55,11.2000,0.188196
500,0.10,60,56,11.4000,0.195714
500,0.10,60,57,11.6000,0.207586
500,0.10,60,58,11.8000,0.185905
500,0.10,60,59,12.0000,0.181203
500,0.10,60,60,12.2000,0.196991
500,0.10,60,61,12.4000,0.188784
500,0.10,60,62,12.6000,0.173644
500,0.10,60,63,12.8000,0.163212
500,0.10,60,64,13.0000,0.143487
500,0.10,60,65,13.2000,0.140929
500,0.10,60,66,13.4000,0.130015
500,0.10,60,67,13.6000,0.131218
500,0.10,60,68,13.8000,0.123233
500,0.10,60,69,14.0000,0.114798
500,0.10,60,70,14.2000,0.114089
500,0.10,60,71,14.4000,0.113007
500,0.10,60,72,14.6000,0.117511
500,0.10,60,73,14.8000,0.124838
500,0.10,60,74,15.0000,0.127192
500,0.10,60,75,15.2000,0.129607
500,0.10,60,76,15.4000,0.135155
500,0.10,60,77,15.6000,0.141742
500,0.10,60,78,15.8000,0.148999
500,0.10,60,79,16.0000,0.144560
500,0.10,60,80,16.2000,0.144356
500,0.10,60,81,16.4000,0.148873
500,0.10,60,82,16.6000,0.152168
500,0.10,60,83,16.8000,0.154612
500,0.10,60,84,17.0000,0.155254
500,0.10,60,85,17.2000,0.161054
500,0.10,60,86,17.4000,0.165683
500,0.10,60,87,17.6000,0.172534
500,0.10,60,88,17.8000,0.154272
500,0.10,60,89,18.0000,0.158615
500,0.10,60,90,18.2000,0.165099
500,0.10,60,91,18.4000,0.166762
500,0.10,60,92,18.6000,0.173535
500,0.10,60,93,18.8000,0.178744
500,0.10,60,94,19.0000,0.182701
500,0.10,60,95,19.2000,0.187674
500,0.10,60,96,19.4000,0.182999
500,0.10,60,97,19.6000,0.180074
500,0.10,60,98,19.8000,0.182524
500,0.10,60,99,20.0000,0.183667
500,0.10,70,0,0.2000,3.670482
500,0.10,70,1,0.4000,3.688638
500,0.10,70,2,0.6000,2.764212
500,0.10,70,3,0.8000,3.238310
500,0.10,70,4,1.0000,0.554898
500,0.10,70,5,1.2000,0.367610
500,0.10,70,6,1.4000,0.414091
500,0.10,70,7,1.6000,0.264548
500,0.10,70,8,1.8000,0.244400
500,0.10,70,9,2.0000,0.304993
500,0.10,70,10,2.2000,0.334181
500,0.10,70,11,2.4000,0.390942
500,0.10,70,12,2.6000,0.407653
500,0.10,70,13,2.8000,0.413060
500,0.10,70,14,3.0000,0.376425
500,0.10,70,15,3.2000,0.354922
500,0.10,70,16,3.4000,0.346609
500,0.10,70,17,3.6000,0.297637
500,0.10,70,18,3.8000,0.240088
500,0.10,70,19,4.0000,0.192827
500,0.10,70,20,4.2000,0.205761
500,0.10,70,21,4.4000,0.242234
500,0.10,70,22,4.6000,0.289459
500,0.10,70,23,4.8000,0.297105
500,0.10,70,24,5.0000,0.277272
500,0.10,70,25,5.2000,0.248349
500,0.10,70,26,5.4000,0.227535
500,0.10,70,27,5.6000,0.212713
500,0.10,70,28,5.8000,0.197841
500,0.10,70,29,6.0000,0.164518
500,0.10,70,30,6.2000,0.171741
500,0.10,70,31,6.4000,0.196625
500,0.10,70,32,6.6000,0.200894
500,0.10,70,33,6.8000,0.234255
500,0.10,70,34,7.0000,0.256651
500,0.10,70,35,7.2000,0.291822
500,0.10,70,36,7.4000,0.313743
500,0.10,70,37,7.6000,0.305796
500,0.10,70,38,7.8000,0.301395
500,0.10,70,39,8.0000,0.300656
500,0.10,70,40,8.2000,0.301821
500,0.10,70,41,8.4000,0.291792
500,0.10,70,42,8.6000,0.296734
500,0.10,70,43,8.8000,0.302895
500,0.10,70,44,9.0000,0.293421
500,0.10,70,45,9.2000,0.285883
500,0.10,70,46,9.4000,0.275171
500,0.10,70,47,9.6000,0.265244
500,0.10,70,48,9.8000,0.258604
500,0.10,70,49,10.0000,0.256797
500,0.10,70,50,10.2000,0.257871
500,0.10,70,51,10.4000,0.266774
500,0.10,70,52,10.6000,0.258093
500,0.10,70,53,10.8000,0.269741
500,0.10,70,54,11.0000,0.260014
500,0.10,70,55,11.2000,0.252552
500,0.10,70,56,11.4000,0.239608
500,0.10,70,57,11.6000,0.237020
500,0.10,70,58,11.8000,0.234362
500,0.10,70,59,12.0000,0.248105
500,0.10,70,60,12.2000,0.257043
500,0.10,70,61,12.4000,0.258379
500,0.10,70,62,12.6000,0.254835
500,0.10,70,63,12.8000,0.252347
500,0.10,70,64,13.0000,0.253402
500,0.10,70,65,13.2000,0.251084
500,0.10,70,66,13.4000,0.253076
500,0.10,70,67,13.6000,0.252584
500,0.10,70,68,13.8000,0.250711
500,0.10,70,69,14.0000,0.245304
500,0.10,70,70,14.2000,0.234851
500,0.10,70,71,14.4000,0.220152
500,0.10,70,72,14.6000,0.216357
500,0.10,70,73,14.8000,0.214185
500,0.10,70,74,15.0000,0.208335
500,0.10,70,75,15.2000,0.203353
500,0.10,70,76,15.4000,0.199525
500,0.10,70,77,15.6000,0.197268
500,0.10,70,78,15.8000,0.196754
500,0.10,70,79,16.0000,0.195427
500,0.10,70,80,16.2000,0.187640
500,0.10,70,81,16.4000,0.180588
500,0.10,70,82,16.6000,0.174955
500,0.10,70,83,16.8000,0.172954
500,0.10,70,84,17.0000,0.171234
500,0.10,70,85,17.2000,0.171394
500,0.10,70,86,17.4000,0.171331
500,0.10,70,87,17.6000,0.170806
500,0.10,70,88,17.8000,0.165345
500,0.10,70,89,18.0000,0.164984
500,0.10,70,90,18.2000,0.168014
500,0.10,70,91,18.4000,0.174088
500,0.10,70,92,18.6000,0.175311
500,0.10,70,93,18.8000,0.175901
500,0.10,70,94,19.0000,0.184471
500,0.10,70,95,19.2000,0.189260
500,0.10,70,96,19.4000,0.196225
500,0.10,70,97,19.6000,0.205959
500,0.10,70,98,19.8000,0.206810
500,0.10,70,99,20.0000,0.200567
500,0.10,80,0,0.2000,2.917187
500,0.10,80,1,0.4000,2.805697
500,0.10,80,2,0.6000,2.667076
500,0.10,80,3,0.8000,2.354896
500,0.10,80,4,1.0000,2.296461
500,0.10,80,5,1.2000,2.178718
500,0.10,80,6,1.4000,1.259404
500,0.10,80,7,1.6000,1.266426
500,0.10,80,8,1.8000,1.258130
500,0.10,80,9,2.0000,1.222543
500,0.10,80,10,2.2000,1.185590
500,0.10,80,11,2.4000,0.729859
500,0.10,80,12,2.6000,0.483550
500,0.10,80,13,2.8000,0.451401
500,0.10,80,14,3.0000,0.342832
500,0.10,80,15,3.2000,0.342760
500,0.10,80,16,3.4000,0.308123
500,0.10,80,17,3.6000,0.281328
500,0.10,80,18,3.8000,0.281804
500,0.10,80,19,4.0000,0.298230
500,0.10,80,20,4.2000,0.288449
500,0.10,80,21,4.4000,0.226560
500,0.10,80,22,4.6000,0.223889
500,0.10,80,23,4.8000,0.212139
500,0.10,80,24,5.0000,0.223711
500,0.10,80,25,5.2000,0.233395
500,0.10,80,26,5.4000,0.230674
500,0.10,80,27,5.6000,0.209966
500,0.10,80,28,5.8000,0.208213
500,0.10,80,29,6.0000,0.219065
500,0.10,80,30,6.2000,0.236612
500,0.10,80,31,6.4000,0.257490
500,0.10,80,32,6.6000,0.235545
500,0.10,80,33,6.8000,0.207862
500,0.10,80,34,7.0000,0.205969
500,0.10,80,35,7.2000,0.167963
500,0.10,80,36,7.4000,0.141094
500,0.10,80,37,7.6000,0.136280
500,0.10,80,38,7.8000,0.129675
500,0.10,80,39,8.0000,0.123596
500,0.10,80,40,8.2000,0.122449
500,0.10,80,41,8.4000,0.116362
500,0.10,80,42,8.6000,0.103339
500,0.10,80,43,8.8000,0.111593
500,0.10,80,44,9.0000,0.116000
500,0.10,80,45,9.2000,0.122413
500,0.10,80,46,9.4000,0.125839
500,0.10,80,47,9.6000,0.140110
500,0.10,80,48,9.8000,0.126063
500,0.10,80,49,10.0000,0.115109
500,0.10,80,50,10.2000,0.107914
500,0.10,80,51,10.4000,0.103471
500,0.10,80,52,10.6000,0.102457
500,0.10,80,53,10.8000,0.105711
500,0.10,80,54,11.0000,0.112305
500,0.10,80,55,11.2000,0.120572
500,0.10,80,56,11.4000,0.119125
500,0.10,80,57,11.6000,0.127148
500,0.10,80,58,11.8000,0.138117
500,0.10,80,59,12.0000,0.154247
500,0.10,80,60,12.2000,0.158009
500,0.10,80,61,12.4000,0.160618
500,0.10,80,62,12.6000,0.161500
500,0.10,80,63,12.8000,0.170675
500,0.10,80,64,13.0000,0.163773
500,0.10,80,65,13.2000,0.159247
500,0.10,80,66,13.4000,0.158662
500,0.10,80,67,13.6000,0.149957
500,0.10,80,68,13.8000,0.152033
500,0.10,80,69,14.0000,0.151074
500,0.10,80,70,14.2000,0.148189
500,0.10,80,71,14.4000,0.143128
500,0.10,80,72,14.6000,0.137450
500,0.10,80,73,14.8000,0.139164
500,0.10,80,74,15.0000,0.136272
500,0.10,80,75,15.2000,0.136291
500,0.10,80,76,15.4000,0.141134
500,0.10,80,77,15.6000,0.144823
500,0.10,80,78,15.8000,0.143270
500,0.10,80,79,16.0000,0.141131
500,0.10,80,80,16.2000,0.133735
500,0.10,80,81,16.4000,0.126646
500,0.10,80,82,16.6000,0.117438
500,0.10,80,83,16.8000,0.114276
500,0.10,80,84,17.0000,0.106820
500,0.10,80,85,17.2000,0.105479
500,0.10,80,86,17.4000,0.111858
500,0.10,80,87,17.6000,0.114931
500,0.10,80,88,17.8000,0.108421
500,0.10,80,89,18.0000,0.109906
500,0.10,80,90,18.2000,0.117169
500,0.10,80,91,18.4000,0.114013
500,0.10,80,92,18.6000,0.107346
500,0.10,80,93,18.8000,0.100269
500,0.10,80,94,19.0000,0.101837
500,0.10,80,95,19.2000,0.105404
500,0.10,80,96,19.4000,0.107523
500,0.10,80,97,19.6000,0.111817
500,0.10,80,98,19.8000,0.120176
500,0.10,80,99,20.0000,0.122716
500,0.10,90,0,0.2000,2.609949
500,0.10,90,1,0.4000,2.040735
500,0.10,90,2,0.6000,0.646616
500,0.10,90,3,0.8000,0.620364
500,0.10,90,4,1.0000,0.585140
500,0.10,90,5,1.2000,0.520013
500,0.10,90,6,1.4000,0.408834
500,0.10,90,7,1.6000,0.365439
500,0.10,90,8,1.8000,0.372674
500,0.10,90,9,2.0000,0.249063
500,0.10,90,10,2.2000,0.229772
500,0.10,90,11,2.4000,0.228157
500,0.10,90,12,2.6000,0.236903
500,0.10,90,13,2.8000,0.223435
500,0.10,90,14,3.0000,0.228622
500,0.10,90,15,3.2000,0.227554
500,0.10,90,16,3.4000,0.223691
500,0.10,90,17,3.6000,0.225176
500,0.10,90,18,3.8000,0.237598
500,0.10,90,19,4.0000,0.265591
500,0.10,90,20,4.2000,0.277629
500,0.10,90,21,4.4000,0.238599
500,0.10,90,22,4.6000,0.250271
500,0.10,90,23,4.8000,0.252712
500,0.10,90,24,5.0000,0.239372
500,0.10,90,25,5.2000,0.230425
500,0.10,90,26,5.4000,0.245707
500,0.10,90,27,5.6000,0.253908
500,0.10,90,28,5.8000,0.250048
500,0.10,90,29,6.0000,0.213588
500,0.10,90,30,6.2000,0.186793
500,0.10,90,31,6.4000,0.182008
500,0.10,90,32,6.6000,0.183497
500,0.10,90,33,6.8000,0.181269
500,0.10,90,34,7.0000,0.163020
500,0.10,90,35,7.2000,0.143163
500,0.10,90,36,7.4000,0.104231
500,0.10,90,37,7.6000,0.100599
500,0.10,90,38,7.8000,0.105077
500,0.10,90,39,8.0000,0.100425
500,0.10,90,40,8.2000,0.107665
500,0.10,90,41,8.4000,0.111182
500,0.10,90,42,8.6000,0.145133
500,0.10,90,43,8.8000,0.167196
500,0.10,90,44,9.0000,0.150384
500,0.10,90,45,9.2000,0.143483
500,0.10,90,46,9.4000,0.109483
500,0.10,90,47,9.6000,0.102924
500,0.10,90,48,9.8000,0.103406
500,0.10,90,49,10.0000,0.101625
500,0.10,90,50,10.2000,0.100969
500,0.10,90,51,10.4000,0.100262
500,0.10,90,52,10.6000,0.098251
500,0.10,90,53,10.8000,0.085452
500,0.10,90,54,11.0000,0.085219
500,0.10,90,55,11.2000,0.084095
500,0.10,90,56,11.4000,0.087090
500,0.10,90,57,11.6000,0.087174
500,0.10,90,58,11.8000,0.087305
500,0.10,90,59,12.0000,0.095621
500,0.10,90,60,12.2000,0.101188
500,0.10,90,61,12.4000,0.100450
500,0.10,90,62,12.6000,0.105226
500,0.10,90,63,12.8000,0.108939
500,0.10,90,64,13.0000,0.116075
500,0.10,90,65,13.2000,0.102371
500,0.10,90,66,13.4000,0.094103
500,0.10,90,67,13.6000,0.101502
500,0.10,90,68,13.8000,0.124225
500,0.10,90,69,14.0000,0.124711
500,0.10,90,70,14.2000,0.120086
500,0.10,90,71,14.4000,0.120298
500,0.10,90,72,14.6000,0.114610
500,0.10,90,73,14.8000,0.126124
500,0.10,90,74,15.0000,0.129874
500,0.10,90,75,15.2000,0.132506
500,0.10,90,76,15.4000,0.127070
500,0.10,90,77,15.6000,0.121939
500,0.10,90,78,15.8000,0.122713
500,0.10,90,79,16.0000,0.118444
500,0.10,90,80,16.2000,0.115847
500,0.10,90,81,16.4000,0.114386
500,0.10,90,82,16.6000,0.130716
500,0.10,90,83,16.8000,0.134142
500,0.10,90,84,17.0000,0.124746
500,0.10,90,85,17.2000,0.114268
500,0.10,90,86,17.4000,0.105434
500,0.10,90,87,17.6000,0.096273
500,0.10,90,88,17.8000,0.099528
500,0.10,90,89,18.0000,0.099005
500,0.10,90,90,18.2000,0.095286
500,0.10,90,91,18.4000,0.103554
500,0.10,90,92,18.6000,0.113669
500,0.10,90,93,18.8000,0.129647
500,0.10,90,94,19.0000,0.139217
500,0.10,90,95,19.2000,0.135866
500,0.10,90,96,19.4000,0.131748
500,0.10,90,97,19.6000,0.128576
500,0.10,90,98,19.8000,0.124110
500,0.10,90,99,20.0000,0.120788
500,0.2,10,0,0.2000,0.736371
500,0.2,10,1,0.4000,0.639162
500,0.2,10,2,0.6000,0.716740
500,0.2,10,3,0.8000,0.732976
500,0.2,10,4,1.0000,0.603908
500,0.2,10,5,1.2000,0.544014
500,0.2,10,6,1.4000,0.590655
500,0.2,10,7,1.6000,0.580527
500,0.2,10,8,1.8000,0.570092
500,0.2,10,9,2.0000,0.817936
500,0.2,10,10,2.2000,0.969747
500,0.2,10,11,2.4000,0.955379
500,0.2,10,12,2.6000,0.943571
500,0.2,10,13,2.8000,0.930998
500,0.2,10,14,3.0000,0.931773
500,0.2,10,15,3.2000,0.708256
500,0.2,10,16,3.4000,0.710950
500,0.2,10,17,3.6000,0.680179
500,0.2,10,18,3.8000,0.576335
500,0.2,10,19,4.0000,0.526298
500,0.2,10,20,4.2000,0.468953
500,0.2,10,21,4.4000,0.404259
500,0.2,10,22,4.6000,0.343976
500,0.2,10,23,4.8000,0.300066
500,0.2,10,24,5.0000,0.279864
500,0.2,10,25,5.2000,0.265405
500,0.2,10,26,5.4000,0.239940
500,0.2,10,27,5.6000,0.215391
500,0.2,10,28,5.8000,0.200183
500,0.2,10,29,6.0000,0.193760
500,0.2,10,30,6.2000,0.189186
500,0.2,10,31,6.4000,0.189267
500,0.2,10,32,6.6000,0.223893
500,0.2,10,33,6.8000,0.249265
500,0.2,10,34,7.0000,0.256743
500,0.2,10,35,7.2000,0.263568
500,0.2,10,36,7.4000,0.256218
500,0.2,10,37,7.6000,0.230491
500,0.2,10,38,7.8000,0.238662
500,0.2,10,39,8.0000,0.229608
500,0.2,10,40,8.2000,0.236180
500,0.2,10,41,8.4000,0.212722
500,0.2,10,42,8.6000,0.166402
500,0.2,10,43,8.8000,0.145827
500,0.2,10,44,9.0000,0.142619
500,0.2,10,45,9.2000,0.159523
500,0.2,10,46,9.4000,0.167782
500,0.2,10,47,9.6000,0.183621
500,0.2,10,48,9.8000,0.161994
500,0.2,10,49,10.0000,0.166124
500,0.2,10,50,10.2000,0.146583
500,0.2,10,51,10.4000,0.123823
500,0.2,10,52,10.6000,0.115735
500,0.2,10,53,10.8000,0.118415
500,0.2,10,54,11.0000,0.123484
500,0.2,10,55,11.2000,0.123887
500,0.2,10,56,11.4000,0.131514
500,0.2,10,57,11.6000,0.140036
500,0.2,10,58,11.8000,0.134831
500,0.2,10,59,12.0000,0.130174
500,0.2,10,60,12.2000,0.120835
500,0.2,10,61,12.4000,0.119483
500,0.2,10,62,12.6000,0.123838
500,0.2,10,63,12.8000,0.135928
500,0.2,10,64,13.0000,0.141411
500,0.2,10,65,13.2000,0.139043
500,0.2,10,66,13.4000,0.138940
500,0.2,10,67,13.6000,0.143618
500,0.2,10,68,13.8000,0.153876
500,0.2,10,69,14.0000,0.159032
500,0.2,10,70,14.2000,0.163234
500,0.2,10,71,14.4000,0.169479
500,0.2,10,72,14.6000,0.161393
500,0.2,10,73,14.8000,0.169474
500,0.2,10,74,15.0000,0.174282
500,0.2,10,75,15.2000,0.171894
500,0.2,10,76,15.4000,0.178052
500,0.2,10,77,15.6000,0.186044
500,0.2,10,78,15.8000,0.177014
500,0.2,10,79,16.0000,0.169618
500,0.2,10,80,16.2000,0.167345
500,0.2,10,81,16.4000,0.176498
500,0.2,10,82,16.6000,0.186293
500,0.2,10,83,16.8000,0.193566
500,0.2,10,84,17.0000,0.197455
500,0.2,10,85,17.2000,0.203195
500,0.2,10,86,17.4000,0.208419
500,0.2,10,87,17.6000,0.205986
500,0.2,10,88,17.8000,0.194766
500,0.2,10,89,18.0000,0.176042
500,0.2,10,90,18.2000,0.168274
500,0.2,10,91,18.4000,0.158760
500,0.2,10,92,18.6000,0.146399
500,0.2,10,93,18.8000,0.137386
500,0.2,10,94,19.0000,0.134318
500,0.2,10,95,19.2000,0.129928
500,0.2,10,96,19.4000,0.134902
500,0.2,10,97,19.6000,0.140785
500,0.2,10,98,19.8000,0.148205
500,0.2,10,99,20.0000,0.140648
500,0.2,100,0,0.2000,1.845939
500,0.2,100,1,0.4000,0.906385
500,0.2,100,2,0.6000,1.018458
500,0.2,100,3,0.8000,0.809670
500,0.2,100,4,1.0000,0.784131
500,0.2,100,5,1.2000,0.652728
500,0.2,100,6,1.4000,0.564006
500,0.2,100,7,1.6000,0.559641
500,0.2,100,8,1.8000,0.558761
500,0.2,100,9,2.0000,0.568247
500,0.2,100,10,2.2000,0.468022
500,0.2,100,11,2.4000,0.479991
500,0.2,100,12,2.6000,0.537063
500,0.2,100,13,2.8000,0.549107
500,0.2,100,14,3.0000,0.533214
500,0.2,100,15,3.2000,0.533024
500,0.2,100,16,3.4000,0.513285
500,0.2,100,17,3.6000,0.440170
500,0.2,100,18,3.8000,0.395788
500,0.2,100,19,4.0000,0.328064
500,0.2,100,20,4.2000,0.337968
500,0.2,100,21,4.4000,0.261315
500,0.2,100,22,4.6000,0.293389
500,0.2,100,23,4.8000,0.299493
500,0.2,100,24,5.0000,0.255713
500,0.2,100,25,5.2000,0.274247
500,0.2,100,26,5.4000,0.303913
500,0.2,100,27,5.6000,0.290806
500,0.2,100,28,5.8000,0.294022
500,0.2,100,29,6.0000,0.264713
500,0.2,100,30,6.2000,0.267234
500,0.2,100,31,6.4000,0.269274
500,0.2,100,32,6.6000,0.245884
500,0.2,100,33,6.8000,0.273111
500,0.2,100,34,7.0000,0.262557
500,0.2,100,35,7.2000,0.248258
500,0.2,100,36,7.4000,0.219400
500,0.2,100,37,7.6000,0.222195
500,0.2,100,38,7.8000,0.224952
500,0.2,100,39,8.0000,0.230690
500,0.2,100,40,8.2000,0.221882
500,0.2,100,41,8.4000,0.194826
500,0.2,100,42,8.6000,0.194744
500,0.2,100,43,8.8000,0.186058
500,0.2,100,44,9.0000,0.173764
500,0.2,100,45,9.2000,0.177714
500,0.2,100,46,9.4000,0.160567
500,0.2,100,47,9.6000,0.163750
500,0.2,100,48,9.8000,0.158032
500,0.2,100,49,10.0000,0.153023
500,0.2,100,50,10.2000,0.153704
500,0.2,100,51,10.4000,0.142341
500,0.2,100,52,10.6000,0.139111
500,0.2,100,53,10.8000,0.136607
500,0.2,100,54,11.0000,0.136514
500,0.2,100,55,11.2000,0.134110
500,0.2,100,56,11.4000,0.127918
500,0.2,100,57,11.6000,0.123047
500,0.2,100,58,11.8000,0.119733
500,0.2,100,59,12.0000,0.116659
500,0.2,100,60,12.2000,0.113300
500,0.2,100,61,12.4000,0.121233
500,0.2,100,62,12.6000,0.116593
500,0.2,100,63,12.8000,0.117238
500,0.2,100,64,13.0000,0.127968
500,0.2,100,65,13.2000,0.126124
500,0.2,100,66,13.4000,0.121383
500,0.2,100,67,13.6000,0.118602
500,0.2,100,68,13.8000,0.119664
500,0.2,100,69,14.0000,0.117174
500,0.2,100,70,14.2000,0.113592
500,0.2,100,71,14.4000,0.113954
500,0.2,100,72,14.6000,0.123995
500,0.2,100,73,14.8000,0.114229
500,0.2,100,74,15.0000,0.103695
500,0.2,100,75,15.2000,0.094787
500,0.2,100,76,15.4000,0.090082
500,0.2,100,77,15.6000,0.093639
500,0.2,100,78,15.8000,0.096404
500,0.2,100,79,16.0000,0.097865
500,0.2,100,80,16.2000,0.103825
500,0.2,100,81,16.4000,0.109429
500,0.2,100,82,16.6000,0.116911
500,0.2,100,83,16.8000,0.118576
500,0.2,100,84,17.0000,0.125645
500,0.2,100,85,17.2000,0.135582
500,0.2,100,86,17.4000,0.141536
500,0.2,100,87,17.6000,0.146130
500,0.2,100,88,17.8000,0.152791
500,0.2,100,89,18.0000,0.157693
500,0.2,100,90,18.2000,0.169210
500,0.2,100,91,18.4000,0.167935
500,0.2,100,92,18.6000,0.165446
500,0.2,100,93,18.8000,0.169860
500,0.2,100,94,19.0000,0.165585
500,0.2,100,95,19.2000,0.161605
500,0.2,100,96,19.4000,0.158375
500,0.2,100,97,19.6000,0.153437
500,0.2,100,98,19.8000,0.148822
500,0.2,100,99,20.0000,0.142099
500,0.2,20,0,0.2000,1.946902
500,0.2,20,1,0.4000,1.937205
500,0.2,20,2,0.6000,2.019433
500,0.2,20,3,0.8000,1.032850
500,0.2,20,4,1.0000,0.894941
500,0.2,20,5,1.2000,0.722534
500,0.2,20,6,1.4000,0.705220
500,0.2,20,7,1.6000,0.628302
500,0.2,20,8,1.8000,0.593937
500,0.2,20,9,2.0000,0.350572
500,0.2,20,10,2.2000,0.286341
500,0.2,20,11,2.4000,0.212376
500,0.2,20,12,2.6000,0.255032
500,0.2,20,13,2.8000,0.242979
500,0.2,20,14,3.0000,0.263152
500,0.2,20,15,3.2000,0.288156
500,0.2,20,16,3.4000,0.317977
500,0.2,20,17,3.6000,0.325686
500,0.2,20,18,3.8000,0.291112
500,0.2,20,19,4.0000,0.262671
500,0.2,20,20,4.2000,0.244075
500,0.2,20,21,4.4000,0.227955
500,0.2,20,22,4.6000,0.218023
500,0.2,20,23,4.8000,0.214190
500,0.2,20,24,5.0000,0.194282
500,0.2,20,25,5.2000,0.198345
500,0.2,20,26,5.4000,0.202178
500,0.2,20,27,5.6000,0.197359
500,0.2,20,28,5.8000,0.193249
500,0.2,20,29,6.0000,0.180794
500,0.2,20,30,6.2000,0.175722
500,0.2,20,31,6.4000,0.171041
500,0.2,20,32,6.6000,0.169223
500,0.2,20,33,6.8000,0.174611
500,0.2,20,34,7.0000,0.175459
500,0.2,20,35,7.2000,0.175018
500,0.2,20,36,7.4000,0.144319
500,0.2,20,37,7.6000,0.136172
500,0.2,20,38,7.8000,0.122725
500,0.2,20,39,8.0000,0.117786
500,0.2,20,40,8.2000,0.118198
500,0.2,20,41,8.4000,0.115302
500,0.2,20,42,8.6000,0.114823
500,0.2,20,43,8.8000,0.111136
500,0.2,20,44,9.0000,0.112171
500,0.2,20,45,9.2000,0.104319
500,0.2,20,46,9.4000,0.107471
500,0.2,20,47,9.6000,0.110995
500,0.2,20,48,9.8000,0.113053
500,0.2,20,49,10.0000,0.119142
500,0.2,20,50,10.2000,0.132070
500,0.2,20,51,10.4000,0.129663
500,0.2,20,52,10.6000,0.124078
500,0.2,20,53,10.8000,0.119461
500,0.2,20,54,11.0000,0.114520
500,0.2,20,55,11.2000,0.112709
500,0.2,20,56,11.4000,0.109782
500,0.2,20,57,11.6000,0.110611
500,0.2,20,58,11.8000,0.106164
500,0.2,20,59,12.0000,0.119785
500,0.2,20,60,12.2000,0.129687
500,0.2,20,61,12.4000,0.156993
500,0.2,20,62,12.6000,0.163087
500,0.2,20,63,12.8000,0.162953
500,0.2,20,64,13.0000,0.161840
500,0.2,20,65,13.2000,0.174063
500,0.2,20,66,13.4000,0.166170
500,0.2,20,67,13.6000,0.157034
500,0.2,20,68,13.8000,0.172460
500,0.2,20,69,14.0000,0.173159
500,0.2,20,70,14.2000,0.180584
500,0.2,20,71,14.4000,0.181723
500,0.2,20,72,14.6000,0.173325
500,0.2,20,73,14.8000,0.171105
500,0.2,20,74,15.0000,0.180101
500,0.2,20,75,15.2000,0.178350
500,0.2,20,76,15.4000,0.179296
500,0.2,20,77,15.6000,0.174344
500,0.2,20,78,15.8000,0.165191
500,0.2,20,79,16.0000,0.161122
500,0.2,20,80,16.2000,0.157873
500,0.2,20,81,16.4000,0.151658
500,0.2,20,82,16.6000,0.145727
500,0.2,20,83,16.8000,0.151305
500,0.2,20,84,17.0000,0.160999
500,0.2,20,85,17.2000,0.164006
500,0.2,20,86,17.4000,0.159327
500,0.2,20,87,17.6000,0.153926
500,0.2,20,88,17.8000,0.154436
500,0.2,20,89,18.0000,0.154184
500,0.2,20,90,18.2000,0.152349
500,0.2,20,91,18.4000,0.160821
500,0.2,20,92,18.6000,0.156889
500,0.2,20,93,18.8000,0.150822
500,0.2,20,94,19.0000,0.148864
500,0.2,20,95,19.2000,0.153065
500,0.2,20,96,19.4000,0.151526
500,0.2,20,97,19.6000,0.161969
500,0.2,20,98,19.8000,0.168445
500,0.2,20,99,20.0000,0.160164
500,0.2,30,0,0.2000,2.063481
500,0.2,30,1,0.4000,2.547438
500,0.2,30,2,0.6000,2.360771
500,0.2,30,3,0.8000,2.370158
500,0.2,30,4,1.0000,2.303299
500,0.2,30,5,1.2000,2.244975
500,0.2,30,6,1.4000,1.876168
500,0.2,30,7,1.6000,0.835568
500,0.2,30,8,1.8000,1.401948
500,0.2,30,9,2.0000,0.948970
500,0.2,30,10,2.2000,0.789632
500,0.2,30,11,2.4000,0.669187
500,0.2,30,12,2.6000,0.570650
500,0.2,30,13,2.8000,0.522872
500,0.2,30,14,3.0000,0.545148
500,0.2,30,15,3.2000,0.532554
500,0.2,30,16,3.4000,0.560411
500,0.2,30,17,3.6000,0.545829
500,0.2,30,18,3.8000,0.529310
500,0.2,30,19,4.0000,0.564579
500,0.2,30,20,4.2000,0.561732
500,0.2,30,21,4.4000,0.529781
500,0.2,30,22,4.6000,0.497720
500,0.2,30,23,4.8000,0.467969
500,0.2,30,24,5.0000,0.454567
500,0.2,30,25,5.2000,0.430212
500,0.2,30,26,5.4000,0.408027
500,0.2,30,27,5.6000,0.391247
500,0.2,30,28,5.8000,0.375742
500,0.2,30,29,6.0000,0.344580
500,0.2,30,30,6.2000,0.321862
500,0.2,30,31,6.4000,0.309171
500,0.2,30,32,6.6000,0.293867
500,0.2,30,33,6.8000,0.283843
500,0.2,30,34,7.0000,0.271155
500,0.2,30,35,7.2000,0.267480
500,0.2,30,36,7.4000,0.260379
500,0.2,30,37,7.6000,0.206496
500,0.2,30,38,7.8000,0.193652
500,0.2,30,39,8.0000,0.175074
500,0.2,30,40,8.2000,0.167715
500,0.2,30,41,8.4000,0.152758
500,0.2,30,42,8.6000,0.170364
500,0.2,30,43,8.8000,0.182933
500,0.2,30,44,9.0000,0.188506
500,0.2,30,45,9.2000,0.192432
500,0.2,30,46,9.4000,0.212703
500,0.2,30,47,9.6000,0.221291
500,0.2,30,48,9.8000,0.239411
500,0.2,30,49,10.0000,0.223323
500,0.2,30,50,10.2000,0.214242
500,0.2,30,51,10.4000,0.201112
500,0.2,30,52,10.6000,0.196763
500,0.2,30,53,10.8000,0.189626
500,0.2,30,54,11.0000,0.178552
500,0.2,30,55,11.2000,0.167973
500,0.2,30,56,11.4000,0.164980
500,0.2,30,57,11.6000,0.152431
500,0.2,30,58,11.8000,0.159618
500,0.2,30,59,12.0000,0.165721
500,0.2,30,60,12.2000,0.155835
500,0.2,30,61,12.4000,0.143765
500,0.2,30,62,12.6000,0.136234
500,0.2,30,63,12.8000,0.130721
500,0.2,30,64,13.0000,0.136627
500,0.2,30,65,13.2000,0.150124
500,0.2,30,66,13.4000,0.159761
500,0.2,30,67,13.6000,0.144018
500,0.2,30,68,13.8000,0.142296
500,0.2,30,69,14.0000,0.135676
500,0.2,30,70,14.2000,0.140563
500,0.2,30,71,14.4000,0.139837
500,0.2,30,72,14.6000,0.142215
500,0.2,30,73,14.8000,0.153768
500,0.2,30,74,15.0000,0.158619
500,0.2,30,75,15.2000,0.171231
500,0.2,30,76,15.4000,0.164327
500,0.2,30,77,15.6000,0.157650
500,0.2,30,78,15.8000,0.163635
500,0.2,30,79,16.0000,0.177526
500,0.2,30,80,16.2000,0.187134
500,0.2,30,81,16.4000,0.192465
500,0.2,30,82,16.6000,0.202035
500,0.2,30,83,16.8000,0.213550
500,0.2,30,84,17.0000,0.227194
500,0.2,30,85,17.2000,0.233115
500,0.2,30,86,17.4000,0.225792
500,0.2,30,87,17.6000,0.220965
500,0.2,30,88,17.8000,0.215618
500,0.2,30,89,18.0000,0.212220
500,0.2,30,90,18.2000,0.212695
500,0.2,30,91,18.4000,0.223676
500,0.2,30,92,18.6000,0.227715
500,0.2,30,93,18.8000,0.237652
500,0.2,30,94,19.0000,0.232590
500,0.2,30,95,19.2000,0.228961
500,0.2,30,96,19.4000,0.226524
500,0.2,30,97,19.6000,0.233647
500,0.2,30,98,19.8000,0.231420
500,0.2,30,99,20.0000,0.237615
500,0.2,40,0,0.2000,1.496566
500,0.2,40,1,0.4000,2.015606
500,0.2,40,2,0.6000,1.916735
500,0.2,40,3,0.8000,1.682456
500,0.2,40,4,1.0000,1.513967
500,0.2,40,5,1.2000,1.358728
500,0.2,40,6,1.4000,0.884846
500,0.2,40,7,1.6000,0.646758
500,0.2,40,8,1.8000,0.589608
500,0.2,40,9,2.0000,0.523690
500,0.2,40,10,2.2000,0.478214
500,0.2,40,11,2.4000,0.422866
500,0.2,40,12,2.6000,0.441649
500,0.2,40,13,2.8000,0.357986
500,0.2,40,14,3.0000,0.295700
500,0.2,40,15,3.2000,0.256601
500,0.2,40,16,3.4000,0.190571
500,0.2,40,17,3.6000,0.201985
500,0.2,40,18,3.8000,0.283746
500,0.2,40,19,4.0000,0.302810
500,0.2,40,20,4.2000,0.274023
500,0.2,40,21,4.4000,0.248408
500,0.2,40,22,4.6000,0.268655
500,0.2,40,23,4.8000,0.256801
500,0.2,40,24,5.0000,0.249767
500,0.2,40,25,5.2000,0.272805
500,0.2,40,26,5.4000,0.285042
500,0.2,40,27,5.6000,0.251572
500,0.2,40,28,5.8000,0.227866
500,0.2,40,29,6.0000,0.196835
500,0.2,40,30,6.2000,0.154164
500,0.2,40,31,6.4000,0.160724
500,0.2,40,32,6.6000,0.137470
500,0.2,40,33,6.8000,0.118967
500,0.2,40,34,7.0000,0.131041
500,0.2,40,35,7.2000,0.154450
500,0.2,40,36,7.4000,0.137008
500,0.2,40,37,7.6000,0.127273
500,0.2,40,38,7.8000,0.128522
500,0.2,40,39,8.0000,0.138247
500,0.2,40,40,8.2000,0.122296
500,0.2,40,41,8.4000,0.116717
500,0.2,40,42,8.6000,0.120826
500,0.2,40,43,8.8000,0.127999
500,0.2,40,44,9.0000,0.137629
500,0.2,40,45,9.2000,0.150808
500,0.2,40,46,9.4000,0.170322
500,0.2,40,47,9.6000,0.167778
500,0.2,40,48,9.8000,0.164799
500,0.2,40,49,10.0000,0.155817
500,0.2,40,50,10.2000,0.143569
500,0.2,40,51,10.4000,0.148122
500,0.2,40,52,10.6000,0.152273
500,0.2,40,53,10.8000,0.147598
500,0.2,40,54,11.0000,0.154195
500,0.2,40,55,11.2000,0.173575
500,0.2,40,56,11.4000,0.191287
500,0.2,40,57,11.6000,0.183570
500,0.2,40,58,11.8000,0.188358
500,0.2,40,59,12.0000,0.199004
500,0.2,40,60,12.2000,0.197030
500,0.2,40,61,12.4000,0.170958
500,0.2,40,62,12.6000,0.147641
500,0.2,40,63,12.8000,0.118030
500,0.2,40,64,13.0000,0.125511
500,0.2,40,65,13.2000,0.127871
500,0.2,40,66,13.4000,0.130475
500,0.2,40,67,13.6000,0.125125
500,0.2,40,68,13.8000,0.120256
500,0.2,40,69,14.0000,0.111947
500,0.2,40,70,14.2000,0.114104
500,0.2,40,71,14.4000,0.110214
500,0.2,40,72,14.6000,0.112326
500,0.2,40,73,14.8000,0.106060
500,0.2,40,74,15.0000,0.086299
500,0.2,40,75,15.2000,0.085110
500,0.2,40,76,15.4000,0.081726
500,0.2,40,77,15.6000,0.077828
500,0.2,40,78,15.8000,0.075704
500,0.2,40,79,16.0000,0.081095
500,0.2,40,80,16.2000,0.085005
500,0.2,40,81,16.4000,0.081676
500,0.2,40,82,16.6000,0.073677
500,0.2,40,83,16.8000,0.066068
500,0.2,40,84,17.0000,0.069823
500,0.2,40,85,17.2000,0.074936
500,0.2,40,86,17.4000,0.079246
500,0.2,40,87,17.6000,0.087832
500,0.2,40,88,17.8000,0.096451
500,0.2,40,89,18.0000,0.090268
500,0.2,40,90,18.2000,0.087275
500,0.2,40,91,18.4000,0.099663
500,0.2,40,92,18.6000,0.106311
500,0.2,40,93,18.8000,0.093098
500,0.2,40,94,19.0000,0.087543
500,0.2,40,95,19.2000,0.096267
500,0.2,40,96,19.4000,0.088106
500,0.2,40,97,19.6000,0.087385
500,0.2,40,98,19.8000,0.085059
500,0.2,40,99,20.0000,0.083024
500,0.2,50,0,0.2000,1.591885
500,0.2,50,1,0.4000,1.508571
500,0.2,50,2,0.6000,0.726208
500,0.2,50,3,0.8000,0.733578
500,0.2,50,4,1.0000,0.741974
500,0.2,50,5,1.2000,0.710039
500,0.2,50,6,1.4000,1.020376
500,0.2,50,7,1.6000,1.053184
500,0.2,50,8,1.8000,0.924009
500,0.2,50,9,2.0000,0.767519
500,0.2,50,10,2.2000,0.655320
500,0.2,50,11,2.4000,0.638272
500,0.2,50,12,2.6000,0.626504
500,0.2,50,13,2.8000,0.559098
500,0.2,50,14,3.0000,0.561007
500,0.2,50,15,3.2000,0.523662
500,0.2,50,16,3.4000,0.519847
500,0.2,50,17,3.6000,0.536683
500,0.2,50,18,3.8000,0.530509
500,0.2,50,19,4.0000,0.529908
500,0.2,50,20,4.2000,0.533039
500,0.2,50,21,4.4000,0.557528
500,0.2,50,22,4.6000,0.566329
500,0.2,50,23,4.8000,0.536009
500,0.2,50,24,5.0000,0.496429
500,0.2,50,25,5.2000,0.450756
500,0.2,50,26,5.4000,0.406906
500,0.2,50,27,5.6000,0.357648
500,0.2,50,28,5.8000,0.322830
500,0.2,50,29,6.0000,0.282212
500,0.2,50,30,6.2000,0.313072
500,0.2,50,31,6.4000,0.286886
500,0.2,50,32,6.6000,0.242319
500,0.2,50,33,6.8000,0.198427
500,0.2,50,34,7.0000,0.171470
500,0.2,50,35,7.2000,0.150703
500,0.2,50,36,7.4000,0.126657
500,0.2,50,37,7.6000,0.112537
500,0.2,50,38,7.8000,0.101476
500,0.2,50,39,8.0000,0.109692
500,0.2,50,40,8.2000,0.108055
500,0.2,50,41,8.4000,0.105923
500,0.2,50,42,8.6000,0.100988
500,0.2,50,43,8.8000,0.104978
500,0.2,50,44,9.0000,0.110205
500,0.2,50,45,9.2000,0.111428
500,0.2,50,46,9.4000,0.108256
500,0.2,50,47,9.6000,0.112927
500,0.2,50,48,9.8000,0.113258
500,0.2,50,49,10.0000,0.104834
500,0.2,50,50,10.2000,0.106295
500,0.2,50,51,10.4000,0.096516
500,0.2,50,52,10.6000,0.107481
500,0.2,50,53,10.8000,0.104772
500,0.2,50,54,11.0000,0.106445
500,0.2,50,55,11.2000,0.105209
500,0.2,50,56,11.4000,0.106425
500,0.2,50,57,11.6000,0.111318
500,0.2,50,58,11.8000,0.121489
500,0.2,50,59,12.0000,0.133060
500,0.2,50,60,12.2000,0.147303
500,0.2,50,61,12.4000,0.136700
500,0.2,50,62,12.6000,0.141305
500,0.2,50,63,12.8000,0.139090
500,0.2,50,64,13.0000,0.133844
500,0.2,50,65,13.2000,0.132293
500,0.2,50,66,13.4000,0.129994
500,0.2,50,67,13.6000,0.126501
500,0.2,50,68,13.8000,0.120179
500,0.2,50,69,14.0000,0.122664
500,0.2,50,70,14.2000,0.120905
500,0.2,50,71,14.4000,0.125420
500,0.2,50,72,14.6000,0.130130
500,0.2,50,73,14.8000,0.120910
500,0.2,50,74,15.0000,0.119007
500,0.2,50,75,15.2000,0.114888
500,0.2,50,76,15.4000,0.124866
500,0.2,50,77,15.6000,0.133399
500,0.2,50,78,15.8000,0.123925
500,0.2,50,79,16.0000,0.124780
500,0.2,50,80,16.2000,0.122643
500,0.2,50,81,16.4000,0.122852
500,0.2,50,82,16.6000,0.119279
500,0.2,50,83,16.8000,0.113439
500,0.2,50,84,17.0000,0.115341
500,0.2,50,85,17.2000,0.118035
500,0.2,50,86,17.4000,0.122272
500,0.2,50,87,17.6000,0.127952
500,0.2,50,88,17.8000,0.130474
500,0.2,50,89,18.0000,0.134038
500,0.2,50,90,18.2000,0.139597
500,0.2,50,91,18.4000,0.148764
500,0.2,50,92,18.6000,0.157338
500,0.2,50,93,18.8000,0.170219
500,0.2,50,94,19.0000,0.183800
500,0.2,50,95,19.2000,0.186902
500,0.2,50,96,19.4000,0.189744
500,0.2,50,97,19.6000,0.188507
500,0.2,50,98,19.8000,0.184256
500,0.2,50,99,20.0000,0.180801
500,0.2,60,0,0.2000,1.287139
500,0.2,60,1,0.4000,0.479644
500,0.2,60,2,0.6000,0.680209
500,0.2,60,3,0.8000,1.074828
500,0.2,60,4,1.0000,1.432112
500,0.2,60,5,1.2000,1.368293
500,0.2,60,6,1.4000,1.165563
500,0.2,60,7,1.6000,1.037604
500,0.2,60,8,1.8000,0.952590
500,0.2,60,9,2.0000,0.804756
500,0.2,60,10,2.2000,0.691935
500,0.2,60,11,2.4000,0.642328
500,0.2,60,12,2.6000,0.561437
500,0.2,60,13,2.8000,0.532774
500,0.2,60,14,3.0000,0.506458
500,0.2,60,15,3.2000,0.492634
500,0.2,60,16,3.4000,0.473829
500,0.2,60,17,3.6000,0.459714
500,0.2,60,18,3.8000,0.419694
500,0.2,60,19,4.0000,0.412144
500,0.2,60,20,4.2000,0.376719
500,0.2,60,21,4.4000,0.355090
500,0.2,60,22,4.6000,0.304050
500,0.2,60,23,4.8000,0.314158
500,0.2,60,24,5.0000,0.300603
500,0.2,60,25,5.2000,0.193978
500,0.2,60,26,5.4000,0.163026
500,0.2,60,27,5.6000,0.171963
500,0.2,60,28,5.8000,0.193664
500,0.2,60,29,6.0000,0.213598
500,0.2,60,30,6.2000,0.203190
500,0.2,60,31,6.4000,0.224709
500,0.2,60,32,6.6000,0.200011
500,0.2,60,33,6.8000,0.190646
500,0.2,60,34,7.0000,0.171928
500,0.2,60,35,7.2000,0.160385
500,0.2,60,36,7.4000,0.157131
500,0.2,60,37,7.6000,0.145245
500,0.2,60,38,7.8000,0.135429
500,0.2,60,39,8.0000,0.133953
500,0.2,60,40,8.2000,0.142406
500,0.2,60,41,8.4000,0.148947
500,0.2,60,42,8.6000,0.161543
500,0.2,60,43,8.8000,0.158012
500,0.2,60,44,9.0000,0.151188
500,0.2,60,45,9.2000,0.153889
500,0.2,60,46,9.4000,0.152862
500,0.2,60,47,9.6000,0.158442
500,0.2,60,48,9.8000,0.153943
500,0.2,60,49,10.0000,0.149693
500,0.2,60,50,10.2000,0.144408
500,0.2,60,51,10.4000,0.143769
500,0.2,60,52,10.6000,0.142454
500,0.2,60,53,10.8000,0.136669
500,0.2,60,54,11.0000,0.133966
500,0.2,60,55,11.2000,0.129611
500,0.2,60,56,11.4000,0.128692
500,0.2,60,57,11.6000,0.127988
500,0.2,60,58,11.8000,0.114760
500,0.2,60,59,12.0000,0.119853
500,0.2,60,60,12.2000,0.122236
500,0.2,60,61,12.4000,0.121771
500,0.2,60,62,12.6000,0.127739
500,0.2,60,63,12.8000,0.128022
500,0.2,60,64,13.0000,0.129733
500,0.2,60,65,13.2000,0.113068
500,0.2,60,66,13.4000,0.123900
500,0.2,60,67,13.6000,0.142406
500,0.2,60,68,13.8000,0.149271
500,0.2,60,69,14.0000,0.135196
500,0.2,60,70,14.2000,0.143749
500,0.2,60,71,14.4000,0.145969
500,0.2,60,72,14.6000,0.146782
500,0.2,60,73,14.8000,0.154765
500,0.2,60,74,15.0000,0.137097
500,0.2,60,75,15.2000,0.130556
500,0.2,60,76,15.4000,0.135799
500,0.2,60,77,15.6000,0.138987
500,0.2,60,78,15.8000,0.138185
500,0.2,60,79,16.0000,0.134573
500,0.2,60,80,16.2000,0.126324
500,0.2,60,81,16.4000,0.111807
500,0.2,60,82,16.6000,0.113165
500,0.2,60,83,16.8000,0.107753
500,0.2,60,84,17.0000,0.099966
500,0.2,60,85,17.2000,0.099535
500,0.2,60,86,17.4000,0.105371
500,0.2,60,87,17.6000,0.104875
500,0.2,60,88,17.8000,0.102540
500,0.2,60,89,18.0000,0.095163
500,0.2,60,90,18.2000,0.093342
500,0.2,60,91,18.4000,0.085403
500,0.2,60,92,18.6000,0.087675
500,0.2,60,93,18.8000,0.086079
500,0.2,60,94,19.0000,0.084643
500,0.2,60,95,19.2000,0.087424
500,0.2,60,96,19.4000,0.088148
500,0.2,60,97,19.6000,0.092307
500,0.2,60,98,19.8000,0.091439
500,0.2,60,99,20.0000,0.081135
500,0.2,70,0,0.2000,1.251404
500,0.2,70,1,0.4000,1.234260
500,0.2,70,2,0.6000,1.096691
500,0.2,70,3,0.8000,0.991547
500,0.2,70,4,1.0000,0.907504
500,0.2,70,5,1.2000,0.663101
500,0.2,70,6,1.4000,0.560747
500,0.2,70,7,1.6000,0.562987
500,0.2,70,8,1.8000,0.613935
500,0.2,70,9,2.0000,0.659735
500,0.2,70,10,2.2000,0.764379
500,0.2,70,11,2.4000,0.766914
500,0.2,70,12,2.6000,0.752863
500,0.2,70,13,2.8000,0.736974
500,0.2,70,14,3.0000,0.672710
500,0.2,70,15,3.2000,0.665211
500,0.2,70,16,3.4000,0.635228
500,0.2,70,17,3.6000,0.620182
500,0.2,70,18,3.8000,0.611460
500,0.2,70,19,4.0000,0.608482
500,0.2,70,20,4.2000,0.559606
500,0.2,70,21,4.4000,0.563271
500,0.2,70,22,4.6000,0.528486
500,0.2,70,23,4.8000,0.532307
500,0.2,70,24,5.0000,0.536323
500,0.2,70,25,5.2000,0.540259
500,0.2,70,26,5.4000,0.558429
500,0.2,70,27,5.6000,0.565246
500,0.2,70,28,5.8000,0.559530
500,0.2,70,29,6.0000,0.514222
500,0.2,70,30,6.2000,0.510406
500,0.2,70,31,6.4000,0.481463
500,0.2,70,32,6.6000,0.494765
500,0.2,70,33,6.8000,0.491777
500,0.2,70,34,7.0000,0.469590
500,0.2,70,35,7.2000,0.412262
500,0.2,70,36,7.4000,0.403027
500,0.2,70,37,7.6000,0.390600
500,0.2,70,38,7.8000,0.409250
500,0.2,70,39,8.0000,0.409370
500,0.2,70,40,8.2000,0.417331
500,0.2,70,41,8.4000,0.405391
500,0.2,70,42,8.6000,0.381082
500,0.2,70,43,8.8000,0.378463
500,0.2,70,44,9.0000,0.399178
500,0.2,70,45,9.2000,0.409787
500,0.2,70,46,9.4000,0.418181
500,0.2,70,47,9.6000,0.402003
500,0.2,70,48,9.8000,0.372008
500,0.2,70,49,10.0000,0.378845
500,0.2,70,50,10.2000,0.395598
500,0.2,70,51,10.4000,0.400601
500,0.2,70,52,10.6000,0.377049
500,0.2,70,53,10.8000,0.363729
500,0.2,70,54,11.0000,0.375596
500,0.2,70,55,11.2000,0.348517
500,0.2,70,56,11.4000,0.312958
500,0.2,70,57,11.6000,0.275876
500,0.2,70,58,11.8000,0.257344
500,0.2,70,59,12.0000,0.260288
500,0.2,70,60,12.2000,0.248878
500,0.2,70,61,12.4000,0.233262
500,0.2,70,62,12.6000,0.220619
500,0.2,70,63,12.8000,0.202452
500,0.2,70,64,13.0000,0.198063
500,0.2,70,65,13.2000,0.205596
500,0.2,70,66,13.4000,0.215122
500,0.2,70,67,13.6000,0.226194
500,0.2,70,68,13.8000,0.219039
500,0.2,70,69,14.0000,0.208530
500,0.2,70,70,14.2000,0.213054
500,0.2,70,71,14.4000,0.217861
500,0.2,70,72,14.6000,0.217378
500,0.2,70,73,14.8000,0.193463
500,0.2,70,74,15.0000,0.196273
500,0.2,70,75,15.2000,0.197679
500,0.2,70,76,15.4000,0.197105
500,0.2,70,77,15.6000,0.195788
500,0.2,70,78,15.8000,0.192670
500,0.2,70,79,16.0000,0.194364
500,0.2,70,80,16.2000,0.205850
500,0.2,70,81,16.4000,0.205332
500,0.2,70,82,16.6000,0.191811
500,0.2,70,83,16.8000,0.199481
500,0.2,70,84,17.0000,0.198677
500,0.2,70,85,17.2000,0.200204
500,0.2,70,86,17.4000,0.202043
500,0.2,70,87,17.6000,0.199060
500,0.2,70,88,17.8000,0.195042
500,0.2,70,89,18.0000,0.199869
500,0.2,70,90,18.2000,0.193790
500,0.2,70,91,18.4000,0.198078
500,0.2,70,92,18.6000,0.202320
500,0.2,70,93,18.8000,0.197173
500,0.2,70,94,19.0000,0.204880
500,0.2,70,95,19.2000,0.212770
500,0.2,70,96,19.4000,0.200333
500,0.2,70,97,19.6000,0.202218
500,0.2,70,98,19.8000,0.204653
500,0.2,70,99,20.0000,0.200215
500,0.2,80,0,0.2000,1.644302
500,0.2,80,1,0.4000,1.402239
500,0.2,80,2,0.6000,1.263188
500,0.2,80,3,0.8000,0.621179
500,0.2,80,4,1.0000,0.361783
500,0.2,80,5,1.2000,0.339576
500,0.2,80,6,1.4000,0.358806
500,0.2,80,7,1.6000,0.378563
500,0.2,80,8,1.8000,0.245283
500,0.2,80,9,2.0000,0.174913
500,0.2,80,10,2.2000,0.156194
500,0.2,80,11,2.4000,0.202435
500,0.2,80,12,2.6000,0.201210
500,0.2,80,13,2.8000,0.190560
500,0.2,80,14,3.0000,0.175968
500,0.2,80,15,3.2000,0.252897
500,0.2,80,16,3.4000,0.229892
500,0.2,80,17,3.6000,0.218441
500,0.2,80,18,3.8000,0.223622
500,0.2,80,19,4.0000,0.234760
500,0.2,80,20,4.2000,0.303589
500,0.2,80,21,4.4000,0.277502
500,0.2,80,22,4.6000,0.246483
500,0.2,80,23,4.8000,0.278779
500,0.2,80,24,5.0000,0.295222
500,0.2,80,25,5.2000,0.301701
500,0.2,80,26,5.4000,0.322293
500,0.2,80,27,5.6000,0.316619
500,0.2,80,28,5.8000,0.339711
500,0.2,80,29,6.0000,0.360171
500,0.2,80,30,6.2000,0.333759
500,0.2,80,31,6.4000,0.324369
500,0.2,80,32,6.6000,0.312950
500,0.2,80,33,6.8000,0.300302
500,0.2,80,34,7.0000,0.298735
500,0.2,80,35,7.2000,0.286550
500,0.2,80,36,7.4000,0.275915
500,0.2,80,37,7.6000,0.267511
500,0.2,80,38,7.8000,0.259951
500,0.2,80,39,8.0000,0.255524
500,0.2,80,40,8.2000,0.251364
500,0.2,80,41,8.4000,0.274039
500,0.2,80,42,8.6000,0.250889
500,0.2,80,43,8.8000,0.223166
500,0.2,80,44,9.0000,0.201520
500,0.2,80,45,9.2000,0.182334
500,0.2,80,46,9.4000,0.166885
500,0.2,80,47,9.6000,0.152298
500,0.2,80,48,9.8000,0.139884
500,0.2,80,49,10.0000,0.138353
500,0.2,80,50,10.2000,0.135073
500,0.2,80,51,10.4000,0.126825
500,0.2,80,52,10.6000,0.128258
500,0.2,80,53,10.8000,0.127363
500,0.2,80,54,11.0000,0.128713
500,0.2,80,55,11.2000,0.134175
500,0.2,80,56,11.4000,0.144760
500,0.2,80,57,11.6000,0.153212
500,0.2,80,58,11.8000,0.144692
500,0.2,80,59,12.0000,0.136888
500,0.2,80,60,12.2000,0.128845
500,0.2,80,61,12.4000,0.126400
500,0.2,80,62,12.6000,0.121339
500,0.2,80,63,12.8000,0.145158
500,0.2,80,64,13.0000,0.141184
500,0.2,80,65,13.2000,0.133768
500,0.2,80,66,13.4000,0.126341
500,0.2,80,67,13.6000,0.127715
500,0.2,80,68,13.8000,0.143041
500,0.2,80,69,14.0000,0.147324
500,0.2,80,70,14.2000,0.143380
500,0.2,80,71,14.4000,0.134315
500,0.2,80,72,14.6000,0.135074
500,0.2,80,73,14.8000,0.130075
500,0.2,80,74,15.0000,0.123543
500,0.2,80,75,15.2000,0.125423
500,0.2,80,76,15.4000,0.132562
500,0.2,80,77,15.6000,0.131854
500,0.2,80,78,15.8000,0.126618
500,0.2,80,79,16.0000,0.129110
500,0.2,80,80,16.2000,0.129445
500,0.2,80,81,16.4000,0.132092
500,0.2,80,82,16.6000,0.132550
500,0.2,80,83,16.8000,0.136966
500,0.2,80,84,17.0000,0.140003
500,0.2,80,85,17.2000,0.144104
500,0.2,80,86,17.4000,0.138664
500,0.2,80,87,17.6000,0.134501
500,0.2,80,88,17.8000,0.129885
500,0.2,80,89,18.0000,0.133478
500,0.2,80,90,18.2000,0.141582
500,0.2,80,91,18.4000,0.138852
500,0.2,80,92,18.6000,0.131498
500,0.2,80,93,18.8000,0.126072
500,0.2,80,94,19.0000,0.119892
500,0.2,80,95,19.2000,0.112615
500,0.2,80,96,19.4000,0.122025
500,0.2,80,97,19.6000,0.132067
500,0.2,80,98,19.8000,0.131436
500,0.2,80,99,20.0000,0.128017
500,0.2,90,0,0.2000,3.377167
500,0.2,90,1,0.4000,2.638505
500,0.2,90,2,0.6000,3.421651
500,0.2,90,3,0.8000,2.865319
500,0.2,90,4,1.0000,2.824904
500,0.2,90,5,1.2000,2.703341
500,0.2,90,6,1.4000,2.464211
500,0.2,90,7,1.6000,2.418011
500,0.2,90,8,1.8000,2.353073
500,0.2,90,9,2.0000,2.299475
500,0.2,90,10,2.2000,2.017923
500,0.2,90,11,2.4000,1.991236
500,0.2,90,12,2.6000,0.863290
500,0.2,90,13,2.8000,0.522504
500,0.2,90,14,3.0000,0.518276
500,0.2,90,15,3.2000,0.519513
500,0.2,90,16,3.4000,0.517811
500,0.2,90,17,3.6000,0.493923
500,0.2,90,18,3.8000,0.471102
500,0.2,90,19,4.0000,0.423090
500,0.2,90,20,4.2000,0.374097
500,0.2,90,21,4.4000,0.396116
500,0.2,90,22,4.6000,0.379788
500,0.2,90,23,4.8000,0.365728
500,0.2,90,24,5.0000,0.334009
500,0.2,90,25,5.2000,0.320891
500,0.2,90,26,5.4000,0.340360
500,0.2,90,27,5.6000,0.340048
500,0.2,90,28,5.8000,0.346329
500,0.2,90,29,6.0000,0.356100
500,0.2,90,30,6.2000,0.364558
500,0.2,90,31,6.4000,0.377461
500,0.2,90,32,6.6000,0.396715
500,0.2,90,33,6.8000,0.386839
500,0.2,90,34,7.0000,0.369489
500,0.2,90,35,7.2000,0.362831
500,0.2,90,36,7.4000,0.346666
500,0.2,90,37,7.6000,0.334814
500,0.2,90,38,7.8000,0.325399
500,0.2,90,39,8.0000,0.310089
500,0.2,90,40,8.2000,0.306402
500,0.2,90,41,8.4000,0.293470
500,0.2,90,42,8.6000,0.282551
500,0.2,90,43,8.8000,0.274178
500,0.2,90,44,9.0000,0.261144
500,0.2,90,45,9.2000,0.244513
500,0.2,90,46,9.4000,0.223281
500,0.2,90,47,9.6000,0.210926
500,0.2,90,48,9.8000,0.215934
500,0.2,90,49,10.0000,0.232938
500,0.2,90,50,10.2000,0.241117
500,0.2,90,51,10.4000,0.246300
500,0.2,90,52,10.6000,0.233511
500,0.2,90,53,10.8000,0.219279
500,0.2,90,54,11.0000,0.207638
500,0.2,90,55,11.2000,0.206115
500,0.2,90,56,11.4000,0.195949
500,0.2,90,57,11.6000,0.183960
500,0.2,90,58,11.8000,0.174529
500,0.2,90,59,12.0000,0.167090
500,0.2,90,60,12.2000,0.156335
500,0.2,90,61,12.4000,0.145827
500,0.2,90,62,12.6000,0.141036
500,0.2,90,63,12.8000,0.126339
500,0.2,90,64,13.0000,0.118434
500,0.2,90,65,13.2000,0.139166
500,0.2,90,66,13.4000,0.148011
500,0.2,90,67,13.6000,0.139849
500,0.2,90,68,13.8000,0.135075
500,0.2,90,69,14.0000,0.127438
500,0.2,90,70,14.2000,0.123701
500,0.2,90,71,14.4000,0.127085
500,0.2,90,72,14.6000,0.124179
500,0.2,90,73,14.8000,0.118014
500,0.2,90,74,15.0000,0.112532
500,0.2,90,75,15.2000,0.123440
500,0.2,90,76,15.4000,0.109165
500,0.2,90,77,15.6000,0.104056
500,0.2,90,78,15.8000,0.103109
500,0.2,90,79,16.0000,0.106377
500,0.2,90,80,16.2000,0.112441
500,0.2,90,81,16.4000,0.119881
500,0.2,90,82,16.6000,0.127637
500,0.2,90,83,16.8000,0.137657
500,0.2,90,84,17.0000,0.157453
500,0.2,90,85,17.2000,0.161721
500,0.2,90,86,17.4000,0.174623
500,0.2,90,87,17.6000,0.168161
500,0.2,90,88,17.8000,0.163717
500,0.2,90,89,18.0000,0.160721
500,0.2,90,90,18.2000,0.156562
500,0.2,90,91,18.4000,0.147650
500,0.2,90,92,18.6000,0.141516
500,0.2,90,93,18.8000,0.127896
500,0.2,90,94,19.0000,0.131098
500,0.2,90,95,19.2000,0.130650
500,0.2,90,96,19.4000,0.124946
500,0.2,90,97,19.6000,0.122083
500,0.2,90,98,19.8000,0.116901
500,0.2,90,99,20.0000,0.112210
500,0.5,10,0,0.2000,2.431029
500,0.5,10,1,0.4000,2.033290
500,0.5,10,2,0.6000,0.798461
500,0.5,10,3,0.8000,1.022825
500,0.5,10,4,1.0000,0.968361
500,0.5,10,5,1.2000,0.821265
500,0.5,10,6,1.4000,0.683754
500,0.5,10,7,1.6000,0.598707
500,0.5,10,8,1.8000,0.513663
500,0.5,10,9,2.0000,0.438332
500,0.5,10,10,2.2000,0.383380
500,0.5,10,11,2.4000,0.341977
500,0.5,10,12,2.6000,0.353180
500,0.5,10,13,2.8000,0.188255
500,0.5,10,14,3.0000,0.232576
500,0.5,10,15,3.2000,0.229786
500,0.5,10,16,3.4000,0.250407
500,0.5,10,17,3.6000,0.251638
500,0.5,10,18,3.8000,0.268248
500,0.5,10,19,4.0000,0.297606
500,0.5,10,20,4.2000,0.282753
500,0.5,10,21,4.4000,0.330847
500,0.5,10,22,4.6000,0.362235
500,0.5,10,23,4.8000,0.396684
500,0.5,10,24,5.0000,0.415727
500,0.5,10,25,5.2000,0.394465
500,0.5,10,26,5.4000,0.346793
500,0.5,10,27,5.6000,0.334124
500,0.5,10,28,5.8000,0.310456
500,0.5,10,29,6.0000,0.306010
500,0.5,10,30,6.2000,0.273704
500,0.5,10,31,6.4000,0.250468
500,0.5,10,32,6.6000,0.202779
500,0.5,10,33,6.8000,0.199668
500,0.5,10,34,7.0000,0.210910
500,0.5,10,35,7.2000,0.219822
500,0.5,10,36,7.4000,0.234062
500,0.5,10,37,7.6000,0.208360
500,0.5,10,38,7.8000,0.220132
500,0.5,10,39,8.0000,0.237183
500,0.5,10,40,8.2000,0.236796
500,0.5,10,41,8.4000,0.235028
500,0.5,10,42,8.6000,0.237826
500,0.5,10,43,8.8000,0.240301
500,0.5,10,44,9.0000,0.252456
500,0.5,10,45,9.2000,0.266993
500,0.5,10,46,9.4000,0.259128
500,0.5,10,47,9.6000,0.233779
500,0.5,10,48,9.8000,0.238477
500,0.5,10,49,10.0000,0.226090
500,0.5,10,50,10.2000,0.205681
500,0.5,10,51,10.4000,0.203078
500,0.5,10,52,10.6000,0.192907
500,0.5,10,53,10.8000,0.173033
500,0.5,10,54,11.0000,0.172268
500,0.5,10,55,11.2000,0.162908
500,0.5,10,56,11.4000,0.157078
500,0.5,10,57,11.6000,0.153090
500,0.5,10,58,11.8000,0.161584
500,0.5,10,59,12.0000,0.161545
500,0.5,10,60,12.2000,0.155494
500,0.5,10,61,12.4000,0.150106
500,0.5,10,62,12.6000,0.137577
500,0.5,10,63,12.8000,0.135151
500,0.5,10,64,13.0000,0.135343
500,0.5,10,65,13.2000,0.137023
500,0.5,10,66,13.4000,0.137129
500,0.5,10,67,13.6000,0.127996
500,0.5,10,68,13.8000,0.122359
500,0.5,10,69,14.0000,0.118777
500,0.5,10,70,14.2000,0.114543
500,0.5,10,71,14.4000,0.107639
500,0.5,10,72,14.6000,0.103997
500,0.5,10,73,14.8000,0.097199
500,0.5,10,74,15.0000,0.100688
500,0.5,10,75,15.2000,0.103107
500,0.5,10,76,15.4000,0.100877
500,0.5,10,77,15.6000,0.094168
500,0.5,10,78,15.8000,0.086158
500,0.5,10,79,16.0000,0.078320
500,0.5,10,80,16.2000,0.073644
500,0.5,10,81,16.4000,0.083900
500,0.5,10,82,16.6000,0.084556
500,0.5,10,83,16.8000,0.083845
500,0.5,10,84,17.0000,0.085822
500,0.5,10,85,17.2000,0.085687
500,0.5,10,86,17.4000,0.086912
500,0.5,10,87,17.6000,0.089491
500,0.5,10,88,17.8000,0.098437
500,0.5,10,89,18.0000,0.090605
500,0.5,10,90,18.2000,0.080615
500,0.5,10,91,18.4000,0.079870
500,0.5,10,92,18.6000,0.085404
500,0.5,10,93,18.8000,0.092234
500,0.5,10,94,19.0000,0.091439
500,0.5,10,95,19.2000,0.094205
500,0.5,10,96,19.4000,0.096839
500,0.5,10,97,19.6000,0.096407
500,0.5,10,98,19.8000,0.100390
500,0.5,10,99,20.0000,0.101408
500,0.5,100,0,0.2000,1.858898
500,0.5,100,1,0.4000,1.178248
500,0.5,100,2,0.6000,1.435511
500,0.5,100,3,0.8000,1.086927
500,0.5,100,4,1.0000,0.924646
500,0.5,100,5,1.2000,0.495393
500,0.5,100,6,1.4000,0.376491
500,0.5,100,7,1.6000,0.327823
500,0.5,100,8,1.8000,0.306171
500,0.5,100,9,2.0000,0.293462
500,0.5,100,10,2.2000,0.269572
500,0.5,100,11,2.4000,0.205253
500,0.5,100,12,2.6000,0.200288
500,0.5,100,13,2.8000,0.240437
500,0.5,100,14,3.0000,0.213383
500,0.5,100,15,3.2000,0.208493
500,0.5,100,16,3.4000,0.187282
500,0.5,100,17,3.6000,0.183464
500,0.5,100,18,3.8000,0.169087
500,0.5,100,19,4.0000,0.194024
500,0.5,100,20,4.2000,0.228262
500,0.5,100,21,4.4000,0.257985
500,0.5,100,22,4.6000,0.249527
500,0.5,100,23,4.8000,0.237708
500,0.5,100,24,5.0000,0.242985
500,0.5,100,25,5.2000,0.257471
500,0.5,100,26,5.4000,0.256278
500,0.5,100,27,5.6000,0.243385
500,0.5,100,28,5.8000,0.256698
500,0.5,100,29,6.0000,0.252233
500,0.5,100,30,6.2000,0.238325
500,0.5,100,31,6.4000,0.226042
500,0.5,100,32,6.6000,0.212018
500,0.5,100,33,6.8000,0.201394
500,0.5,100,34,7.0000,0.189184
500,0.5,100,35,7.2000,0.179626
500,0.5,100,36,7.4000,0.168358
500,0.5,100,37,7.6000,0.159185
500,0.5,100,38,7.8000,0.169286
500,0.5,100,39,8.0000,0.165143
500,0.5,100,40,8.2000,0.166612
500,0.5,100,41,8.4000,0.164511
500,0.5,100,42,8.6000,0.159441
500,0.5,100,43,8.8000,0.154104
500,0.5,100,44,9.0000,0.147503
500,0.5,100,45,9.2000,0.146465
500,0.5,100,46,9.4000,0.148236
500,0.5,100,47,9.6000,0.148713
500,0.5,100,48,9.8000,0.152522
500,0.5,100,49,10.0000,0.166420
500,0.5,100,50,10.2000,0.173561
500,0.5,100,51,10.4000,0.174210
500,0.5,100,52,10.6000,0.171190
500,0.5,100,53,10.8000,0.166848
500,0.5,100,54,11.0000,0.180632
500,0.5,100,55,11.2000,0.176093
500,0.5,100,56,11.4000,0.178847
500,0.5,100,57,11.6000,0.172824
500,0.5,100,58,11.8000,0.170890
500,0.5,100,59,12.0000,0.175923
500,0.5,100,60,12.2000,0.172599
500,0.5,100,61,12.4000,0.172479
500,0.5,100,62,12.6000,0.170055
500,0.5,100,63,12.8000,0.170369
500,0.5,100,64,13.0000,0.159662
500,0.5,100,65,13.2000,0.169773
500,0.5,100,66,13.4000,0.169769
500,0.5,100,67,13.6000,0.174708
500,0.5,100,68,13.8000,0.186454
500,0.5,100,69,14.0000,0.182502
500,0.5,100,70,14.2000,0.190917
500,0.5,100,71,14.4000,0.194258
500,0.5,100,72,14.6000,0.192967
500,0.5,100,73,14.8000,0.198831
500,0.5,100,74,15.0000,0.198052
500,0.5,100,75,15.2000,0.188695
500,0.5,100,76,15.4000,0.192062
500,0.5,100,77,15.6000,0.190147
500,0.5,100,78,15.8000,0.185724
500,0.5,100,79,16.0000,0.184582
500,0.5,100,80,16.2000,0.188376
500,0.5,100,81,16.4000,0.196857
500,0.5,100,82,16.6000,0.197256
500,0.5,100,83,16.8000,0.199857
500,0.5,100,84,17.0000,0.200138
500,0.5,100,85,17.2000,0.193559
500,0.5,100,86,17.4000,0.193368
500,0.5,100,87,17.6000,0.202918
500,0.5,100,88,17.8000,0.197683
500,0.5,100,89,18.0000,0.192791
500,0.5,100,90,18.2000,0.187922
500,0.5,100,91,18.4000,0.180790
500,0.5,100,92,18.6000,0.175813
500,0.5,100,93,18.8000,0.174228
500,0.5,100,94,19.0000,0.174650
500,0.5,100,95,19.2000,0.173038
500,0.5,100,96,19.4000,0.166280
500,0.5,100,97,19.6000,0.162001
500,0.5,100,98,19.8000,0.154164
500,0.5,100,99,20.0000,0.153240
500,0.5,20,0,0.2000,1.711605
500,0.5,20,1,0.4000,1.382553
500,0.5,20,2,0.6000,1.292251
500,0.5,20,3,0.8000,0.903234
500,0.5,20,4,1.0000,1.456719
500,0.5,20,5,1.2000,0.872759
500,0.5,20,6,1.4000,0.829062
500,0.5,20,7,1.6000,0.674465
500,0.5,20,8,1.8000,0.608627
500,0.5,20,9,2.0000,0.547997
500,0.5,20,10,2.2000,0.584340
500,0.5,20,11,2.4000,0.441313
500,0.5,20,12,2.6000,0.369151
500,0.5,20,13,2.8000,0.377633
500,0.5,20,14,3.0000,0.346879
500,0.5,20,15,3.2000,0.343299
500,0.5,20,16,3.4000,0.393061
500,0.5,20,17,3.6000,0.373780
500,0.5,20,18,3.8000,0.411451
500,0.5,20,19,4.0000,0.403711
500,0.5,20,20,4.2000,0.384037
500,0.5,20,21,4.4000,0.347227
500,0.5,20,22,4.6000,0.330034
500,0.5,20,23,4.8000,0.340122
500,0.5,20,24,5.0000,0.310060
500,0.5,20,25,5.2000,0.282768
500,0.5,20,26,5.4000,0.242215
500,0.5,20,27,5.6000,0.230333
500,0.5,20,28,5.8000,0.269885
500,0.5,20,29,6.0000,0.252234
500,0.5,20,30,6.2000,0.280976
500,0.5,20,31,6.4000,0.262931
500,0.5,20,32,6.6000,0.246456
500,0.5,20,33,6.8000,0.282597
500,0.5,20,34,7.0000,0.284870
500,0.5,20,35,7.2000,0.266165
500,0.5,20,36,7.4000,0.251111
500,0.5,20,37,7.6000,0.262584
500,0.5,20,38,7.8000,0.250116
500,0.5,20,39,8.0000,0.254772
500,0.5,20,40,8.2000,0.277157
500,0.5,20,41,8.4000,0.296715
500,0.5,20,42,8.6000,0.309977
500,0.5,20,43,8.8000,0.297751
500,0.5,20,44,9.0000,0.349613
500,0.5,20,45,9.2000,0.339370
500,0.5,20,46,9.4000,0.326883
500,0.5,20,47,9.6000,0.315125
500,0.5,20,48,9.8000,0.317415
500,0.5,20,49,10.0000,0.304091
500,0.5,20,50,10.2000,0.307592
500,0.5,20,51,10.4000,0.299845
500,0.5,20,52,10.6000,0.289772
500,0.5,20,53,10.8000,0.296437
500,0.5,20,54,11.0000,0.282522
500,0.5,20,55,11.2000,0.271124
500,0.5,20,56,11.4000,0.268973
500,0.5,20,57,11.6000,0.257250
500,0.5,20,58,11.8000,0.266053
500,0.5,20,59,12.0000,0.253361
500,0.5,20,60,12.2000,0.272891
500,0.5,20,61,12.4000,0.264531
500,0.5,20,62,12.6000,0.254067
500,0.5,20,63,12.8000,0.241003
500,0.5,20,64,13.0000,0.232073
500,0.5,20,65,13.2000,0.229958
500,0.5,20,66,13.4000,0.230770
500,0.5,20,67,13.6000,0.247029
500,0.5,20,68,13.8000,0.247057
500,0.5,20,69,14.0000,0.266442
500,0.5,20,70,14.2000,0.285576
500,0.5,20,71,14.4000,0.282260
500,0.5,20,72,14.6000,0.274902
500,0.5,20,73,14.8000,0.284292
500,0.5,20,74,15.0000,0.278323
500,0.5,20,75,15.2000,0.274643
500,0.5,20,76,15.4000,0.268562
500,0.5,20,77,15.6000,0.263095
500,0.5,20,78,15.8000,0.266717
500,0.5,20,79,16.0000,0.267054
500,0.5,20,80,16.2000,0.257252
500,0.5,20,81,16.4000,0.246188
500,0.5,20,82,16.6000,0.254858
500,0.5,20,83,16.8000,0.251780
500,0.5,20,84,17.0000,0.246477
500,0.5,20,85,17.2000,0.241570
500,0.5,20,86,17.4000,0.237479
500,0.5,20,87,17.6000,0.233301
500,0.5,20,88,17.8000,0.231031
500,0.5,20,89,18.0000,0.227142
500,0.5,20,90,18.2000,0.222470
500,0.5,20,91,18.4000,0.229724
500,0.5,20,92,18.6000,0.226903
500,0.5,20,93,18.8000,0.225219
500,0.5,20,94,19.0000,0.227575
500,0.5,20,95,19.2000,0.230414
500,0.5,20,96,19.4000,0.220752
500,0.5,20,97,19.6000,0.209945
500,0.5,20,98,19.8000,0.201542
500,0.5,20,99,20.0000,0.190856
500,0.5,30,0,0.2000,1.733644
500,0.5,30,1,0.4000,0.965585
500,0.5,30,2,0.6000,0.952622
500,0.5,30,3,0.8000,0.626309
500,0.5,30,4,1.0000,0.627531
500,0.5,30,5,1.2000,0.598972
500,0.5,30,6,1.4000,0.552264
500,0.5,30,7,1.6000,0.532900
500,0.5,30,8,1.8000,0.516785
500,0.5,30,9,2.0000,0.520053
500,0.5,30,10,2.2000,0.501503
500,0.5,30,11,2.4000,0.416876
500,0.5,30,12,2.6000,0.430274
500,0.5,30,13,2.8000,0.454179
500,0.5,30,14,3.0000,0.479346
500,0.5,30,15,3.2000,0.404707
500,0.5,30,16,3.4000,0.318220
500,0.5,30,17,3.6000,0.312782
500,0.5,30,18,3.8000,0.335943
500,0.5,30,19,4.0000,0.364628
500,0.5,30,20,4.2000,0.335609
500,0.5,30,21,4.4000,0.337064
500,0.5,30,22,4.6000,0.362577
500,0.5,30,23,4.8000,0.391537
500,0.5,30,24,5.0000,0.368223
500,0.5,30,25,5.2000,0.353658
500,0.5,30,26,5.4000,0.380963
500,0.5,30,27,5.6000,0.402011
500,0.5,30,28,5.8000,0.412106
500,0.5,30,29,6.0000,0.423064
500,0.5,30,30,6.2000,0.414009
500,0.5,30,31,6.4000,0.437369
500,0.5,30,32,6.6000,0.455056
500,0.5,30,33,6.8000,0.472544
500,0.5,30,34,7.0000,0.417034
500,0.5,30,35,7.2000,0.372321
500,0.5,30,36,7.4000,0.338156
500,0.5,30,37,7.6000,0.319253
500,0.5,30,38,7.8000,0.298428
500,0.5,30,39,8.0000,0.299661
500,0.5,30,40,8.2000,0.285549
500,0.5,30,41,8.4000,0.290675
500,0.5,30,42,8.6000,0.300212
500,0.5,30,43,8.8000,0.310627
500,0.5,30,44,9.0000,0.327151
500,0.5,30,45,9.2000,0.339575
500,0.5,30,46,9.4000,0.325934
500,0.5,30,47,9.6000,0.330104
500,0.5,30,48,9.8000,0.316377
500,0.5,30,49,10.0000,0.314318
500,0.5,30,50,10.2000,0.288564
500,0.5,30,51,10.4000,0.294494
500,0.5,30,52,10.6000,0.302567
500,0.5,30,53,10.8000,0.290200
500,0.5,30,54,11.0000,0.295794
500,0.5,30,55,11.2000,0.304380
500,0.5,30,56,11.4000,0.307709
500,0.5,30,57,11.6000,0.310000
500,0.5,30,58,11.8000,0.304857
500,0.5,30,59,12.0000,0.301429
500,0.5,30,60,12.2000,0.302368
500,0.5,30,61,12.4000,0.293623
500,0.5,30,62,12.6000,0.270585
500,0.5,30,63,12.8000,0.250572
500,0.5,30,64,13.0000,0.255782
500,0.5,30,65,13.2000,0.262841
500,0.5,30,66,13.4000,0.256881
500,0.5,30,67,13.6000,0.256628
500,0.5,30,68,13.8000,0.262605
500,0.5,30,69,14.0000,0.270449
500,0.5,30,70,14.2000,0.277878
500,0.5,30,71,14.4000,0.267426
500,0.5,30,72,14.6000,0.259756
500,0.5,30,73,14.8000,0.267694
500,0.5,30,74,15.0000,0.272529
500,0.5,30,75,15.2000,0.268704
500,0.5,30,76,15.4000,0.266630
500,0.5,30,77,15.6000,0.266879
500,0.5,30,78,15.8000,0.245415
500,0.5,30,79,16.0000,0.238443
500,0.5,30,80,16.2000,0.240276
500,0.5,30,81,16.4000,0.240468
500,0.5,30,82,16.6000,0.243662
500,0.5,30,83,16.8000,0.227346
500,0.5,30,84,17.0000,0.226921
500,0.5,30,85,17.2000,0.200402
500,0.5,30,86,17.4000,0.186213
500,0.5,30,87,17.6000,0.177013
500,0.5,30,88,17.8000,0.161387
500,0.5,30,89,18.0000,0.160712
500,0.5,30,90,18.2000,0.157025
500,0.5,30,91,18.4000,0.157070
500,0.5,30,92,18.6000,0.155392
500,0.5,30,93,18.8000,0.152322
500,0.5,30,94,19.0000,0.144123
500,0.5,30,95,19.2000,0.128452
500,0.5,30,96,19.4000,0.121591
500,0.5,30,97,19.6000,0.121843
500,0.5,30,98,19.8000,0.118100
500,0.5,30,99,20.0000,0.115982
500,0.5,40,0,0.2000,0.955171
500,0.5,40,1,0.4000,1.072122
500,0.5,40,2,0.6000,1.165631
500,0.5,40,3,0.8000,0.623525
500,0.5,40,4,1.0000,0.506550
500,0.5,40,5,1.2000,0.489854
500,0.5,40,6,1.4000,0.538534
500,0.5,40,7,1.6000,0.619735
500,0.5,40,8,1.8000,0.598982
500,0.5,40,9,2.0000,0.549205
500,0.5,40,10,2.2000,0.512215
500,0.5,40,11,2.4000,0.495751
500,0.5,40,12,2.6000,0.511333
500,0.5,40,13,2.8000,0.478694
500,0.5,40,14,3.0000,0.476220
500,0.5,40,15,3.2000,0.478474
500,0.5,40,16,3.4000,0.485320
500,0.5,40,17,3.6000,0.498248
500,0.5,40,18,3.8000,0.492882
500,0.5,40,19,4.0000,0.509761
500,0.5,40,20,4.2000,0.445861
500,0.5,40,21,4.4000,0.397792
500,0.5,40,22,4.6000,0.305376
500,0.5,40,23,4.8000,0.285656
500,0.5,40,24,5.0000,0.298072
500,0.5,40,25,5.2000,0.267274
500,0.5,40,26,5.4000,0.311444
500,0.5,40,27,5.6000,0.317708
500,0.5,40,28,5.8000,0.301663
500,0.5,40,29,6.0000,0.240393
500,0.5,40,30,6.2000,0.240193
500,0.5,40,31,6.4000,0.238974
500,0.5,40,32,6.6000,0.230859
500,0.5,40,33,6.8000,0.248898
500,0.5,40,34,7.0000,0.230642
500,0.5,40,35,7.2000,0.240232
500,0.5,40,36,7.4000,0.224713
500,0.5,40,37,7.6000,0.197190
500,0.5,40,38,7.8000,0.204929
500,0.5,40,39,8.0000,0.207774
500,0.5,40,40,8.2000,0.196626
500,0.5,40,41,8.4000,0.184886
500,0.5,40,42,8.6000,0.180275
500,0.5,40,43,8.8000,0.166199
500,0.5,40,44,9.0000,0.172467
500,0.5,40,45,9.2000,0.179981
500,0.5,40,46,9.4000,0.153567
500,0.5,40,47,9.6000,0.145784
500,0.5,40,48,9.8000,0.153598
500,0.5,40,49,10.0000,0.163272
500,0.5,40,50,10.2000,0.164204
500,0.5,40,51,10.4000,0.150534
500,0.5,40,52,10.6000,0.149093
500,0.5,40,53,10.8000,0.146605
500,0.5,40,54,11.0000,0.146121
500,0.5,40,55,11.2000,0.136547
500,0.5,40,56,11.4000,0.136855
500,0.5,40,57,11.6000,0.124459
500,0.5,40,58,11.8000,0.128247
500,0.5,40,59,12.0000,0.128019
500,0.5,40,60,12.2000,0.114586
500,0.5,40,61,12.4000,0.107612
500,0.5,40,62,12.6000,0.094475
500,0.5,40,63,12.8000,0.081496
500,0.5,40,64,13.0000,0.082361
500,0.5,40,65,13.2000,0.084522
500,0.5,40,66,13.4000,0.083506
500,0.5,40,67,13.6000,0.090287
500,0.5,40,68,13.8000,0.098615
500,0.5,40,69,14.0000,0.109392
500,0.5,40,70,14.2000,0.118959
500,0.5,40,71,14.4000,0.121146
500,0.5,40,72,14.6000,0.126762
500,0.5,40,73,14.8000,0.118296
500,0.5,40,74,15.0000,0.116657
500,0.5,40,75,15.2000,0.113312
500,0.5,40,76,15.4000,0.112551
500,0.5,40,77,15.6000,0.111868
500,0.5,40,78,15.8000,0.113797
500,0.5,40,79,16.0000,0.112300
500,0.5,40,80,16.2000,0.107180
500,0.5,40,81,16.4000,0.106412
500,0.5,40,82,16.6000,0.103341
500,0.5,40,83,16.8000,0.104350
500,0.5,40,84,17.0000,0.092707
500,0.5,40,85,17.2000,0.091672
500,0.5,40,86,17.4000,0.092423
500,0.5,40,87,17.6000,0.088919
500,0.5,40,88,17.8000,0.088599
500,0.5,40,89,18.0000,0.089674
500,0.5,40,90,18.2000,0.090573
500,0.5,40,91,18.4000,0.091132
500,0.5,40,92,18.6000,0.091272
500,0.5,40,93,18.8000,0.092179
500,0.5,40,94,19.0000,0.093562
500,0.5,40,95,19.2000,0.095528
500,0.5,40,96,19.4000,0.098377
500,0.5,40,97,19.6000,0.097307
500,0.5,40,98,19.8000,0.098284
500,0.5,40,99,20.0000,0.099870
500,0.5,50,0,0.2000,1.398111
500,0.5,50,1,0.4000,0.966109
500,0.5,50,2,0.6000,2.132019
500,0.5,50,3,0.8000,1.405488
500,0.5,50,4,1.0000,1.198887
500,0.5,50,5,1.2000,0.947578
500,0.5,50,6,1.4000,0.938900
500,0.5,50,7,1.6000,0.850761
500,0.5,50,8,1.8000,0.758061
500,0.5,50,9,2.0000,0.744418
500,0.5,50,10,2.2000,0.727283
500,0.5,50,11,2.4000,0.658285
500,0.5,50,12,2.6000,0.649166
500,0.5,50,13,2.8000,0.601699
500,0.5,50,14,3.0000,0.580203
500,0.5,50,15,3.2000,0.572464
500,0.5,50,16,3.4000,0.591244
500,0.5,50,17,3.6000,0.593822
500,0.5,50,18,3.8000,0.552386
500,0.5,50,19,4.0000,0.496588
500,0.5,50,20,4.2000,0.457717
500,0.5,50,21,4.4000,0.402148
500,0.5,50,22,4.6000,0.442683
500,0.5,50,23,4.8000,0.380487
500,0.5,50,24,5.0000,0.356864
500,0.5,50,25,5.2000,0.340207
500,0.5,50,26,5.4000,0.289606
500,0.5,50,27,5.6000,0.249865
500,0.5,50,28,5.8000,0.217433
500,0.5,50,29,6.0000,0.187019
500,0.5,50,30,6.2000,0.171762
500,0.5,50,31,6.4000,0.155323
500,0.5,50,32,6.6000,0.141538
500,0.5,50,33,6.8000,0.129348
500,0.5,50,34,7.0000,0.114876
500,0.5,50,35,7.2000,0.134727
500,0.5,50,36,7.4000,0.191587
500,0.5,50,37,7.6000,0.170538
500,0.5,50,38,7.8000,0.153554
500,0.5,50,39,8.0000,0.149757
500,0.5,50,40,8.2000,0.133098
500,0.5,50,41,8.4000,0.123299
500,0.5,50,42,8.6000,0.126298
500,0.5,50,43,8.8000,0.117072
500,0.5,50,44,9.0000,0.112379
500,0.5,50,45,9.2000,0.135191
500,0.5,50,46,9.4000,0.115486
500,0.5,50,47,9.6000,0.109702
500,0.5,50,48,9.8000,0.135422
500,0.5,50,49,10.0000,0.116661
500,0.5,50,50,10.2000,0.111854
500,0.5,50,51,10.4000,0.111181
500,0.5,50,52,10.6000,0.109216
500,0.5,50,53,10.8000,0.122087
500,0.5,50,54,11.0000,0.145268
500,0.5,50,55,11.2000,0.144864
500,0.5,50,56,11.4000,0.161660
500,0.5,50,57,11.6000,0.168984
500,0.5,50,58,11.8000,0.152416
500,0.5,50,59,12.0000,0.127947
500,0.5,50,60,12.2000,0.127121
500,0.5,50,61,12.4000,0.121932
500,0.5,50,62,12.6000,0.105216
500,0.5,50,63,12.8000,0.113602
500,0.5,50,64,13.0000,0.127473
500,0.5,50,65,13.2000,0.136516
500,0.5,50,66,13.4000,0.139288
500,0.5,50,67,13.6000,0.162697
500,0.5,50,68,13.8000,0.175792
500,0.5,50,69,14.0000,0.192107
500,0.5,50,70,14.2000,0.189874
500,0.5,50,71,14.4000,0.191903
500,0.5,50,72,14.6000,0.188284
500,0.5,50,73,14.8000,0.177590
500,0.5,50,74,15.0000,0.164211
500,0.5,50,75,15.2000,0.149665
500,0.5,50,76,15.4000,0.145057
500,0.5,50,77,15.6000,0.135041
500,0.5,50,78,15.8000,0.124704
500,0.5,50,79,16.0000,0.126136
500,0.5,50,80,16.2000,0.128947
500,0.5,50,81,16.4000,0.138669
500,0.5,50,82,16.6000,0.158036
500,0.5,50,83,16.8000,0.160857
500,0.5,50,84,17.0000,0.152216
500,0.5,50,85,17.2000,0.148783
500,0.5,50,86,17.4000,0.141552
500,0.5,50,87,17.6000,0.132450
500,0.5,50,88,17.8000,0.127334
500,0.5,50,89,18.0000,0.122018
500,0.5,50,90,18.2000,0.117198
500,0.5,50,91,18.4000,0.111892
500,0.5,50,92,18.6000,0.105268
500,0.5,50,93,18.8000,0.099400
500,0.5,50,94,19.0000,0.112283
500,0.5,50,95,19.2000,0.104547
500,0.5,50,96,19.4000,0.095474
500,0.5,50,97,19.6000,0.090308
500,0.5,50,98,19.8000,0.083211
500,0.5,50,99,20.0000,0.082197
500,0.5,60,0,0.2000,1.517600
500,0.5,60,1,0.4000,1.609645
500,0.5,60,2,0.6000,1.512339
500,0.5,60,3,0.8000,1.058644
500,0.5,60,4,1.0000,0.967397
500,0.5,60,5,1.2000,0.883066
500,0.5,60,6,1.4000,0.816282
500,0.5,60,7,1.6000,0.733437
500,0.5,60,8,1.8000,0.525601
500,0.5,60,9,2.0000,0.431004
500,0.5,60,10,2.2000,0.374366
500,0.5,60,11,2.4000,0.390064
500,0.5,60,12,2.6000,0.390977
500,0.5,60,13,2.8000,0.349110
500,0.5,60,14,3.0000,0.313693
500,0.5,60,15,3.2000,0.316704
500,0.5,60,16,3.4000,0.310346
500,0.5,60,17,3.6000,0.269738
500,0.5,60,18,3.8000,0.277972
500,0.5,60,19,4.0000,0.285146
500,0.5,60,20,4.2000,0.320550
500,0.5,60,21,4.4000,0.350455
500,0.5,60,22,4.6000,0.296841
500,0.5,60,23,4.8000,0.238301
500,0.5,60,24,5.0000,0.263344
500,0.5,60,25,5.2000,0.280660
500,0.5,60,26,5.4000,0.300366
500,0.5,60,27,5.6000,0.277154
500,0.5,60,28,5.8000,0.282269
500,0.5,60,29,6.0000,0.285723
500,0.5,60,30,6.2000,0.234225
500,0.5,60,31,6.4000,0.227298
500,0.5,60,32,6.6000,0.219554
500,0.5,60,33,6.8000,0.228141
500,0.5,60,34,7.0000,0.214984
500,0.5,60,35,7.2000,0.201282
500,0.5,60,36,7.4000,0.198449
500,0.5,60,37,7.6000,0.189770
500,0.5,60,38,7.8000,0.187192
500,0.5,60,39,8.0000,0.190802
500,0.5,60,40,8.2000,0.190907
500,0.5,60,41,8.4000,0.183657
500,0.5,60,42,8.6000,0.180277
500,0.5,60,43,8.8000,0.178387
500,0.5,60,44,9.0000,0.173094
500,0.5,60,45,9.2000,0.172119
500,0.5,60,46,9.4000,0.170018
500,0.5,60,47,9.6000,0.178268
500,0.5,60,48,9.8000,0.184700
500,0.5,60,49,10.0000,0.195201
500,0.5,60,50,10.2000,0.209582
500,0.5,60,51,10.4000,0.215464
500,0.5,60,52,10.6000,0.221821
500,0.5,60,53,10.8000,0.234100
500,0.5,60,54,11.0000,0.230759
500,0.5,60,55,11.2000,0.227391
500,0.5,60,56,11.4000,0.228085
500,0.5,60,57,11.6000,0.230006
500,0.5,60,58,11.8000,0.208111
500,0.5,60,59,12.0000,0.197538
500,0.5,60,60,12.2000,0.187778
500,0.5,60,61,12.4000,0.186454
500,0.5,60,62,12.6000,0.185298
500,0.5,60,63,12.8000,0.184812
500,0.5,60,64,13.0000,0.184713
500,0.5,60,65,13.2000,0.186562
500,0.5,60,66,13.4000,0.189612
500,0.5,60,67,13.6000,0.192401
500,0.5,60,68,13.8000,0.196043
500,0.5,60,69,14.0000,0.201123
500,0.5,60,70,14.2000,0.187845
500,0.5,60,71,14.4000,0.177006
500,0.5,60,72,14.6000,0.184018
500,0.5,60,73,14.8000,0.190386
500,0.5,60,74,15.0000,0.191939
500,0.5,60,75,15.2000,0.198038
500,0.5,60,76,15.4000,0.201990
500,0.5,60,77,15.6000,0.210014
500,0.5,60,78,15.8000,0.218968
500,0.5,60,79,16.0000,0.216883
500,0.5,60,80,16.2000,0.222284
500,0.5,60,81,16.4000,0.222324
500,0.5,60,82,16.6000,0.213624
500,0.5,60,83,16.8000,0.202192
500,0.5,60,84,17.0000,0.203765
500,0.5,60,85,17.2000,0.205731
500,0.5,60,86,17.4000,0.197638
500,0.5,60,87,17.6000,0.191960
500,0.5,60,88,17.8000,0.182353
500,0.5,60,89,18.0000,0.171007
500,0.5,60,90,18.2000,0.166723
500,0.5,60,91,18.4000,0.164490
500,0.5,60,92,18.6000,0.157519
500,0.5,60,93,18.8000,0.156836
500,0.5,60,94,19.0000,0.159118
500,0.5,60,95,19.2000,0.162101
500,0.5,60,96,19.4000,0.167730
500,0.5,60,97,19.6000,0.171120
500,0.5,60,98,19.8000,0.164619
500,0.5,60,99,20.0000,0.166057
500,0.5,70,0,0.2000,1.792009
500,0.5,70,1,0.4000,1.573002
500,0.5,70,2,0.6000,2.298374
500,0.5,70,3,0.8000,2.007968
500,0.5,70,4,1.0000,1.859606
500,0.5,70,5,1.2000,1.743911
500,0.5,70,6,1.4000,1.613652
500,0.5,70,7,1.6000,1.461977
500,0.5,70,8,1.8000,1.279465
500,0.5,70,9,2.0000,1.230321
500,0.5,70,10,2.2000,1.184306
500,0.5,70,11,2.4000,1.147770
500,0.5,70,12,2.6000,1.005217
500,0.5,70,13,2.8000,0.921365
500,0.5,70,14,3.0000,0.393513
500,0.5,70,15,3.2000,0.345787
500,0.5,70,16,3.4000,0.324138
500,0.5,70,17,3.6000,0.302380
500,0.5,70,18,3.8000,0.267319
500,0.5,70,19,4.0000,0.234558
500,0.5,70,20,4.2000,0.248058
500,0.5,70,21,4.4000,0.275088
500,0.5,70,22,4.6000,0.329733
500,0.5,70,23,4.8000,0.385146
500,0.5,70,24,5.0000,0.445566
500,0.5,70,25,5.2000,0.480106
500,0.5,70,26,5.4000,0.463039
500,0.5,70,27,5.6000,0.429495
500,0.5,70,28,5.8000,0.412315
500,0.5,70,29,6.0000,0.399265
500,0.5,70,30,6.2000,0.392979
500,0.5,70,31,6.4000,0.400999
500,0.5,70,32,6.6000,0.386420
500,0.5,70,33,6.8000,0.372572
500,0.5,70,34,7.0000,0.347353
500,0.5,70,35,7.2000,0.332327
500,0.5,70,36,7.4000,0.356798
500,0.5,70,37,7.6000,0.356835
500,0.5,70,38,7.8000,0.350729
500,0.5,70,39,8.0000,0.339337
500,0.5,70,40,8.2000,0.329747
500,0.5,70,41,8.4000,0.316473
500,0.5,70,42,8.6000,0.301117
500,0.5,70,43,8.8000,0.290086
500,0.5,70,44,9.0000,0.276833
500,0.5,70,45,9.2000,0.264260
500,0.5,70,46,9.4000,0.252312
500,0.5,70,47,9.6000,0.238313
500,0.5,70,48,9.8000,0.225470
500,0.5,70,49,10.0000,0.218643
500,0.5,70,50,10.2000,0.210075
500,0.5,70,51,10.4000,0.206674
500,0.5,70,52,10.6000,0.198614
500,0.5,70,53,10.8000,0.215120
500,0.5,70,54,11.0000,0.215250
500,0.5,70,55,11.2000,0.211150
500,0.5,70,56,11.4000,0.226716
500,0.5,70,57,11.6000,0.227447
500,0.5,70,58,11.8000,0.234456
500,0.5,70,59,12.0000,0.241886
500,0.5,70,60,12.2000,0.248419
500,0.5,70,61,12.4000,0.254665
500,0.5,70,62,12.6000,0.265017
500,0.5,70,63,12.8000,0.253444
500,0.5,70,64,13.0000,0.246397
500,0.5,70,65,13.2000,0.257212
500,0.5,70,66,13.4000,0.245455
500,0.5,70,67,13.6000,0.236094
500,0.5,70,68,13.8000,0.227504
500,0.5,70,69,14.0000,0.216896
500,0.5,70,70,14.2000,0.211137
500,0.5,70,71,14.4000,0.200969
500,0.5,70,72,14.6000,0.196543
500,0.5,70,73,14.8000,0.199687
500,0.5,70,74,15.0000,0.204019
500,0.5,70,75,15.2000,0.209453
500,0.5,70,76,15.4000,0.216015
500,0.5,70,77,15.6000,0.220804
500,0.5,70,78,15.8000,0.229418
500,0.5,70,79,16.0000,0.222451
500,0.5,70,80,16.2000,0.223261
500,0.5,70,81,16.4000,0.229993
500,0.5,70,82,16.6000,0.246644
500,0.5,70,83,16.8000,0.253355
500,0.5,70,84,17.0000,0.253291
500,0.5,70,85,17.2000,0.245425
500,0.5,70,86,17.4000,0.235687
500,0.5,70,87,17.6000,0.226312
500,0.5,70,88,17.8000,0.215464
500,0.5,70,89,18.0000,0.202975
500,0.5,70,90,18.2000,0.198841
500,0.5,70,91,18.4000,0.191685
500,0.5,70,92,18.6000,0.192095
500,0.5,70,93,18.8000,0.198970
500,0.5,70,94,19.0000,0.201188
500,0.5,70,95,19.2000,0.204124
500,0.5,70,96,19.4000,0.205830
500,0.5,70,97,19.6000,0.210368
500,0.5,70,98,19.8000,0.208851
500,0.5,70,99,20.0000,0.210768
500,0.5,80,0,0.2000,1.459351
500,0.5,80,1,0.4000,0.542601
500,0.5,80,2,0.6000,0.560264
500,0.5,80,3,0.8000,0.481514
500,0.5,80,4,1.0000,0.413913
500,0.5,80,5,1.2000,0.499550
500,0.5,80,6,1.4000,0.345916
500,0.5,80,7,1.6000,0.309679
500,0.5,80,8,1.8000,0.326950
500,0.5,80,9,2.0000,0.273016
500,0.5,80,10,2.2000,0.248702
500,0.5,80,11,2.4000,0.231498
500,0.5,80,12,2.6000,0.218636
500,0.5,80,13,2.8000,0.222413
500,0.5,80,14,3.0000,0.228342
500,0.5,80,15,3.2000,0.212017
500,0.5,80,16,3.4000,0.201665
500,0.5,80,17,3.6000,0.179844
500,0.5,80,18,3.8000,0.176896
500,0.5,80,19,4.0000,0.180389
500,0.5,80,20,4.2000,0.167874
500,0.5,80,21,4.4000,0.168267
500,0.5,80,22,4.6000,0.140699
500,0.5,80,23,4.8000,0.128768
500,0.5,80,24,5.0000,0.116682
500,0.5,80,25,5.2000,0.122916
500,0.5,80,26,5.4000,0.131145
500,0.5,80,27,5.6000,0.136884
500,0.5,80,28,5.8000,0.138228
500,0.5,80,29,6.0000,0.148178
500,0.5,80,30,6.2000,0.130391
500,0.5,80,31,6.4000,0.097948
500,0.5,80,32,6.6000,0.090819
500,0.5,80,33,6.8000,0.085251
500,0.5,80,34,7.0000,0.110799
500,0.5,80,35,7.2000,0.101507
500,0.5,80,36,7.4000,0.089174
500,0.5,80,37,7.6000,0.098959
500,0.5,80,38,7.8000,0.121351
500,0.5,80,39,8.0000,0.133795
500,0.5,80,40,8.2000,0.134116
500,0.5,80,41,8.4000,0.150576
500,0.5,80,42,8.6000,0.178535
500,0.5,80,43,8.8000,0.177076
500,0.5,80,44,9.0000,0.172502
500,0.5,80,45,9.2000,0.169665
500,0.5,80,46,9.4000,0.176547
500,0.5,80,47,9.6000,0.177585
500,0.5,80,48,9.8000,0.174457
500,0.5,80,49,10.0000,0.174521
500,0.5,80,50,10.2000,0.179097
500,0.5,80,51,10.4000,0.170706
500,0.5,80,52,10.6000,0.161197
500,0.5,80,53,10.8000,0.154415
500,0.5,80,54,11.0000,0.151056
500,0.5,80,55,11.2000,0.144913
500,0.5,80,56,11.4000,0.140403
500,0.5,80,57,11.6000,0.134666
500,0.5,80,58,11.8000,0.155431
500,0.5,80,59,12.0000,0.149482
500,0.5,80,60,12.2000,0.146638
500,0.5,80,61,12.4000,0.142030
500,0.5,80,62,12.6000,0.145468
500,0.5,80,63,12.8000,0.141428
500,0.5,80,64,13.0000,0.136552
500,0.5,80,65,13.2000,0.134573
500,0.5,80,66,13.4000,0.135118
500,0.5,80,67,13.6000,0.132320
500,0.5,80,68,13.8000,0.126800
500,0.5,80,69,14.0000,0.133989
500,0.5,80,70,14.2000,0.135851
500,0.5,80,71,14.4000,0.134717
500,0.5,80,72,14.6000,0.131446
500,0.5,80,73,14.8000,0.128764
500,0.5,80,74,15.0000,0.134954
500,0.5,80,75,15.2000,0.141293
500,0.5,80,76,15.4000,0.156505
500,0.5,80,77,15.6000,0.161235
500,0.5,80,78,15.8000,0.156045
500,0.5,80,79,16.0000,0.151742
500,0.5,80,80,16.2000,0.148088
500,0.5,80,81,16.4000,0.144299
500,0.5,80,82,16.6000,0.145534
500,0.5,80,83,16.8000,0.148136
500,0.5,80,84,17.0000,0.147958
500,0.5,80,85,17.2000,0.148467
500,0.5,80,86,17.4000,0.149920
500,0.5,80,87,17.6000,0.151193
500,0.5,80,88,17.8000,0.146516
500,0.5,80,89,18.0000,0.151501
500,0.5,80,90,18.2000,0.151432
500,0.5,80,91,18.4000,0.147207
500,0.5,80,92,18.6000,0.142849
500,0.5,80,93,18.8000,0.144727
500,0.5,80,94,19.0000,0.142337
500,0.5,80,95,19.2000,0.145106
500,0.5,80,96,19.4000,0.145561
500,0.5,80,97,19.6000,0.145337
500,0.5,80,98,19.8000,0.147535
500,0.5,80,99,20.0000,0.144376
500,0.5,90,0,0.2000,0.890886
500,0.5,90,1,0.4000,0.954219
500,0.5,90,2,0.6000,0.724001
500,0.5,90,3,0.8000,0.572044
500,0.5,90,4,1.0000,0.616092
500,0.5,90,5,1.2000,0.530586
500,0.5,90,6,1.4000,0.547551
500,0.5,90,7,1.6000,0.820021
500,0.5,90,8,1.8000,0.385598
500,0.5,90,9,2.0000,0.544033
500,0.5,90,10,2.2000,0.536324
500,0.5,90,11,2.4000,0.465516
500,0.5,90,12,2.6000,0.440161
500,0.5,90,13,2.8000,0.497454
500,0.5,90,14,3.0000,0.447403
500,0.5,90,15,3.2000,0.443539
500,0.5,90,16,3.4000,0.395001
500,0.5,90,17,3.6000,0.348297
500,0.5,90,18,3.8000,0.314484
500,0.5,90,19,4.0000,0.306913
500,0.5,90,20,4.2000,0.285060
500,0.5,90,21,4.4000,0.283211
500,0.5,90,22,4.6000,0.276831
500,0.5,90,23,4.8000,0.275210
500,0.5,90,24,5.0000,0.273110
500,0.5,90,25,5.2000,0.241723
500,0.5,90,26,5.4000,0.222212
500,0.5,90,27,5.6000,0.207175
500,0.5,90,28,5.8000,0.209450
500,0.5,90,29,6.0000,0.177012
500,0.5,90,30,6.2000,0.145531
500,0.5,90,31,6.4000,0.188157
500,0.5,90,32,6.6000,0.225454
500,0.5,90,33,6.8000,0.206762
500,0.5,90,34,7.0000,0.188194
500,0.5,90,35,7.2000,0.179752
500,0.5,90,36,7.4000,0.166492
500,0.5,90,37,7.6000,0.204584
500,0.5,90,38,7.8000,0.204964
500,0.5,90,39,8.0000,0.212531
500,0.5,90,40,8.2000,0.204680
500,0.5,90,41,8.4000,0.200498
500,0.5,90,42,8.6000,0.210821
500,0.5,90,43,8.8000,0.218145
500,0.5,90,44,9.0000,0.223285
500,0.5,90,45,9.2000,0.255488
500,0.5,90,46,9.4000,0.235071
500,0.5,90,47,9.6000,0.213112
500,0.5,90,48,9.8000,0.198747
500,0.5,90,49,10.0000,0.175644
500,0.5,90,50,10.2000,0.157255
500,0.5,90,51,10.4000,0.137497
500,0.5,90,52,10.6000,0.118623
500,0.5,90,53,10.8000,0.100243
500,0.5,90,54,11.0000,0.091692
500,0.5,90,55,11.2000,0.120221
500,0.5,90,56,11.4000,0.114535
500,0.5,90,57,11.6000,0.100249
500,0.5,90,58,11.8000,0.089137
500,0.5,90,59,12.0000,0.083406
500,0.5,90,60,12.2000,0.077958
500,0.5,90,61,12.4000,0.081381
500,0.5,90,62,12.6000,0.108260
500,0.5,90,63,12.8000,0.108655
500,0.5,90,64,13.0000,0.099483
500,0.5,90,65,13.2000,0.091665
500,0.5,90,66,13.4000,0.087438
500,0.5,90,67,13.6000,0.085644
500,0.5,90,68,13.8000,0.086575
500,0.5,90,69,14.0000,0.089428
500,0.5,90,70,14.2000,0.082296
500,0.5,90,71,14.4000,0.075182
500,0.5,90,72,14.6000,0.069905
500,0.5,90,73,14.8000,0.071032
500,0.5,90,74,15.0000,0.077459
500,0.5,90,75,15.2000,0.083138
500,0.5,90,76,15.4000,0.081686
500,0.5,90,77,15.6000,0.073071
500,0.5,90,78,15.8000,0.076447
500,0.5,90,79,16.0000,0.077594
500,0.5,90,80,16.2000,0.076882
500,0.5,90,81,16.4000,0.077368
500,0.5,90,82,16.6000,0.077980
500,0.5,90,83,16.8000,0.071579
500,0.5,90,84,17.0000,0.071938
500,0.5,90,85,17.2000,0.064460
500,0.5,90,86,17.4000,0.070838
500,0.5,90,87,17.6000,0.071830
500,0.5,90,88,17.8000,0.081502
500,0.5,90,89,18.0000,0.093072
500,0.5,90,90,18.2000,0.098850
500,0.5,90,91,18.4000,0.101794
500,0.5,90,92,18.6000,0.097249
500,0.5,90,93,18.8000,0.088861
500,0.5,90,94,19.0000,0.084761
500,0.5,90,95,19.2000,0.081839
500,0.5,90,96,19.4000,0.080309
500,0.5,90,97,19.6000,0.076039
500,0.5,90,98,19.8000,0.074966
500,0.5,90,99,20.0000,0.074054
500,2.0,10,0,0.2000,1.541643
500,2.0,10,1,0.4000,1.924881
500,2.0,10,2,0.6000,1.254884
500,2.0,10,3,0.8000,0.950869
500,2.0,10,4,1.0000,0.789196
500,2.0,10,5,1.2000,0.564199
500,2.0,10,6,1.4000,0.473286
500,2.0,10,7,1.6000,0.444512
500,2.0,10,8,1.8000,0.469080
500,2.0,10,9,2.0000,0.505954
500,2.0,10,10,2.2000,0.497744
500,2.0,10,11,2.4000,0.389122
500,2.0,10,12,2.6000,0.382778
500,2.0,10,13,2.8000,0.293237
500,2.0,10,14,3.0000,0.280413
500,2.0,10,15,3.2000,0.308878
500,2.0,10,16,3.4000,0.293039
500,2.0,10,17,3.6000,0.292558
500,2.0,10,18,3.8000,0.292400
500,2.0,10,19,4.0000,0.362035
500,2.0,10,20,4.2000,0.374664
500,2.0,10,21,4.4000,0.353290
500,2.0,10,22,4.6000,0.326456
500,2.0,10,23,4.8000,0.306549
500,2.0,10,24,5.0000,0.284416
500,2.0,10,25,5.2000,0.276796
500,2.0,10,26,5.4000,0.274691
500,2.0,10,27,5.6000,0.282147
500,2.0,10,28,5.8000,0.287873
500,2.0,10,29,6.0000,0.291313
500,2.0,10,30,6.2000,0.316950
500,2.0,10,31,6.4000,0.332999
500,2.0,10,32,6.6000,0.291176
500,2.0,10,33,6.8000,0.251736
500,2.0,10,34,7.0000,0.238260
500,2.0,10,35,7.2000,0.220252
500,2.0,10,36,7.4000,0.208492
500,2.0,10,37,7.6000,0.219878
500,2.0,10,38,7.8000,0.232237
500,2.0,10,39,8.0000,0.203170
500,2.0,10,40,8.2000,0.185775
500,2.0,10,41,8.4000,0.160977
500,2.0,10,42,8.6000,0.153042
500,2.0,10,43,8.8000,0.169009
500,2.0,10,44,9.0000,0.186319
500,2.0,10,45,9.2000,0.186231
500,2.0,10,46,9.4000,0.181647
500,2.0,10,47,9.6000,0.178417
500,2.0,10,48,9.8000,0.181809
500,2.0,10,49,10.0000,0.191553
500,2.0,10,50,10.2000,0.189243
500,2.0,10,51,10.4000,0.190317
500,2.0,10,52,10.6000,0.194288
500,2.0,10,53,10.8000,0.198212
500,2.0,10,54,11.0000,0.204364
500,2.0,10,55,11.2000,0.208116
500,2.0,10,56,11.4000,0.216824
500,2.0,10,57,11.6000,0.230569
500,2.0,10,58,11.8000,0.240954
500,2.0,10,59,12.0000,0.250680
500,2.0,10,60,12.2000,0.250731
500,2.0,10,61,12.4000,0.253495
500,2.0,10,62,12.6000,0.250445
500,2.0,10,63,12.8000,0.241392
500,2.0,10,64,13.0000,0.224655
500,2.0,10,65,13.2000,0.204591
500,2.0,10,66,13.4000,0.192091
500,2.0,10,67,13.6000,0.186284
500,2.0,10,68,13.8000,0.181268
500,2.0,10,69,14.0000,0.173391
500,2.0,10,70,14.2000,0.168208
500,2.0,10,71,14.4000,0.161285
500,2.0,10,72,14.6000,0.154381
500,2.0,10,73,14.8000,0.164120
500,2.0,10,74,15.0000,0.171938
500,2.0,10,75,15.2000,0.181953
500,2.0,10,76,15.4000,0.182435
500,2.0,10,77,15.6000,0.185973
500,2.0,10,78,15.8000,0.189232
500,2.0,10,79,16.0000,0.189547
500,2.0,10,80,16.2000,0.197228
500,2.0,10,81,16.4000,0.188980
500,2.0,10,82,16.6000,0.174383
500,2.0,10,83,16.8000,0.158681
500,2.0,10,84,17.0000,0.154350
500,2.0,10,85,17.2000,0.143765
500,2.0,10,86,17.4000,0.133735
500,2.0,10,87,17.6000,0.134760
500,2.0,10,88,17.8000,0.133552
500,2.0,10,89,18.0000,0.138260
500,2.0,10,90,18.2000,0.139958
500,2.0,10,91,18.4000,0.141011
500,2.0,10,92,18.6000,0.144555
500,2.0,10,93,18.8000,0.144920
500,2.0,10,94,19.0000,0.139067
500,2.0,10,95,19.2000,0.122907
500,2.0,10,96,19.4000,0.109106
500,2.0,10,97,19.6000,0.096836
500,2.0,10,98,19.8000,0.094881
500,2.0,10,99,20.0000,0.083457
500,2.0,100,0,0.2000,1.860340
500,2.0,100,1,0.4000,1.440628
500,2.0,100,2,0.6000,1.353205
500,2.0,100,3,0.8000,1.080523
500,2.0,100,4,1.0000,0.429405
500,2.0,100,5,1.2000,2.218395
500,2.0,100,6,1.4000,1.451110
500,2.0,100,7,1.6000,1.175838
500,2.0,100,8,1.8000,0.878631
500,2.0,100,9,2.0000,0.740402
500,2.0,100,10,2.2000,0.799764
500,2.0,100,11,2.4000,0.885005
500,2.0,100,12,2.6000,0.756184
500,2.0,100,13,2.8000,0.674523
500,2.0,100,14,3.0000,0.594894
500,2.0,100,15,3.2000,0.607462
500,2.0,100,16,3.4000,0.723302
500,2.0,100,17,3.6000,0.690210
500,2.0,100,18,3.8000,0.654505
500,2.0,100,19,4.0000,0.634211
500,2.0,100,20,4.2000,0.699896
500,2.0,100,21,4.4000,0.718119
500,2.0,100,22,4.6000,0.761901
500,2.0,100,23,4.8000,0.808853
500,2.0,100,24,5.0000,0.845005
500,2.0,100,25,5.2000,0.842033
500,2.0,100,26,5.4000,0.813939
500,2.0,100,27,5.6000,0.759924
500,2.0,100,28,5.8000,0.732428
500,2.0,100,29,6.0000,0.704971
500,2.0,100,30,6.2000,0.672148
500,2.0,100,31,6.4000,0.632441
500,2.0,100,32,6.6000,0.646726
500,2.0,100,33,6.8000,0.684905
500,2.0,100,34,7.0000,0.691105
500,2.0,100,35,7.2000,0.712517
500,2.0,100,36,7.4000,0.695753
500,2.0,100,37,7.6000,0.676268
500,2.0,100,38,7.8000,0.636362
500,2.0,100,39,8.0000,0.600759
500,2.0,100,40,8.2000,0.577758
500,2.0,100,41,8.4000,0.551596
500,2.0,100,42,8.6000,0.530782
500,2.0,100,43,8.8000,0.511833
500,2.0,100,44,9.0000,0.514770
500,2.0,100,45,9.2000,0.525467
500,2.0,100,46,9.4000,0.520175
500,2.0,100,47,9.6000,0.503432
500,2.0,100,48,9.8000,0.483969
500,2.0,100,49,10.0000,0.462602
500,2.0,100,50,10.2000,0.441569
500,2.0,100,51,10.4000,0.448939
500,2.0,100,52,10.6000,0.458969
500,2.0,100,53,10.8000,0.447615
500,2.0,100,54,11.0000,0.431684
500,2.0,100,55,11.2000,0.438199
500,2.0,100,56,11.4000,0.437218
500,2.0,100,57,11.6000,0.416754
500,2.0,100,58,11.8000,0.407575
500,2.0,100,59,12.0000,0.395531
500,2.0,100,60,12.2000,0.381224
500,2.0,100,61,12.4000,0.375881
500,2.0,100,62,12.6000,0.359019
500,2.0,100,63,12.8000,0.363212
500,2.0,100,64,13.0000,0.383007
500,2.0,100,65,13.2000,0.397225
500,2.0,100,66,13.4000,0.392533
500,2.0,100,67,13.6000,0.413873
500,2.0,100,68,13.8000,0.423578
500,2.0,100,69,14.0000,0.433922
500,2.0,100,70,14.2000,0.443057
500,2.0,100,71,14.4000,0.446036
500,2.0,100,72,14.6000,0.433239
500,2.0,100,73,14.8000,0.438590
500,2.0,100,74,15.0000,0.430292
500,2.0,100,75,15.2000,0.418819
500,2.0,100,76,15.4000,0.410844
500,2.0,100,77,15.6000,0.393839
500,2.0,100,78,15.8000,0.400122
500,2.0,100,79,16.0000,0.388395
500,2.0,100,80,16.2000,0.381726
500,2.0,100,81,16.4000,0.375775
500,2.0,100,82,16.6000,0.376264
500,2.0,100,83,16.8000,0.367288
500,2.0,100,84,17.0000,0.381463
500,2.0,100,85,17.2000,0.397679
500,2.0,100,86,17.4000,0.390027
500,2.0,100,87,17.6000,0.400539
500,2.0,100,88,17.8000,0.405902
500,2.0,100,89,18.0000,0.399809
500,2.0,100,90,18.2000,0.395579
500,2.0,100,91,18.4000,0.387620
500,2.0,100,92,18.6000,0.379205
500,2.0,100,93,18.8000,0.371456
500,2.0,100,94,19.0000,0.370771
500,2.0,100,95,19.2000,0.378909
500,2.0,100,96,19.4000,0.387719
500,2.0,100,97,19.6000,0.403066
500,2.0,100,98,19.8000,0.416138
500,2.0,100,99,20.0000,0.406352
500,2.0,20,0,0.2000,1.607775
500,2.0,20,1,0.4000,0.980634
500,2.0,20,2,0.6000,1.335167
500,2.0,20,3,0.8000,2.971740
500,2.0,20,4,1.0000,2.188421
500,2.0,20,5,1.2000,1.895174
500,2.0,20,6,1.4000,1.774831
500,2.0,20,7,1.6000,1.554082
500,2.0,20,8,1.8000,1.380130
500,2.0,20,9,2.0000,1.158528
500,2.0,20,10,2.2000,1.074657
500,2.0,20,11,2.4000,1.017992
500,2.0,20,12,2.6000,0.909037
500,2.0,20,13,2.8000,0.848867
500,2.0,20,14,3.0000,0.816680
500,2.0,20,15,3.2000,0.757002
500,2.0,20,16,3.4000,0.713164
500,2.0,20,17,3.6000,0.589402
500,2.0,20,18,3.8000,0.535222
500,2.0,20,19,4.0000,0.480807
500,2.0,20,20,4.2000,0.437693
500,2.0,20,21,4.4000,0.377205
500,2.0,20,22,4.6000,0.342241
500,2.0,20,23,4.8000,0.308682
500,2.0,20,24,5.0000,0.286820
500,2.0,20,25,5.2000,0.256904
500,2.0,20,26,5.4000,0.239101
500,2.0,20,27,5.6000,0.212604
500,2.0,20,28,5.8000,0.286372
500,2.0,20,29,6.0000,0.335606
500,2.0,20,30,6.2000,0.273189
500,2.0,20,31,6.4000,0.257052
500,2.0,20,32,6.6000,0.248716
500,2.0,20,33,6.8000,0.242197
500,2.0,20,34,7.0000,0.209323
500,2.0,20,35,7.2000,0.218412
500,2.0,20,36,7.4000,0.171243
500,2.0,20,37,7.6000,0.170817
500,2.0,20,38,7.8000,0.151215
500,2.0,20,39,8.0000,0.155277
500,2.0,20,40,8.2000,0.140753
500,2.0,20,41,8.4000,0.155424
500,2.0,20,42,8.6000,0.164485
500,2.0,20,43,8.8000,0.181901
500,2.0,20,44,9.0000,0.195719
500,2.0,20,45,9.2000,0.221447
500,2.0,20,46,9.4000,0.235811
500,2.0,20,47,9.6000,0.245248
500,2.0,20,48,9.8000,0.258474
500,2.0,20,49,10.0000,0.278202
500,2.0,20,50,10.2000,0.294309
500,2.0,20,51,10.4000,0.303674
500,2.0,20,52,10.6000,0.333685
500,2.0,20,53,10.8000,0.332664
500,2.0,20,54,11.0000,0.315255
500,2.0,20,55,11.2000,0.306893
500,2.0,20,56,11.4000,0.296239
500,2.0,20,57,11.6000,0.282007
500,2.0,20,58,11.8000,0.279010
500,2.0,20,59,12.0000,0.271899
500,2.0,20,60,12.2000,0.264925
500,2.0,20,61,12.4000,0.260381
500,2.0,20,62,12.6000,0.253789
500,2.0,20,63,12.8000,0.261549
500,2.0,20,64,13.0000,0.266250
500,2.0,20,65,13.2000,0.254816
500,2.0,20,66,13.4000,0.251558
500,2.0,20,67,13.6000,0.244053
500,2.0,20,68,13.8000,0.254759
500,2.0,20,69,14.0000,0.252309
500,2.0,20,70,14.2000,0.254564
500,2.0,20,71,14.4000,0.260595
500,2.0,20,72,14.6000,0.262256
500,2.0,20,73,14.8000,0.263249
500,2.0,20,74,15.0000,0.254383
500,2.0,20,75,15.2000,0.244407
500,2.0,20,76,15.4000,0.240110
500,2.0,20,77,15.6000,0.235602
500,2.0,20,78,15.8000,0.227122
500,2.0,20,79,16.0000,0.229190
500,2.0,20,80,16.2000,0.224968
500,2.0,20,81,16.4000,0.215786
500,2.0,20,82,16.6000,0.200722
500,2.0,20,83,16.8000,0.192957
500,2.0,20,84,17.0000,0.191562
500,2.0,20,85,17.2000,0.184754
500,2.0,20,86,17.4000,0.186624
500,2.0,20,87,17.6000,0.189140
500,2.0,20,88,17.8000,0.192176
500,2.0,20,89,18.0000,0.197529
500,2.0,20,90,18.2000,0.205486
500,2.0,20,91,18.4000,0.196822
500,2.0,20,92,18.6000,0.177083
500,2.0,20,93,18.8000,0.163277
500,2.0,20,94,19.0000,0.153099
500,2.0,20,95,19.2000,0.142842
500,2.0,20,96,19.4000,0.145651
500,2.0,20,97,19.6000,0.148806
500,2.0,20,98,19.8000,0.150601
500,2.0,20,99,20.0000,0.152183
500,2.0,30,0,0.2000,1.800270
500,2.0,30,1,0.4000,1.048091
500,2.0,30,2,0.6000,1.243087
500,2.0,30,3,0.8000,1.146130
500,2.0,30,4,1.0000,2.155327
500,2.0,30,5,1.2000,1.873912
500,2.0,30,6,1.4000,1.617084
500,2.0,30,7,1.6000,1.450776
500,2.0,30,8,1.8000,1.203726
500,2.0,30,9,2.0000,0.950562
500,2.0,30,10,2.2000,0.869239
500,2.0,30,11,2.4000,0.741214
500,2.0,30,12,2.6000,0.669801
500,2.0,30,13,2.8000,0.596972
500,2.0,30,14,3.0000,0.561175
500,2.0,30,15,3.2000,0.544810
500,2.0,30,16,3.4000,0.547199
500,2.0,30,17,3.6000,0.526235
500,2.0,30,18,3.8000,0.474449
500,2.0,30,19,4.0000,0.558046
500,2.0,30,20,4.2000,0.570744
500,2.0,30,21,4.4000,0.604017
500,2.0,30,22,4.6000,0.625493
500,2.0,30,23,4.8000,0.639124
500,2.0,30,24,5.0000,0.645637
500,2.0,30,25,5.2000,0.660325
500,2.0,30,26,5.4000,0.616394
500,2.0,30,27,5.6000,0.627844
500,2.0,30,28,5.8000,0.653392
500,2.0,30,29,6.0000,0.679945
500,2.0,30,30,6.2000,0.637495
500,2.0,30,31,6.4000,0.609212
500,2.0,30,32,6.6000,0.559851
500,2.0,30,33,6.8000,0.521801
500,2.0,30,34,7.0000,0.494848
500,2.0,30,35,7.2000,0.450111
500,2.0,30,36,7.4000,0.418642
500,2.0,30,37,7.6000,0.400445
500,2.0,30,38,7.8000,0.364092
500,2.0,30,39,8.0000,0.324406
500,2.0,30,40,8.2000,0.299271
500,2.0,30,41,8.4000,0.289089
500,2.0,30,42,8.6000,0.309512
500,2.0,30,43,8.8000,0.290725
500,2.0,30,44,9.0000,0.262245
500,2.0,30,45,9.2000,0.241272
500,2.0,30,46,9.4000,0.221053
500,2.0,30,47,9.6000,0.198591
500,2.0,30,48,9.8000,0.200468
500,2.0,30,49,10.0000,0.197386
500,2.0,30,50,10.2000,0.200085
500,2.0,30,51,10.4000,0.205249
500,2.0,30,52,10.6000,0.209090
500,2.0,30,53,10.8000,0.198266
500,2.0,30,54,11.0000,0.188677
500,2.0,30,55,11.2000,0.176189
500,2.0,30,56,11.4000,0.168877
500,2.0,30,57,11.6000,0.168534
500,2.0,30,58,11.8000,0.169632
500,2.0,30,59,12.0000,0.173056
500,2.0,30,60,12.2000,0.178563
500,2.0,30,61,12.4000,0.177528
500,2.0,30,62,12.6000,0.182318
500,2.0,30,63,12.8000,0.186660
500,2.0,30,64,13.0000,0.179885
500,2.0,30,65,13.2000,0.175684
500,2.0,30,66,13.4000,0.164958
500,2.0,30,67,13.6000,0.156997
500,2.0,30,68,13.8000,0.148497
500,2.0,30,69,14.0000,0.144368
500,2.0,30,70,14.2000,0.139463
500,2.0,30,71,14.4000,0.151420
500,2.0,30,72,14.6000,0.140540
500,2.0,30,73,14.8000,0.148332
500,2.0,30,74,15.0000,0.157978
500,2.0,30,75,15.2000,0.170354
500,2.0,30,76,15.4000,0.167926
500,2.0,30,77,15.6000,0.170279
500,2.0,30,78,15.8000,0.171710
500,2.0,30,79,16.0000,0.173131
500,2.0,30,80,16.2000,0.175935
500,2.0,30,81,16.4000,0.180568
500,2.0,30,82,16.6000,0.181087
500,2.0,30,83,16.8000,0.170702
500,2.0,30,84,17.0000,0.161953
500,2.0,30,85,17.2000,0.165856
500,2.0,30,86,17.4000,0.167080
500,2.0,30,87,17.6000,0.157733
500,2.0,30,88,17.8000,0.153367
500,2.0,30,89,18.0000,0.147766
500,2.0,30,90,18.2000,0.151502
500,2.0,30,91,18.4000,0.150461
500,2.0,30,92,18.6000,0.146898
500,2.0,30,93,18.8000,0.148311
500,2.0,30,94,19.0000,0.150196
500,2.0,30,95,19.2000,0.152967
500,2.0,30,96,19.4000,0.158972
500,2.0,30,97,19.6000,0.149087
500,2.0,30,98,19.8000,0.148587
500,2.0,30,99,20.0000,0.147975
500,2.0,40,0,0.2000,1.817675
500,2.0,40,1,0.4000,1.126597
500,2.0,40,2,0.6000,1.148794
500,2.0,40,3,0.8000,1.504799
500,2.0,40,4,1.0000,1.220839
500,2.0,40,5,1.2000,1.019630
500,2.0,40,6,1.4000,0.872278
500,2.0,40,7,1.6000,0.771828
500,2.0,40,8,1.8000,0.466338
500,2.0,40,9,2.0000,0.361391
500,2.0,40,10,2.2000,0.349180
500,2.0,40,11,2.4000,0.362326
500,2.0,40,12,2.6000,0.309512
500,2.0,40,13,2.8000,0.279602
500,2.0,40,14,3.0000,0.342502
500,2.0,40,15,3.2000,0.381769
500,2.0,40,16,3.4000,0.389794
500,2.0,40,17,3.6000,0.405101
500,2.0,40,18,3.8000,0.432749
500,2.0,40,19,4.0000,0.434291
500,2.0,40,20,4.2000,0.381414
500,2.0,40,21,4.4000,0.343174
500,2.0,40,22,4.6000,0.328840
500,2.0,40,23,4.8000,0.305588
500,2.0,40,24,5.0000,0.350260
500,2.0,40,25,5.2000,0.386429
500,2.0,40,26,5.4000,0.359737
500,2.0,40,27,5.6000,0.345841
500,2.0,40,28,5.8000,0.321356
500,2.0,40,29,6.0000,0.291734
500,2.0,40,30,6.2000,0.283940
500,2.0,40,31,6.4000,0.277155
500,2.0,40,32,6.6000,0.277469
500,2.0,40,33,6.8000,0.272954
500,2.0,40,34,7.0000,0.273176
500,2.0,40,35,7.2000,0.264142
500,2.0,40,36,7.4000,0.231113
500,2.0,40,37,7.6000,0.218230
500,2.0,40,38,7.8000,0.203288
500,2.0,40,39,8.0000,0.185970
500,2.0,40,40,8.2000,0.171947
500,2.0,40,41,8.4000,0.178991
500,2.0,40,42,8.6000,0.183502
500,2.0,40,43,8.8000,0.188375
500,2.0,40,44,9.0000,0.174984
500,2.0,40,45,9.2000,0.173023
500,2.0,40,46,9.4000,0.187294
500,2.0,40,47,9.6000,0.185866
500,2.0,40,48,9.8000,0.169839
500,2.0,40,49,10.0000,0.186231
500,2.0,40,50,10.2000,0.204097
500,2.0,40,51,10.4000,0.189135
500,2.0,40,52,10.6000,0.165023
500,2.0,40,53,10.8000,0.143996
500,2.0,40,54,11.0000,0.123847
500,2.0,40,55,11.2000,0.115950
500,2.0,40,56,11.4000,0.125297
500,2.0,40,57,11.6000,0.137503
500,2.0,40,58,11.8000,0.150547
500,2.0,40,59,12.0000,0.135611
500,2.0,40,60,12.2000,0.121012
500,2.0,40,61,12.4000,0.101401
500,2.0,40,62,12.6000,0.094208
500,2.0,40,63,12.8000,0.089692
500,2.0,40,64,13.0000,0.086760
500,2.0,40,65,13.2000,0.079413
500,2.0,40,66,13.4000,0.079464
500,2.0,40,67,13.6000,0.076947
500,2.0,40,68,13.8000,0.079870
500,2.0,40,69,14.0000,0.081749
500,2.0,40,70,14.2000,0.084870
500,2.0,40,71,14.4000,0.082530
500,2.0,40,72,14.6000,0.081904
500,2.0,40,73,14.8000,0.082868
500,2.0,40,74,15.0000,0.086586
500,2.0,40,75,15.2000,0.087107
500,2.0,40,76,15.4000,0.090652
500,2.0,40,77,15.6000,0.090852
500,2.0,40,78,15.8000,0.095220
500,2.0,40,79,16.0000,0.099839
500,2.0,40,80,16.2000,0.101923
500,2.0,40,81,16.4000,0.105902
500,2.0,40,82,16.6000,0.105603
500,2.0,40,83,16.8000,0.099259
500,2.0,40,84,17.0000,0.093881
500,2.0,40,85,17.2000,0.094269
500,2.0,40,86,17.4000,0.096470
500,2.0,40,87,17.6000,0.099881
500,2.0,40,88,17.8000,0.095093
500,2.0,40,89,18.0000,0.091379
500,2.0,40,90,18.2000,0.086701
500,2.0,40,91,18.4000,0.079454
500,2.0,40,92,18.6000,0.076545
500,2.0,40,93,18.8000,0.076183
500,2.0,40,94,19.0000,0.072284
500,2.0,40,95,19.2000,0.069162
500,2.0,40,96,19.4000,0.070882
500,2.0,40,97,19.6000,0.073523
500,2.0,40,98,19.8000,0.078775
500,2.0,40,99,20.0000,0.082873
500,2.0,50,0,0.2000,1.691431
500,2.0,50,1,0.4000,1.127769
500,2.0,50,2,0.6000,0.646208
500,2.0,50,3,0.8000,1.319512
500,2.0,50,4,1.0000,1.475601
500,2.0,50,5,1.2000,2.371351
500,2.0,50,6,1.4000,2.038276
500,2.0,50,7,1.6000,1.830164
500,2.0,50,8,1.8000,1.513901
500,2.0,50,9,2.0000,1.392563
500,2.0,50,10,2.2000,1.196963
500,2.0,50,11,2.4000,1.013143
500,2.0,50,12,2.6000,0.887308
500,2.0,50,13,2.8000,0.784410
500,2.0,50,14,3.0000,0.714048
500,2.0,50,15,3.2000,0.785064
500,2.0,50,16,3.4000,0.741645
500,2.0,50,17,3.6000,0.824655
500,2.0,50,18,3.8000,0.819909
500,2.0,50,19,4.0000,0.723959
500,2.0,50,20,4.2000,0.689657
500,2.0,50,21,4.4000,0.663532
500,2.0,50,22,4.6000,0.637645
500,2.0,50,23,4.8000,0.610090
500,2.0,50,24,5.0000,0.606421
500,2.0,50,25,5.2000,0.610295
500,2.0,50,26,5.4000,0.621246
500,2.0,50,27,5.6000,0.628285
500,2.0,50,28,5.8000,0.582742
500,2.0,50,29,6.0000,0.519188
500,2.0,50,30,6.2000,0.477793
500,2.0,50,31,6.4000,0.453281
500,2.0,50,32,6.6000,0.426490
500,2.0,50,33,6.8000,0.444005
500,2.0,50,34,7.0000,0.415690
500,2.0,50,35,7.2000,0.391848
500,2.0,50,36,7.4000,0.377408
500,2.0,50,37,7.6000,0.381684
500,2.0,50,38,7.8000,0.358194
500,2.0,50,39,8.0000,0.331167
500,2.0,50,40,8.2000,0.344411
500,2.0,50,41,8.4000,0.343535
500,2.0,50,42,8.6000,0.318072
500,2.0,50,43,8.8000,0.305429
500,2.0,50,44,9.0000,0.270394
500,2.0,50,45,9.2000,0.249058
500,2.0,50,46,9.4000,0.233867
500,2.0,50,47,9.6000,0.220075
500,2.0,50,48,9.8000,0.198354
500,2.0,50,49,10.0000,0.168272
500,2.0,50,50,10.2000,0.169268
500,2.0,50,51,10.4000,0.175172
500,2.0,50,52,10.6000,0.185767
500,2.0,50,53,10.8000,0.199564
500,2.0,50,54,11.0000,0.212082
500,2.0,50,55,11.2000,0.222612
500,2.0,50,56,11.4000,0.208272
500,2.0,50,57,11.6000,0.235163
500,2.0,50,58,11.8000,0.221354
500,2.0,50,59,12.0000,0.209939
500,2.0,50,60,12.2000,0.195560
500,2.0,50,61,12.4000,0.196674
500,2.0,50,62,12.6000,0.195741
500,2.0,50,63,12.8000,0.186770
500,2.0,50,64,13.0000,0.181100
500,2.0,50,65,13.2000,0.171933
500,2.0,50,66,13.4000,0.163552
500,2.0,50,67,13.6000,0.164515
500,2.0,50,68,13.8000,0.167835
500,2.0,50,69,14.0000,0.170128
500,2.0,50,70,14.2000,0.172773
500,2.0,50,71,14.4000,0.177035
500,2.0,50,72,14.6000,0.181042
500,2.0,50,73,14.8000,0.168054
500,2.0,50,74,15.0000,0.154806
500,2.0,50,75,15.2000,0.137843
500,2.0,50,76,15.4000,0.141234
500,2.0,50,77,15.6000,0.140220
500,2.0,50,78,15.8000,0.142732
500,2.0,50,79,16.0000,0.146580
500,2.0,50,80,16.2000,0.150314
500,2.0,50,81,16.4000,0.160955
500,2.0,50,82,16.6000,0.171298
500,2.0,50,83,16.8000,0.182801
500,2.0,50,84,17.0000,0.188031
500,2.0,50,85,17.2000,0.192010
500,2.0,50,86,17.4000,0.192082
500,2.0,50,87,17.6000,0.193931
500,2.0,50,88,17.8000,0.186711
500,2.0,50,89,18.0000,0.181312
500,2.0,50,90,18.2000,0.187741
500,2.0,50,91,18.4000,0.194471
500,2.0,50,92,18.6000,0.178672
500,2.0,50,93,18.8000,0.185220
500,2.0,50,94,19.0000,0.184557
500,2.0,50,95,19.2000,0.193192
500,2.0,50,96,19.4000,0.201214
500,2.0,50,97,19.6000,0.206819
500,2.0,50,98,19.8000,0.213982
500,2.0,50,99,20.0000,0.226495
500,2.0,60,0,0.2000,1.824204
500,2.0,60,1,0.4000,0.750426
500,2.0,60,2,0.6000,0.584125
500,2.0,60,3,0.8000,0.673449
500,2.0,60,4,1.0000,0.670587
500,2.0,60,5,1.2000,0.765693
500,2.0,60,6,1.4000,2.803851
500,2.0,60,7,1.6000,2.288800
500,2.0,60,8,1.8000,1.993599
500,2.0,60,9,2.0000,1.921724
500,2.0,60,10,2.2000,1.788240
500,2.0,60,11,2.4000,1.609124
500,2.0,60,12,2.6000,1.475115
500,2.0,60,13,2.8000,1.300209
500,2.0,60,14,3.0000,1.112579
500,2.0,60,15,3.2000,1.036231
500,2.0,60,16,3.4000,0.926789
500,2.0,60,17,3.6000,0.830329
500,2.0,60,18,3.8000,0.691093
500,2.0,60,19,4.0000,0.639318
500,2.0,60,20,4.2000,0.619486
500,2.0,60,21,4.4000,0.582781
500,2.0,60,22,4.6000,0.585164
500,2.0,60,23,4.8000,0.604234
500,2.0,60,24,5.0000,0.582778
500,2.0,60,25,5.2000,0.528830
500,2.0,60,26,5.4000,0.439403
500,2.0,60,27,5.6000,0.369657
500,2.0,60,28,5.8000,0.325166
500,2.0,60,29,6.0000,0.327891
500,2.0,60,30,6.2000,0.331947
500,2.0,60,31,6.4000,0.353409
500,2.0,60,32,6.6000,0.373231
500,2.0,60,33,6.8000,0.395813
500,2.0,60,34,7.0000,0.375408
500,2.0,60,35,7.2000,0.293968
500,2.0,60,36,7.4000,0.244269
500,2.0,60,37,7.6000,0.217562
500,2.0,60,38,7.8000,0.203714
500,2.0,60,39,8.0000,0.198637
500,2.0,60,40,8.2000,0.205495
500,2.0,60,41,8.4000,0.231397
500,2.0,60,42,8.6000,0.206734
500,2.0,60,43,8.8000,0.191612
500,2.0,60,44,9.0000,0.160487
500,2.0,60,45,9.2000,0.147478
500,2.0,60,46,9.4000,0.147746
500,2.0,60,47,9.6000,0.154151
500,2.0,60,48,9.8000,0.158866
500,2.0,60,49,10.0000,0.158356
500,2.0,60,50,10.2000,0.173278
500,2.0,60,51,10.4000,0.177123
500,2.0,60,52,10.6000,0.155666
500,2.0,60,53,10.8000,0.141879
500,2.0,60,54,11.0000,0.135805
500,2.0,60,55,11.2000,0.147231
500,2.0,60,56,11.4000,0.145685
500,2.0,60,57,11.6000,0.136999
500,2.0,60,58,11.8000,0.136472
500,2.0,60,59,12.0000,0.138075
500,2.0,60,60,12.2000,0.139071
500,2.0,60,61,12.4000,0.140245
500,2.0,60,62,12.6000,0.154950
500,2.0,60,63,12.8000,0.168933
500,2.0,60,64,13.0000,0.197821
500,2.0,60,65,13.2000,0.206191
500,2.0,60,66,13.4000,0.212832
500,2.0,60,67,13.6000,0.222338
500,2.0,60,68,13.8000,0.219917
500,2.0,60,69,14.0000,0.213717
500,2.0,60,70,14.2000,0.199975
500,2.0,60,71,14.4000,0.185809
500,2.0,60,72,14.6000,0.172024
500,2.0,60,73,14.8000,0.157684
500,2.0,60,74,15.0000,0.141686
500,2.0,60,75,15.2000,0.141351
500,2.0,60,76,15.4000,0.145139
500,2.0,60,77,15.6000,0.151883
500,2.0,60,78,15.8000,0.155305
500,2.0,60,79,16.0000,0.159421
500,2.0,60,80,16.2000,0.163615
500,2.0,60,81,16.4000,0.154724
500,2.0,60,82,16.6000,0.147931
500,2.0,60,83,16.8000,0.138686
500,2.0,60,84,17.0000,0.132319
500,2.0,60,85,17.2000,0.127677
500,2.0,60,86,17.4000,0.117832
500,2.0,60,87,17.6000,0.115533
500,2.0,60,88,17.8000,0.118426
500,2.0,60,89,18.0000,0.124159
500,2.0,60,90,18.2000,0.134246
500,2.0,60,91,18.4000,0.143369
500,2.0,60,92,18.6000,0.151388
500,2.0,60,93,18.8000,0.157599
500,2.0,60,94,19.0000,0.164477
500,2.0,60,95,19.2000,0.163700
500,2.0,60,96,19.4000,0.164042
500,2.0,60,97,19.6000,0.154099
500,2.0,60,98,19.8000,0.148102
500,2.0,60,99,20.0000,0.142629
500,2.0,70,0,0.2000,1.448622
500,2.0,70,1,0.4000,0.832819
500,2.0,70,2,0.6000,0.904950
500,2.0,70,3,0.8000,2.493581
500,2.0,70,4,1.0000,2.014250
500,2.0,70,5,1.2000,1.913828
500,2.0,70,6,1.4000,1.551681
500,2.0,70,7,1.6000,1.045050
500,2.0,70,8,1.8000,0.894340
500,2.0,70,9,2.0000,0.668627
500,2.0,70,10,2.2000,0.594461
500,2.0,70,11,2.4000,0.502166
500,2.0,70,12,2.6000,0.431656
500,2.0,70,13,2.8000,0.353972
500,2.0,70,14,3.0000,0.332898
500,2.0,70,15,3.2000,0.425798
500,2.0,70,16,3.4000,0.317749
500,2.0,70,17,3.6000,0.288429
500,2.0,70,18,3.8000,0.228487
500,2.0,70,19,4.0000,0.215977
500,2.0,70,20,4.2000,0.219049
500,2.0,70,21,4.4000,0.280318
500,2.0,70,22,4.6000,0.274845
500,2.0,70,23,4.8000,0.256174
500,2.0,70,24,5.0000,0.259244
500,2.0,70,25,5.2000,0.345482
500,2.0,70,26,5.4000,0.426089
500,2.0,70,27,5.6000,0.351676
500,2.0,70,28,5.8000,0.292559
500,2.0,70,29,6.0000,0.243560
500,2.0,70,30,6.2000,0.230468
500,2.0,70,31,6.4000,0.213171
500,2.0,70,32,6.6000,0.188854
500,2.0,70,33,6.8000,0.165039
500,2.0,70,34,7.0000,0.162016
500,2.0,70,35,7.2000,0.163888
500,2.0,70,36,7.4000,0.193698
500,2.0,70,37,7.6000,0.211294
500,2.0,70,38,7.8000,0.265604
500,2.0,70,39,8.0000,0.282432
500,2.0,70,40,8.2000,0.272221
500,2.0,70,41,8.4000,0.293861
500,2.0,70,42,8.6000,0.291686
500,2.0,70,43,8.8000,0.289220
500,2.0,70,44,9.0000,0.275117
500,2.0,70,45,9.2000,0.276439
500,2.0,70,46,9.4000,0.270393
500,2.0,70,47,9.6000,0.277497
500,2.0,70,48,9.8000,0.270396
500,2.0,70,49,10.0000,0.260922
500,2.0,70,50,10.2000,0.253931
500,2.0,70,51,10.4000,0.250028
500,2.0,70,52,10.6000,0.256566
500,2.0,70,53,10.8000,0.266223
500,2.0,70,54,11.0000,0.265371
500,2.0,70,55,11.2000,0.267547
500,2.0,70,56,11.4000,0.254541
500,2.0,70,57,11.6000,0.245114
500,2.0,70,58,11.8000,0.232808
500,2.0,70,59,12.0000,0.220722
500,2.0,70,60,12.2000,0.207643
500,2.0,70,61,12.4000,0.191377
500,2.0,70,62,12.6000,0.180772
500,2.0,70,63,12.8000,0.174330
500,2.0,70,64,13.0000,0.166530
500,2.0,70,65,13.2000,0.148578
500,2.0,70,66,13.4000,0.140182
500,2.0,70,67,13.6000,0.138335
500,2.0,70,68,13.8000,0.143888
500,2.0,70,69,14.0000,0.149211
500,2.0,70,70,14.2000,0.151330
500,2.0,70,71,14.4000,0.146521
500,2.0,70,72,14.6000,0.154642
500,2.0,70,73,14.8000,0.146148
500,2.0,70,74,15.0000,0.135262
500,2.0,70,75,15.2000,0.126586
500,2.0,70,76,15.4000,0.127348
500,2.0,70,77,15.6000,0.129121
500,2.0,70,78,15.8000,0.129437
500,2.0,70,79,16.0000,0.135166
500,2.0,70,80,16.2000,0.139425
500,2.0,70,81,16.4000,0.142812
500,2.0,70,82,16.6000,0.150369
500,2.0,70,83,16.8000,0.159115
500,2.0,70,84,17.0000,0.170444
500,2.0,70,85,17.2000,0.175932
500,2.0,70,86,17.4000,0.180923
500,2.0,70,87,17.6000,0.183939
500,2.0,70,88,17.8000,0.179188
500,2.0,70,89,18.0000,0.177502
500,2.0,70,90,18.2000,0.182214
500,2.0,70,91,18.4000,0.179486
500,2.0,70,92,18.6000,0.176970
500,2.0,70,93,18.8000,0.176314
500,2.0,70,94,19.0000,0.174965
500,2.0,70,95,19.2000,0.175165
500,2.0,70,96,19.4000,0.175531
500,2.0,70,97,19.6000,0.175797
500,2.0,70,98,19.8000,0.177545
500,2.0,70,99,20.0000,0.180307
500,2.0,80,0,0.2000,1.624198
500,2.0,80,1,0.4000,0.631191
500,2.0,80,2,0.6000,1.926531
500,2.0,80,3,0.8000,0.979215
500,2.0,80,4,1.0000,0.683838
500,2.0,80,5,1.2000,0.538218
500,2.0,80,6,1.4000,0.715770
500,2.0,80,7,1.6000,1.006377
500,2.0,80,8,1.8000,0.549770
500,2.0,80,9,2.0000,0.421814
500,2.0,80,10,2.2000,0.346535
500,2.0,80,11,2.4000,0.341786
500,2.0,80,12,2.6000,0.369491
500,2.0,80,13,2.8000,0.419664
500,2.0,80,14,3.0000,0.463931
500,2.0,80,15,3.2000,0.539029
500,2.0,80,16,3.4000,0.547621
500,2.0,80,17,3.6000,0.560435
500,2.0,80,18,3.8000,0.592717
500,2.0,80,19,4.0000,0.597310
500,2.0,80,20,4.2000,0.629625
500,2.0,80,21,4.4000,0.672408
500,2.0,80,22,4.6000,0.723383
500,2.0,80,23,4.8000,0.729906
500,2.0,80,24,5.0000,0.727970
500,2.0,80,25,5.2000,0.775990
500,2.0,80,26,5.4000,0.816836
500,2.0,80,27,5.6000,0.861309
500,2.0,80,28,5.8000,0.868781
500,2.0,80,29,6.0000,0.863613
500,2.0,80,30,6.2000,0.850484
500,2.0,80,31,6.4000,0.839046
500,2.0,80,32,6.6000,0.874936
500,2.0,80,33,6.8000,0.925228
500,2.0,80,34,7.0000,0.977523
500,2.0,80,35,7.2000,0.987376
500,2.0,80,36,7.4000,0.954406
500,2.0,80,37,7.6000,0.913675
500,2.0,80,38,7.8000,0.874841
500,2.0,80,39,8.0000,0.851365
500,2.0,80,40,8.2000,0.828208
500,2.0,80,41,8.4000,0.780386
500,2.0,80,42,8.6000,0.748707
500,2.0,80,43,8.8000,0.731644
500,2.0,80,44,9.0000,0.678417
500,2.0,80,45,9.2000,0.653635
500,2.0,80,46,9.4000,0.632134
500,2.0,80,47,9.6000,0.614770
500,2.0,80,48,9.8000,0.602225
500,2.0,80,49,10.0000,0.573850
500,2.0,80,50,10.2000,0.574919
500,2.0,80,51,10.4000,0.579091
500,2.0,80,52,10.6000,0.560711
500,2.0,80,53,10.8000,0.549973
500,2.0,80,54,11.0000,0.550864
500,2.0,80,55,11.2000,0.546614
500,2.0,80,56,11.4000,0.532181
500,2.0,80,57,11.6000,0.517902
500,2.0,80,58,11.8000,0.498910
500,2.0,80,59,12.0000,0.483552
500,2.0,80,60,12.2000,0.514004
500,2.0,80,61,12.4000,0.531620
500,2.0,80,62,12.6000,0.525699
500,2.0,80,63,12.8000,0.537703
500,2.0,80,64,13.0000,0.529031
500,2.0,80,65,13.2000,0.511485
500,2.0,80,66,13.4000,0.502858
500,2.0,80,67,13.6000,0.495815
500,2.0,80,68,13.8000,0.476202
500,2.0,80,69,14.0000,0.460147
500,2.0,80,70,14.2000,0.467681
500,2.0,80,71,14.4000,0.481562
500,2.0,80,72,14.6000,0.466516
500,2.0,80,73,14.8000,0.467797
500,2.0,80,74,15.0000,0.468238
500,2.0,80,75,15.2000,0.486493
500,2.0,80,76,15.4000,0.495376
500,2.0,80,77,15.6000,0.509649
500,2.0,80,78,15.8000,0.508142
500,2.0,80,79,16.0000,0.496555
500,2.0,80,80,16.2000,0.487006
500,2.0,80,81,16.4000,0.478376
500,2.0,80,82,16.6000,0.468934
500,2.0,80,83,16.8000,0.458213
500,2.0,80,84,17.0000,0.443937
500,2.0,80,85,17.2000,0.436054
500,2.0,80,86,17.4000,0.438341
500,2.0,80,87,17.6000,0.424691
500,2.0,80,88,17.8000,0.409605
500,2.0,80,89,18.0000,0.400434
500,2.0,80,90,18.2000,0.392023
500,2.0,80,91,18.4000,0.398966
500,2.0,80,92,18.6000,0.383824
500,2.0,80,93,18.8000,0.378952
500,2.0,80,94,19.0000,0.367981
500,2.0,80,95,19.2000,0.363578
500,2.0,80,96,19.4000,0.359418
500,2.0,80,97,19.6000,0.353456
500,2.0,80,98,19.8000,0.351888
500,2.0,80,99,20.0000,0.342798
500,2.0,90,0,0.2000,1.849851
500,2.0,90,1,0.4000,1.835189
500,2.0,90,2,0.6000,1.260571
500,2.0,90,3,0.8000,2.496431
500,2.0,90,4,1.0000,1.992172
500,2.0,90,5,1.2000,1.657033
500,2.0,90,6,1.4000,1.481884
500,2.0,90,7,1.6000,1.391255
500,2.0,90,8,1.8000,1.229845
500,2.0,90,9,2.0000,1.139951
500,2.0,90,10,2.2000,0.976194
500,2.0,90,11,2.4000,0.932275
500,2.0,90,12,2.6000,0.859513
500,2.0,90,13,2.8000,0.810767
500,2.0,90,14,3.0000,0.788448
500,2.0,90,15,3.2000,0.768309
500,2.0,90,16,3.4000,0.716754
500,2.0,90,17,3.6000,0.728757
500,2.0,90,18,3.8000,0.692365
500,2.0,90,19,4.0000,0.662692
500,2.0,90,20,4.2000,0.641687
500,2.0,90,21,4.4000,0.636694
500,2.0,90,22,4.6000,0.627872
500,2.0,90,23,4.8000,0.610879
500,2.0,90,24,5.0000,0.618497
500,2.0,90,25,5.2000,0.626613
500,2.0,90,26,5.4000,0.640125
500,2.0,90,27,5.6000,0.607485
500,2.0,90,28,5.8000,0.626517
500,2.0,90,29,6.0000,0.537348
500,2.0,90,30,6.2000,0.493691
500,2.0,90,31,6.4000,0.457656
500,2.0,90,32,6.6000,0.405006
500,2.0,90,33,6.8000,0.425473
500,2.0,90,34,7.0000,0.443254
500,2.0,90,35,7.2000,0.453452
500,2.0,90,36,7.4000,0.457247
500,2.0,90,37,7.6000,0.428109
500,2.0,90,38,7.8000,0.387465
500,2.0,90,39,8.0000,0.353165
500,2.0,90,40,8.2000,0.343831
500,2.0,90,41,8.4000,0.356762
500,2.0,90,42,8.6000,0.369900
500,2.0,90,43,8.8000,0.392454
500,2.0,90,44,9.0000,0.408515
500,2.0,90,45,9.2000,0.432658
500,2.0,90,46,9.4000,0.445855
500,2.0,90,47,9.6000,0.444806
500,2.0,90,48,9.8000,0.439942
500,2.0,90,49,10.0000,0.412814
500,2.0,90,50,10.2000,0.405941
500,2.0,90,51,10.4000,0.411302
500,2.0,90,52,10.6000,0.417165
500,2.0,90,53,10.8000,0.421982
500,2.0,90,54,11.0000,0.401892
500,2.0,90,55,11.2000,0.399932
500,2.0,90,56,11.4000,0.406695
500,2.0,90,57,11.6000,0.418412
500,2.0,90,58,11.8000,0.425409
500,2.0,90,59,12.0000,0.433514
500,2.0,90,60,12.2000,0.444942
500,2.0,90,61,12.4000,0.460985
500,2.0,90,62,12.6000,0.444551
500,2.0,90,63,12.8000,0.430252
500,2.0,90,64,13.0000,0.408646
500,2.0,90,65,13.2000,0.395335
500,2.0,90,66,13.4000,0.373625
500,2.0,90,67,13.6000,0.352772
500,2.0,90,68,13.8000,0.345272
500,2.0,90,69,14.0000,0.337957
500,2.0,90,70,14.2000,0.345056
500,2.0,90,71,14.4000,0.349388
500,2.0,90,72,14.6000,0.333205
500,2.0,90,73,14.8000,0.321079
500,2.0,90,74,15.0000,0.321588
500,2.0,90,75,15.2000,0.318083
500,2.0,90,76,15.4000,0.323815
500,2.0,90,77,15.6000,0.330692
500,2.0,90,78,15.8000,0.336293
500,2.0,90,79,16.0000,0.336410
500,2.0,90,80,16.2000,0.341363
500,2.0,90,81,16.4000,0.353541
500,2.0,90,82,16.6000,0.350061
500,2.0,90,83,16.8000,0.336424
500,2.0,90,84,17.0000,0.330843
500,2.0,90,85,17.2000,0.335679
500,2.0,90,86,17.4000,0.336816
500,2.0,90,87,17.6000,0.338806
500,2.0,90,88,17.8000,0.326387
500,2.0,90,89,18.0000,0.311340
500,2.0,90,90,18.2000,0.301385
500,2.0,90,91,18.4000,0.308830
500,2.0,90,92,18.6000,0.305956
500,2.0,90,93,18.8000,0.302088
500,2.0,90,94,19.0000,0.307610
500,2.0,90,95,19.2000,0.310031
500,2.0,90,96,19.4000,0.315518
500,2.0,90,97,19.6000,0.306316
500,2.0,90,98,19.8000,0.307901
500,2.0,90,99,20.0000,0.312320
